
dhrystone.riscv:     file format elf32-littleriscv


Disassembly of section .text.init:

80000000 <_start>:
80000000:	00000093          	li	ra,0
80000004:	00000113          	li	sp,0
80000008:	00000193          	li	gp,0
8000000c:	00000213          	li	tp,0
80000010:	00000293          	li	t0,0
80000014:	00000313          	li	t1,0
80000018:	00000393          	li	t2,0
8000001c:	00000413          	li	s0,0
80000020:	00000493          	li	s1,0
80000024:	00000513          	li	a0,0
80000028:	00000593          	li	a1,0
8000002c:	00000613          	li	a2,0
80000030:	00000693          	li	a3,0
80000034:	00000713          	li	a4,0
80000038:	00000793          	li	a5,0
8000003c:	00000813          	li	a6,0
80000040:	00000893          	li	a7,0
80000044:	00000913          	li	s2,0
80000048:	00000993          	li	s3,0
8000004c:	00000a13          	li	s4,0
80000050:	00000a93          	li	s5,0
80000054:	00000b13          	li	s6,0
80000058:	00000b93          	li	s7,0
8000005c:	00000c13          	li	s8,0
80000060:	00000c93          	li	s9,0
80000064:	00000d13          	li	s10,0
80000068:	00000d93          	li	s11,0
8000006c:	00000e13          	li	t3,0
80000070:	00000e93          	li	t4,0
80000074:	00000f13          	li	t5,0
80000078:	00000f93          	li	t6,0
8000007c:	0181e2b7          	lui	t0,0x181e
80000080:	3002a073          	csrs	mstatus,t0
80000084:	00100293          	li	t0,1
80000088:	01f29293          	slli	t0,t0,0x1f
8000008c:	0002ca63          	bltz	t0,800000a0 <_start+0xa0>
80000090:	00100513          	li	a0,1
80000094:	00001297          	auipc	t0,0x1
80000098:	f6a2a623          	sw	a0,-148(t0) # 80001000 <tohost>
8000009c:	ff5ff06f          	j	80000090 <_start+0x90>
800000a0:	00000297          	auipc	t0,0x0
800000a4:	04428293          	addi	t0,t0,68 # 800000e4 <trap_entry>
800000a8:	30529073          	csrw	mtvec,t0
800000ac:	00005197          	auipc	gp,0x5
800000b0:	fbc18193          	addi	gp,gp,-68 # 80005068 <__global_pointer$>
800000b4:	00007217          	auipc	tp,0x7
800000b8:	00b20213          	addi	tp,tp,11 # 800070bf <_end+0x3f>
800000bc:	fc027213          	andi	tp,tp,-64
800000c0:	f1402573          	csrr	a0,mhartid
800000c4:	00100593          	li	a1,1
800000c8:	00b57063          	bgeu	a0,a1,800000c8 <_start+0xc8>
800000cc:	00150113          	addi	sp,a0,1
800000d0:	01111113          	slli	sp,sp,0x11
800000d4:	00410133          	add	sp,sp,tp
800000d8:	01151613          	slli	a2,a0,0x11
800000dc:	00c20233          	add	tp,tp,a2
800000e0:	4cd0206f          	j	80002dac <_init>

800000e4 <trap_entry>:
800000e4:	ef010113          	addi	sp,sp,-272
800000e8:	00112223          	sw	ra,4(sp)
800000ec:	00212423          	sw	sp,8(sp)
800000f0:	00312623          	sw	gp,12(sp)
800000f4:	00412823          	sw	tp,16(sp)
800000f8:	00512a23          	sw	t0,20(sp)
800000fc:	00612c23          	sw	t1,24(sp)
80000100:	00712e23          	sw	t2,28(sp)
80000104:	02812023          	sw	s0,32(sp)
80000108:	02912223          	sw	s1,36(sp)
8000010c:	02a12423          	sw	a0,40(sp)
80000110:	02b12623          	sw	a1,44(sp)
80000114:	02c12823          	sw	a2,48(sp)
80000118:	02d12a23          	sw	a3,52(sp)
8000011c:	02e12c23          	sw	a4,56(sp)
80000120:	02f12e23          	sw	a5,60(sp)
80000124:	05012023          	sw	a6,64(sp)
80000128:	05112223          	sw	a7,68(sp)
8000012c:	05212423          	sw	s2,72(sp)
80000130:	05312623          	sw	s3,76(sp)
80000134:	05412823          	sw	s4,80(sp)
80000138:	05512a23          	sw	s5,84(sp)
8000013c:	05612c23          	sw	s6,88(sp)
80000140:	05712e23          	sw	s7,92(sp)
80000144:	07812023          	sw	s8,96(sp)
80000148:	07912223          	sw	s9,100(sp)
8000014c:	07a12423          	sw	s10,104(sp)
80000150:	07b12623          	sw	s11,108(sp)
80000154:	07c12823          	sw	t3,112(sp)
80000158:	07d12a23          	sw	t4,116(sp)
8000015c:	07e12c23          	sw	t5,120(sp)
80000160:	07f12e23          	sw	t6,124(sp)
80000164:	34202573          	csrr	a0,mcause
80000168:	341025f3          	csrr	a1,mepc
8000016c:	00010613          	mv	a2,sp
80000170:	0ad020ef          	jal	80002a1c <handle_trap>
80000174:	34151073          	csrw	mepc,a0
80000178:	000022b7          	lui	t0,0x2
8000017c:	80028293          	addi	t0,t0,-2048 # 1800 <buflen.1+0x17c0>
80000180:	3002a073          	csrs	mstatus,t0
80000184:	00412083          	lw	ra,4(sp)
80000188:	00812103          	lw	sp,8(sp)
8000018c:	00c12183          	lw	gp,12(sp)
80000190:	01012203          	lw	tp,16(sp)
80000194:	01412283          	lw	t0,20(sp)
80000198:	01812303          	lw	t1,24(sp)
8000019c:	01c12383          	lw	t2,28(sp)
800001a0:	02012403          	lw	s0,32(sp)
800001a4:	02412483          	lw	s1,36(sp)
800001a8:	02812503          	lw	a0,40(sp)
800001ac:	02c12583          	lw	a1,44(sp)
800001b0:	03012603          	lw	a2,48(sp)
800001b4:	03412683          	lw	a3,52(sp)
800001b8:	03812703          	lw	a4,56(sp)
800001bc:	03c12783          	lw	a5,60(sp)
800001c0:	04012803          	lw	a6,64(sp)
800001c4:	04412883          	lw	a7,68(sp)
800001c8:	04812903          	lw	s2,72(sp)
800001cc:	04c12983          	lw	s3,76(sp)
800001d0:	05012a03          	lw	s4,80(sp)
800001d4:	05412a83          	lw	s5,84(sp)
800001d8:	05812b03          	lw	s6,88(sp)
800001dc:	05c12b83          	lw	s7,92(sp)
800001e0:	06012c03          	lw	s8,96(sp)
800001e4:	06412c83          	lw	s9,100(sp)
800001e8:	06812d03          	lw	s10,104(sp)
800001ec:	06c12d83          	lw	s11,108(sp)
800001f0:	07012e03          	lw	t3,112(sp)
800001f4:	07412e83          	lw	t4,116(sp)
800001f8:	07812f03          	lw	t5,120(sp)
800001fc:	07c12f83          	lw	t6,124(sp)
80000200:	11010113          	addi	sp,sp,272
80000204:	30200073          	mret

Disassembly of section .text:

80002000 <Proc_7>:
80002000:	00250513          	addi	a0,a0,2
80002004:	00b50533          	add	a0,a0,a1
80002008:	00a62023          	sw	a0,0(a2)
8000200c:	00008067          	ret

80002010 <Proc_8>:
80002010:	00560713          	addi	a4,a2,5
80002014:	0c800813          	li	a6,200
80002018:	03070833          	mul	a6,a4,a6
8000201c:	00261613          	slli	a2,a2,0x2
80002020:	00271793          	slli	a5,a4,0x2
80002024:	00f50533          	add	a0,a0,a5
80002028:	00d52023          	sw	a3,0(a0)
8000202c:	06e52c23          	sw	a4,120(a0)
80002030:	00d52223          	sw	a3,4(a0)
80002034:	00c807b3          	add	a5,a6,a2
80002038:	00f587b3          	add	a5,a1,a5
8000203c:	0107a683          	lw	a3,16(a5)
80002040:	00e7aa23          	sw	a4,20(a5)
80002044:	00e7ac23          	sw	a4,24(a5)
80002048:	00168713          	addi	a4,a3,1
8000204c:	00e7a823          	sw	a4,16(a5)
80002050:	00052683          	lw	a3,0(a0)
80002054:	010585b3          	add	a1,a1,a6
80002058:	00c585b3          	add	a1,a1,a2
8000205c:	000017b7          	lui	a5,0x1
80002060:	00b787b3          	add	a5,a5,a1
80002064:	00500713          	li	a4,5
80002068:	fad7aa23          	sw	a3,-76(a5) # fb4 <buflen.1+0xf74>
8000206c:	82e1a223          	sw	a4,-2012(gp) # 8000488c <Int_Glob>
80002070:	00008067          	ret

80002074 <Func_1>:
80002074:	0ff57513          	zext.b	a0,a0
80002078:	0ff5f593          	zext.b	a1,a1
8000207c:	00b50663          	beq	a0,a1,80002088 <Func_1+0x14>
80002080:	00000513          	li	a0,0
80002084:	00008067          	ret
80002088:	80a18ea3          	sb	a0,-2019(gp) # 80004885 <Ch_1_Glob>
8000208c:	00100513          	li	a0,1
80002090:	00008067          	ret

80002094 <Func_2>:
80002094:	fe010113          	addi	sp,sp,-32
80002098:	00812c23          	sw	s0,24(sp)
8000209c:	00912a23          	sw	s1,20(sp)
800020a0:	01212823          	sw	s2,16(sp)
800020a4:	01312623          	sw	s3,12(sp)
800020a8:	00112e23          	sw	ra,28(sp)
800020ac:	00050413          	mv	s0,a0
800020b0:	00058493          	mv	s1,a1
800020b4:	00300993          	li	s3,3
800020b8:	00200913          	li	s2,2
800020bc:	0034c583          	lbu	a1,3(s1)
800020c0:	00244503          	lbu	a0,2(s0)
800020c4:	fb1ff0ef          	jal	80002074 <Func_1>
800020c8:	40a98533          	sub	a0,s3,a0
800020cc:	ff2508e3          	beq	a0,s2,800020bc <Func_2+0x28>
800020d0:	00048593          	mv	a1,s1
800020d4:	00040513          	mv	a0,s0
800020d8:	62d000ef          	jal	80002f04 <strcmp>
800020dc:	00000793          	li	a5,0
800020e0:	00a05863          	blez	a0,800020f0 <Func_2+0x5c>
800020e4:	00a00793          	li	a5,10
800020e8:	82f1a223          	sw	a5,-2012(gp) # 8000488c <Int_Glob>
800020ec:	00100793          	li	a5,1
800020f0:	01c12083          	lw	ra,28(sp)
800020f4:	01812403          	lw	s0,24(sp)
800020f8:	01412483          	lw	s1,20(sp)
800020fc:	01012903          	lw	s2,16(sp)
80002100:	00c12983          	lw	s3,12(sp)
80002104:	00078513          	mv	a0,a5
80002108:	02010113          	addi	sp,sp,32
8000210c:	00008067          	ret

80002110 <Func_3>:
80002110:	ffe50513          	addi	a0,a0,-2
80002114:	00153513          	seqz	a0,a0
80002118:	00008067          	ret

8000211c <Proc_6>:
8000211c:	ff010113          	addi	sp,sp,-16
80002120:	00812423          	sw	s0,8(sp)
80002124:	00912223          	sw	s1,4(sp)
80002128:	00112623          	sw	ra,12(sp)
8000212c:	00058493          	mv	s1,a1
80002130:	00050413          	mv	s0,a0
80002134:	fddff0ef          	jal	80002110 <Func_3>
80002138:	00300793          	li	a5,3
8000213c:	00050463          	beqz	a0,80002144 <Proc_6+0x28>
80002140:	00040793          	mv	a5,s0
80002144:	00f4a023          	sw	a5,0(s1)
80002148:	00200793          	li	a5,2
8000214c:	04f40863          	beq	s0,a5,8000219c <Proc_6+0x80>
80002150:	0287e663          	bltu	a5,s0,8000217c <Proc_6+0x60>
80002154:	00040863          	beqz	s0,80002164 <Proc_6+0x48>
80002158:	8241a703          	lw	a4,-2012(gp) # 8000488c <Int_Glob>
8000215c:	06400793          	li	a5,100
80002160:	04e7dc63          	bge	a5,a4,800021b8 <Proc_6+0x9c>
80002164:	00c12083          	lw	ra,12(sp)
80002168:	00812403          	lw	s0,8(sp)
8000216c:	0004a023          	sw	zero,0(s1)
80002170:	00412483          	lw	s1,4(sp)
80002174:	01010113          	addi	sp,sp,16
80002178:	00008067          	ret
8000217c:	00400713          	li	a4,4
80002180:	00e41463          	bne	s0,a4,80002188 <Proc_6+0x6c>
80002184:	00f4a023          	sw	a5,0(s1)
80002188:	00c12083          	lw	ra,12(sp)
8000218c:	00812403          	lw	s0,8(sp)
80002190:	00412483          	lw	s1,4(sp)
80002194:	01010113          	addi	sp,sp,16
80002198:	00008067          	ret
8000219c:	00c12083          	lw	ra,12(sp)
800021a0:	00812403          	lw	s0,8(sp)
800021a4:	00100793          	li	a5,1
800021a8:	00f4a023          	sw	a5,0(s1)
800021ac:	00412483          	lw	s1,4(sp)
800021b0:	01010113          	addi	sp,sp,16
800021b4:	00008067          	ret
800021b8:	00c12083          	lw	ra,12(sp)
800021bc:	00812403          	lw	s0,8(sp)
800021c0:	00300793          	li	a5,3
800021c4:	00f4a023          	sw	a5,0(s1)
800021c8:	00412483          	lw	s1,4(sp)
800021cc:	01010113          	addi	sp,sp,16
800021d0:	00008067          	ret

800021d4 <debug_printf>:
800021d4:	fe010113          	addi	sp,sp,-32
800021d8:	00b12223          	sw	a1,4(sp)
800021dc:	00c12423          	sw	a2,8(sp)
800021e0:	00d12623          	sw	a3,12(sp)
800021e4:	00e12823          	sw	a4,16(sp)
800021e8:	00f12a23          	sw	a5,20(sp)
800021ec:	01012c23          	sw	a6,24(sp)
800021f0:	01112e23          	sw	a7,28(sp)
800021f4:	02010113          	addi	sp,sp,32
800021f8:	00008067          	ret

800021fc <Proc_2>:
800021fc:	81d1c703          	lbu	a4,-2019(gp) # 80004885 <Ch_1_Glob>
80002200:	04100793          	li	a5,65
80002204:	00f70463          	beq	a4,a5,8000220c <Proc_2+0x10>
80002208:	00008067          	ret
8000220c:	00052783          	lw	a5,0(a0)
80002210:	8241a703          	lw	a4,-2012(gp) # 8000488c <Int_Glob>
80002214:	00978793          	addi	a5,a5,9
80002218:	40e787b3          	sub	a5,a5,a4
8000221c:	00f52023          	sw	a5,0(a0)
80002220:	00008067          	ret

80002224 <Proc_3>:
80002224:	82c18793          	addi	a5,gp,-2004 # 80004894 <Ptr_Glob>
80002228:	0007a603          	lw	a2,0(a5)
8000222c:	00060863          	beqz	a2,8000223c <Proc_3+0x18>
80002230:	00062703          	lw	a4,0(a2)
80002234:	00e52023          	sw	a4,0(a0)
80002238:	0007a603          	lw	a2,0(a5)
8000223c:	8241a583          	lw	a1,-2012(gp) # 8000488c <Int_Glob>
80002240:	00c60613          	addi	a2,a2,12
80002244:	00a00513          	li	a0,10
80002248:	db9ff06f          	j	80002000 <Proc_7>

8000224c <Proc_1>:
8000224c:	ff010113          	addi	sp,sp,-16
80002250:	01212023          	sw	s2,0(sp)
80002254:	82c18913          	addi	s2,gp,-2004 # 80004894 <Ptr_Glob>
80002258:	00092783          	lw	a5,0(s2)
8000225c:	00812423          	sw	s0,8(sp)
80002260:	00052403          	lw	s0,0(a0)
80002264:	0007a703          	lw	a4,0(a5)
80002268:	0047ae83          	lw	t4,4(a5)
8000226c:	0087ae03          	lw	t3,8(a5)
80002270:	0107a303          	lw	t1,16(a5)
80002274:	0147a883          	lw	a7,20(a5)
80002278:	0187a803          	lw	a6,24(a5)
8000227c:	0207a583          	lw	a1,32(a5)
80002280:	0247a603          	lw	a2,36(a5)
80002284:	0287a683          	lw	a3,40(a5)
80002288:	00112623          	sw	ra,12(sp)
8000228c:	00912223          	sw	s1,4(sp)
80002290:	00050493          	mv	s1,a0
80002294:	01c7a503          	lw	a0,28(a5)
80002298:	02c7a783          	lw	a5,44(a5)
8000229c:	00e42023          	sw	a4,0(s0)
800022a0:	0004a703          	lw	a4,0(s1)
800022a4:	01d42223          	sw	t4,4(s0)
800022a8:	01c42423          	sw	t3,8(s0)
800022ac:	00642823          	sw	t1,16(s0)
800022b0:	01142a23          	sw	a7,20(s0)
800022b4:	01042c23          	sw	a6,24(s0)
800022b8:	00a42e23          	sw	a0,28(s0)
800022bc:	02b42023          	sw	a1,32(s0)
800022c0:	02c42223          	sw	a2,36(s0)
800022c4:	02d42423          	sw	a3,40(s0)
800022c8:	02f42623          	sw	a5,44(s0)
800022cc:	00500793          	li	a5,5
800022d0:	00f4a623          	sw	a5,12(s1)
800022d4:	00e42023          	sw	a4,0(s0)
800022d8:	00040513          	mv	a0,s0
800022dc:	00f42623          	sw	a5,12(s0)
800022e0:	f45ff0ef          	jal	80002224 <Proc_3>
800022e4:	00442783          	lw	a5,4(s0)
800022e8:	08078063          	beqz	a5,80002368 <Proc_1+0x11c>
800022ec:	0004a783          	lw	a5,0(s1)
800022f0:	00c12083          	lw	ra,12(sp)
800022f4:	00812403          	lw	s0,8(sp)
800022f8:	0007af83          	lw	t6,0(a5)
800022fc:	0047af03          	lw	t5,4(a5)
80002300:	0087ae83          	lw	t4,8(a5)
80002304:	00c7ae03          	lw	t3,12(a5)
80002308:	0107a303          	lw	t1,16(a5)
8000230c:	0147a883          	lw	a7,20(a5)
80002310:	0187a803          	lw	a6,24(a5)
80002314:	01c7a583          	lw	a1,28(a5)
80002318:	0207a603          	lw	a2,32(a5)
8000231c:	0247a683          	lw	a3,36(a5)
80002320:	0287a703          	lw	a4,40(a5)
80002324:	02c7a783          	lw	a5,44(a5)
80002328:	01f4a023          	sw	t6,0(s1)
8000232c:	01e4a223          	sw	t5,4(s1)
80002330:	01d4a423          	sw	t4,8(s1)
80002334:	01c4a623          	sw	t3,12(s1)
80002338:	0064a823          	sw	t1,16(s1)
8000233c:	0114aa23          	sw	a7,20(s1)
80002340:	0104ac23          	sw	a6,24(s1)
80002344:	00b4ae23          	sw	a1,28(s1)
80002348:	02c4a023          	sw	a2,32(s1)
8000234c:	02d4a223          	sw	a3,36(s1)
80002350:	02e4a423          	sw	a4,40(s1)
80002354:	02f4a623          	sw	a5,44(s1)
80002358:	00012903          	lw	s2,0(sp)
8000235c:	00412483          	lw	s1,4(sp)
80002360:	01010113          	addi	sp,sp,16
80002364:	00008067          	ret
80002368:	0084a503          	lw	a0,8(s1)
8000236c:	00600793          	li	a5,6
80002370:	00f42623          	sw	a5,12(s0)
80002374:	00840593          	addi	a1,s0,8
80002378:	da5ff0ef          	jal	8000211c <Proc_6>
8000237c:	00092783          	lw	a5,0(s2)
80002380:	00c42503          	lw	a0,12(s0)
80002384:	00c40613          	addi	a2,s0,12
80002388:	0007a783          	lw	a5,0(a5)
8000238c:	00c12083          	lw	ra,12(sp)
80002390:	00412483          	lw	s1,4(sp)
80002394:	00f42023          	sw	a5,0(s0)
80002398:	00812403          	lw	s0,8(sp)
8000239c:	00012903          	lw	s2,0(sp)
800023a0:	00a00593          	li	a1,10
800023a4:	01010113          	addi	sp,sp,16
800023a8:	c59ff06f          	j	80002000 <Proc_7>

800023ac <Proc_4>:
800023ac:	81d1c783          	lbu	a5,-2019(gp) # 80004885 <Ch_1_Glob>
800023b0:	82018713          	addi	a4,gp,-2016 # 80004888 <Bool_Glob>
800023b4:	00072683          	lw	a3,0(a4)
800023b8:	fbf78793          	addi	a5,a5,-65
800023bc:	0017b793          	seqz	a5,a5
800023c0:	00d7e7b3          	or	a5,a5,a3
800023c4:	04200693          	li	a3,66
800023c8:	00f72023          	sw	a5,0(a4)
800023cc:	80d18e23          	sb	a3,-2020(gp) # 80004884 <Ch_2_Glob>
800023d0:	00008067          	ret

800023d4 <Proc_5>:
800023d4:	04100793          	li	a5,65
800023d8:	8201a023          	sw	zero,-2016(gp) # 80004888 <Bool_Glob>
800023dc:	80f18ea3          	sb	a5,-2019(gp) # 80004885 <Ch_1_Glob>
800023e0:	00008067          	ret

800023e4 <vprintfmt>:
800023e4:	eb010113          	addi	sp,sp,-336
800023e8:	14812423          	sw	s0,328(sp)
800023ec:	15212023          	sw	s2,320(sp)
800023f0:	13312e23          	sw	s3,316(sp)
800023f4:	13512a23          	sw	s5,308(sp)
800023f8:	14112623          	sw	ra,332(sp)
800023fc:	14912223          	sw	s1,324(sp)
80002400:	13412c23          	sw	s4,312(sp)
80002404:	13712623          	sw	s7,300(sp)
80002408:	13812423          	sw	s8,296(sp)
8000240c:	13912223          	sw	s9,292(sp)
80002410:	13a12023          	sw	s10,288(sp)
80002414:	00050993          	mv	s3,a0
80002418:	00058913          	mv	s2,a1
8000241c:	00060413          	mv	s0,a2
80002420:	00d12623          	sw	a3,12(sp)
80002424:	02500a93          	li	s5,37
80002428:	0140006f          	j	8000243c <vprintfmt+0x58>
8000242c:	06050463          	beqz	a0,80002494 <vprintfmt+0xb0>
80002430:	00090593          	mv	a1,s2
80002434:	00140413          	addi	s0,s0,1
80002438:	000980e7          	jalr	s3
8000243c:	00044503          	lbu	a0,0(s0)
80002440:	ff5516e3          	bne	a0,s5,8000242c <vprintfmt+0x48>
80002444:	00144683          	lbu	a3,1(s0)
80002448:	00140a13          	addi	s4,s0,1
8000244c:	fff00493          	li	s1,-1
80002450:	02000793          	li	a5,32
80002454:	000a0713          	mv	a4,s4
80002458:	00048c13          	mv	s8,s1
8000245c:	00f12423          	sw	a5,8(sp)
80002460:	00000593          	li	a1,0
80002464:	fdd68793          	addi	a5,a3,-35
80002468:	0ff7f793          	zext.b	a5,a5
8000246c:	05500613          	li	a2,85
80002470:	00170413          	addi	s0,a4,1
80002474:	06f66a63          	bltu	a2,a5,800024e8 <vprintfmt+0x104>
80002478:	00002617          	auipc	a2,0x2
8000247c:	15c60613          	addi	a2,a2,348 # 800045d4 <main+0xde8>
80002480:	00279793          	slli	a5,a5,0x2
80002484:	00c787b3          	add	a5,a5,a2
80002488:	0007a783          	lw	a5,0(a5)
8000248c:	00c787b3          	add	a5,a5,a2
80002490:	00078067          	jr	a5
80002494:	14c12083          	lw	ra,332(sp)
80002498:	14812403          	lw	s0,328(sp)
8000249c:	14412483          	lw	s1,324(sp)
800024a0:	14012903          	lw	s2,320(sp)
800024a4:	13c12983          	lw	s3,316(sp)
800024a8:	13812a03          	lw	s4,312(sp)
800024ac:	13412a83          	lw	s5,308(sp)
800024b0:	12c12b83          	lw	s7,300(sp)
800024b4:	12812c03          	lw	s8,296(sp)
800024b8:	12412c83          	lw	s9,292(sp)
800024bc:	12012d03          	lw	s10,288(sp)
800024c0:	15010113          	addi	sp,sp,336
800024c4:	00008067          	ret
800024c8:	00d12423          	sw	a3,8(sp)
800024cc:	00174683          	lbu	a3,1(a4)
800024d0:	05500613          	li	a2,85
800024d4:	00040713          	mv	a4,s0
800024d8:	fdd68793          	addi	a5,a3,-35
800024dc:	0ff7f793          	zext.b	a5,a5
800024e0:	00170413          	addi	s0,a4,1
800024e4:	f8f67ae3          	bgeu	a2,a5,80002478 <vprintfmt+0x94>
800024e8:	00090593          	mv	a1,s2
800024ec:	02500513          	li	a0,37
800024f0:	000980e7          	jalr	s3
800024f4:	000a0413          	mv	s0,s4
800024f8:	f45ff06f          	j	8000243c <vprintfmt+0x58>
800024fc:	00174603          	lbu	a2,1(a4)
80002500:	00900513          	li	a0,9
80002504:	fd068493          	addi	s1,a3,-48
80002508:	fd060793          	addi	a5,a2,-48
8000250c:	00060693          	mv	a3,a2
80002510:	00040713          	mv	a4,s0
80002514:	02f56663          	bltu	a0,a5,80002540 <vprintfmt+0x15c>
80002518:	00249793          	slli	a5,s1,0x2
8000251c:	009787b3          	add	a5,a5,s1
80002520:	00170713          	addi	a4,a4,1
80002524:	00179793          	slli	a5,a5,0x1
80002528:	00c787b3          	add	a5,a5,a2
8000252c:	00074603          	lbu	a2,0(a4)
80002530:	fd078493          	addi	s1,a5,-48
80002534:	fd060793          	addi	a5,a2,-48
80002538:	00060693          	mv	a3,a2
8000253c:	fcf57ee3          	bgeu	a0,a5,80002518 <vprintfmt+0x134>
80002540:	f20c52e3          	bgez	s8,80002464 <vprintfmt+0x80>
80002544:	00048c13          	mv	s8,s1
80002548:	fff00493          	li	s1,-1
8000254c:	f19ff06f          	j	80002464 <vprintfmt+0x80>
80002550:	00174683          	lbu	a3,1(a4)
80002554:	00040713          	mv	a4,s0
80002558:	f0dff06f          	j	80002464 <vprintfmt+0x80>
8000255c:	00090593          	mv	a1,s2
80002560:	02500513          	li	a0,37
80002564:	000980e7          	jalr	s3
80002568:	ed5ff06f          	j	8000243c <vprintfmt+0x58>
8000256c:	00c12783          	lw	a5,12(sp)
80002570:	00174683          	lbu	a3,1(a4)
80002574:	00040713          	mv	a4,s0
80002578:	0007a483          	lw	s1,0(a5)
8000257c:	00478793          	addi	a5,a5,4
80002580:	00f12623          	sw	a5,12(sp)
80002584:	fbdff06f          	j	80002540 <vprintfmt+0x15c>
80002588:	00090593          	mv	a1,s2
8000258c:	03000513          	li	a0,48
80002590:	13612823          	sw	s6,304(sp)
80002594:	000980e7          	jalr	s3
80002598:	00090593          	mv	a1,s2
8000259c:	07800513          	li	a0,120
800025a0:	000980e7          	jalr	s3
800025a4:	00c12783          	lw	a5,12(sp)
800025a8:	01000b93          	li	s7,16
800025ac:	00000d13          	li	s10,0
800025b0:	00478713          	addi	a4,a5,4
800025b4:	00c12783          	lw	a5,12(sp)
800025b8:	00000c93          	li	s9,0
800025bc:	0007a483          	lw	s1,0(a5)
800025c0:	00e12623          	sw	a4,12(sp)
800025c4:	000b8613          	mv	a2,s7
800025c8:	00000693          	li	a3,0
800025cc:	00048513          	mv	a0,s1
800025d0:	000c8593          	mv	a1,s9
800025d4:	639000ef          	jal	8000340c <__umoddi3>
800025d8:	00a12823          	sw	a0,16(sp)
800025dc:	279d0863          	beq	s10,s9,8000284c <vprintfmt+0x468>
800025e0:	11b12e23          	sw	s11,284(sp)
800025e4:	00100b13          	li	s6,1
800025e8:	01410d93          	addi	s11,sp,20
800025ec:	00048513          	mv	a0,s1
800025f0:	000c8593          	mv	a1,s9
800025f4:	000b8613          	mv	a2,s7
800025f8:	00000693          	li	a3,0
800025fc:	1e5000ef          	jal	80002fe0 <__udivdi3>
80002600:	000b8613          	mv	a2,s7
80002604:	00000693          	li	a3,0
80002608:	00050493          	mv	s1,a0
8000260c:	00058c93          	mv	s9,a1
80002610:	5fd000ef          	jal	8000340c <__umoddi3>
80002614:	00ada023          	sw	a0,0(s11)
80002618:	000b0a13          	mv	s4,s6
8000261c:	004d8d93          	addi	s11,s11,4
80002620:	001b0b13          	addi	s6,s6,1
80002624:	fd9d14e3          	bne	s10,s9,800025ec <vprintfmt+0x208>
80002628:	fd74f2e3          	bgeu	s1,s7,800025ec <vprintfmt+0x208>
8000262c:	11c12d83          	lw	s11,284(sp)
80002630:	fffc0b93          	addi	s7,s8,-1
80002634:	fffb0493          	addi	s1,s6,-1
80002638:	018b5c63          	bge	s6,s8,80002650 <vprintfmt+0x26c>
8000263c:	00812503          	lw	a0,8(sp)
80002640:	00090593          	mv	a1,s2
80002644:	fffb8b93          	addi	s7,s7,-1
80002648:	000980e7          	jalr	s3
8000264c:	fe9b98e3          	bne	s7,s1,8000263c <vprintfmt+0x258>
80002650:	002a1a13          	slli	s4,s4,0x2
80002654:	01010493          	addi	s1,sp,16
80002658:	01448a33          	add	s4,s1,s4
8000265c:	00900b13          	li	s6,9
80002660:	0080006f          	j	80002668 <vprintfmt+0x284>
80002664:	00078a13          	mv	s4,a5
80002668:	000a2783          	lw	a5,0(s4)
8000266c:	03000513          	li	a0,48
80002670:	00fb7463          	bgeu	s6,a5,80002678 <vprintfmt+0x294>
80002674:	05700513          	li	a0,87
80002678:	00a78533          	add	a0,a5,a0
8000267c:	00090593          	mv	a1,s2
80002680:	000980e7          	jalr	s3
80002684:	ffca0793          	addi	a5,s4,-4
80002688:	fd449ee3          	bne	s1,s4,80002664 <vprintfmt+0x280>
8000268c:	13012b03          	lw	s6,304(sp)
80002690:	dadff06f          	j	8000243c <vprintfmt+0x58>
80002694:	13612823          	sw	s6,304(sp)
80002698:	00100793          	li	a5,1
8000269c:	1cb7c063          	blt	a5,a1,8000285c <vprintfmt+0x478>
800026a0:	00c12783          	lw	a5,12(sp)
800026a4:	0007a483          	lw	s1,0(a5)
800026a8:	00478793          	addi	a5,a5,4
800026ac:	00f12623          	sw	a5,12(sp)
800026b0:	41f4dc93          	srai	s9,s1,0x1f
800026b4:	020cd063          	bgez	s9,800026d4 <vprintfmt+0x2f0>
800026b8:	00090593          	mv	a1,s2
800026bc:	02d00513          	li	a0,45
800026c0:	000980e7          	jalr	s3
800026c4:	00903733          	snez	a4,s1
800026c8:	419007b3          	neg	a5,s9
800026cc:	40e78cb3          	sub	s9,a5,a4
800026d0:	409004b3          	neg	s1,s1
800026d4:	00a00b93          	li	s7,10
800026d8:	00000d13          	li	s10,0
800026dc:	ee9ff06f          	j	800025c4 <vprintfmt+0x1e0>
800026e0:	00174683          	lbu	a3,1(a4)
800026e4:	00158593          	addi	a1,a1,1
800026e8:	00040713          	mv	a4,s0
800026ec:	d79ff06f          	j	80002464 <vprintfmt+0x80>
800026f0:	13612823          	sw	s6,304(sp)
800026f4:	01000b93          	li	s7,16
800026f8:	00000d13          	li	s10,0
800026fc:	00100793          	li	a5,1
80002700:	12b7c663          	blt	a5,a1,8000282c <vprintfmt+0x448>
80002704:	00c12783          	lw	a5,12(sp)
80002708:	00478713          	addi	a4,a5,4
8000270c:	ea9ff06f          	j	800025b4 <vprintfmt+0x1d0>
80002710:	00c12783          	lw	a5,12(sp)
80002714:	0007aa03          	lw	s4,0(a5)
80002718:	060a0a63          	beqz	s4,8000278c <vprintfmt+0x3a8>
8000271c:	0d805663          	blez	s8,800027e8 <vprintfmt+0x404>
80002720:	00812703          	lw	a4,8(sp)
80002724:	02d00793          	li	a5,45
80002728:	08f71063          	bne	a4,a5,800027a8 <vprintfmt+0x3c4>
8000272c:	000a4503          	lbu	a0,0(s4)
80002730:	02050c63          	beqz	a0,80002768 <vprintfmt+0x384>
80002734:	13612823          	sw	s6,304(sp)
80002738:	fff00b13          	li	s6,-1
8000273c:	0004c663          	bltz	s1,80002748 <vprintfmt+0x364>
80002740:	fff48493          	addi	s1,s1,-1
80002744:	01648e63          	beq	s1,s6,80002760 <vprintfmt+0x37c>
80002748:	00090593          	mv	a1,s2
8000274c:	000980e7          	jalr	s3
80002750:	001a4503          	lbu	a0,1(s4)
80002754:	001a0a13          	addi	s4,s4,1
80002758:	fffc0c13          	addi	s8,s8,-1
8000275c:	fe0510e3          	bnez	a0,8000273c <vprintfmt+0x358>
80002760:	13012b03          	lw	s6,304(sp)
80002764:	01805c63          	blez	s8,8000277c <vprintfmt+0x398>
80002768:	00090593          	mv	a1,s2
8000276c:	02000513          	li	a0,32
80002770:	fffc0c13          	addi	s8,s8,-1
80002774:	000980e7          	jalr	s3
80002778:	fe0c18e3          	bnez	s8,80002768 <vprintfmt+0x384>
8000277c:	00c12783          	lw	a5,12(sp)
80002780:	00478793          	addi	a5,a5,4
80002784:	00f12623          	sw	a5,12(sp)
80002788:	cb5ff06f          	j	8000243c <vprintfmt+0x58>
8000278c:	11805863          	blez	s8,8000289c <vprintfmt+0x4b8>
80002790:	00812703          	lw	a4,8(sp)
80002794:	02d00793          	li	a5,45
80002798:	00002a17          	auipc	s4,0x2
8000279c:	dfca0a13          	addi	s4,s4,-516 # 80004594 <main+0xda8>
800027a0:	02800513          	li	a0,40
800027a4:	f8f708e3          	beq	a4,a5,80002734 <vprintfmt+0x350>
800027a8:	000a0793          	mv	a5,s4
800027ac:	009a06b3          	add	a3,s4,s1
800027b0:	00049863          	bnez	s1,800027c0 <vprintfmt+0x3dc>
800027b4:	0200006f          	j	800027d4 <vprintfmt+0x3f0>
800027b8:	00178793          	addi	a5,a5,1
800027bc:	00d78663          	beq	a5,a3,800027c8 <vprintfmt+0x3e4>
800027c0:	0007c703          	lbu	a4,0(a5)
800027c4:	fe071ae3          	bnez	a4,800027b8 <vprintfmt+0x3d4>
800027c8:	414787b3          	sub	a5,a5,s4
800027cc:	40fc0c33          	sub	s8,s8,a5
800027d0:	01805c63          	blez	s8,800027e8 <vprintfmt+0x404>
800027d4:	00812503          	lw	a0,8(sp)
800027d8:	00090593          	mv	a1,s2
800027dc:	fffc0c13          	addi	s8,s8,-1
800027e0:	000980e7          	jalr	s3
800027e4:	fe0c18e3          	bnez	s8,800027d4 <vprintfmt+0x3f0>
800027e8:	000a4503          	lbu	a0,0(s4)
800027ec:	f80508e3          	beqz	a0,8000277c <vprintfmt+0x398>
800027f0:	13612823          	sw	s6,304(sp)
800027f4:	f45ff06f          	j	80002738 <vprintfmt+0x354>
800027f8:	fffc4793          	not	a5,s8
800027fc:	41f7d793          	srai	a5,a5,0x1f
80002800:	00174683          	lbu	a3,1(a4)
80002804:	00fc7c33          	and	s8,s8,a5
80002808:	00040713          	mv	a4,s0
8000280c:	c59ff06f          	j	80002464 <vprintfmt+0x80>
80002810:	00c12783          	lw	a5,12(sp)
80002814:	00090593          	mv	a1,s2
80002818:	0007a503          	lw	a0,0(a5)
8000281c:	00478493          	addi	s1,a5,4
80002820:	000980e7          	jalr	s3
80002824:	00912623          	sw	s1,12(sp)
80002828:	c15ff06f          	j	8000243c <vprintfmt+0x58>
8000282c:	00c12783          	lw	a5,12(sp)
80002830:	00778793          	addi	a5,a5,7
80002834:	ff87f793          	andi	a5,a5,-8
80002838:	00878713          	addi	a4,a5,8
8000283c:	0007a483          	lw	s1,0(a5)
80002840:	0047ac83          	lw	s9,4(a5)
80002844:	00e12623          	sw	a4,12(sp)
80002848:	d7dff06f          	j	800025c4 <vprintfmt+0x1e0>
8000284c:	d974fae3          	bgeu	s1,s7,800025e0 <vprintfmt+0x1fc>
80002850:	00000a13          	li	s4,0
80002854:	00100b13          	li	s6,1
80002858:	dd9ff06f          	j	80002630 <vprintfmt+0x24c>
8000285c:	00c12783          	lw	a5,12(sp)
80002860:	00778793          	addi	a5,a5,7
80002864:	ff87f793          	andi	a5,a5,-8
80002868:	00878713          	addi	a4,a5,8
8000286c:	0007a483          	lw	s1,0(a5)
80002870:	0047ac83          	lw	s9,4(a5)
80002874:	00e12623          	sw	a4,12(sp)
80002878:	e3dff06f          	j	800026b4 <vprintfmt+0x2d0>
8000287c:	13612823          	sw	s6,304(sp)
80002880:	00a00b93          	li	s7,10
80002884:	00000d13          	li	s10,0
80002888:	e75ff06f          	j	800026fc <vprintfmt+0x318>
8000288c:	13612823          	sw	s6,304(sp)
80002890:	00800b93          	li	s7,8
80002894:	00000d13          	li	s10,0
80002898:	e65ff06f          	j	800026fc <vprintfmt+0x318>
8000289c:	13612823          	sw	s6,304(sp)
800028a0:	00002a17          	auipc	s4,0x2
800028a4:	cf4a0a13          	addi	s4,s4,-780 # 80004594 <main+0xda8>
800028a8:	02800513          	li	a0,40
800028ac:	fff00b13          	li	s6,-1
800028b0:	e8dff06f          	j	8000273c <vprintfmt+0x358>

800028b4 <sprintf_putch.0>:
800028b4:	0005a783          	lw	a5,0(a1)
800028b8:	00a78023          	sb	a0,0(a5)
800028bc:	0005a783          	lw	a5,0(a1)
800028c0:	00178793          	addi	a5,a5,1
800028c4:	00f5a023          	sw	a5,0(a1)
800028c8:	00008067          	ret

800028cc <putchar>:
800028cc:	04022783          	lw	a5,64(tp) # 40 <buflen.1>
800028d0:	00020713          	mv	a4,tp
800028d4:	f8010113          	addi	sp,sp,-128
800028d8:	00f70733          	add	a4,a4,a5
800028dc:	00178793          	addi	a5,a5,1
800028e0:	00a70023          	sb	a0,0(a4)
800028e4:	04f22023          	sw	a5,64(tp) # 40 <buflen.1>
800028e8:	00a00713          	li	a4,10
800028ec:	03f10693          	addi	a3,sp,63
800028f0:	fc06f693          	andi	a3,a3,-64
800028f4:	00e50c63          	beq	a0,a4,8000290c <putchar+0x40>
800028f8:	04000713          	li	a4,64
800028fc:	00e78863          	beq	a5,a4,8000290c <putchar+0x40>
80002900:	00000513          	li	a0,0
80002904:	08010113          	addi	sp,sp,128
80002908:	00008067          	ret
8000290c:	04000813          	li	a6,64
80002910:	0106a023          	sw	a6,0(a3)
80002914:	00000893          	li	a7,0
80002918:	0116a223          	sw	a7,4(a3)
8000291c:	00100e13          	li	t3,1
80002920:	01c6a423          	sw	t3,8(a3)
80002924:	00000e93          	li	t4,0
80002928:	01d6a623          	sw	t4,12(a3)
8000292c:	00020313          	mv	t1,tp
80002930:	0066a823          	sw	t1,16(a3)
80002934:	00000393          	li	t2,0
80002938:	0076aa23          	sw	t2,20(a3)
8000293c:	00f6ac23          	sw	a5,24(a3)
80002940:	41f7d893          	srai	a7,a5,0x1f
80002944:	0116ae23          	sw	a7,28(a3)
80002948:	0330000f          	fence	rw,rw
8000294c:	ffffe617          	auipc	a2,0xffffe
80002950:	6b460613          	addi	a2,a2,1716 # 80001000 <tohost>
80002954:	00d62023          	sw	a3,0(a2)
80002958:	00000793          	li	a5,0
8000295c:	00f62223          	sw	a5,4(a2)
80002960:	ffffe617          	auipc	a2,0xffffe
80002964:	6e060613          	addi	a2,a2,1760 # 80001040 <fromhost>
80002968:	00062703          	lw	a4,0(a2)
8000296c:	00462783          	lw	a5,4(a2)
80002970:	00f76733          	or	a4,a4,a5
80002974:	fe070ae3          	beqz	a4,80002968 <putchar+0x9c>
80002978:	00000793          	li	a5,0
8000297c:	00f62023          	sw	a5,0(a2)
80002980:	00000813          	li	a6,0
80002984:	01062223          	sw	a6,4(a2)
80002988:	0330000f          	fence	rw,rw
8000298c:	04022023          	sw	zero,64(tp) # 40 <buflen.1>
80002990:	0006a703          	lw	a4,0(a3)
80002994:	00000513          	li	a0,0
80002998:	0046a783          	lw	a5,4(a3)
8000299c:	08010113          	addi	sp,sp,128
800029a0:	00008067          	ret

800029a4 <setStats>:
800029a4:	b0002773          	csrr	a4,mcycle
800029a8:	83818793          	addi	a5,gp,-1992 # 800048a0 <counters>
800029ac:	00050a63          	beqz	a0,800029c0 <setStats+0x1c>
800029b0:	00e7a023          	sw	a4,0(a5)
800029b4:	b0202773          	csrr	a4,minstret
800029b8:	00e7a223          	sw	a4,4(a5)
800029bc:	00008067          	ret
800029c0:	0007a583          	lw	a1,0(a5)
800029c4:	83018693          	addi	a3,gp,-2000 # 80004898 <counter_names>
800029c8:	00002617          	auipc	a2,0x2
800029cc:	bd460613          	addi	a2,a2,-1068 # 8000459c <main+0xdb0>
800029d0:	40b70733          	sub	a4,a4,a1
800029d4:	00e7a023          	sw	a4,0(a5)
800029d8:	00c6a023          	sw	a2,0(a3)
800029dc:	b0202773          	csrr	a4,minstret
800029e0:	0047a603          	lw	a2,4(a5)
800029e4:	00002597          	auipc	a1,0x2
800029e8:	bc058593          	addi	a1,a1,-1088 # 800045a4 <main+0xdb8>
800029ec:	00b6a223          	sw	a1,4(a3)
800029f0:	40c70733          	sub	a4,a4,a2
800029f4:	00e7a223          	sw	a4,4(a5)
800029f8:	00008067          	ret

800029fc <tohost_exit>:
800029fc:	00151693          	slli	a3,a0,0x1
80002a00:	0016e713          	ori	a4,a3,1
80002a04:	ffffe697          	auipc	a3,0xffffe
80002a08:	5fc68693          	addi	a3,a3,1532 # 80001000 <tohost>
80002a0c:	00000793          	li	a5,0
80002a10:	00e6a023          	sw	a4,0(a3)
80002a14:	00f6a223          	sw	a5,4(a3)
80002a18:	0000006f          	j	80002a18 <tohost_exit+0x1c>

80002a1c <handle_trap>:
80002a1c:	00001637          	lui	a2,0x1
80002a20:	ffffe797          	auipc	a5,0xffffe
80002a24:	5e078793          	addi	a5,a5,1504 # 80001000 <tohost>
80002a28:	a7360613          	addi	a2,a2,-1421 # a73 <buflen.1+0xa33>
80002a2c:	00000693          	li	a3,0
80002a30:	00c7a023          	sw	a2,0(a5)
80002a34:	00d7a223          	sw	a3,4(a5)
80002a38:	0000006f          	j	80002a38 <handle_trap+0x1c>

80002a3c <exit>:
80002a3c:	ff010113          	addi	sp,sp,-16
80002a40:	00112623          	sw	ra,12(sp)
80002a44:	fb9ff0ef          	jal	800029fc <tohost_exit>

80002a48 <abort>:
80002a48:	ffffe797          	auipc	a5,0xffffe
80002a4c:	5b878793          	addi	a5,a5,1464 # 80001000 <tohost>
80002a50:	10d00613          	li	a2,269
80002a54:	00000693          	li	a3,0
80002a58:	00c7a023          	sw	a2,0(a5)
80002a5c:	00d7a223          	sw	a3,4(a5)
80002a60:	0000006f          	j	80002a60 <abort+0x18>

80002a64 <printstr>:
80002a64:	00054783          	lbu	a5,0(a0)
80002a68:	f8010113          	addi	sp,sp,-128
80002a6c:	03f10613          	addi	a2,sp,63
80002a70:	00050813          	mv	a6,a0
80002a74:	00000893          	li	a7,0
80002a78:	fc067613          	andi	a2,a2,-64
80002a7c:	0a078063          	beqz	a5,80002b1c <printstr+0xb8>
80002a80:	00050793          	mv	a5,a0
80002a84:	0017c703          	lbu	a4,1(a5)
80002a88:	00178793          	addi	a5,a5,1
80002a8c:	fe071ce3          	bnez	a4,80002a84 <printstr+0x20>
80002a90:	40a78333          	sub	t1,a5,a0
80002a94:	00000393          	li	t2,0
80002a98:	04000713          	li	a4,64
80002a9c:	00e62023          	sw	a4,0(a2)
80002aa0:	00000793          	li	a5,0
80002aa4:	00f62223          	sw	a5,4(a2)
80002aa8:	00100713          	li	a4,1
80002aac:	00e62423          	sw	a4,8(a2)
80002ab0:	00000793          	li	a5,0
80002ab4:	00f62623          	sw	a5,12(a2)
80002ab8:	01062823          	sw	a6,16(a2)
80002abc:	01162a23          	sw	a7,20(a2)
80002ac0:	00662c23          	sw	t1,24(a2)
80002ac4:	00762e23          	sw	t2,28(a2)
80002ac8:	0330000f          	fence	rw,rw
80002acc:	ffffe697          	auipc	a3,0xffffe
80002ad0:	53468693          	addi	a3,a3,1332 # 80001000 <tohost>
80002ad4:	00c6a023          	sw	a2,0(a3)
80002ad8:	00000793          	li	a5,0
80002adc:	00f6a223          	sw	a5,4(a3)
80002ae0:	ffffe697          	auipc	a3,0xffffe
80002ae4:	56068693          	addi	a3,a3,1376 # 80001040 <fromhost>
80002ae8:	0006a703          	lw	a4,0(a3)
80002aec:	0046a783          	lw	a5,4(a3)
80002af0:	00f76733          	or	a4,a4,a5
80002af4:	fe070ae3          	beqz	a4,80002ae8 <printstr+0x84>
80002af8:	00000793          	li	a5,0
80002afc:	00f6a023          	sw	a5,0(a3)
80002b00:	00000813          	li	a6,0
80002b04:	0106a223          	sw	a6,4(a3)
80002b08:	0330000f          	fence	rw,rw
80002b0c:	00062703          	lw	a4,0(a2)
80002b10:	00462783          	lw	a5,4(a2)
80002b14:	08010113          	addi	sp,sp,128
80002b18:	00008067          	ret
80002b1c:	00000313          	li	t1,0
80002b20:	00000393          	li	t2,0
80002b24:	f75ff06f          	j	80002a98 <printstr+0x34>

80002b28 <thread_entry>:
80002b28:	00051463          	bnez	a0,80002b30 <thread_entry+0x8>
80002b2c:	00008067          	ret
80002b30:	0000006f          	j	80002b30 <thread_entry+0x8>

80002b34 <printhex>:
80002b34:	fd010113          	addi	sp,sp,-48
80002b38:	00050713          	mv	a4,a0
80002b3c:	02112623          	sw	ra,44(sp)
80002b40:	00c10513          	addi	a0,sp,12
80002b44:	01b10613          	addi	a2,sp,27
80002b48:	00900813          	li	a6,9
80002b4c:	0080006f          	j	80002b54 <printhex+0x20>
80002b50:	00078613          	mv	a2,a5
80002b54:	00f77793          	andi	a5,a4,15
80002b58:	00f837b3          	sltu	a5,a6,a5
80002b5c:	40f007b3          	neg	a5,a5
80002b60:	0277f793          	andi	a5,a5,39
80002b64:	00f77693          	andi	a3,a4,15
80002b68:	03078793          	addi	a5,a5,48
80002b6c:	00f687b3          	add	a5,a3,a5
80002b70:	00f60023          	sb	a5,0(a2)
80002b74:	00475713          	srli	a4,a4,0x4
80002b78:	01c59793          	slli	a5,a1,0x1c
80002b7c:	00e7e733          	or	a4,a5,a4
80002b80:	0045d593          	srli	a1,a1,0x4
80002b84:	fff60793          	addi	a5,a2,-1
80002b88:	fcc514e3          	bne	a0,a2,80002b50 <printhex+0x1c>
80002b8c:	00010e23          	sb	zero,28(sp)
80002b90:	ed5ff0ef          	jal	80002a64 <printstr>
80002b94:	02c12083          	lw	ra,44(sp)
80002b98:	03010113          	addi	sp,sp,48
80002b9c:	00008067          	ret

80002ba0 <printf>:
80002ba0:	fc010113          	addi	sp,sp,-64
80002ba4:	02410313          	addi	t1,sp,36
80002ba8:	02b12223          	sw	a1,36(sp)
80002bac:	02c12423          	sw	a2,40(sp)
80002bb0:	02d12623          	sw	a3,44(sp)
80002bb4:	00050613          	mv	a2,a0
80002bb8:	00030693          	mv	a3,t1
80002bbc:	00000517          	auipc	a0,0x0
80002bc0:	d1050513          	addi	a0,a0,-752 # 800028cc <putchar>
80002bc4:	00000593          	li	a1,0
80002bc8:	00112e23          	sw	ra,28(sp)
80002bcc:	02e12823          	sw	a4,48(sp)
80002bd0:	02f12a23          	sw	a5,52(sp)
80002bd4:	03012c23          	sw	a6,56(sp)
80002bd8:	03112e23          	sw	a7,60(sp)
80002bdc:	00612623          	sw	t1,12(sp)
80002be0:	805ff0ef          	jal	800023e4 <vprintfmt>
80002be4:	01c12083          	lw	ra,28(sp)
80002be8:	00000513          	li	a0,0
80002bec:	04010113          	addi	sp,sp,64
80002bf0:	00008067          	ret

80002bf4 <sprintf>:
80002bf4:	fb010113          	addi	sp,sp,-80
80002bf8:	03810313          	addi	t1,sp,56
80002bfc:	02812423          	sw	s0,40(sp)
80002c00:	00a12623          	sw	a0,12(sp)
80002c04:	02c12c23          	sw	a2,56(sp)
80002c08:	02d12e23          	sw	a3,60(sp)
80002c0c:	00050413          	mv	s0,a0
80002c10:	00058613          	mv	a2,a1
80002c14:	00000517          	auipc	a0,0x0
80002c18:	ca050513          	addi	a0,a0,-864 # 800028b4 <sprintf_putch.0>
80002c1c:	00c10593          	addi	a1,sp,12
80002c20:	00030693          	mv	a3,t1
80002c24:	02112623          	sw	ra,44(sp)
80002c28:	04f12223          	sw	a5,68(sp)
80002c2c:	04e12023          	sw	a4,64(sp)
80002c30:	05012423          	sw	a6,72(sp)
80002c34:	05112623          	sw	a7,76(sp)
80002c38:	00612e23          	sw	t1,28(sp)
80002c3c:	fa8ff0ef          	jal	800023e4 <vprintfmt>
80002c40:	00c12783          	lw	a5,12(sp)
80002c44:	00078023          	sb	zero,0(a5)
80002c48:	00c12503          	lw	a0,12(sp)
80002c4c:	02c12083          	lw	ra,44(sp)
80002c50:	40850533          	sub	a0,a0,s0
80002c54:	02812403          	lw	s0,40(sp)
80002c58:	05010113          	addi	sp,sp,80
80002c5c:	00008067          	ret

80002c60 <memcpy>:
80002c60:	00c5e7b3          	or	a5,a1,a2
80002c64:	00f567b3          	or	a5,a0,a5
80002c68:	0037f793          	andi	a5,a5,3
80002c6c:	00058393          	mv	t2,a1
80002c70:	00c506b3          	add	a3,a0,a2
80002c74:	02078463          	beqz	a5,80002c9c <memcpy+0x3c>
80002c78:	00c58633          	add	a2,a1,a2
80002c7c:	00050793          	mv	a5,a0
80002c80:	0ad57263          	bgeu	a0,a3,80002d24 <memcpy+0xc4>
80002c84:	0005c703          	lbu	a4,0(a1)
80002c88:	00158593          	addi	a1,a1,1
80002c8c:	00178793          	addi	a5,a5,1
80002c90:	fee78fa3          	sb	a4,-1(a5)
80002c94:	fec598e3          	bne	a1,a2,80002c84 <memcpy+0x24>
80002c98:	00008067          	ret
80002c9c:	02050713          	addi	a4,a0,32
80002ca0:	08d77463          	bgeu	a4,a3,80002d28 <memcpy+0xc8>
80002ca4:	00070793          	mv	a5,a4
80002ca8:	0005a283          	lw	t0,0(a1)
80002cac:	0045af83          	lw	t6,4(a1)
80002cb0:	0085af03          	lw	t5,8(a1)
80002cb4:	00c5ae83          	lw	t4,12(a1)
80002cb8:	0105ae03          	lw	t3,16(a1)
80002cbc:	0145a303          	lw	t1,20(a1)
80002cc0:	0185a883          	lw	a7,24(a1)
80002cc4:	01c5a803          	lw	a6,28(a1)
80002cc8:	02078793          	addi	a5,a5,32
80002ccc:	fc57a023          	sw	t0,-64(a5)
80002cd0:	fdf7a223          	sw	t6,-60(a5)
80002cd4:	fde7a423          	sw	t5,-56(a5)
80002cd8:	fdd7a623          	sw	t4,-52(a5)
80002cdc:	fdc7a823          	sw	t3,-48(a5)
80002ce0:	fc67aa23          	sw	t1,-44(a5)
80002ce4:	fd17ac23          	sw	a7,-40(a5)
80002ce8:	fd07ae23          	sw	a6,-36(a5)
80002cec:	02058593          	addi	a1,a1,32
80002cf0:	fad7ece3          	bltu	a5,a3,80002ca8 <memcpy+0x48>
80002cf4:	fdf60613          	addi	a2,a2,-33
80002cf8:	fe067613          	andi	a2,a2,-32
80002cfc:	02038393          	addi	t2,t2,32
80002d00:	00c707b3          	add	a5,a4,a2
80002d04:	00c385b3          	add	a1,t2,a2
80002d08:	f8d7f8e3          	bgeu	a5,a3,80002c98 <memcpy+0x38>
80002d0c:	0005a703          	lw	a4,0(a1)
80002d10:	00478793          	addi	a5,a5,4
80002d14:	00458593          	addi	a1,a1,4
80002d18:	fee7ae23          	sw	a4,-4(a5)
80002d1c:	fed7e8e3          	bltu	a5,a3,80002d0c <memcpy+0xac>
80002d20:	00008067          	ret
80002d24:	00008067          	ret
80002d28:	00050793          	mv	a5,a0
80002d2c:	fddff06f          	j	80002d08 <memcpy+0xa8>

80002d30 <memset>:
80002d30:	ff010113          	addi	sp,sp,-16
80002d34:	00c567b3          	or	a5,a0,a2
80002d38:	00812423          	sw	s0,8(sp)
80002d3c:	00112623          	sw	ra,12(sp)
80002d40:	0037f793          	andi	a5,a5,3
80002d44:	00050413          	mv	s0,a0
80002d48:	00c50733          	add	a4,a0,a2
80002d4c:	02078263          	beqz	a5,80002d70 <memset+0x40>
80002d50:	00e57663          	bgeu	a0,a4,80002d5c <memset+0x2c>
80002d54:	0ff5f593          	zext.b	a1,a1
80002d58:	fd9ff0ef          	jal	80002d30 <memset>
80002d5c:	00c12083          	lw	ra,12(sp)
80002d60:	00040513          	mv	a0,s0
80002d64:	00812403          	lw	s0,8(sp)
80002d68:	01010113          	addi	sp,sp,16
80002d6c:	00008067          	ret
80002d70:	0ff5f593          	zext.b	a1,a1
80002d74:	00859693          	slli	a3,a1,0x8
80002d78:	00b686b3          	add	a3,a3,a1
80002d7c:	01069793          	slli	a5,a3,0x10
80002d80:	00f686b3          	add	a3,a3,a5
80002d84:	fce57ce3          	bgeu	a0,a4,80002d5c <memset+0x2c>
80002d88:	00050793          	mv	a5,a0
80002d8c:	00478793          	addi	a5,a5,4
80002d90:	fed7ae23          	sw	a3,-4(a5)
80002d94:	fee7ece3          	bltu	a5,a4,80002d8c <memset+0x5c>
80002d98:	00c12083          	lw	ra,12(sp)
80002d9c:	00040513          	mv	a0,s0
80002da0:	00812403          	lw	s0,8(sp)
80002da4:	01010113          	addi	sp,sp,16
80002da8:	00008067          	ret

80002dac <_init>:
80002dac:	f6010113          	addi	sp,sp,-160
80002db0:	00004797          	auipc	a5,0x4
80002db4:	2d078793          	addi	a5,a5,720 # 80007080 <_end>
80002db8:	09312623          	sw	s3,140(sp)
80002dbc:	00004997          	auipc	s3,0x4
80002dc0:	2c498993          	addi	s3,s3,708 # 80007080 <_end>
80002dc4:	09412423          	sw	s4,136(sp)
80002dc8:	40f98a33          	sub	s4,s3,a5
80002dcc:	08912a23          	sw	s1,148(sp)
80002dd0:	09212823          	sw	s2,144(sp)
80002dd4:	00050493          	mv	s1,a0
80002dd8:	00058913          	mv	s2,a1
80002ddc:	00020513          	mv	a0,tp
80002de0:	00078593          	mv	a1,a5
80002de4:	000a0613          	mv	a2,s4
80002de8:	08112e23          	sw	ra,156(sp)
80002dec:	08812c23          	sw	s0,152(sp)
80002df0:	09512223          	sw	s5,132(sp)
80002df4:	00020a93          	mv	s5,tp
80002df8:	e69ff0ef          	jal	80002c60 <memcpy>
80002dfc:	00004617          	auipc	a2,0x4
80002e00:	2c860613          	addi	a2,a2,712 # 800070c4 <_tbss_end>
80002e04:	41360633          	sub	a2,a2,s3
80002e08:	00000593          	li	a1,0
80002e0c:	014a8533          	add	a0,s5,s4
80002e10:	f21ff0ef          	jal	80002d30 <memset>
80002e14:	00090593          	mv	a1,s2
80002e18:	00048513          	mv	a0,s1
80002e1c:	d0dff0ef          	jal	80002b28 <thread_entry>
80002e20:	00000593          	li	a1,0
80002e24:	00000513          	li	a0,0
80002e28:	1c5000ef          	jal	800037ec <main>
80002e2c:	83818913          	addi	s2,gp,-1992 # 800048a0 <counters>
80002e30:	00092683          	lw	a3,0(s2)
80002e34:	03f10413          	addi	s0,sp,63
80002e38:	fc047413          	andi	s0,s0,-64
80002e3c:	00050493          	mv	s1,a0
80002e40:	04069263          	bnez	a3,80002e84 <_init+0xd8>
80002e44:	00492683          	lw	a3,4(s2)
80002e48:	00069663          	bnez	a3,80002e54 <_init+0xa8>
80002e4c:	00048513          	mv	a0,s1
80002e50:	badff0ef          	jal	800029fc <tohost_exit>
80002e54:	00040913          	mv	s2,s0
80002e58:	83018993          	addi	s3,gp,-2000 # 80004898 <counter_names>
80002e5c:	0049a603          	lw	a2,4(s3)
80002e60:	00090513          	mv	a0,s2
80002e64:	00001597          	auipc	a1,0x1
80002e68:	76458593          	addi	a1,a1,1892 # 800045c8 <main+0xddc>
80002e6c:	d89ff0ef          	jal	80002bf4 <sprintf>
80002e70:	00a90933          	add	s2,s2,a0
80002e74:	fd240ce3          	beq	s0,s2,80002e4c <_init+0xa0>
80002e78:	00040513          	mv	a0,s0
80002e7c:	be9ff0ef          	jal	80002a64 <printstr>
80002e80:	fcdff06f          	j	80002e4c <_init+0xa0>
80002e84:	83018993          	addi	s3,gp,-2000 # 80004898 <counter_names>
80002e88:	0009a603          	lw	a2,0(s3)
80002e8c:	00001597          	auipc	a1,0x1
80002e90:	73c58593          	addi	a1,a1,1852 # 800045c8 <main+0xddc>
80002e94:	00040513          	mv	a0,s0
80002e98:	d5dff0ef          	jal	80002bf4 <sprintf>
80002e9c:	00492683          	lw	a3,4(s2)
80002ea0:	00a40933          	add	s2,s0,a0
80002ea4:	fc0688e3          	beqz	a3,80002e74 <_init+0xc8>
80002ea8:	fb5ff06f          	j	80002e5c <_init+0xb0>

80002eac <strlen>:
80002eac:	00054783          	lbu	a5,0(a0)
80002eb0:	00078e63          	beqz	a5,80002ecc <strlen+0x20>
80002eb4:	00050793          	mv	a5,a0
80002eb8:	0017c703          	lbu	a4,1(a5)
80002ebc:	00178793          	addi	a5,a5,1
80002ec0:	fe071ce3          	bnez	a4,80002eb8 <strlen+0xc>
80002ec4:	40a78533          	sub	a0,a5,a0
80002ec8:	00008067          	ret
80002ecc:	00000513          	li	a0,0
80002ed0:	00008067          	ret

80002ed4 <strnlen>:
80002ed4:	00b506b3          	add	a3,a0,a1
80002ed8:	00050793          	mv	a5,a0
80002edc:	00059863          	bnez	a1,80002eec <strnlen+0x18>
80002ee0:	01c0006f          	j	80002efc <strnlen+0x28>
80002ee4:	00178793          	addi	a5,a5,1
80002ee8:	00d78663          	beq	a5,a3,80002ef4 <strnlen+0x20>
80002eec:	0007c703          	lbu	a4,0(a5)
80002ef0:	fe071ae3          	bnez	a4,80002ee4 <strnlen+0x10>
80002ef4:	40a78533          	sub	a0,a5,a0
80002ef8:	00008067          	ret
80002efc:	00000513          	li	a0,0
80002f00:	00008067          	ret

80002f04 <strcmp>:
80002f04:	00054783          	lbu	a5,0(a0)
80002f08:	00150513          	addi	a0,a0,1
80002f0c:	00158593          	addi	a1,a1,1
80002f10:	fff5c703          	lbu	a4,-1(a1)
80002f14:	00078863          	beqz	a5,80002f24 <strcmp+0x20>
80002f18:	fee786e3          	beq	a5,a4,80002f04 <strcmp>
80002f1c:	40e78533          	sub	a0,a5,a4
80002f20:	00008067          	ret
80002f24:	00000793          	li	a5,0
80002f28:	ff5ff06f          	j	80002f1c <strcmp+0x18>

80002f2c <strcpy>:
80002f2c:	00050793          	mv	a5,a0
80002f30:	0005c703          	lbu	a4,0(a1)
80002f34:	00158593          	addi	a1,a1,1
80002f38:	00178793          	addi	a5,a5,1
80002f3c:	fee78fa3          	sb	a4,-1(a5)
80002f40:	fe0718e3          	bnez	a4,80002f30 <strcpy+0x4>
80002f44:	00008067          	ret

80002f48 <atol>:
80002f48:	00054703          	lbu	a4,0(a0)
80002f4c:	02000693          	li	a3,32
80002f50:	00050793          	mv	a5,a0
80002f54:	00d71a63          	bne	a4,a3,80002f68 <atol+0x20>
80002f58:	00070693          	mv	a3,a4
80002f5c:	0017c703          	lbu	a4,1(a5)
80002f60:	00178793          	addi	a5,a5,1
80002f64:	fed70ce3          	beq	a4,a3,80002f5c <atol+0x14>
80002f68:	02d00693          	li	a3,45
80002f6c:	04d70e63          	beq	a4,a3,80002fc8 <atol+0x80>
80002f70:	02b00693          	li	a3,43
80002f74:	04d70063          	beq	a4,a3,80002fb4 <atol+0x6c>
80002f78:	0007c683          	lbu	a3,0(a5)
80002f7c:	00000593          	li	a1,0
80002f80:	04068c63          	beqz	a3,80002fd8 <atol+0x90>
80002f84:	00000513          	li	a0,0
80002f88:	00178793          	addi	a5,a5,1
80002f8c:	fd068613          	addi	a2,a3,-48
80002f90:	00251713          	slli	a4,a0,0x2
80002f94:	0007c683          	lbu	a3,0(a5)
80002f98:	00a70733          	add	a4,a4,a0
80002f9c:	00171713          	slli	a4,a4,0x1
80002fa0:	00e60533          	add	a0,a2,a4
80002fa4:	fe0692e3          	bnez	a3,80002f88 <atol+0x40>
80002fa8:	02058a63          	beqz	a1,80002fdc <atol+0x94>
80002fac:	40a00533          	neg	a0,a0
80002fb0:	00008067          	ret
80002fb4:	0017c683          	lbu	a3,1(a5)
80002fb8:	00178793          	addi	a5,a5,1
80002fbc:	00068e63          	beqz	a3,80002fd8 <atol+0x90>
80002fc0:	00000593          	li	a1,0
80002fc4:	fc1ff06f          	j	80002f84 <atol+0x3c>
80002fc8:	0017c683          	lbu	a3,1(a5)
80002fcc:	00100593          	li	a1,1
80002fd0:	00b787b3          	add	a5,a5,a1
80002fd4:	fa0698e3          	bnez	a3,80002f84 <atol+0x3c>
80002fd8:	00000513          	li	a0,0
80002fdc:	00008067          	ret

80002fe0 <__udivdi3>:
80002fe0:	00050893          	mv	a7,a0
80002fe4:	00058313          	mv	t1,a1
80002fe8:	00060713          	mv	a4,a2
80002fec:	00050813          	mv	a6,a0
80002ff0:	00058793          	mv	a5,a1
80002ff4:	28069263          	bnez	a3,80003278 <__udivdi3+0x298>
80002ff8:	800045b7          	lui	a1,0x80004
80002ffc:	72c58593          	addi	a1,a1,1836 # 8000472c <__clz_tab>
80003000:	0ec37663          	bgeu	t1,a2,800030ec <__udivdi3+0x10c>
80003004:	000106b7          	lui	a3,0x10
80003008:	0cd67863          	bgeu	a2,a3,800030d8 <__udivdi3+0xf8>
8000300c:	10063693          	sltiu	a3,a2,256
80003010:	0016b693          	seqz	a3,a3
80003014:	00369693          	slli	a3,a3,0x3
80003018:	00d65533          	srl	a0,a2,a3
8000301c:	00a585b3          	add	a1,a1,a0
80003020:	0005c583          	lbu	a1,0(a1)
80003024:	02000513          	li	a0,32
80003028:	00d586b3          	add	a3,a1,a3
8000302c:	40d505b3          	sub	a1,a0,a3
80003030:	00d50c63          	beq	a0,a3,80003048 <__udivdi3+0x68>
80003034:	00b317b3          	sll	a5,t1,a1
80003038:	00d8d6b3          	srl	a3,a7,a3
8000303c:	00b61733          	sll	a4,a2,a1
80003040:	00f6e7b3          	or	a5,a3,a5
80003044:	00b89833          	sll	a6,a7,a1
80003048:	01075593          	srli	a1,a4,0x10
8000304c:	02b7d333          	divu	t1,a5,a1
80003050:	01071613          	slli	a2,a4,0x10
80003054:	01065613          	srli	a2,a2,0x10
80003058:	02b7f7b3          	remu	a5,a5,a1
8000305c:	00030513          	mv	a0,t1
80003060:	026608b3          	mul	a7,a2,t1
80003064:	01079693          	slli	a3,a5,0x10
80003068:	01085793          	srli	a5,a6,0x10
8000306c:	00d7e7b3          	or	a5,a5,a3
80003070:	0117fe63          	bgeu	a5,a7,8000308c <__udivdi3+0xac>
80003074:	00f707b3          	add	a5,a4,a5
80003078:	fff30513          	addi	a0,t1,-1
8000307c:	00e7e863          	bltu	a5,a4,8000308c <__udivdi3+0xac>
80003080:	0117f663          	bgeu	a5,a7,8000308c <__udivdi3+0xac>
80003084:	ffe30513          	addi	a0,t1,-2
80003088:	00e787b3          	add	a5,a5,a4
8000308c:	411787b3          	sub	a5,a5,a7
80003090:	02b7d8b3          	divu	a7,a5,a1
80003094:	01081813          	slli	a6,a6,0x10
80003098:	01085813          	srli	a6,a6,0x10
8000309c:	02b7f7b3          	remu	a5,a5,a1
800030a0:	031606b3          	mul	a3,a2,a7
800030a4:	01079793          	slli	a5,a5,0x10
800030a8:	00f86833          	or	a6,a6,a5
800030ac:	00088793          	mv	a5,a7
800030b0:	00d87c63          	bgeu	a6,a3,800030c8 <__udivdi3+0xe8>
800030b4:	01070833          	add	a6,a4,a6
800030b8:	fff88793          	addi	a5,a7,-1
800030bc:	00e86663          	bltu	a6,a4,800030c8 <__udivdi3+0xe8>
800030c0:	00d87463          	bgeu	a6,a3,800030c8 <__udivdi3+0xe8>
800030c4:	ffe88793          	addi	a5,a7,-2
800030c8:	01051513          	slli	a0,a0,0x10
800030cc:	00f56533          	or	a0,a0,a5
800030d0:	00000593          	li	a1,0
800030d4:	00008067          	ret
800030d8:	01000537          	lui	a0,0x1000
800030dc:	01800693          	li	a3,24
800030e0:	f2a67ce3          	bgeu	a2,a0,80003018 <__udivdi3+0x38>
800030e4:	01000693          	li	a3,16
800030e8:	f31ff06f          	j	80003018 <__udivdi3+0x38>
800030ec:	00000693          	li	a3,0
800030f0:	00060c63          	beqz	a2,80003108 <__udivdi3+0x128>
800030f4:	000107b7          	lui	a5,0x10
800030f8:	0cf67063          	bgeu	a2,a5,800031b8 <__udivdi3+0x1d8>
800030fc:	10063693          	sltiu	a3,a2,256
80003100:	0016b693          	seqz	a3,a3
80003104:	00369693          	slli	a3,a3,0x3
80003108:	00d657b3          	srl	a5,a2,a3
8000310c:	00f585b3          	add	a1,a1,a5
80003110:	0005c783          	lbu	a5,0(a1)
80003114:	00d787b3          	add	a5,a5,a3
80003118:	02000693          	li	a3,32
8000311c:	40f685b3          	sub	a1,a3,a5
80003120:	0af69663          	bne	a3,a5,800031cc <__udivdi3+0x1ec>
80003124:	40c307b3          	sub	a5,t1,a2
80003128:	00100593          	li	a1,1
8000312c:	01075893          	srli	a7,a4,0x10
80003130:	0317de33          	divu	t3,a5,a7
80003134:	01071613          	slli	a2,a4,0x10
80003138:	01065613          	srli	a2,a2,0x10
8000313c:	01085693          	srli	a3,a6,0x10
80003140:	0317f7b3          	remu	a5,a5,a7
80003144:	000e0513          	mv	a0,t3
80003148:	03c60333          	mul	t1,a2,t3
8000314c:	01079793          	slli	a5,a5,0x10
80003150:	00f6e7b3          	or	a5,a3,a5
80003154:	0067fe63          	bgeu	a5,t1,80003170 <__udivdi3+0x190>
80003158:	00f707b3          	add	a5,a4,a5
8000315c:	fffe0513          	addi	a0,t3,-1
80003160:	00e7e863          	bltu	a5,a4,80003170 <__udivdi3+0x190>
80003164:	0067f663          	bgeu	a5,t1,80003170 <__udivdi3+0x190>
80003168:	ffee0513          	addi	a0,t3,-2
8000316c:	00e787b3          	add	a5,a5,a4
80003170:	406787b3          	sub	a5,a5,t1
80003174:	0317d333          	divu	t1,a5,a7
80003178:	01081813          	slli	a6,a6,0x10
8000317c:	01085813          	srli	a6,a6,0x10
80003180:	0317f7b3          	remu	a5,a5,a7
80003184:	026606b3          	mul	a3,a2,t1
80003188:	01079793          	slli	a5,a5,0x10
8000318c:	00f86833          	or	a6,a6,a5
80003190:	00030793          	mv	a5,t1
80003194:	00d87c63          	bgeu	a6,a3,800031ac <__udivdi3+0x1cc>
80003198:	01070833          	add	a6,a4,a6
8000319c:	fff30793          	addi	a5,t1,-1
800031a0:	00e86663          	bltu	a6,a4,800031ac <__udivdi3+0x1cc>
800031a4:	00d87463          	bgeu	a6,a3,800031ac <__udivdi3+0x1cc>
800031a8:	ffe30793          	addi	a5,t1,-2
800031ac:	01051513          	slli	a0,a0,0x10
800031b0:	00f56533          	or	a0,a0,a5
800031b4:	00008067          	ret
800031b8:	010007b7          	lui	a5,0x1000
800031bc:	01800693          	li	a3,24
800031c0:	f4f674e3          	bgeu	a2,a5,80003108 <__udivdi3+0x128>
800031c4:	01000693          	li	a3,16
800031c8:	f41ff06f          	j	80003108 <__udivdi3+0x128>
800031cc:	00b61733          	sll	a4,a2,a1
800031d0:	00f356b3          	srl	a3,t1,a5
800031d4:	01075513          	srli	a0,a4,0x10
800031d8:	00b31333          	sll	t1,t1,a1
800031dc:	00f8d7b3          	srl	a5,a7,a5
800031e0:	0067e7b3          	or	a5,a5,t1
800031e4:	02a6d333          	divu	t1,a3,a0
800031e8:	01071613          	slli	a2,a4,0x10
800031ec:	01065613          	srli	a2,a2,0x10
800031f0:	00b89833          	sll	a6,a7,a1
800031f4:	02a6f6b3          	remu	a3,a3,a0
800031f8:	026608b3          	mul	a7,a2,t1
800031fc:	01069593          	slli	a1,a3,0x10
80003200:	0107d693          	srli	a3,a5,0x10
80003204:	00b6e6b3          	or	a3,a3,a1
80003208:	00030593          	mv	a1,t1
8000320c:	0116fe63          	bgeu	a3,a7,80003228 <__udivdi3+0x248>
80003210:	00d706b3          	add	a3,a4,a3
80003214:	fff30593          	addi	a1,t1,-1
80003218:	00e6e863          	bltu	a3,a4,80003228 <__udivdi3+0x248>
8000321c:	0116f663          	bgeu	a3,a7,80003228 <__udivdi3+0x248>
80003220:	ffe30593          	addi	a1,t1,-2
80003224:	00e686b3          	add	a3,a3,a4
80003228:	411686b3          	sub	a3,a3,a7
8000322c:	02a6d8b3          	divu	a7,a3,a0
80003230:	01079793          	slli	a5,a5,0x10
80003234:	0107d793          	srli	a5,a5,0x10
80003238:	02a6f6b3          	remu	a3,a3,a0
8000323c:	03160633          	mul	a2,a2,a7
80003240:	01069693          	slli	a3,a3,0x10
80003244:	00d7e7b3          	or	a5,a5,a3
80003248:	00088693          	mv	a3,a7
8000324c:	00c7fe63          	bgeu	a5,a2,80003268 <__udivdi3+0x288>
80003250:	00f707b3          	add	a5,a4,a5
80003254:	fff88693          	addi	a3,a7,-1
80003258:	00e7e863          	bltu	a5,a4,80003268 <__udivdi3+0x288>
8000325c:	00c7f663          	bgeu	a5,a2,80003268 <__udivdi3+0x288>
80003260:	ffe88693          	addi	a3,a7,-2
80003264:	00e787b3          	add	a5,a5,a4
80003268:	01059593          	slli	a1,a1,0x10
8000326c:	40c787b3          	sub	a5,a5,a2
80003270:	00d5e5b3          	or	a1,a1,a3
80003274:	eb9ff06f          	j	8000312c <__udivdi3+0x14c>
80003278:	18d5e463          	bltu	a1,a3,80003400 <__udivdi3+0x420>
8000327c:	000107b7          	lui	a5,0x10
80003280:	04f6f463          	bgeu	a3,a5,800032c8 <__udivdi3+0x2e8>
80003284:	1006b793          	sltiu	a5,a3,256
80003288:	0017b793          	seqz	a5,a5
8000328c:	00379793          	slli	a5,a5,0x3
80003290:	80004737          	lui	a4,0x80004
80003294:	00f6d5b3          	srl	a1,a3,a5
80003298:	72c70713          	addi	a4,a4,1836 # 8000472c <__clz_tab>
8000329c:	00b70733          	add	a4,a4,a1
800032a0:	00074703          	lbu	a4,0(a4)
800032a4:	00f70733          	add	a4,a4,a5
800032a8:	02000793          	li	a5,32
800032ac:	40e785b3          	sub	a1,a5,a4
800032b0:	02e79663          	bne	a5,a4,800032dc <__udivdi3+0x2fc>
800032b4:	00100513          	li	a0,1
800032b8:	e066eee3          	bltu	a3,t1,800030d4 <__udivdi3+0xf4>
800032bc:	00c8b533          	sltu	a0,a7,a2
800032c0:	00153513          	seqz	a0,a0
800032c4:	00008067          	ret
800032c8:	01000737          	lui	a4,0x1000
800032cc:	01800793          	li	a5,24
800032d0:	fce6f0e3          	bgeu	a3,a4,80003290 <__udivdi3+0x2b0>
800032d4:	01000793          	li	a5,16
800032d8:	fb9ff06f          	j	80003290 <__udivdi3+0x2b0>
800032dc:	00e65533          	srl	a0,a2,a4
800032e0:	00b696b3          	sll	a3,a3,a1
800032e4:	00e357b3          	srl	a5,t1,a4
800032e8:	00d56533          	or	a0,a0,a3
800032ec:	00b31333          	sll	t1,t1,a1
800032f0:	00e8d733          	srl	a4,a7,a4
800032f4:	00676733          	or	a4,a4,t1
800032f8:	01055313          	srli	t1,a0,0x10
800032fc:	0267deb3          	divu	t4,a5,t1
80003300:	01051813          	slli	a6,a0,0x10
80003304:	01085813          	srli	a6,a6,0x10
80003308:	01075693          	srli	a3,a4,0x10
8000330c:	00b61633          	sll	a2,a2,a1
80003310:	0267f7b3          	remu	a5,a5,t1
80003314:	03d80e33          	mul	t3,a6,t4
80003318:	01079793          	slli	a5,a5,0x10
8000331c:	00f6e6b3          	or	a3,a3,a5
80003320:	000e8793          	mv	a5,t4
80003324:	01c6fe63          	bgeu	a3,t3,80003340 <__udivdi3+0x360>
80003328:	00d506b3          	add	a3,a0,a3
8000332c:	fffe8793          	addi	a5,t4,-1
80003330:	00a6e863          	bltu	a3,a0,80003340 <__udivdi3+0x360>
80003334:	01c6f663          	bgeu	a3,t3,80003340 <__udivdi3+0x360>
80003338:	ffee8793          	addi	a5,t4,-2
8000333c:	00a686b3          	add	a3,a3,a0
80003340:	41c686b3          	sub	a3,a3,t3
80003344:	0266de33          	divu	t3,a3,t1
80003348:	01071713          	slli	a4,a4,0x10
8000334c:	01075713          	srli	a4,a4,0x10
80003350:	0266f6b3          	remu	a3,a3,t1
80003354:	03c80833          	mul	a6,a6,t3
80003358:	01069693          	slli	a3,a3,0x10
8000335c:	00d76733          	or	a4,a4,a3
80003360:	000e0693          	mv	a3,t3
80003364:	01077e63          	bgeu	a4,a6,80003380 <__udivdi3+0x3a0>
80003368:	00e50733          	add	a4,a0,a4
8000336c:	fffe0693          	addi	a3,t3,-1
80003370:	00a76863          	bltu	a4,a0,80003380 <__udivdi3+0x3a0>
80003374:	01077663          	bgeu	a4,a6,80003380 <__udivdi3+0x3a0>
80003378:	ffee0693          	addi	a3,t3,-2
8000337c:	00a70733          	add	a4,a4,a0
80003380:	01079793          	slli	a5,a5,0x10
80003384:	00d7e533          	or	a0,a5,a3
80003388:	01061313          	slli	t1,a2,0x10
8000338c:	01069693          	slli	a3,a3,0x10
80003390:	0106d693          	srli	a3,a3,0x10
80003394:	01035313          	srli	t1,t1,0x10
80003398:	01065613          	srli	a2,a2,0x10
8000339c:	41070733          	sub	a4,a4,a6
800033a0:	01055813          	srli	a6,a0,0x10
800033a4:	02668e33          	mul	t3,a3,t1
800033a8:	02680333          	mul	t1,a6,t1
800033ac:	010e5793          	srli	a5,t3,0x10
800033b0:	02c686b3          	mul	a3,a3,a2
800033b4:	006686b3          	add	a3,a3,t1
800033b8:	00d787b3          	add	a5,a5,a3
800033bc:	02c80833          	mul	a6,a6,a2
800033c0:	0067f663          	bgeu	a5,t1,800033cc <__udivdi3+0x3ec>
800033c4:	000106b7          	lui	a3,0x10
800033c8:	00d80833          	add	a6,a6,a3
800033cc:	0107d693          	srli	a3,a5,0x10
800033d0:	010686b3          	add	a3,a3,a6
800033d4:	02d76263          	bltu	a4,a3,800033f8 <__udivdi3+0x418>
800033d8:	ced71ce3          	bne	a4,a3,800030d0 <__udivdi3+0xf0>
800033dc:	010e1e13          	slli	t3,t3,0x10
800033e0:	01079793          	slli	a5,a5,0x10
800033e4:	010e5e13          	srli	t3,t3,0x10
800033e8:	00b898b3          	sll	a7,a7,a1
800033ec:	01c787b3          	add	a5,a5,t3
800033f0:	00000593          	li	a1,0
800033f4:	cef8f0e3          	bgeu	a7,a5,800030d4 <__udivdi3+0xf4>
800033f8:	fff50513          	addi	a0,a0,-1 # ffffff <buflen.1+0xffffbf>
800033fc:	cd5ff06f          	j	800030d0 <__udivdi3+0xf0>
80003400:	00000593          	li	a1,0
80003404:	00000513          	li	a0,0
80003408:	00008067          	ret

8000340c <__umoddi3>:
8000340c:	00060813          	mv	a6,a2
80003410:	00050793          	mv	a5,a0
80003414:	00058713          	mv	a4,a1
80003418:	20069663          	bnez	a3,80003624 <__umoddi3+0x218>
8000341c:	800048b7          	lui	a7,0x80004
80003420:	72c88893          	addi	a7,a7,1836 # 8000472c <__clz_tab>
80003424:	0cc5fc63          	bgeu	a1,a2,800034fc <__umoddi3+0xf0>
80003428:	000106b7          	lui	a3,0x10
8000342c:	0ad67e63          	bgeu	a2,a3,800034e8 <__umoddi3+0xdc>
80003430:	10063693          	sltiu	a3,a2,256
80003434:	0016b693          	seqz	a3,a3
80003438:	00369693          	slli	a3,a3,0x3
8000343c:	00d65333          	srl	t1,a2,a3
80003440:	006888b3          	add	a7,a7,t1
80003444:	0008c883          	lbu	a7,0(a7)
80003448:	02000313          	li	t1,32
8000344c:	00d886b3          	add	a3,a7,a3
80003450:	40d308b3          	sub	a7,t1,a3
80003454:	00d30c63          	beq	t1,a3,8000346c <__umoddi3+0x60>
80003458:	01159733          	sll	a4,a1,a7
8000345c:	00d556b3          	srl	a3,a0,a3
80003460:	01161833          	sll	a6,a2,a7
80003464:	00e6e733          	or	a4,a3,a4
80003468:	011517b3          	sll	a5,a0,a7
8000346c:	01085613          	srli	a2,a6,0x10
80003470:	02c756b3          	divu	a3,a4,a2
80003474:	01081513          	slli	a0,a6,0x10
80003478:	01055513          	srli	a0,a0,0x10
8000347c:	02c77733          	remu	a4,a4,a2
80003480:	02a686b3          	mul	a3,a3,a0
80003484:	01071593          	slli	a1,a4,0x10
80003488:	0107d713          	srli	a4,a5,0x10
8000348c:	00b76733          	or	a4,a4,a1
80003490:	00d77a63          	bgeu	a4,a3,800034a4 <__umoddi3+0x98>
80003494:	00e80733          	add	a4,a6,a4
80003498:	01076663          	bltu	a4,a6,800034a4 <__umoddi3+0x98>
8000349c:	00d77463          	bgeu	a4,a3,800034a4 <__umoddi3+0x98>
800034a0:	01070733          	add	a4,a4,a6
800034a4:	40d70733          	sub	a4,a4,a3
800034a8:	02c756b3          	divu	a3,a4,a2
800034ac:	02c77733          	remu	a4,a4,a2
800034b0:	02a686b3          	mul	a3,a3,a0
800034b4:	01079793          	slli	a5,a5,0x10
800034b8:	01071713          	slli	a4,a4,0x10
800034bc:	0107d793          	srli	a5,a5,0x10
800034c0:	00e7e7b3          	or	a5,a5,a4
800034c4:	00d7fa63          	bgeu	a5,a3,800034d8 <__umoddi3+0xcc>
800034c8:	00f807b3          	add	a5,a6,a5
800034cc:	0107e663          	bltu	a5,a6,800034d8 <__umoddi3+0xcc>
800034d0:	00d7f463          	bgeu	a5,a3,800034d8 <__umoddi3+0xcc>
800034d4:	010787b3          	add	a5,a5,a6
800034d8:	40d787b3          	sub	a5,a5,a3
800034dc:	0117d533          	srl	a0,a5,a7
800034e0:	00000593          	li	a1,0
800034e4:	00008067          	ret
800034e8:	01000337          	lui	t1,0x1000
800034ec:	01800693          	li	a3,24
800034f0:	f46676e3          	bgeu	a2,t1,8000343c <__umoddi3+0x30>
800034f4:	01000693          	li	a3,16
800034f8:	f45ff06f          	j	8000343c <__umoddi3+0x30>
800034fc:	00000693          	li	a3,0
80003500:	00060c63          	beqz	a2,80003518 <__umoddi3+0x10c>
80003504:	00010737          	lui	a4,0x10
80003508:	06e67e63          	bgeu	a2,a4,80003584 <__umoddi3+0x178>
8000350c:	10063693          	sltiu	a3,a2,256
80003510:	0016b693          	seqz	a3,a3
80003514:	00369693          	slli	a3,a3,0x3
80003518:	00d65733          	srl	a4,a2,a3
8000351c:	00e888b3          	add	a7,a7,a4
80003520:	0008c703          	lbu	a4,0(a7)
80003524:	00d70733          	add	a4,a4,a3
80003528:	02000693          	li	a3,32
8000352c:	40e688b3          	sub	a7,a3,a4
80003530:	06e69463          	bne	a3,a4,80003598 <__umoddi3+0x18c>
80003534:	40c58733          	sub	a4,a1,a2
80003538:	01085593          	srli	a1,a6,0x10
8000353c:	02b75633          	divu	a2,a4,a1
80003540:	01081513          	slli	a0,a6,0x10
80003544:	01055513          	srli	a0,a0,0x10
80003548:	0107d693          	srli	a3,a5,0x10
8000354c:	02b77733          	remu	a4,a4,a1
80003550:	02a60633          	mul	a2,a2,a0
80003554:	01071713          	slli	a4,a4,0x10
80003558:	00e6e733          	or	a4,a3,a4
8000355c:	00c77a63          	bgeu	a4,a2,80003570 <__umoddi3+0x164>
80003560:	00e80733          	add	a4,a6,a4
80003564:	01076663          	bltu	a4,a6,80003570 <__umoddi3+0x164>
80003568:	00c77463          	bgeu	a4,a2,80003570 <__umoddi3+0x164>
8000356c:	01070733          	add	a4,a4,a6
80003570:	40c70733          	sub	a4,a4,a2
80003574:	02b756b3          	divu	a3,a4,a1
80003578:	02b77733          	remu	a4,a4,a1
8000357c:	02a686b3          	mul	a3,a3,a0
80003580:	f35ff06f          	j	800034b4 <__umoddi3+0xa8>
80003584:	01000737          	lui	a4,0x1000
80003588:	01800693          	li	a3,24
8000358c:	f8e676e3          	bgeu	a2,a4,80003518 <__umoddi3+0x10c>
80003590:	01000693          	li	a3,16
80003594:	f85ff06f          	j	80003518 <__umoddi3+0x10c>
80003598:	01161833          	sll	a6,a2,a7
8000359c:	00e5d6b3          	srl	a3,a1,a4
800035a0:	011517b3          	sll	a5,a0,a7
800035a4:	011595b3          	sll	a1,a1,a7
800035a8:	00e55733          	srl	a4,a0,a4
800035ac:	01085513          	srli	a0,a6,0x10
800035b0:	00b76733          	or	a4,a4,a1
800035b4:	02a6d5b3          	divu	a1,a3,a0
800035b8:	01081313          	slli	t1,a6,0x10
800035bc:	01035313          	srli	t1,t1,0x10
800035c0:	02a6f6b3          	remu	a3,a3,a0
800035c4:	026585b3          	mul	a1,a1,t1
800035c8:	01069613          	slli	a2,a3,0x10
800035cc:	01075693          	srli	a3,a4,0x10
800035d0:	00c6e6b3          	or	a3,a3,a2
800035d4:	00b6fa63          	bgeu	a3,a1,800035e8 <__umoddi3+0x1dc>
800035d8:	00d806b3          	add	a3,a6,a3
800035dc:	0106e663          	bltu	a3,a6,800035e8 <__umoddi3+0x1dc>
800035e0:	00b6f463          	bgeu	a3,a1,800035e8 <__umoddi3+0x1dc>
800035e4:	010686b3          	add	a3,a3,a6
800035e8:	40b686b3          	sub	a3,a3,a1
800035ec:	02a6d633          	divu	a2,a3,a0
800035f0:	01071713          	slli	a4,a4,0x10
800035f4:	01075713          	srli	a4,a4,0x10
800035f8:	02a6f6b3          	remu	a3,a3,a0
800035fc:	02660633          	mul	a2,a2,t1
80003600:	01069693          	slli	a3,a3,0x10
80003604:	00d76733          	or	a4,a4,a3
80003608:	00c77a63          	bgeu	a4,a2,8000361c <__umoddi3+0x210>
8000360c:	00e80733          	add	a4,a6,a4
80003610:	01076663          	bltu	a4,a6,8000361c <__umoddi3+0x210>
80003614:	00c77463          	bgeu	a4,a2,8000361c <__umoddi3+0x210>
80003618:	01070733          	add	a4,a4,a6
8000361c:	40c70733          	sub	a4,a4,a2
80003620:	f19ff06f          	j	80003538 <__umoddi3+0x12c>
80003624:	1cd5e263          	bltu	a1,a3,800037e8 <__umoddi3+0x3dc>
80003628:	00010837          	lui	a6,0x10
8000362c:	0506fe63          	bgeu	a3,a6,80003688 <__umoddi3+0x27c>
80003630:	1006b813          	sltiu	a6,a3,256
80003634:	00183813          	seqz	a6,a6
80003638:	00381813          	slli	a6,a6,0x3
8000363c:	800048b7          	lui	a7,0x80004
80003640:	0106d333          	srl	t1,a3,a6
80003644:	72c88893          	addi	a7,a7,1836 # 8000472c <__clz_tab>
80003648:	006888b3          	add	a7,a7,t1
8000364c:	0008c883          	lbu	a7,0(a7)
80003650:	02000313          	li	t1,32
80003654:	010888b3          	add	a7,a7,a6
80003658:	41130833          	sub	a6,t1,a7
8000365c:	05131063          	bne	t1,a7,8000369c <__umoddi3+0x290>
80003660:	00b6e463          	bltu	a3,a1,80003668 <__umoddi3+0x25c>
80003664:	00c56c63          	bltu	a0,a2,8000367c <__umoddi3+0x270>
80003668:	40c50633          	sub	a2,a0,a2
8000366c:	40d586b3          	sub	a3,a1,a3
80003670:	00c53733          	sltu	a4,a0,a2
80003674:	00060793          	mv	a5,a2
80003678:	40e68733          	sub	a4,a3,a4
8000367c:	00078513          	mv	a0,a5
80003680:	00070593          	mv	a1,a4
80003684:	00008067          	ret
80003688:	010008b7          	lui	a7,0x1000
8000368c:	01800813          	li	a6,24
80003690:	fb16f6e3          	bgeu	a3,a7,8000363c <__umoddi3+0x230>
80003694:	01000813          	li	a6,16
80003698:	fa5ff06f          	j	8000363c <__umoddi3+0x230>
8000369c:	011657b3          	srl	a5,a2,a7
800036a0:	010696b3          	sll	a3,a3,a6
800036a4:	00d7e6b3          	or	a3,a5,a3
800036a8:	0115d733          	srl	a4,a1,a7
800036ac:	0106d313          	srli	t1,a3,0x10
800036b0:	02675f33          	divu	t5,a4,t1
800036b4:	01069e13          	slli	t3,a3,0x10
800036b8:	010e5e13          	srli	t3,t3,0x10
800036bc:	010597b3          	sll	a5,a1,a6
800036c0:	011555b3          	srl	a1,a0,a7
800036c4:	00f5e5b3          	or	a1,a1,a5
800036c8:	0105d793          	srli	a5,a1,0x10
800036cc:	01061633          	sll	a2,a2,a6
800036d0:	01051533          	sll	a0,a0,a6
800036d4:	02677733          	remu	a4,a4,t1
800036d8:	03ee0eb3          	mul	t4,t3,t5
800036dc:	01071713          	slli	a4,a4,0x10
800036e0:	00e7e7b3          	or	a5,a5,a4
800036e4:	000f0713          	mv	a4,t5
800036e8:	01d7fe63          	bgeu	a5,t4,80003704 <__umoddi3+0x2f8>
800036ec:	00f687b3          	add	a5,a3,a5
800036f0:	ffff0713          	addi	a4,t5,-1
800036f4:	00d7e863          	bltu	a5,a3,80003704 <__umoddi3+0x2f8>
800036f8:	01d7f663          	bgeu	a5,t4,80003704 <__umoddi3+0x2f8>
800036fc:	ffef0713          	addi	a4,t5,-2
80003700:	00d787b3          	add	a5,a5,a3
80003704:	41d787b3          	sub	a5,a5,t4
80003708:	0267deb3          	divu	t4,a5,t1
8000370c:	01059593          	slli	a1,a1,0x10
80003710:	0105d593          	srli	a1,a1,0x10
80003714:	0267f7b3          	remu	a5,a5,t1
80003718:	000e8313          	mv	t1,t4
8000371c:	03de0e33          	mul	t3,t3,t4
80003720:	01079793          	slli	a5,a5,0x10
80003724:	00f5e5b3          	or	a1,a1,a5
80003728:	01c5fe63          	bgeu	a1,t3,80003744 <__umoddi3+0x338>
8000372c:	00b685b3          	add	a1,a3,a1
80003730:	fffe8313          	addi	t1,t4,-1
80003734:	00d5e863          	bltu	a1,a3,80003744 <__umoddi3+0x338>
80003738:	01c5f663          	bgeu	a1,t3,80003744 <__umoddi3+0x338>
8000373c:	ffee8313          	addi	t1,t4,-2
80003740:	00d585b3          	add	a1,a1,a3
80003744:	01071793          	slli	a5,a4,0x10
80003748:	0067e7b3          	or	a5,a5,t1
8000374c:	41c585b3          	sub	a1,a1,t3
80003750:	01031313          	slli	t1,t1,0x10
80003754:	01061e13          	slli	t3,a2,0x10
80003758:	01065713          	srli	a4,a2,0x10
8000375c:	01035313          	srli	t1,t1,0x10
80003760:	0107d793          	srli	a5,a5,0x10
80003764:	010e5e13          	srli	t3,t3,0x10
80003768:	03c30eb3          	mul	t4,t1,t3
8000376c:	03c78e33          	mul	t3,a5,t3
80003770:	02e30333          	mul	t1,t1,a4
80003774:	02e787b3          	mul	a5,a5,a4
80003778:	01c30333          	add	t1,t1,t3
8000377c:	010ed713          	srli	a4,t4,0x10
80003780:	00670733          	add	a4,a4,t1
80003784:	01c77663          	bgeu	a4,t3,80003790 <__umoddi3+0x384>
80003788:	00010337          	lui	t1,0x10
8000378c:	006787b3          	add	a5,a5,t1
80003790:	01075313          	srli	t1,a4,0x10
80003794:	010e9e93          	slli	t4,t4,0x10
80003798:	01071713          	slli	a4,a4,0x10
8000379c:	010ede93          	srli	t4,t4,0x10
800037a0:	00f307b3          	add	a5,t1,a5
800037a4:	01d70733          	add	a4,a4,t4
800037a8:	00f5e663          	bltu	a1,a5,800037b4 <__umoddi3+0x3a8>
800037ac:	00f59e63          	bne	a1,a5,800037c8 <__umoddi3+0x3bc>
800037b0:	00e57c63          	bgeu	a0,a4,800037c8 <__umoddi3+0x3bc>
800037b4:	40c70633          	sub	a2,a4,a2
800037b8:	00c73333          	sltu	t1,a4,a2
800037bc:	00d306b3          	add	a3,t1,a3
800037c0:	00060713          	mv	a4,a2
800037c4:	40d787b3          	sub	a5,a5,a3
800037c8:	40e50733          	sub	a4,a0,a4
800037cc:	00e53533          	sltu	a0,a0,a4
800037d0:	40f585b3          	sub	a1,a1,a5
800037d4:	40a585b3          	sub	a1,a1,a0
800037d8:	011598b3          	sll	a7,a1,a7
800037dc:	01075733          	srl	a4,a4,a6
800037e0:	00e8e533          	or	a0,a7,a4
800037e4:	0105d5b3          	srl	a1,a1,a6
800037e8:	00008067          	ret

Disassembly of section .text.startup:

800037ec <main>:
800037ec:	f6010113          	addi	sp,sp,-160
800037f0:	08112e23          	sw	ra,156(sp)
800037f4:	08812c23          	sw	s0,152(sp)
800037f8:	07b12623          	sw	s11,108(sp)
800037fc:	0a010413          	addi	s0,sp,160
80003800:	08912a23          	sw	s1,148(sp)
80003804:	09212823          	sw	s2,144(sp)
80003808:	09312623          	sw	s3,140(sp)
8000380c:	09412423          	sw	s4,136(sp)
80003810:	09512223          	sw	s5,132(sp)
80003814:	09612023          	sw	s6,128(sp)
80003818:	07712e23          	sw	s7,124(sp)
8000381c:	07812c23          	sw	s8,120(sp)
80003820:	07912a23          	sw	s9,116(sp)
80003824:	07a12823          	sw	s10,112(sp)
80003828:	fc010113          	addi	sp,sp,-64
8000382c:	00000717          	auipc	a4,0x0
80003830:	7b870713          	addi	a4,a4,1976 # 80003fe4 <main+0x7f8>
80003834:	00f10613          	addi	a2,sp,15
80003838:	fc010113          	addi	sp,sp,-64
8000383c:	00072683          	lw	a3,0(a4)
80003840:	00f10793          	addi	a5,sp,15
80003844:	ff07f793          	andi	a5,a5,-16
80003848:	00472f03          	lw	t5,4(a4)
8000384c:	00872e83          	lw	t4,8(a4)
80003850:	00c72e03          	lw	t3,12(a4)
80003854:	01072303          	lw	t1,16(a4)
80003858:	01472883          	lw	a7,20(a4)
8000385c:	01872803          	lw	a6,24(a4)
80003860:	00000517          	auipc	a0,0x0
80003864:	7a055503          	lhu	a0,1952(a0) # 80004000 <main+0x814>
80003868:	00000597          	auipc	a1,0x0
8000386c:	79a5c583          	lbu	a1,1946(a1) # 80004002 <main+0x816>
80003870:	00200f93          	li	t6,2
80003874:	ff067613          	andi	a2,a2,-16
80003878:	01f7a423          	sw	t6,8(a5) # 10008 <buflen.1+0xffc8>
8000387c:	02800713          	li	a4,40
80003880:	82818f93          	addi	t6,gp,-2008 # 80004890 <Next_Ptr_Glob>
80003884:	00cfa023          	sw	a2,0(t6)
80003888:	00c7a023          	sw	a2,0(a5)
8000388c:	00e7a623          	sw	a4,12(a5)
80003890:	00d7a823          	sw	a3,16(a5)
80003894:	0007a223          	sw	zero,4(a5)
80003898:	82c18d93          	addi	s11,gp,-2004 # 80004894 <Ptr_Glob>
8000389c:	01e7aa23          	sw	t5,20(a5)
800038a0:	00001697          	auipc	a3,0x1
800038a4:	c9468693          	addi	a3,a3,-876 # 80004534 <main+0xd48>
800038a8:	01d7ac23          	sw	t4,24(a5)
800038ac:	01c7ae23          	sw	t3,28(a5)
800038b0:	0267a023          	sw	t1,32(a5)
800038b4:	0317a223          	sw	a7,36(a5)
800038b8:	0307a423          	sw	a6,40(a5)
800038bc:	02a79623          	sh	a0,44(a5)
800038c0:	02b78723          	sb	a1,46(a5)
800038c4:	00fda023          	sw	a5,0(s11)
800038c8:	00001797          	auipc	a5,0x1
800038cc:	c8a7c783          	lbu	a5,-886(a5) # 80004552 <main+0xd66>
800038d0:	0006ae83          	lw	t4,0(a3)
800038d4:	0046ae03          	lw	t3,4(a3)
800038d8:	0086a303          	lw	t1,8(a3)
800038dc:	00c6a883          	lw	a7,12(a3)
800038e0:	0106a803          	lw	a6,16(a3)
800038e4:	0146a583          	lw	a1,20(a3)
800038e8:	0186a603          	lw	a2,24(a3)
800038ec:	00001717          	auipc	a4,0x1
800038f0:	c6475703          	lhu	a4,-924(a4) # 80004550 <main+0xd64>
800038f4:	00a00693          	li	a3,10
800038f8:	00000517          	auipc	a0,0x0
800038fc:	71050513          	addi	a0,a0,1808 # 80004008 <main+0x81c>
80003900:	f8f40f23          	sb	a5,-98(s0)
80003904:	00001797          	auipc	a5,0x1
80003908:	06c78793          	addi	a5,a5,108 # 80004970 <Arr_2_Glob>
8000390c:	64d7ae23          	sw	a3,1628(a5)
80003910:	f9d42023          	sw	t4,-128(s0)
80003914:	f9c42223          	sw	t3,-124(s0)
80003918:	f8642423          	sw	t1,-120(s0)
8000391c:	f9142623          	sw	a7,-116(s0)
80003920:	f9042823          	sw	a6,-112(s0)
80003924:	f8b42a23          	sw	a1,-108(s0)
80003928:	f8c42c23          	sw	a2,-104(s0)
8000392c:	f8e41e23          	sh	a4,-100(s0)
80003930:	8a5fe0ef          	jal	800021d4 <debug_printf>
80003934:	00000597          	auipc	a1,0x0
80003938:	6d858593          	addi	a1,a1,1752 # 8000400c <main+0x820>
8000393c:	00000517          	auipc	a0,0x0
80003940:	6e050513          	addi	a0,a0,1760 # 8000401c <main+0x830>
80003944:	891fe0ef          	jal	800021d4 <debug_printf>
80003948:	8181a783          	lw	a5,-2024(gp) # 80004880 <Reg>
8000394c:	66078263          	beqz	a5,80003fb0 <main+0x7c4>
80003950:	00000517          	auipc	a0,0x0
80003954:	6f050513          	addi	a0,a0,1776 # 80004040 <main+0x854>
80003958:	87dfe0ef          	jal	800021d4 <debug_printf>
8000395c:	000f4637          	lui	a2,0xf4
80003960:	24060613          	addi	a2,a2,576 # f4240 <buflen.1+0xf4200>
80003964:	00000597          	auipc	a1,0x0
80003968:	73858593          	addi	a1,a1,1848 # 8000409c <main+0x8b0>
8000396c:	00000517          	auipc	a0,0x0
80003970:	73c50513          	addi	a0,a0,1852 # 800040a8 <main+0x8bc>
80003974:	861fe0ef          	jal	800021d4 <debug_printf>
80003978:	00000517          	auipc	a0,0x0
8000397c:	69050513          	addi	a0,a0,1680 # 80004008 <main+0x81c>
80003980:	855fe0ef          	jal	800021d4 <debug_printf>
80003984:	00001797          	auipc	a5,0x1
80003988:	bec7d783          	lhu	a5,-1044(a5) # 80004570 <main+0xd84>
8000398c:	00001917          	auipc	s2,0x1
80003990:	bc890913          	addi	s2,s2,-1080 # 80004554 <main+0xd68>
80003994:	82418b93          	addi	s7,gp,-2012 # 8000488c <Int_Glob>
80003998:	f6f42623          	sw	a5,-148(s0)
8000399c:	00001797          	auipc	a5,0x1
800039a0:	bd67c783          	lbu	a5,-1066(a5) # 80004572 <main+0xd86>
800039a4:	00001497          	auipc	s1,0x1
800039a8:	bd048493          	addi	s1,s1,-1072 # 80004574 <main+0xd88>
800039ac:	f6f42423          	sw	a5,-152(s0)
800039b0:	8001aa23          	sw	zero,-2028(gp) # 8000487c <Done>
800039b4:	1f400793          	li	a5,500
800039b8:	f6f42223          	sw	a5,-156(s0)
800039bc:	f6442a03          	lw	s4,-156(s0)
800039c0:	00000517          	auipc	a0,0x0
800039c4:	6fc50513          	addi	a0,a0,1788 # 800040bc <main+0x8d0>
800039c8:	000a0593          	mv	a1,s4
800039cc:	809fe0ef          	jal	800021d4 <debug_printf>
800039d0:	00100513          	li	a0,1
800039d4:	fd1fe0ef          	jal	800029a4 <setStats>
800039d8:	b00027f3          	csrr	a5,mcycle
800039dc:	00100993          	li	s3,1
800039e0:	81018713          	addi	a4,gp,-2032 # 80004878 <Begin_Time>
800039e4:	00f72023          	sw	a5,0(a4)
800039e8:	013a0d33          	add	s10,s4,s3
800039ec:	00700c93          	li	s9,7
800039f0:	00300c13          	li	s8,3
800039f4:	9e1fe0ef          	jal	800023d4 <Proc_5>
800039f8:	9b5fe0ef          	jal	800023ac <Proc_4>
800039fc:	f6c42803          	lw	a6,-148(s0)
80003a00:	00092783          	lw	a5,0(s2)
80003a04:	00492503          	lw	a0,4(s2)
80003a08:	00892583          	lw	a1,8(s2)
80003a0c:	fb041e23          	sh	a6,-68(s0)
80003a10:	f6842803          	lw	a6,-152(s0)
80003a14:	01092683          	lw	a3,16(s2)
80003a18:	00c92603          	lw	a2,12(s2)
80003a1c:	01492703          	lw	a4,20(s2)
80003a20:	faf42023          	sw	a5,-96(s0)
80003a24:	01892783          	lw	a5,24(s2)
80003a28:	fb040f23          	sb	a6,-66(s0)
80003a2c:	faa42223          	sw	a0,-92(s0)
80003a30:	00100813          	li	a6,1
80003a34:	fab42423          	sw	a1,-88(s0)
80003a38:	f8040513          	addi	a0,s0,-128
80003a3c:	fa040593          	addi	a1,s0,-96
80003a40:	f7042e23          	sw	a6,-132(s0)
80003a44:	fad42823          	sw	a3,-80(s0)
80003a48:	fac42623          	sw	a2,-84(s0)
80003a4c:	fae42a23          	sw	a4,-76(s0)
80003a50:	faf42c23          	sw	a5,-72(s0)
80003a54:	e40fe0ef          	jal	80002094 <Func_2>
80003a58:	00153793          	seqz	a5,a0
80003a5c:	82018713          	addi	a4,gp,-2016 # 80004888 <Bool_Glob>
80003a60:	f7840613          	addi	a2,s0,-136
80003a64:	00300593          	li	a1,3
80003a68:	00200513          	li	a0,2
80003a6c:	00f72023          	sw	a5,0(a4)
80003a70:	f7942c23          	sw	s9,-136(s0)
80003a74:	d8cfe0ef          	jal	80002000 <Proc_7>
80003a78:	f7842683          	lw	a3,-136(s0)
80003a7c:	00300613          	li	a2,3
80003a80:	00001597          	auipc	a1,0x1
80003a84:	ef058593          	addi	a1,a1,-272 # 80004970 <Arr_2_Glob>
80003a88:	84018513          	addi	a0,gp,-1984 # 800048a8 <Arr_1_Glob>
80003a8c:	f7842a23          	sw	s8,-140(s0)
80003a90:	d80fe0ef          	jal	80002010 <Proc_8>
80003a94:	000da503          	lw	a0,0(s11)
80003a98:	fb4fe0ef          	jal	8000224c <Proc_1>
80003a9c:	81c1c703          	lbu	a4,-2020(gp) # 80004884 <Ch_2_Glob>
80003aa0:	04000793          	li	a5,64
80003aa4:	4ce7f463          	bgeu	a5,a4,80003f6c <main+0x780>
80003aa8:	04100a13          	li	s4,65
80003aac:	00300a93          	li	s5,3
80003ab0:	0140006f          	j	80003ac4 <main+0x2d8>
80003ab4:	81c1c783          	lbu	a5,-2020(gp) # 80004884 <Ch_2_Glob>
80003ab8:	001a0a13          	addi	s4,s4,1
80003abc:	0ffa7a13          	zext.b	s4,s4
80003ac0:	0947e663          	bltu	a5,s4,80003b4c <main+0x360>
80003ac4:	04300593          	li	a1,67
80003ac8:	000a0513          	mv	a0,s4
80003acc:	da8fe0ef          	jal	80002074 <Func_1>
80003ad0:	f7c42783          	lw	a5,-132(s0)
80003ad4:	fef510e3          	bne	a0,a5,80003ab4 <main+0x2c8>
80003ad8:	f7c40593          	addi	a1,s0,-132
80003adc:	00000513          	li	a0,0
80003ae0:	e3cfe0ef          	jal	8000211c <Proc_6>
80003ae4:	0004a783          	lw	a5,0(s1)
80003ae8:	0044a603          	lw	a2,4(s1)
80003aec:	0084a683          	lw	a3,8(s1)
80003af0:	faf42023          	sw	a5,-96(s0)
80003af4:	0104a783          	lw	a5,16(s1)
80003af8:	00c4a703          	lw	a4,12(s1)
80003afc:	fac42223          	sw	a2,-92(s0)
80003b00:	faf42823          	sw	a5,-80(s0)
80003b04:	00001797          	auipc	a5,0x1
80003b08:	a8e7c783          	lbu	a5,-1394(a5) # 80004592 <main+0xda6>
80003b0c:	0144a603          	lw	a2,20(s1)
80003b10:	fad42423          	sw	a3,-88(s0)
80003b14:	fae42623          	sw	a4,-84(s0)
80003b18:	0184a683          	lw	a3,24(s1)
80003b1c:	00001717          	auipc	a4,0x1
80003b20:	a7475703          	lhu	a4,-1420(a4) # 80004590 <main+0xda4>
80003b24:	faf40f23          	sb	a5,-66(s0)
80003b28:	81c1c783          	lbu	a5,-2020(gp) # 80004884 <Ch_2_Glob>
80003b2c:	001a0a13          	addi	s4,s4,1
80003b30:	013ba023          	sw	s3,0(s7)
80003b34:	fac42a23          	sw	a2,-76(s0)
80003b38:	fad42c23          	sw	a3,-72(s0)
80003b3c:	fae41e23          	sh	a4,-68(s0)
80003b40:	0ffa7a13          	zext.b	s4,s4
80003b44:	00098a93          	mv	s5,s3
80003b48:	f747fee3          	bgeu	a5,s4,80003ac4 <main+0x2d8>
80003b4c:	001a9a13          	slli	s4,s5,0x1
80003b50:	015a0a33          	add	s4,s4,s5
80003b54:	f7842b03          	lw	s6,-136(s0)
80003b58:	f7440513          	addi	a0,s0,-140
80003b5c:	00198993          	addi	s3,s3,1
80003b60:	036a4ab3          	div	s5,s4,s6
80003b64:	f7542a23          	sw	s5,-140(s0)
80003b68:	e94fe0ef          	jal	800021fc <Proc_2>
80003b6c:	e93d14e3          	bne	s10,s3,800039f4 <main+0x208>
80003b70:	b00027f3          	csrr	a5,mcycle
80003b74:	80c18713          	addi	a4,gp,-2036 # 80004874 <End_Time>
80003b78:	00000513          	li	a0,0
80003b7c:	00070993          	mv	s3,a4
80003b80:	00f72023          	sw	a5,0(a4)
80003b84:	e21fe0ef          	jal	800029a4 <setStats>
80003b88:	81018713          	addi	a4,gp,-2032 # 80004878 <Begin_Time>
80003b8c:	00072703          	lw	a4,0(a4)
80003b90:	0009a783          	lw	a5,0(s3)
80003b94:	40e787b3          	sub	a5,a5,a4
80003b98:	80818713          	addi	a4,gp,-2040 # 80004870 <User_Time>
80003b9c:	00f72023          	sw	a5,0(a4)
80003ba0:	3cf05a63          	blez	a5,80003f74 <main+0x788>
80003ba4:	00100793          	li	a5,1
80003ba8:	81418713          	addi	a4,gp,-2028 # 8000487c <Done>
80003bac:	00f72023          	sw	a5,0(a4)
80003bb0:	00000517          	auipc	a0,0x0
80003bb4:	56850513          	addi	a0,a0,1384 # 80004118 <main+0x92c>
80003bb8:	e1cfe0ef          	jal	800021d4 <debug_printf>
80003bbc:	00000517          	auipc	a0,0x0
80003bc0:	44c50513          	addi	a0,a0,1100 # 80004008 <main+0x81c>
80003bc4:	e10fe0ef          	jal	800021d4 <debug_printf>
80003bc8:	000ba583          	lw	a1,0(s7)
80003bcc:	00000517          	auipc	a0,0x0
80003bd0:	58450513          	addi	a0,a0,1412 # 80004150 <main+0x964>
80003bd4:	82818493          	addi	s1,gp,-2008 # 80004890 <Next_Ptr_Glob>
80003bd8:	dfcfe0ef          	jal	800021d4 <debug_printf>
80003bdc:	00500593          	li	a1,5
80003be0:	00000517          	auipc	a0,0x0
80003be4:	58c50513          	addi	a0,a0,1420 # 8000416c <main+0x980>
80003be8:	decfe0ef          	jal	800021d4 <debug_printf>
80003bec:	82018793          	addi	a5,gp,-2016 # 80004888 <Bool_Glob>
80003bf0:	0007a583          	lw	a1,0(a5)
80003bf4:	00000517          	auipc	a0,0x0
80003bf8:	59450513          	addi	a0,a0,1428 # 80004188 <main+0x99c>
80003bfc:	416a0a33          	sub	s4,s4,s6
80003c00:	dd4fe0ef          	jal	800021d4 <debug_printf>
80003c04:	00100593          	li	a1,1
80003c08:	00000517          	auipc	a0,0x0
80003c0c:	56450513          	addi	a0,a0,1380 # 8000416c <main+0x980>
80003c10:	dc4fe0ef          	jal	800021d4 <debug_printf>
80003c14:	81d1c583          	lbu	a1,-2019(gp) # 80004885 <Ch_1_Glob>
80003c18:	00000517          	auipc	a0,0x0
80003c1c:	58c50513          	addi	a0,a0,1420 # 800041a4 <main+0x9b8>
80003c20:	db4fe0ef          	jal	800021d4 <debug_printf>
80003c24:	04100593          	li	a1,65
80003c28:	00000517          	auipc	a0,0x0
80003c2c:	59850513          	addi	a0,a0,1432 # 800041c0 <main+0x9d4>
80003c30:	da4fe0ef          	jal	800021d4 <debug_printf>
80003c34:	81c1c583          	lbu	a1,-2020(gp) # 80004884 <Ch_2_Glob>
80003c38:	00000517          	auipc	a0,0x0
80003c3c:	5a450513          	addi	a0,a0,1444 # 800041dc <main+0x9f0>
80003c40:	d94fe0ef          	jal	800021d4 <debug_printf>
80003c44:	04200593          	li	a1,66
80003c48:	00000517          	auipc	a0,0x0
80003c4c:	57850513          	addi	a0,a0,1400 # 800041c0 <main+0x9d4>
80003c50:	d84fe0ef          	jal	800021d4 <debug_printf>
80003c54:	8601a583          	lw	a1,-1952(gp) # 800048c8 <Arr_1_Glob+0x20>
80003c58:	00000517          	auipc	a0,0x0
80003c5c:	5a050513          	addi	a0,a0,1440 # 800041f8 <main+0xa0c>
80003c60:	d74fe0ef          	jal	800021d4 <debug_printf>
80003c64:	00700593          	li	a1,7
80003c68:	00000517          	auipc	a0,0x0
80003c6c:	50450513          	addi	a0,a0,1284 # 8000416c <main+0x980>
80003c70:	d64fe0ef          	jal	800021d4 <debug_printf>
80003c74:	00001797          	auipc	a5,0x1
80003c78:	cfc78793          	addi	a5,a5,-772 # 80004970 <Arr_2_Glob>
80003c7c:	65c7a583          	lw	a1,1628(a5)
80003c80:	00000517          	auipc	a0,0x0
80003c84:	59450513          	addi	a0,a0,1428 # 80004214 <main+0xa28>
80003c88:	d4cfe0ef          	jal	800021d4 <debug_printf>
80003c8c:	00000517          	auipc	a0,0x0
80003c90:	5a450513          	addi	a0,a0,1444 # 80004230 <main+0xa44>
80003c94:	d40fe0ef          	jal	800021d4 <debug_printf>
80003c98:	00000517          	auipc	a0,0x0
80003c9c:	5c450513          	addi	a0,a0,1476 # 8000425c <main+0xa70>
80003ca0:	d34fe0ef          	jal	800021d4 <debug_printf>
80003ca4:	000da783          	lw	a5,0(s11)
80003ca8:	00000517          	auipc	a0,0x0
80003cac:	5c050513          	addi	a0,a0,1472 # 80004268 <main+0xa7c>
80003cb0:	0007a583          	lw	a1,0(a5)
80003cb4:	d20fe0ef          	jal	800021d4 <debug_printf>
80003cb8:	00000517          	auipc	a0,0x0
80003cbc:	5cc50513          	addi	a0,a0,1484 # 80004284 <main+0xa98>
80003cc0:	d14fe0ef          	jal	800021d4 <debug_printf>
80003cc4:	000da783          	lw	a5,0(s11)
80003cc8:	00000517          	auipc	a0,0x0
80003ccc:	5f050513          	addi	a0,a0,1520 # 800042b8 <main+0xacc>
80003cd0:	0047a583          	lw	a1,4(a5)
80003cd4:	d00fe0ef          	jal	800021d4 <debug_printf>
80003cd8:	00000593          	li	a1,0
80003cdc:	00000517          	auipc	a0,0x0
80003ce0:	49050513          	addi	a0,a0,1168 # 8000416c <main+0x980>
80003ce4:	cf0fe0ef          	jal	800021d4 <debug_printf>
80003ce8:	000da783          	lw	a5,0(s11)
80003cec:	00000517          	auipc	a0,0x0
80003cf0:	5e850513          	addi	a0,a0,1512 # 800042d4 <main+0xae8>
80003cf4:	0087a583          	lw	a1,8(a5)
80003cf8:	cdcfe0ef          	jal	800021d4 <debug_printf>
80003cfc:	00200593          	li	a1,2
80003d00:	00000517          	auipc	a0,0x0
80003d04:	46c50513          	addi	a0,a0,1132 # 8000416c <main+0x980>
80003d08:	cccfe0ef          	jal	800021d4 <debug_printf>
80003d0c:	000da783          	lw	a5,0(s11)
80003d10:	00000517          	auipc	a0,0x0
80003d14:	5e050513          	addi	a0,a0,1504 # 800042f0 <main+0xb04>
80003d18:	00c7a583          	lw	a1,12(a5)
80003d1c:	cb8fe0ef          	jal	800021d4 <debug_printf>
80003d20:	01100593          	li	a1,17
80003d24:	00000517          	auipc	a0,0x0
80003d28:	44850513          	addi	a0,a0,1096 # 8000416c <main+0x980>
80003d2c:	ca8fe0ef          	jal	800021d4 <debug_printf>
80003d30:	000da583          	lw	a1,0(s11)
80003d34:	00000517          	auipc	a0,0x0
80003d38:	5d850513          	addi	a0,a0,1496 # 8000430c <main+0xb20>
80003d3c:	01058593          	addi	a1,a1,16
80003d40:	c94fe0ef          	jal	800021d4 <debug_printf>
80003d44:	00000517          	auipc	a0,0x0
80003d48:	5e450513          	addi	a0,a0,1508 # 80004328 <main+0xb3c>
80003d4c:	c88fe0ef          	jal	800021d4 <debug_printf>
80003d50:	00000517          	auipc	a0,0x0
80003d54:	61050513          	addi	a0,a0,1552 # 80004360 <main+0xb74>
80003d58:	c7cfe0ef          	jal	800021d4 <debug_printf>
80003d5c:	0004a783          	lw	a5,0(s1)
80003d60:	00000517          	auipc	a0,0x0
80003d64:	50850513          	addi	a0,a0,1288 # 80004268 <main+0xa7c>
80003d68:	0007a583          	lw	a1,0(a5)
80003d6c:	c68fe0ef          	jal	800021d4 <debug_printf>
80003d70:	00000517          	auipc	a0,0x0
80003d74:	60450513          	addi	a0,a0,1540 # 80004374 <main+0xb88>
80003d78:	c5cfe0ef          	jal	800021d4 <debug_printf>
80003d7c:	0004a783          	lw	a5,0(s1)
80003d80:	00000517          	auipc	a0,0x0
80003d84:	53850513          	addi	a0,a0,1336 # 800042b8 <main+0xacc>
80003d88:	0047a583          	lw	a1,4(a5)
80003d8c:	c48fe0ef          	jal	800021d4 <debug_printf>
80003d90:	00000593          	li	a1,0
80003d94:	00000517          	auipc	a0,0x0
80003d98:	3d850513          	addi	a0,a0,984 # 8000416c <main+0x980>
80003d9c:	c38fe0ef          	jal	800021d4 <debug_printf>
80003da0:	0004a783          	lw	a5,0(s1)
80003da4:	00000517          	auipc	a0,0x0
80003da8:	53050513          	addi	a0,a0,1328 # 800042d4 <main+0xae8>
80003dac:	0087a583          	lw	a1,8(a5)
80003db0:	c24fe0ef          	jal	800021d4 <debug_printf>
80003db4:	00100593          	li	a1,1
80003db8:	00000517          	auipc	a0,0x0
80003dbc:	3b450513          	addi	a0,a0,948 # 8000416c <main+0x980>
80003dc0:	c14fe0ef          	jal	800021d4 <debug_printf>
80003dc4:	0004a783          	lw	a5,0(s1)
80003dc8:	00000517          	auipc	a0,0x0
80003dcc:	52850513          	addi	a0,a0,1320 # 800042f0 <main+0xb04>
80003dd0:	00c7a583          	lw	a1,12(a5)
80003dd4:	c00fe0ef          	jal	800021d4 <debug_printf>
80003dd8:	01200593          	li	a1,18
80003ddc:	00000517          	auipc	a0,0x0
80003de0:	39050513          	addi	a0,a0,912 # 8000416c <main+0x980>
80003de4:	bf0fe0ef          	jal	800021d4 <debug_printf>
80003de8:	0004a583          	lw	a1,0(s1)
80003dec:	00000517          	auipc	a0,0x0
80003df0:	52050513          	addi	a0,a0,1312 # 8000430c <main+0xb20>
80003df4:	00001497          	auipc	s1,0x1
80003df8:	a7448493          	addi	s1,s1,-1420 # 80004868 <Dhrystones_Per_Second>
80003dfc:	01058593          	addi	a1,a1,16
80003e00:	bd4fe0ef          	jal	800021d4 <debug_printf>
80003e04:	00000517          	auipc	a0,0x0
80003e08:	52450513          	addi	a0,a0,1316 # 80004328 <main+0xb3c>
80003e0c:	bc8fe0ef          	jal	800021d4 <debug_printf>
80003e10:	f7442583          	lw	a1,-140(s0)
80003e14:	00000517          	auipc	a0,0x0
80003e18:	5a050513          	addi	a0,a0,1440 # 800043b4 <main+0xbc8>
80003e1c:	bb8fe0ef          	jal	800021d4 <debug_printf>
80003e20:	00500593          	li	a1,5
80003e24:	00000517          	auipc	a0,0x0
80003e28:	34850513          	addi	a0,a0,840 # 8000416c <main+0x980>
80003e2c:	ba8fe0ef          	jal	800021d4 <debug_printf>
80003e30:	003a1593          	slli	a1,s4,0x3
80003e34:	414585b3          	sub	a1,a1,s4
80003e38:	415585b3          	sub	a1,a1,s5
80003e3c:	00000517          	auipc	a0,0x0
80003e40:	59450513          	addi	a0,a0,1428 # 800043d0 <main+0xbe4>
80003e44:	b90fe0ef          	jal	800021d4 <debug_printf>
80003e48:	00d00593          	li	a1,13
80003e4c:	00000517          	auipc	a0,0x0
80003e50:	32050513          	addi	a0,a0,800 # 8000416c <main+0x980>
80003e54:	b80fe0ef          	jal	800021d4 <debug_printf>
80003e58:	f7842583          	lw	a1,-136(s0)
80003e5c:	00000517          	auipc	a0,0x0
80003e60:	59050513          	addi	a0,a0,1424 # 800043ec <main+0xc00>
80003e64:	b70fe0ef          	jal	800021d4 <debug_printf>
80003e68:	00700593          	li	a1,7
80003e6c:	00000517          	auipc	a0,0x0
80003e70:	30050513          	addi	a0,a0,768 # 8000416c <main+0x980>
80003e74:	b60fe0ef          	jal	800021d4 <debug_printf>
80003e78:	f7c42583          	lw	a1,-132(s0)
80003e7c:	00000517          	auipc	a0,0x0
80003e80:	58c50513          	addi	a0,a0,1420 # 80004408 <main+0xc1c>
80003e84:	b50fe0ef          	jal	800021d4 <debug_printf>
80003e88:	00100593          	li	a1,1
80003e8c:	00000517          	auipc	a0,0x0
80003e90:	2e050513          	addi	a0,a0,736 # 8000416c <main+0x980>
80003e94:	b40fe0ef          	jal	800021d4 <debug_printf>
80003e98:	f8040593          	addi	a1,s0,-128
80003e9c:	00000517          	auipc	a0,0x0
80003ea0:	58850513          	addi	a0,a0,1416 # 80004424 <main+0xc38>
80003ea4:	b30fe0ef          	jal	800021d4 <debug_printf>
80003ea8:	00000517          	auipc	a0,0x0
80003eac:	59850513          	addi	a0,a0,1432 # 80004440 <main+0xc54>
80003eb0:	b24fe0ef          	jal	800021d4 <debug_printf>
80003eb4:	fa040593          	addi	a1,s0,-96
80003eb8:	00000517          	auipc	a0,0x0
80003ebc:	5c050513          	addi	a0,a0,1472 # 80004478 <main+0xc8c>
80003ec0:	b14fe0ef          	jal	800021d4 <debug_printf>
80003ec4:	00000517          	auipc	a0,0x0
80003ec8:	5d050513          	addi	a0,a0,1488 # 80004494 <main+0xca8>
80003ecc:	b08fe0ef          	jal	800021d4 <debug_printf>
80003ed0:	00000517          	auipc	a0,0x0
80003ed4:	13850513          	addi	a0,a0,312 # 80004008 <main+0x81c>
80003ed8:	afcfe0ef          	jal	800021d4 <debug_printf>
80003edc:	f6442783          	lw	a5,-156(s0)
80003ee0:	000f4737          	lui	a4,0xf4
80003ee4:	24070713          	addi	a4,a4,576 # f4240 <buflen.1+0xf4200>
80003ee8:	02e78733          	mul	a4,a5,a4
80003eec:	80818693          	addi	a3,gp,-2040 # 80004870 <User_Time>
80003ef0:	0006a683          	lw	a3,0(a3)
80003ef4:	00000517          	auipc	a0,0x0
80003ef8:	5d850513          	addi	a0,a0,1496 # 800044cc <main+0xce0>
80003efc:	02f6c7b3          	div	a5,a3,a5
80003f00:	02d74733          	div	a4,a4,a3
80003f04:	00078593          	mv	a1,a5
80003f08:	00001697          	auipc	a3,0x1
80003f0c:	96f6a223          	sw	a5,-1692(a3) # 8000486c <Microseconds>
80003f10:	00e4a023          	sw	a4,0(s1)
80003f14:	c8dfe0ef          	jal	80002ba0 <printf>
80003f18:	0004a583          	lw	a1,0(s1)
80003f1c:	00000517          	auipc	a0,0x0
80003f20:	5e450513          	addi	a0,a0,1508 # 80004500 <main+0xd14>
80003f24:	c7dfe0ef          	jal	80002ba0 <printf>
80003f28:	f6040113          	addi	sp,s0,-160
80003f2c:	09c12083          	lw	ra,156(sp)
80003f30:	09812403          	lw	s0,152(sp)
80003f34:	09412483          	lw	s1,148(sp)
80003f38:	09012903          	lw	s2,144(sp)
80003f3c:	08c12983          	lw	s3,140(sp)
80003f40:	08812a03          	lw	s4,136(sp)
80003f44:	08412a83          	lw	s5,132(sp)
80003f48:	08012b03          	lw	s6,128(sp)
80003f4c:	07c12b83          	lw	s7,124(sp)
80003f50:	07812c03          	lw	s8,120(sp)
80003f54:	07412c83          	lw	s9,116(sp)
80003f58:	07012d03          	lw	s10,112(sp)
80003f5c:	06c12d83          	lw	s11,108(sp)
80003f60:	00000513          	li	a0,0
80003f64:	0a010113          	addi	sp,sp,160
80003f68:	00008067          	ret
80003f6c:	00900a13          	li	s4,9
80003f70:	be5ff06f          	j	80003b54 <main+0x368>
80003f74:	00000517          	auipc	a0,0x0
80003f78:	16c50513          	addi	a0,a0,364 # 800040e0 <main+0x8f4>
80003f7c:	c25fe0ef          	jal	80002ba0 <printf>
80003f80:	f6442703          	lw	a4,-156(s0)
80003f84:	00000517          	auipc	a0,0x0
80003f88:	08450513          	addi	a0,a0,132 # 80004008 <main+0x81c>
80003f8c:	00271793          	slli	a5,a4,0x2
80003f90:	00e787b3          	add	a5,a5,a4
80003f94:	00179793          	slli	a5,a5,0x1
80003f98:	f6f42223          	sw	a5,-156(s0)
80003f9c:	c05fe0ef          	jal	80002ba0 <printf>
80003fa0:	81418793          	addi	a5,gp,-2028 # 8000487c <Done>
80003fa4:	0007a783          	lw	a5,0(a5)
80003fa8:	a0078ae3          	beqz	a5,800039bc <main+0x1d0>
80003fac:	c05ff06f          	j	80003bb0 <main+0x3c4>
80003fb0:	00000517          	auipc	a0,0x0
80003fb4:	0bc50513          	addi	a0,a0,188 # 8000406c <main+0x880>
80003fb8:	a1cfe0ef          	jal	800021d4 <debug_printf>
80003fbc:	9a1ff06f          	j	8000395c <main+0x170>
80003fc0:	ff010113          	addi	sp,sp,-16
80003fc4:	00000517          	auipc	a0,0x0
80003fc8:	5ec50513          	addi	a0,a0,1516 # 800045b0 <main+0xdc4>
80003fcc:	00112623          	sw	ra,12(sp)
80003fd0:	a95fe0ef          	jal	80002a64 <printstr>
80003fd4:	00c12083          	lw	ra,12(sp)
80003fd8:	fff00513          	li	a0,-1
80003fdc:	01010113          	addi	sp,sp,16
80003fe0:	00008067          	ret
