
median.riscv:     file format elf32-littleriscv


Disassembly of section .text.init:

80000000 <_start>:
80000000:	00000093          	li	ra,0
80000004:	00000113          	li	sp,0
80000008:	00000193          	li	gp,0
8000000c:	00000213          	li	tp,0
80000010:	00000293          	li	t0,0
80000014:	00000313          	li	t1,0
80000018:	00000393          	li	t2,0
8000001c:	00000413          	li	s0,0
80000020:	00000493          	li	s1,0
80000024:	00000513          	li	a0,0
80000028:	00000593          	li	a1,0
8000002c:	00000613          	li	a2,0
80000030:	00000693          	li	a3,0
80000034:	00000713          	li	a4,0
80000038:	00000793          	li	a5,0
8000003c:	00000813          	li	a6,0
80000040:	00000893          	li	a7,0
80000044:	00000913          	li	s2,0
80000048:	00000993          	li	s3,0
8000004c:	00000a13          	li	s4,0
80000050:	00000a93          	li	s5,0
80000054:	00000b13          	li	s6,0
80000058:	00000b93          	li	s7,0
8000005c:	00000c13          	li	s8,0
80000060:	00000c93          	li	s9,0
80000064:	00000d13          	li	s10,0
80000068:	00000d93          	li	s11,0
8000006c:	00000e13          	li	t3,0
80000070:	00000e93          	li	t4,0
80000074:	00000f13          	li	t5,0
80000078:	00000f93          	li	t6,0
8000007c:	0181e2b7          	lui	t0,0x181e
80000080:	3002a073          	csrs	mstatus,t0
80000084:	00100293          	li	t0,1
80000088:	01f29293          	slli	t0,t0,0x1f
8000008c:	0002ca63          	bltz	t0,800000a0 <_start+0xa0>
80000090:	00100513          	li	a0,1
80000094:	00001297          	auipc	t0,0x1
80000098:	f6a2a623          	sw	a0,-148(t0) # 80001000 <tohost>
8000009c:	ff5ff06f          	j	80000090 <_start+0x90>
800000a0:	00000297          	auipc	t0,0x0
800000a4:	04028293          	addi	t0,t0,64 # 800000e0 <trap_entry>
800000a8:	30529073          	csrw	mtvec,t0
800000ac:	00005197          	auipc	gp,0x5
800000b0:	c0c18193          	addi	gp,gp,-1012 # 80004cb8 <__global_pointer$>
800000b4:	88718213          	addi	tp,gp,-1913 # 8000453f <_end+0x3f>
800000b8:	fc027213          	andi	tp,tp,-64
800000bc:	f1402573          	csrr	a0,mhartid
800000c0:	00100593          	li	a1,1
800000c4:	00b57063          	bgeu	a0,a1,800000c4 <_start+0xc4>
800000c8:	00150113          	addi	sp,a0,1
800000cc:	01111113          	slli	sp,sp,0x11
800000d0:	00410133          	add	sp,sp,tp
800000d4:	01151613          	slli	a2,a0,0x11
800000d8:	00c20233          	add	tp,tp,a2
800000dc:	1850206f          	j	80002a60 <_init>

800000e0 <trap_entry>:
800000e0:	ef010113          	addi	sp,sp,-272
800000e4:	00112223          	sw	ra,4(sp)
800000e8:	00212423          	sw	sp,8(sp)
800000ec:	00312623          	sw	gp,12(sp)
800000f0:	00412823          	sw	tp,16(sp)
800000f4:	00512a23          	sw	t0,20(sp)
800000f8:	00612c23          	sw	t1,24(sp)
800000fc:	00712e23          	sw	t2,28(sp)
80000100:	02812023          	sw	s0,32(sp)
80000104:	02912223          	sw	s1,36(sp)
80000108:	02a12423          	sw	a0,40(sp)
8000010c:	02b12623          	sw	a1,44(sp)
80000110:	02c12823          	sw	a2,48(sp)
80000114:	02d12a23          	sw	a3,52(sp)
80000118:	02e12c23          	sw	a4,56(sp)
8000011c:	02f12e23          	sw	a5,60(sp)
80000120:	05012023          	sw	a6,64(sp)
80000124:	05112223          	sw	a7,68(sp)
80000128:	05212423          	sw	s2,72(sp)
8000012c:	05312623          	sw	s3,76(sp)
80000130:	05412823          	sw	s4,80(sp)
80000134:	05512a23          	sw	s5,84(sp)
80000138:	05612c23          	sw	s6,88(sp)
8000013c:	05712e23          	sw	s7,92(sp)
80000140:	07812023          	sw	s8,96(sp)
80000144:	07912223          	sw	s9,100(sp)
80000148:	07a12423          	sw	s10,104(sp)
8000014c:	07b12623          	sw	s11,108(sp)
80000150:	07c12823          	sw	t3,112(sp)
80000154:	07d12a23          	sw	t4,116(sp)
80000158:	07e12c23          	sw	t5,120(sp)
8000015c:	07f12e23          	sw	t6,124(sp)
80000160:	34202573          	csrr	a0,mcause
80000164:	341025f3          	csrr	a1,mepc
80000168:	00010613          	mv	a2,sp
8000016c:	564020ef          	jal	800026d0 <handle_trap>
80000170:	34151073          	csrw	mepc,a0
80000174:	000022b7          	lui	t0,0x2
80000178:	80028293          	addi	t0,t0,-2048 # 1800 <buflen.1+0x17c0>
8000017c:	3002a073          	csrs	mstatus,t0
80000180:	00412083          	lw	ra,4(sp)
80000184:	00812103          	lw	sp,8(sp)
80000188:	00c12183          	lw	gp,12(sp)
8000018c:	01012203          	lw	tp,16(sp)
80000190:	01412283          	lw	t0,20(sp)
80000194:	01812303          	lw	t1,24(sp)
80000198:	01c12383          	lw	t2,28(sp)
8000019c:	02012403          	lw	s0,32(sp)
800001a0:	02412483          	lw	s1,36(sp)
800001a4:	02812503          	lw	a0,40(sp)
800001a8:	02c12583          	lw	a1,44(sp)
800001ac:	03012603          	lw	a2,48(sp)
800001b0:	03412683          	lw	a3,52(sp)
800001b4:	03812703          	lw	a4,56(sp)
800001b8:	03c12783          	lw	a5,60(sp)
800001bc:	04012803          	lw	a6,64(sp)
800001c0:	04412883          	lw	a7,68(sp)
800001c4:	04812903          	lw	s2,72(sp)
800001c8:	04c12983          	lw	s3,76(sp)
800001cc:	05012a03          	lw	s4,80(sp)
800001d0:	05412a83          	lw	s5,84(sp)
800001d4:	05812b03          	lw	s6,88(sp)
800001d8:	05c12b83          	lw	s7,92(sp)
800001dc:	06012c03          	lw	s8,96(sp)
800001e0:	06412c83          	lw	s9,100(sp)
800001e4:	06812d03          	lw	s10,104(sp)
800001e8:	06c12d83          	lw	s11,108(sp)
800001ec:	07012e03          	lw	t3,112(sp)
800001f0:	07412e83          	lw	t4,116(sp)
800001f4:	07812f03          	lw	t5,120(sp)
800001f8:	07c12f83          	lw	t6,124(sp)
800001fc:	11010113          	addi	sp,sp,272
80000200:	30200073          	mret

Disassembly of section .text:

80002000 <median>:
80002000:	00251793          	slli	a5,a0,0x2
80002004:	ffc78793          	addi	a5,a5,-4
80002008:	00f60733          	add	a4,a2,a5
8000200c:	00062023          	sw	zero,0(a2)
80002010:	00072023          	sw	zero,0(a4)
80002014:	00200713          	li	a4,2
80002018:	02a75e63          	bge	a4,a0,80002054 <median+0x54>
8000201c:	00b78533          	add	a0,a5,a1
80002020:	ffc50513          	addi	a0,a0,-4
80002024:	00460613          	addi	a2,a2,4
80002028:	0005a703          	lw	a4,0(a1)
8000202c:	0045a783          	lw	a5,4(a1)
80002030:	0085a683          	lw	a3,8(a1)
80002034:	02f75263          	bge	a4,a5,80002058 <median+0x58>
80002038:	00d7c663          	blt	a5,a3,80002044 <median+0x44>
8000203c:	00070793          	mv	a5,a4
80002040:	02d74063          	blt	a4,a3,80002060 <median+0x60>
80002044:	00f62023          	sw	a5,0(a2)
80002048:	00458593          	addi	a1,a1,4
8000204c:	00460613          	addi	a2,a2,4
80002050:	fca59ce3          	bne	a1,a0,80002028 <median+0x28>
80002054:	00008067          	ret
80002058:	02d74063          	blt	a4,a3,80002078 <median+0x78>
8000205c:	fed7d4e3          	bge	a5,a3,80002044 <median+0x44>
80002060:	00068793          	mv	a5,a3
80002064:	00f62023          	sw	a5,0(a2)
80002068:	00458593          	addi	a1,a1,4
8000206c:	00460613          	addi	a2,a2,4
80002070:	faa59ce3          	bne	a1,a0,80002028 <median+0x28>
80002074:	00008067          	ret
80002078:	00070793          	mv	a5,a4
8000207c:	00f62023          	sw	a5,0(a2)
80002080:	00458593          	addi	a1,a1,4
80002084:	00460613          	addi	a2,a2,4
80002088:	faa590e3          	bne	a1,a0,80002028 <median+0x28>
8000208c:	00008067          	ret

80002090 <vprintfmt>:
80002090:	eb010113          	addi	sp,sp,-336
80002094:	14812423          	sw	s0,328(sp)
80002098:	15212023          	sw	s2,320(sp)
8000209c:	13312e23          	sw	s3,316(sp)
800020a0:	13512a23          	sw	s5,308(sp)
800020a4:	14112623          	sw	ra,332(sp)
800020a8:	14912223          	sw	s1,324(sp)
800020ac:	13412c23          	sw	s4,312(sp)
800020b0:	13712623          	sw	s7,300(sp)
800020b4:	13812423          	sw	s8,296(sp)
800020b8:	13912223          	sw	s9,292(sp)
800020bc:	13a12023          	sw	s10,288(sp)
800020c0:	00050993          	mv	s3,a0
800020c4:	00058913          	mv	s2,a1
800020c8:	00060413          	mv	s0,a2
800020cc:	00d12623          	sw	a3,12(sp)
800020d0:	02500a93          	li	s5,37
800020d4:	0140006f          	j	800020e8 <vprintfmt+0x58>
800020d8:	06050463          	beqz	a0,80002140 <vprintfmt+0xb0>
800020dc:	00090593          	mv	a1,s2
800020e0:	00140413          	addi	s0,s0,1
800020e4:	000980e7          	jalr	s3
800020e8:	00044503          	lbu	a0,0(s0)
800020ec:	ff5516e3          	bne	a0,s5,800020d8 <vprintfmt+0x48>
800020f0:	00144683          	lbu	a3,1(s0)
800020f4:	00140a13          	addi	s4,s0,1
800020f8:	fff00493          	li	s1,-1
800020fc:	02000793          	li	a5,32
80002100:	000a0713          	mv	a4,s4
80002104:	00048c13          	mv	s8,s1
80002108:	00f12423          	sw	a5,8(sp)
8000210c:	00000593          	li	a1,0
80002110:	fdd68793          	addi	a5,a3,-35
80002114:	0ff7f793          	zext.b	a5,a5
80002118:	05500613          	li	a2,85
8000211c:	00170413          	addi	s0,a4,1
80002120:	06f66a63          	bltu	a2,a5,80002194 <vprintfmt+0x104>
80002124:	00001617          	auipc	a2,0x1
80002128:	48060613          	addi	a2,a2,1152 # 800035a4 <main+0xfc>
8000212c:	00279793          	slli	a5,a5,0x2
80002130:	00c787b3          	add	a5,a5,a2
80002134:	0007a783          	lw	a5,0(a5)
80002138:	00c787b3          	add	a5,a5,a2
8000213c:	00078067          	jr	a5
80002140:	14c12083          	lw	ra,332(sp)
80002144:	14812403          	lw	s0,328(sp)
80002148:	14412483          	lw	s1,324(sp)
8000214c:	14012903          	lw	s2,320(sp)
80002150:	13c12983          	lw	s3,316(sp)
80002154:	13812a03          	lw	s4,312(sp)
80002158:	13412a83          	lw	s5,308(sp)
8000215c:	12c12b83          	lw	s7,300(sp)
80002160:	12812c03          	lw	s8,296(sp)
80002164:	12412c83          	lw	s9,292(sp)
80002168:	12012d03          	lw	s10,288(sp)
8000216c:	15010113          	addi	sp,sp,336
80002170:	00008067          	ret
80002174:	00d12423          	sw	a3,8(sp)
80002178:	00174683          	lbu	a3,1(a4)
8000217c:	05500613          	li	a2,85
80002180:	00040713          	mv	a4,s0
80002184:	fdd68793          	addi	a5,a3,-35
80002188:	0ff7f793          	zext.b	a5,a5
8000218c:	00170413          	addi	s0,a4,1
80002190:	f8f67ae3          	bgeu	a2,a5,80002124 <vprintfmt+0x94>
80002194:	00090593          	mv	a1,s2
80002198:	02500513          	li	a0,37
8000219c:	000980e7          	jalr	s3
800021a0:	000a0413          	mv	s0,s4
800021a4:	f45ff06f          	j	800020e8 <vprintfmt+0x58>
800021a8:	00174603          	lbu	a2,1(a4)
800021ac:	00900513          	li	a0,9
800021b0:	fd068493          	addi	s1,a3,-48
800021b4:	fd060793          	addi	a5,a2,-48
800021b8:	00060693          	mv	a3,a2
800021bc:	00040713          	mv	a4,s0
800021c0:	02f56663          	bltu	a0,a5,800021ec <vprintfmt+0x15c>
800021c4:	00249793          	slli	a5,s1,0x2
800021c8:	009787b3          	add	a5,a5,s1
800021cc:	00170713          	addi	a4,a4,1
800021d0:	00179793          	slli	a5,a5,0x1
800021d4:	00c787b3          	add	a5,a5,a2
800021d8:	00074603          	lbu	a2,0(a4)
800021dc:	fd078493          	addi	s1,a5,-48
800021e0:	fd060793          	addi	a5,a2,-48
800021e4:	00060693          	mv	a3,a2
800021e8:	fcf57ee3          	bgeu	a0,a5,800021c4 <vprintfmt+0x134>
800021ec:	f20c52e3          	bgez	s8,80002110 <vprintfmt+0x80>
800021f0:	00048c13          	mv	s8,s1
800021f4:	fff00493          	li	s1,-1
800021f8:	f19ff06f          	j	80002110 <vprintfmt+0x80>
800021fc:	00174683          	lbu	a3,1(a4)
80002200:	00040713          	mv	a4,s0
80002204:	f0dff06f          	j	80002110 <vprintfmt+0x80>
80002208:	00090593          	mv	a1,s2
8000220c:	02500513          	li	a0,37
80002210:	000980e7          	jalr	s3
80002214:	ed5ff06f          	j	800020e8 <vprintfmt+0x58>
80002218:	00c12783          	lw	a5,12(sp)
8000221c:	00174683          	lbu	a3,1(a4)
80002220:	00040713          	mv	a4,s0
80002224:	0007a483          	lw	s1,0(a5)
80002228:	00478793          	addi	a5,a5,4
8000222c:	00f12623          	sw	a5,12(sp)
80002230:	fbdff06f          	j	800021ec <vprintfmt+0x15c>
80002234:	00090593          	mv	a1,s2
80002238:	03000513          	li	a0,48
8000223c:	13612823          	sw	s6,304(sp)
80002240:	000980e7          	jalr	s3
80002244:	00090593          	mv	a1,s2
80002248:	07800513          	li	a0,120
8000224c:	000980e7          	jalr	s3
80002250:	00c12783          	lw	a5,12(sp)
80002254:	01000b93          	li	s7,16
80002258:	00000d13          	li	s10,0
8000225c:	00478713          	addi	a4,a5,4
80002260:	00c12783          	lw	a5,12(sp)
80002264:	00000c93          	li	s9,0
80002268:	0007a483          	lw	s1,0(a5)
8000226c:	00e12623          	sw	a4,12(sp)
80002270:	000b8613          	mv	a2,s7
80002274:	00000693          	li	a3,0
80002278:	00048513          	mv	a0,s1
8000227c:	000c8593          	mv	a1,s9
80002280:	649000ef          	jal	800030c8 <__umoddi3>
80002284:	00a12823          	sw	a0,16(sp)
80002288:	279d0863          	beq	s10,s9,800024f8 <vprintfmt+0x468>
8000228c:	11b12e23          	sw	s11,284(sp)
80002290:	00100b13          	li	s6,1
80002294:	01410d93          	addi	s11,sp,20
80002298:	00048513          	mv	a0,s1
8000229c:	000c8593          	mv	a1,s9
800022a0:	000b8613          	mv	a2,s7
800022a4:	00000693          	li	a3,0
800022a8:	1f5000ef          	jal	80002c9c <__udivdi3>
800022ac:	000b8613          	mv	a2,s7
800022b0:	00000693          	li	a3,0
800022b4:	00050493          	mv	s1,a0
800022b8:	00058c93          	mv	s9,a1
800022bc:	60d000ef          	jal	800030c8 <__umoddi3>
800022c0:	00ada023          	sw	a0,0(s11)
800022c4:	000b0a13          	mv	s4,s6
800022c8:	004d8d93          	addi	s11,s11,4
800022cc:	001b0b13          	addi	s6,s6,1
800022d0:	fd9d14e3          	bne	s10,s9,80002298 <vprintfmt+0x208>
800022d4:	fd74f2e3          	bgeu	s1,s7,80002298 <vprintfmt+0x208>
800022d8:	11c12d83          	lw	s11,284(sp)
800022dc:	fffc0b93          	addi	s7,s8,-1
800022e0:	fffb0493          	addi	s1,s6,-1
800022e4:	018b5c63          	bge	s6,s8,800022fc <vprintfmt+0x26c>
800022e8:	00812503          	lw	a0,8(sp)
800022ec:	00090593          	mv	a1,s2
800022f0:	fffb8b93          	addi	s7,s7,-1
800022f4:	000980e7          	jalr	s3
800022f8:	fe9b98e3          	bne	s7,s1,800022e8 <vprintfmt+0x258>
800022fc:	002a1a13          	slli	s4,s4,0x2
80002300:	01010493          	addi	s1,sp,16
80002304:	01448a33          	add	s4,s1,s4
80002308:	00900b13          	li	s6,9
8000230c:	0080006f          	j	80002314 <vprintfmt+0x284>
80002310:	00078a13          	mv	s4,a5
80002314:	000a2783          	lw	a5,0(s4)
80002318:	03000513          	li	a0,48
8000231c:	00fb7463          	bgeu	s6,a5,80002324 <vprintfmt+0x294>
80002320:	05700513          	li	a0,87
80002324:	00a78533          	add	a0,a5,a0
80002328:	00090593          	mv	a1,s2
8000232c:	000980e7          	jalr	s3
80002330:	ffca0793          	addi	a5,s4,-4
80002334:	fd449ee3          	bne	s1,s4,80002310 <vprintfmt+0x280>
80002338:	13012b03          	lw	s6,304(sp)
8000233c:	dadff06f          	j	800020e8 <vprintfmt+0x58>
80002340:	13612823          	sw	s6,304(sp)
80002344:	00100793          	li	a5,1
80002348:	1cb7c063          	blt	a5,a1,80002508 <vprintfmt+0x478>
8000234c:	00c12783          	lw	a5,12(sp)
80002350:	0007a483          	lw	s1,0(a5)
80002354:	00478793          	addi	a5,a5,4
80002358:	00f12623          	sw	a5,12(sp)
8000235c:	41f4dc93          	srai	s9,s1,0x1f
80002360:	020cd063          	bgez	s9,80002380 <vprintfmt+0x2f0>
80002364:	00090593          	mv	a1,s2
80002368:	02d00513          	li	a0,45
8000236c:	000980e7          	jalr	s3
80002370:	00903733          	snez	a4,s1
80002374:	419007b3          	neg	a5,s9
80002378:	40e78cb3          	sub	s9,a5,a4
8000237c:	409004b3          	neg	s1,s1
80002380:	00a00b93          	li	s7,10
80002384:	00000d13          	li	s10,0
80002388:	ee9ff06f          	j	80002270 <vprintfmt+0x1e0>
8000238c:	00174683          	lbu	a3,1(a4)
80002390:	00158593          	addi	a1,a1,1
80002394:	00040713          	mv	a4,s0
80002398:	d79ff06f          	j	80002110 <vprintfmt+0x80>
8000239c:	13612823          	sw	s6,304(sp)
800023a0:	01000b93          	li	s7,16
800023a4:	00000d13          	li	s10,0
800023a8:	00100793          	li	a5,1
800023ac:	12b7c663          	blt	a5,a1,800024d8 <vprintfmt+0x448>
800023b0:	00c12783          	lw	a5,12(sp)
800023b4:	00478713          	addi	a4,a5,4
800023b8:	ea9ff06f          	j	80002260 <vprintfmt+0x1d0>
800023bc:	00c12783          	lw	a5,12(sp)
800023c0:	0007aa03          	lw	s4,0(a5)
800023c4:	060a0a63          	beqz	s4,80002438 <vprintfmt+0x3a8>
800023c8:	0d805663          	blez	s8,80002494 <vprintfmt+0x404>
800023cc:	00812703          	lw	a4,8(sp)
800023d0:	02d00793          	li	a5,45
800023d4:	08f71063          	bne	a4,a5,80002454 <vprintfmt+0x3c4>
800023d8:	000a4503          	lbu	a0,0(s4)
800023dc:	02050c63          	beqz	a0,80002414 <vprintfmt+0x384>
800023e0:	13612823          	sw	s6,304(sp)
800023e4:	fff00b13          	li	s6,-1
800023e8:	0004c663          	bltz	s1,800023f4 <vprintfmt+0x364>
800023ec:	fff48493          	addi	s1,s1,-1
800023f0:	01648e63          	beq	s1,s6,8000240c <vprintfmt+0x37c>
800023f4:	00090593          	mv	a1,s2
800023f8:	000980e7          	jalr	s3
800023fc:	001a4503          	lbu	a0,1(s4)
80002400:	001a0a13          	addi	s4,s4,1
80002404:	fffc0c13          	addi	s8,s8,-1
80002408:	fe0510e3          	bnez	a0,800023e8 <vprintfmt+0x358>
8000240c:	13012b03          	lw	s6,304(sp)
80002410:	01805c63          	blez	s8,80002428 <vprintfmt+0x398>
80002414:	00090593          	mv	a1,s2
80002418:	02000513          	li	a0,32
8000241c:	fffc0c13          	addi	s8,s8,-1
80002420:	000980e7          	jalr	s3
80002424:	fe0c18e3          	bnez	s8,80002414 <vprintfmt+0x384>
80002428:	00c12783          	lw	a5,12(sp)
8000242c:	00478793          	addi	a5,a5,4
80002430:	00f12623          	sw	a5,12(sp)
80002434:	cb5ff06f          	j	800020e8 <vprintfmt+0x58>
80002438:	11805863          	blez	s8,80002548 <vprintfmt+0x4b8>
8000243c:	00812703          	lw	a4,8(sp)
80002440:	02d00793          	li	a5,45
80002444:	00001a17          	auipc	s4,0x1
80002448:	11ca0a13          	addi	s4,s4,284 # 80003560 <main+0xb8>
8000244c:	02800513          	li	a0,40
80002450:	f8f708e3          	beq	a4,a5,800023e0 <vprintfmt+0x350>
80002454:	000a0793          	mv	a5,s4
80002458:	009a06b3          	add	a3,s4,s1
8000245c:	00049863          	bnez	s1,8000246c <vprintfmt+0x3dc>
80002460:	0200006f          	j	80002480 <vprintfmt+0x3f0>
80002464:	00178793          	addi	a5,a5,1
80002468:	00d78663          	beq	a5,a3,80002474 <vprintfmt+0x3e4>
8000246c:	0007c703          	lbu	a4,0(a5)
80002470:	fe071ae3          	bnez	a4,80002464 <vprintfmt+0x3d4>
80002474:	414787b3          	sub	a5,a5,s4
80002478:	40fc0c33          	sub	s8,s8,a5
8000247c:	01805c63          	blez	s8,80002494 <vprintfmt+0x404>
80002480:	00812503          	lw	a0,8(sp)
80002484:	00090593          	mv	a1,s2
80002488:	fffc0c13          	addi	s8,s8,-1
8000248c:	000980e7          	jalr	s3
80002490:	fe0c18e3          	bnez	s8,80002480 <vprintfmt+0x3f0>
80002494:	000a4503          	lbu	a0,0(s4)
80002498:	f80508e3          	beqz	a0,80002428 <vprintfmt+0x398>
8000249c:	13612823          	sw	s6,304(sp)
800024a0:	f45ff06f          	j	800023e4 <vprintfmt+0x354>
800024a4:	fffc4793          	not	a5,s8
800024a8:	41f7d793          	srai	a5,a5,0x1f
800024ac:	00174683          	lbu	a3,1(a4)
800024b0:	00fc7c33          	and	s8,s8,a5
800024b4:	00040713          	mv	a4,s0
800024b8:	c59ff06f          	j	80002110 <vprintfmt+0x80>
800024bc:	00c12783          	lw	a5,12(sp)
800024c0:	00090593          	mv	a1,s2
800024c4:	0007a503          	lw	a0,0(a5)
800024c8:	00478493          	addi	s1,a5,4
800024cc:	000980e7          	jalr	s3
800024d0:	00912623          	sw	s1,12(sp)
800024d4:	c15ff06f          	j	800020e8 <vprintfmt+0x58>
800024d8:	00c12783          	lw	a5,12(sp)
800024dc:	00778793          	addi	a5,a5,7
800024e0:	ff87f793          	andi	a5,a5,-8
800024e4:	00878713          	addi	a4,a5,8
800024e8:	0007a483          	lw	s1,0(a5)
800024ec:	0047ac83          	lw	s9,4(a5)
800024f0:	00e12623          	sw	a4,12(sp)
800024f4:	d7dff06f          	j	80002270 <vprintfmt+0x1e0>
800024f8:	d974fae3          	bgeu	s1,s7,8000228c <vprintfmt+0x1fc>
800024fc:	00000a13          	li	s4,0
80002500:	00100b13          	li	s6,1
80002504:	dd9ff06f          	j	800022dc <vprintfmt+0x24c>
80002508:	00c12783          	lw	a5,12(sp)
8000250c:	00778793          	addi	a5,a5,7
80002510:	ff87f793          	andi	a5,a5,-8
80002514:	00878713          	addi	a4,a5,8
80002518:	0007a483          	lw	s1,0(a5)
8000251c:	0047ac83          	lw	s9,4(a5)
80002520:	00e12623          	sw	a4,12(sp)
80002524:	e3dff06f          	j	80002360 <vprintfmt+0x2d0>
80002528:	13612823          	sw	s6,304(sp)
8000252c:	00a00b93          	li	s7,10
80002530:	00000d13          	li	s10,0
80002534:	e75ff06f          	j	800023a8 <vprintfmt+0x318>
80002538:	13612823          	sw	s6,304(sp)
8000253c:	00800b93          	li	s7,8
80002540:	00000d13          	li	s10,0
80002544:	e65ff06f          	j	800023a8 <vprintfmt+0x318>
80002548:	13612823          	sw	s6,304(sp)
8000254c:	00001a17          	auipc	s4,0x1
80002550:	014a0a13          	addi	s4,s4,20 # 80003560 <main+0xb8>
80002554:	02800513          	li	a0,40
80002558:	fff00b13          	li	s6,-1
8000255c:	e8dff06f          	j	800023e8 <vprintfmt+0x358>

80002560 <sprintf_putch.0>:
80002560:	0005a783          	lw	a5,0(a1)
80002564:	00a78023          	sb	a0,0(a5)
80002568:	0005a783          	lw	a5,0(a1)
8000256c:	00178793          	addi	a5,a5,1
80002570:	00f5a023          	sw	a5,0(a1)
80002574:	00008067          	ret

80002578 <putchar>:
80002578:	04022783          	lw	a5,64(tp) # 40 <buflen.1>
8000257c:	00020713          	mv	a4,tp
80002580:	f8010113          	addi	sp,sp,-128
80002584:	00f70733          	add	a4,a4,a5
80002588:	00178793          	addi	a5,a5,1
8000258c:	00a70023          	sb	a0,0(a4)
80002590:	04f22023          	sw	a5,64(tp) # 40 <buflen.1>
80002594:	00a00713          	li	a4,10
80002598:	03f10693          	addi	a3,sp,63
8000259c:	fc06f693          	andi	a3,a3,-64
800025a0:	00e50c63          	beq	a0,a4,800025b8 <putchar+0x40>
800025a4:	04000713          	li	a4,64
800025a8:	00e78863          	beq	a5,a4,800025b8 <putchar+0x40>
800025ac:	00000513          	li	a0,0
800025b0:	08010113          	addi	sp,sp,128
800025b4:	00008067          	ret
800025b8:	04000813          	li	a6,64
800025bc:	0106a023          	sw	a6,0(a3)
800025c0:	00000893          	li	a7,0
800025c4:	0116a223          	sw	a7,4(a3)
800025c8:	00100e13          	li	t3,1
800025cc:	01c6a423          	sw	t3,8(a3)
800025d0:	00000e93          	li	t4,0
800025d4:	01d6a623          	sw	t4,12(a3)
800025d8:	00020313          	mv	t1,tp
800025dc:	0066a823          	sw	t1,16(a3)
800025e0:	00000393          	li	t2,0
800025e4:	0076aa23          	sw	t2,20(a3)
800025e8:	00f6ac23          	sw	a5,24(a3)
800025ec:	41f7d893          	srai	a7,a5,0x1f
800025f0:	0116ae23          	sw	a7,28(a3)
800025f4:	0330000f          	fence	rw,rw
800025f8:	fffff617          	auipc	a2,0xfffff
800025fc:	a0860613          	addi	a2,a2,-1528 # 80001000 <tohost>
80002600:	00d62023          	sw	a3,0(a2)
80002604:	00000793          	li	a5,0
80002608:	00f62223          	sw	a5,4(a2)
8000260c:	fffff617          	auipc	a2,0xfffff
80002610:	a3460613          	addi	a2,a2,-1484 # 80001040 <fromhost>
80002614:	00062703          	lw	a4,0(a2)
80002618:	00462783          	lw	a5,4(a2)
8000261c:	00f76733          	or	a4,a4,a5
80002620:	fe070ae3          	beqz	a4,80002614 <putchar+0x9c>
80002624:	00000793          	li	a5,0
80002628:	00f62023          	sw	a5,0(a2)
8000262c:	00000813          	li	a6,0
80002630:	01062223          	sw	a6,4(a2)
80002634:	0330000f          	fence	rw,rw
80002638:	04022023          	sw	zero,64(tp) # 40 <buflen.1>
8000263c:	0006a703          	lw	a4,0(a3)
80002640:	00000513          	li	a0,0
80002644:	0046a783          	lw	a5,4(a3)
80002648:	08010113          	addi	sp,sp,128
8000264c:	00008067          	ret

80002650 <setStats>:
80002650:	b0002773          	csrr	a4,mcycle
80002654:	00002797          	auipc	a5,0x2
80002658:	e6c78793          	addi	a5,a5,-404 # 800044c0 <counters>
8000265c:	00050a63          	beqz	a0,80002670 <setStats+0x20>
80002660:	00e7a023          	sw	a4,0(a5)
80002664:	b0202773          	csrr	a4,minstret
80002668:	00e7a223          	sw	a4,4(a5)
8000266c:	00008067          	ret
80002670:	0007a583          	lw	a1,0(a5)
80002674:	00002697          	auipc	a3,0x2
80002678:	e4468693          	addi	a3,a3,-444 # 800044b8 <counter_names>
8000267c:	00001617          	auipc	a2,0x1
80002680:	ef060613          	addi	a2,a2,-272 # 8000356c <main+0xc4>
80002684:	40b70733          	sub	a4,a4,a1
80002688:	00e7a023          	sw	a4,0(a5)
8000268c:	00c6a023          	sw	a2,0(a3)
80002690:	b0202773          	csrr	a4,minstret
80002694:	0047a603          	lw	a2,4(a5)
80002698:	00001597          	auipc	a1,0x1
8000269c:	edc58593          	addi	a1,a1,-292 # 80003574 <main+0xcc>
800026a0:	00b6a223          	sw	a1,4(a3)
800026a4:	40c70733          	sub	a4,a4,a2
800026a8:	00e7a223          	sw	a4,4(a5)
800026ac:	00008067          	ret

800026b0 <tohost_exit>:
800026b0:	00151693          	slli	a3,a0,0x1
800026b4:	0016e713          	ori	a4,a3,1
800026b8:	fffff697          	auipc	a3,0xfffff
800026bc:	94868693          	addi	a3,a3,-1720 # 80001000 <tohost>
800026c0:	00000793          	li	a5,0
800026c4:	00e6a023          	sw	a4,0(a3)
800026c8:	00f6a223          	sw	a5,4(a3)
800026cc:	0000006f          	j	800026cc <tohost_exit+0x1c>

800026d0 <handle_trap>:
800026d0:	00001637          	lui	a2,0x1
800026d4:	fffff797          	auipc	a5,0xfffff
800026d8:	92c78793          	addi	a5,a5,-1748 # 80001000 <tohost>
800026dc:	a7360613          	addi	a2,a2,-1421 # a73 <buflen.1+0xa33>
800026e0:	00000693          	li	a3,0
800026e4:	00c7a023          	sw	a2,0(a5)
800026e8:	00d7a223          	sw	a3,4(a5)
800026ec:	0000006f          	j	800026ec <handle_trap+0x1c>

800026f0 <exit>:
800026f0:	ff010113          	addi	sp,sp,-16
800026f4:	00112623          	sw	ra,12(sp)
800026f8:	fb9ff0ef          	jal	800026b0 <tohost_exit>

800026fc <abort>:
800026fc:	fffff797          	auipc	a5,0xfffff
80002700:	90478793          	addi	a5,a5,-1788 # 80001000 <tohost>
80002704:	10d00613          	li	a2,269
80002708:	00000693          	li	a3,0
8000270c:	00c7a023          	sw	a2,0(a5)
80002710:	00d7a223          	sw	a3,4(a5)
80002714:	0000006f          	j	80002714 <abort+0x18>

80002718 <printstr>:
80002718:	00054783          	lbu	a5,0(a0)
8000271c:	f8010113          	addi	sp,sp,-128
80002720:	03f10613          	addi	a2,sp,63
80002724:	00050813          	mv	a6,a0
80002728:	00000893          	li	a7,0
8000272c:	fc067613          	andi	a2,a2,-64
80002730:	0a078063          	beqz	a5,800027d0 <printstr+0xb8>
80002734:	00050793          	mv	a5,a0
80002738:	0017c703          	lbu	a4,1(a5)
8000273c:	00178793          	addi	a5,a5,1
80002740:	fe071ce3          	bnez	a4,80002738 <printstr+0x20>
80002744:	40a78333          	sub	t1,a5,a0
80002748:	00000393          	li	t2,0
8000274c:	04000713          	li	a4,64
80002750:	00e62023          	sw	a4,0(a2)
80002754:	00000793          	li	a5,0
80002758:	00f62223          	sw	a5,4(a2)
8000275c:	00100713          	li	a4,1
80002760:	00e62423          	sw	a4,8(a2)
80002764:	00000793          	li	a5,0
80002768:	00f62623          	sw	a5,12(a2)
8000276c:	01062823          	sw	a6,16(a2)
80002770:	01162a23          	sw	a7,20(a2)
80002774:	00662c23          	sw	t1,24(a2)
80002778:	00762e23          	sw	t2,28(a2)
8000277c:	0330000f          	fence	rw,rw
80002780:	fffff697          	auipc	a3,0xfffff
80002784:	88068693          	addi	a3,a3,-1920 # 80001000 <tohost>
80002788:	00c6a023          	sw	a2,0(a3)
8000278c:	00000793          	li	a5,0
80002790:	00f6a223          	sw	a5,4(a3)
80002794:	fffff697          	auipc	a3,0xfffff
80002798:	8ac68693          	addi	a3,a3,-1876 # 80001040 <fromhost>
8000279c:	0006a703          	lw	a4,0(a3)
800027a0:	0046a783          	lw	a5,4(a3)
800027a4:	00f76733          	or	a4,a4,a5
800027a8:	fe070ae3          	beqz	a4,8000279c <printstr+0x84>
800027ac:	00000793          	li	a5,0
800027b0:	00f6a023          	sw	a5,0(a3)
800027b4:	00000813          	li	a6,0
800027b8:	0106a223          	sw	a6,4(a3)
800027bc:	0330000f          	fence	rw,rw
800027c0:	00062703          	lw	a4,0(a2)
800027c4:	00462783          	lw	a5,4(a2)
800027c8:	08010113          	addi	sp,sp,128
800027cc:	00008067          	ret
800027d0:	00000313          	li	t1,0
800027d4:	00000393          	li	t2,0
800027d8:	f75ff06f          	j	8000274c <printstr+0x34>

800027dc <thread_entry>:
800027dc:	00051463          	bnez	a0,800027e4 <thread_entry+0x8>
800027e0:	00008067          	ret
800027e4:	0000006f          	j	800027e4 <thread_entry+0x8>

800027e8 <printhex>:
800027e8:	fd010113          	addi	sp,sp,-48
800027ec:	00050713          	mv	a4,a0
800027f0:	02112623          	sw	ra,44(sp)
800027f4:	00c10513          	addi	a0,sp,12
800027f8:	01b10613          	addi	a2,sp,27
800027fc:	00900813          	li	a6,9
80002800:	0080006f          	j	80002808 <printhex+0x20>
80002804:	00078613          	mv	a2,a5
80002808:	00f77793          	andi	a5,a4,15
8000280c:	00f837b3          	sltu	a5,a6,a5
80002810:	40f007b3          	neg	a5,a5
80002814:	0277f793          	andi	a5,a5,39
80002818:	00f77693          	andi	a3,a4,15
8000281c:	03078793          	addi	a5,a5,48
80002820:	00f687b3          	add	a5,a3,a5
80002824:	00f60023          	sb	a5,0(a2)
80002828:	00475713          	srli	a4,a4,0x4
8000282c:	01c59793          	slli	a5,a1,0x1c
80002830:	00e7e733          	or	a4,a5,a4
80002834:	0045d593          	srli	a1,a1,0x4
80002838:	fff60793          	addi	a5,a2,-1
8000283c:	fcc514e3          	bne	a0,a2,80002804 <printhex+0x1c>
80002840:	00010e23          	sb	zero,28(sp)
80002844:	ed5ff0ef          	jal	80002718 <printstr>
80002848:	02c12083          	lw	ra,44(sp)
8000284c:	03010113          	addi	sp,sp,48
80002850:	00008067          	ret

80002854 <printf>:
80002854:	fc010113          	addi	sp,sp,-64
80002858:	02410313          	addi	t1,sp,36
8000285c:	02b12223          	sw	a1,36(sp)
80002860:	02c12423          	sw	a2,40(sp)
80002864:	02d12623          	sw	a3,44(sp)
80002868:	00050613          	mv	a2,a0
8000286c:	00030693          	mv	a3,t1
80002870:	00000517          	auipc	a0,0x0
80002874:	d0850513          	addi	a0,a0,-760 # 80002578 <putchar>
80002878:	00000593          	li	a1,0
8000287c:	00112e23          	sw	ra,28(sp)
80002880:	02e12823          	sw	a4,48(sp)
80002884:	02f12a23          	sw	a5,52(sp)
80002888:	03012c23          	sw	a6,56(sp)
8000288c:	03112e23          	sw	a7,60(sp)
80002890:	00612623          	sw	t1,12(sp)
80002894:	ffcff0ef          	jal	80002090 <vprintfmt>
80002898:	01c12083          	lw	ra,28(sp)
8000289c:	00000513          	li	a0,0
800028a0:	04010113          	addi	sp,sp,64
800028a4:	00008067          	ret

800028a8 <sprintf>:
800028a8:	fb010113          	addi	sp,sp,-80
800028ac:	03810313          	addi	t1,sp,56
800028b0:	02812423          	sw	s0,40(sp)
800028b4:	00a12623          	sw	a0,12(sp)
800028b8:	02c12c23          	sw	a2,56(sp)
800028bc:	02d12e23          	sw	a3,60(sp)
800028c0:	00050413          	mv	s0,a0
800028c4:	00058613          	mv	a2,a1
800028c8:	00000517          	auipc	a0,0x0
800028cc:	c9850513          	addi	a0,a0,-872 # 80002560 <sprintf_putch.0>
800028d0:	00c10593          	addi	a1,sp,12
800028d4:	00030693          	mv	a3,t1
800028d8:	02112623          	sw	ra,44(sp)
800028dc:	04f12223          	sw	a5,68(sp)
800028e0:	04e12023          	sw	a4,64(sp)
800028e4:	05012423          	sw	a6,72(sp)
800028e8:	05112623          	sw	a7,76(sp)
800028ec:	00612e23          	sw	t1,28(sp)
800028f0:	fa0ff0ef          	jal	80002090 <vprintfmt>
800028f4:	00c12783          	lw	a5,12(sp)
800028f8:	00078023          	sb	zero,0(a5)
800028fc:	00c12503          	lw	a0,12(sp)
80002900:	02c12083          	lw	ra,44(sp)
80002904:	40850533          	sub	a0,a0,s0
80002908:	02812403          	lw	s0,40(sp)
8000290c:	05010113          	addi	sp,sp,80
80002910:	00008067          	ret

80002914 <memcpy>:
80002914:	00c5e7b3          	or	a5,a1,a2
80002918:	00f567b3          	or	a5,a0,a5
8000291c:	0037f793          	andi	a5,a5,3
80002920:	00058393          	mv	t2,a1
80002924:	00c506b3          	add	a3,a0,a2
80002928:	02078463          	beqz	a5,80002950 <memcpy+0x3c>
8000292c:	00c58633          	add	a2,a1,a2
80002930:	00050793          	mv	a5,a0
80002934:	0ad57263          	bgeu	a0,a3,800029d8 <memcpy+0xc4>
80002938:	0005c703          	lbu	a4,0(a1)
8000293c:	00158593          	addi	a1,a1,1
80002940:	00178793          	addi	a5,a5,1
80002944:	fee78fa3          	sb	a4,-1(a5)
80002948:	fec598e3          	bne	a1,a2,80002938 <memcpy+0x24>
8000294c:	00008067          	ret
80002950:	02050713          	addi	a4,a0,32
80002954:	08d77463          	bgeu	a4,a3,800029dc <memcpy+0xc8>
80002958:	00070793          	mv	a5,a4
8000295c:	0005a283          	lw	t0,0(a1)
80002960:	0045af83          	lw	t6,4(a1)
80002964:	0085af03          	lw	t5,8(a1)
80002968:	00c5ae83          	lw	t4,12(a1)
8000296c:	0105ae03          	lw	t3,16(a1)
80002970:	0145a303          	lw	t1,20(a1)
80002974:	0185a883          	lw	a7,24(a1)
80002978:	01c5a803          	lw	a6,28(a1)
8000297c:	02078793          	addi	a5,a5,32
80002980:	fc57a023          	sw	t0,-64(a5)
80002984:	fdf7a223          	sw	t6,-60(a5)
80002988:	fde7a423          	sw	t5,-56(a5)
8000298c:	fdd7a623          	sw	t4,-52(a5)
80002990:	fdc7a823          	sw	t3,-48(a5)
80002994:	fc67aa23          	sw	t1,-44(a5)
80002998:	fd17ac23          	sw	a7,-40(a5)
8000299c:	fd07ae23          	sw	a6,-36(a5)
800029a0:	02058593          	addi	a1,a1,32
800029a4:	fad7ece3          	bltu	a5,a3,8000295c <memcpy+0x48>
800029a8:	fdf60613          	addi	a2,a2,-33
800029ac:	fe067613          	andi	a2,a2,-32
800029b0:	02038393          	addi	t2,t2,32
800029b4:	00c707b3          	add	a5,a4,a2
800029b8:	00c385b3          	add	a1,t2,a2
800029bc:	f8d7f8e3          	bgeu	a5,a3,8000294c <memcpy+0x38>
800029c0:	0005a703          	lw	a4,0(a1)
800029c4:	00478793          	addi	a5,a5,4
800029c8:	00458593          	addi	a1,a1,4
800029cc:	fee7ae23          	sw	a4,-4(a5)
800029d0:	fed7e8e3          	bltu	a5,a3,800029c0 <memcpy+0xac>
800029d4:	00008067          	ret
800029d8:	00008067          	ret
800029dc:	00050793          	mv	a5,a0
800029e0:	fddff06f          	j	800029bc <memcpy+0xa8>

800029e4 <memset>:
800029e4:	ff010113          	addi	sp,sp,-16
800029e8:	00c567b3          	or	a5,a0,a2
800029ec:	00812423          	sw	s0,8(sp)
800029f0:	00112623          	sw	ra,12(sp)
800029f4:	0037f793          	andi	a5,a5,3
800029f8:	00050413          	mv	s0,a0
800029fc:	00c50733          	add	a4,a0,a2
80002a00:	02078263          	beqz	a5,80002a24 <memset+0x40>
80002a04:	00e57663          	bgeu	a0,a4,80002a10 <memset+0x2c>
80002a08:	0ff5f593          	zext.b	a1,a1
80002a0c:	fd9ff0ef          	jal	800029e4 <memset>
80002a10:	00c12083          	lw	ra,12(sp)
80002a14:	00040513          	mv	a0,s0
80002a18:	00812403          	lw	s0,8(sp)
80002a1c:	01010113          	addi	sp,sp,16
80002a20:	00008067          	ret
80002a24:	0ff5f593          	zext.b	a1,a1
80002a28:	00859693          	slli	a3,a1,0x8
80002a2c:	00b686b3          	add	a3,a3,a1
80002a30:	01069793          	slli	a5,a3,0x10
80002a34:	00f686b3          	add	a3,a3,a5
80002a38:	fce57ce3          	bgeu	a0,a4,80002a10 <memset+0x2c>
80002a3c:	00050793          	mv	a5,a0
80002a40:	00478793          	addi	a5,a5,4
80002a44:	fed7ae23          	sw	a3,-4(a5)
80002a48:	fee7ece3          	bltu	a5,a4,80002a40 <memset+0x5c>
80002a4c:	00c12083          	lw	ra,12(sp)
80002a50:	00040513          	mv	a0,s0
80002a54:	00812403          	lw	s0,8(sp)
80002a58:	01010113          	addi	sp,sp,16
80002a5c:	00008067          	ret

80002a60 <_init>:
80002a60:	f6010113          	addi	sp,sp,-160
80002a64:	00002797          	auipc	a5,0x2
80002a68:	a6478793          	addi	a5,a5,-1436 # 800044c8 <_tdata_begin>
80002a6c:	09312623          	sw	s3,140(sp)
80002a70:	00002997          	auipc	s3,0x2
80002a74:	a5898993          	addi	s3,s3,-1448 # 800044c8 <_tdata_begin>
80002a78:	09412423          	sw	s4,136(sp)
80002a7c:	40f98a33          	sub	s4,s3,a5
80002a80:	08912a23          	sw	s1,148(sp)
80002a84:	09212823          	sw	s2,144(sp)
80002a88:	00050493          	mv	s1,a0
80002a8c:	00058913          	mv	s2,a1
80002a90:	00020513          	mv	a0,tp
80002a94:	00078593          	mv	a1,a5
80002a98:	000a0613          	mv	a2,s4
80002a9c:	08112e23          	sw	ra,156(sp)
80002aa0:	08812c23          	sw	s0,152(sp)
80002aa4:	09512223          	sw	s5,132(sp)
80002aa8:	00020a93          	mv	s5,tp
80002aac:	e69ff0ef          	jal	80002914 <memcpy>
80002ab0:	88c18613          	addi	a2,gp,-1908 # 80004544 <_tbss_end>
80002ab4:	41360633          	sub	a2,a2,s3
80002ab8:	00000593          	li	a1,0
80002abc:	014a8533          	add	a0,s5,s4
80002ac0:	f25ff0ef          	jal	800029e4 <memset>
80002ac4:	00090593          	mv	a1,s2
80002ac8:	00048513          	mv	a0,s1
80002acc:	d11ff0ef          	jal	800027dc <thread_entry>
80002ad0:	00000593          	li	a1,0
80002ad4:	00000513          	li	a0,0
80002ad8:	1d1000ef          	jal	800034a8 <main>
80002adc:	00002917          	auipc	s2,0x2
80002ae0:	9e490913          	addi	s2,s2,-1564 # 800044c0 <counters>
80002ae4:	00092683          	lw	a3,0(s2)
80002ae8:	03f10413          	addi	s0,sp,63
80002aec:	fc047413          	andi	s0,s0,-64
80002af0:	00050493          	mv	s1,a0
80002af4:	04069463          	bnez	a3,80002b3c <_init+0xdc>
80002af8:	00492683          	lw	a3,4(s2)
80002afc:	00069663          	bnez	a3,80002b08 <_init+0xa8>
80002b00:	00048513          	mv	a0,s1
80002b04:	badff0ef          	jal	800026b0 <tohost_exit>
80002b08:	00040913          	mv	s2,s0
80002b0c:	00002997          	auipc	s3,0x2
80002b10:	9ac98993          	addi	s3,s3,-1620 # 800044b8 <counter_names>
80002b14:	0049a603          	lw	a2,4(s3)
80002b18:	00090513          	mv	a0,s2
80002b1c:	00001597          	auipc	a1,0x1
80002b20:	a7c58593          	addi	a1,a1,-1412 # 80003598 <main+0xf0>
80002b24:	d85ff0ef          	jal	800028a8 <sprintf>
80002b28:	00a90933          	add	s2,s2,a0
80002b2c:	fd240ae3          	beq	s0,s2,80002b00 <_init+0xa0>
80002b30:	00040513          	mv	a0,s0
80002b34:	be5ff0ef          	jal	80002718 <printstr>
80002b38:	fc9ff06f          	j	80002b00 <_init+0xa0>
80002b3c:	00002997          	auipc	s3,0x2
80002b40:	97c98993          	addi	s3,s3,-1668 # 800044b8 <counter_names>
80002b44:	0009a603          	lw	a2,0(s3)
80002b48:	00001597          	auipc	a1,0x1
80002b4c:	a5058593          	addi	a1,a1,-1456 # 80003598 <main+0xf0>
80002b50:	00040513          	mv	a0,s0
80002b54:	d55ff0ef          	jal	800028a8 <sprintf>
80002b58:	00492683          	lw	a3,4(s2)
80002b5c:	00a40933          	add	s2,s0,a0
80002b60:	fc0686e3          	beqz	a3,80002b2c <_init+0xcc>
80002b64:	fb1ff06f          	j	80002b14 <_init+0xb4>

80002b68 <strlen>:
80002b68:	00054783          	lbu	a5,0(a0)
80002b6c:	00078e63          	beqz	a5,80002b88 <strlen+0x20>
80002b70:	00050793          	mv	a5,a0
80002b74:	0017c703          	lbu	a4,1(a5)
80002b78:	00178793          	addi	a5,a5,1
80002b7c:	fe071ce3          	bnez	a4,80002b74 <strlen+0xc>
80002b80:	40a78533          	sub	a0,a5,a0
80002b84:	00008067          	ret
80002b88:	00000513          	li	a0,0
80002b8c:	00008067          	ret

80002b90 <strnlen>:
80002b90:	00b506b3          	add	a3,a0,a1
80002b94:	00050793          	mv	a5,a0
80002b98:	00059863          	bnez	a1,80002ba8 <strnlen+0x18>
80002b9c:	01c0006f          	j	80002bb8 <strnlen+0x28>
80002ba0:	00178793          	addi	a5,a5,1
80002ba4:	00d78663          	beq	a5,a3,80002bb0 <strnlen+0x20>
80002ba8:	0007c703          	lbu	a4,0(a5)
80002bac:	fe071ae3          	bnez	a4,80002ba0 <strnlen+0x10>
80002bb0:	40a78533          	sub	a0,a5,a0
80002bb4:	00008067          	ret
80002bb8:	00000513          	li	a0,0
80002bbc:	00008067          	ret

80002bc0 <strcmp>:
80002bc0:	00054783          	lbu	a5,0(a0)
80002bc4:	00150513          	addi	a0,a0,1
80002bc8:	00158593          	addi	a1,a1,1
80002bcc:	fff5c703          	lbu	a4,-1(a1)
80002bd0:	00078863          	beqz	a5,80002be0 <strcmp+0x20>
80002bd4:	fee786e3          	beq	a5,a4,80002bc0 <strcmp>
80002bd8:	40e78533          	sub	a0,a5,a4
80002bdc:	00008067          	ret
80002be0:	00000793          	li	a5,0
80002be4:	ff5ff06f          	j	80002bd8 <strcmp+0x18>

80002be8 <strcpy>:
80002be8:	00050793          	mv	a5,a0
80002bec:	0005c703          	lbu	a4,0(a1)
80002bf0:	00158593          	addi	a1,a1,1
80002bf4:	00178793          	addi	a5,a5,1
80002bf8:	fee78fa3          	sb	a4,-1(a5)
80002bfc:	fe0718e3          	bnez	a4,80002bec <strcpy+0x4>
80002c00:	00008067          	ret

80002c04 <atol>:
80002c04:	00054703          	lbu	a4,0(a0)
80002c08:	02000693          	li	a3,32
80002c0c:	00050793          	mv	a5,a0
80002c10:	00d71a63          	bne	a4,a3,80002c24 <atol+0x20>
80002c14:	00070693          	mv	a3,a4
80002c18:	0017c703          	lbu	a4,1(a5)
80002c1c:	00178793          	addi	a5,a5,1
80002c20:	fed70ce3          	beq	a4,a3,80002c18 <atol+0x14>
80002c24:	02d00693          	li	a3,45
80002c28:	04d70e63          	beq	a4,a3,80002c84 <atol+0x80>
80002c2c:	02b00693          	li	a3,43
80002c30:	04d70063          	beq	a4,a3,80002c70 <atol+0x6c>
80002c34:	0007c683          	lbu	a3,0(a5)
80002c38:	00000593          	li	a1,0
80002c3c:	04068c63          	beqz	a3,80002c94 <atol+0x90>
80002c40:	00000513          	li	a0,0
80002c44:	00178793          	addi	a5,a5,1
80002c48:	fd068613          	addi	a2,a3,-48
80002c4c:	00251713          	slli	a4,a0,0x2
80002c50:	0007c683          	lbu	a3,0(a5)
80002c54:	00a70733          	add	a4,a4,a0
80002c58:	00171713          	slli	a4,a4,0x1
80002c5c:	00e60533          	add	a0,a2,a4
80002c60:	fe0692e3          	bnez	a3,80002c44 <atol+0x40>
80002c64:	02058a63          	beqz	a1,80002c98 <atol+0x94>
80002c68:	40a00533          	neg	a0,a0
80002c6c:	00008067          	ret
80002c70:	0017c683          	lbu	a3,1(a5)
80002c74:	00178793          	addi	a5,a5,1
80002c78:	00068e63          	beqz	a3,80002c94 <atol+0x90>
80002c7c:	00000593          	li	a1,0
80002c80:	fc1ff06f          	j	80002c40 <atol+0x3c>
80002c84:	0017c683          	lbu	a3,1(a5)
80002c88:	00100593          	li	a1,1
80002c8c:	00b787b3          	add	a5,a5,a1
80002c90:	fa0698e3          	bnez	a3,80002c40 <atol+0x3c>
80002c94:	00000513          	li	a0,0
80002c98:	00008067          	ret

80002c9c <__udivdi3>:
80002c9c:	00050893          	mv	a7,a0
80002ca0:	00058313          	mv	t1,a1
80002ca4:	00060713          	mv	a4,a2
80002ca8:	00050813          	mv	a6,a0
80002cac:	00058793          	mv	a5,a1
80002cb0:	28069263          	bnez	a3,80002f34 <__udivdi3+0x298>
80002cb4:	800035b7          	lui	a1,0x80003
80002cb8:	6fc58593          	addi	a1,a1,1788 # 800036fc <__clz_tab>
80002cbc:	0ec37663          	bgeu	t1,a2,80002da8 <__udivdi3+0x10c>
80002cc0:	000106b7          	lui	a3,0x10
80002cc4:	0cd67863          	bgeu	a2,a3,80002d94 <__udivdi3+0xf8>
80002cc8:	10063693          	sltiu	a3,a2,256
80002ccc:	0016b693          	seqz	a3,a3
80002cd0:	00369693          	slli	a3,a3,0x3
80002cd4:	00d65533          	srl	a0,a2,a3
80002cd8:	00a585b3          	add	a1,a1,a0
80002cdc:	0005c583          	lbu	a1,0(a1)
80002ce0:	02000513          	li	a0,32
80002ce4:	00d586b3          	add	a3,a1,a3
80002ce8:	40d505b3          	sub	a1,a0,a3
80002cec:	00d50c63          	beq	a0,a3,80002d04 <__udivdi3+0x68>
80002cf0:	00b317b3          	sll	a5,t1,a1
80002cf4:	00d8d6b3          	srl	a3,a7,a3
80002cf8:	00b61733          	sll	a4,a2,a1
80002cfc:	00f6e7b3          	or	a5,a3,a5
80002d00:	00b89833          	sll	a6,a7,a1
80002d04:	01075593          	srli	a1,a4,0x10
80002d08:	02b7d333          	divu	t1,a5,a1
80002d0c:	01071613          	slli	a2,a4,0x10
80002d10:	01065613          	srli	a2,a2,0x10
80002d14:	02b7f7b3          	remu	a5,a5,a1
80002d18:	00030513          	mv	a0,t1
80002d1c:	026608b3          	mul	a7,a2,t1
80002d20:	01079693          	slli	a3,a5,0x10
80002d24:	01085793          	srli	a5,a6,0x10
80002d28:	00d7e7b3          	or	a5,a5,a3
80002d2c:	0117fe63          	bgeu	a5,a7,80002d48 <__udivdi3+0xac>
80002d30:	00f707b3          	add	a5,a4,a5
80002d34:	fff30513          	addi	a0,t1,-1
80002d38:	00e7e863          	bltu	a5,a4,80002d48 <__udivdi3+0xac>
80002d3c:	0117f663          	bgeu	a5,a7,80002d48 <__udivdi3+0xac>
80002d40:	ffe30513          	addi	a0,t1,-2
80002d44:	00e787b3          	add	a5,a5,a4
80002d48:	411787b3          	sub	a5,a5,a7
80002d4c:	02b7d8b3          	divu	a7,a5,a1
80002d50:	01081813          	slli	a6,a6,0x10
80002d54:	01085813          	srli	a6,a6,0x10
80002d58:	02b7f7b3          	remu	a5,a5,a1
80002d5c:	031606b3          	mul	a3,a2,a7
80002d60:	01079793          	slli	a5,a5,0x10
80002d64:	00f86833          	or	a6,a6,a5
80002d68:	00088793          	mv	a5,a7
80002d6c:	00d87c63          	bgeu	a6,a3,80002d84 <__udivdi3+0xe8>
80002d70:	01070833          	add	a6,a4,a6
80002d74:	fff88793          	addi	a5,a7,-1
80002d78:	00e86663          	bltu	a6,a4,80002d84 <__udivdi3+0xe8>
80002d7c:	00d87463          	bgeu	a6,a3,80002d84 <__udivdi3+0xe8>
80002d80:	ffe88793          	addi	a5,a7,-2
80002d84:	01051513          	slli	a0,a0,0x10
80002d88:	00f56533          	or	a0,a0,a5
80002d8c:	00000593          	li	a1,0
80002d90:	00008067          	ret
80002d94:	01000537          	lui	a0,0x1000
80002d98:	01800693          	li	a3,24
80002d9c:	f2a67ce3          	bgeu	a2,a0,80002cd4 <__udivdi3+0x38>
80002da0:	01000693          	li	a3,16
80002da4:	f31ff06f          	j	80002cd4 <__udivdi3+0x38>
80002da8:	00000693          	li	a3,0
80002dac:	00060c63          	beqz	a2,80002dc4 <__udivdi3+0x128>
80002db0:	000107b7          	lui	a5,0x10
80002db4:	0cf67063          	bgeu	a2,a5,80002e74 <__udivdi3+0x1d8>
80002db8:	10063693          	sltiu	a3,a2,256
80002dbc:	0016b693          	seqz	a3,a3
80002dc0:	00369693          	slli	a3,a3,0x3
80002dc4:	00d657b3          	srl	a5,a2,a3
80002dc8:	00f585b3          	add	a1,a1,a5
80002dcc:	0005c783          	lbu	a5,0(a1)
80002dd0:	00d787b3          	add	a5,a5,a3
80002dd4:	02000693          	li	a3,32
80002dd8:	40f685b3          	sub	a1,a3,a5
80002ddc:	0af69663          	bne	a3,a5,80002e88 <__udivdi3+0x1ec>
80002de0:	40c307b3          	sub	a5,t1,a2
80002de4:	00100593          	li	a1,1
80002de8:	01075893          	srli	a7,a4,0x10
80002dec:	0317de33          	divu	t3,a5,a7
80002df0:	01071613          	slli	a2,a4,0x10
80002df4:	01065613          	srli	a2,a2,0x10
80002df8:	01085693          	srli	a3,a6,0x10
80002dfc:	0317f7b3          	remu	a5,a5,a7
80002e00:	000e0513          	mv	a0,t3
80002e04:	03c60333          	mul	t1,a2,t3
80002e08:	01079793          	slli	a5,a5,0x10
80002e0c:	00f6e7b3          	or	a5,a3,a5
80002e10:	0067fe63          	bgeu	a5,t1,80002e2c <__udivdi3+0x190>
80002e14:	00f707b3          	add	a5,a4,a5
80002e18:	fffe0513          	addi	a0,t3,-1
80002e1c:	00e7e863          	bltu	a5,a4,80002e2c <__udivdi3+0x190>
80002e20:	0067f663          	bgeu	a5,t1,80002e2c <__udivdi3+0x190>
80002e24:	ffee0513          	addi	a0,t3,-2
80002e28:	00e787b3          	add	a5,a5,a4
80002e2c:	406787b3          	sub	a5,a5,t1
80002e30:	0317d333          	divu	t1,a5,a7
80002e34:	01081813          	slli	a6,a6,0x10
80002e38:	01085813          	srli	a6,a6,0x10
80002e3c:	0317f7b3          	remu	a5,a5,a7
80002e40:	026606b3          	mul	a3,a2,t1
80002e44:	01079793          	slli	a5,a5,0x10
80002e48:	00f86833          	or	a6,a6,a5
80002e4c:	00030793          	mv	a5,t1
80002e50:	00d87c63          	bgeu	a6,a3,80002e68 <__udivdi3+0x1cc>
80002e54:	01070833          	add	a6,a4,a6
80002e58:	fff30793          	addi	a5,t1,-1
80002e5c:	00e86663          	bltu	a6,a4,80002e68 <__udivdi3+0x1cc>
80002e60:	00d87463          	bgeu	a6,a3,80002e68 <__udivdi3+0x1cc>
80002e64:	ffe30793          	addi	a5,t1,-2
80002e68:	01051513          	slli	a0,a0,0x10
80002e6c:	00f56533          	or	a0,a0,a5
80002e70:	00008067          	ret
80002e74:	010007b7          	lui	a5,0x1000
80002e78:	01800693          	li	a3,24
80002e7c:	f4f674e3          	bgeu	a2,a5,80002dc4 <__udivdi3+0x128>
80002e80:	01000693          	li	a3,16
80002e84:	f41ff06f          	j	80002dc4 <__udivdi3+0x128>
80002e88:	00b61733          	sll	a4,a2,a1
80002e8c:	00f356b3          	srl	a3,t1,a5
80002e90:	01075513          	srli	a0,a4,0x10
80002e94:	00b31333          	sll	t1,t1,a1
80002e98:	00f8d7b3          	srl	a5,a7,a5
80002e9c:	0067e7b3          	or	a5,a5,t1
80002ea0:	02a6d333          	divu	t1,a3,a0
80002ea4:	01071613          	slli	a2,a4,0x10
80002ea8:	01065613          	srli	a2,a2,0x10
80002eac:	00b89833          	sll	a6,a7,a1
80002eb0:	02a6f6b3          	remu	a3,a3,a0
80002eb4:	026608b3          	mul	a7,a2,t1
80002eb8:	01069593          	slli	a1,a3,0x10
80002ebc:	0107d693          	srli	a3,a5,0x10
80002ec0:	00b6e6b3          	or	a3,a3,a1
80002ec4:	00030593          	mv	a1,t1
80002ec8:	0116fe63          	bgeu	a3,a7,80002ee4 <__udivdi3+0x248>
80002ecc:	00d706b3          	add	a3,a4,a3
80002ed0:	fff30593          	addi	a1,t1,-1
80002ed4:	00e6e863          	bltu	a3,a4,80002ee4 <__udivdi3+0x248>
80002ed8:	0116f663          	bgeu	a3,a7,80002ee4 <__udivdi3+0x248>
80002edc:	ffe30593          	addi	a1,t1,-2
80002ee0:	00e686b3          	add	a3,a3,a4
80002ee4:	411686b3          	sub	a3,a3,a7
80002ee8:	02a6d8b3          	divu	a7,a3,a0
80002eec:	01079793          	slli	a5,a5,0x10
80002ef0:	0107d793          	srli	a5,a5,0x10
80002ef4:	02a6f6b3          	remu	a3,a3,a0
80002ef8:	03160633          	mul	a2,a2,a7
80002efc:	01069693          	slli	a3,a3,0x10
80002f00:	00d7e7b3          	or	a5,a5,a3
80002f04:	00088693          	mv	a3,a7
80002f08:	00c7fe63          	bgeu	a5,a2,80002f24 <__udivdi3+0x288>
80002f0c:	00f707b3          	add	a5,a4,a5
80002f10:	fff88693          	addi	a3,a7,-1
80002f14:	00e7e863          	bltu	a5,a4,80002f24 <__udivdi3+0x288>
80002f18:	00c7f663          	bgeu	a5,a2,80002f24 <__udivdi3+0x288>
80002f1c:	ffe88693          	addi	a3,a7,-2
80002f20:	00e787b3          	add	a5,a5,a4
80002f24:	01059593          	slli	a1,a1,0x10
80002f28:	40c787b3          	sub	a5,a5,a2
80002f2c:	00d5e5b3          	or	a1,a1,a3
80002f30:	eb9ff06f          	j	80002de8 <__udivdi3+0x14c>
80002f34:	18d5e463          	bltu	a1,a3,800030bc <__udivdi3+0x420>
80002f38:	000107b7          	lui	a5,0x10
80002f3c:	04f6f463          	bgeu	a3,a5,80002f84 <__udivdi3+0x2e8>
80002f40:	1006b793          	sltiu	a5,a3,256
80002f44:	0017b793          	seqz	a5,a5
80002f48:	00379793          	slli	a5,a5,0x3
80002f4c:	80003737          	lui	a4,0x80003
80002f50:	00f6d5b3          	srl	a1,a3,a5
80002f54:	6fc70713          	addi	a4,a4,1788 # 800036fc <__clz_tab>
80002f58:	00b70733          	add	a4,a4,a1
80002f5c:	00074703          	lbu	a4,0(a4)
80002f60:	00f70733          	add	a4,a4,a5
80002f64:	02000793          	li	a5,32
80002f68:	40e785b3          	sub	a1,a5,a4
80002f6c:	02e79663          	bne	a5,a4,80002f98 <__udivdi3+0x2fc>
80002f70:	00100513          	li	a0,1
80002f74:	e066eee3          	bltu	a3,t1,80002d90 <__udivdi3+0xf4>
80002f78:	00c8b533          	sltu	a0,a7,a2
80002f7c:	00153513          	seqz	a0,a0
80002f80:	00008067          	ret
80002f84:	01000737          	lui	a4,0x1000
80002f88:	01800793          	li	a5,24
80002f8c:	fce6f0e3          	bgeu	a3,a4,80002f4c <__udivdi3+0x2b0>
80002f90:	01000793          	li	a5,16
80002f94:	fb9ff06f          	j	80002f4c <__udivdi3+0x2b0>
80002f98:	00e65533          	srl	a0,a2,a4
80002f9c:	00b696b3          	sll	a3,a3,a1
80002fa0:	00e357b3          	srl	a5,t1,a4
80002fa4:	00d56533          	or	a0,a0,a3
80002fa8:	00b31333          	sll	t1,t1,a1
80002fac:	00e8d733          	srl	a4,a7,a4
80002fb0:	00676733          	or	a4,a4,t1
80002fb4:	01055313          	srli	t1,a0,0x10
80002fb8:	0267deb3          	divu	t4,a5,t1
80002fbc:	01051813          	slli	a6,a0,0x10
80002fc0:	01085813          	srli	a6,a6,0x10
80002fc4:	01075693          	srli	a3,a4,0x10
80002fc8:	00b61633          	sll	a2,a2,a1
80002fcc:	0267f7b3          	remu	a5,a5,t1
80002fd0:	03d80e33          	mul	t3,a6,t4
80002fd4:	01079793          	slli	a5,a5,0x10
80002fd8:	00f6e6b3          	or	a3,a3,a5
80002fdc:	000e8793          	mv	a5,t4
80002fe0:	01c6fe63          	bgeu	a3,t3,80002ffc <__udivdi3+0x360>
80002fe4:	00d506b3          	add	a3,a0,a3
80002fe8:	fffe8793          	addi	a5,t4,-1
80002fec:	00a6e863          	bltu	a3,a0,80002ffc <__udivdi3+0x360>
80002ff0:	01c6f663          	bgeu	a3,t3,80002ffc <__udivdi3+0x360>
80002ff4:	ffee8793          	addi	a5,t4,-2
80002ff8:	00a686b3          	add	a3,a3,a0
80002ffc:	41c686b3          	sub	a3,a3,t3
80003000:	0266de33          	divu	t3,a3,t1
80003004:	01071713          	slli	a4,a4,0x10
80003008:	01075713          	srli	a4,a4,0x10
8000300c:	0266f6b3          	remu	a3,a3,t1
80003010:	03c80833          	mul	a6,a6,t3
80003014:	01069693          	slli	a3,a3,0x10
80003018:	00d76733          	or	a4,a4,a3
8000301c:	000e0693          	mv	a3,t3
80003020:	01077e63          	bgeu	a4,a6,8000303c <__udivdi3+0x3a0>
80003024:	00e50733          	add	a4,a0,a4
80003028:	fffe0693          	addi	a3,t3,-1
8000302c:	00a76863          	bltu	a4,a0,8000303c <__udivdi3+0x3a0>
80003030:	01077663          	bgeu	a4,a6,8000303c <__udivdi3+0x3a0>
80003034:	ffee0693          	addi	a3,t3,-2
80003038:	00a70733          	add	a4,a4,a0
8000303c:	01079793          	slli	a5,a5,0x10
80003040:	00d7e533          	or	a0,a5,a3
80003044:	01061313          	slli	t1,a2,0x10
80003048:	01069693          	slli	a3,a3,0x10
8000304c:	0106d693          	srli	a3,a3,0x10
80003050:	01035313          	srli	t1,t1,0x10
80003054:	01065613          	srli	a2,a2,0x10
80003058:	41070733          	sub	a4,a4,a6
8000305c:	01055813          	srli	a6,a0,0x10
80003060:	02668e33          	mul	t3,a3,t1
80003064:	02680333          	mul	t1,a6,t1
80003068:	010e5793          	srli	a5,t3,0x10
8000306c:	02c686b3          	mul	a3,a3,a2
80003070:	006686b3          	add	a3,a3,t1
80003074:	00d787b3          	add	a5,a5,a3
80003078:	02c80833          	mul	a6,a6,a2
8000307c:	0067f663          	bgeu	a5,t1,80003088 <__udivdi3+0x3ec>
80003080:	000106b7          	lui	a3,0x10
80003084:	00d80833          	add	a6,a6,a3
80003088:	0107d693          	srli	a3,a5,0x10
8000308c:	010686b3          	add	a3,a3,a6
80003090:	02d76263          	bltu	a4,a3,800030b4 <__udivdi3+0x418>
80003094:	ced71ce3          	bne	a4,a3,80002d8c <__udivdi3+0xf0>
80003098:	010e1e13          	slli	t3,t3,0x10
8000309c:	01079793          	slli	a5,a5,0x10
800030a0:	010e5e13          	srli	t3,t3,0x10
800030a4:	00b898b3          	sll	a7,a7,a1
800030a8:	01c787b3          	add	a5,a5,t3
800030ac:	00000593          	li	a1,0
800030b0:	cef8f0e3          	bgeu	a7,a5,80002d90 <__udivdi3+0xf4>
800030b4:	fff50513          	addi	a0,a0,-1 # ffffff <buflen.1+0xffffbf>
800030b8:	cd5ff06f          	j	80002d8c <__udivdi3+0xf0>
800030bc:	00000593          	li	a1,0
800030c0:	00000513          	li	a0,0
800030c4:	00008067          	ret

800030c8 <__umoddi3>:
800030c8:	00060813          	mv	a6,a2
800030cc:	00050793          	mv	a5,a0
800030d0:	00058713          	mv	a4,a1
800030d4:	20069663          	bnez	a3,800032e0 <__umoddi3+0x218>
800030d8:	800038b7          	lui	a7,0x80003
800030dc:	6fc88893          	addi	a7,a7,1788 # 800036fc <__clz_tab>
800030e0:	0cc5fc63          	bgeu	a1,a2,800031b8 <__umoddi3+0xf0>
800030e4:	000106b7          	lui	a3,0x10
800030e8:	0ad67e63          	bgeu	a2,a3,800031a4 <__umoddi3+0xdc>
800030ec:	10063693          	sltiu	a3,a2,256
800030f0:	0016b693          	seqz	a3,a3
800030f4:	00369693          	slli	a3,a3,0x3
800030f8:	00d65333          	srl	t1,a2,a3
800030fc:	006888b3          	add	a7,a7,t1
80003100:	0008c883          	lbu	a7,0(a7)
80003104:	02000313          	li	t1,32
80003108:	00d886b3          	add	a3,a7,a3
8000310c:	40d308b3          	sub	a7,t1,a3
80003110:	00d30c63          	beq	t1,a3,80003128 <__umoddi3+0x60>
80003114:	01159733          	sll	a4,a1,a7
80003118:	00d556b3          	srl	a3,a0,a3
8000311c:	01161833          	sll	a6,a2,a7
80003120:	00e6e733          	or	a4,a3,a4
80003124:	011517b3          	sll	a5,a0,a7
80003128:	01085613          	srli	a2,a6,0x10
8000312c:	02c756b3          	divu	a3,a4,a2
80003130:	01081513          	slli	a0,a6,0x10
80003134:	01055513          	srli	a0,a0,0x10
80003138:	02c77733          	remu	a4,a4,a2
8000313c:	02a686b3          	mul	a3,a3,a0
80003140:	01071593          	slli	a1,a4,0x10
80003144:	0107d713          	srli	a4,a5,0x10
80003148:	00b76733          	or	a4,a4,a1
8000314c:	00d77a63          	bgeu	a4,a3,80003160 <__umoddi3+0x98>
80003150:	00e80733          	add	a4,a6,a4
80003154:	01076663          	bltu	a4,a6,80003160 <__umoddi3+0x98>
80003158:	00d77463          	bgeu	a4,a3,80003160 <__umoddi3+0x98>
8000315c:	01070733          	add	a4,a4,a6
80003160:	40d70733          	sub	a4,a4,a3
80003164:	02c756b3          	divu	a3,a4,a2
80003168:	02c77733          	remu	a4,a4,a2
8000316c:	02a686b3          	mul	a3,a3,a0
80003170:	01079793          	slli	a5,a5,0x10
80003174:	01071713          	slli	a4,a4,0x10
80003178:	0107d793          	srli	a5,a5,0x10
8000317c:	00e7e7b3          	or	a5,a5,a4
80003180:	00d7fa63          	bgeu	a5,a3,80003194 <__umoddi3+0xcc>
80003184:	00f807b3          	add	a5,a6,a5
80003188:	0107e663          	bltu	a5,a6,80003194 <__umoddi3+0xcc>
8000318c:	00d7f463          	bgeu	a5,a3,80003194 <__umoddi3+0xcc>
80003190:	010787b3          	add	a5,a5,a6
80003194:	40d787b3          	sub	a5,a5,a3
80003198:	0117d533          	srl	a0,a5,a7
8000319c:	00000593          	li	a1,0
800031a0:	00008067          	ret
800031a4:	01000337          	lui	t1,0x1000
800031a8:	01800693          	li	a3,24
800031ac:	f46676e3          	bgeu	a2,t1,800030f8 <__umoddi3+0x30>
800031b0:	01000693          	li	a3,16
800031b4:	f45ff06f          	j	800030f8 <__umoddi3+0x30>
800031b8:	00000693          	li	a3,0
800031bc:	00060c63          	beqz	a2,800031d4 <__umoddi3+0x10c>
800031c0:	00010737          	lui	a4,0x10
800031c4:	06e67e63          	bgeu	a2,a4,80003240 <__umoddi3+0x178>
800031c8:	10063693          	sltiu	a3,a2,256
800031cc:	0016b693          	seqz	a3,a3
800031d0:	00369693          	slli	a3,a3,0x3
800031d4:	00d65733          	srl	a4,a2,a3
800031d8:	00e888b3          	add	a7,a7,a4
800031dc:	0008c703          	lbu	a4,0(a7)
800031e0:	00d70733          	add	a4,a4,a3
800031e4:	02000693          	li	a3,32
800031e8:	40e688b3          	sub	a7,a3,a4
800031ec:	06e69463          	bne	a3,a4,80003254 <__umoddi3+0x18c>
800031f0:	40c58733          	sub	a4,a1,a2
800031f4:	01085593          	srli	a1,a6,0x10
800031f8:	02b75633          	divu	a2,a4,a1
800031fc:	01081513          	slli	a0,a6,0x10
80003200:	01055513          	srli	a0,a0,0x10
80003204:	0107d693          	srli	a3,a5,0x10
80003208:	02b77733          	remu	a4,a4,a1
8000320c:	02a60633          	mul	a2,a2,a0
80003210:	01071713          	slli	a4,a4,0x10
80003214:	00e6e733          	or	a4,a3,a4
80003218:	00c77a63          	bgeu	a4,a2,8000322c <__umoddi3+0x164>
8000321c:	00e80733          	add	a4,a6,a4
80003220:	01076663          	bltu	a4,a6,8000322c <__umoddi3+0x164>
80003224:	00c77463          	bgeu	a4,a2,8000322c <__umoddi3+0x164>
80003228:	01070733          	add	a4,a4,a6
8000322c:	40c70733          	sub	a4,a4,a2
80003230:	02b756b3          	divu	a3,a4,a1
80003234:	02b77733          	remu	a4,a4,a1
80003238:	02a686b3          	mul	a3,a3,a0
8000323c:	f35ff06f          	j	80003170 <__umoddi3+0xa8>
80003240:	01000737          	lui	a4,0x1000
80003244:	01800693          	li	a3,24
80003248:	f8e676e3          	bgeu	a2,a4,800031d4 <__umoddi3+0x10c>
8000324c:	01000693          	li	a3,16
80003250:	f85ff06f          	j	800031d4 <__umoddi3+0x10c>
80003254:	01161833          	sll	a6,a2,a7
80003258:	00e5d6b3          	srl	a3,a1,a4
8000325c:	011517b3          	sll	a5,a0,a7
80003260:	011595b3          	sll	a1,a1,a7
80003264:	00e55733          	srl	a4,a0,a4
80003268:	01085513          	srli	a0,a6,0x10
8000326c:	00b76733          	or	a4,a4,a1
80003270:	02a6d5b3          	divu	a1,a3,a0
80003274:	01081313          	slli	t1,a6,0x10
80003278:	01035313          	srli	t1,t1,0x10
8000327c:	02a6f6b3          	remu	a3,a3,a0
80003280:	026585b3          	mul	a1,a1,t1
80003284:	01069613          	slli	a2,a3,0x10
80003288:	01075693          	srli	a3,a4,0x10
8000328c:	00c6e6b3          	or	a3,a3,a2
80003290:	00b6fa63          	bgeu	a3,a1,800032a4 <__umoddi3+0x1dc>
80003294:	00d806b3          	add	a3,a6,a3
80003298:	0106e663          	bltu	a3,a6,800032a4 <__umoddi3+0x1dc>
8000329c:	00b6f463          	bgeu	a3,a1,800032a4 <__umoddi3+0x1dc>
800032a0:	010686b3          	add	a3,a3,a6
800032a4:	40b686b3          	sub	a3,a3,a1
800032a8:	02a6d633          	divu	a2,a3,a0
800032ac:	01071713          	slli	a4,a4,0x10
800032b0:	01075713          	srli	a4,a4,0x10
800032b4:	02a6f6b3          	remu	a3,a3,a0
800032b8:	02660633          	mul	a2,a2,t1
800032bc:	01069693          	slli	a3,a3,0x10
800032c0:	00d76733          	or	a4,a4,a3
800032c4:	00c77a63          	bgeu	a4,a2,800032d8 <__umoddi3+0x210>
800032c8:	00e80733          	add	a4,a6,a4
800032cc:	01076663          	bltu	a4,a6,800032d8 <__umoddi3+0x210>
800032d0:	00c77463          	bgeu	a4,a2,800032d8 <__umoddi3+0x210>
800032d4:	01070733          	add	a4,a4,a6
800032d8:	40c70733          	sub	a4,a4,a2
800032dc:	f19ff06f          	j	800031f4 <__umoddi3+0x12c>
800032e0:	1cd5e263          	bltu	a1,a3,800034a4 <__umoddi3+0x3dc>
800032e4:	00010837          	lui	a6,0x10
800032e8:	0506fe63          	bgeu	a3,a6,80003344 <__umoddi3+0x27c>
800032ec:	1006b813          	sltiu	a6,a3,256
800032f0:	00183813          	seqz	a6,a6
800032f4:	00381813          	slli	a6,a6,0x3
800032f8:	800038b7          	lui	a7,0x80003
800032fc:	0106d333          	srl	t1,a3,a6
80003300:	6fc88893          	addi	a7,a7,1788 # 800036fc <__clz_tab>
80003304:	006888b3          	add	a7,a7,t1
80003308:	0008c883          	lbu	a7,0(a7)
8000330c:	02000313          	li	t1,32
80003310:	010888b3          	add	a7,a7,a6
80003314:	41130833          	sub	a6,t1,a7
80003318:	05131063          	bne	t1,a7,80003358 <__umoddi3+0x290>
8000331c:	00b6e463          	bltu	a3,a1,80003324 <__umoddi3+0x25c>
80003320:	00c56c63          	bltu	a0,a2,80003338 <__umoddi3+0x270>
80003324:	40c50633          	sub	a2,a0,a2
80003328:	40d586b3          	sub	a3,a1,a3
8000332c:	00c53733          	sltu	a4,a0,a2
80003330:	00060793          	mv	a5,a2
80003334:	40e68733          	sub	a4,a3,a4
80003338:	00078513          	mv	a0,a5
8000333c:	00070593          	mv	a1,a4
80003340:	00008067          	ret
80003344:	010008b7          	lui	a7,0x1000
80003348:	01800813          	li	a6,24
8000334c:	fb16f6e3          	bgeu	a3,a7,800032f8 <__umoddi3+0x230>
80003350:	01000813          	li	a6,16
80003354:	fa5ff06f          	j	800032f8 <__umoddi3+0x230>
80003358:	011657b3          	srl	a5,a2,a7
8000335c:	010696b3          	sll	a3,a3,a6
80003360:	00d7e6b3          	or	a3,a5,a3
80003364:	0115d733          	srl	a4,a1,a7
80003368:	0106d313          	srli	t1,a3,0x10
8000336c:	02675f33          	divu	t5,a4,t1
80003370:	01069e13          	slli	t3,a3,0x10
80003374:	010e5e13          	srli	t3,t3,0x10
80003378:	010597b3          	sll	a5,a1,a6
8000337c:	011555b3          	srl	a1,a0,a7
80003380:	00f5e5b3          	or	a1,a1,a5
80003384:	0105d793          	srli	a5,a1,0x10
80003388:	01061633          	sll	a2,a2,a6
8000338c:	01051533          	sll	a0,a0,a6
80003390:	02677733          	remu	a4,a4,t1
80003394:	03ee0eb3          	mul	t4,t3,t5
80003398:	01071713          	slli	a4,a4,0x10
8000339c:	00e7e7b3          	or	a5,a5,a4
800033a0:	000f0713          	mv	a4,t5
800033a4:	01d7fe63          	bgeu	a5,t4,800033c0 <__umoddi3+0x2f8>
800033a8:	00f687b3          	add	a5,a3,a5
800033ac:	ffff0713          	addi	a4,t5,-1
800033b0:	00d7e863          	bltu	a5,a3,800033c0 <__umoddi3+0x2f8>
800033b4:	01d7f663          	bgeu	a5,t4,800033c0 <__umoddi3+0x2f8>
800033b8:	ffef0713          	addi	a4,t5,-2
800033bc:	00d787b3          	add	a5,a5,a3
800033c0:	41d787b3          	sub	a5,a5,t4
800033c4:	0267deb3          	divu	t4,a5,t1
800033c8:	01059593          	slli	a1,a1,0x10
800033cc:	0105d593          	srli	a1,a1,0x10
800033d0:	0267f7b3          	remu	a5,a5,t1
800033d4:	000e8313          	mv	t1,t4
800033d8:	03de0e33          	mul	t3,t3,t4
800033dc:	01079793          	slli	a5,a5,0x10
800033e0:	00f5e5b3          	or	a1,a1,a5
800033e4:	01c5fe63          	bgeu	a1,t3,80003400 <__umoddi3+0x338>
800033e8:	00b685b3          	add	a1,a3,a1
800033ec:	fffe8313          	addi	t1,t4,-1
800033f0:	00d5e863          	bltu	a1,a3,80003400 <__umoddi3+0x338>
800033f4:	01c5f663          	bgeu	a1,t3,80003400 <__umoddi3+0x338>
800033f8:	ffee8313          	addi	t1,t4,-2
800033fc:	00d585b3          	add	a1,a1,a3
80003400:	01071793          	slli	a5,a4,0x10
80003404:	0067e7b3          	or	a5,a5,t1
80003408:	41c585b3          	sub	a1,a1,t3
8000340c:	01031313          	slli	t1,t1,0x10
80003410:	01061e13          	slli	t3,a2,0x10
80003414:	01065713          	srli	a4,a2,0x10
80003418:	01035313          	srli	t1,t1,0x10
8000341c:	0107d793          	srli	a5,a5,0x10
80003420:	010e5e13          	srli	t3,t3,0x10
80003424:	03c30eb3          	mul	t4,t1,t3
80003428:	03c78e33          	mul	t3,a5,t3
8000342c:	02e30333          	mul	t1,t1,a4
80003430:	02e787b3          	mul	a5,a5,a4
80003434:	01c30333          	add	t1,t1,t3
80003438:	010ed713          	srli	a4,t4,0x10
8000343c:	00670733          	add	a4,a4,t1
80003440:	01c77663          	bgeu	a4,t3,8000344c <__umoddi3+0x384>
80003444:	00010337          	lui	t1,0x10
80003448:	006787b3          	add	a5,a5,t1
8000344c:	01075313          	srli	t1,a4,0x10
80003450:	010e9e93          	slli	t4,t4,0x10
80003454:	01071713          	slli	a4,a4,0x10
80003458:	010ede93          	srli	t4,t4,0x10
8000345c:	00f307b3          	add	a5,t1,a5
80003460:	01d70733          	add	a4,a4,t4
80003464:	00f5e663          	bltu	a1,a5,80003470 <__umoddi3+0x3a8>
80003468:	00f59e63          	bne	a1,a5,80003484 <__umoddi3+0x3bc>
8000346c:	00e57c63          	bgeu	a0,a4,80003484 <__umoddi3+0x3bc>
80003470:	40c70633          	sub	a2,a4,a2
80003474:	00c73333          	sltu	t1,a4,a2
80003478:	00d306b3          	add	a3,t1,a3
8000347c:	00060713          	mv	a4,a2
80003480:	40d787b3          	sub	a5,a5,a3
80003484:	40e50733          	sub	a4,a0,a4
80003488:	00e53533          	sltu	a0,a0,a4
8000348c:	40f585b3          	sub	a1,a1,a5
80003490:	40a585b3          	sub	a1,a1,a0
80003494:	011598b3          	sll	a7,a1,a7
80003498:	01075733          	srl	a4,a4,a6
8000349c:	00e8e533          	or	a0,a7,a4
800034a0:	0105d5b3          	srl	a1,a1,a6
800034a4:	00008067          	ret

Disassembly of section .text.startup:

800034a8 <main>:
800034a8:	9b010113          	addi	sp,sp,-1616
800034ac:	00010613          	mv	a2,sp
800034b0:	00000597          	auipc	a1,0x0
800034b4:	38858593          	addi	a1,a1,904 # 80003838 <input_data>
800034b8:	19000513          	li	a0,400
800034bc:	64112623          	sw	ra,1612(sp)
800034c0:	b41fe0ef          	jal	80002000 <median>
800034c4:	00100513          	li	a0,1
800034c8:	988ff0ef          	jal	80002650 <setStats>
800034cc:	00010613          	mv	a2,sp
800034d0:	00000597          	auipc	a1,0x0
800034d4:	36858593          	addi	a1,a1,872 # 80003838 <input_data>
800034d8:	19000513          	li	a0,400
800034dc:	b25fe0ef          	jal	80002000 <median>
800034e0:	00000513          	li	a0,0
800034e4:	96cff0ef          	jal	80002650 <setStats>
800034e8:	00010793          	mv	a5,sp
800034ec:	00001717          	auipc	a4,0x1
800034f0:	98c70713          	addi	a4,a4,-1652 # 80003e78 <verify_data>
800034f4:	00000513          	li	a0,0
800034f8:	19000893          	li	a7,400
800034fc:	0007a603          	lw	a2,0(a5) # 10000 <buflen.1+0xffc0>
80003500:	00072683          	lw	a3,0(a4)
80003504:	0047a803          	lw	a6,4(a5)
80003508:	00472583          	lw	a1,4(a4)
8000350c:	02d61463          	bne	a2,a3,80003534 <main+0x8c>
80003510:	00250513          	addi	a0,a0,2
80003514:	00b81a63          	bne	a6,a1,80003528 <main+0x80>
80003518:	00878793          	addi	a5,a5,8
8000351c:	00870713          	addi	a4,a4,8
80003520:	fd151ee3          	bne	a0,a7,800034fc <main+0x54>
80003524:	00000513          	li	a0,0
80003528:	64c12083          	lw	ra,1612(sp)
8000352c:	65010113          	addi	sp,sp,1616
80003530:	00008067          	ret
80003534:	00150513          	addi	a0,a0,1
80003538:	ff1ff06f          	j	80003528 <main+0x80>
8000353c:	ff010113          	addi	sp,sp,-16
80003540:	00000517          	auipc	a0,0x0
80003544:	04050513          	addi	a0,a0,64 # 80003580 <main+0xd8>
80003548:	00112623          	sw	ra,12(sp)
8000354c:	9ccff0ef          	jal	80002718 <printstr>
80003550:	00c12083          	lw	ra,12(sp)
80003554:	fff00513          	li	a0,-1
80003558:	01010113          	addi	sp,sp,16
8000355c:	00008067          	ret

Disassembly of section .data:

80003838 <input_data>:
80003838:	0029                	.insn	2, 0x0029
8000383a:	0000                	.insn	2, 0x
8000383c:	01c6                	.insn	2, 0x01c6
8000383e:	0000                	.insn	2, 0x
80003840:	0341                	.insn	2, 0x0341
80003842:	0000                	.insn	2, 0x
80003844:	0000014f          	.insn	4, 0x014f
80003848:	0234                	.insn	2, 0x0234
8000384a:	0000                	.insn	2, 0x
8000384c:	0001                	.insn	2, 0x0001
8000384e:	0000                	.insn	2, 0x
80003850:	000000bb          	.insn	4, 0x00bb
80003854:	03dd                	.insn	2, 0x03dd
80003856:	0000                	.insn	2, 0x
80003858:	02ed                	.insn	2, 0x02ed
8000385a:	0000                	.insn	2, 0x
8000385c:	016d                	.insn	2, 0x016d
8000385e:	0000                	.insn	2, 0x
80003860:	015e                	.insn	2, 0x015e
80003862:	0000                	.insn	2, 0x
80003864:	023c                	.insn	2, 0x023c
80003866:	0000                	.insn	2, 0x
80003868:	0084                	.insn	2, 0x0084
8000386a:	0000                	.insn	2, 0x
8000386c:	0040                	.insn	2, 0x0040
8000386e:	0000                	.insn	2, 0x
80003870:	03b5                	.insn	2, 0x03b5
80003872:	0000                	.insn	2, 0x
80003874:	0099                	.insn	2, 0x0099
80003876:	0000                	.insn	2, 0x
80003878:	0248                	.insn	2, 0x0248
8000387a:	0000                	.insn	2, 0x
8000387c:	00d8                	.insn	2, 0x00d8
8000387e:	0000                	.insn	2, 0x
80003880:	0325                	.insn	2, 0x0325
80003882:	0000                	.insn	2, 0x
80003884:	008c                	.insn	2, 0x008c
80003886:	0000                	.insn	2, 0x
80003888:	026d                	.insn	2, 0x026d
8000388a:	0000                	.insn	2, 0x
8000388c:	00d2                	.insn	2, 0x00d2
8000388e:	0000                	.insn	2, 0x
80003890:	0006                	.insn	2, 0x0006
80003892:	0000                	.insn	2, 0x
80003894:	023c                	.insn	2, 0x023c
80003896:	0000                	.insn	2, 0x
80003898:	000003a3          	sb	zero,7(zero) # 7 <buf.2+0x7>
8000389c:	00000153          	.insn	4, 0x0153
800038a0:	037a                	.insn	2, 0x037a
800038a2:	0000                	.insn	2, 0x
800038a4:	0251                	.insn	2, 0x0251
800038a6:	0000                	.insn	2, 0x
800038a8:	0188                	.insn	2, 0x0188
800038aa:	0000                	.insn	2, 0x
800038ac:	0382                	.insn	2, 0x0382
800038ae:	0000                	.insn	2, 0x
800038b0:	02b6                	.insn	2, 0x02b6
800038b2:	0000                	.insn	2, 0x
800038b4:	00e4                	.insn	2, 0x00e4
800038b6:	0000                	.insn	2, 0x
800038b8:	03c1                	.insn	2, 0x03c1
800038ba:	0000                	.insn	2, 0x
800038bc:	000c                	.insn	2, 0x000c
800038be:	0000                	.insn	2, 0x
800038c0:	006e                	.insn	2, 0x006e
800038c2:	0000                	.insn	2, 0x
800038c4:	00000373          	.insn	4, 0x0373
800038c8:	0074                	.insn	2, 0x0074
800038ca:	0000                	.insn	2, 0x
800038cc:	02ee                	.insn	2, 0x02ee
800038ce:	0000                	.insn	2, 0x
800038d0:	0128                	.insn	2, 0x0128
800038d2:	0000                	.insn	2, 0x
800038d4:	0286                	.insn	2, 0x0286
800038d6:	0000                	.insn	2, 0x
800038d8:	01aa                	.insn	2, 0x01aa
800038da:	0000                	.insn	2, 0x
800038dc:	01f4                	.insn	2, 0x01f4
800038de:	0000                	.insn	2, 0x
800038e0:	013a                	.insn	2, 0x013a
800038e2:	0000                	.insn	2, 0x
800038e4:	01b4                	.insn	2, 0x01b4
800038e6:	0000                	.insn	2, 0x
800038e8:	00000293          	li	t0,0
800038ec:	02bd                	.insn	2, 0x02bd
800038ee:	0000                	.insn	2, 0x
800038f0:	0306                	.insn	2, 0x0306
800038f2:	0000                	.insn	2, 0x
800038f4:	032c                	.insn	2, 0x032c
800038f6:	0000                	.insn	2, 0x
800038f8:	0000013f 000003d5 	.insn	8, 0x03d50000013f
80003900:	02a6                	.insn	2, 0x02a6
80003902:	0000                	.insn	2, 0x
80003904:	0096                	.insn	2, 0x0096
80003906:	0000                	.insn	2, 0x
80003908:	0000036b          	.insn	4, 0x036b
8000390c:	02b8                	.insn	2, 0x02b8
8000390e:	0000                	.insn	2, 0x
80003910:	0178                	.insn	2, 0x0178
80003912:	0000                	.insn	2, 0x
80003914:	0234                	.insn	2, 0x0234
80003916:	0000                	.insn	2, 0x
80003918:	01da                	.insn	2, 0x01da
8000391a:	0000                	.insn	2, 0x
8000391c:	0110                	.insn	2, 0x0110
8000391e:	0000                	.insn	2, 0x
80003920:	03aa                	.insn	2, 0x03aa
80003922:	0000                	.insn	2, 0x
80003924:	0102                	.insn	2, 0x0102
80003926:	0000                	.insn	2, 0x
80003928:	0000021b          	.insn	4, 0x021b
8000392c:	00000287          	.insn	4, 0x0287
80003930:	0239                	.insn	2, 0x0239
80003932:	0000                	.insn	2, 0x
80003934:	01fd                	.insn	2, 0x01fd
80003936:	0000                	.insn	2, 0x
80003938:	000000cb          	.insn	4, 0x00cb
8000393c:	0058                	.insn	2, 0x0058
8000393e:	0000                	.insn	2, 0x
80003940:	0118                	.insn	2, 0x0118
80003942:	0000                	.insn	2, 0x
80003944:	000002bf 000002f7 	.insn	8, 0x02f7000002bf
8000394c:	029d                	.insn	2, 0x029d
8000394e:	0000                	.insn	2, 0x
80003950:	025e                	.insn	2, 0x025e
80003952:	0000                	.insn	2, 0x
80003954:	00000177          	.insn	4, 0x0177
80003958:	01ff 0000 0227 0000 	.insn	10, 0x029100000227000001ff
80003960:	0291 
80003962:	0000                	.insn	2, 0x
80003964:	03a8                	.insn	2, 0x03a8
80003966:	0000                	.insn	2, 0x
80003968:	000000c3          	.insn	4, 0x00c3
8000396c:	0250                	.insn	2, 0x0250
8000396e:	0000                	.insn	2, 0x
80003970:	0051                	.insn	2, 0x0051
80003972:	0000                	.insn	2, 0x
80003974:	0239                	.insn	2, 0x0239
80003976:	0000                	.insn	2, 0x
80003978:	0000010b          	.insn	4, 0x010b
8000397c:	03b8                	.insn	2, 0x03b8
8000397e:	0000                	.insn	2, 0x
80003980:	00e5                	.insn	2, 0x00e5
80003982:	0000                	.insn	2, 0x
80003984:	0320                	.insn	2, 0x0320
80003986:	0000                	.insn	2, 0x
80003988:	0151                	.insn	2, 0x0151
8000398a:	0000                	.insn	2, 0x
8000398c:	0248                	.insn	2, 0x0248
8000398e:	0000                	.insn	2, 0x
80003990:	03b0                	.insn	2, 0x03b0
80003992:	0000                	.insn	2, 0x
80003994:	00000283          	lb	t0,0(zero) # 0 <buf.2>
80003998:	0386                	.insn	2, 0x0386
8000399a:	0000                	.insn	2, 0x
8000399c:	0170                	.insn	2, 0x0170
8000399e:	0000                	.insn	2, 0x
800039a0:	00f1                	.insn	2, 0x00f1
800039a2:	0000                	.insn	2, 0x
800039a4:	01e9                	.insn	2, 0x01e9
800039a6:	0000                	.insn	2, 0x
800039a8:	0391                	.insn	2, 0x0391
800039aa:	0000                	.insn	2, 0x
800039ac:	0148                	.insn	2, 0x0148
800039ae:	0000                	.insn	2, 0x
800039b0:	033a                	.insn	2, 0x033a
800039b2:	0000                	.insn	2, 0x
800039b4:	0139                	.insn	2, 0x0139
800039b6:	0000                	.insn	2, 0x
800039b8:	03a5                	.insn	2, 0x03a5
800039ba:	0000                	.insn	2, 0x
800039bc:	0250                	.insn	2, 0x0250
800039be:	0000                	.insn	2, 0x
800039c0:	03d9                	.insn	2, 0x03d9
800039c2:	0000                	.insn	2, 0x
800039c4:	0184                	.insn	2, 0x0184
800039c6:	0000                	.insn	2, 0x
800039c8:	000000c3          	.insn	4, 0x00c3
800039cc:	021f 0000 03c0      	.insn	6, 0x03c00000021f
800039d2:	0000                	.insn	2, 0x
800039d4:	0289                	.insn	2, 0x0289
800039d6:	0000                	.insn	2, 0x
800039d8:	0236                	.insn	2, 0x0236
800039da:	0000                	.insn	2, 0x
800039dc:	000003d3          	.insn	4, 0x03d3
800039e0:	015e                	.insn	2, 0x015e
800039e2:	0000                	.insn	2, 0x
800039e4:	03e5                	.insn	2, 0x03e5
800039e6:	0000                	.insn	2, 0x
800039e8:	0289                	.insn	2, 0x0289
800039ea:	0000                	.insn	2, 0x
800039ec:	032e                	.insn	2, 0x032e
800039ee:	0000                	.insn	2, 0x
800039f0:	0291                	.insn	2, 0x0291
800039f2:	0000                	.insn	2, 0x
800039f4:	0000004f          	.insn	4, 0x004f
800039f8:	00b5                	.insn	2, 0x00b5
800039fa:	0000                	.insn	2, 0x
800039fc:	00d0                	.insn	2, 0x00d0
800039fe:	0000                	.insn	2, 0x
80003a00:	0000006f          	j	80003a00 <input_data+0x1c8>
80003a04:	03e6                	.insn	2, 0x03e6
80003a06:	0000                	.insn	2, 0x
80003a08:	0000035b          	.insn	4, 0x035b
80003a0c:	0275                	.insn	2, 0x0275
80003a0e:	0000                	.insn	2, 0x
80003a10:	0041                	.insn	2, 0x0041
80003a12:	0000                	.insn	2, 0x
80003a14:	0000034f          	.insn	4, 0x034f
80003a18:	0120                	.insn	2, 0x0120
80003a1a:	0000                	.insn	2, 0x
80003a1c:	02c0                	.insn	2, 0x02c0
80003a1e:	0000                	.insn	2, 0x
80003a20:	015d                	.insn	2, 0x015d
80003a22:	0000                	.insn	2, 0x
80003a24:	03e5                	.insn	2, 0x03e5
80003a26:	0000                	.insn	2, 0x
80003a28:	008d                	.insn	2, 0x008d
80003a2a:	0000                	.insn	2, 0x
80003a2c:	00fd                	.insn	2, 0x00fd
80003a2e:	0000                	.insn	2, 0x
80003a30:	0389                	.insn	2, 0x0389
80003a32:	0000                	.insn	2, 0x
80003a34:	000002cb          	.insn	4, 0x02cb
80003a38:	0376                	.insn	2, 0x0376
80003a3a:	0000                	.insn	2, 0x
80003a3c:	01ae                	.insn	2, 0x01ae
80003a3e:	0000                	.insn	2, 0x
80003a40:	0108                	.insn	2, 0x0108
80003a42:	0000                	.insn	2, 0x
80003a44:	019f 0000 0240      	.insn	6, 0x02400000019f
80003a4a:	0000                	.insn	2, 0x
80003a4c:	021a                	.insn	2, 0x021a
80003a4e:	0000                	.insn	2, 0x
80003a50:	000003d3          	.insn	4, 0x03d3
80003a54:	02bc                	.insn	2, 0x02bc
80003a56:	0000                	.insn	2, 0x
80003a58:	02f9                	.insn	2, 0x02f9
80003a5a:	0000                	.insn	2, 0x
80003a5c:	0004                	.insn	2, 0x0004
80003a5e:	0000                	.insn	2, 0x
80003a60:	00f1                	.insn	2, 0x00f1
80003a62:	0000                	.insn	2, 0x
80003a64:	01ee                	.insn	2, 0x01ee
80003a66:	0000                	.insn	2, 0x
80003a68:	01de                	.insn	2, 0x01de
80003a6a:	0000                	.insn	2, 0x
80003a6c:	0064                	.insn	2, 0x0064
80003a6e:	0000                	.insn	2, 0x
80003a70:	000001f3          	.insn	4, 0x01f3
80003a74:	0360                	.insn	2, 0x0360
80003a76:	0000                	.insn	2, 0x
80003a78:	00000193          	li	gp,0
80003a7c:	02b5                	.insn	2, 0x02b5
80003a7e:	0000                	.insn	2, 0x
80003a80:	00de                	.insn	2, 0x00de
80003a82:	0000                	.insn	2, 0x
80003a84:	01a0                	.insn	2, 0x01a0
80003a86:	0000                	.insn	2, 0x
80003a88:	01bc                	.insn	2, 0x01bc
80003a8a:	0000                	.insn	2, 0x
80003a8c:	0128                	.insn	2, 0x0128
80003a8e:	0000                	.insn	2, 0x
80003a90:	02d1                	.insn	2, 0x02d1
80003a92:	0000                	.insn	2, 0x
80003a94:	011d                	.insn	2, 0x011d
80003a96:	0000                	.insn	2, 0x
80003a98:	02a4                	.insn	2, 0x02a4
80003a9a:	0000                	.insn	2, 0x
80003a9c:	026c                	.insn	2, 0x026c
80003a9e:	0000                	.insn	2, 0x
80003aa0:	013d                	.insn	2, 0x013d
80003aa2:	0000                	.insn	2, 0x
80003aa4:	004e                	.insn	2, 0x004e
80003aa6:	0000                	.insn	2, 0x
80003aa8:	00e0                	.insn	2, 0x00e0
80003aaa:	0000                	.insn	2, 0x
80003aac:	015f 0000 03a9      	.insn	6, 0x03a90000015f
80003ab2:	0000                	.insn	2, 0x
80003ab4:	021c                	.insn	2, 0x021c
80003ab6:	0000                	.insn	2, 0x
80003ab8:	0120                	.insn	2, 0x0120
80003aba:	0000                	.insn	2, 0x
80003abc:	0286                	.insn	2, 0x0286
80003abe:	0000                	.insn	2, 0x
80003ac0:	00000077          	.insn	4, 0x0077
80003ac4:	00a9                	.insn	2, 0x00a9
80003ac6:	0000                	.insn	2, 0x
80003ac8:	00000267          	jalr	tp,zero # 0 <buf.2>
80003acc:	0000020f          	.insn	4, 0x020f
80003ad0:	025e                	.insn	2, 0x025e
80003ad2:	0000                	.insn	2, 0x
80003ad4:	0121                	.insn	2, 0x0121
80003ad6:	0000                	.insn	2, 0x
80003ad8:	0185                	.insn	2, 0x0185
80003ada:	0000                	.insn	2, 0x
80003adc:	031c                	.insn	2, 0x031c
80003ade:	0000                	.insn	2, 0x
80003ae0:	015f 0000 0321      	.insn	6, 0x03210000015f
80003ae6:	0000                	.insn	2, 0x
80003ae8:	000001c7          	.insn	4, 0x01c7
80003aec:	02d0                	.insn	2, 0x02d0
80003aee:	0000                	.insn	2, 0x
80003af0:	0116                	.insn	2, 0x0116
80003af2:	0000                	.insn	2, 0x
80003af4:	02f6                	.insn	2, 0x02f6
80003af6:	0000                	.insn	2, 0x
80003af8:	0000016f          	jal	sp,80003af8 <input_data+0x2c0>
80003afc:	02e9                	.insn	2, 0x02e9
80003afe:	0000                	.insn	2, 0x
80003b00:	0166                	.insn	2, 0x0166
80003b02:	0000                	.insn	2, 0x
80003b04:	005c                	.insn	2, 0x005c
80003b06:	0000                	.insn	2, 0x
80003b08:	0248                	.insn	2, 0x0248
80003b0a:	0000                	.insn	2, 0x
80003b0c:	03dd                	.insn	2, 0x03dd
80003b0e:	0000                	.insn	2, 0x
80003b10:	003e                	.insn	2, 0x003e
80003b12:	0000                	.insn	2, 0x
80003b14:	0000010f          	.insn	4, 0x010f
80003b18:	03d9                	.insn	2, 0x03d9
80003b1a:	0000                	.insn	2, 0x
80003b1c:	0355                	.insn	2, 0x0355
80003b1e:	0000                	.insn	2, 0x
80003b20:	00000193          	li	gp,0
80003b24:	0314                	.insn	2, 0x0314
80003b26:	0000                	.insn	2, 0x
80003b28:	015a                	.insn	2, 0x015a
80003b2a:	0000                	.insn	2, 0x
80003b2c:	00000213          	li	tp,0
80003b30:	0205                	.insn	2, 0x0205
80003b32:	0000                	.insn	2, 0x
80003b34:	00de                	.insn	2, 0x00de
80003b36:	0000                	.insn	2, 0x
80003b38:	0000022f          	.insn	4, 0x022f
80003b3c:	01cd                	.insn	2, 0x01cd
80003b3e:	0000                	.insn	2, 0x
80003b40:	038c                	.insn	2, 0x038c
80003b42:	0000                	.insn	2, 0x
80003b44:	00f1                	.insn	2, 0x00f1
80003b46:	0000                	.insn	2, 0x
80003b48:	00000307          	.insn	4, 0x0307
80003b4c:	0166                	.insn	2, 0x0166
80003b4e:	0000                	.insn	2, 0x
80003b50:	00ff 0000 014c 0000 	.insn	10, 0x030a0000014c000000ff
80003b58:	030a 
80003b5a:	0000                	.insn	2, 0x
80003b5c:	02ac                	.insn	2, 0x02ac
80003b5e:	0000                	.insn	2, 0x
80003b60:	0256                	.insn	2, 0x0256
80003b62:	0000                	.insn	2, 0x
80003b64:	02e4                	.insn	2, 0x02e4
80003b66:	0000                	.insn	2, 0x
80003b68:	0000008f          	.insn	4, 0x008f
80003b6c:	01be                	.insn	2, 0x01be
80003b6e:	0000                	.insn	2, 0x
80003b70:	0021                	.insn	2, 0x0021
80003b72:	0000                	.insn	2, 0x
80003b74:	00000137          	lui	sp,0x0
80003b78:	007d                	.insn	2, 0x007d
80003b7a:	0000                	.insn	2, 0x
80003b7c:	000002e7          	jalr	t0,zero # 0 <buf.2>
80003b80:	03ad                	.insn	2, 0x03ad
80003b82:	0000                	.insn	2, 0x
80003b84:	022d                	.insn	2, 0x022d
80003b86:	0000                	.insn	2, 0x
80003b88:	03a5                	.insn	2, 0x03a5
80003b8a:	0000                	.insn	2, 0x
80003b8c:	01df 0000 031f      	.insn	6, 0x031f000001df
80003b92:	0000                	.insn	2, 0x
80003b94:	022d                	.insn	2, 0x022d
80003b96:	0000                	.insn	2, 0x
80003b98:	0229                	.insn	2, 0x0229
80003b9a:	0000                	.insn	2, 0x
80003b9c:	039d                	.insn	2, 0x039d
80003b9e:	0000                	.insn	2, 0x
80003ba0:	000001af          	.insn	4, 0x01af
80003ba4:	031c                	.insn	2, 0x031c
80003ba6:	0000                	.insn	2, 0x
80003ba8:	0288                	.insn	2, 0x0288
80003baa:	0000                	.insn	2, 0x
80003bac:	0165                	.insn	2, 0x0165
80003bae:	0000                	.insn	2, 0x
80003bb0:	03b8                	.insn	2, 0x03b8
80003bb2:	0000                	.insn	2, 0x
80003bb4:	0000037b          	.insn	4, 0x037b
80003bb8:	011f 0000 029a      	.insn	6, 0x029a0000011f
80003bbe:	0000                	.insn	2, 0x
80003bc0:	00000013          	nop
80003bc4:	0202                	.insn	2, 0x0202
80003bc6:	0000                	.insn	2, 0x
80003bc8:	0031                	.insn	2, 0x0031
80003bca:	0000                	.insn	2, 0x
80003bcc:	022d                	.insn	2, 0x022d
80003bce:	0000                	.insn	2, 0x
80003bd0:	0056                	.insn	2, 0x0056
80003bd2:	0000                	.insn	2, 0x
80003bd4:	0366                	.insn	2, 0x0366
80003bd6:	0000                	.insn	2, 0x
80003bd8:	005f 0000 0355      	.insn	6, 0x03550000005f
80003bde:	0000                	.insn	2, 0x
80003be0:	01b9                	.insn	2, 0x01b9
80003be2:	0000                	.insn	2, 0x
80003be4:	01b8                	.insn	2, 0x01b8
80003be6:	0000                	.insn	2, 0x
80003be8:	0000024b          	.insn	4, 0x024b
80003bec:	003d                	.insn	2, 0x003d
80003bee:	0000                	.insn	2, 0x
80003bf0:	0266                	.insn	2, 0x0266
80003bf2:	0000                	.insn	2, 0x
80003bf4:	02a6                	.insn	2, 0x02a6
80003bf6:	0000                	.insn	2, 0x
80003bf8:	017e                	.insn	2, 0x017e
80003bfa:	0000                	.insn	2, 0x
80003bfc:	018c                	.insn	2, 0x018c
80003bfe:	0000                	.insn	2, 0x
80003c00:	0118                	.insn	2, 0x0118
80003c02:	0000                	.insn	2, 0x
80003c04:	0009                	.insn	2, 0x0009
80003c06:	0000                	.insn	2, 0x
80003c08:	0328                	.insn	2, 0x0328
80003c0a:	0000                	.insn	2, 0x
80003c0c:	0011                	.insn	2, 0x0011
80003c0e:	0000                	.insn	2, 0x
80003c10:	000003cb          	.insn	4, 0x03cb
80003c14:	00aa                	.insn	2, 0x00aa
80003c16:	0000                	.insn	2, 0x
80003c18:	00000333          	add	t1,zero,zero
80003c1c:	00000123          	sb	zero,2(zero) # 2 <buf.2+0x2>
80003c20:	0158                	.insn	2, 0x0158
80003c22:	0000                	.insn	2, 0x
80003c24:	017c                	.insn	2, 0x017c
80003c26:	0000                	.insn	2, 0x
80003c28:	01c2                	.insn	2, 0x01c2
80003c2a:	0000                	.insn	2, 0x
80003c2c:	0218                	.insn	2, 0x0218
80003c2e:	0000                	.insn	2, 0x
80003c30:	0200                	.insn	2, 0x0200
80003c32:	0000                	.insn	2, 0x
80003c34:	00b9                	.insn	2, 0x00b9
80003c36:	0000                	.insn	2, 0x
80003c38:	03c5                	.insn	2, 0x03c5
80003c3a:	0000                	.insn	2, 0x
80003c3c:	0395                	.insn	2, 0x0395
80003c3e:	0000                	.insn	2, 0x
80003c40:	0000015b          	.insn	4, 0x015b
80003c44:	0000021b          	.insn	4, 0x021b
80003c48:	0328                	.insn	2, 0x0328
80003c4a:	0000                	.insn	2, 0x
80003c4c:	000003d7          	.insn	4, 0x03d7
80003c50:	0372                	.insn	2, 0x0372
80003c52:	0000                	.insn	2, 0x
80003c54:	00000377          	.insn	4, 0x0377
80003c58:	0219                	.insn	2, 0x0219
80003c5a:	0000                	.insn	2, 0x
80003c5c:	0036                	.insn	2, 0x0036
80003c5e:	0000                	.insn	2, 0x
80003c60:	03b2                	.insn	2, 0x03b2
80003c62:	0000                	.insn	2, 0x
80003c64:	0264                	.insn	2, 0x0264
80003c66:	0000                	.insn	2, 0x
80003c68:	02bd                	.insn	2, 0x02bd
80003c6a:	0000                	.insn	2, 0x
80003c6c:	000003b7          	lui	t2,0x0
80003c70:	0164                	.insn	2, 0x0164
80003c72:	0000                	.insn	2, 0x
80003c74:	01df 0000 0237      	.insn	6, 0x0237000001df
80003c7a:	0000                	.insn	2, 0x
80003c7c:	00000097          	auipc	ra,0x0
80003c80:	0000037b          	.insn	4, 0x037b
80003c84:	00000007          	.insn	4, 0x0007
80003c88:	0016                	.insn	2, 0x0016
80003c8a:	0000                	.insn	2, 0x
80003c8c:	0281                	.insn	2, 0x0281
80003c8e:	0000                	.insn	2, 0x
80003c90:	0238                	.insn	2, 0x0238
80003c92:	0000                	.insn	2, 0x
80003c94:	0000014f          	.insn	4, 0x014f
80003c98:	0299                	.insn	2, 0x0299
80003c9a:	0000                	.insn	2, 0x
80003c9c:	02da                	.insn	2, 0x02da
80003c9e:	0000                	.insn	2, 0x
80003ca0:	000001a7          	.insn	4, 0x01a7
80003ca4:	005f 0000 01b2      	.insn	6, 0x01b20000005f
80003caa:	0000                	.insn	2, 0x
80003cac:	02d8                	.insn	2, 0x02d8
80003cae:	0000                	.insn	2, 0x
80003cb0:	009e                	.insn	2, 0x009e
80003cb2:	0000                	.insn	2, 0x
80003cb4:	0118                	.insn	2, 0x0118
80003cb6:	0000                	.insn	2, 0x
80003cb8:	0002                	.insn	2, 0x0002
80003cba:	0000                	.insn	2, 0x
80003cbc:	0000018b          	.insn	4, 0x018b
80003cc0:	0054                	.insn	2, 0x0054
80003cc2:	0000                	.insn	2, 0x
80003cc4:	02b0                	.insn	2, 0x02b0
80003cc6:	0000                	.insn	2, 0x
80003cc8:	000000f7          	.insn	4, 0x00f7
80003ccc:	0000038f          	.insn	4, 0x038f
80003cd0:	0031                	.insn	2, 0x0031
80003cd2:	0000                	.insn	2, 0x
80003cd4:	01dc                	.insn	2, 0x01dc
80003cd6:	0000                	.insn	2, 0x
80003cd8:	000001b3          	add	gp,zero,zero
80003cdc:	0000032f          	.insn	4, 0x032f
80003ce0:	0318                	.insn	2, 0x0318
80003ce2:	0000                	.insn	2, 0x
80003ce4:	02d9                	.insn	2, 0x02d9
80003ce6:	0000                	.insn	2, 0x
80003ce8:	0365                	.insn	2, 0x0365
80003cea:	0000                	.insn	2, 0x
80003cec:	0109                	.insn	2, 0x0109
80003cee:	0000                	.insn	2, 0x
80003cf0:	01e6                	.insn	2, 0x01e6
80003cf2:	0000                	.insn	2, 0x
80003cf4:	007f 0000 019e 0000 	.insn	10, 0x00ec0000019e0000007f
80003cfc:	00ec 
80003cfe:	0000                	.insn	2, 0x
80003d00:	0171                	.insn	2, 0x0171
80003d02:	0000                	.insn	2, 0x
80003d04:	00d6                	.insn	2, 0x00d6
80003d06:	0000                	.insn	2, 0x
80003d08:	0224                	.insn	2, 0x0224
80003d0a:	0000                	.insn	2, 0x
80003d0c:	00b4                	.insn	2, 0x00b4
80003d0e:	0000                	.insn	2, 0x
80003d10:	0206                	.insn	2, 0x0206
80003d12:	0000                	.insn	2, 0x
80003d14:	0006                	.insn	2, 0x0006
80003d16:	0000                	.insn	2, 0x
80003d18:	0378                	.insn	2, 0x0378
80003d1a:	0000                	.insn	2, 0x
80003d1c:	000001f7          	.insn	4, 0x01f7
80003d20:	02aa                	.insn	2, 0x02aa
80003d22:	0000                	.insn	2, 0x
80003d24:	0254                	.insn	2, 0x0254
80003d26:	0000                	.insn	2, 0x
80003d28:	011c                	.insn	2, 0x011c
80003d2a:	0000                	.insn	2, 0x
80003d2c:	00ad                	.insn	2, 0x00ad
80003d2e:	0000                	.insn	2, 0x
80003d30:	0108                	.insn	2, 0x0108
80003d32:	0000                	.insn	2, 0x
80003d34:	00000283          	lb	t0,0(zero) # 0 <buf.2>
80003d38:	000001f3          	.insn	4, 0x01f3
80003d3c:	015a                	.insn	2, 0x015a
80003d3e:	0000                	.insn	2, 0x
80003d40:	0122                	.insn	2, 0x0122
80003d42:	0000                	.insn	2, 0x
80003d44:	00000257          	.insn	4, 0x0257
80003d48:	0381                	.insn	2, 0x0381
80003d4a:	0000                	.insn	2, 0x
80003d4c:	0044                	.insn	2, 0x0044
80003d4e:	0000                	.insn	2, 0x
80003d50:	000000d7          	.insn	4, 0x00d7
80003d54:	0351                	.insn	2, 0x0351
80003d56:	0000                	.insn	2, 0x
80003d58:	000002db          	.insn	4, 0x02db
80003d5c:	0292                	.insn	2, 0x0292
80003d5e:	0000                	.insn	2, 0x
80003d60:	02b0                	.insn	2, 0x02b0
80003d62:	0000                	.insn	2, 0x
80003d64:	0000026b          	.insn	4, 0x026b
80003d68:	000000fb          	.insn	4, 0x00fb
80003d6c:	0079                	.insn	2, 0x0079
80003d6e:	0000                	.insn	2, 0x
80003d70:	0312                	.insn	2, 0x0312
80003d72:	0000                	.insn	2, 0x
80003d74:	00000083          	lb	ra,0(zero) # 0 <buf.2>
80003d78:	0000022b          	.insn	4, 0x022b
80003d7c:	033c                	.insn	2, 0x033c
80003d7e:	0000                	.insn	2, 0x
80003d80:	012e                	.insn	2, 0x012e
80003d82:	0000                	.insn	2, 0x
80003d84:	0000029b          	.insn	4, 0x029b
80003d88:	0210                	.insn	2, 0x0210
80003d8a:	0000                	.insn	2, 0x
80003d8c:	01b1                	.insn	2, 0x01b1
80003d8e:	0000                	.insn	2, 0x
80003d90:	0220                	.insn	2, 0x0220
80003d92:	0000                	.insn	2, 0x
80003d94:	000001e7          	jalr	gp,zero # 0 <buf.2>
80003d98:	0142                	.insn	2, 0x0142
80003d9a:	0000                	.insn	2, 0x
80003d9c:	02f1                	.insn	2, 0x02f1
80003d9e:	0000                	.insn	2, 0x
80003da0:	000003b3          	add	t2,zero,zero
80003da4:	007d                	.insn	2, 0x007d
80003da6:	0000                	.insn	2, 0x
80003da8:	011f 0000 0272      	.insn	6, 0x02720000011f
80003dae:	0000                	.insn	2, 0x
80003db0:	0338                	.insn	2, 0x0338
80003db2:	0000                	.insn	2, 0x
80003db4:	000e                	.insn	2, 0x000e
80003db6:	0000                	.insn	2, 0x
80003db8:	0130                	.insn	2, 0x0130
80003dba:	0000                	.insn	2, 0x
80003dbc:	000a                	.insn	2, 0x000a
80003dbe:	0000                	.insn	2, 0x
80003dc0:	0314                	.insn	2, 0x0314
80003dc2:	0000                	.insn	2, 0x
80003dc4:	00000193          	li	gp,0
80003dc8:	02dd                	.insn	2, 0x02dd
80003dca:	0000                	.insn	2, 0x
80003dcc:	006a                	.insn	2, 0x006a
80003dce:	0000                	.insn	2, 0x
80003dd0:	000003bf 000002bf 	.insn	8, 0x02bf000003bf
80003dd8:	016e                	.insn	2, 0x016e
80003dda:	0000                	.insn	2, 0x
80003ddc:	0332                	.insn	2, 0x0332
80003dde:	0000                	.insn	2, 0x
80003de0:	02d2                	.insn	2, 0x02d2
80003de2:	0000                	.insn	2, 0x
80003de4:	03c4                	.insn	2, 0x03c4
80003de6:	0000                	.insn	2, 0x
80003de8:	0126                	.insn	2, 0x0126
80003dea:	0000                	.insn	2, 0x
80003dec:	0196                	.insn	2, 0x0196
80003dee:	0000                	.insn	2, 0x
80003df0:	000003cf          	.insn	4, 0x03cf
80003df4:	036a                	.insn	2, 0x036a
80003df6:	0000                	.insn	2, 0x
80003df8:	028d                	.insn	2, 0x028d
80003dfa:	0000                	.insn	2, 0x
80003dfc:	0358                	.insn	2, 0x0358
80003dfe:	0000                	.insn	2, 0x
80003e00:	02ec                	.insn	2, 0x02ec
80003e02:	0000                	.insn	2, 0x
80003e04:	0056                	.insn	2, 0x0056
80003e06:	0000                	.insn	2, 0x
80003e08:	0000005b          	.insn	4, 0x005b
80003e0c:	003c                	.insn	2, 0x003c
80003e0e:	0000                	.insn	2, 0x
80003e10:	017a                	.insn	2, 0x017a
80003e12:	0000                	.insn	2, 0x
80003e14:	0294                	.insn	2, 0x0294
80003e16:	0000                	.insn	2, 0x
80003e18:	0069                	.insn	2, 0x0069
80003e1a:	0000                	.insn	2, 0x
80003e1c:	0000029b          	.insn	4, 0x029b
80003e20:	0066                	.insn	2, 0x0066
80003e22:	0000                	.insn	2, 0x
80003e24:	0099                	.insn	2, 0x0099
80003e26:	0000                	.insn	2, 0x
80003e28:	017d                	.insn	2, 0x017d
80003e2a:	0000                	.insn	2, 0x
80003e2c:	0079                	.insn	2, 0x0079
80003e2e:	0000                	.insn	2, 0x
80003e30:	0000028b          	.insn	4, 0x028b
80003e34:	0062                	.insn	2, 0x0062
80003e36:	0000                	.insn	2, 0x
80003e38:	0339                	.insn	2, 0x0339
80003e3a:	0000                	.insn	2, 0x
80003e3c:	019c                	.insn	2, 0x019c
80003e3e:	0000                	.insn	2, 0x
80003e40:	0348                	.insn	2, 0x0348
80003e42:	0000                	.insn	2, 0x
80003e44:	00ec                	.insn	2, 0x00ec
80003e46:	0000                	.insn	2, 0x
80003e48:	0164                	.insn	2, 0x0164
80003e4a:	0000                	.insn	2, 0x
80003e4c:	000c                	.insn	2, 0x000c
80003e4e:	0000                	.insn	2, 0x
80003e50:	0094                	.insn	2, 0x0094
80003e52:	0000                	.insn	2, 0x
80003e54:	000001a7          	.insn	4, 0x01a7
80003e58:	0036                	.insn	2, 0x0036
80003e5a:	0000                	.insn	2, 0x
80003e5c:	03c5                	.insn	2, 0x03c5
80003e5e:	0000                	.insn	2, 0x
80003e60:	008c                	.insn	2, 0x008c
80003e62:	0000                	.insn	2, 0x
80003e64:	00d8                	.insn	2, 0x00d8
80003e66:	0000                	.insn	2, 0x
80003e68:	000003bb          	.insn	4, 0x03bb
80003e6c:	026d                	.insn	2, 0x026d
80003e6e:	0000                	.insn	2, 0x
80003e70:	00000157          	.insn	4, 0x0157
80003e74:	0169                	.insn	2, 0x0169
80003e76:	0000                	.insn	2, 0x

80003e78 <verify_data>:
80003e78:	0000                	.insn	2, 0x
80003e7a:	0000                	.insn	2, 0x
80003e7c:	01c6                	.insn	2, 0x01c6
80003e7e:	0000                	.insn	2, 0x
80003e80:	01c6                	.insn	2, 0x01c6
80003e82:	0000                	.insn	2, 0x
80003e84:	0234                	.insn	2, 0x0234
80003e86:	0000                	.insn	2, 0x
80003e88:	0000014f          	.insn	4, 0x014f
80003e8c:	000000bb          	.insn	4, 0x00bb
80003e90:	000000bb          	.insn	4, 0x00bb
80003e94:	02ed                	.insn	2, 0x02ed
80003e96:	0000                	.insn	2, 0x
80003e98:	02ed                	.insn	2, 0x02ed
80003e9a:	0000                	.insn	2, 0x
80003e9c:	016d                	.insn	2, 0x016d
80003e9e:	0000                	.insn	2, 0x
80003ea0:	016d                	.insn	2, 0x016d
80003ea2:	0000                	.insn	2, 0x
80003ea4:	015e                	.insn	2, 0x015e
80003ea6:	0000                	.insn	2, 0x
80003ea8:	0084                	.insn	2, 0x0084
80003eaa:	0000                	.insn	2, 0x
80003eac:	0084                	.insn	2, 0x0084
80003eae:	0000                	.insn	2, 0x
80003eb0:	0099                	.insn	2, 0x0099
80003eb2:	0000                	.insn	2, 0x
80003eb4:	0248                	.insn	2, 0x0248
80003eb6:	0000                	.insn	2, 0x
80003eb8:	00d8                	.insn	2, 0x00d8
80003eba:	0000                	.insn	2, 0x
80003ebc:	0248                	.insn	2, 0x0248
80003ebe:	0000                	.insn	2, 0x
80003ec0:	00d8                	.insn	2, 0x00d8
80003ec2:	0000                	.insn	2, 0x
80003ec4:	026d                	.insn	2, 0x026d
80003ec6:	0000                	.insn	2, 0x
80003ec8:	00d2                	.insn	2, 0x00d2
80003eca:	0000                	.insn	2, 0x
80003ecc:	00d2                	.insn	2, 0x00d2
80003ece:	0000                	.insn	2, 0x
80003ed0:	00d2                	.insn	2, 0x00d2
80003ed2:	0000                	.insn	2, 0x
80003ed4:	023c                	.insn	2, 0x023c
80003ed6:	0000                	.insn	2, 0x
80003ed8:	023c                	.insn	2, 0x023c
80003eda:	0000                	.insn	2, 0x
80003edc:	037a                	.insn	2, 0x037a
80003ede:	0000                	.insn	2, 0x
80003ee0:	0251                	.insn	2, 0x0251
80003ee2:	0000                	.insn	2, 0x
80003ee4:	0251                	.insn	2, 0x0251
80003ee6:	0000                	.insn	2, 0x
80003ee8:	0251                	.insn	2, 0x0251
80003eea:	0000                	.insn	2, 0x
80003eec:	02b6                	.insn	2, 0x02b6
80003eee:	0000                	.insn	2, 0x
80003ef0:	02b6                	.insn	2, 0x02b6
80003ef2:	0000                	.insn	2, 0x
80003ef4:	02b6                	.insn	2, 0x02b6
80003ef6:	0000                	.insn	2, 0x
80003ef8:	00e4                	.insn	2, 0x00e4
80003efa:	0000                	.insn	2, 0x
80003efc:	006e                	.insn	2, 0x006e
80003efe:	0000                	.insn	2, 0x
80003f00:	006e                	.insn	2, 0x006e
80003f02:	0000                	.insn	2, 0x
80003f04:	0074                	.insn	2, 0x0074
80003f06:	0000                	.insn	2, 0x
80003f08:	02ee                	.insn	2, 0x02ee
80003f0a:	0000                	.insn	2, 0x
80003f0c:	0128                	.insn	2, 0x0128
80003f0e:	0000                	.insn	2, 0x
80003f10:	0286                	.insn	2, 0x0286
80003f12:	0000                	.insn	2, 0x
80003f14:	01aa                	.insn	2, 0x01aa
80003f16:	0000                	.insn	2, 0x
80003f18:	01f4                	.insn	2, 0x01f4
80003f1a:	0000                	.insn	2, 0x
80003f1c:	01aa                	.insn	2, 0x01aa
80003f1e:	0000                	.insn	2, 0x
80003f20:	01b4                	.insn	2, 0x01b4
80003f22:	0000                	.insn	2, 0x
80003f24:	01b4                	.insn	2, 0x01b4
80003f26:	0000                	.insn	2, 0x
80003f28:	00000293          	li	t0,0
80003f2c:	02bd                	.insn	2, 0x02bd
80003f2e:	0000                	.insn	2, 0x
80003f30:	0306                	.insn	2, 0x0306
80003f32:	0000                	.insn	2, 0x
80003f34:	0306                	.insn	2, 0x0306
80003f36:	0000                	.insn	2, 0x
80003f38:	032c                	.insn	2, 0x032c
80003f3a:	0000                	.insn	2, 0x
80003f3c:	02a6                	.insn	2, 0x02a6
80003f3e:	0000                	.insn	2, 0x
80003f40:	02a6                	.insn	2, 0x02a6
80003f42:	0000                	.insn	2, 0x
80003f44:	02a6                	.insn	2, 0x02a6
80003f46:	0000                	.insn	2, 0x
80003f48:	02b8                	.insn	2, 0x02b8
80003f4a:	0000                	.insn	2, 0x
80003f4c:	02b8                	.insn	2, 0x02b8
80003f4e:	0000                	.insn	2, 0x
80003f50:	0234                	.insn	2, 0x0234
80003f52:	0000                	.insn	2, 0x
80003f54:	01da                	.insn	2, 0x01da
80003f56:	0000                	.insn	2, 0x
80003f58:	01da                	.insn	2, 0x01da
80003f5a:	0000                	.insn	2, 0x
80003f5c:	01da                	.insn	2, 0x01da
80003f5e:	0000                	.insn	2, 0x
80003f60:	0110                	.insn	2, 0x0110
80003f62:	0000                	.insn	2, 0x
80003f64:	0000021b          	.insn	4, 0x021b
80003f68:	0000021b          	.insn	4, 0x021b
80003f6c:	0239                	.insn	2, 0x0239
80003f6e:	0000                	.insn	2, 0x
80003f70:	0239                	.insn	2, 0x0239
80003f72:	0000                	.insn	2, 0x
80003f74:	01fd                	.insn	2, 0x01fd
80003f76:	0000                	.insn	2, 0x
80003f78:	000000cb          	.insn	4, 0x00cb
80003f7c:	000000cb          	.insn	4, 0x00cb
80003f80:	0118                	.insn	2, 0x0118
80003f82:	0000                	.insn	2, 0x
80003f84:	000002bf 000002bf 	.insn	8, 0x02bf000002bf
80003f8c:	029d                	.insn	2, 0x029d
80003f8e:	0000                	.insn	2, 0x
80003f90:	025e                	.insn	2, 0x025e
80003f92:	0000                	.insn	2, 0x
80003f94:	01ff 0000 01ff 0000 	.insn	10, 0x0227000001ff000001ff
80003f9c:	0227 
80003f9e:	0000                	.insn	2, 0x
80003fa0:	0291                	.insn	2, 0x0291
80003fa2:	0000                	.insn	2, 0x
80003fa4:	0291                	.insn	2, 0x0291
80003fa6:	0000                	.insn	2, 0x
80003fa8:	0250                	.insn	2, 0x0250
80003faa:	0000                	.insn	2, 0x
80003fac:	000000c3          	.insn	4, 0x00c3
80003fb0:	0239                	.insn	2, 0x0239
80003fb2:	0000                	.insn	2, 0x
80003fb4:	0000010b          	.insn	4, 0x010b
80003fb8:	0239                	.insn	2, 0x0239
80003fba:	0000                	.insn	2, 0x
80003fbc:	0000010b          	.insn	4, 0x010b
80003fc0:	0320                	.insn	2, 0x0320
80003fc2:	0000                	.insn	2, 0x
80003fc4:	0151                	.insn	2, 0x0151
80003fc6:	0000                	.insn	2, 0x
80003fc8:	0248                	.insn	2, 0x0248
80003fca:	0000                	.insn	2, 0x
80003fcc:	0248                	.insn	2, 0x0248
80003fce:	0000                	.insn	2, 0x
80003fd0:	00000283          	lb	t0,0(zero) # 0 <buf.2>
80003fd4:	0386                	.insn	2, 0x0386
80003fd6:	0000                	.insn	2, 0x
80003fd8:	00000283          	lb	t0,0(zero) # 0 <buf.2>
80003fdc:	0170                	.insn	2, 0x0170
80003fde:	0000                	.insn	2, 0x
80003fe0:	0170                	.insn	2, 0x0170
80003fe2:	0000                	.insn	2, 0x
80003fe4:	01e9                	.insn	2, 0x01e9
80003fe6:	0000                	.insn	2, 0x
80003fe8:	01e9                	.insn	2, 0x01e9
80003fea:	0000                	.insn	2, 0x
80003fec:	033a                	.insn	2, 0x033a
80003fee:	0000                	.insn	2, 0x
80003ff0:	0148                	.insn	2, 0x0148
80003ff2:	0000                	.insn	2, 0x
80003ff4:	033a                	.insn	2, 0x033a
80003ff6:	0000                	.insn	2, 0x
80003ff8:	0250                	.insn	2, 0x0250
80003ffa:	0000                	.insn	2, 0x
80003ffc:	03a5                	.insn	2, 0x03a5
80003ffe:	0000                	.insn	2, 0x
80004000:	0250                	.insn	2, 0x0250
80004002:	0000                	.insn	2, 0x
80004004:	0184                	.insn	2, 0x0184
80004006:	0000                	.insn	2, 0x
80004008:	0184                	.insn	2, 0x0184
8000400a:	0000                	.insn	2, 0x
8000400c:	021f 0000 0289      	.insn	6, 0x02890000021f
80004012:	0000                	.insn	2, 0x
80004014:	0289                	.insn	2, 0x0289
80004016:	0000                	.insn	2, 0x
80004018:	0289                	.insn	2, 0x0289
8000401a:	0000                	.insn	2, 0x
8000401c:	0236                	.insn	2, 0x0236
8000401e:	0000                	.insn	2, 0x
80004020:	000003d3          	.insn	4, 0x03d3
80004024:	0289                	.insn	2, 0x0289
80004026:	0000                	.insn	2, 0x
80004028:	032e                	.insn	2, 0x032e
8000402a:	0000                	.insn	2, 0x
8000402c:	0291                	.insn	2, 0x0291
8000402e:	0000                	.insn	2, 0x
80004030:	0291                	.insn	2, 0x0291
80004032:	0000                	.insn	2, 0x
80004034:	00b5                	.insn	2, 0x00b5
80004036:	0000                	.insn	2, 0x
80004038:	00b5                	.insn	2, 0x00b5
8000403a:	0000                	.insn	2, 0x
8000403c:	00b5                	.insn	2, 0x00b5
8000403e:	0000                	.insn	2, 0x
80004040:	00d0                	.insn	2, 0x00d0
80004042:	0000                	.insn	2, 0x
80004044:	0000035b          	.insn	4, 0x035b
80004048:	0000035b          	.insn	4, 0x035b
8000404c:	0275                	.insn	2, 0x0275
8000404e:	0000                	.insn	2, 0x
80004050:	0275                	.insn	2, 0x0275
80004052:	0000                	.insn	2, 0x
80004054:	0120                	.insn	2, 0x0120
80004056:	0000                	.insn	2, 0x
80004058:	02c0                	.insn	2, 0x02c0
8000405a:	0000                	.insn	2, 0x
8000405c:	015d                	.insn	2, 0x015d
8000405e:	0000                	.insn	2, 0x
80004060:	02c0                	.insn	2, 0x02c0
80004062:	0000                	.insn	2, 0x
80004064:	015d                	.insn	2, 0x015d
80004066:	0000                	.insn	2, 0x
80004068:	00fd                	.insn	2, 0x00fd
8000406a:	0000                	.insn	2, 0x
8000406c:	00fd                	.insn	2, 0x00fd
8000406e:	0000                	.insn	2, 0x
80004070:	000002cb          	.insn	4, 0x02cb
80004074:	0376                	.insn	2, 0x0376
80004076:	0000                	.insn	2, 0x
80004078:	000002cb          	.insn	4, 0x02cb
8000407c:	01ae                	.insn	2, 0x01ae
8000407e:	0000                	.insn	2, 0x
80004080:	019f 0000 019f      	.insn	6, 0x019f0000019f
80004086:	0000                	.insn	2, 0x
80004088:	021a                	.insn	2, 0x021a
8000408a:	0000                	.insn	2, 0x
8000408c:	0240                	.insn	2, 0x0240
8000408e:	0000                	.insn	2, 0x
80004090:	02bc                	.insn	2, 0x02bc
80004092:	0000                	.insn	2, 0x
80004094:	02f9                	.insn	2, 0x02f9
80004096:	0000                	.insn	2, 0x
80004098:	02bc                	.insn	2, 0x02bc
8000409a:	0000                	.insn	2, 0x
8000409c:	00f1                	.insn	2, 0x00f1
8000409e:	0000                	.insn	2, 0x
800040a0:	00f1                	.insn	2, 0x00f1
800040a2:	0000                	.insn	2, 0x
800040a4:	01de                	.insn	2, 0x01de
800040a6:	0000                	.insn	2, 0x
800040a8:	01de                	.insn	2, 0x01de
800040aa:	0000                	.insn	2, 0x
800040ac:	01de                	.insn	2, 0x01de
800040ae:	0000                	.insn	2, 0x
800040b0:	000001f3          	.insn	4, 0x01f3
800040b4:	000001f3          	.insn	4, 0x01f3
800040b8:	02b5                	.insn	2, 0x02b5
800040ba:	0000                	.insn	2, 0x
800040bc:	00000193          	li	gp,0
800040c0:	01a0                	.insn	2, 0x01a0
800040c2:	0000                	.insn	2, 0x
800040c4:	01a0                	.insn	2, 0x01a0
800040c6:	0000                	.insn	2, 0x
800040c8:	01a0                	.insn	2, 0x01a0
800040ca:	0000                	.insn	2, 0x
800040cc:	01bc                	.insn	2, 0x01bc
800040ce:	0000                	.insn	2, 0x
800040d0:	0128                	.insn	2, 0x0128
800040d2:	0000                	.insn	2, 0x
800040d4:	02a4                	.insn	2, 0x02a4
800040d6:	0000                	.insn	2, 0x
800040d8:	026c                	.insn	2, 0x026c
800040da:	0000                	.insn	2, 0x
800040dc:	026c                	.insn	2, 0x026c
800040de:	0000                	.insn	2, 0x
800040e0:	013d                	.insn	2, 0x013d
800040e2:	0000                	.insn	2, 0x
800040e4:	00e0                	.insn	2, 0x00e0
800040e6:	0000                	.insn	2, 0x
800040e8:	00e0                	.insn	2, 0x00e0
800040ea:	0000                	.insn	2, 0x
800040ec:	015f 0000 021c      	.insn	6, 0x021c0000015f
800040f2:	0000                	.insn	2, 0x
800040f4:	021c                	.insn	2, 0x021c
800040f6:	0000                	.insn	2, 0x
800040f8:	021c                	.insn	2, 0x021c
800040fa:	0000                	.insn	2, 0x
800040fc:	0120                	.insn	2, 0x0120
800040fe:	0000                	.insn	2, 0x
80004100:	00a9                	.insn	2, 0x00a9
80004102:	0000                	.insn	2, 0x
80004104:	00a9                	.insn	2, 0x00a9
80004106:	0000                	.insn	2, 0x
80004108:	0000020f          	.insn	4, 0x020f
8000410c:	025e                	.insn	2, 0x025e
8000410e:	0000                	.insn	2, 0x
80004110:	0000020f          	.insn	4, 0x020f
80004114:	0185                	.insn	2, 0x0185
80004116:	0000                	.insn	2, 0x
80004118:	0185                	.insn	2, 0x0185
8000411a:	0000                	.insn	2, 0x
8000411c:	0185                	.insn	2, 0x0185
8000411e:	0000                	.insn	2, 0x
80004120:	031c                	.insn	2, 0x031c
80004122:	0000                	.insn	2, 0x
80004124:	000001c7          	.insn	4, 0x01c7
80004128:	02d0                	.insn	2, 0x02d0
8000412a:	0000                	.insn	2, 0x
8000412c:	000001c7          	.insn	4, 0x01c7
80004130:	02d0                	.insn	2, 0x02d0
80004132:	0000                	.insn	2, 0x
80004134:	0000016f          	jal	sp,80004134 <verify_data+0x2bc>
80004138:	02e9                	.insn	2, 0x02e9
8000413a:	0000                	.insn	2, 0x
8000413c:	0000016f          	jal	sp,8000413c <verify_data+0x2c4>
80004140:	0166                	.insn	2, 0x0166
80004142:	0000                	.insn	2, 0x
80004144:	0166                	.insn	2, 0x0166
80004146:	0000                	.insn	2, 0x
80004148:	0248                	.insn	2, 0x0248
8000414a:	0000                	.insn	2, 0x
8000414c:	0248                	.insn	2, 0x0248
8000414e:	0000                	.insn	2, 0x
80004150:	0000010f          	.insn	4, 0x010f
80004154:	0000010f          	.insn	4, 0x010f
80004158:	0355                	.insn	2, 0x0355
8000415a:	0000                	.insn	2, 0x
8000415c:	0355                	.insn	2, 0x0355
8000415e:	0000                	.insn	2, 0x
80004160:	0314                	.insn	2, 0x0314
80004162:	0000                	.insn	2, 0x
80004164:	00000193          	li	gp,0
80004168:	00000213          	li	tp,0
8000416c:	0205                	.insn	2, 0x0205
8000416e:	0000                	.insn	2, 0x
80004170:	0205                	.insn	2, 0x0205
80004172:	0000                	.insn	2, 0x
80004174:	0205                	.insn	2, 0x0205
80004176:	0000                	.insn	2, 0x
80004178:	01cd                	.insn	2, 0x01cd
8000417a:	0000                	.insn	2, 0x
8000417c:	0000022f          	.insn	4, 0x022f
80004180:	01cd                	.insn	2, 0x01cd
80004182:	0000                	.insn	2, 0x
80004184:	00000307          	.insn	4, 0x0307
80004188:	0166                	.insn	2, 0x0166
8000418a:	0000                	.insn	2, 0x
8000418c:	0166                	.insn	2, 0x0166
8000418e:	0000                	.insn	2, 0x
80004190:	014c                	.insn	2, 0x014c
80004192:	0000                	.insn	2, 0x
80004194:	014c                	.insn	2, 0x014c
80004196:	0000                	.insn	2, 0x
80004198:	02ac                	.insn	2, 0x02ac
8000419a:	0000                	.insn	2, 0x
8000419c:	02ac                	.insn	2, 0x02ac
8000419e:	0000                	.insn	2, 0x
800041a0:	02ac                	.insn	2, 0x02ac
800041a2:	0000                	.insn	2, 0x
800041a4:	0256                	.insn	2, 0x0256
800041a6:	0000                	.insn	2, 0x
800041a8:	01be                	.insn	2, 0x01be
800041aa:	0000                	.insn	2, 0x
800041ac:	0000008f          	.insn	4, 0x008f
800041b0:	00000137          	lui	sp,0x0
800041b4:	007d                	.insn	2, 0x007d
800041b6:	0000                	.insn	2, 0x
800041b8:	00000137          	lui	sp,0x0
800041bc:	000002e7          	jalr	t0,zero # 0 <buf.2>
800041c0:	000002e7          	jalr	t0,zero # 0 <buf.2>
800041c4:	03a5                	.insn	2, 0x03a5
800041c6:	0000                	.insn	2, 0x
800041c8:	022d                	.insn	2, 0x022d
800041ca:	0000                	.insn	2, 0x
800041cc:	031f 0000 022d      	.insn	6, 0x022d0000031f
800041d2:	0000                	.insn	2, 0x
800041d4:	022d                	.insn	2, 0x022d
800041d6:	0000                	.insn	2, 0x
800041d8:	022d                	.insn	2, 0x022d
800041da:	0000                	.insn	2, 0x
800041dc:	0229                	.insn	2, 0x0229
800041de:	0000                	.insn	2, 0x
800041e0:	031c                	.insn	2, 0x031c
800041e2:	0000                	.insn	2, 0x
800041e4:	0288                	.insn	2, 0x0288
800041e6:	0000                	.insn	2, 0x
800041e8:	0288                	.insn	2, 0x0288
800041ea:	0000                	.insn	2, 0x
800041ec:	0288                	.insn	2, 0x0288
800041ee:	0000                	.insn	2, 0x
800041f0:	0000037b          	.insn	4, 0x037b
800041f4:	0000037b          	.insn	4, 0x037b
800041f8:	029a                	.insn	2, 0x029a
800041fa:	0000                	.insn	2, 0x
800041fc:	011f 0000 0202      	.insn	6, 0x02020000011f
80004202:	0000                	.insn	2, 0x
80004204:	0031                	.insn	2, 0x0031
80004206:	0000                	.insn	2, 0x
80004208:	0202                	.insn	2, 0x0202
8000420a:	0000                	.insn	2, 0x
8000420c:	0056                	.insn	2, 0x0056
8000420e:	0000                	.insn	2, 0x
80004210:	022d                	.insn	2, 0x022d
80004212:	0000                	.insn	2, 0x
80004214:	005f 0000 0355      	.insn	6, 0x03550000005f
8000421a:	0000                	.insn	2, 0x
8000421c:	01b9                	.insn	2, 0x01b9
8000421e:	0000                	.insn	2, 0x
80004220:	01b9                	.insn	2, 0x01b9
80004222:	0000                	.insn	2, 0x
80004224:	01b9                	.insn	2, 0x01b9
80004226:	0000                	.insn	2, 0x
80004228:	01b8                	.insn	2, 0x01b8
8000422a:	0000                	.insn	2, 0x
8000422c:	0000024b          	.insn	4, 0x024b
80004230:	0266                	.insn	2, 0x0266
80004232:	0000                	.insn	2, 0x
80004234:	0266                	.insn	2, 0x0266
80004236:	0000                	.insn	2, 0x
80004238:	018c                	.insn	2, 0x018c
8000423a:	0000                	.insn	2, 0x
8000423c:	017e                	.insn	2, 0x017e
8000423e:	0000                	.insn	2, 0x
80004240:	0118                	.insn	2, 0x0118
80004242:	0000                	.insn	2, 0x
80004244:	0118                	.insn	2, 0x0118
80004246:	0000                	.insn	2, 0x
80004248:	0011                	.insn	2, 0x0011
8000424a:	0000                	.insn	2, 0x
8000424c:	0328                	.insn	2, 0x0328
8000424e:	0000                	.insn	2, 0x
80004250:	00aa                	.insn	2, 0x00aa
80004252:	0000                	.insn	2, 0x
80004254:	00000333          	add	t1,zero,zero
80004258:	00000123          	sb	zero,2(zero) # 2 <buf.2+0x2>
8000425c:	0158                	.insn	2, 0x0158
8000425e:	0000                	.insn	2, 0x
80004260:	0158                	.insn	2, 0x0158
80004262:	0000                	.insn	2, 0x
80004264:	017c                	.insn	2, 0x017c
80004266:	0000                	.insn	2, 0x
80004268:	01c2                	.insn	2, 0x01c2
8000426a:	0000                	.insn	2, 0x
8000426c:	0200                	.insn	2, 0x0200
8000426e:	0000                	.insn	2, 0x
80004270:	0200                	.insn	2, 0x0200
80004272:	0000                	.insn	2, 0x
80004274:	0200                	.insn	2, 0x0200
80004276:	0000                	.insn	2, 0x
80004278:	0395                	.insn	2, 0x0395
8000427a:	0000                	.insn	2, 0x
8000427c:	0395                	.insn	2, 0x0395
8000427e:	0000                	.insn	2, 0x
80004280:	0000021b          	.insn	4, 0x021b
80004284:	0000021b          	.insn	4, 0x021b
80004288:	0328                	.insn	2, 0x0328
8000428a:	0000                	.insn	2, 0x
8000428c:	0372                	.insn	2, 0x0372
8000428e:	0000                	.insn	2, 0x
80004290:	00000377          	.insn	4, 0x0377
80004294:	0372                	.insn	2, 0x0372
80004296:	0000                	.insn	2, 0x
80004298:	0219                	.insn	2, 0x0219
8000429a:	0000                	.insn	2, 0x
8000429c:	0219                	.insn	2, 0x0219
8000429e:	0000                	.insn	2, 0x
800042a0:	0264                	.insn	2, 0x0264
800042a2:	0000                	.insn	2, 0x
800042a4:	02bd                	.insn	2, 0x02bd
800042a6:	0000                	.insn	2, 0x
800042a8:	02bd                	.insn	2, 0x02bd
800042aa:	0000                	.insn	2, 0x
800042ac:	02bd                	.insn	2, 0x02bd
800042ae:	0000                	.insn	2, 0x
800042b0:	01df 0000 01df      	.insn	6, 0x01df000001df
800042b6:	0000                	.insn	2, 0x
800042b8:	01df 0000 0237      	.insn	6, 0x0237000001df
800042be:	0000                	.insn	2, 0x
800042c0:	00000097          	auipc	ra,0x0
800042c4:	0016                	.insn	2, 0x0016
800042c6:	0000                	.insn	2, 0x
800042c8:	0016                	.insn	2, 0x0016
800042ca:	0000                	.insn	2, 0x
800042cc:	0238                	.insn	2, 0x0238
800042ce:	0000                	.insn	2, 0x
800042d0:	0238                	.insn	2, 0x0238
800042d2:	0000                	.insn	2, 0x
800042d4:	0238                	.insn	2, 0x0238
800042d6:	0000                	.insn	2, 0x
800042d8:	0299                	.insn	2, 0x0299
800042da:	0000                	.insn	2, 0x
800042dc:	0299                	.insn	2, 0x0299
800042de:	0000                	.insn	2, 0x
800042e0:	000001a7          	.insn	4, 0x01a7
800042e4:	000001a7          	.insn	4, 0x01a7
800042e8:	01b2                	.insn	2, 0x01b2
800042ea:	0000                	.insn	2, 0x
800042ec:	01b2                	.insn	2, 0x01b2
800042ee:	0000                	.insn	2, 0x
800042f0:	0118                	.insn	2, 0x0118
800042f2:	0000                	.insn	2, 0x
800042f4:	009e                	.insn	2, 0x009e
800042f6:	0000                	.insn	2, 0x
800042f8:	0118                	.insn	2, 0x0118
800042fa:	0000                	.insn	2, 0x
800042fc:	0054                	.insn	2, 0x0054
800042fe:	0000                	.insn	2, 0x
80004300:	0000018b          	.insn	4, 0x018b
80004304:	000000f7          	.insn	4, 0x00f7
80004308:	02b0                	.insn	2, 0x02b0
8000430a:	0000                	.insn	2, 0x
8000430c:	000000f7          	.insn	4, 0x00f7
80004310:	01dc                	.insn	2, 0x01dc
80004312:	0000                	.insn	2, 0x
80004314:	000001b3          	add	gp,zero,zero
80004318:	01dc                	.insn	2, 0x01dc
8000431a:	0000                	.insn	2, 0x
8000431c:	0318                	.insn	2, 0x0318
8000431e:	0000                	.insn	2, 0x
80004320:	0318                	.insn	2, 0x0318
80004322:	0000                	.insn	2, 0x
80004324:	0318                	.insn	2, 0x0318
80004326:	0000                	.insn	2, 0x
80004328:	02d9                	.insn	2, 0x02d9
8000432a:	0000                	.insn	2, 0x
8000432c:	01e6                	.insn	2, 0x01e6
8000432e:	0000                	.insn	2, 0x
80004330:	0109                	.insn	2, 0x0109
80004332:	0000                	.insn	2, 0x
80004334:	019e                	.insn	2, 0x019e
80004336:	0000                	.insn	2, 0x
80004338:	00ec                	.insn	2, 0x00ec
8000433a:	0000                	.insn	2, 0x
8000433c:	0171                	.insn	2, 0x0171
8000433e:	0000                	.insn	2, 0x
80004340:	00ec                	.insn	2, 0x00ec
80004342:	0000                	.insn	2, 0x
80004344:	0171                	.insn	2, 0x0171
80004346:	0000                	.insn	2, 0x
80004348:	00d6                	.insn	2, 0x00d6
8000434a:	0000                	.insn	2, 0x
8000434c:	0206                	.insn	2, 0x0206
8000434e:	0000                	.insn	2, 0x
80004350:	00b4                	.insn	2, 0x00b4
80004352:	0000                	.insn	2, 0x
80004354:	0206                	.insn	2, 0x0206
80004356:	0000                	.insn	2, 0x
80004358:	000001f7          	.insn	4, 0x01f7
8000435c:	02aa                	.insn	2, 0x02aa
8000435e:	0000                	.insn	2, 0x
80004360:	0254                	.insn	2, 0x0254
80004362:	0000                	.insn	2, 0x
80004364:	0254                	.insn	2, 0x0254
80004366:	0000                	.insn	2, 0x
80004368:	011c                	.insn	2, 0x011c
8000436a:	0000                	.insn	2, 0x
8000436c:	0108                	.insn	2, 0x0108
8000436e:	0000                	.insn	2, 0x
80004370:	0108                	.insn	2, 0x0108
80004372:	0000                	.insn	2, 0x
80004374:	000001f3          	.insn	4, 0x01f3
80004378:	000001f3          	.insn	4, 0x01f3
8000437c:	015a                	.insn	2, 0x015a
8000437e:	0000                	.insn	2, 0x
80004380:	015a                	.insn	2, 0x015a
80004382:	0000                	.insn	2, 0x
80004384:	00000257          	.insn	4, 0x0257
80004388:	00000257          	.insn	4, 0x0257
8000438c:	000000d7          	.insn	4, 0x00d7
80004390:	000000d7          	.insn	4, 0x00d7
80004394:	000002db          	.insn	4, 0x02db
80004398:	000002db          	.insn	4, 0x02db
8000439c:	02b0                	.insn	2, 0x02b0
8000439e:	0000                	.insn	2, 0x
800043a0:	0292                	.insn	2, 0x0292
800043a2:	0000                	.insn	2, 0x
800043a4:	0000026b          	.insn	4, 0x026b
800043a8:	000000fb          	.insn	4, 0x00fb
800043ac:	000000fb          	.insn	4, 0x00fb
800043b0:	00000083          	lb	ra,0(zero) # 0 <buf.2>
800043b4:	0000022b          	.insn	4, 0x022b
800043b8:	0000022b          	.insn	4, 0x022b
800043bc:	0000022b          	.insn	4, 0x022b
800043c0:	0000029b          	.insn	4, 0x029b
800043c4:	0210                	.insn	2, 0x0210
800043c6:	0000                	.insn	2, 0x
800043c8:	0210                	.insn	2, 0x0210
800043ca:	0000                	.insn	2, 0x
800043cc:	0210                	.insn	2, 0x0210
800043ce:	0000                	.insn	2, 0x
800043d0:	000001e7          	jalr	gp,zero # 0 <buf.2>
800043d4:	000001e7          	jalr	gp,zero # 0 <buf.2>
800043d8:	000001e7          	jalr	gp,zero # 0 <buf.2>
800043dc:	02f1                	.insn	2, 0x02f1
800043de:	0000                	.insn	2, 0x
800043e0:	02f1                	.insn	2, 0x02f1
800043e2:	0000                	.insn	2, 0x
800043e4:	011f 0000 011f      	.insn	6, 0x011f0000011f
800043ea:	0000                	.insn	2, 0x
800043ec:	0272                	.insn	2, 0x0272
800043ee:	0000                	.insn	2, 0x
800043f0:	0272                	.insn	2, 0x0272
800043f2:	0000                	.insn	2, 0x
800043f4:	0130                	.insn	2, 0x0130
800043f6:	0000                	.insn	2, 0x
800043f8:	000e                	.insn	2, 0x000e
800043fa:	0000                	.insn	2, 0x
800043fc:	0130                	.insn	2, 0x0130
800043fe:	0000                	.insn	2, 0x
80004400:	00000193          	li	gp,0
80004404:	02dd                	.insn	2, 0x02dd
80004406:	0000                	.insn	2, 0x
80004408:	00000193          	li	gp,0
8000440c:	02dd                	.insn	2, 0x02dd
8000440e:	0000                	.insn	2, 0x
80004410:	000002bf 000002bf 	.insn	8, 0x02bf000002bf
80004418:	000002bf 000002d2 	.insn	8, 0x02d2000002bf
80004420:	0332                	.insn	2, 0x0332
80004422:	0000                	.insn	2, 0x
80004424:	02d2                	.insn	2, 0x02d2
80004426:	0000                	.insn	2, 0x
80004428:	0196                	.insn	2, 0x0196
8000442a:	0000                	.insn	2, 0x
8000442c:	0196                	.insn	2, 0x0196
8000442e:	0000                	.insn	2, 0x
80004430:	036a                	.insn	2, 0x036a
80004432:	0000                	.insn	2, 0x
80004434:	036a                	.insn	2, 0x036a
80004436:	0000                	.insn	2, 0x
80004438:	0358                	.insn	2, 0x0358
8000443a:	0000                	.insn	2, 0x
8000443c:	02ec                	.insn	2, 0x02ec
8000443e:	0000                	.insn	2, 0x
80004440:	02ec                	.insn	2, 0x02ec
80004442:	0000                	.insn	2, 0x
80004444:	0000005b          	.insn	4, 0x005b
80004448:	0056                	.insn	2, 0x0056
8000444a:	0000                	.insn	2, 0x
8000444c:	0000005b          	.insn	4, 0x005b
80004450:	017a                	.insn	2, 0x017a
80004452:	0000                	.insn	2, 0x
80004454:	017a                	.insn	2, 0x017a
80004456:	0000                	.insn	2, 0x
80004458:	0294                	.insn	2, 0x0294
8000445a:	0000                	.insn	2, 0x
8000445c:	0069                	.insn	2, 0x0069
8000445e:	0000                	.insn	2, 0x
80004460:	0099                	.insn	2, 0x0099
80004462:	0000                	.insn	2, 0x
80004464:	0099                	.insn	2, 0x0099
80004466:	0000                	.insn	2, 0x
80004468:	0099                	.insn	2, 0x0099
8000446a:	0000                	.insn	2, 0x
8000446c:	017d                	.insn	2, 0x017d
8000446e:	0000                	.insn	2, 0x
80004470:	0079                	.insn	2, 0x0079
80004472:	0000                	.insn	2, 0x
80004474:	0000028b          	.insn	4, 0x028b
80004478:	019c                	.insn	2, 0x019c
8000447a:	0000                	.insn	2, 0x
8000447c:	0339                	.insn	2, 0x0339
8000447e:	0000                	.insn	2, 0x
80004480:	019c                	.insn	2, 0x019c
80004482:	0000                	.insn	2, 0x
80004484:	0164                	.insn	2, 0x0164
80004486:	0000                	.insn	2, 0x
80004488:	00ec                	.insn	2, 0x00ec
8000448a:	0000                	.insn	2, 0x
8000448c:	0094                	.insn	2, 0x0094
8000448e:	0000                	.insn	2, 0x
80004490:	0094                	.insn	2, 0x0094
80004492:	0000                	.insn	2, 0x
80004494:	0094                	.insn	2, 0x0094
80004496:	0000                	.insn	2, 0x
80004498:	000001a7          	.insn	4, 0x01a7
8000449c:	008c                	.insn	2, 0x008c
8000449e:	0000                	.insn	2, 0x
800044a0:	00d8                	.insn	2, 0x00d8
800044a2:	0000                	.insn	2, 0x
800044a4:	00d8                	.insn	2, 0x00d8
800044a6:	0000                	.insn	2, 0x
800044a8:	026d                	.insn	2, 0x026d
800044aa:	0000                	.insn	2, 0x
800044ac:	026d                	.insn	2, 0x026d
800044ae:	0000                	.insn	2, 0x
800044b0:	0169                	.insn	2, 0x0169
800044b2:	0000                	.insn	2, 0x
800044b4:	0000                	.insn	2, 0x
800044b6:	0000                	.insn	2, 0x
