
memcpy.riscv:     file format elf32-littleriscv


Disassembly of section .text.init:

80000000 <_start>:
80000000:	00000093          	li	ra,0
80000004:	00000113          	li	sp,0
80000008:	00000193          	li	gp,0
8000000c:	00000213          	li	tp,0
80000010:	00000293          	li	t0,0
80000014:	00000313          	li	t1,0
80000018:	00000393          	li	t2,0
8000001c:	00000413          	li	s0,0
80000020:	00000493          	li	s1,0
80000024:	00000513          	li	a0,0
80000028:	00000593          	li	a1,0
8000002c:	00000613          	li	a2,0
80000030:	00000693          	li	a3,0
80000034:	00000713          	li	a4,0
80000038:	00000793          	li	a5,0
8000003c:	00000813          	li	a6,0
80000040:	00000893          	li	a7,0
80000044:	00000913          	li	s2,0
80000048:	00000993          	li	s3,0
8000004c:	00000a13          	li	s4,0
80000050:	00000a93          	li	s5,0
80000054:	00000b13          	li	s6,0
80000058:	00000b93          	li	s7,0
8000005c:	00000c13          	li	s8,0
80000060:	00000c93          	li	s9,0
80000064:	00000d13          	li	s10,0
80000068:	00000d93          	li	s11,0
8000006c:	00000e13          	li	t3,0
80000070:	00000e93          	li	t4,0
80000074:	00000f13          	li	t5,0
80000078:	00000f93          	li	t6,0
8000007c:	0181e2b7          	lui	t0,0x181e
80000080:	3002a073          	csrs	mstatus,t0
80000084:	00100293          	li	t0,1
80000088:	01f29293          	slli	t0,t0,0x1f
8000008c:	0002ca63          	bltz	t0,800000a0 <_start+0xa0>
80000090:	00100513          	li	a0,1
80000094:	00001297          	auipc	t0,0x1
80000098:	f6a2a623          	sw	a0,-148(t0) # 80001000 <tohost>
8000009c:	ff5ff06f          	j	80000090 <_start+0x90>
800000a0:	00000297          	auipc	t0,0x0
800000a4:	04028293          	addi	t0,t0,64 # 800000e0 <trap_entry>
800000a8:	30529073          	csrw	mtvec,t0
800000ac:	00008197          	auipc	gp,0x8
800000b0:	db018193          	addi	gp,gp,-592 # 80007e5c <__global_pointer$>
800000b4:	86318213          	addi	tp,gp,-1949 # 800076bf <_end+0x3f>
800000b8:	fc027213          	andi	tp,tp,-64
800000bc:	f1402573          	csrr	a0,mhartid
800000c0:	00100593          	li	a1,1
800000c4:	00b57063          	bgeu	a0,a1,800000c4 <_start+0xc4>
800000c8:	00150113          	addi	sp,a0,1
800000cc:	01111113          	slli	sp,sp,0x11
800000d0:	00410133          	add	sp,sp,tp
800000d4:	01151613          	slli	a2,a0,0x11
800000d8:	00c20233          	add	tp,tp,a2
800000dc:	0f50206f          	j	800029d0 <_init>

800000e0 <trap_entry>:
800000e0:	ef010113          	addi	sp,sp,-272
800000e4:	00112223          	sw	ra,4(sp)
800000e8:	00212423          	sw	sp,8(sp)
800000ec:	00312623          	sw	gp,12(sp)
800000f0:	00412823          	sw	tp,16(sp)
800000f4:	00512a23          	sw	t0,20(sp)
800000f8:	00612c23          	sw	t1,24(sp)
800000fc:	00712e23          	sw	t2,28(sp)
80000100:	02812023          	sw	s0,32(sp)
80000104:	02912223          	sw	s1,36(sp)
80000108:	02a12423          	sw	a0,40(sp)
8000010c:	02b12623          	sw	a1,44(sp)
80000110:	02c12823          	sw	a2,48(sp)
80000114:	02d12a23          	sw	a3,52(sp)
80000118:	02e12c23          	sw	a4,56(sp)
8000011c:	02f12e23          	sw	a5,60(sp)
80000120:	05012023          	sw	a6,64(sp)
80000124:	05112223          	sw	a7,68(sp)
80000128:	05212423          	sw	s2,72(sp)
8000012c:	05312623          	sw	s3,76(sp)
80000130:	05412823          	sw	s4,80(sp)
80000134:	05512a23          	sw	s5,84(sp)
80000138:	05612c23          	sw	s6,88(sp)
8000013c:	05712e23          	sw	s7,92(sp)
80000140:	07812023          	sw	s8,96(sp)
80000144:	07912223          	sw	s9,100(sp)
80000148:	07a12423          	sw	s10,104(sp)
8000014c:	07b12623          	sw	s11,108(sp)
80000150:	07c12823          	sw	t3,112(sp)
80000154:	07d12a23          	sw	t4,116(sp)
80000158:	07e12c23          	sw	t5,120(sp)
8000015c:	07f12e23          	sw	t6,124(sp)
80000160:	34202573          	csrr	a0,mcause
80000164:	341025f3          	csrr	a1,mepc
80000168:	00010613          	mv	a2,sp
8000016c:	4d4020ef          	jal	80002640 <handle_trap>
80000170:	34151073          	csrw	mepc,a0
80000174:	000022b7          	lui	t0,0x2
80000178:	80028293          	addi	t0,t0,-2048 # 1800 <buflen.1+0x17c0>
8000017c:	3002a073          	csrs	mstatus,t0
80000180:	00412083          	lw	ra,4(sp)
80000184:	00812103          	lw	sp,8(sp)
80000188:	00c12183          	lw	gp,12(sp)
8000018c:	01012203          	lw	tp,16(sp)
80000190:	01412283          	lw	t0,20(sp)
80000194:	01812303          	lw	t1,24(sp)
80000198:	01c12383          	lw	t2,28(sp)
8000019c:	02012403          	lw	s0,32(sp)
800001a0:	02412483          	lw	s1,36(sp)
800001a4:	02812503          	lw	a0,40(sp)
800001a8:	02c12583          	lw	a1,44(sp)
800001ac:	03012603          	lw	a2,48(sp)
800001b0:	03412683          	lw	a3,52(sp)
800001b4:	03812703          	lw	a4,56(sp)
800001b8:	03c12783          	lw	a5,60(sp)
800001bc:	04012803          	lw	a6,64(sp)
800001c0:	04412883          	lw	a7,68(sp)
800001c4:	04812903          	lw	s2,72(sp)
800001c8:	04c12983          	lw	s3,76(sp)
800001cc:	05012a03          	lw	s4,80(sp)
800001d0:	05412a83          	lw	s5,84(sp)
800001d4:	05812b03          	lw	s6,88(sp)
800001d8:	05c12b83          	lw	s7,92(sp)
800001dc:	06012c03          	lw	s8,96(sp)
800001e0:	06412c83          	lw	s9,100(sp)
800001e4:	06812d03          	lw	s10,104(sp)
800001e8:	06c12d83          	lw	s11,108(sp)
800001ec:	07012e03          	lw	t3,112(sp)
800001f0:	07412e83          	lw	t4,116(sp)
800001f4:	07812f03          	lw	t5,120(sp)
800001f8:	07c12f83          	lw	t6,124(sp)
800001fc:	11010113          	addi	sp,sp,272
80000200:	30200073          	mret

Disassembly of section .text:

80002000 <vprintfmt>:
80002000:	eb010113          	addi	sp,sp,-336
80002004:	14812423          	sw	s0,328(sp)
80002008:	15212023          	sw	s2,320(sp)
8000200c:	13312e23          	sw	s3,316(sp)
80002010:	13512a23          	sw	s5,308(sp)
80002014:	14112623          	sw	ra,332(sp)
80002018:	14912223          	sw	s1,324(sp)
8000201c:	13412c23          	sw	s4,312(sp)
80002020:	13712623          	sw	s7,300(sp)
80002024:	13812423          	sw	s8,296(sp)
80002028:	13912223          	sw	s9,292(sp)
8000202c:	13a12023          	sw	s10,288(sp)
80002030:	00050993          	mv	s3,a0
80002034:	00058913          	mv	s2,a1
80002038:	00060413          	mv	s0,a2
8000203c:	00d12623          	sw	a3,12(sp)
80002040:	02500a93          	li	s5,37
80002044:	0140006f          	j	80002058 <vprintfmt+0x58>
80002048:	06050463          	beqz	a0,800020b0 <vprintfmt+0xb0>
8000204c:	00090593          	mv	a1,s2
80002050:	00140413          	addi	s0,s0,1
80002054:	000980e7          	jalr	s3
80002058:	00044503          	lbu	a0,0(s0)
8000205c:	ff5516e3          	bne	a0,s5,80002048 <vprintfmt+0x48>
80002060:	00144683          	lbu	a3,1(s0)
80002064:	00140a13          	addi	s4,s0,1
80002068:	fff00493          	li	s1,-1
8000206c:	02000793          	li	a5,32
80002070:	000a0713          	mv	a4,s4
80002074:	00048c13          	mv	s8,s1
80002078:	00f12423          	sw	a5,8(sp)
8000207c:	00000593          	li	a1,0
80002080:	fdd68793          	addi	a5,a3,-35
80002084:	0ff7f793          	zext.b	a5,a5
80002088:	05500613          	li	a2,85
8000208c:	00170413          	addi	s0,a4,1
80002090:	06f66a63          	bltu	a2,a5,80002104 <vprintfmt+0x104>
80002094:	00001617          	auipc	a2,0x1
80002098:	4b460613          	addi	a2,a2,1204 # 80003548 <main+0x130>
8000209c:	00279793          	slli	a5,a5,0x2
800020a0:	00c787b3          	add	a5,a5,a2
800020a4:	0007a783          	lw	a5,0(a5)
800020a8:	00c787b3          	add	a5,a5,a2
800020ac:	00078067          	jr	a5
800020b0:	14c12083          	lw	ra,332(sp)
800020b4:	14812403          	lw	s0,328(sp)
800020b8:	14412483          	lw	s1,324(sp)
800020bc:	14012903          	lw	s2,320(sp)
800020c0:	13c12983          	lw	s3,316(sp)
800020c4:	13812a03          	lw	s4,312(sp)
800020c8:	13412a83          	lw	s5,308(sp)
800020cc:	12c12b83          	lw	s7,300(sp)
800020d0:	12812c03          	lw	s8,296(sp)
800020d4:	12412c83          	lw	s9,292(sp)
800020d8:	12012d03          	lw	s10,288(sp)
800020dc:	15010113          	addi	sp,sp,336
800020e0:	00008067          	ret
800020e4:	00d12423          	sw	a3,8(sp)
800020e8:	00174683          	lbu	a3,1(a4)
800020ec:	05500613          	li	a2,85
800020f0:	00040713          	mv	a4,s0
800020f4:	fdd68793          	addi	a5,a3,-35
800020f8:	0ff7f793          	zext.b	a5,a5
800020fc:	00170413          	addi	s0,a4,1
80002100:	f8f67ae3          	bgeu	a2,a5,80002094 <vprintfmt+0x94>
80002104:	00090593          	mv	a1,s2
80002108:	02500513          	li	a0,37
8000210c:	000980e7          	jalr	s3
80002110:	000a0413          	mv	s0,s4
80002114:	f45ff06f          	j	80002058 <vprintfmt+0x58>
80002118:	00174603          	lbu	a2,1(a4)
8000211c:	00900513          	li	a0,9
80002120:	fd068493          	addi	s1,a3,-48
80002124:	fd060793          	addi	a5,a2,-48
80002128:	00060693          	mv	a3,a2
8000212c:	00040713          	mv	a4,s0
80002130:	02f56663          	bltu	a0,a5,8000215c <vprintfmt+0x15c>
80002134:	00249793          	slli	a5,s1,0x2
80002138:	009787b3          	add	a5,a5,s1
8000213c:	00170713          	addi	a4,a4,1
80002140:	00179793          	slli	a5,a5,0x1
80002144:	00c787b3          	add	a5,a5,a2
80002148:	00074603          	lbu	a2,0(a4)
8000214c:	fd078493          	addi	s1,a5,-48
80002150:	fd060793          	addi	a5,a2,-48
80002154:	00060693          	mv	a3,a2
80002158:	fcf57ee3          	bgeu	a0,a5,80002134 <vprintfmt+0x134>
8000215c:	f20c52e3          	bgez	s8,80002080 <vprintfmt+0x80>
80002160:	00048c13          	mv	s8,s1
80002164:	fff00493          	li	s1,-1
80002168:	f19ff06f          	j	80002080 <vprintfmt+0x80>
8000216c:	00174683          	lbu	a3,1(a4)
80002170:	00040713          	mv	a4,s0
80002174:	f0dff06f          	j	80002080 <vprintfmt+0x80>
80002178:	00090593          	mv	a1,s2
8000217c:	02500513          	li	a0,37
80002180:	000980e7          	jalr	s3
80002184:	ed5ff06f          	j	80002058 <vprintfmt+0x58>
80002188:	00c12783          	lw	a5,12(sp)
8000218c:	00174683          	lbu	a3,1(a4)
80002190:	00040713          	mv	a4,s0
80002194:	0007a483          	lw	s1,0(a5)
80002198:	00478793          	addi	a5,a5,4
8000219c:	00f12623          	sw	a5,12(sp)
800021a0:	fbdff06f          	j	8000215c <vprintfmt+0x15c>
800021a4:	00090593          	mv	a1,s2
800021a8:	03000513          	li	a0,48
800021ac:	13612823          	sw	s6,304(sp)
800021b0:	000980e7          	jalr	s3
800021b4:	00090593          	mv	a1,s2
800021b8:	07800513          	li	a0,120
800021bc:	000980e7          	jalr	s3
800021c0:	00c12783          	lw	a5,12(sp)
800021c4:	01000b93          	li	s7,16
800021c8:	00000d13          	li	s10,0
800021cc:	00478713          	addi	a4,a5,4
800021d0:	00c12783          	lw	a5,12(sp)
800021d4:	00000c93          	li	s9,0
800021d8:	0007a483          	lw	s1,0(a5)
800021dc:	00e12623          	sw	a4,12(sp)
800021e0:	000b8613          	mv	a2,s7
800021e4:	00000693          	li	a3,0
800021e8:	00048513          	mv	a0,s1
800021ec:	000c8593          	mv	a1,s9
800021f0:	649000ef          	jal	80003038 <__umoddi3>
800021f4:	00a12823          	sw	a0,16(sp)
800021f8:	279d0863          	beq	s10,s9,80002468 <vprintfmt+0x468>
800021fc:	11b12e23          	sw	s11,284(sp)
80002200:	00100b13          	li	s6,1
80002204:	01410d93          	addi	s11,sp,20
80002208:	00048513          	mv	a0,s1
8000220c:	000c8593          	mv	a1,s9
80002210:	000b8613          	mv	a2,s7
80002214:	00000693          	li	a3,0
80002218:	1f5000ef          	jal	80002c0c <__udivdi3>
8000221c:	000b8613          	mv	a2,s7
80002220:	00000693          	li	a3,0
80002224:	00050493          	mv	s1,a0
80002228:	00058c93          	mv	s9,a1
8000222c:	60d000ef          	jal	80003038 <__umoddi3>
80002230:	00ada023          	sw	a0,0(s11)
80002234:	000b0a13          	mv	s4,s6
80002238:	004d8d93          	addi	s11,s11,4
8000223c:	001b0b13          	addi	s6,s6,1
80002240:	fd9d14e3          	bne	s10,s9,80002208 <vprintfmt+0x208>
80002244:	fd74f2e3          	bgeu	s1,s7,80002208 <vprintfmt+0x208>
80002248:	11c12d83          	lw	s11,284(sp)
8000224c:	fffc0b93          	addi	s7,s8,-1
80002250:	fffb0493          	addi	s1,s6,-1
80002254:	018b5c63          	bge	s6,s8,8000226c <vprintfmt+0x26c>
80002258:	00812503          	lw	a0,8(sp)
8000225c:	00090593          	mv	a1,s2
80002260:	fffb8b93          	addi	s7,s7,-1
80002264:	000980e7          	jalr	s3
80002268:	fe9b98e3          	bne	s7,s1,80002258 <vprintfmt+0x258>
8000226c:	002a1a13          	slli	s4,s4,0x2
80002270:	01010493          	addi	s1,sp,16
80002274:	01448a33          	add	s4,s1,s4
80002278:	00900b13          	li	s6,9
8000227c:	0080006f          	j	80002284 <vprintfmt+0x284>
80002280:	00078a13          	mv	s4,a5
80002284:	000a2783          	lw	a5,0(s4)
80002288:	03000513          	li	a0,48
8000228c:	00fb7463          	bgeu	s6,a5,80002294 <vprintfmt+0x294>
80002290:	05700513          	li	a0,87
80002294:	00a78533          	add	a0,a5,a0
80002298:	00090593          	mv	a1,s2
8000229c:	000980e7          	jalr	s3
800022a0:	ffca0793          	addi	a5,s4,-4
800022a4:	fd449ee3          	bne	s1,s4,80002280 <vprintfmt+0x280>
800022a8:	13012b03          	lw	s6,304(sp)
800022ac:	dadff06f          	j	80002058 <vprintfmt+0x58>
800022b0:	13612823          	sw	s6,304(sp)
800022b4:	00100793          	li	a5,1
800022b8:	1cb7c063          	blt	a5,a1,80002478 <vprintfmt+0x478>
800022bc:	00c12783          	lw	a5,12(sp)
800022c0:	0007a483          	lw	s1,0(a5)
800022c4:	00478793          	addi	a5,a5,4
800022c8:	00f12623          	sw	a5,12(sp)
800022cc:	41f4dc93          	srai	s9,s1,0x1f
800022d0:	020cd063          	bgez	s9,800022f0 <vprintfmt+0x2f0>
800022d4:	00090593          	mv	a1,s2
800022d8:	02d00513          	li	a0,45
800022dc:	000980e7          	jalr	s3
800022e0:	00903733          	snez	a4,s1
800022e4:	419007b3          	neg	a5,s9
800022e8:	40e78cb3          	sub	s9,a5,a4
800022ec:	409004b3          	neg	s1,s1
800022f0:	00a00b93          	li	s7,10
800022f4:	00000d13          	li	s10,0
800022f8:	ee9ff06f          	j	800021e0 <vprintfmt+0x1e0>
800022fc:	00174683          	lbu	a3,1(a4)
80002300:	00158593          	addi	a1,a1,1
80002304:	00040713          	mv	a4,s0
80002308:	d79ff06f          	j	80002080 <vprintfmt+0x80>
8000230c:	13612823          	sw	s6,304(sp)
80002310:	01000b93          	li	s7,16
80002314:	00000d13          	li	s10,0
80002318:	00100793          	li	a5,1
8000231c:	12b7c663          	blt	a5,a1,80002448 <vprintfmt+0x448>
80002320:	00c12783          	lw	a5,12(sp)
80002324:	00478713          	addi	a4,a5,4
80002328:	ea9ff06f          	j	800021d0 <vprintfmt+0x1d0>
8000232c:	00c12783          	lw	a5,12(sp)
80002330:	0007aa03          	lw	s4,0(a5)
80002334:	060a0a63          	beqz	s4,800023a8 <vprintfmt+0x3a8>
80002338:	0d805663          	blez	s8,80002404 <vprintfmt+0x404>
8000233c:	00812703          	lw	a4,8(sp)
80002340:	02d00793          	li	a5,45
80002344:	08f71063          	bne	a4,a5,800023c4 <vprintfmt+0x3c4>
80002348:	000a4503          	lbu	a0,0(s4)
8000234c:	02050c63          	beqz	a0,80002384 <vprintfmt+0x384>
80002350:	13612823          	sw	s6,304(sp)
80002354:	fff00b13          	li	s6,-1
80002358:	0004c663          	bltz	s1,80002364 <vprintfmt+0x364>
8000235c:	fff48493          	addi	s1,s1,-1
80002360:	01648e63          	beq	s1,s6,8000237c <vprintfmt+0x37c>
80002364:	00090593          	mv	a1,s2
80002368:	000980e7          	jalr	s3
8000236c:	001a4503          	lbu	a0,1(s4)
80002370:	001a0a13          	addi	s4,s4,1
80002374:	fffc0c13          	addi	s8,s8,-1
80002378:	fe0510e3          	bnez	a0,80002358 <vprintfmt+0x358>
8000237c:	13012b03          	lw	s6,304(sp)
80002380:	01805c63          	blez	s8,80002398 <vprintfmt+0x398>
80002384:	00090593          	mv	a1,s2
80002388:	02000513          	li	a0,32
8000238c:	fffc0c13          	addi	s8,s8,-1
80002390:	000980e7          	jalr	s3
80002394:	fe0c18e3          	bnez	s8,80002384 <vprintfmt+0x384>
80002398:	00c12783          	lw	a5,12(sp)
8000239c:	00478793          	addi	a5,a5,4
800023a0:	00f12623          	sw	a5,12(sp)
800023a4:	cb5ff06f          	j	80002058 <vprintfmt+0x58>
800023a8:	11805863          	blez	s8,800024b8 <vprintfmt+0x4b8>
800023ac:	00812703          	lw	a4,8(sp)
800023b0:	02d00793          	li	a5,45
800023b4:	00001a17          	auipc	s4,0x1
800023b8:	150a0a13          	addi	s4,s4,336 # 80003504 <main+0xec>
800023bc:	02800513          	li	a0,40
800023c0:	f8f708e3          	beq	a4,a5,80002350 <vprintfmt+0x350>
800023c4:	000a0793          	mv	a5,s4
800023c8:	009a06b3          	add	a3,s4,s1
800023cc:	00049863          	bnez	s1,800023dc <vprintfmt+0x3dc>
800023d0:	0200006f          	j	800023f0 <vprintfmt+0x3f0>
800023d4:	00178793          	addi	a5,a5,1
800023d8:	00d78663          	beq	a5,a3,800023e4 <vprintfmt+0x3e4>
800023dc:	0007c703          	lbu	a4,0(a5)
800023e0:	fe071ae3          	bnez	a4,800023d4 <vprintfmt+0x3d4>
800023e4:	414787b3          	sub	a5,a5,s4
800023e8:	40fc0c33          	sub	s8,s8,a5
800023ec:	01805c63          	blez	s8,80002404 <vprintfmt+0x404>
800023f0:	00812503          	lw	a0,8(sp)
800023f4:	00090593          	mv	a1,s2
800023f8:	fffc0c13          	addi	s8,s8,-1
800023fc:	000980e7          	jalr	s3
80002400:	fe0c18e3          	bnez	s8,800023f0 <vprintfmt+0x3f0>
80002404:	000a4503          	lbu	a0,0(s4)
80002408:	f80508e3          	beqz	a0,80002398 <vprintfmt+0x398>
8000240c:	13612823          	sw	s6,304(sp)
80002410:	f45ff06f          	j	80002354 <vprintfmt+0x354>
80002414:	fffc4793          	not	a5,s8
80002418:	41f7d793          	srai	a5,a5,0x1f
8000241c:	00174683          	lbu	a3,1(a4)
80002420:	00fc7c33          	and	s8,s8,a5
80002424:	00040713          	mv	a4,s0
80002428:	c59ff06f          	j	80002080 <vprintfmt+0x80>
8000242c:	00c12783          	lw	a5,12(sp)
80002430:	00090593          	mv	a1,s2
80002434:	0007a503          	lw	a0,0(a5)
80002438:	00478493          	addi	s1,a5,4
8000243c:	000980e7          	jalr	s3
80002440:	00912623          	sw	s1,12(sp)
80002444:	c15ff06f          	j	80002058 <vprintfmt+0x58>
80002448:	00c12783          	lw	a5,12(sp)
8000244c:	00778793          	addi	a5,a5,7
80002450:	ff87f793          	andi	a5,a5,-8
80002454:	00878713          	addi	a4,a5,8
80002458:	0007a483          	lw	s1,0(a5)
8000245c:	0047ac83          	lw	s9,4(a5)
80002460:	00e12623          	sw	a4,12(sp)
80002464:	d7dff06f          	j	800021e0 <vprintfmt+0x1e0>
80002468:	d974fae3          	bgeu	s1,s7,800021fc <vprintfmt+0x1fc>
8000246c:	00000a13          	li	s4,0
80002470:	00100b13          	li	s6,1
80002474:	dd9ff06f          	j	8000224c <vprintfmt+0x24c>
80002478:	00c12783          	lw	a5,12(sp)
8000247c:	00778793          	addi	a5,a5,7
80002480:	ff87f793          	andi	a5,a5,-8
80002484:	00878713          	addi	a4,a5,8
80002488:	0007a483          	lw	s1,0(a5)
8000248c:	0047ac83          	lw	s9,4(a5)
80002490:	00e12623          	sw	a4,12(sp)
80002494:	e3dff06f          	j	800022d0 <vprintfmt+0x2d0>
80002498:	13612823          	sw	s6,304(sp)
8000249c:	00a00b93          	li	s7,10
800024a0:	00000d13          	li	s10,0
800024a4:	e75ff06f          	j	80002318 <vprintfmt+0x318>
800024a8:	13612823          	sw	s6,304(sp)
800024ac:	00800b93          	li	s7,8
800024b0:	00000d13          	li	s10,0
800024b4:	e65ff06f          	j	80002318 <vprintfmt+0x318>
800024b8:	13612823          	sw	s6,304(sp)
800024bc:	00001a17          	auipc	s4,0x1
800024c0:	048a0a13          	addi	s4,s4,72 # 80003504 <main+0xec>
800024c4:	02800513          	li	a0,40
800024c8:	fff00b13          	li	s6,-1
800024cc:	e8dff06f          	j	80002358 <vprintfmt+0x358>

800024d0 <sprintf_putch.0>:
800024d0:	0005a783          	lw	a5,0(a1)
800024d4:	00a78023          	sb	a0,0(a5)
800024d8:	0005a783          	lw	a5,0(a1)
800024dc:	00178793          	addi	a5,a5,1
800024e0:	00f5a023          	sw	a5,0(a1)
800024e4:	00008067          	ret

800024e8 <putchar>:
800024e8:	04022783          	lw	a5,64(tp) # 40 <buflen.1>
800024ec:	00020713          	mv	a4,tp
800024f0:	f8010113          	addi	sp,sp,-128
800024f4:	00f70733          	add	a4,a4,a5
800024f8:	00178793          	addi	a5,a5,1
800024fc:	00a70023          	sb	a0,0(a4)
80002500:	04f22023          	sw	a5,64(tp) # 40 <buflen.1>
80002504:	00a00713          	li	a4,10
80002508:	03f10693          	addi	a3,sp,63
8000250c:	fc06f693          	andi	a3,a3,-64
80002510:	00e50c63          	beq	a0,a4,80002528 <putchar+0x40>
80002514:	04000713          	li	a4,64
80002518:	00e78863          	beq	a5,a4,80002528 <putchar+0x40>
8000251c:	00000513          	li	a0,0
80002520:	08010113          	addi	sp,sp,128
80002524:	00008067          	ret
80002528:	04000813          	li	a6,64
8000252c:	0106a023          	sw	a6,0(a3)
80002530:	00000893          	li	a7,0
80002534:	0116a223          	sw	a7,4(a3)
80002538:	00100e13          	li	t3,1
8000253c:	01c6a423          	sw	t3,8(a3)
80002540:	00000e93          	li	t4,0
80002544:	01d6a623          	sw	t4,12(a3)
80002548:	00020313          	mv	t1,tp
8000254c:	0066a823          	sw	t1,16(a3)
80002550:	00000393          	li	t2,0
80002554:	0076aa23          	sw	t2,20(a3)
80002558:	00f6ac23          	sw	a5,24(a3)
8000255c:	41f7d893          	srai	a7,a5,0x1f
80002560:	0116ae23          	sw	a7,28(a3)
80002564:	0330000f          	fence	rw,rw
80002568:	fffff617          	auipc	a2,0xfffff
8000256c:	a9860613          	addi	a2,a2,-1384 # 80001000 <tohost>
80002570:	00d62023          	sw	a3,0(a2)
80002574:	00000793          	li	a5,0
80002578:	00f62223          	sw	a5,4(a2)
8000257c:	fffff617          	auipc	a2,0xfffff
80002580:	ac460613          	addi	a2,a2,-1340 # 80001040 <fromhost>
80002584:	00062703          	lw	a4,0(a2)
80002588:	00462783          	lw	a5,4(a2)
8000258c:	00f76733          	or	a4,a4,a5
80002590:	fe070ae3          	beqz	a4,80002584 <putchar+0x9c>
80002594:	00000793          	li	a5,0
80002598:	00f62023          	sw	a5,0(a2)
8000259c:	00000813          	li	a6,0
800025a0:	01062223          	sw	a6,4(a2)
800025a4:	0330000f          	fence	rw,rw
800025a8:	04022023          	sw	zero,64(tp) # 40 <buflen.1>
800025ac:	0006a703          	lw	a4,0(a3)
800025b0:	00000513          	li	a0,0
800025b4:	0046a783          	lw	a5,4(a3)
800025b8:	08010113          	addi	sp,sp,128
800025bc:	00008067          	ret

800025c0 <setStats>:
800025c0:	b0002773          	csrr	a4,mcycle
800025c4:	00005797          	auipc	a5,0x5
800025c8:	0a078793          	addi	a5,a5,160 # 80007664 <counters>
800025cc:	00050a63          	beqz	a0,800025e0 <setStats+0x20>
800025d0:	00e7a023          	sw	a4,0(a5)
800025d4:	b0202773          	csrr	a4,minstret
800025d8:	00e7a223          	sw	a4,4(a5)
800025dc:	00008067          	ret
800025e0:	0007a583          	lw	a1,0(a5)
800025e4:	00005697          	auipc	a3,0x5
800025e8:	07868693          	addi	a3,a3,120 # 8000765c <counter_names>
800025ec:	00001617          	auipc	a2,0x1
800025f0:	f2460613          	addi	a2,a2,-220 # 80003510 <main+0xf8>
800025f4:	40b70733          	sub	a4,a4,a1
800025f8:	00e7a023          	sw	a4,0(a5)
800025fc:	00c6a023          	sw	a2,0(a3)
80002600:	b0202773          	csrr	a4,minstret
80002604:	0047a603          	lw	a2,4(a5)
80002608:	00001597          	auipc	a1,0x1
8000260c:	f1058593          	addi	a1,a1,-240 # 80003518 <main+0x100>
80002610:	00b6a223          	sw	a1,4(a3)
80002614:	40c70733          	sub	a4,a4,a2
80002618:	00e7a223          	sw	a4,4(a5)
8000261c:	00008067          	ret

80002620 <tohost_exit>:
80002620:	00151693          	slli	a3,a0,0x1
80002624:	0016e713          	ori	a4,a3,1
80002628:	fffff697          	auipc	a3,0xfffff
8000262c:	9d868693          	addi	a3,a3,-1576 # 80001000 <tohost>
80002630:	00000793          	li	a5,0
80002634:	00e6a023          	sw	a4,0(a3)
80002638:	00f6a223          	sw	a5,4(a3)
8000263c:	0000006f          	j	8000263c <tohost_exit+0x1c>

80002640 <handle_trap>:
80002640:	00001637          	lui	a2,0x1
80002644:	fffff797          	auipc	a5,0xfffff
80002648:	9bc78793          	addi	a5,a5,-1604 # 80001000 <tohost>
8000264c:	a7360613          	addi	a2,a2,-1421 # a73 <buflen.1+0xa33>
80002650:	00000693          	li	a3,0
80002654:	00c7a023          	sw	a2,0(a5)
80002658:	00d7a223          	sw	a3,4(a5)
8000265c:	0000006f          	j	8000265c <handle_trap+0x1c>

80002660 <exit>:
80002660:	ff010113          	addi	sp,sp,-16
80002664:	00112623          	sw	ra,12(sp)
80002668:	fb9ff0ef          	jal	80002620 <tohost_exit>

8000266c <abort>:
8000266c:	fffff797          	auipc	a5,0xfffff
80002670:	99478793          	addi	a5,a5,-1644 # 80001000 <tohost>
80002674:	10d00613          	li	a2,269
80002678:	00000693          	li	a3,0
8000267c:	00c7a023          	sw	a2,0(a5)
80002680:	00d7a223          	sw	a3,4(a5)
80002684:	0000006f          	j	80002684 <abort+0x18>

80002688 <printstr>:
80002688:	00054783          	lbu	a5,0(a0)
8000268c:	f8010113          	addi	sp,sp,-128
80002690:	03f10613          	addi	a2,sp,63
80002694:	00050813          	mv	a6,a0
80002698:	00000893          	li	a7,0
8000269c:	fc067613          	andi	a2,a2,-64
800026a0:	0a078063          	beqz	a5,80002740 <printstr+0xb8>
800026a4:	00050793          	mv	a5,a0
800026a8:	0017c703          	lbu	a4,1(a5)
800026ac:	00178793          	addi	a5,a5,1
800026b0:	fe071ce3          	bnez	a4,800026a8 <printstr+0x20>
800026b4:	40a78333          	sub	t1,a5,a0
800026b8:	00000393          	li	t2,0
800026bc:	04000713          	li	a4,64
800026c0:	00e62023          	sw	a4,0(a2)
800026c4:	00000793          	li	a5,0
800026c8:	00f62223          	sw	a5,4(a2)
800026cc:	00100713          	li	a4,1
800026d0:	00e62423          	sw	a4,8(a2)
800026d4:	00000793          	li	a5,0
800026d8:	00f62623          	sw	a5,12(a2)
800026dc:	01062823          	sw	a6,16(a2)
800026e0:	01162a23          	sw	a7,20(a2)
800026e4:	00662c23          	sw	t1,24(a2)
800026e8:	00762e23          	sw	t2,28(a2)
800026ec:	0330000f          	fence	rw,rw
800026f0:	fffff697          	auipc	a3,0xfffff
800026f4:	91068693          	addi	a3,a3,-1776 # 80001000 <tohost>
800026f8:	00c6a023          	sw	a2,0(a3)
800026fc:	00000793          	li	a5,0
80002700:	00f6a223          	sw	a5,4(a3)
80002704:	fffff697          	auipc	a3,0xfffff
80002708:	93c68693          	addi	a3,a3,-1732 # 80001040 <fromhost>
8000270c:	0006a703          	lw	a4,0(a3)
80002710:	0046a783          	lw	a5,4(a3)
80002714:	00f76733          	or	a4,a4,a5
80002718:	fe070ae3          	beqz	a4,8000270c <printstr+0x84>
8000271c:	00000793          	li	a5,0
80002720:	00f6a023          	sw	a5,0(a3)
80002724:	00000813          	li	a6,0
80002728:	0106a223          	sw	a6,4(a3)
8000272c:	0330000f          	fence	rw,rw
80002730:	00062703          	lw	a4,0(a2)
80002734:	00462783          	lw	a5,4(a2)
80002738:	08010113          	addi	sp,sp,128
8000273c:	00008067          	ret
80002740:	00000313          	li	t1,0
80002744:	00000393          	li	t2,0
80002748:	f75ff06f          	j	800026bc <printstr+0x34>

8000274c <thread_entry>:
8000274c:	00051463          	bnez	a0,80002754 <thread_entry+0x8>
80002750:	00008067          	ret
80002754:	0000006f          	j	80002754 <thread_entry+0x8>

80002758 <printhex>:
80002758:	fd010113          	addi	sp,sp,-48
8000275c:	00050713          	mv	a4,a0
80002760:	02112623          	sw	ra,44(sp)
80002764:	00c10513          	addi	a0,sp,12
80002768:	01b10613          	addi	a2,sp,27
8000276c:	00900813          	li	a6,9
80002770:	0080006f          	j	80002778 <printhex+0x20>
80002774:	00078613          	mv	a2,a5
80002778:	00f77793          	andi	a5,a4,15
8000277c:	00f837b3          	sltu	a5,a6,a5
80002780:	40f007b3          	neg	a5,a5
80002784:	0277f793          	andi	a5,a5,39
80002788:	00f77693          	andi	a3,a4,15
8000278c:	03078793          	addi	a5,a5,48
80002790:	00f687b3          	add	a5,a3,a5
80002794:	00f60023          	sb	a5,0(a2)
80002798:	00475713          	srli	a4,a4,0x4
8000279c:	01c59793          	slli	a5,a1,0x1c
800027a0:	00e7e733          	or	a4,a5,a4
800027a4:	0045d593          	srli	a1,a1,0x4
800027a8:	fff60793          	addi	a5,a2,-1
800027ac:	fcc514e3          	bne	a0,a2,80002774 <printhex+0x1c>
800027b0:	00010e23          	sb	zero,28(sp)
800027b4:	ed5ff0ef          	jal	80002688 <printstr>
800027b8:	02c12083          	lw	ra,44(sp)
800027bc:	03010113          	addi	sp,sp,48
800027c0:	00008067          	ret

800027c4 <printf>:
800027c4:	fc010113          	addi	sp,sp,-64
800027c8:	02410313          	addi	t1,sp,36
800027cc:	02b12223          	sw	a1,36(sp)
800027d0:	02c12423          	sw	a2,40(sp)
800027d4:	02d12623          	sw	a3,44(sp)
800027d8:	00050613          	mv	a2,a0
800027dc:	00030693          	mv	a3,t1
800027e0:	00000517          	auipc	a0,0x0
800027e4:	d0850513          	addi	a0,a0,-760 # 800024e8 <putchar>
800027e8:	00000593          	li	a1,0
800027ec:	00112e23          	sw	ra,28(sp)
800027f0:	02e12823          	sw	a4,48(sp)
800027f4:	02f12a23          	sw	a5,52(sp)
800027f8:	03012c23          	sw	a6,56(sp)
800027fc:	03112e23          	sw	a7,60(sp)
80002800:	00612623          	sw	t1,12(sp)
80002804:	ffcff0ef          	jal	80002000 <vprintfmt>
80002808:	01c12083          	lw	ra,28(sp)
8000280c:	00000513          	li	a0,0
80002810:	04010113          	addi	sp,sp,64
80002814:	00008067          	ret

80002818 <sprintf>:
80002818:	fb010113          	addi	sp,sp,-80
8000281c:	03810313          	addi	t1,sp,56
80002820:	02812423          	sw	s0,40(sp)
80002824:	00a12623          	sw	a0,12(sp)
80002828:	02c12c23          	sw	a2,56(sp)
8000282c:	02d12e23          	sw	a3,60(sp)
80002830:	00050413          	mv	s0,a0
80002834:	00058613          	mv	a2,a1
80002838:	00000517          	auipc	a0,0x0
8000283c:	c9850513          	addi	a0,a0,-872 # 800024d0 <sprintf_putch.0>
80002840:	00c10593          	addi	a1,sp,12
80002844:	00030693          	mv	a3,t1
80002848:	02112623          	sw	ra,44(sp)
8000284c:	04f12223          	sw	a5,68(sp)
80002850:	04e12023          	sw	a4,64(sp)
80002854:	05012423          	sw	a6,72(sp)
80002858:	05112623          	sw	a7,76(sp)
8000285c:	00612e23          	sw	t1,28(sp)
80002860:	fa0ff0ef          	jal	80002000 <vprintfmt>
80002864:	00c12783          	lw	a5,12(sp)
80002868:	00078023          	sb	zero,0(a5)
8000286c:	00c12503          	lw	a0,12(sp)
80002870:	02c12083          	lw	ra,44(sp)
80002874:	40850533          	sub	a0,a0,s0
80002878:	02812403          	lw	s0,40(sp)
8000287c:	05010113          	addi	sp,sp,80
80002880:	00008067          	ret

80002884 <memcpy>:
80002884:	00c5e7b3          	or	a5,a1,a2
80002888:	00f567b3          	or	a5,a0,a5
8000288c:	0037f793          	andi	a5,a5,3
80002890:	00058393          	mv	t2,a1
80002894:	00c506b3          	add	a3,a0,a2
80002898:	02078463          	beqz	a5,800028c0 <memcpy+0x3c>
8000289c:	00c58633          	add	a2,a1,a2
800028a0:	00050793          	mv	a5,a0
800028a4:	0ad57263          	bgeu	a0,a3,80002948 <memcpy+0xc4>
800028a8:	0005c703          	lbu	a4,0(a1)
800028ac:	00158593          	addi	a1,a1,1
800028b0:	00178793          	addi	a5,a5,1
800028b4:	fee78fa3          	sb	a4,-1(a5)
800028b8:	fec598e3          	bne	a1,a2,800028a8 <memcpy+0x24>
800028bc:	00008067          	ret
800028c0:	02050713          	addi	a4,a0,32
800028c4:	08d77463          	bgeu	a4,a3,8000294c <memcpy+0xc8>
800028c8:	00070793          	mv	a5,a4
800028cc:	0005a283          	lw	t0,0(a1)
800028d0:	0045af83          	lw	t6,4(a1)
800028d4:	0085af03          	lw	t5,8(a1)
800028d8:	00c5ae83          	lw	t4,12(a1)
800028dc:	0105ae03          	lw	t3,16(a1)
800028e0:	0145a303          	lw	t1,20(a1)
800028e4:	0185a883          	lw	a7,24(a1)
800028e8:	01c5a803          	lw	a6,28(a1)
800028ec:	02078793          	addi	a5,a5,32
800028f0:	fc57a023          	sw	t0,-64(a5)
800028f4:	fdf7a223          	sw	t6,-60(a5)
800028f8:	fde7a423          	sw	t5,-56(a5)
800028fc:	fdd7a623          	sw	t4,-52(a5)
80002900:	fdc7a823          	sw	t3,-48(a5)
80002904:	fc67aa23          	sw	t1,-44(a5)
80002908:	fd17ac23          	sw	a7,-40(a5)
8000290c:	fd07ae23          	sw	a6,-36(a5)
80002910:	02058593          	addi	a1,a1,32
80002914:	fad7ece3          	bltu	a5,a3,800028cc <memcpy+0x48>
80002918:	fdf60613          	addi	a2,a2,-33
8000291c:	fe067613          	andi	a2,a2,-32
80002920:	02038393          	addi	t2,t2,32
80002924:	00c707b3          	add	a5,a4,a2
80002928:	00c385b3          	add	a1,t2,a2
8000292c:	f8d7f8e3          	bgeu	a5,a3,800028bc <memcpy+0x38>
80002930:	0005a703          	lw	a4,0(a1)
80002934:	00478793          	addi	a5,a5,4
80002938:	00458593          	addi	a1,a1,4
8000293c:	fee7ae23          	sw	a4,-4(a5)
80002940:	fed7e8e3          	bltu	a5,a3,80002930 <memcpy+0xac>
80002944:	00008067          	ret
80002948:	00008067          	ret
8000294c:	00050793          	mv	a5,a0
80002950:	fddff06f          	j	8000292c <memcpy+0xa8>

80002954 <memset>:
80002954:	ff010113          	addi	sp,sp,-16
80002958:	00c567b3          	or	a5,a0,a2
8000295c:	00812423          	sw	s0,8(sp)
80002960:	00112623          	sw	ra,12(sp)
80002964:	0037f793          	andi	a5,a5,3
80002968:	00050413          	mv	s0,a0
8000296c:	00c50733          	add	a4,a0,a2
80002970:	02078263          	beqz	a5,80002994 <memset+0x40>
80002974:	00e57663          	bgeu	a0,a4,80002980 <memset+0x2c>
80002978:	0ff5f593          	zext.b	a1,a1
8000297c:	fd9ff0ef          	jal	80002954 <memset>
80002980:	00c12083          	lw	ra,12(sp)
80002984:	00040513          	mv	a0,s0
80002988:	00812403          	lw	s0,8(sp)
8000298c:	01010113          	addi	sp,sp,16
80002990:	00008067          	ret
80002994:	0ff5f593          	zext.b	a1,a1
80002998:	00859693          	slli	a3,a1,0x8
8000299c:	00b686b3          	add	a3,a3,a1
800029a0:	01069793          	slli	a5,a3,0x10
800029a4:	00f686b3          	add	a3,a3,a5
800029a8:	fce57ce3          	bgeu	a0,a4,80002980 <memset+0x2c>
800029ac:	00050793          	mv	a5,a0
800029b0:	00478793          	addi	a5,a5,4
800029b4:	fed7ae23          	sw	a3,-4(a5)
800029b8:	fee7ece3          	bltu	a5,a4,800029b0 <memset+0x5c>
800029bc:	00c12083          	lw	ra,12(sp)
800029c0:	00040513          	mv	a0,s0
800029c4:	00812403          	lw	s0,8(sp)
800029c8:	01010113          	addi	sp,sp,16
800029cc:	00008067          	ret

800029d0 <_init>:
800029d0:	f6010113          	addi	sp,sp,-160
800029d4:	00005797          	auipc	a5,0x5
800029d8:	c9878793          	addi	a5,a5,-872 # 8000766c <_tdata_begin>
800029dc:	09312623          	sw	s3,140(sp)
800029e0:	00005997          	auipc	s3,0x5
800029e4:	c8c98993          	addi	s3,s3,-884 # 8000766c <_tdata_begin>
800029e8:	09412423          	sw	s4,136(sp)
800029ec:	40f98a33          	sub	s4,s3,a5
800029f0:	08912a23          	sw	s1,148(sp)
800029f4:	09212823          	sw	s2,144(sp)
800029f8:	00050493          	mv	s1,a0
800029fc:	00058913          	mv	s2,a1
80002a00:	00020513          	mv	a0,tp
80002a04:	00078593          	mv	a1,a5
80002a08:	000a0613          	mv	a2,s4
80002a0c:	08112e23          	sw	ra,156(sp)
80002a10:	08812c23          	sw	s0,152(sp)
80002a14:	09512223          	sw	s5,132(sp)
80002a18:	00020a93          	mv	s5,tp
80002a1c:	e69ff0ef          	jal	80002884 <memcpy>
80002a20:	86818613          	addi	a2,gp,-1944 # 800076c4 <_tbss_end>
80002a24:	41360633          	sub	a2,a2,s3
80002a28:	00000593          	li	a1,0
80002a2c:	014a8533          	add	a0,s5,s4
80002a30:	f25ff0ef          	jal	80002954 <memset>
80002a34:	00090593          	mv	a1,s2
80002a38:	00048513          	mv	a0,s1
80002a3c:	d11ff0ef          	jal	8000274c <thread_entry>
80002a40:	00000593          	li	a1,0
80002a44:	00000513          	li	a0,0
80002a48:	1d1000ef          	jal	80003418 <main>
80002a4c:	00005917          	auipc	s2,0x5
80002a50:	c1890913          	addi	s2,s2,-1000 # 80007664 <counters>
80002a54:	00092683          	lw	a3,0(s2)
80002a58:	03f10413          	addi	s0,sp,63
80002a5c:	fc047413          	andi	s0,s0,-64
80002a60:	00050493          	mv	s1,a0
80002a64:	04069463          	bnez	a3,80002aac <_init+0xdc>
80002a68:	00492683          	lw	a3,4(s2)
80002a6c:	00069663          	bnez	a3,80002a78 <_init+0xa8>
80002a70:	00048513          	mv	a0,s1
80002a74:	badff0ef          	jal	80002620 <tohost_exit>
80002a78:	00040913          	mv	s2,s0
80002a7c:	00005997          	auipc	s3,0x5
80002a80:	be098993          	addi	s3,s3,-1056 # 8000765c <counter_names>
80002a84:	0049a603          	lw	a2,4(s3)
80002a88:	00090513          	mv	a0,s2
80002a8c:	00001597          	auipc	a1,0x1
80002a90:	ab058593          	addi	a1,a1,-1360 # 8000353c <main+0x124>
80002a94:	d85ff0ef          	jal	80002818 <sprintf>
80002a98:	00a90933          	add	s2,s2,a0
80002a9c:	fd240ae3          	beq	s0,s2,80002a70 <_init+0xa0>
80002aa0:	00040513          	mv	a0,s0
80002aa4:	be5ff0ef          	jal	80002688 <printstr>
80002aa8:	fc9ff06f          	j	80002a70 <_init+0xa0>
80002aac:	00005997          	auipc	s3,0x5
80002ab0:	bb098993          	addi	s3,s3,-1104 # 8000765c <counter_names>
80002ab4:	0009a603          	lw	a2,0(s3)
80002ab8:	00001597          	auipc	a1,0x1
80002abc:	a8458593          	addi	a1,a1,-1404 # 8000353c <main+0x124>
80002ac0:	00040513          	mv	a0,s0
80002ac4:	d55ff0ef          	jal	80002818 <sprintf>
80002ac8:	00492683          	lw	a3,4(s2)
80002acc:	00a40933          	add	s2,s0,a0
80002ad0:	fc0686e3          	beqz	a3,80002a9c <_init+0xcc>
80002ad4:	fb1ff06f          	j	80002a84 <_init+0xb4>

80002ad8 <strlen>:
80002ad8:	00054783          	lbu	a5,0(a0)
80002adc:	00078e63          	beqz	a5,80002af8 <strlen+0x20>
80002ae0:	00050793          	mv	a5,a0
80002ae4:	0017c703          	lbu	a4,1(a5)
80002ae8:	00178793          	addi	a5,a5,1
80002aec:	fe071ce3          	bnez	a4,80002ae4 <strlen+0xc>
80002af0:	40a78533          	sub	a0,a5,a0
80002af4:	00008067          	ret
80002af8:	00000513          	li	a0,0
80002afc:	00008067          	ret

80002b00 <strnlen>:
80002b00:	00b506b3          	add	a3,a0,a1
80002b04:	00050793          	mv	a5,a0
80002b08:	00059863          	bnez	a1,80002b18 <strnlen+0x18>
80002b0c:	01c0006f          	j	80002b28 <strnlen+0x28>
80002b10:	00178793          	addi	a5,a5,1
80002b14:	00d78663          	beq	a5,a3,80002b20 <strnlen+0x20>
80002b18:	0007c703          	lbu	a4,0(a5)
80002b1c:	fe071ae3          	bnez	a4,80002b10 <strnlen+0x10>
80002b20:	40a78533          	sub	a0,a5,a0
80002b24:	00008067          	ret
80002b28:	00000513          	li	a0,0
80002b2c:	00008067          	ret

80002b30 <strcmp>:
80002b30:	00054783          	lbu	a5,0(a0)
80002b34:	00150513          	addi	a0,a0,1
80002b38:	00158593          	addi	a1,a1,1
80002b3c:	fff5c703          	lbu	a4,-1(a1)
80002b40:	00078863          	beqz	a5,80002b50 <strcmp+0x20>
80002b44:	fee786e3          	beq	a5,a4,80002b30 <strcmp>
80002b48:	40e78533          	sub	a0,a5,a4
80002b4c:	00008067          	ret
80002b50:	00000793          	li	a5,0
80002b54:	ff5ff06f          	j	80002b48 <strcmp+0x18>

80002b58 <strcpy>:
80002b58:	00050793          	mv	a5,a0
80002b5c:	0005c703          	lbu	a4,0(a1)
80002b60:	00158593          	addi	a1,a1,1
80002b64:	00178793          	addi	a5,a5,1
80002b68:	fee78fa3          	sb	a4,-1(a5)
80002b6c:	fe0718e3          	bnez	a4,80002b5c <strcpy+0x4>
80002b70:	00008067          	ret

80002b74 <atol>:
80002b74:	00054703          	lbu	a4,0(a0)
80002b78:	02000693          	li	a3,32
80002b7c:	00050793          	mv	a5,a0
80002b80:	00d71a63          	bne	a4,a3,80002b94 <atol+0x20>
80002b84:	00070693          	mv	a3,a4
80002b88:	0017c703          	lbu	a4,1(a5)
80002b8c:	00178793          	addi	a5,a5,1
80002b90:	fed70ce3          	beq	a4,a3,80002b88 <atol+0x14>
80002b94:	02d00693          	li	a3,45
80002b98:	04d70e63          	beq	a4,a3,80002bf4 <atol+0x80>
80002b9c:	02b00693          	li	a3,43
80002ba0:	04d70063          	beq	a4,a3,80002be0 <atol+0x6c>
80002ba4:	0007c683          	lbu	a3,0(a5)
80002ba8:	00000593          	li	a1,0
80002bac:	04068c63          	beqz	a3,80002c04 <atol+0x90>
80002bb0:	00000513          	li	a0,0
80002bb4:	00178793          	addi	a5,a5,1
80002bb8:	fd068613          	addi	a2,a3,-48
80002bbc:	00251713          	slli	a4,a0,0x2
80002bc0:	0007c683          	lbu	a3,0(a5)
80002bc4:	00a70733          	add	a4,a4,a0
80002bc8:	00171713          	slli	a4,a4,0x1
80002bcc:	00e60533          	add	a0,a2,a4
80002bd0:	fe0692e3          	bnez	a3,80002bb4 <atol+0x40>
80002bd4:	02058a63          	beqz	a1,80002c08 <atol+0x94>
80002bd8:	40a00533          	neg	a0,a0
80002bdc:	00008067          	ret
80002be0:	0017c683          	lbu	a3,1(a5)
80002be4:	00178793          	addi	a5,a5,1
80002be8:	00068e63          	beqz	a3,80002c04 <atol+0x90>
80002bec:	00000593          	li	a1,0
80002bf0:	fc1ff06f          	j	80002bb0 <atol+0x3c>
80002bf4:	0017c683          	lbu	a3,1(a5)
80002bf8:	00100593          	li	a1,1
80002bfc:	00b787b3          	add	a5,a5,a1
80002c00:	fa0698e3          	bnez	a3,80002bb0 <atol+0x3c>
80002c04:	00000513          	li	a0,0
80002c08:	00008067          	ret

80002c0c <__udivdi3>:
80002c0c:	00050893          	mv	a7,a0
80002c10:	00058313          	mv	t1,a1
80002c14:	00060713          	mv	a4,a2
80002c18:	00050813          	mv	a6,a0
80002c1c:	00058793          	mv	a5,a1
80002c20:	28069263          	bnez	a3,80002ea4 <__udivdi3+0x298>
80002c24:	800035b7          	lui	a1,0x80003
80002c28:	6a058593          	addi	a1,a1,1696 # 800036a0 <__clz_tab>
80002c2c:	0ec37663          	bgeu	t1,a2,80002d18 <__udivdi3+0x10c>
80002c30:	000106b7          	lui	a3,0x10
80002c34:	0cd67863          	bgeu	a2,a3,80002d04 <__udivdi3+0xf8>
80002c38:	10063693          	sltiu	a3,a2,256
80002c3c:	0016b693          	seqz	a3,a3
80002c40:	00369693          	slli	a3,a3,0x3
80002c44:	00d65533          	srl	a0,a2,a3
80002c48:	00a585b3          	add	a1,a1,a0
80002c4c:	0005c583          	lbu	a1,0(a1)
80002c50:	02000513          	li	a0,32
80002c54:	00d586b3          	add	a3,a1,a3
80002c58:	40d505b3          	sub	a1,a0,a3
80002c5c:	00d50c63          	beq	a0,a3,80002c74 <__udivdi3+0x68>
80002c60:	00b317b3          	sll	a5,t1,a1
80002c64:	00d8d6b3          	srl	a3,a7,a3
80002c68:	00b61733          	sll	a4,a2,a1
80002c6c:	00f6e7b3          	or	a5,a3,a5
80002c70:	00b89833          	sll	a6,a7,a1
80002c74:	01075593          	srli	a1,a4,0x10
80002c78:	02b7d333          	divu	t1,a5,a1
80002c7c:	01071613          	slli	a2,a4,0x10
80002c80:	01065613          	srli	a2,a2,0x10
80002c84:	02b7f7b3          	remu	a5,a5,a1
80002c88:	00030513          	mv	a0,t1
80002c8c:	026608b3          	mul	a7,a2,t1
80002c90:	01079693          	slli	a3,a5,0x10
80002c94:	01085793          	srli	a5,a6,0x10
80002c98:	00d7e7b3          	or	a5,a5,a3
80002c9c:	0117fe63          	bgeu	a5,a7,80002cb8 <__udivdi3+0xac>
80002ca0:	00f707b3          	add	a5,a4,a5
80002ca4:	fff30513          	addi	a0,t1,-1
80002ca8:	00e7e863          	bltu	a5,a4,80002cb8 <__udivdi3+0xac>
80002cac:	0117f663          	bgeu	a5,a7,80002cb8 <__udivdi3+0xac>
80002cb0:	ffe30513          	addi	a0,t1,-2
80002cb4:	00e787b3          	add	a5,a5,a4
80002cb8:	411787b3          	sub	a5,a5,a7
80002cbc:	02b7d8b3          	divu	a7,a5,a1
80002cc0:	01081813          	slli	a6,a6,0x10
80002cc4:	01085813          	srli	a6,a6,0x10
80002cc8:	02b7f7b3          	remu	a5,a5,a1
80002ccc:	031606b3          	mul	a3,a2,a7
80002cd0:	01079793          	slli	a5,a5,0x10
80002cd4:	00f86833          	or	a6,a6,a5
80002cd8:	00088793          	mv	a5,a7
80002cdc:	00d87c63          	bgeu	a6,a3,80002cf4 <__udivdi3+0xe8>
80002ce0:	01070833          	add	a6,a4,a6
80002ce4:	fff88793          	addi	a5,a7,-1
80002ce8:	00e86663          	bltu	a6,a4,80002cf4 <__udivdi3+0xe8>
80002cec:	00d87463          	bgeu	a6,a3,80002cf4 <__udivdi3+0xe8>
80002cf0:	ffe88793          	addi	a5,a7,-2
80002cf4:	01051513          	slli	a0,a0,0x10
80002cf8:	00f56533          	or	a0,a0,a5
80002cfc:	00000593          	li	a1,0
80002d00:	00008067          	ret
80002d04:	01000537          	lui	a0,0x1000
80002d08:	01800693          	li	a3,24
80002d0c:	f2a67ce3          	bgeu	a2,a0,80002c44 <__udivdi3+0x38>
80002d10:	01000693          	li	a3,16
80002d14:	f31ff06f          	j	80002c44 <__udivdi3+0x38>
80002d18:	00000693          	li	a3,0
80002d1c:	00060c63          	beqz	a2,80002d34 <__udivdi3+0x128>
80002d20:	000107b7          	lui	a5,0x10
80002d24:	0cf67063          	bgeu	a2,a5,80002de4 <__udivdi3+0x1d8>
80002d28:	10063693          	sltiu	a3,a2,256
80002d2c:	0016b693          	seqz	a3,a3
80002d30:	00369693          	slli	a3,a3,0x3
80002d34:	00d657b3          	srl	a5,a2,a3
80002d38:	00f585b3          	add	a1,a1,a5
80002d3c:	0005c783          	lbu	a5,0(a1)
80002d40:	00d787b3          	add	a5,a5,a3
80002d44:	02000693          	li	a3,32
80002d48:	40f685b3          	sub	a1,a3,a5
80002d4c:	0af69663          	bne	a3,a5,80002df8 <__udivdi3+0x1ec>
80002d50:	40c307b3          	sub	a5,t1,a2
80002d54:	00100593          	li	a1,1
80002d58:	01075893          	srli	a7,a4,0x10
80002d5c:	0317de33          	divu	t3,a5,a7
80002d60:	01071613          	slli	a2,a4,0x10
80002d64:	01065613          	srli	a2,a2,0x10
80002d68:	01085693          	srli	a3,a6,0x10
80002d6c:	0317f7b3          	remu	a5,a5,a7
80002d70:	000e0513          	mv	a0,t3
80002d74:	03c60333          	mul	t1,a2,t3
80002d78:	01079793          	slli	a5,a5,0x10
80002d7c:	00f6e7b3          	or	a5,a3,a5
80002d80:	0067fe63          	bgeu	a5,t1,80002d9c <__udivdi3+0x190>
80002d84:	00f707b3          	add	a5,a4,a5
80002d88:	fffe0513          	addi	a0,t3,-1
80002d8c:	00e7e863          	bltu	a5,a4,80002d9c <__udivdi3+0x190>
80002d90:	0067f663          	bgeu	a5,t1,80002d9c <__udivdi3+0x190>
80002d94:	ffee0513          	addi	a0,t3,-2
80002d98:	00e787b3          	add	a5,a5,a4
80002d9c:	406787b3          	sub	a5,a5,t1
80002da0:	0317d333          	divu	t1,a5,a7
80002da4:	01081813          	slli	a6,a6,0x10
80002da8:	01085813          	srli	a6,a6,0x10
80002dac:	0317f7b3          	remu	a5,a5,a7
80002db0:	026606b3          	mul	a3,a2,t1
80002db4:	01079793          	slli	a5,a5,0x10
80002db8:	00f86833          	or	a6,a6,a5
80002dbc:	00030793          	mv	a5,t1
80002dc0:	00d87c63          	bgeu	a6,a3,80002dd8 <__udivdi3+0x1cc>
80002dc4:	01070833          	add	a6,a4,a6
80002dc8:	fff30793          	addi	a5,t1,-1
80002dcc:	00e86663          	bltu	a6,a4,80002dd8 <__udivdi3+0x1cc>
80002dd0:	00d87463          	bgeu	a6,a3,80002dd8 <__udivdi3+0x1cc>
80002dd4:	ffe30793          	addi	a5,t1,-2
80002dd8:	01051513          	slli	a0,a0,0x10
80002ddc:	00f56533          	or	a0,a0,a5
80002de0:	00008067          	ret
80002de4:	010007b7          	lui	a5,0x1000
80002de8:	01800693          	li	a3,24
80002dec:	f4f674e3          	bgeu	a2,a5,80002d34 <__udivdi3+0x128>
80002df0:	01000693          	li	a3,16
80002df4:	f41ff06f          	j	80002d34 <__udivdi3+0x128>
80002df8:	00b61733          	sll	a4,a2,a1
80002dfc:	00f356b3          	srl	a3,t1,a5
80002e00:	01075513          	srli	a0,a4,0x10
80002e04:	00b31333          	sll	t1,t1,a1
80002e08:	00f8d7b3          	srl	a5,a7,a5
80002e0c:	0067e7b3          	or	a5,a5,t1
80002e10:	02a6d333          	divu	t1,a3,a0
80002e14:	01071613          	slli	a2,a4,0x10
80002e18:	01065613          	srli	a2,a2,0x10
80002e1c:	00b89833          	sll	a6,a7,a1
80002e20:	02a6f6b3          	remu	a3,a3,a0
80002e24:	026608b3          	mul	a7,a2,t1
80002e28:	01069593          	slli	a1,a3,0x10
80002e2c:	0107d693          	srli	a3,a5,0x10
80002e30:	00b6e6b3          	or	a3,a3,a1
80002e34:	00030593          	mv	a1,t1
80002e38:	0116fe63          	bgeu	a3,a7,80002e54 <__udivdi3+0x248>
80002e3c:	00d706b3          	add	a3,a4,a3
80002e40:	fff30593          	addi	a1,t1,-1
80002e44:	00e6e863          	bltu	a3,a4,80002e54 <__udivdi3+0x248>
80002e48:	0116f663          	bgeu	a3,a7,80002e54 <__udivdi3+0x248>
80002e4c:	ffe30593          	addi	a1,t1,-2
80002e50:	00e686b3          	add	a3,a3,a4
80002e54:	411686b3          	sub	a3,a3,a7
80002e58:	02a6d8b3          	divu	a7,a3,a0
80002e5c:	01079793          	slli	a5,a5,0x10
80002e60:	0107d793          	srli	a5,a5,0x10
80002e64:	02a6f6b3          	remu	a3,a3,a0
80002e68:	03160633          	mul	a2,a2,a7
80002e6c:	01069693          	slli	a3,a3,0x10
80002e70:	00d7e7b3          	or	a5,a5,a3
80002e74:	00088693          	mv	a3,a7
80002e78:	00c7fe63          	bgeu	a5,a2,80002e94 <__udivdi3+0x288>
80002e7c:	00f707b3          	add	a5,a4,a5
80002e80:	fff88693          	addi	a3,a7,-1
80002e84:	00e7e863          	bltu	a5,a4,80002e94 <__udivdi3+0x288>
80002e88:	00c7f663          	bgeu	a5,a2,80002e94 <__udivdi3+0x288>
80002e8c:	ffe88693          	addi	a3,a7,-2
80002e90:	00e787b3          	add	a5,a5,a4
80002e94:	01059593          	slli	a1,a1,0x10
80002e98:	40c787b3          	sub	a5,a5,a2
80002e9c:	00d5e5b3          	or	a1,a1,a3
80002ea0:	eb9ff06f          	j	80002d58 <__udivdi3+0x14c>
80002ea4:	18d5e463          	bltu	a1,a3,8000302c <__udivdi3+0x420>
80002ea8:	000107b7          	lui	a5,0x10
80002eac:	04f6f463          	bgeu	a3,a5,80002ef4 <__udivdi3+0x2e8>
80002eb0:	1006b793          	sltiu	a5,a3,256
80002eb4:	0017b793          	seqz	a5,a5
80002eb8:	00379793          	slli	a5,a5,0x3
80002ebc:	80003737          	lui	a4,0x80003
80002ec0:	00f6d5b3          	srl	a1,a3,a5
80002ec4:	6a070713          	addi	a4,a4,1696 # 800036a0 <__clz_tab>
80002ec8:	00b70733          	add	a4,a4,a1
80002ecc:	00074703          	lbu	a4,0(a4)
80002ed0:	00f70733          	add	a4,a4,a5
80002ed4:	02000793          	li	a5,32
80002ed8:	40e785b3          	sub	a1,a5,a4
80002edc:	02e79663          	bne	a5,a4,80002f08 <__udivdi3+0x2fc>
80002ee0:	00100513          	li	a0,1
80002ee4:	e066eee3          	bltu	a3,t1,80002d00 <__udivdi3+0xf4>
80002ee8:	00c8b533          	sltu	a0,a7,a2
80002eec:	00153513          	seqz	a0,a0
80002ef0:	00008067          	ret
80002ef4:	01000737          	lui	a4,0x1000
80002ef8:	01800793          	li	a5,24
80002efc:	fce6f0e3          	bgeu	a3,a4,80002ebc <__udivdi3+0x2b0>
80002f00:	01000793          	li	a5,16
80002f04:	fb9ff06f          	j	80002ebc <__udivdi3+0x2b0>
80002f08:	00e65533          	srl	a0,a2,a4
80002f0c:	00b696b3          	sll	a3,a3,a1
80002f10:	00e357b3          	srl	a5,t1,a4
80002f14:	00d56533          	or	a0,a0,a3
80002f18:	00b31333          	sll	t1,t1,a1
80002f1c:	00e8d733          	srl	a4,a7,a4
80002f20:	00676733          	or	a4,a4,t1
80002f24:	01055313          	srli	t1,a0,0x10
80002f28:	0267deb3          	divu	t4,a5,t1
80002f2c:	01051813          	slli	a6,a0,0x10
80002f30:	01085813          	srli	a6,a6,0x10
80002f34:	01075693          	srli	a3,a4,0x10
80002f38:	00b61633          	sll	a2,a2,a1
80002f3c:	0267f7b3          	remu	a5,a5,t1
80002f40:	03d80e33          	mul	t3,a6,t4
80002f44:	01079793          	slli	a5,a5,0x10
80002f48:	00f6e6b3          	or	a3,a3,a5
80002f4c:	000e8793          	mv	a5,t4
80002f50:	01c6fe63          	bgeu	a3,t3,80002f6c <__udivdi3+0x360>
80002f54:	00d506b3          	add	a3,a0,a3
80002f58:	fffe8793          	addi	a5,t4,-1
80002f5c:	00a6e863          	bltu	a3,a0,80002f6c <__udivdi3+0x360>
80002f60:	01c6f663          	bgeu	a3,t3,80002f6c <__udivdi3+0x360>
80002f64:	ffee8793          	addi	a5,t4,-2
80002f68:	00a686b3          	add	a3,a3,a0
80002f6c:	41c686b3          	sub	a3,a3,t3
80002f70:	0266de33          	divu	t3,a3,t1
80002f74:	01071713          	slli	a4,a4,0x10
80002f78:	01075713          	srli	a4,a4,0x10
80002f7c:	0266f6b3          	remu	a3,a3,t1
80002f80:	03c80833          	mul	a6,a6,t3
80002f84:	01069693          	slli	a3,a3,0x10
80002f88:	00d76733          	or	a4,a4,a3
80002f8c:	000e0693          	mv	a3,t3
80002f90:	01077e63          	bgeu	a4,a6,80002fac <__udivdi3+0x3a0>
80002f94:	00e50733          	add	a4,a0,a4
80002f98:	fffe0693          	addi	a3,t3,-1
80002f9c:	00a76863          	bltu	a4,a0,80002fac <__udivdi3+0x3a0>
80002fa0:	01077663          	bgeu	a4,a6,80002fac <__udivdi3+0x3a0>
80002fa4:	ffee0693          	addi	a3,t3,-2
80002fa8:	00a70733          	add	a4,a4,a0
80002fac:	01079793          	slli	a5,a5,0x10
80002fb0:	00d7e533          	or	a0,a5,a3
80002fb4:	01061313          	slli	t1,a2,0x10
80002fb8:	01069693          	slli	a3,a3,0x10
80002fbc:	0106d693          	srli	a3,a3,0x10
80002fc0:	01035313          	srli	t1,t1,0x10
80002fc4:	01065613          	srli	a2,a2,0x10
80002fc8:	41070733          	sub	a4,a4,a6
80002fcc:	01055813          	srli	a6,a0,0x10
80002fd0:	02668e33          	mul	t3,a3,t1
80002fd4:	02680333          	mul	t1,a6,t1
80002fd8:	010e5793          	srli	a5,t3,0x10
80002fdc:	02c686b3          	mul	a3,a3,a2
80002fe0:	006686b3          	add	a3,a3,t1
80002fe4:	00d787b3          	add	a5,a5,a3
80002fe8:	02c80833          	mul	a6,a6,a2
80002fec:	0067f663          	bgeu	a5,t1,80002ff8 <__udivdi3+0x3ec>
80002ff0:	000106b7          	lui	a3,0x10
80002ff4:	00d80833          	add	a6,a6,a3
80002ff8:	0107d693          	srli	a3,a5,0x10
80002ffc:	010686b3          	add	a3,a3,a6
80003000:	02d76263          	bltu	a4,a3,80003024 <__udivdi3+0x418>
80003004:	ced71ce3          	bne	a4,a3,80002cfc <__udivdi3+0xf0>
80003008:	010e1e13          	slli	t3,t3,0x10
8000300c:	01079793          	slli	a5,a5,0x10
80003010:	010e5e13          	srli	t3,t3,0x10
80003014:	00b898b3          	sll	a7,a7,a1
80003018:	01c787b3          	add	a5,a5,t3
8000301c:	00000593          	li	a1,0
80003020:	cef8f0e3          	bgeu	a7,a5,80002d00 <__udivdi3+0xf4>
80003024:	fff50513          	addi	a0,a0,-1 # ffffff <buflen.1+0xffffbf>
80003028:	cd5ff06f          	j	80002cfc <__udivdi3+0xf0>
8000302c:	00000593          	li	a1,0
80003030:	00000513          	li	a0,0
80003034:	00008067          	ret

80003038 <__umoddi3>:
80003038:	00060813          	mv	a6,a2
8000303c:	00050793          	mv	a5,a0
80003040:	00058713          	mv	a4,a1
80003044:	20069663          	bnez	a3,80003250 <__umoddi3+0x218>
80003048:	800038b7          	lui	a7,0x80003
8000304c:	6a088893          	addi	a7,a7,1696 # 800036a0 <__clz_tab>
80003050:	0cc5fc63          	bgeu	a1,a2,80003128 <__umoddi3+0xf0>
80003054:	000106b7          	lui	a3,0x10
80003058:	0ad67e63          	bgeu	a2,a3,80003114 <__umoddi3+0xdc>
8000305c:	10063693          	sltiu	a3,a2,256
80003060:	0016b693          	seqz	a3,a3
80003064:	00369693          	slli	a3,a3,0x3
80003068:	00d65333          	srl	t1,a2,a3
8000306c:	006888b3          	add	a7,a7,t1
80003070:	0008c883          	lbu	a7,0(a7)
80003074:	02000313          	li	t1,32
80003078:	00d886b3          	add	a3,a7,a3
8000307c:	40d308b3          	sub	a7,t1,a3
80003080:	00d30c63          	beq	t1,a3,80003098 <__umoddi3+0x60>
80003084:	01159733          	sll	a4,a1,a7
80003088:	00d556b3          	srl	a3,a0,a3
8000308c:	01161833          	sll	a6,a2,a7
80003090:	00e6e733          	or	a4,a3,a4
80003094:	011517b3          	sll	a5,a0,a7
80003098:	01085613          	srli	a2,a6,0x10
8000309c:	02c756b3          	divu	a3,a4,a2
800030a0:	01081513          	slli	a0,a6,0x10
800030a4:	01055513          	srli	a0,a0,0x10
800030a8:	02c77733          	remu	a4,a4,a2
800030ac:	02a686b3          	mul	a3,a3,a0
800030b0:	01071593          	slli	a1,a4,0x10
800030b4:	0107d713          	srli	a4,a5,0x10
800030b8:	00b76733          	or	a4,a4,a1
800030bc:	00d77a63          	bgeu	a4,a3,800030d0 <__umoddi3+0x98>
800030c0:	00e80733          	add	a4,a6,a4
800030c4:	01076663          	bltu	a4,a6,800030d0 <__umoddi3+0x98>
800030c8:	00d77463          	bgeu	a4,a3,800030d0 <__umoddi3+0x98>
800030cc:	01070733          	add	a4,a4,a6
800030d0:	40d70733          	sub	a4,a4,a3
800030d4:	02c756b3          	divu	a3,a4,a2
800030d8:	02c77733          	remu	a4,a4,a2
800030dc:	02a686b3          	mul	a3,a3,a0
800030e0:	01079793          	slli	a5,a5,0x10
800030e4:	01071713          	slli	a4,a4,0x10
800030e8:	0107d793          	srli	a5,a5,0x10
800030ec:	00e7e7b3          	or	a5,a5,a4
800030f0:	00d7fa63          	bgeu	a5,a3,80003104 <__umoddi3+0xcc>
800030f4:	00f807b3          	add	a5,a6,a5
800030f8:	0107e663          	bltu	a5,a6,80003104 <__umoddi3+0xcc>
800030fc:	00d7f463          	bgeu	a5,a3,80003104 <__umoddi3+0xcc>
80003100:	010787b3          	add	a5,a5,a6
80003104:	40d787b3          	sub	a5,a5,a3
80003108:	0117d533          	srl	a0,a5,a7
8000310c:	00000593          	li	a1,0
80003110:	00008067          	ret
80003114:	01000337          	lui	t1,0x1000
80003118:	01800693          	li	a3,24
8000311c:	f46676e3          	bgeu	a2,t1,80003068 <__umoddi3+0x30>
80003120:	01000693          	li	a3,16
80003124:	f45ff06f          	j	80003068 <__umoddi3+0x30>
80003128:	00000693          	li	a3,0
8000312c:	00060c63          	beqz	a2,80003144 <__umoddi3+0x10c>
80003130:	00010737          	lui	a4,0x10
80003134:	06e67e63          	bgeu	a2,a4,800031b0 <__umoddi3+0x178>
80003138:	10063693          	sltiu	a3,a2,256
8000313c:	0016b693          	seqz	a3,a3
80003140:	00369693          	slli	a3,a3,0x3
80003144:	00d65733          	srl	a4,a2,a3
80003148:	00e888b3          	add	a7,a7,a4
8000314c:	0008c703          	lbu	a4,0(a7)
80003150:	00d70733          	add	a4,a4,a3
80003154:	02000693          	li	a3,32
80003158:	40e688b3          	sub	a7,a3,a4
8000315c:	06e69463          	bne	a3,a4,800031c4 <__umoddi3+0x18c>
80003160:	40c58733          	sub	a4,a1,a2
80003164:	01085593          	srli	a1,a6,0x10
80003168:	02b75633          	divu	a2,a4,a1
8000316c:	01081513          	slli	a0,a6,0x10
80003170:	01055513          	srli	a0,a0,0x10
80003174:	0107d693          	srli	a3,a5,0x10
80003178:	02b77733          	remu	a4,a4,a1
8000317c:	02a60633          	mul	a2,a2,a0
80003180:	01071713          	slli	a4,a4,0x10
80003184:	00e6e733          	or	a4,a3,a4
80003188:	00c77a63          	bgeu	a4,a2,8000319c <__umoddi3+0x164>
8000318c:	00e80733          	add	a4,a6,a4
80003190:	01076663          	bltu	a4,a6,8000319c <__umoddi3+0x164>
80003194:	00c77463          	bgeu	a4,a2,8000319c <__umoddi3+0x164>
80003198:	01070733          	add	a4,a4,a6
8000319c:	40c70733          	sub	a4,a4,a2
800031a0:	02b756b3          	divu	a3,a4,a1
800031a4:	02b77733          	remu	a4,a4,a1
800031a8:	02a686b3          	mul	a3,a3,a0
800031ac:	f35ff06f          	j	800030e0 <__umoddi3+0xa8>
800031b0:	01000737          	lui	a4,0x1000
800031b4:	01800693          	li	a3,24
800031b8:	f8e676e3          	bgeu	a2,a4,80003144 <__umoddi3+0x10c>
800031bc:	01000693          	li	a3,16
800031c0:	f85ff06f          	j	80003144 <__umoddi3+0x10c>
800031c4:	01161833          	sll	a6,a2,a7
800031c8:	00e5d6b3          	srl	a3,a1,a4
800031cc:	011517b3          	sll	a5,a0,a7
800031d0:	011595b3          	sll	a1,a1,a7
800031d4:	00e55733          	srl	a4,a0,a4
800031d8:	01085513          	srli	a0,a6,0x10
800031dc:	00b76733          	or	a4,a4,a1
800031e0:	02a6d5b3          	divu	a1,a3,a0
800031e4:	01081313          	slli	t1,a6,0x10
800031e8:	01035313          	srli	t1,t1,0x10
800031ec:	02a6f6b3          	remu	a3,a3,a0
800031f0:	026585b3          	mul	a1,a1,t1
800031f4:	01069613          	slli	a2,a3,0x10
800031f8:	01075693          	srli	a3,a4,0x10
800031fc:	00c6e6b3          	or	a3,a3,a2
80003200:	00b6fa63          	bgeu	a3,a1,80003214 <__umoddi3+0x1dc>
80003204:	00d806b3          	add	a3,a6,a3
80003208:	0106e663          	bltu	a3,a6,80003214 <__umoddi3+0x1dc>
8000320c:	00b6f463          	bgeu	a3,a1,80003214 <__umoddi3+0x1dc>
80003210:	010686b3          	add	a3,a3,a6
80003214:	40b686b3          	sub	a3,a3,a1
80003218:	02a6d633          	divu	a2,a3,a0
8000321c:	01071713          	slli	a4,a4,0x10
80003220:	01075713          	srli	a4,a4,0x10
80003224:	02a6f6b3          	remu	a3,a3,a0
80003228:	02660633          	mul	a2,a2,t1
8000322c:	01069693          	slli	a3,a3,0x10
80003230:	00d76733          	or	a4,a4,a3
80003234:	00c77a63          	bgeu	a4,a2,80003248 <__umoddi3+0x210>
80003238:	00e80733          	add	a4,a6,a4
8000323c:	01076663          	bltu	a4,a6,80003248 <__umoddi3+0x210>
80003240:	00c77463          	bgeu	a4,a2,80003248 <__umoddi3+0x210>
80003244:	01070733          	add	a4,a4,a6
80003248:	40c70733          	sub	a4,a4,a2
8000324c:	f19ff06f          	j	80003164 <__umoddi3+0x12c>
80003250:	1cd5e263          	bltu	a1,a3,80003414 <__umoddi3+0x3dc>
80003254:	00010837          	lui	a6,0x10
80003258:	0506fe63          	bgeu	a3,a6,800032b4 <__umoddi3+0x27c>
8000325c:	1006b813          	sltiu	a6,a3,256
80003260:	00183813          	seqz	a6,a6
80003264:	00381813          	slli	a6,a6,0x3
80003268:	800038b7          	lui	a7,0x80003
8000326c:	0106d333          	srl	t1,a3,a6
80003270:	6a088893          	addi	a7,a7,1696 # 800036a0 <__clz_tab>
80003274:	006888b3          	add	a7,a7,t1
80003278:	0008c883          	lbu	a7,0(a7)
8000327c:	02000313          	li	t1,32
80003280:	010888b3          	add	a7,a7,a6
80003284:	41130833          	sub	a6,t1,a7
80003288:	05131063          	bne	t1,a7,800032c8 <__umoddi3+0x290>
8000328c:	00b6e463          	bltu	a3,a1,80003294 <__umoddi3+0x25c>
80003290:	00c56c63          	bltu	a0,a2,800032a8 <__umoddi3+0x270>
80003294:	40c50633          	sub	a2,a0,a2
80003298:	40d586b3          	sub	a3,a1,a3
8000329c:	00c53733          	sltu	a4,a0,a2
800032a0:	00060793          	mv	a5,a2
800032a4:	40e68733          	sub	a4,a3,a4
800032a8:	00078513          	mv	a0,a5
800032ac:	00070593          	mv	a1,a4
800032b0:	00008067          	ret
800032b4:	010008b7          	lui	a7,0x1000
800032b8:	01800813          	li	a6,24
800032bc:	fb16f6e3          	bgeu	a3,a7,80003268 <__umoddi3+0x230>
800032c0:	01000813          	li	a6,16
800032c4:	fa5ff06f          	j	80003268 <__umoddi3+0x230>
800032c8:	011657b3          	srl	a5,a2,a7
800032cc:	010696b3          	sll	a3,a3,a6
800032d0:	00d7e6b3          	or	a3,a5,a3
800032d4:	0115d733          	srl	a4,a1,a7
800032d8:	0106d313          	srli	t1,a3,0x10
800032dc:	02675f33          	divu	t5,a4,t1
800032e0:	01069e13          	slli	t3,a3,0x10
800032e4:	010e5e13          	srli	t3,t3,0x10
800032e8:	010597b3          	sll	a5,a1,a6
800032ec:	011555b3          	srl	a1,a0,a7
800032f0:	00f5e5b3          	or	a1,a1,a5
800032f4:	0105d793          	srli	a5,a1,0x10
800032f8:	01061633          	sll	a2,a2,a6
800032fc:	01051533          	sll	a0,a0,a6
80003300:	02677733          	remu	a4,a4,t1
80003304:	03ee0eb3          	mul	t4,t3,t5
80003308:	01071713          	slli	a4,a4,0x10
8000330c:	00e7e7b3          	or	a5,a5,a4
80003310:	000f0713          	mv	a4,t5
80003314:	01d7fe63          	bgeu	a5,t4,80003330 <__umoddi3+0x2f8>
80003318:	00f687b3          	add	a5,a3,a5
8000331c:	ffff0713          	addi	a4,t5,-1
80003320:	00d7e863          	bltu	a5,a3,80003330 <__umoddi3+0x2f8>
80003324:	01d7f663          	bgeu	a5,t4,80003330 <__umoddi3+0x2f8>
80003328:	ffef0713          	addi	a4,t5,-2
8000332c:	00d787b3          	add	a5,a5,a3
80003330:	41d787b3          	sub	a5,a5,t4
80003334:	0267deb3          	divu	t4,a5,t1
80003338:	01059593          	slli	a1,a1,0x10
8000333c:	0105d593          	srli	a1,a1,0x10
80003340:	0267f7b3          	remu	a5,a5,t1
80003344:	000e8313          	mv	t1,t4
80003348:	03de0e33          	mul	t3,t3,t4
8000334c:	01079793          	slli	a5,a5,0x10
80003350:	00f5e5b3          	or	a1,a1,a5
80003354:	01c5fe63          	bgeu	a1,t3,80003370 <__umoddi3+0x338>
80003358:	00b685b3          	add	a1,a3,a1
8000335c:	fffe8313          	addi	t1,t4,-1
80003360:	00d5e863          	bltu	a1,a3,80003370 <__umoddi3+0x338>
80003364:	01c5f663          	bgeu	a1,t3,80003370 <__umoddi3+0x338>
80003368:	ffee8313          	addi	t1,t4,-2
8000336c:	00d585b3          	add	a1,a1,a3
80003370:	01071793          	slli	a5,a4,0x10
80003374:	0067e7b3          	or	a5,a5,t1
80003378:	41c585b3          	sub	a1,a1,t3
8000337c:	01031313          	slli	t1,t1,0x10
80003380:	01061e13          	slli	t3,a2,0x10
80003384:	01065713          	srli	a4,a2,0x10
80003388:	01035313          	srli	t1,t1,0x10
8000338c:	0107d793          	srli	a5,a5,0x10
80003390:	010e5e13          	srli	t3,t3,0x10
80003394:	03c30eb3          	mul	t4,t1,t3
80003398:	03c78e33          	mul	t3,a5,t3
8000339c:	02e30333          	mul	t1,t1,a4
800033a0:	02e787b3          	mul	a5,a5,a4
800033a4:	01c30333          	add	t1,t1,t3
800033a8:	010ed713          	srli	a4,t4,0x10
800033ac:	00670733          	add	a4,a4,t1
800033b0:	01c77663          	bgeu	a4,t3,800033bc <__umoddi3+0x384>
800033b4:	00010337          	lui	t1,0x10
800033b8:	006787b3          	add	a5,a5,t1
800033bc:	01075313          	srli	t1,a4,0x10
800033c0:	010e9e93          	slli	t4,t4,0x10
800033c4:	01071713          	slli	a4,a4,0x10
800033c8:	010ede93          	srli	t4,t4,0x10
800033cc:	00f307b3          	add	a5,t1,a5
800033d0:	01d70733          	add	a4,a4,t4
800033d4:	00f5e663          	bltu	a1,a5,800033e0 <__umoddi3+0x3a8>
800033d8:	00f59e63          	bne	a1,a5,800033f4 <__umoddi3+0x3bc>
800033dc:	00e57c63          	bgeu	a0,a4,800033f4 <__umoddi3+0x3bc>
800033e0:	40c70633          	sub	a2,a4,a2
800033e4:	00c73333          	sltu	t1,a4,a2
800033e8:	00d306b3          	add	a3,t1,a3
800033ec:	00060713          	mv	a4,a2
800033f0:	40d787b3          	sub	a5,a5,a3
800033f4:	40e50733          	sub	a4,a0,a4
800033f8:	00e53533          	sltu	a0,a0,a4
800033fc:	40f585b3          	sub	a1,a1,a5
80003400:	40a585b3          	sub	a1,a1,a0
80003404:	011598b3          	sll	a7,a1,a7
80003408:	01075733          	srl	a4,a4,a6
8000340c:	00e8e533          	or	a0,a7,a4
80003410:	0105d5b3          	srl	a1,a1,a6
80003414:	00008067          	ret

Disassembly of section .text.startup:

80003418 <main>:
80003418:	ffffd2b7          	lui	t0,0xffffd
8000341c:	81010113          	addi	sp,sp,-2032
80003420:	96028293          	addi	t0,t0,-1696 # ffffc960 <__global_pointer$+0x7fff4b04>
80003424:	7e112623          	sw	ra,2028(sp)
80003428:	00100513          	li	a0,1
8000342c:	00510133          	add	sp,sp,t0
80003430:	990ff0ef          	jal	800025c0 <setStats>
80003434:	00010793          	mv	a5,sp
80003438:	00000717          	auipc	a4,0x0
8000343c:	3a470713          	addi	a4,a4,932 # 800037dc <input_data>
80003440:	00004697          	auipc	a3,0x4
80003444:	21c68693          	addi	a3,a3,540 # 8000765c <counter_names>
80003448:	00072803          	lw	a6,0(a4)
8000344c:	00472503          	lw	a0,4(a4)
80003450:	00872583          	lw	a1,8(a4)
80003454:	00c72603          	lw	a2,12(a4)
80003458:	0107a023          	sw	a6,0(a5) # 10000 <buflen.1+0xffc0>
8000345c:	00a7a223          	sw	a0,4(a5)
80003460:	00b7a423          	sw	a1,8(a5)
80003464:	00c7a623          	sw	a2,12(a5)
80003468:	01070713          	addi	a4,a4,16
8000346c:	01078793          	addi	a5,a5,16
80003470:	fcd71ce3          	bne	a4,a3,80003448 <main+0x30>
80003474:	00000513          	li	a0,0
80003478:	948ff0ef          	jal	800025c0 <setStats>
8000347c:	000018b7          	lui	a7,0x1
80003480:	00010793          	mv	a5,sp
80003484:	fa088893          	addi	a7,a7,-96 # fa0 <buflen.1+0xf60>
80003488:	00000717          	auipc	a4,0x0
8000348c:	35470713          	addi	a4,a4,852 # 800037dc <input_data>
80003490:	00000513          	li	a0,0
80003494:	0007a603          	lw	a2,0(a5)
80003498:	00072683          	lw	a3,0(a4)
8000349c:	0047a803          	lw	a6,4(a5)
800034a0:	00472583          	lw	a1,4(a4)
800034a4:	02d61a63          	bne	a2,a3,800034d8 <main+0xc0>
800034a8:	00250513          	addi	a0,a0,2
800034ac:	00b81a63          	bne	a6,a1,800034c0 <main+0xa8>
800034b0:	00878793          	addi	a5,a5,8
800034b4:	00870713          	addi	a4,a4,8
800034b8:	fd151ee3          	bne	a0,a7,80003494 <main+0x7c>
800034bc:	00000513          	li	a0,0
800034c0:	000032b7          	lui	t0,0x3
800034c4:	6a028293          	addi	t0,t0,1696 # 36a0 <buflen.1+0x3660>
800034c8:	00510133          	add	sp,sp,t0
800034cc:	7ec12083          	lw	ra,2028(sp)
800034d0:	7f010113          	addi	sp,sp,2032
800034d4:	00008067          	ret
800034d8:	00150513          	addi	a0,a0,1
800034dc:	fe5ff06f          	j	800034c0 <main+0xa8>
800034e0:	ff010113          	addi	sp,sp,-16
800034e4:	00000517          	auipc	a0,0x0
800034e8:	04050513          	addi	a0,a0,64 # 80003524 <main+0x10c>
800034ec:	00112623          	sw	ra,12(sp)
800034f0:	998ff0ef          	jal	80002688 <printstr>
800034f4:	00c12083          	lw	ra,12(sp)
800034f8:	fff00513          	li	a0,-1
800034fc:	01010113          	addi	sp,sp,16
80003500:	00008067          	ret

Disassembly of section .data:

800037dc <input_data>:
800037dc:	0029                	.insn	2, 0x0029
800037de:	0000                	.insn	2, 0x
800037e0:	01c6                	.insn	2, 0x01c6
800037e2:	0000                	.insn	2, 0x
800037e4:	0341                	.insn	2, 0x0341
800037e6:	0000                	.insn	2, 0x
800037e8:	0000014f          	.insn	4, 0x014f
800037ec:	0234                	.insn	2, 0x0234
800037ee:	0000                	.insn	2, 0x
800037f0:	0001                	.insn	2, 0x0001
800037f2:	0000                	.insn	2, 0x
800037f4:	000000bb          	.insn	4, 0x00bb
800037f8:	03dd                	.insn	2, 0x03dd
800037fa:	0000                	.insn	2, 0x
800037fc:	02ed                	.insn	2, 0x02ed
800037fe:	0000                	.insn	2, 0x
80003800:	016d                	.insn	2, 0x016d
80003802:	0000                	.insn	2, 0x
80003804:	015e                	.insn	2, 0x015e
80003806:	0000                	.insn	2, 0x
80003808:	023c                	.insn	2, 0x023c
8000380a:	0000                	.insn	2, 0x
8000380c:	0084                	.insn	2, 0x0084
8000380e:	0000                	.insn	2, 0x
80003810:	0040                	.insn	2, 0x0040
80003812:	0000                	.insn	2, 0x
80003814:	03b5                	.insn	2, 0x03b5
80003816:	0000                	.insn	2, 0x
80003818:	0099                	.insn	2, 0x0099
8000381a:	0000                	.insn	2, 0x
8000381c:	0248                	.insn	2, 0x0248
8000381e:	0000                	.insn	2, 0x
80003820:	00d8                	.insn	2, 0x00d8
80003822:	0000                	.insn	2, 0x
80003824:	0325                	.insn	2, 0x0325
80003826:	0000                	.insn	2, 0x
80003828:	008c                	.insn	2, 0x008c
8000382a:	0000                	.insn	2, 0x
8000382c:	026d                	.insn	2, 0x026d
8000382e:	0000                	.insn	2, 0x
80003830:	00d2                	.insn	2, 0x00d2
80003832:	0000                	.insn	2, 0x
80003834:	0006                	.insn	2, 0x0006
80003836:	0000                	.insn	2, 0x
80003838:	023c                	.insn	2, 0x023c
8000383a:	0000                	.insn	2, 0x
8000383c:	000003a3          	sb	zero,7(zero) # 7 <buf.2+0x7>
80003840:	00000153          	.insn	4, 0x0153
80003844:	037a                	.insn	2, 0x037a
80003846:	0000                	.insn	2, 0x
80003848:	0251                	.insn	2, 0x0251
8000384a:	0000                	.insn	2, 0x
8000384c:	0188                	.insn	2, 0x0188
8000384e:	0000                	.insn	2, 0x
80003850:	0382                	.insn	2, 0x0382
80003852:	0000                	.insn	2, 0x
80003854:	02b6                	.insn	2, 0x02b6
80003856:	0000                	.insn	2, 0x
80003858:	00e4                	.insn	2, 0x00e4
8000385a:	0000                	.insn	2, 0x
8000385c:	03c1                	.insn	2, 0x03c1
8000385e:	0000                	.insn	2, 0x
80003860:	000c                	.insn	2, 0x000c
80003862:	0000                	.insn	2, 0x
80003864:	006e                	.insn	2, 0x006e
80003866:	0000                	.insn	2, 0x
80003868:	00000373          	.insn	4, 0x0373
8000386c:	0074                	.insn	2, 0x0074
8000386e:	0000                	.insn	2, 0x
80003870:	02ee                	.insn	2, 0x02ee
80003872:	0000                	.insn	2, 0x
80003874:	0128                	.insn	2, 0x0128
80003876:	0000                	.insn	2, 0x
80003878:	0286                	.insn	2, 0x0286
8000387a:	0000                	.insn	2, 0x
8000387c:	01aa                	.insn	2, 0x01aa
8000387e:	0000                	.insn	2, 0x
80003880:	01f4                	.insn	2, 0x01f4
80003882:	0000                	.insn	2, 0x
80003884:	013a                	.insn	2, 0x013a
80003886:	0000                	.insn	2, 0x
80003888:	01b4                	.insn	2, 0x01b4
8000388a:	0000                	.insn	2, 0x
8000388c:	00000293          	li	t0,0
80003890:	02bd                	.insn	2, 0x02bd
80003892:	0000                	.insn	2, 0x
80003894:	0306                	.insn	2, 0x0306
80003896:	0000                	.insn	2, 0x
80003898:	032c                	.insn	2, 0x032c
8000389a:	0000                	.insn	2, 0x
8000389c:	0000013f 000003d5 	.insn	8, 0x03d50000013f
800038a4:	02a6                	.insn	2, 0x02a6
800038a6:	0000                	.insn	2, 0x
800038a8:	0096                	.insn	2, 0x0096
800038aa:	0000                	.insn	2, 0x
800038ac:	0000036b          	.insn	4, 0x036b
800038b0:	02b8                	.insn	2, 0x02b8
800038b2:	0000                	.insn	2, 0x
800038b4:	0178                	.insn	2, 0x0178
800038b6:	0000                	.insn	2, 0x
800038b8:	0234                	.insn	2, 0x0234
800038ba:	0000                	.insn	2, 0x
800038bc:	01da                	.insn	2, 0x01da
800038be:	0000                	.insn	2, 0x
800038c0:	0110                	.insn	2, 0x0110
800038c2:	0000                	.insn	2, 0x
800038c4:	03aa                	.insn	2, 0x03aa
800038c6:	0000                	.insn	2, 0x
800038c8:	0102                	.insn	2, 0x0102
800038ca:	0000                	.insn	2, 0x
800038cc:	0000021b          	.insn	4, 0x021b
800038d0:	00000287          	.insn	4, 0x0287
800038d4:	0239                	.insn	2, 0x0239
800038d6:	0000                	.insn	2, 0x
800038d8:	01fd                	.insn	2, 0x01fd
800038da:	0000                	.insn	2, 0x
800038dc:	000000cb          	.insn	4, 0x00cb
800038e0:	0058                	.insn	2, 0x0058
800038e2:	0000                	.insn	2, 0x
800038e4:	0118                	.insn	2, 0x0118
800038e6:	0000                	.insn	2, 0x
800038e8:	000002bf 000002f7 	.insn	8, 0x02f7000002bf
800038f0:	029d                	.insn	2, 0x029d
800038f2:	0000                	.insn	2, 0x
800038f4:	025e                	.insn	2, 0x025e
800038f6:	0000                	.insn	2, 0x
800038f8:	00000177          	.insn	4, 0x0177
800038fc:	01ff 0000 0227 0000 	.insn	10, 0x029100000227000001ff
80003904:	0291 
80003906:	0000                	.insn	2, 0x
80003908:	03a8                	.insn	2, 0x03a8
8000390a:	0000                	.insn	2, 0x
8000390c:	000000c3          	.insn	4, 0x00c3
80003910:	0250                	.insn	2, 0x0250
80003912:	0000                	.insn	2, 0x
80003914:	0051                	.insn	2, 0x0051
80003916:	0000                	.insn	2, 0x
80003918:	0239                	.insn	2, 0x0239
8000391a:	0000                	.insn	2, 0x
8000391c:	0000010b          	.insn	4, 0x010b
80003920:	03b8                	.insn	2, 0x03b8
80003922:	0000                	.insn	2, 0x
80003924:	00e5                	.insn	2, 0x00e5
80003926:	0000                	.insn	2, 0x
80003928:	0320                	.insn	2, 0x0320
8000392a:	0000                	.insn	2, 0x
8000392c:	0151                	.insn	2, 0x0151
8000392e:	0000                	.insn	2, 0x
80003930:	0248                	.insn	2, 0x0248
80003932:	0000                	.insn	2, 0x
80003934:	03b0                	.insn	2, 0x03b0
80003936:	0000                	.insn	2, 0x
80003938:	00000283          	lb	t0,0(zero) # 0 <buf.2>
8000393c:	0386                	.insn	2, 0x0386
8000393e:	0000                	.insn	2, 0x
80003940:	0170                	.insn	2, 0x0170
80003942:	0000                	.insn	2, 0x
80003944:	00f1                	.insn	2, 0x00f1
80003946:	0000                	.insn	2, 0x
80003948:	01e9                	.insn	2, 0x01e9
8000394a:	0000                	.insn	2, 0x
8000394c:	0391                	.insn	2, 0x0391
8000394e:	0000                	.insn	2, 0x
80003950:	0148                	.insn	2, 0x0148
80003952:	0000                	.insn	2, 0x
80003954:	033a                	.insn	2, 0x033a
80003956:	0000                	.insn	2, 0x
80003958:	0139                	.insn	2, 0x0139
8000395a:	0000                	.insn	2, 0x
8000395c:	03a5                	.insn	2, 0x03a5
8000395e:	0000                	.insn	2, 0x
80003960:	0250                	.insn	2, 0x0250
80003962:	0000                	.insn	2, 0x
80003964:	03d9                	.insn	2, 0x03d9
80003966:	0000                	.insn	2, 0x
80003968:	0184                	.insn	2, 0x0184
8000396a:	0000                	.insn	2, 0x
8000396c:	000000c3          	.insn	4, 0x00c3
80003970:	021f 0000 03c0      	.insn	6, 0x03c00000021f
80003976:	0000                	.insn	2, 0x
80003978:	0289                	.insn	2, 0x0289
8000397a:	0000                	.insn	2, 0x
8000397c:	0236                	.insn	2, 0x0236
8000397e:	0000                	.insn	2, 0x
80003980:	000003d3          	.insn	4, 0x03d3
80003984:	015e                	.insn	2, 0x015e
80003986:	0000                	.insn	2, 0x
80003988:	03e5                	.insn	2, 0x03e5
8000398a:	0000                	.insn	2, 0x
8000398c:	0289                	.insn	2, 0x0289
8000398e:	0000                	.insn	2, 0x
80003990:	032e                	.insn	2, 0x032e
80003992:	0000                	.insn	2, 0x
80003994:	0291                	.insn	2, 0x0291
80003996:	0000                	.insn	2, 0x
80003998:	0000004f          	.insn	4, 0x004f
8000399c:	00b5                	.insn	2, 0x00b5
8000399e:	0000                	.insn	2, 0x
800039a0:	00d0                	.insn	2, 0x00d0
800039a2:	0000                	.insn	2, 0x
800039a4:	0000006f          	j	800039a4 <input_data+0x1c8>
800039a8:	03e6                	.insn	2, 0x03e6
800039aa:	0000                	.insn	2, 0x
800039ac:	0000035b          	.insn	4, 0x035b
800039b0:	0275                	.insn	2, 0x0275
800039b2:	0000                	.insn	2, 0x
800039b4:	0041                	.insn	2, 0x0041
800039b6:	0000                	.insn	2, 0x
800039b8:	0000034f          	.insn	4, 0x034f
800039bc:	0120                	.insn	2, 0x0120
800039be:	0000                	.insn	2, 0x
800039c0:	02c0                	.insn	2, 0x02c0
800039c2:	0000                	.insn	2, 0x
800039c4:	015d                	.insn	2, 0x015d
800039c6:	0000                	.insn	2, 0x
800039c8:	03e5                	.insn	2, 0x03e5
800039ca:	0000                	.insn	2, 0x
800039cc:	008d                	.insn	2, 0x008d
800039ce:	0000                	.insn	2, 0x
800039d0:	00fd                	.insn	2, 0x00fd
800039d2:	0000                	.insn	2, 0x
800039d4:	0389                	.insn	2, 0x0389
800039d6:	0000                	.insn	2, 0x
800039d8:	000002cb          	.insn	4, 0x02cb
800039dc:	0376                	.insn	2, 0x0376
800039de:	0000                	.insn	2, 0x
800039e0:	01ae                	.insn	2, 0x01ae
800039e2:	0000                	.insn	2, 0x
800039e4:	0108                	.insn	2, 0x0108
800039e6:	0000                	.insn	2, 0x
800039e8:	019f 0000 0240      	.insn	6, 0x02400000019f
800039ee:	0000                	.insn	2, 0x
800039f0:	021a                	.insn	2, 0x021a
800039f2:	0000                	.insn	2, 0x
800039f4:	000003d3          	.insn	4, 0x03d3
800039f8:	02bc                	.insn	2, 0x02bc
800039fa:	0000                	.insn	2, 0x
800039fc:	02f9                	.insn	2, 0x02f9
800039fe:	0000                	.insn	2, 0x
80003a00:	0004                	.insn	2, 0x0004
80003a02:	0000                	.insn	2, 0x
80003a04:	00f1                	.insn	2, 0x00f1
80003a06:	0000                	.insn	2, 0x
80003a08:	01ee                	.insn	2, 0x01ee
80003a0a:	0000                	.insn	2, 0x
80003a0c:	01de                	.insn	2, 0x01de
80003a0e:	0000                	.insn	2, 0x
80003a10:	0064                	.insn	2, 0x0064
80003a12:	0000                	.insn	2, 0x
80003a14:	000001f3          	.insn	4, 0x01f3
80003a18:	0360                	.insn	2, 0x0360
80003a1a:	0000                	.insn	2, 0x
80003a1c:	00000193          	li	gp,0
80003a20:	02b5                	.insn	2, 0x02b5
80003a22:	0000                	.insn	2, 0x
80003a24:	00de                	.insn	2, 0x00de
80003a26:	0000                	.insn	2, 0x
80003a28:	01a0                	.insn	2, 0x01a0
80003a2a:	0000                	.insn	2, 0x
80003a2c:	01bc                	.insn	2, 0x01bc
80003a2e:	0000                	.insn	2, 0x
80003a30:	0128                	.insn	2, 0x0128
80003a32:	0000                	.insn	2, 0x
80003a34:	02d1                	.insn	2, 0x02d1
80003a36:	0000                	.insn	2, 0x
80003a38:	011d                	.insn	2, 0x011d
80003a3a:	0000                	.insn	2, 0x
80003a3c:	02a4                	.insn	2, 0x02a4
80003a3e:	0000                	.insn	2, 0x
80003a40:	026c                	.insn	2, 0x026c
80003a42:	0000                	.insn	2, 0x
80003a44:	013d                	.insn	2, 0x013d
80003a46:	0000                	.insn	2, 0x
80003a48:	004e                	.insn	2, 0x004e
80003a4a:	0000                	.insn	2, 0x
80003a4c:	00e0                	.insn	2, 0x00e0
80003a4e:	0000                	.insn	2, 0x
80003a50:	015f 0000 03a9      	.insn	6, 0x03a90000015f
80003a56:	0000                	.insn	2, 0x
80003a58:	021c                	.insn	2, 0x021c
80003a5a:	0000                	.insn	2, 0x
80003a5c:	0120                	.insn	2, 0x0120
80003a5e:	0000                	.insn	2, 0x
80003a60:	0286                	.insn	2, 0x0286
80003a62:	0000                	.insn	2, 0x
80003a64:	00000077          	.insn	4, 0x0077
80003a68:	00a9                	.insn	2, 0x00a9
80003a6a:	0000                	.insn	2, 0x
80003a6c:	00000267          	jalr	tp,zero # 0 <buf.2>
80003a70:	0000020f          	.insn	4, 0x020f
80003a74:	025e                	.insn	2, 0x025e
80003a76:	0000                	.insn	2, 0x
80003a78:	0121                	.insn	2, 0x0121
80003a7a:	0000                	.insn	2, 0x
80003a7c:	0185                	.insn	2, 0x0185
80003a7e:	0000                	.insn	2, 0x
80003a80:	031c                	.insn	2, 0x031c
80003a82:	0000                	.insn	2, 0x
80003a84:	015f 0000 0321      	.insn	6, 0x03210000015f
80003a8a:	0000                	.insn	2, 0x
80003a8c:	000001c7          	.insn	4, 0x01c7
80003a90:	02d0                	.insn	2, 0x02d0
80003a92:	0000                	.insn	2, 0x
80003a94:	0116                	.insn	2, 0x0116
80003a96:	0000                	.insn	2, 0x
80003a98:	02f6                	.insn	2, 0x02f6
80003a9a:	0000                	.insn	2, 0x
80003a9c:	0000016f          	jal	sp,80003a9c <input_data+0x2c0>
80003aa0:	02e9                	.insn	2, 0x02e9
80003aa2:	0000                	.insn	2, 0x
80003aa4:	0166                	.insn	2, 0x0166
80003aa6:	0000                	.insn	2, 0x
80003aa8:	005c                	.insn	2, 0x005c
80003aaa:	0000                	.insn	2, 0x
80003aac:	0248                	.insn	2, 0x0248
80003aae:	0000                	.insn	2, 0x
80003ab0:	03dd                	.insn	2, 0x03dd
80003ab2:	0000                	.insn	2, 0x
80003ab4:	003e                	.insn	2, 0x003e
80003ab6:	0000                	.insn	2, 0x
80003ab8:	0000010f          	.insn	4, 0x010f
80003abc:	03d9                	.insn	2, 0x03d9
80003abe:	0000                	.insn	2, 0x
80003ac0:	0355                	.insn	2, 0x0355
80003ac2:	0000                	.insn	2, 0x
80003ac4:	00000193          	li	gp,0
80003ac8:	0314                	.insn	2, 0x0314
80003aca:	0000                	.insn	2, 0x
80003acc:	015a                	.insn	2, 0x015a
80003ace:	0000                	.insn	2, 0x
80003ad0:	00000213          	li	tp,0
80003ad4:	0205                	.insn	2, 0x0205
80003ad6:	0000                	.insn	2, 0x
80003ad8:	00de                	.insn	2, 0x00de
80003ada:	0000                	.insn	2, 0x
80003adc:	0000022f          	.insn	4, 0x022f
80003ae0:	01cd                	.insn	2, 0x01cd
80003ae2:	0000                	.insn	2, 0x
80003ae4:	038c                	.insn	2, 0x038c
80003ae6:	0000                	.insn	2, 0x
80003ae8:	00f1                	.insn	2, 0x00f1
80003aea:	0000                	.insn	2, 0x
80003aec:	00000307          	.insn	4, 0x0307
80003af0:	0166                	.insn	2, 0x0166
80003af2:	0000                	.insn	2, 0x
80003af4:	00ff 0000 014c 0000 	.insn	10, 0x030a0000014c000000ff
80003afc:	030a 
80003afe:	0000                	.insn	2, 0x
80003b00:	02ac                	.insn	2, 0x02ac
80003b02:	0000                	.insn	2, 0x
80003b04:	0256                	.insn	2, 0x0256
80003b06:	0000                	.insn	2, 0x
80003b08:	02e4                	.insn	2, 0x02e4
80003b0a:	0000                	.insn	2, 0x
80003b0c:	0000008f          	.insn	4, 0x008f
80003b10:	01be                	.insn	2, 0x01be
80003b12:	0000                	.insn	2, 0x
80003b14:	0021                	.insn	2, 0x0021
80003b16:	0000                	.insn	2, 0x
80003b18:	00000137          	lui	sp,0x0
80003b1c:	007d                	.insn	2, 0x007d
80003b1e:	0000                	.insn	2, 0x
80003b20:	000002e7          	jalr	t0,zero # 0 <buf.2>
80003b24:	03ad                	.insn	2, 0x03ad
80003b26:	0000                	.insn	2, 0x
80003b28:	022d                	.insn	2, 0x022d
80003b2a:	0000                	.insn	2, 0x
80003b2c:	03a5                	.insn	2, 0x03a5
80003b2e:	0000                	.insn	2, 0x
80003b30:	01df 0000 031f      	.insn	6, 0x031f000001df
80003b36:	0000                	.insn	2, 0x
80003b38:	022d                	.insn	2, 0x022d
80003b3a:	0000                	.insn	2, 0x
80003b3c:	0229                	.insn	2, 0x0229
80003b3e:	0000                	.insn	2, 0x
80003b40:	039d                	.insn	2, 0x039d
80003b42:	0000                	.insn	2, 0x
80003b44:	000001af          	.insn	4, 0x01af
80003b48:	031c                	.insn	2, 0x031c
80003b4a:	0000                	.insn	2, 0x
80003b4c:	0288                	.insn	2, 0x0288
80003b4e:	0000                	.insn	2, 0x
80003b50:	0165                	.insn	2, 0x0165
80003b52:	0000                	.insn	2, 0x
80003b54:	03b8                	.insn	2, 0x03b8
80003b56:	0000                	.insn	2, 0x
80003b58:	0000037b          	.insn	4, 0x037b
80003b5c:	011f 0000 029a      	.insn	6, 0x029a0000011f
80003b62:	0000                	.insn	2, 0x
80003b64:	00000013          	nop
80003b68:	0202                	.insn	2, 0x0202
80003b6a:	0000                	.insn	2, 0x
80003b6c:	0031                	.insn	2, 0x0031
80003b6e:	0000                	.insn	2, 0x
80003b70:	022d                	.insn	2, 0x022d
80003b72:	0000                	.insn	2, 0x
80003b74:	0056                	.insn	2, 0x0056
80003b76:	0000                	.insn	2, 0x
80003b78:	0366                	.insn	2, 0x0366
80003b7a:	0000                	.insn	2, 0x
80003b7c:	005f 0000 0355      	.insn	6, 0x03550000005f
80003b82:	0000                	.insn	2, 0x
80003b84:	01b9                	.insn	2, 0x01b9
80003b86:	0000                	.insn	2, 0x
80003b88:	01b8                	.insn	2, 0x01b8
80003b8a:	0000                	.insn	2, 0x
80003b8c:	0000024b          	.insn	4, 0x024b
80003b90:	003d                	.insn	2, 0x003d
80003b92:	0000                	.insn	2, 0x
80003b94:	0266                	.insn	2, 0x0266
80003b96:	0000                	.insn	2, 0x
80003b98:	02a6                	.insn	2, 0x02a6
80003b9a:	0000                	.insn	2, 0x
80003b9c:	017e                	.insn	2, 0x017e
80003b9e:	0000                	.insn	2, 0x
80003ba0:	018c                	.insn	2, 0x018c
80003ba2:	0000                	.insn	2, 0x
80003ba4:	0118                	.insn	2, 0x0118
80003ba6:	0000                	.insn	2, 0x
80003ba8:	0009                	.insn	2, 0x0009
80003baa:	0000                	.insn	2, 0x
80003bac:	0328                	.insn	2, 0x0328
80003bae:	0000                	.insn	2, 0x
80003bb0:	0011                	.insn	2, 0x0011
80003bb2:	0000                	.insn	2, 0x
80003bb4:	000003cb          	.insn	4, 0x03cb
80003bb8:	00aa                	.insn	2, 0x00aa
80003bba:	0000                	.insn	2, 0x
80003bbc:	00000333          	add	t1,zero,zero
80003bc0:	00000123          	sb	zero,2(zero) # 2 <buf.2+0x2>
80003bc4:	0158                	.insn	2, 0x0158
80003bc6:	0000                	.insn	2, 0x
80003bc8:	017c                	.insn	2, 0x017c
80003bca:	0000                	.insn	2, 0x
80003bcc:	01c2                	.insn	2, 0x01c2
80003bce:	0000                	.insn	2, 0x
80003bd0:	0218                	.insn	2, 0x0218
80003bd2:	0000                	.insn	2, 0x
80003bd4:	0200                	.insn	2, 0x0200
80003bd6:	0000                	.insn	2, 0x
80003bd8:	00b9                	.insn	2, 0x00b9
80003bda:	0000                	.insn	2, 0x
80003bdc:	03c5                	.insn	2, 0x03c5
80003bde:	0000                	.insn	2, 0x
80003be0:	0395                	.insn	2, 0x0395
80003be2:	0000                	.insn	2, 0x
80003be4:	0000015b          	.insn	4, 0x015b
80003be8:	0000021b          	.insn	4, 0x021b
80003bec:	0328                	.insn	2, 0x0328
80003bee:	0000                	.insn	2, 0x
80003bf0:	000003d7          	.insn	4, 0x03d7
80003bf4:	0372                	.insn	2, 0x0372
80003bf6:	0000                	.insn	2, 0x
80003bf8:	00000377          	.insn	4, 0x0377
80003bfc:	0219                	.insn	2, 0x0219
80003bfe:	0000                	.insn	2, 0x
80003c00:	0036                	.insn	2, 0x0036
80003c02:	0000                	.insn	2, 0x
80003c04:	03b2                	.insn	2, 0x03b2
80003c06:	0000                	.insn	2, 0x
80003c08:	0264                	.insn	2, 0x0264
80003c0a:	0000                	.insn	2, 0x
80003c0c:	02bd                	.insn	2, 0x02bd
80003c0e:	0000                	.insn	2, 0x
80003c10:	000003b7          	lui	t2,0x0
80003c14:	0164                	.insn	2, 0x0164
80003c16:	0000                	.insn	2, 0x
80003c18:	01df 0000 0237      	.insn	6, 0x0237000001df
80003c1e:	0000                	.insn	2, 0x
80003c20:	00000097          	auipc	ra,0x0
80003c24:	0000037b          	.insn	4, 0x037b
80003c28:	00000007          	.insn	4, 0x0007
80003c2c:	0016                	.insn	2, 0x0016
80003c2e:	0000                	.insn	2, 0x
80003c30:	0281                	.insn	2, 0x0281
80003c32:	0000                	.insn	2, 0x
80003c34:	0238                	.insn	2, 0x0238
80003c36:	0000                	.insn	2, 0x
80003c38:	0000014f          	.insn	4, 0x014f
80003c3c:	0299                	.insn	2, 0x0299
80003c3e:	0000                	.insn	2, 0x
80003c40:	02da                	.insn	2, 0x02da
80003c42:	0000                	.insn	2, 0x
80003c44:	000001a7          	.insn	4, 0x01a7
80003c48:	005f 0000 01b2      	.insn	6, 0x01b20000005f
80003c4e:	0000                	.insn	2, 0x
80003c50:	02d8                	.insn	2, 0x02d8
80003c52:	0000                	.insn	2, 0x
80003c54:	009e                	.insn	2, 0x009e
80003c56:	0000                	.insn	2, 0x
80003c58:	0118                	.insn	2, 0x0118
80003c5a:	0000                	.insn	2, 0x
80003c5c:	0002                	.insn	2, 0x0002
80003c5e:	0000                	.insn	2, 0x
80003c60:	0000018b          	.insn	4, 0x018b
80003c64:	0054                	.insn	2, 0x0054
80003c66:	0000                	.insn	2, 0x
80003c68:	02b0                	.insn	2, 0x02b0
80003c6a:	0000                	.insn	2, 0x
80003c6c:	000000f7          	.insn	4, 0x00f7
80003c70:	0000038f          	.insn	4, 0x038f
80003c74:	0031                	.insn	2, 0x0031
80003c76:	0000                	.insn	2, 0x
80003c78:	01dc                	.insn	2, 0x01dc
80003c7a:	0000                	.insn	2, 0x
80003c7c:	000001b3          	add	gp,zero,zero
80003c80:	0000032f          	.insn	4, 0x032f
80003c84:	0318                	.insn	2, 0x0318
80003c86:	0000                	.insn	2, 0x
80003c88:	02d9                	.insn	2, 0x02d9
80003c8a:	0000                	.insn	2, 0x
80003c8c:	0365                	.insn	2, 0x0365
80003c8e:	0000                	.insn	2, 0x
80003c90:	0109                	.insn	2, 0x0109
80003c92:	0000                	.insn	2, 0x
80003c94:	01e6                	.insn	2, 0x01e6
80003c96:	0000                	.insn	2, 0x
80003c98:	007f 0000 019e 0000 	.insn	10, 0x00ec0000019e0000007f
80003ca0:	00ec 
80003ca2:	0000                	.insn	2, 0x
80003ca4:	0171                	.insn	2, 0x0171
80003ca6:	0000                	.insn	2, 0x
80003ca8:	00d6                	.insn	2, 0x00d6
80003caa:	0000                	.insn	2, 0x
80003cac:	0224                	.insn	2, 0x0224
80003cae:	0000                	.insn	2, 0x
80003cb0:	00b4                	.insn	2, 0x00b4
80003cb2:	0000                	.insn	2, 0x
80003cb4:	0206                	.insn	2, 0x0206
80003cb6:	0000                	.insn	2, 0x
80003cb8:	0006                	.insn	2, 0x0006
80003cba:	0000                	.insn	2, 0x
80003cbc:	0378                	.insn	2, 0x0378
80003cbe:	0000                	.insn	2, 0x
80003cc0:	000001f7          	.insn	4, 0x01f7
80003cc4:	02aa                	.insn	2, 0x02aa
80003cc6:	0000                	.insn	2, 0x
80003cc8:	0254                	.insn	2, 0x0254
80003cca:	0000                	.insn	2, 0x
80003ccc:	011c                	.insn	2, 0x011c
80003cce:	0000                	.insn	2, 0x
80003cd0:	00ad                	.insn	2, 0x00ad
80003cd2:	0000                	.insn	2, 0x
80003cd4:	0108                	.insn	2, 0x0108
80003cd6:	0000                	.insn	2, 0x
80003cd8:	00000283          	lb	t0,0(zero) # 0 <buf.2>
80003cdc:	000001f3          	.insn	4, 0x01f3
80003ce0:	015a                	.insn	2, 0x015a
80003ce2:	0000                	.insn	2, 0x
80003ce4:	0122                	.insn	2, 0x0122
80003ce6:	0000                	.insn	2, 0x
80003ce8:	00000257          	.insn	4, 0x0257
80003cec:	0381                	.insn	2, 0x0381
80003cee:	0000                	.insn	2, 0x
80003cf0:	0044                	.insn	2, 0x0044
80003cf2:	0000                	.insn	2, 0x
80003cf4:	000000d7          	.insn	4, 0x00d7
80003cf8:	0351                	.insn	2, 0x0351
80003cfa:	0000                	.insn	2, 0x
80003cfc:	000002db          	.insn	4, 0x02db
80003d00:	0292                	.insn	2, 0x0292
80003d02:	0000                	.insn	2, 0x
80003d04:	02b0                	.insn	2, 0x02b0
80003d06:	0000                	.insn	2, 0x
80003d08:	0000026b          	.insn	4, 0x026b
80003d0c:	000000fb          	.insn	4, 0x00fb
80003d10:	0079                	.insn	2, 0x0079
80003d12:	0000                	.insn	2, 0x
80003d14:	0312                	.insn	2, 0x0312
80003d16:	0000                	.insn	2, 0x
80003d18:	00000083          	lb	ra,0(zero) # 0 <buf.2>
80003d1c:	0000022b          	.insn	4, 0x022b
80003d20:	033c                	.insn	2, 0x033c
80003d22:	0000                	.insn	2, 0x
80003d24:	012e                	.insn	2, 0x012e
80003d26:	0000                	.insn	2, 0x
80003d28:	0000029b          	.insn	4, 0x029b
80003d2c:	0210                	.insn	2, 0x0210
80003d2e:	0000                	.insn	2, 0x
80003d30:	01b1                	.insn	2, 0x01b1
80003d32:	0000                	.insn	2, 0x
80003d34:	0220                	.insn	2, 0x0220
80003d36:	0000                	.insn	2, 0x
80003d38:	000001e7          	jalr	gp,zero # 0 <buf.2>
80003d3c:	0142                	.insn	2, 0x0142
80003d3e:	0000                	.insn	2, 0x
80003d40:	02f1                	.insn	2, 0x02f1
80003d42:	0000                	.insn	2, 0x
80003d44:	000003b3          	add	t2,zero,zero
80003d48:	007d                	.insn	2, 0x007d
80003d4a:	0000                	.insn	2, 0x
80003d4c:	011f 0000 0272      	.insn	6, 0x02720000011f
80003d52:	0000                	.insn	2, 0x
80003d54:	0338                	.insn	2, 0x0338
80003d56:	0000                	.insn	2, 0x
80003d58:	000e                	.insn	2, 0x000e
80003d5a:	0000                	.insn	2, 0x
80003d5c:	0130                	.insn	2, 0x0130
80003d5e:	0000                	.insn	2, 0x
80003d60:	000a                	.insn	2, 0x000a
80003d62:	0000                	.insn	2, 0x
80003d64:	0314                	.insn	2, 0x0314
80003d66:	0000                	.insn	2, 0x
80003d68:	00000193          	li	gp,0
80003d6c:	02dd                	.insn	2, 0x02dd
80003d6e:	0000                	.insn	2, 0x
80003d70:	006a                	.insn	2, 0x006a
80003d72:	0000                	.insn	2, 0x
80003d74:	000003bf 000002bf 	.insn	8, 0x02bf000003bf
80003d7c:	016e                	.insn	2, 0x016e
80003d7e:	0000                	.insn	2, 0x
80003d80:	0332                	.insn	2, 0x0332
80003d82:	0000                	.insn	2, 0x
80003d84:	02d2                	.insn	2, 0x02d2
80003d86:	0000                	.insn	2, 0x
80003d88:	03c4                	.insn	2, 0x03c4
80003d8a:	0000                	.insn	2, 0x
80003d8c:	0126                	.insn	2, 0x0126
80003d8e:	0000                	.insn	2, 0x
80003d90:	0196                	.insn	2, 0x0196
80003d92:	0000                	.insn	2, 0x
80003d94:	000003cf          	.insn	4, 0x03cf
80003d98:	036a                	.insn	2, 0x036a
80003d9a:	0000                	.insn	2, 0x
80003d9c:	028d                	.insn	2, 0x028d
80003d9e:	0000                	.insn	2, 0x
80003da0:	0358                	.insn	2, 0x0358
80003da2:	0000                	.insn	2, 0x
80003da4:	02ec                	.insn	2, 0x02ec
80003da6:	0000                	.insn	2, 0x
80003da8:	0056                	.insn	2, 0x0056
80003daa:	0000                	.insn	2, 0x
80003dac:	0000005b          	.insn	4, 0x005b
80003db0:	003c                	.insn	2, 0x003c
80003db2:	0000                	.insn	2, 0x
80003db4:	017a                	.insn	2, 0x017a
80003db6:	0000                	.insn	2, 0x
80003db8:	0294                	.insn	2, 0x0294
80003dba:	0000                	.insn	2, 0x
80003dbc:	0069                	.insn	2, 0x0069
80003dbe:	0000                	.insn	2, 0x
80003dc0:	0000029b          	.insn	4, 0x029b
80003dc4:	0066                	.insn	2, 0x0066
80003dc6:	0000                	.insn	2, 0x
80003dc8:	0099                	.insn	2, 0x0099
80003dca:	0000                	.insn	2, 0x
80003dcc:	017d                	.insn	2, 0x017d
80003dce:	0000                	.insn	2, 0x
80003dd0:	0079                	.insn	2, 0x0079
80003dd2:	0000                	.insn	2, 0x
80003dd4:	0000028b          	.insn	4, 0x028b
80003dd8:	0062                	.insn	2, 0x0062
80003dda:	0000                	.insn	2, 0x
80003ddc:	0339                	.insn	2, 0x0339
80003dde:	0000                	.insn	2, 0x
80003de0:	019c                	.insn	2, 0x019c
80003de2:	0000                	.insn	2, 0x
80003de4:	0348                	.insn	2, 0x0348
80003de6:	0000                	.insn	2, 0x
80003de8:	00ec                	.insn	2, 0x00ec
80003dea:	0000                	.insn	2, 0x
80003dec:	0164                	.insn	2, 0x0164
80003dee:	0000                	.insn	2, 0x
80003df0:	000c                	.insn	2, 0x000c
80003df2:	0000                	.insn	2, 0x
80003df4:	0094                	.insn	2, 0x0094
80003df6:	0000                	.insn	2, 0x
80003df8:	000001a7          	.insn	4, 0x01a7
80003dfc:	0036                	.insn	2, 0x0036
80003dfe:	0000                	.insn	2, 0x
80003e00:	03c5                	.insn	2, 0x03c5
80003e02:	0000                	.insn	2, 0x
80003e04:	008c                	.insn	2, 0x008c
80003e06:	0000                	.insn	2, 0x
80003e08:	00d8                	.insn	2, 0x00d8
80003e0a:	0000                	.insn	2, 0x
80003e0c:	000003bb          	.insn	4, 0x03bb
80003e10:	026d                	.insn	2, 0x026d
80003e12:	0000                	.insn	2, 0x
80003e14:	00000157          	.insn	4, 0x0157
80003e18:	0169                	.insn	2, 0x0169
80003e1a:	0000                	.insn	2, 0x
80003e1c:	0215                	.insn	2, 0x0215
80003e1e:	0000                	.insn	2, 0x
80003e20:	0399                	.insn	2, 0x0399
80003e22:	0000                	.insn	2, 0x
80003e24:	02f5                	.insn	2, 0x02f5
80003e26:	0000                	.insn	2, 0x
80003e28:	000002cb          	.insn	4, 0x02cb
80003e2c:	0209                	.insn	2, 0x0209
80003e2e:	0000                	.insn	2, 0x
80003e30:	00000287          	.insn	4, 0x0287
80003e34:	0345                	.insn	2, 0x0345
80003e36:	0000                	.insn	2, 0x
80003e38:	0000012b          	.insn	4, 0x012b
80003e3c:	0250                	.insn	2, 0x0250
80003e3e:	0000                	.insn	2, 0x
80003e40:	0376                	.insn	2, 0x0376
80003e42:	0000                	.insn	2, 0x
80003e44:	000d                	.insn	2, 0x000d
80003e46:	0000                	.insn	2, 0x
80003e48:	02aa                	.insn	2, 0x02aa
80003e4a:	0000                	.insn	2, 0x
80003e4c:	00ad                	.insn	2, 0x00ad
80003e4e:	0000                	.insn	2, 0x
80003e50:	0024                	.insn	2, 0x0024
80003e52:	0000                	.insn	2, 0x
80003e54:	0000003f 000001ed 	.insn	8, 0x01ed0000003f
80003e5c:	0079                	.insn	2, 0x0079
80003e5e:	0000                	.insn	2, 0x
80003e60:	00000227          	.insn	4, 0x0227
80003e64:	0085                	.insn	2, 0x0085
80003e66:	0000                	.insn	2, 0x
80003e68:	0219                	.insn	2, 0x0219
80003e6a:	0000                	.insn	2, 0x
80003e6c:	02f6                	.insn	2, 0x02f6
80003e6e:	0000                	.insn	2, 0x
80003e70:	03c9                	.insn	2, 0x03c9
80003e72:	0000                	.insn	2, 0x
80003e74:	0174                	.insn	2, 0x0174
80003e76:	0000                	.insn	2, 0x
80003e78:	00000283          	lb	t0,0(zero) # 0 <buf.2>
80003e7c:	000003b7          	lui	t2,0x0
80003e80:	01b2                	.insn	2, 0x01b2
80003e82:	0000                	.insn	2, 0x
80003e84:	00000027          	.insn	4, 0x0027
80003e88:	019f 0000 0081      	.insn	6, 0x00810000019f
80003e8e:	0000                	.insn	2, 0x
80003e90:	0000012f          	.insn	4, 0x012f
80003e94:	006e                	.insn	2, 0x006e
80003e96:	0000                	.insn	2, 0x
80003e98:	01b6                	.insn	2, 0x01b6
80003e9a:	0000                	.insn	2, 0x
80003e9c:	0000034f          	.insn	4, 0x034f
80003ea0:	035c                	.insn	2, 0x035c
80003ea2:	0000                	.insn	2, 0x
80003ea4:	01b5                	.insn	2, 0x01b5
80003ea6:	0000                	.insn	2, 0x
80003ea8:	000000cb          	.insn	4, 0x00cb
80003eac:	00ff 0000 01de 0000 	.insn	10, 0x010d000001de000000ff
80003eb4:	010d 
80003eb6:	0000                	.insn	2, 0x
80003eb8:	03dc                	.insn	2, 0x03dc
80003eba:	0000                	.insn	2, 0x
80003ebc:	0199                	.insn	2, 0x0199
80003ebe:	0000                	.insn	2, 0x
80003ec0:	000002a3          	sb	zero,5(zero) # 5 <buf.2+0x5>
80003ec4:	0274                	.insn	2, 0x0274
80003ec6:	0000                	.insn	2, 0x
80003ec8:	000002cf          	.insn	4, 0x02cf
80003ecc:	0000018f          	.insn	4, 0x018f
80003ed0:	03de                	.insn	2, 0x03de
80003ed2:	0000                	.insn	2, 0x
80003ed4:	0225                	.insn	2, 0x0225
80003ed6:	0000                	.insn	2, 0x
80003ed8:	0152                	.insn	2, 0x0152
80003eda:	0000                	.insn	2, 0x
80003edc:	02f1                	.insn	2, 0x02f1
80003ede:	0000                	.insn	2, 0x
80003ee0:	01c2                	.insn	2, 0x01c2
80003ee2:	0000                	.insn	2, 0x
80003ee4:	0234                	.insn	2, 0x0234
80003ee6:	0000                	.insn	2, 0x
80003ee8:	0279                	.insn	2, 0x0279
80003eea:	0000                	.insn	2, 0x
80003eec:	000000ab          	.insn	4, 0x00ab
80003ef0:	0000009b          	.insn	4, 0x009b
80003ef4:	00000013          	nop
80003ef8:	0286                	.insn	2, 0x0286
80003efa:	0000                	.insn	2, 0x
80003efc:	000002d7          	.insn	4, 0x02d7
80003f00:	01c4                	.insn	2, 0x01c4
80003f02:	0000                	.insn	2, 0x
80003f04:	01f5                	.insn	2, 0x01f5
80003f06:	0000                	.insn	2, 0x
80003f08:	000001ab          	.insn	4, 0x01ab
80003f0c:	0309                	.insn	2, 0x0309
80003f0e:	0000                	.insn	2, 0x
80003f10:	01fd                	.insn	2, 0x01fd
80003f12:	0000                	.insn	2, 0x
80003f14:	0000002b          	.insn	4, 0x002b
80003f18:	03dc                	.insn	2, 0x03dc
80003f1a:	0000                	.insn	2, 0x
80003f1c:	02f1                	.insn	2, 0x02f1
80003f1e:	0000                	.insn	2, 0x
80003f20:	01aa                	.insn	2, 0x01aa
80003f22:	0000                	.insn	2, 0x
80003f24:	0051                	.insn	2, 0x0051
80003f26:	0000                	.insn	2, 0x
80003f28:	000c                	.insn	2, 0x000c
80003f2a:	0000                	.insn	2, 0x
80003f2c:	00ca                	.insn	2, 0x00ca
80003f2e:	0000                	.insn	2, 0x
80003f30:	000001e3          	beqz	zero,80004732 <input_data+0xf56>
80003f34:	0355                	.insn	2, 0x0355
80003f36:	0000                	.insn	2, 0x
80003f38:	008e                	.insn	2, 0x008e
80003f3a:	0000                	.insn	2, 0x
80003f3c:	0099                	.insn	2, 0x0099
80003f3e:	0000                	.insn	2, 0x
80003f40:	00000153          	.insn	4, 0x0153
80003f44:	02f8                	.insn	2, 0x02f8
80003f46:	0000                	.insn	2, 0x
80003f48:	0186                	.insn	2, 0x0186
80003f4a:	0000                	.insn	2, 0x
80003f4c:	0165                	.insn	2, 0x0165
80003f4e:	0000                	.insn	2, 0x
80003f50:	0032                	.insn	2, 0x0032
80003f52:	0000                	.insn	2, 0x
80003f54:	000003af          	.insn	4, 0x03af
80003f58:	000000ab          	.insn	4, 0x00ab
80003f5c:	039a                	.insn	2, 0x039a
80003f5e:	0000                	.insn	2, 0x
80003f60:	0259                	.insn	2, 0x0259
80003f62:	0000                	.insn	2, 0x
80003f64:	0148                	.insn	2, 0x0148
80003f66:	0000                	.insn	2, 0x
80003f68:	0069                	.insn	2, 0x0069
80003f6a:	0000                	.insn	2, 0x
80003f6c:	01f0                	.insn	2, 0x01f0
80003f6e:	0000                	.insn	2, 0x
80003f70:	03c8                	.insn	2, 0x03c8
80003f72:	0000                	.insn	2, 0x
80003f74:	01ba                	.insn	2, 0x01ba
80003f76:	0000                	.insn	2, 0x
80003f78:	0079                	.insn	2, 0x0079
80003f7a:	0000                	.insn	2, 0x
80003f7c:	0204                	.insn	2, 0x0204
80003f7e:	0000                	.insn	2, 0x
80003f80:	0000036f          	jal	t1,80003f80 <input_data+0x7a4>
80003f84:	0281                	.insn	2, 0x0281
80003f86:	0000                	.insn	2, 0x
80003f88:	0051                	.insn	2, 0x0051
80003f8a:	0000                	.insn	2, 0x
80003f8c:	0114                	.insn	2, 0x0114
80003f8e:	0000                	.insn	2, 0x
80003f90:	0366                	.insn	2, 0x0366
80003f92:	0000                	.insn	2, 0x
80003f94:	0312                	.insn	2, 0x0312
80003f96:	0000                	.insn	2, 0x
80003f98:	0258                	.insn	2, 0x0258
80003f9a:	0000                	.insn	2, 0x
80003f9c:	0071                	.insn	2, 0x0071
80003f9e:	0000                	.insn	2, 0x
80003fa0:	0000025b          	.insn	4, 0x025b
80003fa4:	034a                	.insn	2, 0x034a
80003fa6:	0000                	.insn	2, 0x
80003fa8:	00000367          	jalr	t1,zero # 0 <buf.2>
80003fac:	0000038b          	.insn	4, 0x038b
80003fb0:	00000377          	.insn	4, 0x0377
80003fb4:	00000113          	li	sp,0
80003fb8:	0262                	.insn	2, 0x0262
80003fba:	0000                	.insn	2, 0x
80003fbc:	00ed                	.insn	2, 0x00ed
80003fbe:	0000                	.insn	2, 0x
80003fc0:	0194                	.insn	2, 0x0194
80003fc2:	0000                	.insn	2, 0x
80003fc4:	0020                	.insn	2, 0x0020
80003fc6:	0000                	.insn	2, 0x
80003fc8:	00ea                	.insn	2, 0x00ea
80003fca:	0000                	.insn	2, 0x
80003fcc:	0310                	.insn	2, 0x0310
80003fce:	0000                	.insn	2, 0x
80003fd0:	02e9                	.insn	2, 0x02e9
80003fd2:	0000                	.insn	2, 0x
80003fd4:	0235                	.insn	2, 0x0235
80003fd6:	0000                	.insn	2, 0x
80003fd8:	020e                	.insn	2, 0x020e
80003fda:	0000                	.insn	2, 0x
80003fdc:	0165                	.insn	2, 0x0165
80003fde:	0000                	.insn	2, 0x
80003fe0:	00000113          	li	sp,0
80003fe4:	00000323          	sb	zero,6(zero) # 6 <buf.2+0x6>
80003fe8:	01b9                	.insn	2, 0x01b9
80003fea:	0000                	.insn	2, 0x
80003fec:	00000333          	add	t1,zero,zero
80003ff0:	00e2                	.insn	2, 0x00e2
80003ff2:	0000                	.insn	2, 0x
80003ff4:	000002ef          	jal	t0,80003ff4 <input_data+0x818>
80003ff8:	02f0                	.insn	2, 0x02f0
80003ffa:	0000                	.insn	2, 0x
80003ffc:	0118                	.insn	2, 0x0118
80003ffe:	0000                	.insn	2, 0x
80004000:	000003af          	.insn	4, 0x03af
80004004:	0055                	.insn	2, 0x0055
80004006:	0000                	.insn	2, 0x
80004008:	02d6                	.insn	2, 0x02d6
8000400a:	0000                	.insn	2, 0x
8000400c:	01ca                	.insn	2, 0x01ca
8000400e:	0000                	.insn	2, 0x
80004010:	02c5                	.insn	2, 0x02c5
80004012:	0000                	.insn	2, 0x
80004014:	01c6                	.insn	2, 0x01c6
80004016:	0000                	.insn	2, 0x
80004018:	00c9                	.insn	2, 0x00c9
8000401a:	0000                	.insn	2, 0x
8000401c:	02c6                	.insn	2, 0x02c6
8000401e:	0000                	.insn	2, 0x
80004020:	0036                	.insn	2, 0x0036
80004022:	0000                	.insn	2, 0x
80004024:	000001cb          	.insn	4, 0x01cb
80004028:	02f6                	.insn	2, 0x02f6
8000402a:	0000                	.insn	2, 0x
8000402c:	0029                	.insn	2, 0x0029
8000402e:	0000                	.insn	2, 0x
80004030:	0035                	.insn	2, 0x0035
80004032:	0000                	.insn	2, 0x
80004034:	00fd                	.insn	2, 0x00fd
80004036:	0000                	.insn	2, 0x
80004038:	018d                	.insn	2, 0x018d
8000403a:	0000                	.insn	2, 0x
8000403c:	0179                	.insn	2, 0x0179
8000403e:	0000                	.insn	2, 0x
80004040:	0029                	.insn	2, 0x0029
80004042:	0000                	.insn	2, 0x
80004044:	01fc                	.insn	2, 0x01fc
80004046:	0000                	.insn	2, 0x
80004048:	008d                	.insn	2, 0x008d
8000404a:	0000                	.insn	2, 0x
8000404c:	02bc                	.insn	2, 0x02bc
8000404e:	0000                	.insn	2, 0x
80004050:	01a0                	.insn	2, 0x01a0
80004052:	0000                	.insn	2, 0x
80004054:	035c                	.insn	2, 0x035c
80004056:	0000                	.insn	2, 0x
80004058:	000002eb          	.insn	4, 0x02eb
8000405c:	01e0                	.insn	2, 0x01e0
8000405e:	0000                	.insn	2, 0x
80004060:	000000db          	.insn	4, 0x00db
80004064:	02e5                	.insn	2, 0x02e5
80004066:	0000                	.insn	2, 0x
80004068:	01de                	.insn	2, 0x01de
8000406a:	0000                	.insn	2, 0x
8000406c:	000001f3          	.insn	4, 0x01f3
80004070:	0302                	.insn	2, 0x0302
80004072:	0000                	.insn	2, 0x
80004074:	02c5                	.insn	2, 0x02c5
80004076:	0000                	.insn	2, 0x
80004078:	00b4                	.insn	2, 0x00b4
8000407a:	0000                	.insn	2, 0x
8000407c:	0031                	.insn	2, 0x0031
8000407e:	0000                	.insn	2, 0x
80004080:	01e2                	.insn	2, 0x01e2
80004082:	0000                	.insn	2, 0x
80004084:	00000173          	.insn	4, 0x0173
80004088:	000002b3          	add	t0,zero,zero
8000408c:	0369                	.insn	2, 0x0369
8000408e:	0000                	.insn	2, 0x
80004090:	02d5                	.insn	2, 0x02d5
80004092:	0000                	.insn	2, 0x
80004094:	03b1                	.insn	2, 0x03b1
80004096:	0000                	.insn	2, 0x
80004098:	00ad                	.insn	2, 0x00ad
8000409a:	0000                	.insn	2, 0x
8000409c:	03e0                	.insn	2, 0x03e0
8000409e:	0000                	.insn	2, 0x
800040a0:	00ba                	.insn	2, 0x00ba
800040a2:	0000                	.insn	2, 0x
800040a4:	020e                	.insn	2, 0x020e
800040a6:	0000                	.insn	2, 0x
800040a8:	0392                	.insn	2, 0x0392
800040aa:	0000                	.insn	2, 0x
800040ac:	02d1                	.insn	2, 0x02d1
800040ae:	0000                	.insn	2, 0x
800040b0:	0001                	.insn	2, 0x0001
800040b2:	0000                	.insn	2, 0x
800040b4:	000001b3          	add	gp,zero,zero
800040b8:	000003c3          	.insn	4, 0x03c3
800040bc:	00e8                	.insn	2, 0x00e8
800040be:	0000                	.insn	2, 0x
800040c0:	000000f7          	.insn	4, 0x00f7
800040c4:	01f1                	.insn	2, 0x01f1
800040c6:	0000                	.insn	2, 0x
800040c8:	01d0                	.insn	2, 0x01d0
800040ca:	0000                	.insn	2, 0x
800040cc:	02b9                	.insn	2, 0x02b9
800040ce:	0000                	.insn	2, 0x
800040d0:	016a                	.insn	2, 0x016a
800040d2:	0000                	.insn	2, 0x
800040d4:	001e                	.insn	2, 0x001e
800040d6:	0000                	.insn	2, 0x
800040d8:	0209                	.insn	2, 0x0209
800040da:	0000                	.insn	2, 0x
800040dc:	015c                	.insn	2, 0x015c
800040de:	0000                	.insn	2, 0x
800040e0:	00e9                	.insn	2, 0x00e9
800040e2:	0000                	.insn	2, 0x
800040e4:	00fa                	.insn	2, 0x00fa
800040e6:	0000                	.insn	2, 0x
800040e8:	0078                	.insn	2, 0x0078
800040ea:	0000                	.insn	2, 0x
800040ec:	015e                	.insn	2, 0x015e
800040ee:	0000                	.insn	2, 0x
800040f0:	0028                	.insn	2, 0x0028
800040f2:	0000                	.insn	2, 0x
800040f4:	00fa                	.insn	2, 0x00fa
800040f6:	0000                	.insn	2, 0x
800040f8:	0000030b          	.insn	4, 0x030b
800040fc:	023d                	.insn	2, 0x023d
800040fe:	0000                	.insn	2, 0x
80004100:	000000c3          	.insn	4, 0x00c3
80004104:	0310                	.insn	2, 0x0310
80004106:	0000                	.insn	2, 0x
80004108:	00a1                	.insn	2, 0x00a1
8000410a:	0000                	.insn	2, 0x
8000410c:	02ed                	.insn	2, 0x02ed
8000410e:	0000                	.insn	2, 0x
80004110:	000002e7          	jalr	t0,zero # 0 <buf.2>
80004114:	01f6                	.insn	2, 0x01f6
80004116:	0000                	.insn	2, 0x
80004118:	000001b7          	lui	gp,0x0
8000411c:	00000337          	lui	t1,0x0
80004120:	00000163          	beqz	zero,80004122 <input_data+0x946>
80004124:	033a                	.insn	2, 0x033a
80004126:	0000                	.insn	2, 0x
80004128:	00000193          	li	gp,0
8000412c:	00aa                	.insn	2, 0x00aa
8000412e:	0000                	.insn	2, 0x
80004130:	008d                	.insn	2, 0x008d
80004132:	0000                	.insn	2, 0x
80004134:	00a0                	.insn	2, 0x00a0
80004136:	0000                	.insn	2, 0x
80004138:	0279                	.insn	2, 0x0279
8000413a:	0000                	.insn	2, 0x
8000413c:	02a2                	.insn	2, 0x02a2
8000413e:	0000                	.insn	2, 0x
80004140:	0121                	.insn	2, 0x0121
80004142:	0000                	.insn	2, 0x
80004144:	0020                	.insn	2, 0x0020
80004146:	0000                	.insn	2, 0x
80004148:	030e                	.insn	2, 0x030e
8000414a:	0000                	.insn	2, 0x
8000414c:	00ca                	.insn	2, 0x00ca
8000414e:	0000                	.insn	2, 0x
80004150:	0140                	.insn	2, 0x0140
80004152:	0000                	.insn	2, 0x
80004154:	0000008f          	.insn	4, 0x008f
80004158:	027c                	.insn	2, 0x027c
8000415a:	0000                	.insn	2, 0x
8000415c:	0355                	.insn	2, 0x0355
8000415e:	0000                	.insn	2, 0x
80004160:	0076                	.insn	2, 0x0076
80004162:	0000                	.insn	2, 0x
80004164:	005a                	.insn	2, 0x005a
80004166:	0000                	.insn	2, 0x
80004168:	0354                	.insn	2, 0x0354
8000416a:	0000                	.insn	2, 0x
8000416c:	018a                	.insn	2, 0x018a
8000416e:	0000                	.insn	2, 0x
80004170:	0046                	.insn	2, 0x0046
80004172:	0000                	.insn	2, 0x
80004174:	0000006b          	.insn	4, 0x006b
80004178:	0330                	.insn	2, 0x0330
8000417a:	0000                	.insn	2, 0x
8000417c:	00000357          	.insn	4, 0x0357
80004180:	0184                	.insn	2, 0x0184
80004182:	0000                	.insn	2, 0x
80004184:	006a                	.insn	2, 0x006a
80004186:	0000                	.insn	2, 0x
80004188:	03ba                	.insn	2, 0x03ba
8000418a:	0000                	.insn	2, 0x
8000418c:	009d                	.insn	2, 0x009d
8000418e:	0000                	.insn	2, 0x
80004190:	0024                	.insn	2, 0x0024
80004192:	0000                	.insn	2, 0x
80004194:	0006                	.insn	2, 0x0006
80004196:	0000                	.insn	2, 0x
80004198:	0010                	.insn	2, 0x0010
8000419a:	0000                	.insn	2, 0x
8000419c:	02fd                	.insn	2, 0x02fd
8000419e:	0000                	.insn	2, 0x
800041a0:	02ba                	.insn	2, 0x02ba
800041a2:	0000                	.insn	2, 0x
800041a4:	00cc                	.insn	2, 0x00cc
800041a6:	0000                	.insn	2, 0x
800041a8:	000002b7          	lui	t0,0x0
800041ac:	00c2                	.insn	2, 0x00c2
800041ae:	0000                	.insn	2, 0x
800041b0:	02a5                	.insn	2, 0x02a5
800041b2:	0000                	.insn	2, 0x
800041b4:	023e                	.insn	2, 0x023e
800041b6:	0000                	.insn	2, 0x
800041b8:	0256                	.insn	2, 0x0256
800041ba:	0000                	.insn	2, 0x
800041bc:	00da                	.insn	2, 0x00da
800041be:	0000                	.insn	2, 0x
800041c0:	00000373          	.insn	4, 0x0373
800041c4:	020e                	.insn	2, 0x020e
800041c6:	0000                	.insn	2, 0x
800041c8:	0338                	.insn	2, 0x0338
800041ca:	0000                	.insn	2, 0x
800041cc:	00b1                	.insn	2, 0x00b1
800041ce:	0000                	.insn	2, 0x
800041d0:	02ea                	.insn	2, 0x02ea
800041d2:	0000                	.insn	2, 0x
800041d4:	000000ef          	jal	800041d4 <input_data+0x9f8>
800041d8:	01ce                	.insn	2, 0x01ce
800041da:	0000                	.insn	2, 0x
800041dc:	02ba                	.insn	2, 0x02ba
800041de:	0000                	.insn	2, 0x
800041e0:	01ff 0000 02f5 0000 	.insn	10, 0x0216000002f5000001ff
800041e8:	0216 
800041ea:	0000                	.insn	2, 0x
800041ec:	02c2                	.insn	2, 0x02c2
800041ee:	0000                	.insn	2, 0x
800041f0:	01b8                	.insn	2, 0x01b8
800041f2:	0000                	.insn	2, 0x
800041f4:	0031                	.insn	2, 0x0031
800041f6:	0000                	.insn	2, 0x
800041f8:	01ac                	.insn	2, 0x01ac
800041fa:	0000                	.insn	2, 0x
800041fc:	0054                	.insn	2, 0x0054
800041fe:	0000                	.insn	2, 0x
80004200:	02dc                	.insn	2, 0x02dc
80004202:	0000                	.insn	2, 0x
80004204:	031f 0000 02d6      	.insn	6, 0x02d60000031f
8000420a:	0000                	.insn	2, 0x
8000420c:	037d                	.insn	2, 0x037d
8000420e:	0000                	.insn	2, 0x
80004210:	02be                	.insn	2, 0x02be
80004212:	0000                	.insn	2, 0x
80004214:	0200                	.insn	2, 0x0200
80004216:	0000                	.insn	2, 0x
80004218:	00000223          	sb	zero,4(zero) # 4 <buf.2+0x4>
8000421c:	0175                	.insn	2, 0x0175
8000421e:	0000                	.insn	2, 0x
80004220:	0056                	.insn	2, 0x0056
80004222:	0000                	.insn	2, 0x
80004224:	01ec                	.insn	2, 0x01ec
80004226:	0000                	.insn	2, 0x
80004228:	031e                	.insn	2, 0x031e
8000422a:	0000                	.insn	2, 0x
8000422c:	000e                	.insn	2, 0x000e
8000422e:	0000                	.insn	2, 0x
80004230:	000000d7          	.insn	4, 0x00d7
80004234:	026d                	.insn	2, 0x026d
80004236:	0000                	.insn	2, 0x
80004238:	0015                	.insn	2, 0x0015
8000423a:	0000                	.insn	2, 0x
8000423c:	00000053          	.insn	4, 0x0053
80004240:	0000028b          	.insn	4, 0x028b
80004244:	00000067          	jr	zero # 0 <buf.2>
80004248:	0000003b          	.insn	4, 0x003b
8000424c:	031a                	.insn	2, 0x031a
8000424e:	0000                	.insn	2, 0x
80004250:	01ad                	.insn	2, 0x01ad
80004252:	0000                	.insn	2, 0x
80004254:	0399                	.insn	2, 0x0399
80004256:	0000                	.insn	2, 0x
80004258:	0291                	.insn	2, 0x0291
8000425a:	0000                	.insn	2, 0x
8000425c:	00000283          	lb	t0,0(zero) # 0 <buf.2>
80004260:	0060                	.insn	2, 0x0060
80004262:	0000                	.insn	2, 0x
80004264:	0370                	.insn	2, 0x0370
80004266:	0000                	.insn	2, 0x
80004268:	03cd                	.insn	2, 0x03cd
8000426a:	0000                	.insn	2, 0x
8000426c:	0342                	.insn	2, 0x0342
8000426e:	0000                	.insn	2, 0x
80004270:	00000293          	li	t0,0
80004274:	000000ef          	jal	80004274 <input_data+0xa98>
80004278:	03c6                	.insn	2, 0x03c6
8000427a:	0000                	.insn	2, 0x
8000427c:	01ce                	.insn	2, 0x01ce
8000427e:	0000                	.insn	2, 0x
80004280:	020c                	.insn	2, 0x020c
80004282:	0000                	.insn	2, 0x
80004284:	0072                	.insn	2, 0x0072
80004286:	0000                	.insn	2, 0x
80004288:	003e                	.insn	2, 0x003e
8000428a:	0000                	.insn	2, 0x
8000428c:	0231                	.insn	2, 0x0231
8000428e:	0000                	.insn	2, 0x
80004290:	0271                	.insn	2, 0x0271
80004292:	0000                	.insn	2, 0x
80004294:	0211                	.insn	2, 0x0211
80004296:	0000                	.insn	2, 0x
80004298:	0000012f          	.insn	4, 0x012f
8000429c:	000a                	.insn	2, 0x000a
8000429e:	0000                	.insn	2, 0x
800042a0:	02ca                	.insn	2, 0x02ca
800042a2:	0000                	.insn	2, 0x
800042a4:	03e5                	.insn	2, 0x03e5
800042a6:	0000                	.insn	2, 0x
800042a8:	0199                	.insn	2, 0x0199
800042aa:	0000                	.insn	2, 0x
800042ac:	0388                	.insn	2, 0x0388
800042ae:	0000                	.insn	2, 0x
800042b0:	00000037          	lui	zero,0x0
800042b4:	00000183          	lb	gp,0(zero) # 0 <buf.2>
800042b8:	02d8                	.insn	2, 0x02d8
800042ba:	0000                	.insn	2, 0x
800042bc:	00000197          	auipc	gp,0x0
800042c0:	0131                	.insn	2, 0x0131
800042c2:	0000                	.insn	2, 0x
800042c4:	0069                	.insn	2, 0x0069
800042c6:	0000                	.insn	2, 0x
800042c8:	01b4                	.insn	2, 0x01b4
800042ca:	0000                	.insn	2, 0x
800042cc:	0000022f          	.insn	4, 0x022f
800042d0:	0385                	.insn	2, 0x0385
800042d2:	0000                	.insn	2, 0x
800042d4:	03a8                	.insn	2, 0x03a8
800042d6:	0000                	.insn	2, 0x
800042d8:	0250                	.insn	2, 0x0250
800042da:	0000                	.insn	2, 0x
800042dc:	0200                	.insn	2, 0x0200
800042de:	0000                	.insn	2, 0x
800042e0:	000002b3          	add	t0,zero,zero
800042e4:	0199                	.insn	2, 0x0199
800042e6:	0000                	.insn	2, 0x
800042e8:	031c                	.insn	2, 0x031c
800042ea:	0000                	.insn	2, 0x
800042ec:	012e                	.insn	2, 0x012e
800042ee:	0000                	.insn	2, 0x
800042f0:	01f1                	.insn	2, 0x01f1
800042f2:	0000                	.insn	2, 0x
800042f4:	00ca                	.insn	2, 0x00ca
800042f6:	0000                	.insn	2, 0x
800042f8:	00b1                	.insn	2, 0x00b1
800042fa:	0000                	.insn	2, 0x
800042fc:	000001ab          	.insn	4, 0x01ab
80004300:	03ac                	.insn	2, 0x03ac
80004302:	0000                	.insn	2, 0x
80004304:	0265                	.insn	2, 0x0265
80004306:	0000                	.insn	2, 0x
80004308:	000003e3          	beqz	zero,80004b0e <input_data+0x1332>
8000430c:	00000167          	jalr	sp,zero # 0 <buf.2>
80004310:	01e0                	.insn	2, 0x01e0
80004312:	0000                	.insn	2, 0x
80004314:	0209                	.insn	2, 0x0209
80004316:	0000                	.insn	2, 0x
80004318:	009e                	.insn	2, 0x009e
8000431a:	0000                	.insn	2, 0x
8000431c:	02ac                	.insn	2, 0x02ac
8000431e:	0000                	.insn	2, 0x
80004320:	0336                	.insn	2, 0x0336
80004322:	0000                	.insn	2, 0x
80004324:	0016                	.insn	2, 0x0016
80004326:	0000                	.insn	2, 0x
80004328:	00000263          	beqz	zero,8000432c <input_data+0xb50>
8000432c:	00b9                	.insn	2, 0x00b9
8000432e:	0000                	.insn	2, 0x
80004330:	02a8                	.insn	2, 0x02a8
80004332:	0000                	.insn	2, 0x
80004334:	0138                	.insn	2, 0x0138
80004336:	0000                	.insn	2, 0x
80004338:	000e                	.insn	2, 0x000e
8000433a:	0000                	.insn	2, 0x
8000433c:	0000006b          	.insn	4, 0x006b
80004340:	0000006f          	j	80004340 <input_data+0xb64>
80004344:	0112                	.insn	2, 0x0112
80004346:	0000                	.insn	2, 0x
80004348:	031d                	.insn	2, 0x031d
8000434a:	0000                	.insn	2, 0x
8000434c:	00000183          	lb	gp,0(zero) # 0 <buf.2>
80004350:	00b9                	.insn	2, 0x00b9
80004352:	0000                	.insn	2, 0x
80004354:	00f2                	.insn	2, 0x00f2
80004356:	0000                	.insn	2, 0x
80004358:	0000                	.insn	2, 0x
8000435a:	0000                	.insn	2, 0x
8000435c:	01e6                	.insn	2, 0x01e6
8000435e:	0000                	.insn	2, 0x
80004360:	02ce                	.insn	2, 0x02ce
80004362:	0000                	.insn	2, 0x
80004364:	0069                	.insn	2, 0x0069
80004366:	0000                	.insn	2, 0x
80004368:	0060                	.insn	2, 0x0060
8000436a:	0000                	.insn	2, 0x
8000436c:	02ba                	.insn	2, 0x02ba
8000436e:	0000                	.insn	2, 0x
80004370:	02ed                	.insn	2, 0x02ed
80004372:	0000                	.insn	2, 0x
80004374:	00000383          	lb	t2,0(zero) # 0 <buf.2>
80004378:	000002e3          	beqz	zero,80004b7c <input_data+0x13a0>
8000437c:	0302                	.insn	2, 0x0302
8000437e:	0000                	.insn	2, 0x
80004380:	032e                	.insn	2, 0x032e
80004382:	0000                	.insn	2, 0x
80004384:	0284                	.insn	2, 0x0284
80004386:	0000                	.insn	2, 0x
80004388:	000001b3          	add	gp,zero,zero
8000438c:	0050                	.insn	2, 0x0050
8000438e:	0000                	.insn	2, 0x
80004390:	0146                	.insn	2, 0x0146
80004392:	0000                	.insn	2, 0x
80004394:	00a1                	.insn	2, 0x00a1
80004396:	0000                	.insn	2, 0x
80004398:	0025                	.insn	2, 0x0025
8000439a:	0000                	.insn	2, 0x
8000439c:	00000197          	auipc	gp,0x0
800043a0:	0021                	.insn	2, 0x0021
800043a2:	0000                	.insn	2, 0x
800043a4:	03b2                	.insn	2, 0x03b2
800043a6:	0000                	.insn	2, 0x
800043a8:	025d                	.insn	2, 0x025d
800043aa:	0000                	.insn	2, 0x
800043ac:	001e                	.insn	2, 0x001e
800043ae:	0000                	.insn	2, 0x
800043b0:	000003a7          	.insn	4, 0x03a7
800043b4:	0300                	.insn	2, 0x0300
800043b6:	0000                	.insn	2, 0x
800043b8:	0000001b          	.insn	4, 0x001b
800043bc:	0366                	.insn	2, 0x0366
800043be:	0000                	.insn	2, 0x
800043c0:	0058                	.insn	2, 0x0058
800043c2:	0000                	.insn	2, 0x
800043c4:	0071                	.insn	2, 0x0071
800043c6:	0000                	.insn	2, 0x
800043c8:	01b9                	.insn	2, 0x01b9
800043ca:	0000                	.insn	2, 0x
800043cc:	0094                	.insn	2, 0x0094
800043ce:	0000                	.insn	2, 0x
800043d0:	00000153          	.insn	4, 0x0153
800043d4:	003e                	.insn	2, 0x003e
800043d6:	0000                	.insn	2, 0x
800043d8:	0158                	.insn	2, 0x0158
800043da:	0000                	.insn	2, 0x
800043dc:	00000093          	li	ra,0
800043e0:	022a                	.insn	2, 0x022a
800043e2:	0000                	.insn	2, 0x
800043e4:	0346                	.insn	2, 0x0346
800043e6:	0000                	.insn	2, 0x
800043e8:	016d                	.insn	2, 0x016d
800043ea:	0000                	.insn	2, 0x
800043ec:	034d                	.insn	2, 0x034d
800043ee:	0000                	.insn	2, 0x
800043f0:	03ba                	.insn	2, 0x03ba
800043f2:	0000                	.insn	2, 0x
800043f4:	01b0                	.insn	2, 0x01b0
800043f6:	0000                	.insn	2, 0x
800043f8:	027f 0000 008d 0000 	.insn	10, 0x018c0000008d0000027f
80004400:	018c 
80004402:	0000                	.insn	2, 0x
80004404:	000000d3          	.insn	4, 0x00d3
80004408:	03df 0000 0331      	.insn	6, 0x0331000003df
8000440e:	0000                	.insn	2, 0x
80004410:	00f9                	.insn	2, 0x00f9
80004412:	0000                	.insn	2, 0x
80004414:	0335                	.insn	2, 0x0335
80004416:	0000                	.insn	2, 0x
80004418:	0152                	.insn	2, 0x0152
8000441a:	0000                	.insn	2, 0x
8000441c:	0232                	.insn	2, 0x0232
8000441e:	0000                	.insn	2, 0x
80004420:	0340                	.insn	2, 0x0340
80004422:	0000                	.insn	2, 0x
80004424:	016c                	.insn	2, 0x016c
80004426:	0000                	.insn	2, 0x
80004428:	03ce                	.insn	2, 0x03ce
8000442a:	0000                	.insn	2, 0x
8000442c:	00000267          	jalr	tp,zero # 0 <buf.2>
80004430:	0189                	.insn	2, 0x0189
80004432:	0000                	.insn	2, 0x
80004434:	000001ef          	jal	gp,80004434 <input_data+0xc58>
80004438:	010a                	.insn	2, 0x010a
8000443a:	0000                	.insn	2, 0x
8000443c:	032c                	.insn	2, 0x032c
8000443e:	0000                	.insn	2, 0x
80004440:	01d6                	.insn	2, 0x01d6
80004442:	0000                	.insn	2, 0x
80004444:	0394                	.insn	2, 0x0394
80004446:	0000                	.insn	2, 0x
80004448:	015c                	.insn	2, 0x015c
8000444a:	0000                	.insn	2, 0x
8000444c:	009f 0000 0150      	.insn	6, 0x01500000009f
80004452:	0000                	.insn	2, 0x
80004454:	01ae                	.insn	2, 0x01ae
80004456:	0000                	.insn	2, 0x
80004458:	000001a3          	sb	zero,3(zero) # 3 <buf.2+0x3>
8000445c:	00000323          	sb	zero,6(zero) # 6 <buf.2+0x6>
80004460:	00f9                	.insn	2, 0x00f9
80004462:	0000                	.insn	2, 0x
80004464:	00b4                	.insn	2, 0x00b4
80004466:	0000                	.insn	2, 0x
80004468:	000000d7          	.insn	4, 0x00d7
8000446c:	0220                	.insn	2, 0x0220
8000446e:	0000                	.insn	2, 0x
80004470:	021e                	.insn	2, 0x021e
80004472:	0000                	.insn	2, 0x
80004474:	0348                	.insn	2, 0x0348
80004476:	0000                	.insn	2, 0x
80004478:	00000387          	.insn	4, 0x0387
8000447c:	01ca                	.insn	2, 0x01ca
8000447e:	0000                	.insn	2, 0x
80004480:	027c                	.insn	2, 0x027c
80004482:	0000                	.insn	2, 0x
80004484:	0312                	.insn	2, 0x0312
80004486:	0000                	.insn	2, 0x
80004488:	02d9                	.insn	2, 0x02d9
8000448a:	0000                	.insn	2, 0x
8000448c:	0368                	.insn	2, 0x0368
8000448e:	0000                	.insn	2, 0x
80004490:	0245                	.insn	2, 0x0245
80004492:	0000                	.insn	2, 0x
80004494:	0000031b          	.insn	4, 0x031b
80004498:	0334                	.insn	2, 0x0334
8000449a:	0000                	.insn	2, 0x
8000449c:	0326                	.insn	2, 0x0326
8000449e:	0000                	.insn	2, 0x
800044a0:	029f 0000 02f6      	.insn	6, 0x02f60000029f
800044a6:	0000                	.insn	2, 0x
800044a8:	000003d3          	.insn	4, 0x03d3
800044ac:	0068                	.insn	2, 0x0068
800044ae:	0000                	.insn	2, 0x
800044b0:	01a2                	.insn	2, 0x01a2
800044b2:	0000                	.insn	2, 0x
800044b4:	0191                	.insn	2, 0x0191
800044b6:	0000                	.insn	2, 0x
800044b8:	029e                	.insn	2, 0x029e
800044ba:	0000                	.insn	2, 0x
800044bc:	00fe                	.insn	2, 0x00fe
800044be:	0000                	.insn	2, 0x
800044c0:	0398                	.insn	2, 0x0398
800044c2:	0000                	.insn	2, 0x
800044c4:	03d8                	.insn	2, 0x03d8
800044c6:	0000                	.insn	2, 0x
800044c8:	0238                	.insn	2, 0x0238
800044ca:	0000                	.insn	2, 0x
800044cc:	0088                	.insn	2, 0x0088
800044ce:	0000                	.insn	2, 0x
800044d0:	02e9                	.insn	2, 0x02e9
800044d2:	0000                	.insn	2, 0x
800044d4:	02d9                	.insn	2, 0x02d9
800044d6:	0000                	.insn	2, 0x
800044d8:	0296                	.insn	2, 0x0296
800044da:	0000                	.insn	2, 0x
800044dc:	0248                	.insn	2, 0x0248
800044de:	0000                	.insn	2, 0x
800044e0:	0000008b          	.insn	4, 0x008b
800044e4:	031a                	.insn	2, 0x031a
800044e6:	0000                	.insn	2, 0x
800044e8:	0181                	.insn	2, 0x0181
800044ea:	0000                	.insn	2, 0x
800044ec:	019e                	.insn	2, 0x019e
800044ee:	0000                	.insn	2, 0x
800044f0:	039f 0000 0210      	.insn	6, 0x02100000039f
800044f6:	0000                	.insn	2, 0x
800044f8:	00ad                	.insn	2, 0x00ad
800044fa:	0000                	.insn	2, 0x
800044fc:	000002c3          	.insn	4, 0x02c3
80004500:	01c9                	.insn	2, 0x01c9
80004502:	0000                	.insn	2, 0x
80004504:	022a                	.insn	2, 0x022a
80004506:	0000                	.insn	2, 0x
80004508:	013c                	.insn	2, 0x013c
8000450a:	0000                	.insn	2, 0x
8000450c:	017a                	.insn	2, 0x017a
8000450e:	0000                	.insn	2, 0x
80004510:	000000b7          	lui	ra,0x0
80004514:	02fe                	.insn	2, 0x02fe
80004516:	0000                	.insn	2, 0x
80004518:	01dd                	.insn	2, 0x01dd
8000451a:	0000                	.insn	2, 0x
8000451c:	03d1                	.insn	2, 0x03d1
8000451e:	0000                	.insn	2, 0x
80004520:	00c4                	.insn	2, 0x00c4
80004522:	0000                	.insn	2, 0x
80004524:	00ec                	.insn	2, 0x00ec
80004526:	0000                	.insn	2, 0x
80004528:	0000018f          	.insn	4, 0x018f
8000452c:	000003b3          	add	t2,zero,zero
80004530:	01a0                	.insn	2, 0x01a0
80004532:	0000                	.insn	2, 0x
80004534:	00e5                	.insn	2, 0x00e5
80004536:	0000                	.insn	2, 0x
80004538:	0325                	.insn	2, 0x0325
8000453a:	0000                	.insn	2, 0x
8000453c:	00a5                	.insn	2, 0x00a5
8000453e:	0000                	.insn	2, 0x
80004540:	03e4                	.insn	2, 0x03e4
80004542:	0000                	.insn	2, 0x
80004544:	01f9                	.insn	2, 0x01f9
80004546:	0000                	.insn	2, 0x
80004548:	010e                	.insn	2, 0x010e
8000454a:	0000                	.insn	2, 0x
8000454c:	0069                	.insn	2, 0x0069
8000454e:	0000                	.insn	2, 0x
80004550:	02df 0000 02c0      	.insn	6, 0x02c0000002df
80004556:	0000                	.insn	2, 0x
80004558:	02b8                	.insn	2, 0x02b8
8000455a:	0000                	.insn	2, 0x
8000455c:	031c                	.insn	2, 0x031c
8000455e:	0000                	.insn	2, 0x
80004560:	0339                	.insn	2, 0x0339
80004562:	0000                	.insn	2, 0x
80004564:	008c                	.insn	2, 0x008c
80004566:	0000                	.insn	2, 0x
80004568:	0210                	.insn	2, 0x0210
8000456a:	0000                	.insn	2, 0x
8000456c:	0000012f          	.insn	4, 0x012f
80004570:	0032                	.insn	2, 0x0032
80004572:	0000                	.insn	2, 0x
80004574:	0000031b          	.insn	4, 0x031b
80004578:	0000026f          	jal	tp,80004578 <input_data+0xd9c>
8000457c:	0000027b          	.insn	4, 0x027b
80004580:	0219                	.insn	2, 0x0219
80004582:	0000                	.insn	2, 0x
80004584:	0230                	.insn	2, 0x0230
80004586:	0000                	.insn	2, 0x
80004588:	00000057          	.insn	4, 0x0057
8000458c:	00000077          	.insn	4, 0x0077
80004590:	0126                	.insn	2, 0x0126
80004592:	0000                	.insn	2, 0x
80004594:	0008                	.insn	2, 0x0008
80004596:	0000                	.insn	2, 0x
80004598:	00000363          	beqz	zero,8000459e <input_data+0xdc2>
8000459c:	0214                	.insn	2, 0x0214
8000459e:	0000                	.insn	2, 0x
800045a0:	006e                	.insn	2, 0x006e
800045a2:	0000                	.insn	2, 0x
800045a4:	032e                	.insn	2, 0x032e
800045a6:	0000                	.insn	2, 0x
800045a8:	018e                	.insn	2, 0x018e
800045aa:	0000                	.insn	2, 0x
800045ac:	0025                	.insn	2, 0x0025
800045ae:	0000                	.insn	2, 0x
800045b0:	030d                	.insn	2, 0x030d
800045b2:	0000                	.insn	2, 0x
800045b4:	0248                	.insn	2, 0x0248
800045b6:	0000                	.insn	2, 0x
800045b8:	0286                	.insn	2, 0x0286
800045ba:	0000                	.insn	2, 0x
800045bc:	000002e3          	beqz	zero,80004dc0 <input_data+0x15e4>
800045c0:	00000177          	.insn	4, 0x0177
800045c4:	0000026b          	.insn	4, 0x026b
800045c8:	000003af          	.insn	4, 0x03af
800045cc:	02ff 0000 0381 0000 	.insn	10, 0x01de00000381000002ff
800045d4:	01de 
800045d6:	0000                	.insn	2, 0x
800045d8:	024d                	.insn	2, 0x024d
800045da:	0000                	.insn	2, 0x
800045dc:	0039                	.insn	2, 0x0039
800045de:	0000                	.insn	2, 0x
800045e0:	002c                	.insn	2, 0x002c
800045e2:	0000                	.insn	2, 0x
800045e4:	03be                	.insn	2, 0x03be
800045e6:	0000                	.insn	2, 0x
800045e8:	0120                	.insn	2, 0x0120
800045ea:	0000                	.insn	2, 0x
800045ec:	0310                	.insn	2, 0x0310
800045ee:	0000                	.insn	2, 0x
800045f0:	034d                	.insn	2, 0x034d
800045f2:	0000                	.insn	2, 0x
800045f4:	03d9                	.insn	2, 0x03d9
800045f6:	0000                	.insn	2, 0x
800045f8:	02e6                	.insn	2, 0x02e6
800045fa:	0000                	.insn	2, 0x
800045fc:	0345                	.insn	2, 0x0345
800045fe:	0000                	.insn	2, 0x
80004600:	00000063          	beqz	zero,80004600 <input_data+0xe24>
80004604:	00000133          	add	sp,zero,zero
80004608:	020a                	.insn	2, 0x020a
8000460a:	0000                	.insn	2, 0x
8000460c:	00000043          	.insn	4, 0x0043
80004610:	000001bb          	.insn	4, 0x01bb
80004614:	0338                	.insn	2, 0x0338
80004616:	0000                	.insn	2, 0x
80004618:	01b0                	.insn	2, 0x01b0
8000461a:	0000                	.insn	2, 0x
8000461c:	03e4                	.insn	2, 0x03e4
8000461e:	0000                	.insn	2, 0x
80004620:	00a5                	.insn	2, 0x00a5
80004622:	0000                	.insn	2, 0x
80004624:	02ed                	.insn	2, 0x02ed
80004626:	0000                	.insn	2, 0x
80004628:	03a2                	.insn	2, 0x03a2
8000462a:	0000                	.insn	2, 0x
8000462c:	000000ab          	.insn	4, 0x00ab
80004630:	001c                	.insn	2, 0x001c
80004632:	0000                	.insn	2, 0x
80004634:	033a                	.insn	2, 0x033a
80004636:	0000                	.insn	2, 0x
80004638:	01cd                	.insn	2, 0x01cd
8000463a:	0000                	.insn	2, 0x
8000463c:	026d                	.insn	2, 0x026d
8000463e:	0000                	.insn	2, 0x
80004640:	00000143          	.insn	4, 0x0143
80004644:	0000009b          	.insn	4, 0x009b
80004648:	0110                	.insn	2, 0x0110
8000464a:	0000                	.insn	2, 0x
8000464c:	033a                	.insn	2, 0x033a
8000464e:	0000                	.insn	2, 0x
80004650:	0178                	.insn	2, 0x0178
80004652:	0000                	.insn	2, 0x
80004654:	0000002b          	.insn	4, 0x002b
80004658:	0154                	.insn	2, 0x0154
8000465a:	0000                	.insn	2, 0x
8000465c:	02b6                	.insn	2, 0x02b6
8000465e:	0000                	.insn	2, 0x
80004660:	0382                	.insn	2, 0x0382
80004662:	0000                	.insn	2, 0x
80004664:	0050                	.insn	2, 0x0050
80004666:	0000                	.insn	2, 0x
80004668:	009e                	.insn	2, 0x009e
8000466a:	0000                	.insn	2, 0x
8000466c:	00ec                	.insn	2, 0x00ec
8000466e:	0000                	.insn	2, 0x
80004670:	00a8                	.insn	2, 0x00a8
80004672:	0000                	.insn	2, 0x
80004674:	000002eb          	.insn	4, 0x02eb
80004678:	000001bb          	.insn	4, 0x01bb
8000467c:	02e8                	.insn	2, 0x02e8
8000467e:	0000                	.insn	2, 0x
80004680:	00c1                	.insn	2, 0x00c1
80004682:	0000                	.insn	2, 0x
80004684:	0109                	.insn	2, 0x0109
80004686:	0000                	.insn	2, 0x
80004688:	00000277          	.insn	4, 0x0277
8000468c:	007c                	.insn	2, 0x007c
8000468e:	0000                	.insn	2, 0x
80004690:	000003a7          	.insn	4, 0x03a7
80004694:	000002db          	.insn	4, 0x02db
80004698:	0112                	.insn	2, 0x0112
8000469a:	0000                	.insn	2, 0x
8000469c:	03ad                	.insn	2, 0x03ad
8000469e:	0000                	.insn	2, 0x
800046a0:	030d                	.insn	2, 0x030d
800046a2:	0000                	.insn	2, 0x
800046a4:	01a9                	.insn	2, 0x01a9
800046a6:	0000                	.insn	2, 0x
800046a8:	00b9                	.insn	2, 0x00b9
800046aa:	0000                	.insn	2, 0x
800046ac:	0172                	.insn	2, 0x0172
800046ae:	0000                	.insn	2, 0x
800046b0:	0000026b          	.insn	4, 0x026b
800046b4:	0140                	.insn	2, 0x0140
800046b6:	0000                	.insn	2, 0x
800046b8:	0124                	.insn	2, 0x0124
800046ba:	0000                	.insn	2, 0x
800046bc:	010d                	.insn	2, 0x010d
800046be:	0000                	.insn	2, 0x
800046c0:	03a5                	.insn	2, 0x03a5
800046c2:	0000                	.insn	2, 0x
800046c4:	021e                	.insn	2, 0x021e
800046c6:	0000                	.insn	2, 0x
800046c8:	009c                	.insn	2, 0x009c
800046ca:	0000                	.insn	2, 0x
800046cc:	000002fb          	.insn	4, 0x02fb
800046d0:	0000033b          	.insn	4, 0x033b
800046d4:	02f0                	.insn	2, 0x02f0
800046d6:	0000                	.insn	2, 0x
800046d8:	0058                	.insn	2, 0x0058
800046da:	0000                	.insn	2, 0x
800046dc:	00000393          	li	t2,0
800046e0:	000003db          	.insn	4, 0x03db
800046e4:	000e                	.insn	2, 0x000e
800046e6:	0000                	.insn	2, 0x
800046e8:	0275                	.insn	2, 0x0275
800046ea:	0000                	.insn	2, 0x
800046ec:	0001                	.insn	2, 0x0001
800046ee:	0000                	.insn	2, 0x
800046f0:	0289                	.insn	2, 0x0289
800046f2:	0000                	.insn	2, 0x
800046f4:	038a                	.insn	2, 0x038a
800046f6:	0000                	.insn	2, 0x
800046f8:	0020                	.insn	2, 0x0020
800046fa:	0000                	.insn	2, 0x
800046fc:	000003e3          	beqz	zero,80004f02 <input_data+0x1726>
80004700:	0001                	.insn	2, 0x0001
80004702:	0000                	.insn	2, 0x
80004704:	0329                	.insn	2, 0x0329
80004706:	0000                	.insn	2, 0x
80004708:	02e8                	.insn	2, 0x02e8
8000470a:	0000                	.insn	2, 0x
8000470c:	0230                	.insn	2, 0x0230
8000470e:	0000                	.insn	2, 0x
80004710:	0000018f          	.insn	4, 0x018f
80004714:	0369                	.insn	2, 0x0369
80004716:	0000                	.insn	2, 0x
80004718:	00000393          	li	t2,0
8000471c:	03cc                	.insn	2, 0x03cc
8000471e:	0000                	.insn	2, 0x
80004720:	00000317          	auipc	t1,0x0
80004724:	0121                	.insn	2, 0x0121
80004726:	0000                	.insn	2, 0x
80004728:	022a                	.insn	2, 0x022a
8000472a:	0000                	.insn	2, 0x
8000472c:	01fd                	.insn	2, 0x01fd
8000472e:	0000                	.insn	2, 0x
80004730:	03d8                	.insn	2, 0x03d8
80004732:	0000                	.insn	2, 0x
80004734:	022e                	.insn	2, 0x022e
80004736:	0000                	.insn	2, 0x
80004738:	0212                	.insn	2, 0x0212
8000473a:	0000                	.insn	2, 0x
8000473c:	03ca                	.insn	2, 0x03ca
8000473e:	0000                	.insn	2, 0x
80004740:	0258                	.insn	2, 0x0258
80004742:	0000                	.insn	2, 0x
80004744:	0195                	.insn	2, 0x0195
80004746:	0000                	.insn	2, 0x
80004748:	0191                	.insn	2, 0x0191
8000474a:	0000                	.insn	2, 0x
8000474c:	00000243          	.insn	4, 0x0243
80004750:	000002ab          	.insn	4, 0x02ab
80004754:	0125                	.insn	2, 0x0125
80004756:	0000                	.insn	2, 0x
80004758:	021c                	.insn	2, 0x021c
8000475a:	0000                	.insn	2, 0x
8000475c:	000000fb          	.insn	4, 0x00fb
80004760:	00000387          	.insn	4, 0x0387
80004764:	0351                	.insn	2, 0x0351
80004766:	0000                	.insn	2, 0x
80004768:	0078                	.insn	2, 0x0078
8000476a:	0000                	.insn	2, 0x
8000476c:	0081                	.insn	2, 0x0081
8000476e:	0000                	.insn	2, 0x
80004770:	000003e3          	beqz	zero,80004f76 <input_data+0x179a>
80004774:	01c4                	.insn	2, 0x01c4
80004776:	0000                	.insn	2, 0x
80004778:	0209                	.insn	2, 0x0209
8000477a:	0000                	.insn	2, 0x
8000477c:	02cc                	.insn	2, 0x02cc
8000477e:	0000                	.insn	2, 0x
80004780:	026e                	.insn	2, 0x026e
80004782:	0000                	.insn	2, 0x
80004784:	0056                	.insn	2, 0x0056
80004786:	0000                	.insn	2, 0x
80004788:	00e0                	.insn	2, 0x00e0
8000478a:	0000                	.insn	2, 0x
8000478c:	02a6                	.insn	2, 0x02a6
8000478e:	0000                	.insn	2, 0x
80004790:	037f 0000 00b5 0000 	.insn	10, 0x0212000000b50000037f
80004798:	0212 
8000479a:	0000                	.insn	2, 0x
8000479c:	00f0                	.insn	2, 0x00f0
8000479e:	0000                	.insn	2, 0x
800047a0:	0334                	.insn	2, 0x0334
800047a2:	0000                	.insn	2, 0x
800047a4:	0000014f          	.insn	4, 0x014f
800047a8:	0000028b          	.insn	4, 0x028b
800047ac:	0319                	.insn	2, 0x0319
800047ae:	0000                	.insn	2, 0x
800047b0:	00e2                	.insn	2, 0x00e2
800047b2:	0000                	.insn	2, 0x
800047b4:	0281                	.insn	2, 0x0281
800047b6:	0000                	.insn	2, 0x
800047b8:	0060                	.insn	2, 0x0060
800047ba:	0000                	.insn	2, 0x
800047bc:	0001                	.insn	2, 0x0001
800047be:	0000                	.insn	2, 0x
800047c0:	0106                	.insn	2, 0x0106
800047c2:	0000                	.insn	2, 0x
800047c4:	0140                	.insn	2, 0x0140
800047c6:	0000                	.insn	2, 0x
800047c8:	0239                	.insn	2, 0x0239
800047ca:	0000                	.insn	2, 0x
800047cc:	000003db          	.insn	4, 0x03db
800047d0:	00ee                	.insn	2, 0x00ee
800047d2:	0000                	.insn	2, 0x
800047d4:	0286                	.insn	2, 0x0286
800047d6:	0000                	.insn	2, 0x
800047d8:	007e                	.insn	2, 0x007e
800047da:	0000                	.insn	2, 0x
800047dc:	02f2                	.insn	2, 0x02f2
800047de:	0000                	.insn	2, 0x
800047e0:	0262                	.insn	2, 0x0262
800047e2:	0000                	.insn	2, 0x
800047e4:	03be                	.insn	2, 0x03be
800047e6:	0000                	.insn	2, 0x
800047e8:	000000bf 000000cb 	.insn	8, 0x00cb000000bf
800047f0:	00ee                	.insn	2, 0x00ee
800047f2:	0000                	.insn	2, 0x
800047f4:	008e                	.insn	2, 0x008e
800047f6:	0000                	.insn	2, 0x
800047f8:	031c                	.insn	2, 0x031c
800047fa:	0000                	.insn	2, 0x
800047fc:	00b4                	.insn	2, 0x00b4
800047fe:	0000                	.insn	2, 0x
80004800:	0374                	.insn	2, 0x0374
80004802:	0000                	.insn	2, 0x
80004804:	0000012b          	.insn	4, 0x012b
80004808:	023d                	.insn	2, 0x023d
8000480a:	0000                	.insn	2, 0x
8000480c:	00a5                	.insn	2, 0x00a5
8000480e:	0000                	.insn	2, 0x
80004810:	006c                	.insn	2, 0x006c
80004812:	0000                	.insn	2, 0x
80004814:	02f9                	.insn	2, 0x02f9
80004816:	0000                	.insn	2, 0x
80004818:	008c                	.insn	2, 0x008c
8000481a:	0000                	.insn	2, 0x
8000481c:	03ce                	.insn	2, 0x03ce
8000481e:	0000                	.insn	2, 0x
80004820:	0315                	.insn	2, 0x0315
80004822:	0000                	.insn	2, 0x
80004824:	0286                	.insn	2, 0x0286
80004826:	0000                	.insn	2, 0x
80004828:	0354                	.insn	2, 0x0354
8000482a:	0000                	.insn	2, 0x
8000482c:	0000022f          	.insn	4, 0x022f
80004830:	00000017          	auipc	zero,0x0
80004834:	0000026b          	.insn	4, 0x026b
80004838:	02c0                	.insn	2, 0x02c0
8000483a:	0000                	.insn	2, 0x
8000483c:	01a6                	.insn	2, 0x01a6
8000483e:	0000                	.insn	2, 0x
80004840:	037a                	.insn	2, 0x037a
80004842:	0000                	.insn	2, 0x
80004844:	0104                	.insn	2, 0x0104
80004846:	0000                	.insn	2, 0x
80004848:	01e0                	.insn	2, 0x01e0
8000484a:	0000                	.insn	2, 0x
8000484c:	0235                	.insn	2, 0x0235
8000484e:	0000                	.insn	2, 0x
80004850:	0034                	.insn	2, 0x0034
80004852:	0000                	.insn	2, 0x
80004854:	021e                	.insn	2, 0x021e
80004856:	0000                	.insn	2, 0x
80004858:	0174                	.insn	2, 0x0174
8000485a:	0000                	.insn	2, 0x
8000485c:	01ec                	.insn	2, 0x01ec
8000485e:	0000                	.insn	2, 0x
80004860:	00c9                	.insn	2, 0x00c9
80004862:	0000                	.insn	2, 0x
80004864:	03df 0000 0222      	.insn	6, 0x0222000003df
8000486a:	0000                	.insn	2, 0x
8000486c:	02e9                	.insn	2, 0x02e9
8000486e:	0000                	.insn	2, 0x
80004870:	0198                	.insn	2, 0x0198
80004872:	0000                	.insn	2, 0x
80004874:	000000cf          	.insn	4, 0x00cf
80004878:	00000077          	.insn	4, 0x0077
8000487c:	0174                	.insn	2, 0x0174
8000487e:	0000                	.insn	2, 0x
80004880:	0285                	.insn	2, 0x0285
80004882:	0000                	.insn	2, 0x
80004884:	03a4                	.insn	2, 0x03a4
80004886:	0000                	.insn	2, 0x
80004888:	01d0                	.insn	2, 0x01d0
8000488a:	0000                	.insn	2, 0x
8000488c:	0298                	.insn	2, 0x0298
8000488e:	0000                	.insn	2, 0x
80004890:	0051                	.insn	2, 0x0051
80004892:	0000                	.insn	2, 0x
80004894:	0022                	.insn	2, 0x0022
80004896:	0000                	.insn	2, 0x
80004898:	0125                	.insn	2, 0x0125
8000489a:	0000                	.insn	2, 0x
8000489c:	0215                	.insn	2, 0x0215
8000489e:	0000                	.insn	2, 0x
800048a0:	0034                	.insn	2, 0x0034
800048a2:	0000                	.insn	2, 0x
800048a4:	01de                	.insn	2, 0x01de
800048a6:	0000                	.insn	2, 0x
800048a8:	0370                	.insn	2, 0x0370
800048aa:	0000                	.insn	2, 0x
800048ac:	038c                	.insn	2, 0x038c
800048ae:	0000                	.insn	2, 0x
800048b0:	00e0                	.insn	2, 0x00e0
800048b2:	0000                	.insn	2, 0x
800048b4:	000000cb          	.insn	4, 0x00cb
800048b8:	02e8                	.insn	2, 0x02e8
800048ba:	0000                	.insn	2, 0x
800048bc:	0021                	.insn	2, 0x0021
800048be:	0000                	.insn	2, 0x
800048c0:	02df 0000 00d6      	.insn	6, 0x00d6000002df
800048c6:	0000                	.insn	2, 0x
800048c8:	0376                	.insn	2, 0x0376
800048ca:	0000                	.insn	2, 0x
800048cc:	016d                	.insn	2, 0x016d
800048ce:	0000                	.insn	2, 0x
800048d0:	000000a7          	.insn	4, 0x00a7
800048d4:	037c                	.insn	2, 0x037c
800048d6:	0000                	.insn	2, 0x
800048d8:	0001                	.insn	2, 0x0001
800048da:	0000                	.insn	2, 0x
800048dc:	030d                	.insn	2, 0x030d
800048de:	0000                	.insn	2, 0x
800048e0:	0214                	.insn	2, 0x0214
800048e2:	0000                	.insn	2, 0x
800048e4:	02a8                	.insn	2, 0x02a8
800048e6:	0000                	.insn	2, 0x
800048e8:	0141                	.insn	2, 0x0141
800048ea:	0000                	.insn	2, 0x
800048ec:	02c1                	.insn	2, 0x02c1
800048ee:	0000                	.insn	2, 0x
800048f0:	00a9                	.insn	2, 0x00a9
800048f2:	0000                	.insn	2, 0x
800048f4:	02b0                	.insn	2, 0x02b0
800048f6:	0000                	.insn	2, 0x
800048f8:	01e5                	.insn	2, 0x01e5
800048fa:	0000                	.insn	2, 0x
800048fc:	000003b3          	add	t2,zero,zero
80004900:	0065                	.insn	2, 0x0065
80004902:	0000                	.insn	2, 0x
80004904:	0182                	.insn	2, 0x0182
80004906:	0000                	.insn	2, 0x
80004908:	00b1                	.insn	2, 0x00b1
8000490a:	0000                	.insn	2, 0x
8000490c:	0032                	.insn	2, 0x0032
8000490e:	0000                	.insn	2, 0x
80004910:	002a                	.insn	2, 0x002a
80004912:	0000                	.insn	2, 0x
80004914:	0065                	.insn	2, 0x0065
80004916:	0000                	.insn	2, 0x
80004918:	02c4                	.insn	2, 0x02c4
8000491a:	0000                	.insn	2, 0x
8000491c:	01da                	.insn	2, 0x01da
8000491e:	0000                	.insn	2, 0x
80004920:	028e                	.insn	2, 0x028e
80004922:	0000                	.insn	2, 0x
80004924:	0000018f          	.insn	4, 0x018f
80004928:	00000393          	li	t2,0
8000492c:	000002a7          	.insn	4, 0x02a7
80004930:	0271                	.insn	2, 0x0271
80004932:	0000                	.insn	2, 0x
80004934:	014a                	.insn	2, 0x014a
80004936:	0000                	.insn	2, 0x
80004938:	00f2                	.insn	2, 0x00f2
8000493a:	0000                	.insn	2, 0x
8000493c:	03b8                	.insn	2, 0x03b8
8000493e:	0000                	.insn	2, 0x
80004940:	0336                	.insn	2, 0x0336
80004942:	0000                	.insn	2, 0x
80004944:	000001d7          	.insn	4, 0x01d7
80004948:	0000031b          	.insn	4, 0x031b
8000494c:	01dd                	.insn	2, 0x01dd
8000494e:	0000                	.insn	2, 0x
80004950:	0281                	.insn	2, 0x0281
80004952:	0000                	.insn	2, 0x
80004954:	02d5                	.insn	2, 0x02d5
80004956:	0000                	.insn	2, 0x
80004958:	00fc                	.insn	2, 0x00fc
8000495a:	0000                	.insn	2, 0x
8000495c:	02c9                	.insn	2, 0x02c9
8000495e:	0000                	.insn	2, 0x
80004960:	00f5                	.insn	2, 0x00f5
80004962:	0000                	.insn	2, 0x
80004964:	03a9                	.insn	2, 0x03a9
80004966:	0000                	.insn	2, 0x
80004968:	00000097          	auipc	ra,0x0
8000496c:	0211                	.insn	2, 0x0211
8000496e:	0000                	.insn	2, 0x
80004970:	036c                	.insn	2, 0x036c
80004972:	0000                	.insn	2, 0x
80004974:	0366                	.insn	2, 0x0366
80004976:	0000                	.insn	2, 0x
80004978:	014d                	.insn	2, 0x014d
8000497a:	0000                	.insn	2, 0x
8000497c:	004d                	.insn	2, 0x004d
8000497e:	0000                	.insn	2, 0x
80004980:	0259                	.insn	2, 0x0259
80004982:	0000                	.insn	2, 0x
80004984:	0221                	.insn	2, 0x0221
80004986:	0000                	.insn	2, 0x
80004988:	03aa                	.insn	2, 0x03aa
8000498a:	0000                	.insn	2, 0x
8000498c:	0000038b          	.insn	4, 0x038b
80004990:	00000307          	.insn	4, 0x0307
80004994:	0355                	.insn	2, 0x0355
80004996:	0000                	.insn	2, 0x
80004998:	018d                	.insn	2, 0x018d
8000499a:	0000                	.insn	2, 0x
8000499c:	0000008f          	.insn	4, 0x008f
800049a0:	00e9                	.insn	2, 0x00e9
800049a2:	0000                	.insn	2, 0x
800049a4:	000003d3          	.insn	4, 0x03d3
800049a8:	000002f3          	.insn	4, 0x02f3
800049ac:	000000ef          	jal	800049ac <input_data+0x11d0>
800049b0:	01c6                	.insn	2, 0x01c6
800049b2:	0000                	.insn	2, 0x
800049b4:	0069                	.insn	2, 0x0069
800049b6:	0000                	.insn	2, 0x
800049b8:	01a8                	.insn	2, 0x01a8
800049ba:	0000                	.insn	2, 0x
800049bc:	016d                	.insn	2, 0x016d
800049be:	0000                	.insn	2, 0x
800049c0:	00d2                	.insn	2, 0x00d2
800049c2:	0000                	.insn	2, 0x
800049c4:	0062                	.insn	2, 0x0062
800049c6:	0000                	.insn	2, 0x
800049c8:	03c2                	.insn	2, 0x03c2
800049ca:	0000                	.insn	2, 0x
800049cc:	0036                	.insn	2, 0x0036
800049ce:	0000                	.insn	2, 0x
800049d0:	0384                	.insn	2, 0x0384
800049d2:	0000                	.insn	2, 0x
800049d4:	0062                	.insn	2, 0x0062
800049d6:	0000                	.insn	2, 0x
800049d8:	0000039b          	.insn	4, 0x039b
800049dc:	01b8                	.insn	2, 0x01b8
800049de:	0000                	.insn	2, 0x
800049e0:	0000028f          	.insn	4, 0x028f
800049e4:	02fc                	.insn	2, 0x02fc
800049e6:	0000                	.insn	2, 0x
800049e8:	0211                	.insn	2, 0x0211
800049ea:	0000                	.insn	2, 0x
800049ec:	0000013b          	.insn	4, 0x013b
800049f0:	00000253          	.insn	4, 0x0253
800049f4:	0150                	.insn	2, 0x0150
800049f6:	0000                	.insn	2, 0x
800049f8:	005a                	.insn	2, 0x005a
800049fa:	0000                	.insn	2, 0x
800049fc:	02b9                	.insn	2, 0x02b9
800049fe:	0000                	.insn	2, 0x
80004a00:	01d0                	.insn	2, 0x01d0
80004a02:	0000                	.insn	2, 0x
80004a04:	0306                	.insn	2, 0x0306
80004a06:	0000                	.insn	2, 0x
80004a08:	02ad                	.insn	2, 0x02ad
80004a0a:	0000                	.insn	2, 0x
80004a0c:	02d6                	.insn	2, 0x02d6
80004a0e:	0000                	.insn	2, 0x
80004a10:	0046                	.insn	2, 0x0046
80004a12:	0000                	.insn	2, 0x
80004a14:	0144                	.insn	2, 0x0144
80004a16:	0000                	.insn	2, 0x
80004a18:	02f2                	.insn	2, 0x02f2
80004a1a:	0000                	.insn	2, 0x
80004a1c:	011a                	.insn	2, 0x011a
80004a1e:	0000                	.insn	2, 0x
80004a20:	0020                	.insn	2, 0x0020
80004a22:	0000                	.insn	2, 0x
80004a24:	0218                	.insn	2, 0x0218
80004a26:	0000                	.insn	2, 0x
80004a28:	01ee                	.insn	2, 0x01ee
80004a2a:	0000                	.insn	2, 0x
80004a2c:	026e                	.insn	2, 0x026e
80004a2e:	0000                	.insn	2, 0x
80004a30:	0019                	.insn	2, 0x0019
80004a32:	0000                	.insn	2, 0x
80004a34:	0252                	.insn	2, 0x0252
80004a36:	0000                	.insn	2, 0x
80004a38:	0185                	.insn	2, 0x0185
80004a3a:	0000                	.insn	2, 0x
80004a3c:	037a                	.insn	2, 0x037a
80004a3e:	0000                	.insn	2, 0x
80004a40:	01e8                	.insn	2, 0x01e8
80004a42:	0000                	.insn	2, 0x
80004a44:	0000004b          	.insn	4, 0x004b
80004a48:	0025                	.insn	2, 0x0025
80004a4a:	0000                	.insn	2, 0x
80004a4c:	0122                	.insn	2, 0x0122
80004a4e:	0000                	.insn	2, 0x
80004a50:	0199                	.insn	2, 0x0199
80004a52:	0000                	.insn	2, 0x
80004a54:	01f0                	.insn	2, 0x01f0
80004a56:	0000                	.insn	2, 0x
80004a58:	027f 0000 02d6 0000 	.insn	10, 0x001b000002d60000027f
80004a60:	001b 
80004a62:	0000                	.insn	2, 0x
80004a64:	01c1                	.insn	2, 0x01c1
80004a66:	0000                	.insn	2, 0x
80004a68:	03b6                	.insn	2, 0x03b6
80004a6a:	0000                	.insn	2, 0x
80004a6c:	0224                	.insn	2, 0x0224
80004a6e:	0000                	.insn	2, 0x
80004a70:	0000021b          	.insn	4, 0x021b
80004a74:	00000087          	.insn	4, 0x0087
80004a78:	0050                	.insn	2, 0x0050
80004a7a:	0000                	.insn	2, 0x
80004a7c:	0284                	.insn	2, 0x0284
80004a7e:	0000                	.insn	2, 0x
80004a80:	0000012f          	.insn	4, 0x012f
80004a84:	0346                	.insn	2, 0x0346
80004a86:	0000                	.insn	2, 0x
80004a88:	000002d3          	.insn	4, 0x02d3
80004a8c:	0122                	.insn	2, 0x0122
80004a8e:	0000                	.insn	2, 0x
80004a90:	02de                	.insn	2, 0x02de
80004a92:	0000                	.insn	2, 0x
80004a94:	02ff 0000 007d 0000 	.insn	10, 0x00a20000007d000002ff
80004a9c:	00a2 
80004a9e:	0000                	.insn	2, 0x
80004aa0:	0228                	.insn	2, 0x0228
80004aa2:	0000                	.insn	2, 0x
80004aa4:	019f 0000 00f8      	.insn	6, 0x00f80000019f
80004aaa:	0000                	.insn	2, 0x
80004aac:	000001eb          	.insn	4, 0x01eb
80004ab0:	0000006b          	.insn	4, 0x006b
80004ab4:	03d9                	.insn	2, 0x03d9
80004ab6:	0000                	.insn	2, 0x
80004ab8:	016a                	.insn	2, 0x016a
80004aba:	0000                	.insn	2, 0x
80004abc:	0074                	.insn	2, 0x0074
80004abe:	0000                	.insn	2, 0x
80004ac0:	0030                	.insn	2, 0x0030
80004ac2:	0000                	.insn	2, 0x
80004ac4:	0269                	.insn	2, 0x0269
80004ac6:	0000                	.insn	2, 0x
80004ac8:	0365                	.insn	2, 0x0365
80004aca:	0000                	.insn	2, 0x
80004acc:	0000035b          	.insn	4, 0x035b
80004ad0:	0090                	.insn	2, 0x0090
80004ad2:	0000                	.insn	2, 0x
80004ad4:	000000eb          	.insn	4, 0x00eb
80004ad8:	0349                	.insn	2, 0x0349
80004ada:	0000                	.insn	2, 0x
80004adc:	011a                	.insn	2, 0x011a
80004ade:	0000                	.insn	2, 0x
80004ae0:	02d4                	.insn	2, 0x02d4
80004ae2:	0000                	.insn	2, 0x
80004ae4:	0000023b          	.insn	4, 0x023b
80004ae8:	0000014f          	.insn	4, 0x014f
80004aec:	0391                	.insn	2, 0x0391
80004aee:	0000                	.insn	2, 0x
80004af0:	01d6                	.insn	2, 0x01d6
80004af2:	0000                	.insn	2, 0x
80004af4:	0230                	.insn	2, 0x0230
80004af6:	0000                	.insn	2, 0x
80004af8:	00000107          	.insn	4, 0x0107
80004afc:	00c2                	.insn	2, 0x00c2
80004afe:	0000                	.insn	2, 0x
80004b00:	00000157          	.insn	4, 0x0157
80004b04:	00f2                	.insn	2, 0x00f2
80004b06:	0000                	.insn	2, 0x
80004b08:	0329                	.insn	2, 0x0329
80004b0a:	0000                	.insn	2, 0x
80004b0c:	030e                	.insn	2, 0x030e
80004b0e:	0000                	.insn	2, 0x
80004b10:	02a5                	.insn	2, 0x02a5
80004b12:	0000                	.insn	2, 0x
80004b14:	03d9                	.insn	2, 0x03d9
80004b16:	0000                	.insn	2, 0x
80004b18:	00000153          	.insn	4, 0x0153
80004b1c:	02d8                	.insn	2, 0x02d8
80004b1e:	0000                	.insn	2, 0x
80004b20:	0150                	.insn	2, 0x0150
80004b22:	0000                	.insn	2, 0x
80004b24:	0158                	.insn	2, 0x0158
80004b26:	0000                	.insn	2, 0x
80004b28:	019a                	.insn	2, 0x019a
80004b2a:	0000                	.insn	2, 0x
80004b2c:	01ae                	.insn	2, 0x01ae
80004b2e:	0000                	.insn	2, 0x
80004b30:	01d1                	.insn	2, 0x01d1
80004b32:	0000                	.insn	2, 0x
80004b34:	0265                	.insn	2, 0x0265
80004b36:	0000                	.insn	2, 0x
80004b38:	0038                	.insn	2, 0x0038
80004b3a:	0000                	.insn	2, 0x
80004b3c:	000002f7          	.insn	4, 0x02f7
80004b40:	024e                	.insn	2, 0x024e
80004b42:	0000                	.insn	2, 0x
80004b44:	00b0                	.insn	2, 0x00b0
80004b46:	0000                	.insn	2, 0x
80004b48:	01e5                	.insn	2, 0x01e5
80004b4a:	0000                	.insn	2, 0x
80004b4c:	0135                	.insn	2, 0x0135
80004b4e:	0000                	.insn	2, 0x
80004b50:	0196                	.insn	2, 0x0196
80004b52:	0000                	.insn	2, 0x
80004b54:	014d                	.insn	2, 0x014d
80004b56:	0000                	.insn	2, 0x
80004b58:	03e1                	.insn	2, 0x03e1
80004b5a:	0000                	.insn	2, 0x
80004b5c:	0162                	.insn	2, 0x0162
80004b5e:	0000                	.insn	2, 0x
80004b60:	02ea                	.insn	2, 0x02ea
80004b62:	0000                	.insn	2, 0x
80004b64:	0136                	.insn	2, 0x0136
80004b66:	0000                	.insn	2, 0x
80004b68:	00ee                	.insn	2, 0x00ee
80004b6a:	0000                	.insn	2, 0x
80004b6c:	000002bb          	.insn	4, 0x02bb
80004b70:	020d                	.insn	2, 0x020d
80004b72:	0000                	.insn	2, 0x
80004b74:	002e                	.insn	2, 0x002e
80004b76:	0000                	.insn	2, 0x
80004b78:	0150                	.insn	2, 0x0150
80004b7a:	0000                	.insn	2, 0x
80004b7c:	000001e7          	jalr	gp,zero # 0 <buf.2>
80004b80:	0100                	.insn	2, 0x0100
80004b82:	0000                	.insn	2, 0x
80004b84:	000001f7          	.insn	4, 0x01f7
80004b88:	0086                	.insn	2, 0x0086
80004b8a:	0000                	.insn	2, 0x
80004b8c:	0064                	.insn	2, 0x0064
80004b8e:	0000                	.insn	2, 0x
80004b90:	0222                	.insn	2, 0x0222
80004b92:	0000                	.insn	2, 0x
80004b94:	0189                	.insn	2, 0x0189
80004b96:	0000                	.insn	2, 0x
80004b98:	02d2                	.insn	2, 0x02d2
80004b9a:	0000                	.insn	2, 0x
80004b9c:	010c                	.insn	2, 0x010c
80004b9e:	0000                	.insn	2, 0x
80004ba0:	0000016f          	jal	sp,80004ba0 <input_data+0x13c4>
80004ba4:	013a                	.insn	2, 0x013a
80004ba6:	0000                	.insn	2, 0x
80004ba8:	000003af          	.insn	4, 0x03af
80004bac:	0000004b          	.insn	4, 0x004b
80004bb0:	006a                	.insn	2, 0x006a
80004bb2:	0000                	.insn	2, 0x
80004bb4:	0159                	.insn	2, 0x0159
80004bb6:	0000                	.insn	2, 0x
80004bb8:	0275                	.insn	2, 0x0275
80004bba:	0000                	.insn	2, 0x
80004bbc:	000003db          	.insn	4, 0x03db
80004bc0:	018c                	.insn	2, 0x018c
80004bc2:	0000                	.insn	2, 0x
80004bc4:	0258                	.insn	2, 0x0258
80004bc6:	0000                	.insn	2, 0x
80004bc8:	00d0                	.insn	2, 0x00d0
80004bca:	0000                	.insn	2, 0x
80004bcc:	038c                	.insn	2, 0x038c
80004bce:	0000                	.insn	2, 0x
80004bd0:	01ad                	.insn	2, 0x01ad
80004bd2:	0000                	.insn	2, 0x
80004bd4:	0180                	.insn	2, 0x0180
80004bd6:	0000                	.insn	2, 0x
80004bd8:	0000020b          	.insn	4, 0x020b
80004bdc:	005c                	.insn	2, 0x005c
80004bde:	0000                	.insn	2, 0x
80004be0:	0082                	.insn	2, 0x0082
80004be2:	0000                	.insn	2, 0x
80004be4:	0221                	.insn	2, 0x0221
80004be6:	0000                	.insn	2, 0x
80004be8:	00000163          	beqz	zero,80004bea <input_data+0x140e>
80004bec:	0115                	.insn	2, 0x0115
80004bee:	0000                	.insn	2, 0x
80004bf0:	03de                	.insn	2, 0x03de
80004bf2:	0000                	.insn	2, 0x
80004bf4:	029c                	.insn	2, 0x029c
80004bf6:	0000                	.insn	2, 0x
80004bf8:	02a1                	.insn	2, 0x02a1
80004bfa:	0000                	.insn	2, 0x
80004bfc:	015f 0000 03df      	.insn	6, 0x03df0000015f
80004c02:	0000                	.insn	2, 0x
80004c04:	0355                	.insn	2, 0x0355
80004c06:	0000                	.insn	2, 0x
80004c08:	000002cf          	.insn	4, 0x02cf
80004c0c:	035f 0000 01c1      	.insn	6, 0x01c10000035f
80004c12:	0000                	.insn	2, 0x
80004c14:	0138                	.insn	2, 0x0138
80004c16:	0000                	.insn	2, 0x
80004c18:	0054                	.insn	2, 0x0054
80004c1a:	0000                	.insn	2, 0x
80004c1c:	0064                	.insn	2, 0x0064
80004c1e:	0000                	.insn	2, 0x
80004c20:	0268                	.insn	2, 0x0268
80004c22:	0000                	.insn	2, 0x
80004c24:	0214                	.insn	2, 0x0214
80004c26:	0000                	.insn	2, 0x
80004c28:	000000d3          	.insn	4, 0x00d3
80004c2c:	00000237          	lui	tp,0x0
80004c30:	000002c3          	.insn	4, 0x02c3
80004c34:	0344                	.insn	2, 0x0344
80004c36:	0000                	.insn	2, 0x
80004c38:	02e1                	.insn	2, 0x02e1
80004c3a:	0000                	.insn	2, 0x
80004c3c:	0172                	.insn	2, 0x0172
80004c3e:	0000                	.insn	2, 0x
80004c40:	0000034f          	.insn	4, 0x034f
80004c44:	03dd                	.insn	2, 0x03dd
80004c46:	0000                	.insn	2, 0x
80004c48:	01c4                	.insn	2, 0x01c4
80004c4a:	0000                	.insn	2, 0x
80004c4c:	01cd                	.insn	2, 0x01cd
80004c4e:	0000                	.insn	2, 0x
80004c50:	013c                	.insn	2, 0x013c
80004c52:	0000                	.insn	2, 0x
80004c54:	0390                	.insn	2, 0x0390
80004c56:	0000                	.insn	2, 0x
80004c58:	03ce                	.insn	2, 0x03ce
80004c5a:	0000                	.insn	2, 0x
80004c5c:	00b6                	.insn	2, 0x00b6
80004c5e:	0000                	.insn	2, 0x
80004c60:	02ea                	.insn	2, 0x02ea
80004c62:	0000                	.insn	2, 0x
80004c64:	010c                	.insn	2, 0x010c
80004c66:	0000                	.insn	2, 0x
80004c68:	031c                	.insn	2, 0x031c
80004c6a:	0000                	.insn	2, 0x
80004c6c:	00a0                	.insn	2, 0x00a0
80004c6e:	0000                	.insn	2, 0x
80004c70:	020a                	.insn	2, 0x020a
80004c72:	0000                	.insn	2, 0x
80004c74:	00000303          	lb	t1,0(zero) # 0 <buf.2>
80004c78:	026a                	.insn	2, 0x026a
80004c7a:	0000                	.insn	2, 0x
80004c7c:	0016                	.insn	2, 0x0016
80004c7e:	0000                	.insn	2, 0x
80004c80:	00000073          	ecall
80004c84:	0356                	.insn	2, 0x0356
80004c86:	0000                	.insn	2, 0x
80004c88:	000002d7          	.insn	4, 0x02d7
80004c8c:	0284                	.insn	2, 0x0284
80004c8e:	0000                	.insn	2, 0x
80004c90:	00e2                	.insn	2, 0x00e2
80004c92:	0000                	.insn	2, 0x
80004c94:	0011                	.insn	2, 0x0011
80004c96:	0000                	.insn	2, 0x
80004c98:	00a5                	.insn	2, 0x00a5
80004c9a:	0000                	.insn	2, 0x
80004c9c:	0000030b          	.insn	4, 0x030b
80004ca0:	00c8                	.insn	2, 0x00c8
80004ca2:	0000                	.insn	2, 0x
80004ca4:	0000038f          	.insn	4, 0x038f
80004ca8:	033e                	.insn	2, 0x033e
80004caa:	0000                	.insn	2, 0x
80004cac:	00000357          	.insn	4, 0x0357
80004cb0:	02e6                	.insn	2, 0x02e6
80004cb2:	0000                	.insn	2, 0x
80004cb4:	0089                	.insn	2, 0x0089
80004cb6:	0000                	.insn	2, 0x
80004cb8:	000000bb          	.insn	4, 0x00bb
80004cbc:	000003d7          	.insn	4, 0x03d7
80004cc0:	02c1                	.insn	2, 0x02c1
80004cc2:	0000                	.insn	2, 0x
80004cc4:	02cd                	.insn	2, 0x02cd
80004cc6:	0000                	.insn	2, 0x
80004cc8:	029f 0000 0235      	.insn	6, 0x02350000029f
80004cce:	0000                	.insn	2, 0x
80004cd0:	0311                	.insn	2, 0x0311
80004cd2:	0000                	.insn	2, 0x
80004cd4:	000002cf          	.insn	4, 0x02cf
80004cd8:	0376                	.insn	2, 0x0376
80004cda:	0000                	.insn	2, 0x
80004cdc:	00fd                	.insn	2, 0x00fd
80004cde:	0000                	.insn	2, 0x
80004ce0:	03c2                	.insn	2, 0x03c2
80004ce2:	0000                	.insn	2, 0x
80004ce4:	0311                	.insn	2, 0x0311
80004ce6:	0000                	.insn	2, 0x
80004ce8:	0291                	.insn	2, 0x0291
80004cea:	0000                	.insn	2, 0x
80004cec:	009a                	.insn	2, 0x009a
80004cee:	0000                	.insn	2, 0x
80004cf0:	0125                	.insn	2, 0x0125
80004cf2:	0000                	.insn	2, 0x
80004cf4:	00c4                	.insn	2, 0x00c4
80004cf6:	0000                	.insn	2, 0x
80004cf8:	026c                	.insn	2, 0x026c
80004cfa:	0000                	.insn	2, 0x
80004cfc:	00fd                	.insn	2, 0x00fd
80004cfe:	0000                	.insn	2, 0x
80004d00:	0090                	.insn	2, 0x0090
80004d02:	0000                	.insn	2, 0x
80004d04:	000001bf 000000ad 	.insn	8, 0x00ad000001bf
80004d0c:	00000383          	lb	t2,0(zero) # 0 <buf.2>
80004d10:	031c                	.insn	2, 0x031c
80004d12:	0000                	.insn	2, 0x
80004d14:	0005                	.insn	2, 0x0005
80004d16:	0000                	.insn	2, 0x
80004d18:	0048                	.insn	2, 0x0048
80004d1a:	0000                	.insn	2, 0x
80004d1c:	0145                	.insn	2, 0x0145
80004d1e:	0000                	.insn	2, 0x
80004d20:	02a6                	.insn	2, 0x02a6
80004d22:	0000                	.insn	2, 0x
80004d24:	0268                	.insn	2, 0x0268
80004d26:	0000                	.insn	2, 0x
80004d28:	0050                	.insn	2, 0x0050
80004d2a:	0000                	.insn	2, 0x
80004d2c:	0135                	.insn	2, 0x0135
80004d2e:	0000                	.insn	2, 0x
80004d30:	0319                	.insn	2, 0x0319
80004d32:	0000                	.insn	2, 0x
80004d34:	000000af          	.insn	4, 0x00af
80004d38:	02ad                	.insn	2, 0x02ad
80004d3a:	0000                	.insn	2, 0x
80004d3c:	009f 0000 027d      	.insn	6, 0x027d0000009f
80004d42:	0000                	.insn	2, 0x
80004d44:	0000007b          	.insn	4, 0x007b
80004d48:	000003c7          	.insn	4, 0x03c7
80004d4c:	0346                	.insn	2, 0x0346
80004d4e:	0000                	.insn	2, 0x
80004d50:	00f1                	.insn	2, 0x00f1
80004d52:	0000                	.insn	2, 0x
80004d54:	000002cb          	.insn	4, 0x02cb
80004d58:	0382                	.insn	2, 0x0382
80004d5a:	0000                	.insn	2, 0x
80004d5c:	0226                	.insn	2, 0x0226
80004d5e:	0000                	.insn	2, 0x
80004d60:	02b5                	.insn	2, 0x02b5
80004d62:	0000                	.insn	2, 0x
80004d64:	00e6                	.insn	2, 0x00e6
80004d66:	0000                	.insn	2, 0x
80004d68:	0174                	.insn	2, 0x0174
80004d6a:	0000                	.insn	2, 0x
80004d6c:	0052                	.insn	2, 0x0052
80004d6e:	0000                	.insn	2, 0x
80004d70:	0259                	.insn	2, 0x0259
80004d72:	0000                	.insn	2, 0x
80004d74:	00000273          	.insn	4, 0x0273
80004d78:	02d1                	.insn	2, 0x02d1
80004d7a:	0000                	.insn	2, 0x
80004d7c:	0144                	.insn	2, 0x0144
80004d7e:	0000                	.insn	2, 0x
80004d80:	018e                	.insn	2, 0x018e
80004d82:	0000                	.insn	2, 0x
80004d84:	039f 0000 0229      	.insn	6, 0x02290000039f
80004d8a:	0000                	.insn	2, 0x
80004d8c:	00000067          	jr	zero # 0 <buf.2>
80004d90:	0048                	.insn	2, 0x0048
80004d92:	0000                	.insn	2, 0x
80004d94:	0011                	.insn	2, 0x0011
80004d96:	0000                	.insn	2, 0x
80004d98:	00ae                	.insn	2, 0x00ae
80004d9a:	0000                	.insn	2, 0x
80004d9c:	03c6                	.insn	2, 0x03c6
80004d9e:	0000                	.insn	2, 0x
80004da0:	03d2                	.insn	2, 0x03d2
80004da2:	0000                	.insn	2, 0x
80004da4:	009f 0000 0145      	.insn	6, 0x01450000009f
80004daa:	0000                	.insn	2, 0x
80004dac:	00b1                	.insn	2, 0x00b1
80004dae:	0000                	.insn	2, 0x
80004db0:	022e                	.insn	2, 0x022e
80004db2:	0000                	.insn	2, 0x
80004db4:	0251                	.insn	2, 0x0251
80004db6:	0000                	.insn	2, 0x
80004db8:	00b9                	.insn	2, 0x00b9
80004dba:	0000                	.insn	2, 0x
80004dbc:	0174                	.insn	2, 0x0174
80004dbe:	0000                	.insn	2, 0x
80004dc0:	01f9                	.insn	2, 0x01f9
80004dc2:	0000                	.insn	2, 0x
80004dc4:	0189                	.insn	2, 0x0189
80004dc6:	0000                	.insn	2, 0x
80004dc8:	0000035b          	.insn	4, 0x035b
80004dcc:	00000257          	.insn	4, 0x0257
80004dd0:	0000028b          	.insn	4, 0x028b
80004dd4:	02e9                	.insn	2, 0x02e9
80004dd6:	0000                	.insn	2, 0x
80004dd8:	023d                	.insn	2, 0x023d
80004dda:	0000                	.insn	2, 0x
80004ddc:	0179                	.insn	2, 0x0179
80004dde:	0000                	.insn	2, 0x
80004de0:	0141                	.insn	2, 0x0141
80004de2:	0000                	.insn	2, 0x
80004de4:	0361                	.insn	2, 0x0361
80004de6:	0000                	.insn	2, 0x
80004de8:	015d                	.insn	2, 0x015d
80004dea:	0000                	.insn	2, 0x
80004dec:	0000024f          	.insn	4, 0x024f
80004df0:	0190                	.insn	2, 0x0190
80004df2:	0000                	.insn	2, 0x
80004df4:	0229                	.insn	2, 0x0229
80004df6:	0000                	.insn	2, 0x
80004df8:	037a                	.insn	2, 0x037a
80004dfa:	0000                	.insn	2, 0x
80004dfc:	01b8                	.insn	2, 0x01b8
80004dfe:	0000                	.insn	2, 0x
80004e00:	034c                	.insn	2, 0x034c
80004e02:	0000                	.insn	2, 0x
80004e04:	0159                	.insn	2, 0x0159
80004e06:	0000                	.insn	2, 0x
80004e08:	0375                	.insn	2, 0x0375
80004e0a:	0000                	.insn	2, 0x
80004e0c:	0251                	.insn	2, 0x0251
80004e0e:	0000                	.insn	2, 0x
80004e10:	03a5                	.insn	2, 0x03a5
80004e12:	0000                	.insn	2, 0x
80004e14:	0122                	.insn	2, 0x0122
80004e16:	0000                	.insn	2, 0x
80004e18:	03d4                	.insn	2, 0x03d4
80004e1a:	0000                	.insn	2, 0x
80004e1c:	038c                	.insn	2, 0x038c
80004e1e:	0000                	.insn	2, 0x
80004e20:	01c0                	.insn	2, 0x01c0
80004e22:	0000                	.insn	2, 0x
80004e24:	0220                	.insn	2, 0x0220
80004e26:	0000                	.insn	2, 0x
80004e28:	03dd                	.insn	2, 0x03dd
80004e2a:	0000                	.insn	2, 0x
80004e2c:	0179                	.insn	2, 0x0179
80004e2e:	0000                	.insn	2, 0x
80004e30:	0032                	.insn	2, 0x0032
80004e32:	0000                	.insn	2, 0x
80004e34:	01c8                	.insn	2, 0x01c8
80004e36:	0000                	.insn	2, 0x
80004e38:	014c                	.insn	2, 0x014c
80004e3a:	0000                	.insn	2, 0x
80004e3c:	030d                	.insn	2, 0x030d
80004e3e:	0000                	.insn	2, 0x
80004e40:	0384                	.insn	2, 0x0384
80004e42:	0000                	.insn	2, 0x
80004e44:	006e                	.insn	2, 0x006e
80004e46:	0000                	.insn	2, 0x
80004e48:	02cc                	.insn	2, 0x02cc
80004e4a:	0000                	.insn	2, 0x
80004e4c:	000001ef          	jal	gp,80004e4c <input_data+0x1670>
80004e50:	000002eb          	.insn	4, 0x02eb
80004e54:	0380                	.insn	2, 0x0380
80004e56:	0000                	.insn	2, 0x
80004e58:	01bc                	.insn	2, 0x01bc
80004e5a:	0000                	.insn	2, 0x
80004e5c:	0326                	.insn	2, 0x0326
80004e5e:	0000                	.insn	2, 0x
80004e60:	0006                	.insn	2, 0x0006
80004e62:	0000                	.insn	2, 0x
80004e64:	02bc                	.insn	2, 0x02bc
80004e66:	0000                	.insn	2, 0x
80004e68:	018a                	.insn	2, 0x018a
80004e6a:	0000                	.insn	2, 0x
80004e6c:	0224                	.insn	2, 0x0224
80004e6e:	0000                	.insn	2, 0x
80004e70:	011d                	.insn	2, 0x011d
80004e72:	0000                	.insn	2, 0x
80004e74:	0154                	.insn	2, 0x0154
80004e76:	0000                	.insn	2, 0x
80004e78:	000002bf 0000001d 	.insn	8, 0x001d000002bf
80004e80:	01c2                	.insn	2, 0x01c2
80004e82:	0000                	.insn	2, 0x
80004e84:	033d                	.insn	2, 0x033d
80004e86:	0000                	.insn	2, 0x
80004e88:	028c                	.insn	2, 0x028c
80004e8a:	0000                	.insn	2, 0x
80004e8c:	0276                	.insn	2, 0x0276
80004e8e:	0000                	.insn	2, 0x
80004e90:	00000303          	lb	t1,0(zero) # 0 <buf.2>
80004e94:	0222                	.insn	2, 0x0222
80004e96:	0000                	.insn	2, 0x
80004e98:	01e5                	.insn	2, 0x01e5
80004e9a:	0000                	.insn	2, 0x
80004e9c:	0265                	.insn	2, 0x0265
80004e9e:	0000                	.insn	2, 0x
80004ea0:	0216                	.insn	2, 0x0216
80004ea2:	0000                	.insn	2, 0x
80004ea4:	03cc                	.insn	2, 0x03cc
80004ea6:	0000                	.insn	2, 0x
80004ea8:	0000022f          	.insn	4, 0x022f
80004eac:	0074                	.insn	2, 0x0074
80004eae:	0000                	.insn	2, 0x
80004eb0:	01e1                	.insn	2, 0x01e1
80004eb2:	0000                	.insn	2, 0x
80004eb4:	0139                	.insn	2, 0x0139
80004eb6:	0000                	.insn	2, 0x
80004eb8:	000001fb          	.insn	4, 0x01fb
80004ebc:	0388                	.insn	2, 0x0388
80004ebe:	0000                	.insn	2, 0x
80004ec0:	01b2                	.insn	2, 0x01b2
80004ec2:	0000                	.insn	2, 0x
80004ec4:	000003cb          	.insn	4, 0x03cb
80004ec8:	00000157          	.insn	4, 0x0157
80004ecc:	025f 0000 002a      	.insn	6, 0x002a0000025f
80004ed2:	0000                	.insn	2, 0x
80004ed4:	031a                	.insn	2, 0x031a
80004ed6:	0000                	.insn	2, 0x
80004ed8:	0310                	.insn	2, 0x0310
80004eda:	0000                	.insn	2, 0x
80004edc:	00a9                	.insn	2, 0x00a9
80004ede:	0000                	.insn	2, 0x
80004ee0:	0361                	.insn	2, 0x0361
80004ee2:	0000                	.insn	2, 0x
80004ee4:	0380                	.insn	2, 0x0380
80004ee6:	0000                	.insn	2, 0x
80004ee8:	01a5                	.insn	2, 0x01a5
80004eea:	0000                	.insn	2, 0x
80004eec:	000001fb          	.insn	4, 0x01fb
80004ef0:	019f 0000 0394      	.insn	6, 0x03940000019f
80004ef6:	0000                	.insn	2, 0x
80004ef8:	00000367          	jalr	t1,zero # 0 <buf.2>
80004efc:	000001af          	.insn	4, 0x01af
80004f00:	0000021b          	.insn	4, 0x021b
80004f04:	00000153          	.insn	4, 0x0153
80004f08:	00a2                	.insn	2, 0x00a2
80004f0a:	0000                	.insn	2, 0x
80004f0c:	00000093          	li	ra,0
80004f10:	0069                	.insn	2, 0x0069
80004f12:	0000                	.insn	2, 0x
80004f14:	00e0                	.insn	2, 0x00e0
80004f16:	0000                	.insn	2, 0x
80004f18:	01e1                	.insn	2, 0x01e1
80004f1a:	0000                	.insn	2, 0x
80004f1c:	0070                	.insn	2, 0x0070
80004f1e:	0000                	.insn	2, 0x
80004f20:	00000253          	.insn	4, 0x0253
80004f24:	0244                	.insn	2, 0x0244
80004f26:	0000                	.insn	2, 0x
80004f28:	00000073          	ecall
80004f2c:	0342                	.insn	2, 0x0342
80004f2e:	0000                	.insn	2, 0x
80004f30:	015e                	.insn	2, 0x015e
80004f32:	0000                	.insn	2, 0x
80004f34:	0086                	.insn	2, 0x0086
80004f36:	0000                	.insn	2, 0x
80004f38:	03c4                	.insn	2, 0x03c4
80004f3a:	0000                	.insn	2, 0x
80004f3c:	03b4                	.insn	2, 0x03b4
80004f3e:	0000                	.insn	2, 0x
80004f40:	011f 0000 00c9      	.insn	6, 0x00c90000011f
80004f46:	0000                	.insn	2, 0x
80004f48:	00e8                	.insn	2, 0x00e8
80004f4a:	0000                	.insn	2, 0x
80004f4c:	01e8                	.insn	2, 0x01e8
80004f4e:	0000                	.insn	2, 0x
80004f50:	009a                	.insn	2, 0x009a
80004f52:	0000                	.insn	2, 0x
80004f54:	018c                	.insn	2, 0x018c
80004f56:	0000                	.insn	2, 0x
80004f58:	025a                	.insn	2, 0x025a
80004f5a:	0000                	.insn	2, 0x
80004f5c:	031d                	.insn	2, 0x031d
80004f5e:	0000                	.insn	2, 0x
80004f60:	0000021b          	.insn	4, 0x021b
80004f64:	01de                	.insn	2, 0x01de
80004f66:	0000                	.insn	2, 0x
80004f68:	000003af          	.insn	4, 0x03af
80004f6c:	0301                	.insn	2, 0x0301
80004f6e:	0000                	.insn	2, 0x
80004f70:	0368                	.insn	2, 0x0368
80004f72:	0000                	.insn	2, 0x
80004f74:	023e                	.insn	2, 0x023e
80004f76:	0000                	.insn	2, 0x
80004f78:	0079                	.insn	2, 0x0079
80004f7a:	0000                	.insn	2, 0x
80004f7c:	01e5                	.insn	2, 0x01e5
80004f7e:	0000                	.insn	2, 0x
80004f80:	028c                	.insn	2, 0x028c
80004f82:	0000                	.insn	2, 0x
80004f84:	00000153          	.insn	4, 0x0153
80004f88:	0000032b          	.insn	4, 0x032b
80004f8c:	02d1                	.insn	2, 0x02d1
80004f8e:	0000                	.insn	2, 0x
80004f90:	000002eb          	.insn	4, 0x02eb
80004f94:	000001c3          	.insn	4, 0x01c3
80004f98:	016a                	.insn	2, 0x016a
80004f9a:	0000                	.insn	2, 0x
80004f9c:	0335                	.insn	2, 0x0335
80004f9e:	0000                	.insn	2, 0x
80004fa0:	0154                	.insn	2, 0x0154
80004fa2:	0000                	.insn	2, 0x
80004fa4:	02e8                	.insn	2, 0x02e8
80004fa6:	0000                	.insn	2, 0x
80004fa8:	038e                	.insn	2, 0x038e
80004faa:	0000                	.insn	2, 0x
80004fac:	0000                	.insn	2, 0x
80004fae:	0000                	.insn	2, 0x
80004fb0:	00ce                	.insn	2, 0x00ce
80004fb2:	0000                	.insn	2, 0x
80004fb4:	0252                	.insn	2, 0x0252
80004fb6:	0000                	.insn	2, 0x
80004fb8:	023c                	.insn	2, 0x023c
80004fba:	0000                	.insn	2, 0x
80004fbc:	0115                	.insn	2, 0x0115
80004fbe:	0000                	.insn	2, 0x
80004fc0:	01f9                	.insn	2, 0x01f9
80004fc2:	0000                	.insn	2, 0x
80004fc4:	0078                	.insn	2, 0x0078
80004fc6:	0000                	.insn	2, 0x
80004fc8:	03cd                	.insn	2, 0x03cd
80004fca:	0000                	.insn	2, 0x
80004fcc:	02a8                	.insn	2, 0x02a8
80004fce:	0000                	.insn	2, 0x
80004fd0:	03c1                	.insn	2, 0x03c1
80004fd2:	0000                	.insn	2, 0x
80004fd4:	02f5                	.insn	2, 0x02f5
80004fd6:	0000                	.insn	2, 0x
80004fd8:	0162                	.insn	2, 0x0162
80004fda:	0000                	.insn	2, 0x
80004fdc:	0000022b          	.insn	4, 0x022b
80004fe0:	00000273          	.insn	4, 0x0273
80004fe4:	0000034f          	.insn	4, 0x034f
80004fe8:	0351                	.insn	2, 0x0351
80004fea:	0000                	.insn	2, 0x
80004fec:	0205                	.insn	2, 0x0205
80004fee:	0000                	.insn	2, 0x
80004ff0:	000003cb          	.insn	4, 0x03cb
80004ff4:	0000017b          	.insn	4, 0x017b
80004ff8:	038e                	.insn	2, 0x038e
80004ffa:	0000                	.insn	2, 0x
80004ffc:	01f9                	.insn	2, 0x01f9
80004ffe:	0000                	.insn	2, 0x
80005000:	019a                	.insn	2, 0x019a
80005002:	0000                	.insn	2, 0x
80005004:	0388                	.insn	2, 0x0388
80005006:	0000                	.insn	2, 0x
80005008:	0302                	.insn	2, 0x0302
8000500a:	0000                	.insn	2, 0x
8000500c:	00f6                	.insn	2, 0x00f6
8000500e:	0000                	.insn	2, 0x
80005010:	0000003f 000000f3 	.insn	8, 0x00f30000003f
80005018:	036a                	.insn	2, 0x036a
8000501a:	0000                	.insn	2, 0x
8000501c:	018a                	.insn	2, 0x018a
8000501e:	0000                	.insn	2, 0x
80005020:	018c                	.insn	2, 0x018c
80005022:	0000                	.insn	2, 0x
80005024:	01ae                	.insn	2, 0x01ae
80005026:	0000                	.insn	2, 0x
80005028:	01e2                	.insn	2, 0x01e2
8000502a:	0000                	.insn	2, 0x
8000502c:	00d6                	.insn	2, 0x00d6
8000502e:	0000                	.insn	2, 0x
80005030:	0000026b          	.insn	4, 0x026b
80005034:	00f4                	.insn	2, 0x00f4
80005036:	0000                	.insn	2, 0x
80005038:	0286                	.insn	2, 0x0286
8000503a:	0000                	.insn	2, 0x
8000503c:	020c                	.insn	2, 0x020c
8000503e:	0000                	.insn	2, 0x
80005040:	022d                	.insn	2, 0x022d
80005042:	0000                	.insn	2, 0x
80005044:	0000018f          	.insn	4, 0x018f
80005048:	0148                	.insn	2, 0x0148
8000504a:	0000                	.insn	2, 0x
8000504c:	00ac                	.insn	2, 0x00ac
8000504e:	0000                	.insn	2, 0x
80005050:	00000043          	.insn	4, 0x0043
80005054:	0130                	.insn	2, 0x0130
80005056:	0000                	.insn	2, 0x
80005058:	0374                	.insn	2, 0x0374
8000505a:	0000                	.insn	2, 0x
8000505c:	026c                	.insn	2, 0x026c
8000505e:	0000                	.insn	2, 0x
80005060:	0200                	.insn	2, 0x0200
80005062:	0000                	.insn	2, 0x
80005064:	0252                	.insn	2, 0x0252
80005066:	0000                	.insn	2, 0x
80005068:	03cc                	.insn	2, 0x03cc
8000506a:	0000                	.insn	2, 0x
8000506c:	00000217          	auipc	tp,0x0
80005070:	0006                	.insn	2, 0x0006
80005072:	0000                	.insn	2, 0x
80005074:	02ba                	.insn	2, 0x02ba
80005076:	0000                	.insn	2, 0x
80005078:	0201                	.insn	2, 0x0201
8000507a:	0000                	.insn	2, 0x
8000507c:	009f 0000 0372      	.insn	6, 0x03720000009f
80005082:	0000                	.insn	2, 0x
80005084:	02ee                	.insn	2, 0x02ee
80005086:	0000                	.insn	2, 0x
80005088:	0232                	.insn	2, 0x0232
8000508a:	0000                	.insn	2, 0x
8000508c:	0329                	.insn	2, 0x0329
8000508e:	0000                	.insn	2, 0x
80005090:	02fc                	.insn	2, 0x02fc
80005092:	0000                	.insn	2, 0x
80005094:	01c6                	.insn	2, 0x01c6
80005096:	0000                	.insn	2, 0x
80005098:	016e                	.insn	2, 0x016e
8000509a:	0000                	.insn	2, 0x
8000509c:	0000004b          	.insn	4, 0x004b
800050a0:	01fa                	.insn	2, 0x01fa
800050a2:	0000                	.insn	2, 0x
800050a4:	005d                	.insn	2, 0x005d
800050a6:	0000                	.insn	2, 0x
800050a8:	0312                	.insn	2, 0x0312
800050aa:	0000                	.insn	2, 0x
800050ac:	000000a7          	.insn	4, 0x00a7
800050b0:	0000033f 00000010 	.insn	8, 0x00100000033f
800050b8:	017e                	.insn	2, 0x017e
800050ba:	0000                	.insn	2, 0x
800050bc:	0355                	.insn	2, 0x0355
800050be:	0000                	.insn	2, 0x
800050c0:	027e                	.insn	2, 0x027e
800050c2:	0000                	.insn	2, 0x
800050c4:	01ee                	.insn	2, 0x01ee
800050c6:	0000                	.insn	2, 0x
800050c8:	01c4                	.insn	2, 0x01c4
800050ca:	0000                	.insn	2, 0x
800050cc:	0144                	.insn	2, 0x0144
800050ce:	0000                	.insn	2, 0x
800050d0:	0048                	.insn	2, 0x0048
800050d2:	0000                	.insn	2, 0x
800050d4:	004e                	.insn	2, 0x004e
800050d6:	0000                	.insn	2, 0x
800050d8:	00000053          	.insn	4, 0x0053
800050dc:	0034                	.insn	2, 0x0034
800050de:	0000                	.insn	2, 0x
800050e0:	0000003b          	.insn	4, 0x003b
800050e4:	0070                	.insn	2, 0x0070
800050e6:	0000                	.insn	2, 0x
800050e8:	03a4                	.insn	2, 0x03a4
800050ea:	0000                	.insn	2, 0x
800050ec:	000a                	.insn	2, 0x000a
800050ee:	0000                	.insn	2, 0x
800050f0:	03a1                	.insn	2, 0x03a1
800050f2:	0000                	.insn	2, 0x
800050f4:	0156                	.insn	2, 0x0156
800050f6:	0000                	.insn	2, 0x
800050f8:	039c                	.insn	2, 0x039c
800050fa:	0000                	.insn	2, 0x
800050fc:	02da                	.insn	2, 0x02da
800050fe:	0000                	.insn	2, 0x
80005100:	03c1                	.insn	2, 0x03c1
80005102:	0000                	.insn	2, 0x
80005104:	02a8                	.insn	2, 0x02a8
80005106:	0000                	.insn	2, 0x
80005108:	0045                	.insn	2, 0x0045
8000510a:	0000                	.insn	2, 0x
8000510c:	011f 0000 031d      	.insn	6, 0x031d0000011f
80005112:	0000                	.insn	2, 0x
80005114:	03c1                	.insn	2, 0x03c1
80005116:	0000                	.insn	2, 0x
80005118:	03d9                	.insn	2, 0x03d9
8000511a:	0000                	.insn	2, 0x
8000511c:	005c                	.insn	2, 0x005c
8000511e:	0000                	.insn	2, 0x
80005120:	0356                	.insn	2, 0x0356
80005122:	0000                	.insn	2, 0x
80005124:	0272                	.insn	2, 0x0272
80005126:	0000                	.insn	2, 0x
80005128:	0375                	.insn	2, 0x0375
8000512a:	0000                	.insn	2, 0x
8000512c:	0390                	.insn	2, 0x0390
8000512e:	0000                	.insn	2, 0x
80005130:	0258                	.insn	2, 0x0258
80005132:	0000                	.insn	2, 0x
80005134:	0268                	.insn	2, 0x0268
80005136:	0000                	.insn	2, 0x
80005138:	0185                	.insn	2, 0x0185
8000513a:	0000                	.insn	2, 0x
8000513c:	035c                	.insn	2, 0x035c
8000513e:	0000                	.insn	2, 0x
80005140:	00e8                	.insn	2, 0x00e8
80005142:	0000                	.insn	2, 0x
80005144:	02e8                	.insn	2, 0x02e8
80005146:	0000                	.insn	2, 0x
80005148:	0319                	.insn	2, 0x0319
8000514a:	0000                	.insn	2, 0x
8000514c:	02e8                	.insn	2, 0x02e8
8000514e:	0000                	.insn	2, 0x
80005150:	000000b3          	add	ra,zero,zero
80005154:	01de                	.insn	2, 0x01de
80005156:	0000                	.insn	2, 0x
80005158:	0305                	.insn	2, 0x0305
8000515a:	0000                	.insn	2, 0x
8000515c:	00000267          	jalr	tp,zero # 0 <buf.2>
80005160:	02b1                	.insn	2, 0x02b1
80005162:	0000                	.insn	2, 0x
80005164:	01fc                	.insn	2, 0x01fc
80005166:	0000                	.insn	2, 0x
80005168:	00000307          	.insn	4, 0x0307
8000516c:	0392                	.insn	2, 0x0392
8000516e:	0000                	.insn	2, 0x
80005170:	01ee                	.insn	2, 0x01ee
80005172:	0000                	.insn	2, 0x
80005174:	032a                	.insn	2, 0x032a
80005176:	0000                	.insn	2, 0x
80005178:	0000008b          	.insn	4, 0x008b
8000517c:	0120                	.insn	2, 0x0120
8000517e:	0000                	.insn	2, 0x
80005180:	00ea                	.insn	2, 0x00ea
80005182:	0000                	.insn	2, 0x
80005184:	03ce                	.insn	2, 0x03ce
80005186:	0000                	.insn	2, 0x
80005188:	000001af          	.insn	4, 0x01af
8000518c:	0081                	.insn	2, 0x0081
8000518e:	0000                	.insn	2, 0x
80005190:	030c                	.insn	2, 0x030c
80005192:	0000                	.insn	2, 0x
80005194:	0245                	.insn	2, 0x0245
80005196:	0000                	.insn	2, 0x
80005198:	00000173          	.insn	4, 0x0173
8000519c:	0224                	.insn	2, 0x0224
8000519e:	0000                	.insn	2, 0x
800051a0:	0016                	.insn	2, 0x0016
800051a2:	0000                	.insn	2, 0x
800051a4:	0364                	.insn	2, 0x0364
800051a6:	0000                	.insn	2, 0x
800051a8:	028d                	.insn	2, 0x028d
800051aa:	0000                	.insn	2, 0x
800051ac:	03d5                	.insn	2, 0x03d5
800051ae:	0000                	.insn	2, 0x
800051b0:	02e5                	.insn	2, 0x02e5
800051b2:	0000                	.insn	2, 0x
800051b4:	010e                	.insn	2, 0x010e
800051b6:	0000                	.insn	2, 0x
800051b8:	0000032f          	.insn	4, 0x032f
800051bc:	0000026f          	jal	tp,800051bc <input_data+0x19e0>
800051c0:	01ac                	.insn	2, 0x01ac
800051c2:	0000                	.insn	2, 0x
800051c4:	028d                	.insn	2, 0x028d
800051c6:	0000                	.insn	2, 0x
800051c8:	0000008b          	.insn	4, 0x008b
800051cc:	0272                	.insn	2, 0x0272
800051ce:	0000                	.insn	2, 0x
800051d0:	0000025b          	.insn	4, 0x025b
800051d4:	03de                	.insn	2, 0x03de
800051d6:	0000                	.insn	2, 0x
800051d8:	0000013b          	.insn	4, 0x013b
800051dc:	0182                	.insn	2, 0x0182
800051de:	0000                	.insn	2, 0x
800051e0:	0158                	.insn	2, 0x0158
800051e2:	0000                	.insn	2, 0x
800051e4:	00000143          	.insn	4, 0x0143
800051e8:	0379                	.insn	2, 0x0379
800051ea:	0000                	.insn	2, 0x
800051ec:	01d8                	.insn	2, 0x01d8
800051ee:	0000                	.insn	2, 0x
800051f0:	013d                	.insn	2, 0x013d
800051f2:	0000                	.insn	2, 0x
800051f4:	00a4                	.insn	2, 0x00a4
800051f6:	0000                	.insn	2, 0x
800051f8:	0104                	.insn	2, 0x0104
800051fa:	0000                	.insn	2, 0x
800051fc:	000000ef          	jal	800051fc <input_data+0x1a20>
80005200:	035d                	.insn	2, 0x035d
80005202:	0000                	.insn	2, 0x
80005204:	00bd                	.insn	2, 0x00bd
80005206:	0000                	.insn	2, 0x
80005208:	0179                	.insn	2, 0x0179
8000520a:	0000                	.insn	2, 0x
8000520c:	0361                	.insn	2, 0x0361
8000520e:	0000                	.insn	2, 0x
80005210:	01ff 0000 00e7 0000 	.insn	10, 0x0130000000e7000001ff
80005218:	0130 
8000521a:	0000                	.insn	2, 0x
8000521c:	0164                	.insn	2, 0x0164
8000521e:	0000                	.insn	2, 0x
80005220:	0046                	.insn	2, 0x0046
80005222:	0000                	.insn	2, 0x
80005224:	0098                	.insn	2, 0x0098
80005226:	0000                	.insn	2, 0x
80005228:	00000023          	sb	zero,0(zero) # 0 <buf.2>
8000522c:	0339                	.insn	2, 0x0339
8000522e:	0000                	.insn	2, 0x
80005230:	0356                	.insn	2, 0x0356
80005232:	0000                	.insn	2, 0x
80005234:	0148                	.insn	2, 0x0148
80005236:	0000                	.insn	2, 0x
80005238:	0240                	.insn	2, 0x0240
8000523a:	0000                	.insn	2, 0x
8000523c:	0186                	.insn	2, 0x0186
8000523e:	0000                	.insn	2, 0x
80005240:	01ea                	.insn	2, 0x01ea
80005242:	0000                	.insn	2, 0x
80005244:	0350                	.insn	2, 0x0350
80005246:	0000                	.insn	2, 0x
80005248:	0146                	.insn	2, 0x0146
8000524a:	0000                	.insn	2, 0x
8000524c:	0026                	.insn	2, 0x0026
8000524e:	0000                	.insn	2, 0x
80005250:	0000012f          	.insn	4, 0x012f
80005254:	0192                	.insn	2, 0x0192
80005256:	0000                	.insn	2, 0x
80005258:	000001af          	.insn	4, 0x01af
8000525c:	0268                	.insn	2, 0x0268
8000525e:	0000                	.insn	2, 0x
80005260:	032d                	.insn	2, 0x032d
80005262:	0000                	.insn	2, 0x
80005264:	0222                	.insn	2, 0x0222
80005266:	0000                	.insn	2, 0x
80005268:	02c4                	.insn	2, 0x02c4
8000526a:	0000                	.insn	2, 0x
8000526c:	00ce                	.insn	2, 0x00ce
8000526e:	0000                	.insn	2, 0x
80005270:	0184                	.insn	2, 0x0184
80005272:	0000                	.insn	2, 0x
80005274:	0002                	.insn	2, 0x0002
80005276:	0000                	.insn	2, 0x
80005278:	03c2                	.insn	2, 0x03c2
8000527a:	0000                	.insn	2, 0x
8000527c:	0000030f          	.insn	4, 0x030f
80005280:	000003c7          	.insn	4, 0x03c7
80005284:	037a                	.insn	2, 0x037a
80005286:	0000                	.insn	2, 0x
80005288:	01ba                	.insn	2, 0x01ba
8000528a:	0000                	.insn	2, 0x
8000528c:	0000032f          	.insn	4, 0x032f
80005290:	0031                	.insn	2, 0x0031
80005292:	0000                	.insn	2, 0x
80005294:	0000033f 0000033f 	.insn	8, 0x033f0000033f
8000529c:	0299                	.insn	2, 0x0299
8000529e:	0000                	.insn	2, 0x
800052a0:	000000fb          	.insn	4, 0x00fb
800052a4:	019a                	.insn	2, 0x019a
800052a6:	0000                	.insn	2, 0x
800052a8:	0141                	.insn	2, 0x0141
800052aa:	0000                	.insn	2, 0x
800052ac:	005e                	.insn	2, 0x005e
800052ae:	0000                	.insn	2, 0x
800052b0:	02e5                	.insn	2, 0x02e5
800052b2:	0000                	.insn	2, 0x
800052b4:	00f6                	.insn	2, 0x00f6
800052b6:	0000                	.insn	2, 0x
800052b8:	000000b3          	add	ra,zero,zero
800052bc:	01a6                	.insn	2, 0x01a6
800052be:	0000                	.insn	2, 0x
800052c0:	00b0                	.insn	2, 0x00b0
800052c2:	0000                	.insn	2, 0x
800052c4:	000000d3          	.insn	4, 0x00d3
800052c8:	0075                	.insn	2, 0x0075
800052ca:	0000                	.insn	2, 0x
800052cc:	000002a3          	sb	zero,5(zero) # 5 <buf.2+0x5>
800052d0:	0000020b          	.insn	4, 0x020b
800052d4:	0009                	.insn	2, 0x0009
800052d6:	0000                	.insn	2, 0x
800052d8:	02fc                	.insn	2, 0x02fc
800052da:	0000                	.insn	2, 0x
800052dc:	0176                	.insn	2, 0x0176
800052de:	0000                	.insn	2, 0x
800052e0:	03b8                	.insn	2, 0x03b8
800052e2:	0000                	.insn	2, 0x
800052e4:	01aa                	.insn	2, 0x01aa
800052e6:	0000                	.insn	2, 0x
800052e8:	02c0                	.insn	2, 0x02c0
800052ea:	0000                	.insn	2, 0x
800052ec:	0040                	.insn	2, 0x0040
800052ee:	0000                	.insn	2, 0x
800052f0:	00000213          	li	tp,0
800052f4:	0035                	.insn	2, 0x0035
800052f6:	0000                	.insn	2, 0x
800052f8:	0324                	.insn	2, 0x0324
800052fa:	0000                	.insn	2, 0x
800052fc:	02f6                	.insn	2, 0x02f6
800052fe:	0000                	.insn	2, 0x
80005300:	00000017          	auipc	zero,0x0
80005304:	0000032b          	.insn	4, 0x032b
80005308:	00000263          	beqz	zero,8000530c <input_data+0x1b30>
8000530c:	01f4                	.insn	2, 0x01f4
8000530e:	0000                	.insn	2, 0x
80005310:	034e                	.insn	2, 0x034e
80005312:	0000                	.insn	2, 0x
80005314:	01b5                	.insn	2, 0x01b5
80005316:	0000                	.insn	2, 0x
80005318:	00000177          	.insn	4, 0x0177
8000531c:	0000014f          	.insn	4, 0x014f
80005320:	0356                	.insn	2, 0x0356
80005322:	0000                	.insn	2, 0x
80005324:	0148                	.insn	2, 0x0148
80005326:	0000                	.insn	2, 0x
80005328:	000003cb          	.insn	4, 0x03cb
8000532c:	00ed                	.insn	2, 0x00ed
8000532e:	0000                	.insn	2, 0x
80005330:	0018                	.insn	2, 0x0018
80005332:	0000                	.insn	2, 0x
80005334:	019f 0000 027f      	.insn	6, 0x027f0000019f
8000533a:	0000                	.insn	2, 0x
8000533c:	01d4                	.insn	2, 0x01d4
8000533e:	0000                	.insn	2, 0x
80005340:	013e                	.insn	2, 0x013e
80005342:	0000                	.insn	2, 0x
80005344:	02ac                	.insn	2, 0x02ac
80005346:	0000                	.insn	2, 0x
80005348:	000002d3          	.insn	4, 0x02d3
8000534c:	0235                	.insn	2, 0x0235
8000534e:	0000                	.insn	2, 0x
80005350:	0296                	.insn	2, 0x0296
80005352:	0000                	.insn	2, 0x
80005354:	0131                	.insn	2, 0x0131
80005356:	0000                	.insn	2, 0x
80005358:	00000287          	.insn	4, 0x0287
8000535c:	01c1                	.insn	2, 0x01c1
8000535e:	0000                	.insn	2, 0x
80005360:	0119                	.insn	2, 0x0119
80005362:	0000                	.insn	2, 0x
80005364:	0255                	.insn	2, 0x0255
80005366:	0000                	.insn	2, 0x
80005368:	009e                	.insn	2, 0x009e
8000536a:	0000                	.insn	2, 0x
8000536c:	0088                	.insn	2, 0x0088
8000536e:	0000                	.insn	2, 0x
80005370:	0126                	.insn	2, 0x0126
80005372:	0000                	.insn	2, 0x
80005374:	0372                	.insn	2, 0x0372
80005376:	0000                	.insn	2, 0x
80005378:	0375                	.insn	2, 0x0375
8000537a:	0000                	.insn	2, 0x
8000537c:	017f 0000 02de 0000 	.insn	10, 0x03aa000002de0000017f
80005384:	03aa 
80005386:	0000                	.insn	2, 0x
80005388:	0362                	.insn	2, 0x0362
8000538a:	0000                	.insn	2, 0x
8000538c:	010c                	.insn	2, 0x010c
8000538e:	0000                	.insn	2, 0x
80005390:	000001d7          	.insn	4, 0x01d7
80005394:	00000073          	ecall
80005398:	0128                	.insn	2, 0x0128
8000539a:	0000                	.insn	2, 0x
8000539c:	038c                	.insn	2, 0x038c
8000539e:	0000                	.insn	2, 0x
800053a0:	02a1                	.insn	2, 0x02a1
800053a2:	0000                	.insn	2, 0x
800053a4:	0032                	.insn	2, 0x0032
800053a6:	0000                	.insn	2, 0x
800053a8:	01d8                	.insn	2, 0x01d8
800053aa:	0000                	.insn	2, 0x
800053ac:	03b8                	.insn	2, 0x03b8
800053ae:	0000                	.insn	2, 0x
800053b0:	000001b7          	lui	gp,0x0
800053b4:	016e                	.insn	2, 0x016e
800053b6:	0000                	.insn	2, 0x
800053b8:	0005                	.insn	2, 0x0005
800053ba:	0000                	.insn	2, 0x
800053bc:	018d                	.insn	2, 0x018d
800053be:	0000                	.insn	2, 0x
800053c0:	0000009b          	.insn	4, 0x009b
800053c4:	0101                	.insn	2, 0x0101
800053c6:	0000                	.insn	2, 0x
800053c8:	01fa                	.insn	2, 0x01fa
800053ca:	0000                	.insn	2, 0x
800053cc:	000000e7          	jalr	zero # 0 <buf.2>
800053d0:	03b4                	.insn	2, 0x03b4
800053d2:	0000                	.insn	2, 0x
800053d4:	0000029b          	.insn	4, 0x029b
800053d8:	0258                	.insn	2, 0x0258
800053da:	0000                	.insn	2, 0x
800053dc:	00000023          	sb	zero,0(zero) # 0 <buf.2>
800053e0:	01bd                	.insn	2, 0x01bd
800053e2:	0000                	.insn	2, 0x
800053e4:	03de                	.insn	2, 0x03de
800053e6:	0000                	.insn	2, 0x
800053e8:	00de                	.insn	2, 0x00de
800053ea:	0000                	.insn	2, 0x
800053ec:	000001bb          	.insn	4, 0x01bb
800053f0:	0310                	.insn	2, 0x0310
800053f2:	0000                	.insn	2, 0x
800053f4:	00d5                	.insn	2, 0x00d5
800053f6:	0000                	.insn	2, 0x
800053f8:	015d                	.insn	2, 0x015d
800053fa:	0000                	.insn	2, 0x
800053fc:	0185                	.insn	2, 0x0185
800053fe:	0000                	.insn	2, 0x
80005400:	000003af          	.insn	4, 0x03af
80005404:	000d                	.insn	2, 0x000d
80005406:	0000                	.insn	2, 0x
80005408:	0096                	.insn	2, 0x0096
8000540a:	0000                	.insn	2, 0x
8000540c:	026d                	.insn	2, 0x026d
8000540e:	0000                	.insn	2, 0x
80005410:	016e                	.insn	2, 0x016e
80005412:	0000                	.insn	2, 0x
80005414:	0034                	.insn	2, 0x0034
80005416:	0000                	.insn	2, 0x
80005418:	01bc                	.insn	2, 0x01bc
8000541a:	0000                	.insn	2, 0x
8000541c:	0264                	.insn	2, 0x0264
8000541e:	0000                	.insn	2, 0x
80005420:	025c                	.insn	2, 0x025c
80005422:	0000                	.insn	2, 0x
80005424:	03a6                	.insn	2, 0x03a6
80005426:	0000                	.insn	2, 0x
80005428:	02d0                	.insn	2, 0x02d0
8000542a:	0000                	.insn	2, 0x
8000542c:	03b9                	.insn	2, 0x03b9
8000542e:	0000                	.insn	2, 0x
80005430:	0154                	.insn	2, 0x0154
80005432:	0000                	.insn	2, 0x
80005434:	033c                	.insn	2, 0x033c
80005436:	0000                	.insn	2, 0x
80005438:	03cc                	.insn	2, 0x03cc
8000543a:	0000                	.insn	2, 0x
8000543c:	01ce                	.insn	2, 0x01ce
8000543e:	0000                	.insn	2, 0x
80005440:	0000038f          	.insn	4, 0x038f
80005444:	026d                	.insn	2, 0x026d
80005446:	0000                	.insn	2, 0x
80005448:	0141                	.insn	2, 0x0141
8000544a:	0000                	.insn	2, 0x
8000544c:	032c                	.insn	2, 0x032c
8000544e:	0000                	.insn	2, 0x
80005450:	000001b3          	add	gp,zero,zero
80005454:	020a                	.insn	2, 0x020a
80005456:	0000                	.insn	2, 0x
80005458:	0032                	.insn	2, 0x0032
8000545a:	0000                	.insn	2, 0x
8000545c:	02a0                	.insn	2, 0x02a0
8000545e:	0000                	.insn	2, 0x
80005460:	004e                	.insn	2, 0x004e
80005462:	0000                	.insn	2, 0x
80005464:	0039                	.insn	2, 0x0039
80005466:	0000                	.insn	2, 0x
80005468:	02f9                	.insn	2, 0x02f9
8000546a:	0000                	.insn	2, 0x
8000546c:	0139                	.insn	2, 0x0139
8000546e:	0000                	.insn	2, 0x
80005470:	03b6                	.insn	2, 0x03b6
80005472:	0000                	.insn	2, 0x
80005474:	0160                	.insn	2, 0x0160
80005476:	0000                	.insn	2, 0x
80005478:	00ee                	.insn	2, 0x00ee
8000547a:	0000                	.insn	2, 0x
8000547c:	00000037          	lui	zero,0x0
80005480:	0000001b          	.insn	4, 0x001b
80005484:	03cc                	.insn	2, 0x03cc
80005486:	0000                	.insn	2, 0x
80005488:	00e2                	.insn	2, 0x00e2
8000548a:	0000                	.insn	2, 0x
8000548c:	02f1                	.insn	2, 0x02f1
8000548e:	0000                	.insn	2, 0x
80005490:	00c9                	.insn	2, 0x00c9
80005492:	0000                	.insn	2, 0x
80005494:	01a0                	.insn	2, 0x01a0
80005496:	0000                	.insn	2, 0x
80005498:	00b0                	.insn	2, 0x00b0
8000549a:	0000                	.insn	2, 0x
8000549c:	0000036f          	jal	t1,8000549c <input_data+0x1cc0>
800054a0:	036d                	.insn	2, 0x036d
800054a2:	0000                	.insn	2, 0x
800054a4:	0360                	.insn	2, 0x0360
800054a6:	0000                	.insn	2, 0x
800054a8:	01c2                	.insn	2, 0x01c2
800054aa:	0000                	.insn	2, 0x
800054ac:	023c                	.insn	2, 0x023c
800054ae:	0000                	.insn	2, 0x
800054b0:	0000036f          	jal	t1,800054b0 <input_data+0x1cd4>
800054b4:	000000a3          	sb	zero,1(zero) # 1 <buf.2+0x1>
800054b8:	00000063          	beqz	zero,800054b8 <input_data+0x1cdc>
800054bc:	02d1                	.insn	2, 0x02d1
800054be:	0000                	.insn	2, 0x
800054c0:	0000008f          	.insn	4, 0x008f
800054c4:	000c                	.insn	2, 0x000c
800054c6:	0000                	.insn	2, 0x
800054c8:	001f 0000 0283      	.insn	6, 0x02830000001f
800054ce:	0000                	.insn	2, 0x
800054d0:	032c                	.insn	2, 0x032c
800054d2:	0000                	.insn	2, 0x
800054d4:	000001fb          	.insn	4, 0x01fb
800054d8:	00000303          	lb	t1,0(zero) # 0 <buf.2>
800054dc:	03c8                	.insn	2, 0x03c8
800054de:	0000                	.insn	2, 0x
800054e0:	0000020f          	.insn	4, 0x020f
800054e4:	030d                	.insn	2, 0x030d
800054e6:	0000                	.insn	2, 0x
800054e8:	01e8                	.insn	2, 0x01e8
800054ea:	0000                	.insn	2, 0x
800054ec:	0348                	.insn	2, 0x0348
800054ee:	0000                	.insn	2, 0x
800054f0:	031d                	.insn	2, 0x031d
800054f2:	0000                	.insn	2, 0x
800054f4:	00f2                	.insn	2, 0x00f2
800054f6:	0000                	.insn	2, 0x
800054f8:	00c2                	.insn	2, 0x00c2
800054fa:	0000                	.insn	2, 0x
800054fc:	0276                	.insn	2, 0x0276
800054fe:	0000                	.insn	2, 0x
80005500:	0125                	.insn	2, 0x0125
80005502:	0000                	.insn	2, 0x
80005504:	032a                	.insn	2, 0x032a
80005506:	0000                	.insn	2, 0x
80005508:	03c6                	.insn	2, 0x03c6
8000550a:	0000                	.insn	2, 0x
8000550c:	0000031b          	.insn	4, 0x031b
80005510:	0114                	.insn	2, 0x0114
80005512:	0000                	.insn	2, 0x
80005514:	000001b3          	add	gp,zero,zero
80005518:	0159                	.insn	2, 0x0159
8000551a:	0000                	.insn	2, 0x
8000551c:	0375                	.insn	2, 0x0375
8000551e:	0000                	.insn	2, 0x
80005520:	019d                	.insn	2, 0x019d
80005522:	0000                	.insn	2, 0x
80005524:	00000257          	.insn	4, 0x0257
80005528:	00c5                	.insn	2, 0x00c5
8000552a:	0000                	.insn	2, 0x
8000552c:	02b8                	.insn	2, 0x02b8
8000552e:	0000                	.insn	2, 0x
80005530:	0182                	.insn	2, 0x0182
80005532:	0000                	.insn	2, 0x
80005534:	00000283          	lb	t0,0(zero) # 0 <buf.2>
80005538:	0074                	.insn	2, 0x0074
8000553a:	0000                	.insn	2, 0x
8000553c:	005d                	.insn	2, 0x005d
8000553e:	0000                	.insn	2, 0x
80005540:	0142                	.insn	2, 0x0142
80005542:	0000                	.insn	2, 0x
80005544:	02c6                	.insn	2, 0x02c6
80005546:	0000                	.insn	2, 0x
80005548:	02a8                	.insn	2, 0x02a8
8000554a:	0000                	.insn	2, 0x
8000554c:	0311                	.insn	2, 0x0311
8000554e:	0000                	.insn	2, 0x
80005550:	021a                	.insn	2, 0x021a
80005552:	0000                	.insn	2, 0x
80005554:	0070                	.insn	2, 0x0070
80005556:	0000                	.insn	2, 0x
80005558:	0229                	.insn	2, 0x0229
8000555a:	0000                	.insn	2, 0x
8000555c:	0245                	.insn	2, 0x0245
8000555e:	0000                	.insn	2, 0x
80005560:	03c0                	.insn	2, 0x03c0
80005562:	0000                	.insn	2, 0x
80005564:	000c                	.insn	2, 0x000c
80005566:	0000                	.insn	2, 0x
80005568:	036a                	.insn	2, 0x036a
8000556a:	0000                	.insn	2, 0x
8000556c:	0000039b          	.insn	4, 0x039b
80005570:	0030                	.insn	2, 0x0030
80005572:	0000                	.insn	2, 0x
80005574:	00000267          	jalr	tp,zero # 0 <buf.2>
80005578:	01fa                	.insn	2, 0x01fa
8000557a:	0000                	.insn	2, 0x
8000557c:	028c                	.insn	2, 0x028c
8000557e:	0000                	.insn	2, 0x
80005580:	0382                	.insn	2, 0x0382
80005582:	0000                	.insn	2, 0x
80005584:	00000167          	jalr	sp,zero # 0 <buf.2>
80005588:	0000021b          	.insn	4, 0x021b
8000558c:	0105                	.insn	2, 0x0105
8000558e:	0000                	.insn	2, 0x
80005590:	000001ef          	jal	gp,80005590 <input_data+0x1db4>
80005594:	00e9                	.insn	2, 0x00e9
80005596:	0000                	.insn	2, 0x
80005598:	02fc                	.insn	2, 0x02fc
8000559a:	0000                	.insn	2, 0x
8000559c:	0261                	.insn	2, 0x0261
8000559e:	0000                	.insn	2, 0x
800055a0:	0325                	.insn	2, 0x0325
800055a2:	0000                	.insn	2, 0x
800055a4:	02ae                	.insn	2, 0x02ae
800055a6:	0000                	.insn	2, 0x
800055a8:	011e                	.insn	2, 0x011e
800055aa:	0000                	.insn	2, 0x
800055ac:	0000021b          	.insn	4, 0x021b
800055b0:	01b0                	.insn	2, 0x01b0
800055b2:	0000                	.insn	2, 0x
800055b4:	0076                	.insn	2, 0x0076
800055b6:	0000                	.insn	2, 0x
800055b8:	0344                	.insn	2, 0x0344
800055ba:	0000                	.insn	2, 0x
800055bc:	0230                	.insn	2, 0x0230
800055be:	0000                	.insn	2, 0x
800055c0:	00c0                	.insn	2, 0x00c0
800055c2:	0000                	.insn	2, 0x
800055c4:	000002e3          	beqz	zero,80005dc8 <input_data+0x25ec>
800055c8:	0339                	.insn	2, 0x0339
800055ca:	0000                	.insn	2, 0x
800055cc:	0014                	.insn	2, 0x0014
800055ce:	0000                	.insn	2, 0x
800055d0:	030a                	.insn	2, 0x030a
800055d2:	0000                	.insn	2, 0x
800055d4:	013d                	.insn	2, 0x013d
800055d6:	0000                	.insn	2, 0x
800055d8:	024a                	.insn	2, 0x024a
800055da:	0000                	.insn	2, 0x
800055dc:	03d0                	.insn	2, 0x03d0
800055de:	0000                	.insn	2, 0x
800055e0:	00000167          	jalr	sp,zero # 0 <buf.2>
800055e4:	023d                	.insn	2, 0x023d
800055e6:	0000                	.insn	2, 0x
800055e8:	0160                	.insn	2, 0x0160
800055ea:	0000                	.insn	2, 0x
800055ec:	0182                	.insn	2, 0x0182
800055ee:	0000                	.insn	2, 0x
800055f0:	02ea                	.insn	2, 0x02ea
800055f2:	0000                	.insn	2, 0x
800055f4:	0304                	.insn	2, 0x0304
800055f6:	0000                	.insn	2, 0x
800055f8:	0000000b          	.insn	4, 0x000b
800055fc:	00000297          	auipc	t0,0x0
80005600:	02ed                	.insn	2, 0x02ed
80005602:	0000                	.insn	2, 0x
80005604:	01f8                	.insn	2, 0x01f8
80005606:	0000                	.insn	2, 0x
80005608:	0005                	.insn	2, 0x0005
8000560a:	0000                	.insn	2, 0x
8000560c:	00d4                	.insn	2, 0x00d4
8000560e:	0000                	.insn	2, 0x
80005610:	0198                	.insn	2, 0x0198
80005612:	0000                	.insn	2, 0x
80005614:	0378                	.insn	2, 0x0378
80005616:	0000                	.insn	2, 0x
80005618:	00000283          	lb	t0,0(zero) # 0 <buf.2>
8000561c:	0000038b          	.insn	4, 0x038b
80005620:	01b9                	.insn	2, 0x01b9
80005622:	0000                	.insn	2, 0x
80005624:	01a4                	.insn	2, 0x01a4
80005626:	0000                	.insn	2, 0x
80005628:	0170                	.insn	2, 0x0170
8000562a:	0000                	.insn	2, 0x
8000562c:	02e1                	.insn	2, 0x02e1
8000562e:	0000                	.insn	2, 0x
80005630:	0061                	.insn	2, 0x0061
80005632:	0000                	.insn	2, 0x
80005634:	0204                	.insn	2, 0x0204
80005636:	0000                	.insn	2, 0x
80005638:	00a9                	.insn	2, 0x00a9
8000563a:	0000                	.insn	2, 0x
8000563c:	0019                	.insn	2, 0x0019
8000563e:	0000                	.insn	2, 0x
80005640:	00000167          	jalr	sp,zero # 0 <buf.2>
80005644:	000000db          	.insn	4, 0x00db
80005648:	0000020f          	.insn	4, 0x020f
8000564c:	031d                	.insn	2, 0x031d
8000564e:	0000                	.insn	2, 0x
80005650:	02a0                	.insn	2, 0x02a0
80005652:	0000                	.insn	2, 0x
80005654:	02cc                	.insn	2, 0x02cc
80005656:	0000                	.insn	2, 0x
80005658:	0045                	.insn	2, 0x0045
8000565a:	0000                	.insn	2, 0x
8000565c:	01c4                	.insn	2, 0x01c4
8000565e:	0000                	.insn	2, 0x
80005660:	0370                	.insn	2, 0x0370
80005662:	0000                	.insn	2, 0x
80005664:	02b4                	.insn	2, 0x02b4
80005666:	0000                	.insn	2, 0x
80005668:	012a                	.insn	2, 0x012a
8000566a:	0000                	.insn	2, 0x
8000566c:	000002ab          	.insn	4, 0x02ab
80005670:	012c                	.insn	2, 0x012c
80005672:	0000                	.insn	2, 0x
80005674:	000001cb          	.insn	4, 0x01cb
80005678:	00000147          	.insn	4, 0x0147
8000567c:	0000032f          	.insn	4, 0x032f
80005680:	0000039b          	.insn	4, 0x039b
80005684:	00000143          	.insn	4, 0x0143
80005688:	033d                	.insn	2, 0x033d
8000568a:	0000                	.insn	2, 0x
8000568c:	0264                	.insn	2, 0x0264
8000568e:	0000                	.insn	2, 0x
80005690:	0330                	.insn	2, 0x0330
80005692:	0000                	.insn	2, 0x
80005694:	000000f7          	.insn	4, 0x00f7
80005698:	01f1                	.insn	2, 0x01f1
8000569a:	0000                	.insn	2, 0x
8000569c:	0074                	.insn	2, 0x0074
8000569e:	0000                	.insn	2, 0x
800056a0:	000000f3          	.insn	4, 0x00f3
800056a4:	0160                	.insn	2, 0x0160
800056a6:	0000                	.insn	2, 0x
800056a8:	03d5                	.insn	2, 0x03d5
800056aa:	0000                	.insn	2, 0x
800056ac:	0119                	.insn	2, 0x0119
800056ae:	0000                	.insn	2, 0x
800056b0:	0395                	.insn	2, 0x0395
800056b2:	0000                	.insn	2, 0x
800056b4:	02e2                	.insn	2, 0x02e2
800056b6:	0000                	.insn	2, 0x
800056b8:	02c9                	.insn	2, 0x02c9
800056ba:	0000                	.insn	2, 0x
800056bc:	0122                	.insn	2, 0x0122
800056be:	0000                	.insn	2, 0x
800056c0:	028d                	.insn	2, 0x028d
800056c2:	0000                	.insn	2, 0x
800056c4:	038d                	.insn	2, 0x038d
800056c6:	0000                	.insn	2, 0x
800056c8:	000001f7          	.insn	4, 0x01f7
800056cc:	0285                	.insn	2, 0x0285
800056ce:	0000                	.insn	2, 0x
800056d0:	0196                	.insn	2, 0x0196
800056d2:	0000                	.insn	2, 0x
800056d4:	0271                	.insn	2, 0x0271
800056d6:	0000                	.insn	2, 0x
800056d8:	021f 0000 03a4      	.insn	6, 0x03a40000021f
800056de:	0000                	.insn	2, 0x
800056e0:	006c                	.insn	2, 0x006c
800056e2:	0000                	.insn	2, 0x
800056e4:	00dc                	.insn	2, 0x00dc
800056e6:	0000                	.insn	2, 0x
800056e8:	0130                	.insn	2, 0x0130
800056ea:	0000                	.insn	2, 0x
800056ec:	02ad                	.insn	2, 0x02ad
800056ee:	0000                	.insn	2, 0x
800056f0:	01d0                	.insn	2, 0x01d0
800056f2:	0000                	.insn	2, 0x
800056f4:	0175                	.insn	2, 0x0175
800056f6:	0000                	.insn	2, 0x
800056f8:	03ba                	.insn	2, 0x03ba
800056fa:	0000                	.insn	2, 0x
800056fc:	036c                	.insn	2, 0x036c
800056fe:	0000                	.insn	2, 0x
80005700:	0056                	.insn	2, 0x0056
80005702:	0000                	.insn	2, 0x
80005704:	0286                	.insn	2, 0x0286
80005706:	0000                	.insn	2, 0x
80005708:	0322                	.insn	2, 0x0322
8000570a:	0000                	.insn	2, 0x
8000570c:	019c                	.insn	2, 0x019c
8000570e:	0000                	.insn	2, 0x
80005710:	01be                	.insn	2, 0x01be
80005712:	0000                	.insn	2, 0x
80005714:	000003bb          	.insn	4, 0x03bb
80005718:	001c                	.insn	2, 0x001c
8000571a:	0000                	.insn	2, 0x
8000571c:	0298                	.insn	2, 0x0298
8000571e:	0000                	.insn	2, 0x
80005720:	0000021b          	.insn	4, 0x021b
80005724:	0352                	.insn	2, 0x0352
80005726:	0000                	.insn	2, 0x
80005728:	0000028f          	.insn	4, 0x028f
8000572c:	0000030f          	.insn	4, 0x030f
80005730:	001c                	.insn	2, 0x001c
80005732:	0000                	.insn	2, 0x
80005734:	0188                	.insn	2, 0x0188
80005736:	0000                	.insn	2, 0x
80005738:	01d6                	.insn	2, 0x01d6
8000573a:	0000                	.insn	2, 0x
8000573c:	000002c3          	.insn	4, 0x02c3
80005740:	02df 0000 01a6      	.insn	6, 0x01a6000002df
80005746:	0000                	.insn	2, 0x
80005748:	03ad                	.insn	2, 0x03ad
8000574a:	0000                	.insn	2, 0x
8000574c:	0000020b          	.insn	4, 0x020b
80005750:	0262                	.insn	2, 0x0262
80005752:	0000                	.insn	2, 0x
80005754:	02aa                	.insn	2, 0x02aa
80005756:	0000                	.insn	2, 0x
80005758:	000001c3          	.insn	4, 0x01c3
8000575c:	0025                	.insn	2, 0x0025
8000575e:	0000                	.insn	2, 0x
80005760:	02a0                	.insn	2, 0x02a0
80005762:	0000                	.insn	2, 0x
80005764:	009c                	.insn	2, 0x009c
80005766:	0000                	.insn	2, 0x
80005768:	00ed                	.insn	2, 0x00ed
8000576a:	0000                	.insn	2, 0x
8000576c:	0000002b          	.insn	4, 0x002b
80005770:	02fe                	.insn	2, 0x02fe
80005772:	0000                	.insn	2, 0x
80005774:	02ff 0000 02c9 0000 	.insn	10, 0x007c000002c9000002ff
8000577c:	007c 
8000577e:	0000                	.insn	2, 0x
80005780:	0199                	.insn	2, 0x0199
80005782:	0000                	.insn	2, 0x
80005784:	0225                	.insn	2, 0x0225
80005786:	0000                	.insn	2, 0x
80005788:	0365                	.insn	2, 0x0365
8000578a:	0000                	.insn	2, 0x
8000578c:	032e                	.insn	2, 0x032e
8000578e:	0000                	.insn	2, 0x
80005790:	00ba                	.insn	2, 0x00ba
80005792:	0000                	.insn	2, 0x
80005794:	000000fb          	.insn	4, 0x00fb
80005798:	000001db          	.insn	4, 0x01db
8000579c:	00d6                	.insn	2, 0x00d6
8000579e:	0000                	.insn	2, 0x
800057a0:	0238                	.insn	2, 0x0238
800057a2:	0000                	.insn	2, 0x
800057a4:	00d4                	.insn	2, 0x00d4
800057a6:	0000                	.insn	2, 0x
800057a8:	002c                	.insn	2, 0x002c
800057aa:	0000                	.insn	2, 0x
800057ac:	023c                	.insn	2, 0x023c
800057ae:	0000                	.insn	2, 0x
800057b0:	03e5                	.insn	2, 0x03e5
800057b2:	0000                	.insn	2, 0x
800057b4:	0382                	.insn	2, 0x0382
800057b6:	0000                	.insn	2, 0x
800057b8:	0000008b          	.insn	4, 0x008b
800057bc:	03bc                	.insn	2, 0x03bc
800057be:	0000                	.insn	2, 0x
800057c0:	01c8                	.insn	2, 0x01c8
800057c2:	0000                	.insn	2, 0x
800057c4:	0260                	.insn	2, 0x0260
800057c6:	0000                	.insn	2, 0x
800057c8:	01d6                	.insn	2, 0x01d6
800057ca:	0000                	.insn	2, 0x
800057cc:	0000028b          	.insn	4, 0x028b
800057d0:	0236                	.insn	2, 0x0236
800057d2:	0000                	.insn	2, 0x
800057d4:	01b2                	.insn	2, 0x01b2
800057d6:	0000                	.insn	2, 0x
800057d8:	0198                	.insn	2, 0x0198
800057da:	0000                	.insn	2, 0x
800057dc:	038a                	.insn	2, 0x038a
800057de:	0000                	.insn	2, 0x
800057e0:	02f4                	.insn	2, 0x02f4
800057e2:	0000                	.insn	2, 0x
800057e4:	03ca                	.insn	2, 0x03ca
800057e6:	0000                	.insn	2, 0x
800057e8:	023d                	.insn	2, 0x023d
800057ea:	0000                	.insn	2, 0x
800057ec:	0280                	.insn	2, 0x0280
800057ee:	0000                	.insn	2, 0x
800057f0:	036d                	.insn	2, 0x036d
800057f2:	0000                	.insn	2, 0x
800057f4:	000002af          	.insn	4, 0x02af
800057f8:	0018                	.insn	2, 0x0018
800057fa:	0000                	.insn	2, 0x
800057fc:	0282                	.insn	2, 0x0282
800057fe:	0000                	.insn	2, 0x
80005800:	01fa                	.insn	2, 0x01fa
80005802:	0000                	.insn	2, 0x
80005804:	0109                	.insn	2, 0x0109
80005806:	0000                	.insn	2, 0x
80005808:	0170                	.insn	2, 0x0170
8000580a:	0000                	.insn	2, 0x
8000580c:	0000010f          	.insn	4, 0x010f
80005810:	0000018f          	.insn	4, 0x018f
80005814:	03cc                	.insn	2, 0x03cc
80005816:	0000                	.insn	2, 0x
80005818:	03b6                	.insn	2, 0x03b6
8000581a:	0000                	.insn	2, 0x
8000581c:	032e                	.insn	2, 0x032e
8000581e:	0000                	.insn	2, 0x
80005820:	006d                	.insn	2, 0x006d
80005822:	0000                	.insn	2, 0x
80005824:	0338                	.insn	2, 0x0338
80005826:	0000                	.insn	2, 0x
80005828:	00000253          	.insn	4, 0x0253
8000582c:	0079                	.insn	2, 0x0079
8000582e:	0000                	.insn	2, 0x
80005830:	0358                	.insn	2, 0x0358
80005832:	0000                	.insn	2, 0x
80005834:	01d1                	.insn	2, 0x01d1
80005836:	0000                	.insn	2, 0x
80005838:	0204                	.insn	2, 0x0204
8000583a:	0000                	.insn	2, 0x
8000583c:	01d4                	.insn	2, 0x01d4
8000583e:	0000                	.insn	2, 0x
80005840:	01d9                	.insn	2, 0x01d9
80005842:	0000                	.insn	2, 0x
80005844:	00000277          	.insn	4, 0x0277
80005848:	0319                	.insn	2, 0x0319
8000584a:	0000                	.insn	2, 0x
8000584c:	0119                	.insn	2, 0x0119
8000584e:	0000                	.insn	2, 0x
80005850:	02e0                	.insn	2, 0x02e0
80005852:	0000                	.insn	2, 0x
80005854:	01a0                	.insn	2, 0x01a0
80005856:	0000                	.insn	2, 0x
80005858:	02c4                	.insn	2, 0x02c4
8000585a:	0000                	.insn	2, 0x
8000585c:	0000013b          	.insn	4, 0x013b
80005860:	03d2                	.insn	2, 0x03d2
80005862:	0000                	.insn	2, 0x
80005864:	000000eb          	.insn	4, 0x00eb
80005868:	0212                	.insn	2, 0x0212
8000586a:	0000                	.insn	2, 0x
8000586c:	0272                	.insn	2, 0x0272
8000586e:	0000                	.insn	2, 0x
80005870:	000001a3          	sb	zero,3(zero) # 3 <buf.2+0x3>
80005874:	0128                	.insn	2, 0x0128
80005876:	0000                	.insn	2, 0x
80005878:	0224                	.insn	2, 0x0224
8000587a:	0000                	.insn	2, 0x
8000587c:	01f6                	.insn	2, 0x01f6
8000587e:	0000                	.insn	2, 0x
80005880:	0356                	.insn	2, 0x0356
80005882:	0000                	.insn	2, 0x
80005884:	001c                	.insn	2, 0x001c
80005886:	0000                	.insn	2, 0x
80005888:	00b8                	.insn	2, 0x00b8
8000588a:	0000                	.insn	2, 0x
8000588c:	029c                	.insn	2, 0x029c
8000588e:	0000                	.insn	2, 0x
80005890:	0312                	.insn	2, 0x0312
80005892:	0000                	.insn	2, 0x
80005894:	0146                	.insn	2, 0x0146
80005896:	0000                	.insn	2, 0x
80005898:	00e4                	.insn	2, 0x00e4
8000589a:	0000                	.insn	2, 0x
8000589c:	0242                	.insn	2, 0x0242
8000589e:	0000                	.insn	2, 0x
800058a0:	02e2                	.insn	2, 0x02e2
800058a2:	0000                	.insn	2, 0x
800058a4:	0371                	.insn	2, 0x0371
800058a6:	0000                	.insn	2, 0x
800058a8:	0109                	.insn	2, 0x0109
800058aa:	0000                	.insn	2, 0x
800058ac:	0130                	.insn	2, 0x0130
800058ae:	0000                	.insn	2, 0x
800058b0:	0328                	.insn	2, 0x0328
800058b2:	0000                	.insn	2, 0x
800058b4:	019f 0000 01ea      	.insn	6, 0x01ea0000019f
800058ba:	0000                	.insn	2, 0x
800058bc:	0000                	.insn	2, 0x
800058be:	0000                	.insn	2, 0x
800058c0:	0000026f          	jal	tp,800058c0 <input_data+0x20e4>
800058c4:	000000c7          	.insn	4, 0x00c7
800058c8:	000001e3          	beqz	zero,800060ca <input_data+0x28ee>
800058cc:	03a6                	.insn	2, 0x03a6
800058ce:	0000                	.insn	2, 0x
800058d0:	0069                	.insn	2, 0x0069
800058d2:	0000                	.insn	2, 0x
800058d4:	00d4                	.insn	2, 0x00d4
800058d6:	0000                	.insn	2, 0x
800058d8:	0221                	.insn	2, 0x0221
800058da:	0000                	.insn	2, 0x
800058dc:	00000217          	auipc	tp,0x0
800058e0:	009a                	.insn	2, 0x009a
800058e2:	0000                	.insn	2, 0x
800058e4:	0028                	.insn	2, 0x0028
800058e6:	0000                	.insn	2, 0x
800058e8:	01d9                	.insn	2, 0x01d9
800058ea:	0000                	.insn	2, 0x
800058ec:	0210                	.insn	2, 0x0210
800058ee:	0000                	.insn	2, 0x
800058f0:	02c8                	.insn	2, 0x02c8
800058f2:	0000                	.insn	2, 0x
800058f4:	00000343          	.insn	4, 0x0343
800058f8:	029c                	.insn	2, 0x029c
800058fa:	0000                	.insn	2, 0x
800058fc:	015d                	.insn	2, 0x015d
800058fe:	0000                	.insn	2, 0x
80005900:	000000eb          	.insn	4, 0x00eb
80005904:	0152                	.insn	2, 0x0152
80005906:	0000                	.insn	2, 0x
80005908:	00000133          	add	sp,zero,zero
8000590c:	00e6                	.insn	2, 0x00e6
8000590e:	0000                	.insn	2, 0x
80005910:	014e                	.insn	2, 0x014e
80005912:	0000                	.insn	2, 0x
80005914:	0368                	.insn	2, 0x0368
80005916:	0000                	.insn	2, 0x
80005918:	020a                	.insn	2, 0x020a
8000591a:	0000                	.insn	2, 0x
8000591c:	0176                	.insn	2, 0x0176
8000591e:	0000                	.insn	2, 0x
80005920:	00e1                	.insn	2, 0x00e1
80005922:	0000                	.insn	2, 0x
80005924:	0000008f          	.insn	4, 0x008f
80005928:	02ea                	.insn	2, 0x02ea
8000592a:	0000                	.insn	2, 0x
8000592c:	03e4                	.insn	2, 0x03e4
8000592e:	0000                	.insn	2, 0x
80005930:	0090                	.insn	2, 0x0090
80005932:	0000                	.insn	2, 0x
80005934:	0181                	.insn	2, 0x0181
80005936:	0000                	.insn	2, 0x
80005938:	0088                	.insn	2, 0x0088
8000593a:	0000                	.insn	2, 0x
8000593c:	0350                	.insn	2, 0x0350
8000593e:	0000                	.insn	2, 0x
80005940:	0221                	.insn	2, 0x0221
80005942:	0000                	.insn	2, 0x
80005944:	000001e7          	jalr	gp,zero # 0 <buf.2>
80005948:	01b2                	.insn	2, 0x01b2
8000594a:	0000                	.insn	2, 0x
8000594c:	0000024b          	.insn	4, 0x024b
80005950:	0345                	.insn	2, 0x0345
80005952:	0000                	.insn	2, 0x
80005954:	0008                	.insn	2, 0x0008
80005956:	0000                	.insn	2, 0x
80005958:	01c8                	.insn	2, 0x01c8
8000595a:	0000                	.insn	2, 0x
8000595c:	000001e7          	jalr	gp,zero # 0 <buf.2>
80005960:	01b2                	.insn	2, 0x01b2
80005962:	0000                	.insn	2, 0x
80005964:	02d9                	.insn	2, 0x02d9
80005966:	0000                	.insn	2, 0x
80005968:	0072                	.insn	2, 0x0072
8000596a:	0000                	.insn	2, 0x
8000596c:	03b0                	.insn	2, 0x03b0
8000596e:	0000                	.insn	2, 0x
80005970:	000003cb          	.insn	4, 0x03cb
80005974:	02b0                	.insn	2, 0x02b0
80005976:	0000                	.insn	2, 0x
80005978:	013c                	.insn	2, 0x013c
8000597a:	0000                	.insn	2, 0x
8000597c:	00000367          	jalr	t1,zero # 0 <buf.2>
80005980:	0000029b          	.insn	4, 0x029b
80005984:	009c                	.insn	2, 0x009c
80005986:	0000                	.insn	2, 0x
80005988:	0130                	.insn	2, 0x0130
8000598a:	0000                	.insn	2, 0x
8000598c:	0270                	.insn	2, 0x0270
8000598e:	0000                	.insn	2, 0x
80005990:	032d                	.insn	2, 0x032d
80005992:	0000                	.insn	2, 0x
80005994:	010d                	.insn	2, 0x010d
80005996:	0000                	.insn	2, 0x
80005998:	02d9                	.insn	2, 0x02d9
8000599a:	0000                	.insn	2, 0x
8000599c:	0000002f          	.insn	4, 0x002f
800059a0:	021a                	.insn	2, 0x021a
800059a2:	0000                	.insn	2, 0x
800059a4:	00fa                	.insn	2, 0x00fa
800059a6:	0000                	.insn	2, 0x
800059a8:	02f4                	.insn	2, 0x02f4
800059aa:	0000                	.insn	2, 0x
800059ac:	000001eb          	.insn	4, 0x01eb
800059b0:	0346                	.insn	2, 0x0346
800059b2:	0000                	.insn	2, 0x
800059b4:	0372                	.insn	2, 0x0372
800059b6:	0000                	.insn	2, 0x
800059b8:	0194                	.insn	2, 0x0194
800059ba:	0000                	.insn	2, 0x
800059bc:	00d5                	.insn	2, 0x00d5
800059be:	0000                	.insn	2, 0x
800059c0:	0038                	.insn	2, 0x0038
800059c2:	0000                	.insn	2, 0x
800059c4:	000000e7          	jalr	zero # 0 <buf.2>
800059c8:	000001d7          	.insn	4, 0x01d7
800059cc:	0146                	.insn	2, 0x0146
800059ce:	0000                	.insn	2, 0x
800059d0:	02f6                	.insn	2, 0x02f6
800059d2:	0000                	.insn	2, 0x
800059d4:	0084                	.insn	2, 0x0084
800059d6:	0000                	.insn	2, 0x
800059d8:	01ed                	.insn	2, 0x01ed
800059da:	0000                	.insn	2, 0x
800059dc:	0284                	.insn	2, 0x0284
800059de:	0000                	.insn	2, 0x
800059e0:	00000147          	.insn	4, 0x0147
800059e4:	01a5                	.insn	2, 0x01a5
800059e6:	0000                	.insn	2, 0x
800059e8:	03e0                	.insn	2, 0x03e0
800059ea:	0000                	.insn	2, 0x
800059ec:	00000147          	.insn	4, 0x0147
800059f0:	000001b3          	add	gp,zero,zero
800059f4:	0039                	.insn	2, 0x0039
800059f6:	0000                	.insn	2, 0x
800059f8:	0000028b          	.insn	4, 0x028b
800059fc:	02a4                	.insn	2, 0x02a4
800059fe:	0000                	.insn	2, 0x
80005a00:	0160                	.insn	2, 0x0160
80005a02:	0000                	.insn	2, 0x
80005a04:	00000207          	.insn	4, 0x0207
80005a08:	000000c7          	.insn	4, 0x00c7
80005a0c:	0308                	.insn	2, 0x0308
80005a0e:	0000                	.insn	2, 0x
80005a10:	0162                	.insn	2, 0x0162
80005a12:	0000                	.insn	2, 0x
80005a14:	000000eb          	.insn	4, 0x00eb
80005a18:	0288                	.insn	2, 0x0288
80005a1a:	0000                	.insn	2, 0x
80005a1c:	00000287          	.insn	4, 0x0287
80005a20:	00000003          	lb	zero,0(zero) # 0 <buf.2>
80005a24:	005f 0000 034a      	.insn	6, 0x034a0000005f
80005a2a:	0000                	.insn	2, 0x
80005a2c:	0104                	.insn	2, 0x0104
80005a2e:	0000                	.insn	2, 0x
80005a30:	0159                	.insn	2, 0x0159
80005a32:	0000                	.insn	2, 0x
80005a34:	02c9                	.insn	2, 0x02c9
80005a36:	0000                	.insn	2, 0x
80005a38:	0390                	.insn	2, 0x0390
80005a3a:	0000                	.insn	2, 0x
80005a3c:	00c6                	.insn	2, 0x00c6
80005a3e:	0000                	.insn	2, 0x
80005a40:	030d                	.insn	2, 0x030d
80005a42:	0000                	.insn	2, 0x
80005a44:	01ed                	.insn	2, 0x01ed
80005a46:	0000                	.insn	2, 0x
80005a48:	0278                	.insn	2, 0x0278
80005a4a:	0000                	.insn	2, 0x
80005a4c:	000003af          	.insn	4, 0x03af
80005a50:	008e                	.insn	2, 0x008e
80005a52:	0000                	.insn	2, 0x
80005a54:	0056                	.insn	2, 0x0056
80005a56:	0000                	.insn	2, 0x
80005a58:	00000267          	jalr	tp,zero # 0 <buf.2>
80005a5c:	00de                	.insn	2, 0x00de
80005a5e:	0000                	.insn	2, 0x
80005a60:	005f 0000 034b      	.insn	6, 0x034b0000005f
80005a66:	0000                	.insn	2, 0x
80005a68:	000002e7          	jalr	t0,zero # 0 <buf.2>
80005a6c:	0151                	.insn	2, 0x0151
80005a6e:	0000                	.insn	2, 0x
80005a70:	03ae                	.insn	2, 0x03ae
80005a72:	0000                	.insn	2, 0x
80005a74:	02f0                	.insn	2, 0x02f0
80005a76:	0000                	.insn	2, 0x
80005a78:	00000057          	.insn	4, 0x0057
80005a7c:	0035                	.insn	2, 0x0035
80005a7e:	0000                	.insn	2, 0x
80005a80:	0079                	.insn	2, 0x0079
80005a82:	0000                	.insn	2, 0x
80005a84:	0056                	.insn	2, 0x0056
80005a86:	0000                	.insn	2, 0x
80005a88:	00000107          	.insn	4, 0x0107
80005a8c:	0379                	.insn	2, 0x0379
80005a8e:	0000                	.insn	2, 0x
80005a90:	0244                	.insn	2, 0x0244
80005a92:	0000                	.insn	2, 0x
80005a94:	010d                	.insn	2, 0x010d
80005a96:	0000                	.insn	2, 0x
80005a98:	029a                	.insn	2, 0x029a
80005a9a:	0000                	.insn	2, 0x
80005a9c:	000000bb          	.insn	4, 0x00bb
80005aa0:	0044                	.insn	2, 0x0044
80005aa2:	0000                	.insn	2, 0x
80005aa4:	000002db          	.insn	4, 0x02db
80005aa8:	00e6                	.insn	2, 0x00e6
80005aaa:	0000                	.insn	2, 0x
80005aac:	021a                	.insn	2, 0x021a
80005aae:	0000                	.insn	2, 0x
80005ab0:	0048                	.insn	2, 0x0048
80005ab2:	0000                	.insn	2, 0x
80005ab4:	000002f7          	.insn	4, 0x02f7
80005ab8:	014a                	.insn	2, 0x014a
80005aba:	0000                	.insn	2, 0x
80005abc:	03c1                	.insn	2, 0x03c1
80005abe:	0000                	.insn	2, 0x
80005ac0:	00000223          	sb	zero,4(zero) # 4 <buf.2+0x4>
80005ac4:	025e                	.insn	2, 0x025e
80005ac6:	0000                	.insn	2, 0x
80005ac8:	0251                	.insn	2, 0x0251
80005aca:	0000                	.insn	2, 0x
80005acc:	000a                	.insn	2, 0x000a
80005ace:	0000                	.insn	2, 0x
80005ad0:	0140                	.insn	2, 0x0140
80005ad2:	0000                	.insn	2, 0x
80005ad4:	0230                	.insn	2, 0x0230
80005ad6:	0000                	.insn	2, 0x
80005ad8:	031e                	.insn	2, 0x031e
80005ada:	0000                	.insn	2, 0x
80005adc:	007a                	.insn	2, 0x007a
80005ade:	0000                	.insn	2, 0x
80005ae0:	0020                	.insn	2, 0x0020
80005ae2:	0000                	.insn	2, 0x
80005ae4:	03bd                	.insn	2, 0x03bd
80005ae6:	0000                	.insn	2, 0x
80005ae8:	0286                	.insn	2, 0x0286
80005aea:	0000                	.insn	2, 0x
80005aec:	0120                	.insn	2, 0x0120
80005aee:	0000                	.insn	2, 0x
80005af0:	01c2                	.insn	2, 0x01c2
80005af2:	0000                	.insn	2, 0x
80005af4:	025c                	.insn	2, 0x025c
80005af6:	0000                	.insn	2, 0x
80005af8:	00a1                	.insn	2, 0x00a1
80005afa:	0000                	.insn	2, 0x
80005afc:	0080                	.insn	2, 0x0080
80005afe:	0000                	.insn	2, 0x
80005b00:	0370                	.insn	2, 0x0370
80005b02:	0000                	.insn	2, 0x
80005b04:	006d                	.insn	2, 0x006d
80005b06:	0000                	.insn	2, 0x
80005b08:	00dc                	.insn	2, 0x00dc
80005b0a:	0000                	.insn	2, 0x
80005b0c:	000000af          	.insn	4, 0x00af
80005b10:	0332                	.insn	2, 0x0332
80005b12:	0000                	.insn	2, 0x
80005b14:	024e                	.insn	2, 0x024e
80005b16:	0000                	.insn	2, 0x
80005b18:	01a9                	.insn	2, 0x01a9
80005b1a:	0000                	.insn	2, 0x
80005b1c:	019d                	.insn	2, 0x019d
80005b1e:	0000                	.insn	2, 0x
80005b20:	00d9                	.insn	2, 0x00d9
80005b22:	0000                	.insn	2, 0x
80005b24:	015a                	.insn	2, 0x015a
80005b26:	0000                	.insn	2, 0x
80005b28:	00cd                	.insn	2, 0x00cd
80005b2a:	0000                	.insn	2, 0x
80005b2c:	00f9                	.insn	2, 0x00f9
80005b2e:	0000                	.insn	2, 0x
80005b30:	0000003f 0000027b 	.insn	8, 0x027b0000003f
80005b38:	035a                	.insn	2, 0x035a
80005b3a:	0000                	.insn	2, 0x
80005b3c:	0202                	.insn	2, 0x0202
80005b3e:	0000                	.insn	2, 0x
80005b40:	000e                	.insn	2, 0x000e
80005b42:	0000                	.insn	2, 0x
80005b44:	031f 0000 02fe      	.insn	6, 0x02fe0000031f
80005b4a:	0000                	.insn	2, 0x
80005b4c:	0372                	.insn	2, 0x0372
80005b4e:	0000                	.insn	2, 0x
80005b50:	0262                	.insn	2, 0x0262
80005b52:	0000                	.insn	2, 0x
80005b54:	000003ab          	.insn	4, 0x03ab
80005b58:	00000177          	.insn	4, 0x0177
80005b5c:	009d                	.insn	2, 0x009d
80005b5e:	0000                	.insn	2, 0x
80005b60:	0078                	.insn	2, 0x0078
80005b62:	0000                	.insn	2, 0x
80005b64:	0376                	.insn	2, 0x0376
80005b66:	0000                	.insn	2, 0x
80005b68:	000003c3          	.insn	4, 0x03c3
80005b6c:	00ac                	.insn	2, 0x00ac
80005b6e:	0000                	.insn	2, 0x
80005b70:	000003d7          	.insn	4, 0x03d7
80005b74:	03ce                	.insn	2, 0x03ce
80005b76:	0000                	.insn	2, 0x
80005b78:	000002f3          	.insn	4, 0x02f3
80005b7c:	039a                	.insn	2, 0x039a
80005b7e:	0000                	.insn	2, 0x
80005b80:	0000023b          	.insn	4, 0x023b
80005b84:	00000143          	.insn	4, 0x0143
80005b88:	0160                	.insn	2, 0x0160
80005b8a:	0000                	.insn	2, 0x
80005b8c:	0000030f          	.insn	4, 0x030f
80005b90:	0362                	.insn	2, 0x0362
80005b92:	0000                	.insn	2, 0x
80005b94:	0340                	.insn	2, 0x0340
80005b96:	0000                	.insn	2, 0x
80005b98:	000003bb          	.insn	4, 0x03bb
80005b9c:	0064                	.insn	2, 0x0064
80005b9e:	0000                	.insn	2, 0x
80005ba0:	01ec                	.insn	2, 0x01ec
80005ba2:	0000                	.insn	2, 0x
80005ba4:	0304                	.insn	2, 0x0304
80005ba6:	0000                	.insn	2, 0x
80005ba8:	0212                	.insn	2, 0x0212
80005baa:	0000                	.insn	2, 0x
80005bac:	000002ef          	jal	t0,80005bac <input_data+0x23d0>
80005bb0:	0169                	.insn	2, 0x0169
80005bb2:	0000                	.insn	2, 0x
80005bb4:	02b8                	.insn	2, 0x02b8
80005bb6:	0000                	.insn	2, 0x
80005bb8:	0141                	.insn	2, 0x0141
80005bba:	0000                	.insn	2, 0x
80005bbc:	028a                	.insn	2, 0x028a
80005bbe:	0000                	.insn	2, 0x
80005bc0:	0045                	.insn	2, 0x0045
80005bc2:	0000                	.insn	2, 0x
80005bc4:	03da                	.insn	2, 0x03da
80005bc6:	0000                	.insn	2, 0x
80005bc8:	0228                	.insn	2, 0x0228
80005bca:	0000                	.insn	2, 0x
80005bcc:	00c0                	.insn	2, 0x00c0
80005bce:	0000                	.insn	2, 0x
80005bd0:	00000037          	lui	zero,0x0
80005bd4:	031e                	.insn	2, 0x031e
80005bd6:	0000                	.insn	2, 0x
80005bd8:	0000005b          	.insn	4, 0x005b
80005bdc:	00000027          	.insn	4, 0x0027
80005be0:	00000233          	add	tp,zero,zero
80005be4:	028e                	.insn	2, 0x028e
80005be6:	0000                	.insn	2, 0x
80005be8:	0234                	.insn	2, 0x0234
80005bea:	0000                	.insn	2, 0x
80005bec:	02f9                	.insn	2, 0x02f9
80005bee:	0000                	.insn	2, 0x
80005bf0:	0220                	.insn	2, 0x0220
80005bf2:	0000                	.insn	2, 0x
80005bf4:	037c                	.insn	2, 0x037c
80005bf6:	0000                	.insn	2, 0x
80005bf8:	000000a7          	.insn	4, 0x00a7
80005bfc:	0321                	.insn	2, 0x0321
80005bfe:	0000                	.insn	2, 0x
80005c00:	007a                	.insn	2, 0x007a
80005c02:	0000                	.insn	2, 0x
80005c04:	0115                	.insn	2, 0x0115
80005c06:	0000                	.insn	2, 0x
80005c08:	0019                	.insn	2, 0x0019
80005c0a:	0000                	.insn	2, 0x
80005c0c:	000001c3          	.insn	4, 0x01c3
80005c10:	033d                	.insn	2, 0x033d
80005c12:	0000                	.insn	2, 0x
80005c14:	000003c7          	.insn	4, 0x03c7
80005c18:	030d                	.insn	2, 0x030d
80005c1a:	0000                	.insn	2, 0x
80005c1c:	0169                	.insn	2, 0x0169
80005c1e:	0000                	.insn	2, 0x
80005c20:	00a8                	.insn	2, 0x00a8
80005c22:	0000                	.insn	2, 0x
80005c24:	0040                	.insn	2, 0x0040
80005c26:	0000                	.insn	2, 0x
80005c28:	018d                	.insn	2, 0x018d
80005c2a:	0000                	.insn	2, 0x
80005c2c:	03a0                	.insn	2, 0x03a0
80005c2e:	0000                	.insn	2, 0x
80005c30:	00000233          	add	tp,zero,zero
80005c34:	0392                	.insn	2, 0x0392
80005c36:	0000                	.insn	2, 0x
80005c38:	0150                	.insn	2, 0x0150
80005c3a:	0000                	.insn	2, 0x
80005c3c:	0218                	.insn	2, 0x0218
80005c3e:	0000                	.insn	2, 0x
80005c40:	01de                	.insn	2, 0x01de
80005c42:	0000                	.insn	2, 0x
80005c44:	000000f3          	.insn	4, 0x00f3
80005c48:	0101                	.insn	2, 0x0101
80005c4a:	0000                	.insn	2, 0x
80005c4c:	0108                	.insn	2, 0x0108
80005c4e:	0000                	.insn	2, 0x
80005c50:	01dd                	.insn	2, 0x01dd
80005c52:	0000                	.insn	2, 0x
80005c54:	0000036f          	jal	t1,80005c54 <input_data+0x2478>
80005c58:	0186                	.insn	2, 0x0186
80005c5a:	0000                	.insn	2, 0x
80005c5c:	0280                	.insn	2, 0x0280
80005c5e:	0000                	.insn	2, 0x
80005c60:	02bd                	.insn	2, 0x02bd
80005c62:	0000                	.insn	2, 0x
80005c64:	00d0                	.insn	2, 0x00d0
80005c66:	0000                	.insn	2, 0x
80005c68:	0148                	.insn	2, 0x0148
80005c6a:	0000                	.insn	2, 0x
80005c6c:	012e                	.insn	2, 0x012e
80005c6e:	0000                	.insn	2, 0x
80005c70:	000001bb          	.insn	4, 0x01bb
80005c74:	00000127          	.insn	4, 0x0127
80005c78:	0209                	.insn	2, 0x0209
80005c7a:	0000                	.insn	2, 0x
80005c7c:	032d                	.insn	2, 0x032d
80005c7e:	0000                	.insn	2, 0x
80005c80:	0392                	.insn	2, 0x0392
80005c82:	0000                	.insn	2, 0x
80005c84:	023d                	.insn	2, 0x023d
80005c86:	0000                	.insn	2, 0x
80005c88:	0076                	.insn	2, 0x0076
80005c8a:	0000                	.insn	2, 0x
80005c8c:	0159                	.insn	2, 0x0159
80005c8e:	0000                	.insn	2, 0x
80005c90:	020d                	.insn	2, 0x020d
80005c92:	0000                	.insn	2, 0x
80005c94:	03c4                	.insn	2, 0x03c4
80005c96:	0000                	.insn	2, 0x
80005c98:	01fc                	.insn	2, 0x01fc
80005c9a:	0000                	.insn	2, 0x
80005c9c:	01e2                	.insn	2, 0x01e2
80005c9e:	0000                	.insn	2, 0x
80005ca0:	001e                	.insn	2, 0x001e
80005ca2:	0000                	.insn	2, 0x
80005ca4:	025e                	.insn	2, 0x025e
80005ca6:	0000                	.insn	2, 0x
80005ca8:	01a0                	.insn	2, 0x01a0
80005caa:	0000                	.insn	2, 0x
80005cac:	0065                	.insn	2, 0x0065
80005cae:	0000                	.insn	2, 0x
80005cb0:	00000047          	.insn	4, 0x0047
80005cb4:	0079                	.insn	2, 0x0079
80005cb6:	0000                	.insn	2, 0x
80005cb8:	005c                	.insn	2, 0x005c
80005cba:	0000                	.insn	2, 0x
80005cbc:	000001b3          	add	gp,zero,zero
80005cc0:	011c                	.insn	2, 0x011c
80005cc2:	0000                	.insn	2, 0x
80005cc4:	01c5                	.insn	2, 0x01c5
80005cc6:	0000                	.insn	2, 0x
80005cc8:	00a1                	.insn	2, 0x00a1
80005cca:	0000                	.insn	2, 0x
80005ccc:	0014                	.insn	2, 0x0014
80005cce:	0000                	.insn	2, 0x
80005cd0:	0169                	.insn	2, 0x0169
80005cd2:	0000                	.insn	2, 0x
80005cd4:	0046                	.insn	2, 0x0046
80005cd6:	0000                	.insn	2, 0x
80005cd8:	019e                	.insn	2, 0x019e
80005cda:	0000                	.insn	2, 0x
80005cdc:	00000017          	auipc	zero,0x0
80005ce0:	0324                	.insn	2, 0x0324
80005ce2:	0000                	.insn	2, 0x
80005ce4:	00ff 0000 0347 0000 	.insn	10, 0x011400000347000000ff
80005cec:	0114 
80005cee:	0000                	.insn	2, 0x
80005cf0:	024a                	.insn	2, 0x024a
80005cf2:	0000                	.insn	2, 0x
80005cf4:	037a                	.insn	2, 0x037a
80005cf6:	0000                	.insn	2, 0x
80005cf8:	0024                	.insn	2, 0x0024
80005cfa:	0000                	.insn	2, 0x
80005cfc:	000001ab          	.insn	4, 0x01ab
80005d00:	00f6                	.insn	2, 0x00f6
80005d02:	0000                	.insn	2, 0x
80005d04:	021e                	.insn	2, 0x021e
80005d06:	0000                	.insn	2, 0x
80005d08:	0361                	.insn	2, 0x0361
80005d0a:	0000                	.insn	2, 0x
80005d0c:	026e                	.insn	2, 0x026e
80005d0e:	0000                	.insn	2, 0x
80005d10:	03b9                	.insn	2, 0x03b9
80005d12:	0000                	.insn	2, 0x
80005d14:	000002bb          	.insn	4, 0x02bb
80005d18:	016e                	.insn	2, 0x016e
80005d1a:	0000                	.insn	2, 0x
80005d1c:	0305                	.insn	2, 0x0305
80005d1e:	0000                	.insn	2, 0x
80005d20:	00000323          	sb	zero,6(zero) # 6 <buf.2+0x6>
80005d24:	0128                	.insn	2, 0x0128
80005d26:	0000                	.insn	2, 0x
80005d28:	0085                	.insn	2, 0x0085
80005d2a:	0000                	.insn	2, 0x
80005d2c:	0115                	.insn	2, 0x0115
80005d2e:	0000                	.insn	2, 0x
80005d30:	0211                	.insn	2, 0x0211
80005d32:	0000                	.insn	2, 0x
80005d34:	0068                	.insn	2, 0x0068
80005d36:	0000                	.insn	2, 0x
80005d38:	00e5                	.insn	2, 0x00e5
80005d3a:	0000                	.insn	2, 0x
80005d3c:	0050                	.insn	2, 0x0050
80005d3e:	0000                	.insn	2, 0x
80005d40:	01ce                	.insn	2, 0x01ce
80005d42:	0000                	.insn	2, 0x
80005d44:	0278                	.insn	2, 0x0278
80005d46:	0000                	.insn	2, 0x
80005d48:	0104                	.insn	2, 0x0104
80005d4a:	0000                	.insn	2, 0x
80005d4c:	0000032f          	.insn	4, 0x032f
80005d50:	0025                	.insn	2, 0x0025
80005d52:	0000                	.insn	2, 0x
80005d54:	00000353          	.insn	4, 0x0353
80005d58:	00ed                	.insn	2, 0x00ed
80005d5a:	0000                	.insn	2, 0x
80005d5c:	02dc                	.insn	2, 0x02dc
80005d5e:	0000                	.insn	2, 0x
80005d60:	000000f3          	.insn	4, 0x00f3
80005d64:	0189                	.insn	2, 0x0189
80005d66:	0000                	.insn	2, 0x
80005d68:	0362                	.insn	2, 0x0362
80005d6a:	0000                	.insn	2, 0x
80005d6c:	02f8                	.insn	2, 0x02f8
80005d6e:	0000                	.insn	2, 0x
80005d70:	00c4                	.insn	2, 0x00c4
80005d72:	0000                	.insn	2, 0x
80005d74:	007e                	.insn	2, 0x007e
80005d76:	0000                	.insn	2, 0x
80005d78:	00000277          	.insn	4, 0x0277
80005d7c:	00a8                	.insn	2, 0x00a8
80005d7e:	0000                	.insn	2, 0x
80005d80:	012d                	.insn	2, 0x012d
80005d82:	0000                	.insn	2, 0x
80005d84:	0000034b          	.insn	4, 0x034b
80005d88:	0265                	.insn	2, 0x0265
80005d8a:	0000                	.insn	2, 0x
80005d8c:	00bd                	.insn	2, 0x00bd
80005d8e:	0000                	.insn	2, 0x
80005d90:	014d                	.insn	2, 0x014d
80005d92:	0000                	.insn	2, 0x
80005d94:	024d                	.insn	2, 0x024d
80005d96:	0000                	.insn	2, 0x
80005d98:	000000f7          	.insn	4, 0x00f7
80005d9c:	03a8                	.insn	2, 0x03a8
80005d9e:	0000                	.insn	2, 0x
80005da0:	00c5                	.insn	2, 0x00c5
80005da2:	0000                	.insn	2, 0x
80005da4:	0100                	.insn	2, 0x0100
80005da6:	0000                	.insn	2, 0x
80005da8:	0252                	.insn	2, 0x0252
80005daa:	0000                	.insn	2, 0x
80005dac:	00e8                	.insn	2, 0x00e8
80005dae:	0000                	.insn	2, 0x
80005db0:	03bc                	.insn	2, 0x03bc
80005db2:	0000                	.insn	2, 0x
80005db4:	0000004b          	.insn	4, 0x004b
80005db8:	0132                	.insn	2, 0x0132
80005dba:	0000                	.insn	2, 0x
80005dbc:	00be                	.insn	2, 0x00be
80005dbe:	0000                	.insn	2, 0x
80005dc0:	0149                	.insn	2, 0x0149
80005dc2:	0000                	.insn	2, 0x
80005dc4:	01a8                	.insn	2, 0x01a8
80005dc6:	0000                	.insn	2, 0x
80005dc8:	0099                	.insn	2, 0x0099
80005dca:	0000                	.insn	2, 0x
80005dcc:	000002ef          	jal	t0,80005dcc <input_data+0x25f0>
80005dd0:	02b2                	.insn	2, 0x02b2
80005dd2:	0000                	.insn	2, 0x
80005dd4:	02f5                	.insn	2, 0x02f5
80005dd6:	0000                	.insn	2, 0x
80005dd8:	0325                	.insn	2, 0x0325
80005dda:	0000                	.insn	2, 0x
80005ddc:	036c                	.insn	2, 0x036c
80005dde:	0000                	.insn	2, 0x
80005de0:	0000021b          	.insn	4, 0x021b
80005de4:	0030                	.insn	2, 0x0030
80005de6:	0000                	.insn	2, 0x
80005de8:	007a                	.insn	2, 0x007a
80005dea:	0000                	.insn	2, 0x
80005dec:	0359                	.insn	2, 0x0359
80005dee:	0000                	.insn	2, 0x
80005df0:	01d9                	.insn	2, 0x01d9
80005df2:	0000                	.insn	2, 0x
80005df4:	0302                	.insn	2, 0x0302
80005df6:	0000                	.insn	2, 0x
80005df8:	0184                	.insn	2, 0x0184
80005dfa:	0000                	.insn	2, 0x
80005dfc:	027e                	.insn	2, 0x027e
80005dfe:	0000                	.insn	2, 0x
80005e00:	007d                	.insn	2, 0x007d
80005e02:	0000                	.insn	2, 0x
80005e04:	01e8                	.insn	2, 0x01e8
80005e06:	0000                	.insn	2, 0x
80005e08:	03cd                	.insn	2, 0x03cd
80005e0a:	0000                	.insn	2, 0x
80005e0c:	00b0                	.insn	2, 0x00b0
80005e0e:	0000                	.insn	2, 0x
80005e10:	000000cb          	.insn	4, 0x00cb
80005e14:	01da                	.insn	2, 0x01da
80005e16:	0000                	.insn	2, 0x
80005e18:	02b5                	.insn	2, 0x02b5
80005e1a:	0000                	.insn	2, 0x
80005e1c:	01cd                	.insn	2, 0x01cd
80005e1e:	0000                	.insn	2, 0x
80005e20:	0052                	.insn	2, 0x0052
80005e22:	0000                	.insn	2, 0x
80005e24:	025e                	.insn	2, 0x025e
80005e26:	0000                	.insn	2, 0x
80005e28:	01b0                	.insn	2, 0x01b0
80005e2a:	0000                	.insn	2, 0x
80005e2c:	0000039b          	.insn	4, 0x039b
80005e30:	0046                	.insn	2, 0x0046
80005e32:	0000                	.insn	2, 0x
80005e34:	0000                	.insn	2, 0x
80005e36:	0000                	.insn	2, 0x
80005e38:	00000173          	.insn	4, 0x0173
80005e3c:	0278                	.insn	2, 0x0278
80005e3e:	0000                	.insn	2, 0x
80005e40:	00ce                	.insn	2, 0x00ce
80005e42:	0000                	.insn	2, 0x
80005e44:	0118                	.insn	2, 0x0118
80005e46:	0000                	.insn	2, 0x
80005e48:	025c                	.insn	2, 0x025c
80005e4a:	0000                	.insn	2, 0x
80005e4c:	03a0                	.insn	2, 0x03a0
80005e4e:	0000                	.insn	2, 0x
80005e50:	02ae                	.insn	2, 0x02ae
80005e52:	0000                	.insn	2, 0x
80005e54:	012c                	.insn	2, 0x012c
80005e56:	0000                	.insn	2, 0x
80005e58:	0078                	.insn	2, 0x0078
80005e5a:	0000                	.insn	2, 0x
80005e5c:	000001c3          	.insn	4, 0x01c3
80005e60:	0000031b          	.insn	4, 0x031b
80005e64:	000002bf 0000032a 	.insn	8, 0x032a000002bf
80005e6c:	000002c7          	.insn	4, 0x02c7
80005e70:	02c4                	.insn	2, 0x02c4
80005e72:	0000                	.insn	2, 0x
80005e74:	026c                	.insn	2, 0x026c
80005e76:	0000                	.insn	2, 0x
80005e78:	0165                	.insn	2, 0x0165
80005e7a:	0000                	.insn	2, 0x
80005e7c:	000001bb          	.insn	4, 0x01bb
80005e80:	0062                	.insn	2, 0x0062
80005e82:	0000                	.insn	2, 0x
80005e84:	0315                	.insn	2, 0x0315
80005e86:	0000                	.insn	2, 0x
80005e88:	00000387          	.insn	4, 0x0387
80005e8c:	00000263          	beqz	zero,80005e90 <input_data+0x26b4>
80005e90:	005d                	.insn	2, 0x005d
80005e92:	0000                	.insn	2, 0x
80005e94:	000000e7          	jalr	zero # 0 <buf.2>
80005e98:	0178                	.insn	2, 0x0178
80005e9a:	0000                	.insn	2, 0x
80005e9c:	0212                	.insn	2, 0x0212
80005e9e:	0000                	.insn	2, 0x
80005ea0:	0000012b          	.insn	4, 0x012b
80005ea4:	00000317          	auipc	t1,0x0
80005ea8:	0001                	.insn	2, 0x0001
80005eaa:	0000                	.insn	2, 0x
80005eac:	02dc                	.insn	2, 0x02dc
80005eae:	0000                	.insn	2, 0x
80005eb0:	012a                	.insn	2, 0x012a
80005eb2:	0000                	.insn	2, 0x
80005eb4:	0121                	.insn	2, 0x0121
80005eb6:	0000                	.insn	2, 0x
80005eb8:	00000083          	lb	ra,0(zero) # 0 <buf.2>
80005ebc:	02d6                	.insn	2, 0x02d6
80005ebe:	0000                	.insn	2, 0x
80005ec0:	0342                	.insn	2, 0x0342
80005ec2:	0000                	.insn	2, 0x
80005ec4:	0326                	.insn	2, 0x0326
80005ec6:	0000                	.insn	2, 0x
80005ec8:	00f9                	.insn	2, 0x00f9
80005eca:	0000                	.insn	2, 0x
80005ecc:	00ac                	.insn	2, 0x00ac
80005ece:	0000                	.insn	2, 0x
80005ed0:	02c5                	.insn	2, 0x02c5
80005ed2:	0000                	.insn	2, 0x
80005ed4:	0382                	.insn	2, 0x0382
80005ed6:	0000                	.insn	2, 0x
80005ed8:	0000007b          	.insn	4, 0x007b
80005edc:	01c8                	.insn	2, 0x01c8
80005ede:	0000                	.insn	2, 0x
80005ee0:	0005                	.insn	2, 0x0005
80005ee2:	0000                	.insn	2, 0x
80005ee4:	03ae                	.insn	2, 0x03ae
80005ee6:	0000                	.insn	2, 0x
80005ee8:	01ce                	.insn	2, 0x01ce
80005eea:	0000                	.insn	2, 0x
80005eec:	025f 0000 0142      	.insn	6, 0x01420000025f
80005ef2:	0000                	.insn	2, 0x
80005ef4:	0321                	.insn	2, 0x0321
80005ef6:	0000                	.insn	2, 0x
80005ef8:	00d0                	.insn	2, 0x00d0
80005efa:	0000                	.insn	2, 0x
80005efc:	000001f7          	.insn	4, 0x01f7
80005f00:	01a5                	.insn	2, 0x01a5
80005f02:	0000                	.insn	2, 0x
80005f04:	02e5                	.insn	2, 0x02e5
80005f06:	0000                	.insn	2, 0x
80005f08:	000000b7          	lui	ra,0x0
80005f0c:	0326                	.insn	2, 0x0326
80005f0e:	0000                	.insn	2, 0x
80005f10:	0102                	.insn	2, 0x0102
80005f12:	0000                	.insn	2, 0x
80005f14:	0279                	.insn	2, 0x0279
80005f16:	0000                	.insn	2, 0x
80005f18:	0215                	.insn	2, 0x0215
80005f1a:	0000                	.insn	2, 0x
80005f1c:	03b6                	.insn	2, 0x03b6
80005f1e:	0000                	.insn	2, 0x
80005f20:	0252                	.insn	2, 0x0252
80005f22:	0000                	.insn	2, 0x
80005f24:	03b4                	.insn	2, 0x03b4
80005f26:	0000                	.insn	2, 0x
80005f28:	001f 0000 0028      	.insn	6, 0x00280000001f
80005f2e:	0000                	.insn	2, 0x
80005f30:	03d8                	.insn	2, 0x03d8
80005f32:	0000                	.insn	2, 0x
80005f34:	0161                	.insn	2, 0x0161
80005f36:	0000                	.insn	2, 0x
80005f38:	00d5                	.insn	2, 0x00d5
80005f3a:	0000                	.insn	2, 0x
80005f3c:	000000c3          	.insn	4, 0x00c3
80005f40:	0032                	.insn	2, 0x0032
80005f42:	0000                	.insn	2, 0x
80005f44:	031a                	.insn	2, 0x031a
80005f46:	0000                	.insn	2, 0x
80005f48:	03d2                	.insn	2, 0x03d2
80005f4a:	0000                	.insn	2, 0x
80005f4c:	02bc                	.insn	2, 0x02bc
80005f4e:	0000                	.insn	2, 0x
80005f50:	00d9                	.insn	2, 0x00d9
80005f52:	0000                	.insn	2, 0x
80005f54:	011f 0000 0335      	.insn	6, 0x03350000011f
80005f5a:	0000                	.insn	2, 0x
80005f5c:	0000010b          	.insn	4, 0x010b
80005f60:	02de                	.insn	2, 0x02de
80005f62:	0000                	.insn	2, 0x
80005f64:	0306                	.insn	2, 0x0306
80005f66:	0000                	.insn	2, 0x
80005f68:	022a                	.insn	2, 0x022a
80005f6a:	0000                	.insn	2, 0x
80005f6c:	028a                	.insn	2, 0x028a
80005f6e:	0000                	.insn	2, 0x
80005f70:	0169                	.insn	2, 0x0169
80005f72:	0000                	.insn	2, 0x
80005f74:	000000c7          	.insn	4, 0x00c7
80005f78:	00ec                	.insn	2, 0x00ec
80005f7a:	0000                	.insn	2, 0x
80005f7c:	00000107          	.insn	4, 0x0107
80005f80:	00000063          	beqz	zero,80005f80 <input_data+0x27a4>
80005f84:	013c                	.insn	2, 0x013c
80005f86:	0000                	.insn	2, 0x
80005f88:	032a                	.insn	2, 0x032a
80005f8a:	0000                	.insn	2, 0x
80005f8c:	03b2                	.insn	2, 0x03b2
80005f8e:	0000                	.insn	2, 0x
80005f90:	03d8                	.insn	2, 0x03d8
80005f92:	0000                	.insn	2, 0x
80005f94:	03ac                	.insn	2, 0x03ac
80005f96:	0000                	.insn	2, 0x
80005f98:	0000037b          	.insn	4, 0x037b
80005f9c:	0000025b          	.insn	4, 0x025b
80005fa0:	00b4                	.insn	2, 0x00b4
80005fa2:	0000                	.insn	2, 0x
80005fa4:	0342                	.insn	2, 0x0342
80005fa6:	0000                	.insn	2, 0x
80005fa8:	014d                	.insn	2, 0x014d
80005faa:	0000                	.insn	2, 0x
80005fac:	027f 0000 011e 0000 	.insn	10, 0x020a0000011e0000027f
80005fb4:	020a 
80005fb6:	0000                	.insn	2, 0x
80005fb8:	0021                	.insn	2, 0x0021
80005fba:	0000                	.insn	2, 0x
80005fbc:	0100                	.insn	2, 0x0100
80005fbe:	0000                	.insn	2, 0x
80005fc0:	00ca                	.insn	2, 0x00ca
80005fc2:	0000                	.insn	2, 0x
80005fc4:	01a2                	.insn	2, 0x01a2
80005fc6:	0000                	.insn	2, 0x
80005fc8:	000001d3          	.insn	4, 0x01d3
80005fcc:	010a                	.insn	2, 0x010a
80005fce:	0000                	.insn	2, 0x
80005fd0:	02cc                	.insn	2, 0x02cc
80005fd2:	0000                	.insn	2, 0x
80005fd4:	0396                	.insn	2, 0x0396
80005fd6:	0000                	.insn	2, 0x
80005fd8:	007e                	.insn	2, 0x007e
80005fda:	0000                	.insn	2, 0x
80005fdc:	0312                	.insn	2, 0x0312
80005fde:	0000                	.insn	2, 0x
80005fe0:	000002b7          	lui	t0,0x0
80005fe4:	030e                	.insn	2, 0x030e
80005fe6:	0000                	.insn	2, 0x
80005fe8:	0198                	.insn	2, 0x0198
80005fea:	0000                	.insn	2, 0x
80005fec:	0211                	.insn	2, 0x0211
80005fee:	0000                	.insn	2, 0x
80005ff0:	0399                	.insn	2, 0x0399
80005ff2:	0000                	.insn	2, 0x
80005ff4:	01ee                	.insn	2, 0x01ee
80005ff6:	0000                	.insn	2, 0x
80005ff8:	000000cf          	.insn	4, 0x00cf
80005ffc:	012d                	.insn	2, 0x012d
80005ffe:	0000                	.insn	2, 0x
80006000:	039d                	.insn	2, 0x039d
80006002:	0000                	.insn	2, 0x
80006004:	000000c3          	.insn	4, 0x00c3
80006008:	0324                	.insn	2, 0x0324
8000600a:	0000                	.insn	2, 0x
8000600c:	00000187          	.insn	4, 0x0187
80006010:	000003b7          	lui	t2,0x0
80006014:	02da                	.insn	2, 0x02da
80006016:	0000                	.insn	2, 0x
80006018:	0228                	.insn	2, 0x0228
8000601a:	0000                	.insn	2, 0x
8000601c:	0390                	.insn	2, 0x0390
8000601e:	0000                	.insn	2, 0x
80006020:	01b0                	.insn	2, 0x01b0
80006022:	0000                	.insn	2, 0x
80006024:	031e                	.insn	2, 0x031e
80006026:	0000                	.insn	2, 0x
80006028:	0021                	.insn	2, 0x0021
8000602a:	0000                	.insn	2, 0x
8000602c:	01d8                	.insn	2, 0x01d8
8000602e:	0000                	.insn	2, 0x
80006030:	0106                	.insn	2, 0x0106
80006032:	0000                	.insn	2, 0x
80006034:	033a                	.insn	2, 0x033a
80006036:	0000                	.insn	2, 0x
80006038:	02ec                	.insn	2, 0x02ec
8000603a:	0000                	.insn	2, 0x
8000603c:	0000016f          	jal	sp,8000603c <input_data+0x2860>
80006040:	00000343          	.insn	4, 0x0343
80006044:	00000073          	ecall
80006048:	0175                	.insn	2, 0x0175
8000604a:	0000                	.insn	2, 0x
8000604c:	00e9                	.insn	2, 0x00e9
8000604e:	0000                	.insn	2, 0x
80006050:	015f 0000 0352      	.insn	6, 0x03520000015f
80006056:	0000                	.insn	2, 0x
80006058:	038e                	.insn	2, 0x038e
8000605a:	0000                	.insn	2, 0x
8000605c:	0356                	.insn	2, 0x0356
8000605e:	0000                	.insn	2, 0x
80006060:	02b0                	.insn	2, 0x02b0
80006062:	0000                	.insn	2, 0x
80006064:	00000227          	.insn	4, 0x0227
80006068:	00000373          	.insn	4, 0x0373
8000606c:	0359                	.insn	2, 0x0359
8000606e:	0000                	.insn	2, 0x
80006070:	0018                	.insn	2, 0x0018
80006072:	0000                	.insn	2, 0x
80006074:	013a                	.insn	2, 0x013a
80006076:	0000                	.insn	2, 0x
80006078:	0000022b          	.insn	4, 0x022b
8000607c:	0336                	.insn	2, 0x0336
8000607e:	0000                	.insn	2, 0x
80006080:	03da                	.insn	2, 0x03da
80006082:	0000                	.insn	2, 0x
80006084:	01a6                	.insn	2, 0x01a6
80006086:	0000                	.insn	2, 0x
80006088:	0395                	.insn	2, 0x0395
8000608a:	0000                	.insn	2, 0x
8000608c:	000000af          	.insn	4, 0x00af
80006090:	00ac                	.insn	2, 0x00ac
80006092:	0000                	.insn	2, 0x
80006094:	01d6                	.insn	2, 0x01d6
80006096:	0000                	.insn	2, 0x
80006098:	0162                	.insn	2, 0x0162
8000609a:	0000                	.insn	2, 0x
8000609c:	033e                	.insn	2, 0x033e
8000609e:	0000                	.insn	2, 0x
800060a0:	00d0                	.insn	2, 0x00d0
800060a2:	0000                	.insn	2, 0x
800060a4:	00000137          	lui	sp,0x0
800060a8:	0342                	.insn	2, 0x0342
800060aa:	0000                	.insn	2, 0x
800060ac:	00ce                	.insn	2, 0x00ce
800060ae:	0000                	.insn	2, 0x
800060b0:	028d                	.insn	2, 0x028d
800060b2:	0000                	.insn	2, 0x
800060b4:	0090                	.insn	2, 0x0090
800060b6:	0000                	.insn	2, 0x
800060b8:	00000337          	lui	t1,0x0
800060bc:	006a                	.insn	2, 0x006a
800060be:	0000                	.insn	2, 0x
800060c0:	007e                	.insn	2, 0x007e
800060c2:	0000                	.insn	2, 0x
800060c4:	027e                	.insn	2, 0x027e
800060c6:	0000                	.insn	2, 0x
800060c8:	02b1                	.insn	2, 0x02b1
800060ca:	0000                	.insn	2, 0x
800060cc:	0086                	.insn	2, 0x0086
800060ce:	0000                	.insn	2, 0x
800060d0:	00000133          	add	sp,zero,zero
800060d4:	0000026f          	jal	tp,800060d4 <input_data+0x28f8>
800060d8:	0324                	.insn	2, 0x0324
800060da:	0000                	.insn	2, 0x
800060dc:	000001b7          	lui	gp,0x0
800060e0:	000001a7          	.insn	4, 0x01a7
800060e4:	0391                	.insn	2, 0x0391
800060e6:	0000                	.insn	2, 0x
800060e8:	015d                	.insn	2, 0x015d
800060ea:	0000                	.insn	2, 0x
800060ec:	025a                	.insn	2, 0x025a
800060ee:	0000                	.insn	2, 0x
800060f0:	01a8                	.insn	2, 0x01a8
800060f2:	0000                	.insn	2, 0x
800060f4:	03e4                	.insn	2, 0x03e4
800060f6:	0000                	.insn	2, 0x
800060f8:	01ae                	.insn	2, 0x01ae
800060fa:	0000                	.insn	2, 0x
800060fc:	0000022b          	.insn	4, 0x022b
80006100:	0090                	.insn	2, 0x0090
80006102:	0000                	.insn	2, 0x
80006104:	01e1                	.insn	2, 0x01e1
80006106:	0000                	.insn	2, 0x
80006108:	02f4                	.insn	2, 0x02f4
8000610a:	0000                	.insn	2, 0x
8000610c:	00e2                	.insn	2, 0x00e2
8000610e:	0000                	.insn	2, 0x
80006110:	03de                	.insn	2, 0x03de
80006112:	0000                	.insn	2, 0x
80006114:	0145                	.insn	2, 0x0145
80006116:	0000                	.insn	2, 0x
80006118:	000000cf          	.insn	4, 0x00cf
8000611c:	00000353          	.insn	4, 0x0353
80006120:	012e                	.insn	2, 0x012e
80006122:	0000                	.insn	2, 0x
80006124:	00000217          	auipc	tp,0x0
80006128:	0339                	.insn	2, 0x0339
8000612a:	0000                	.insn	2, 0x
8000612c:	0086                	.insn	2, 0x0086
8000612e:	0000                	.insn	2, 0x
80006130:	0351                	.insn	2, 0x0351
80006132:	0000                	.insn	2, 0x
80006134:	00cc                	.insn	2, 0x00cc
80006136:	0000                	.insn	2, 0x
80006138:	000002ab          	.insn	4, 0x02ab
8000613c:	000002b7          	lui	t0,0x0
80006140:	022c                	.insn	2, 0x022c
80006142:	0000                	.insn	2, 0x
80006144:	00000317          	auipc	t1,0x0
80006148:	000002fb          	.insn	4, 0x02fb
8000614c:	00a9                	.insn	2, 0x00a9
8000614e:	0000                	.insn	2, 0x
80006150:	0215                	.insn	2, 0x0215
80006152:	0000                	.insn	2, 0x
80006154:	0000026f          	jal	tp,80006154 <input_data+0x2978>
80006158:	00c2                	.insn	2, 0x00c2
8000615a:	0000                	.insn	2, 0x
8000615c:	0056                	.insn	2, 0x0056
8000615e:	0000                	.insn	2, 0x
80006160:	02d4                	.insn	2, 0x02d4
80006162:	0000                	.insn	2, 0x
80006164:	01e4                	.insn	2, 0x01e4
80006166:	0000                	.insn	2, 0x
80006168:	01b8                	.insn	2, 0x01b8
8000616a:	0000                	.insn	2, 0x
8000616c:	005c                	.insn	2, 0x005c
8000616e:	0000                	.insn	2, 0x
80006170:	0366                	.insn	2, 0x0366
80006172:	0000                	.insn	2, 0x
80006174:	000001d7          	.insn	4, 0x01d7
80006178:	0056                	.insn	2, 0x0056
8000617a:	0000                	.insn	2, 0x
8000617c:	021a                	.insn	2, 0x021a
8000617e:	0000                	.insn	2, 0x
80006180:	0000002f          	.insn	4, 0x002f
80006184:	0000012f          	.insn	4, 0x012f
80006188:	00000333          	add	t1,zero,zero
8000618c:	0309                	.insn	2, 0x0309
8000618e:	0000                	.insn	2, 0x
80006190:	028c                	.insn	2, 0x028c
80006192:	0000                	.insn	2, 0x
80006194:	02be                	.insn	2, 0x02be
80006196:	0000                	.insn	2, 0x
80006198:	0384                	.insn	2, 0x0384
8000619a:	0000                	.insn	2, 0x
8000619c:	0212                	.insn	2, 0x0212
8000619e:	0000                	.insn	2, 0x
800061a0:	020a                	.insn	2, 0x020a
800061a2:	0000                	.insn	2, 0x
800061a4:	000001cb          	.insn	4, 0x01cb
800061a8:	0141                	.insn	2, 0x0141
800061aa:	0000                	.insn	2, 0x
800061ac:	0391                	.insn	2, 0x0391
800061ae:	0000                	.insn	2, 0x
800061b0:	0000022f          	.insn	4, 0x022f
800061b4:	000003c3          	.insn	4, 0x03c3
800061b8:	000003c3          	.insn	4, 0x03c3
800061bc:	02ad                	.insn	2, 0x02ad
800061be:	0000                	.insn	2, 0x
800061c0:	0171                	.insn	2, 0x0171
800061c2:	0000                	.insn	2, 0x
800061c4:	00000147          	.insn	4, 0x0147
800061c8:	01d6                	.insn	2, 0x01d6
800061ca:	0000                	.insn	2, 0x
800061cc:	00a4                	.insn	2, 0x00a4
800061ce:	0000                	.insn	2, 0x
800061d0:	011c                	.insn	2, 0x011c
800061d2:	0000                	.insn	2, 0x
800061d4:	01b5                	.insn	2, 0x01b5
800061d6:	0000                	.insn	2, 0x
800061d8:	03bd                	.insn	2, 0x03bd
800061da:	0000                	.insn	2, 0x
800061dc:	0094                	.insn	2, 0x0094
800061de:	0000                	.insn	2, 0x
800061e0:	0268                	.insn	2, 0x0268
800061e2:	0000                	.insn	2, 0x
800061e4:	0002                	.insn	2, 0x0002
800061e6:	0000                	.insn	2, 0x
800061e8:	006c                	.insn	2, 0x006c
800061ea:	0000                	.insn	2, 0x
800061ec:	006a                	.insn	2, 0x006a
800061ee:	0000                	.insn	2, 0x
800061f0:	0128                	.insn	2, 0x0128
800061f2:	0000                	.insn	2, 0x
800061f4:	000002e7          	jalr	t0,zero # 0 <buf.2>
800061f8:	0079                	.insn	2, 0x0079
800061fa:	0000                	.insn	2, 0x
800061fc:	0130                	.insn	2, 0x0130
800061fe:	0000                	.insn	2, 0x
80006200:	00000083          	lb	ra,0(zero) # 0 <buf.2>
80006204:	02b6                	.insn	2, 0x02b6
80006206:	0000                	.insn	2, 0x
80006208:	000003a7          	.insn	4, 0x03a7
8000620c:	000001f7          	.insn	4, 0x01f7
80006210:	03a9                	.insn	2, 0x03a9
80006212:	0000                	.insn	2, 0x
80006214:	0028                	.insn	2, 0x0028
80006216:	0000                	.insn	2, 0x
80006218:	00000373          	.insn	4, 0x0373
8000621c:	00000027          	.insn	4, 0x0027
80006220:	00000383          	lb	t2,0(zero) # 0 <buf.2>
80006224:	0046                	.insn	2, 0x0046
80006226:	0000                	.insn	2, 0x
80006228:	00e5                	.insn	2, 0x00e5
8000622a:	0000                	.insn	2, 0x
8000622c:	027d                	.insn	2, 0x027d
8000622e:	0000                	.insn	2, 0x
80006230:	028e                	.insn	2, 0x028e
80006232:	0000                	.insn	2, 0x
80006234:	0000034b          	.insn	4, 0x034b
80006238:	0362                	.insn	2, 0x0362
8000623a:	0000                	.insn	2, 0x
8000623c:	00000103          	lb	sp,0(zero) # 0 <buf.2>
80006240:	00fc                	.insn	2, 0x00fc
80006242:	0000                	.insn	2, 0x
80006244:	00000213          	li	tp,0
80006248:	0034                	.insn	2, 0x0034
8000624a:	0000                	.insn	2, 0x
8000624c:	01ec                	.insn	2, 0x01ec
8000624e:	0000                	.insn	2, 0x
80006250:	03c9                	.insn	2, 0x03c9
80006252:	0000                	.insn	2, 0x
80006254:	02b5                	.insn	2, 0x02b5
80006256:	0000                	.insn	2, 0x
80006258:	000001a3          	sb	zero,3(zero) # 3 <buf.2+0x3>
8000625c:	0116                	.insn	2, 0x0116
8000625e:	0000                	.insn	2, 0x
80006260:	0309                	.insn	2, 0x0309
80006262:	0000                	.insn	2, 0x
80006264:	03ca                	.insn	2, 0x03ca
80006266:	0000                	.insn	2, 0x
80006268:	01ba                	.insn	2, 0x01ba
8000626a:	0000                	.insn	2, 0x
8000626c:	0222                	.insn	2, 0x0222
8000626e:	0000                	.insn	2, 0x
80006270:	01c8                	.insn	2, 0x01c8
80006272:	0000                	.insn	2, 0x
80006274:	000001f7          	.insn	4, 0x01f7
80006278:	0045                	.insn	2, 0x0045
8000627a:	0000                	.insn	2, 0x
8000627c:	000003bb          	.insn	4, 0x03bb
80006280:	0081                	.insn	2, 0x0081
80006282:	0000                	.insn	2, 0x
80006284:	02b9                	.insn	2, 0x02b9
80006286:	0000                	.insn	2, 0x
80006288:	0000026f          	jal	tp,80006288 <input_data+0x2aac>
8000628c:	034a                	.insn	2, 0x034a
8000628e:	0000                	.insn	2, 0x
80006290:	00000167          	jalr	sp,zero # 0 <buf.2>
80006294:	0145                	.insn	2, 0x0145
80006296:	0000                	.insn	2, 0x
80006298:	00000203          	lb	tp,0(zero) # 0 <buf.2>
8000629c:	00df 0000 020f      	.insn	6, 0x020f000000df
800062a2:	0000                	.insn	2, 0x
800062a4:	0054                	.insn	2, 0x0054
800062a6:	0000                	.insn	2, 0x
800062a8:	01d5                	.insn	2, 0x01d5
800062aa:	0000                	.insn	2, 0x
800062ac:	02dc                	.insn	2, 0x02dc
800062ae:	0000                	.insn	2, 0x
800062b0:	02d4                	.insn	2, 0x02d4
800062b2:	0000                	.insn	2, 0x
800062b4:	0000013f 00000068 	.insn	8, 0x00680000013f
800062bc:	000002bf 00000315 	.insn	8, 0x0315000002bf
800062c4:	03d4                	.insn	2, 0x03d4
800062c6:	0000                	.insn	2, 0x
800062c8:	006d                	.insn	2, 0x006d
800062ca:	0000                	.insn	2, 0x
800062cc:	01be                	.insn	2, 0x01be
800062ce:	0000                	.insn	2, 0x
800062d0:	033e                	.insn	2, 0x033e
800062d2:	0000                	.insn	2, 0x
800062d4:	037c                	.insn	2, 0x037c
800062d6:	0000                	.insn	2, 0x
800062d8:	00000017          	auipc	zero,0x0
800062dc:	02b1                	.insn	2, 0x02b1
800062de:	0000                	.insn	2, 0x
800062e0:	0374                	.insn	2, 0x0374
800062e2:	0000                	.insn	2, 0x
800062e4:	0064                	.insn	2, 0x0064
800062e6:	0000                	.insn	2, 0x
800062e8:	0316                	.insn	2, 0x0316
800062ea:	0000                	.insn	2, 0x
800062ec:	00c4                	.insn	2, 0x00c4
800062ee:	0000                	.insn	2, 0x
800062f0:	01fd                	.insn	2, 0x01fd
800062f2:	0000                	.insn	2, 0x
800062f4:	00000157          	.insn	4, 0x0157
800062f8:	033c                	.insn	2, 0x033c
800062fa:	0000                	.insn	2, 0x
800062fc:	027d                	.insn	2, 0x027d
800062fe:	0000                	.insn	2, 0x
80006300:	0244                	.insn	2, 0x0244
80006302:	0000                	.insn	2, 0x
80006304:	0000016f          	jal	sp,80006304 <input_data+0x2b28>
80006308:	0000034f          	.insn	4, 0x034f
8000630c:	0030                	.insn	2, 0x0030
8000630e:	0000                	.insn	2, 0x
80006310:	000001b3          	add	gp,zero,zero
80006314:	035c                	.insn	2, 0x035c
80006316:	0000                	.insn	2, 0x
80006318:	0124                	.insn	2, 0x0124
8000631a:	0000                	.insn	2, 0x
8000631c:	02b8                	.insn	2, 0x02b8
8000631e:	0000                	.insn	2, 0x
80006320:	0000020b          	.insn	4, 0x020b
80006324:	02d4                	.insn	2, 0x02d4
80006326:	0000                	.insn	2, 0x
80006328:	038c                	.insn	2, 0x038c
8000632a:	0000                	.insn	2, 0x
8000632c:	000000bf 00000325 	.insn	8, 0x0325000000bf
80006334:	0188                	.insn	2, 0x0188
80006336:	0000                	.insn	2, 0x
80006338:	000003b7          	lui	t2,0x0
8000633c:	01fe                	.insn	2, 0x01fe
8000633e:	0000                	.insn	2, 0x
80006340:	000000a3          	sb	zero,1(zero) # 1 <buf.2+0x1>
80006344:	000003cf          	.insn	4, 0x03cf
80006348:	0102                	.insn	2, 0x0102
8000634a:	0000                	.insn	2, 0x
8000634c:	0239                	.insn	2, 0x0239
8000634e:	0000                	.insn	2, 0x
80006350:	039a                	.insn	2, 0x039a
80006352:	0000                	.insn	2, 0x
80006354:	000002d3          	.insn	4, 0x02d3
80006358:	00e8                	.insn	2, 0x00e8
8000635a:	0000                	.insn	2, 0x
8000635c:	02b4                	.insn	2, 0x02b4
8000635e:	0000                	.insn	2, 0x
80006360:	0148                	.insn	2, 0x0148
80006362:	0000                	.insn	2, 0x
80006364:	0031                	.insn	2, 0x0031
80006366:	0000                	.insn	2, 0x
80006368:	028e                	.insn	2, 0x028e
8000636a:	0000                	.insn	2, 0x
8000636c:	0030                	.insn	2, 0x0030
8000636e:	0000                	.insn	2, 0x
80006370:	00000023          	sb	zero,0(zero) # 0 <buf.2>
80006374:	0058                	.insn	2, 0x0058
80006376:	0000                	.insn	2, 0x
80006378:	01c2                	.insn	2, 0x01c2
8000637a:	0000                	.insn	2, 0x
8000637c:	0384                	.insn	2, 0x0384
8000637e:	0000                	.insn	2, 0x
80006380:	0356                	.insn	2, 0x0356
80006382:	0000                	.insn	2, 0x
80006384:	01e5                	.insn	2, 0x01e5
80006386:	0000                	.insn	2, 0x
80006388:	02bc                	.insn	2, 0x02bc
8000638a:	0000                	.insn	2, 0x
8000638c:	01a8                	.insn	2, 0x01a8
8000638e:	0000                	.insn	2, 0x
80006390:	00000203          	lb	tp,0(zero) # 0 <buf.2>
80006394:	000002f7          	.insn	4, 0x02f7
80006398:	021f 0000 01b9      	.insn	6, 0x01b90000021f
8000639e:	0000                	.insn	2, 0x
800063a0:	00000277          	.insn	4, 0x0277
800063a4:	0039                	.insn	2, 0x0039
800063a6:	0000                	.insn	2, 0x
800063a8:	015a                	.insn	2, 0x015a
800063aa:	0000                	.insn	2, 0x
800063ac:	027d                	.insn	2, 0x027d
800063ae:	0000                	.insn	2, 0x
800063b0:	032e                	.insn	2, 0x032e
800063b2:	0000                	.insn	2, 0x
800063b4:	0195                	.insn	2, 0x0195
800063b6:	0000                	.insn	2, 0x
800063b8:	0375                	.insn	2, 0x0375
800063ba:	0000                	.insn	2, 0x
800063bc:	0278                	.insn	2, 0x0278
800063be:	0000                	.insn	2, 0x
800063c0:	0261                	.insn	2, 0x0261
800063c2:	0000                	.insn	2, 0x
800063c4:	00000093          	li	ra,0
800063c8:	03b8                	.insn	2, 0x03b8
800063ca:	0000                	.insn	2, 0x
800063cc:	01be                	.insn	2, 0x01be
800063ce:	0000                	.insn	2, 0x
800063d0:	00000397          	auipc	t2,0x0
800063d4:	00000173          	.insn	4, 0x0173
800063d8:	009a                	.insn	2, 0x009a
800063da:	0000                	.insn	2, 0x
800063dc:	000003e3          	beqz	zero,80006be2 <input_data+0x3406>
800063e0:	032e                	.insn	2, 0x032e
800063e2:	0000                	.insn	2, 0x
800063e4:	03c5                	.insn	2, 0x03c5
800063e6:	0000                	.insn	2, 0x
800063e8:	0000036b          	.insn	4, 0x036b
800063ec:	02d9                	.insn	2, 0x02d9
800063ee:	0000                	.insn	2, 0x
800063f0:	03e1                	.insn	2, 0x03e1
800063f2:	0000                	.insn	2, 0x
800063f4:	02de                	.insn	2, 0x02de
800063f6:	0000                	.insn	2, 0x
800063f8:	02ff 0000 01d3 0000 	.insn	10, 0x00a3000001d3000002ff
80006400:	00a3 
80006402:	0000                	.insn	2, 0x
80006404:	02b2                	.insn	2, 0x02b2
80006406:	0000                	.insn	2, 0x
80006408:	01e0                	.insn	2, 0x01e0
8000640a:	0000                	.insn	2, 0x
8000640c:	0125                	.insn	2, 0x0125
8000640e:	0000                	.insn	2, 0x
80006410:	02ad                	.insn	2, 0x02ad
80006412:	0000                	.insn	2, 0x
80006414:	000002af          	.insn	4, 0x02af
80006418:	0068                	.insn	2, 0x0068
8000641a:	0000                	.insn	2, 0x
8000641c:	01b1                	.insn	2, 0x01b1
8000641e:	0000                	.insn	2, 0x
80006420:	03ae                	.insn	2, 0x03ae
80006422:	0000                	.insn	2, 0x
80006424:	0000016b          	.insn	4, 0x016b
80006428:	001c                	.insn	2, 0x001c
8000642a:	0000                	.insn	2, 0x
8000642c:	02d5                	.insn	2, 0x02d5
8000642e:	0000                	.insn	2, 0x
80006430:	000000a3          	sb	zero,1(zero) # 1 <buf.2+0x1>
80006434:	02e2                	.insn	2, 0x02e2
80006436:	0000                	.insn	2, 0x
80006438:	014a                	.insn	2, 0x014a
8000643a:	0000                	.insn	2, 0x
8000643c:	0172                	.insn	2, 0x0172
8000643e:	0000                	.insn	2, 0x
80006440:	0081                	.insn	2, 0x0081
80006442:	0000                	.insn	2, 0x
80006444:	02e5                	.insn	2, 0x02e5
80006446:	0000                	.insn	2, 0x
80006448:	03b8                	.insn	2, 0x03b8
8000644a:	0000                	.insn	2, 0x
8000644c:	01bc                	.insn	2, 0x01bc
8000644e:	0000                	.insn	2, 0x
80006450:	00f1                	.insn	2, 0x00f1
80006452:	0000                	.insn	2, 0x
80006454:	0135                	.insn	2, 0x0135
80006456:	0000                	.insn	2, 0x
80006458:	017c                	.insn	2, 0x017c
8000645a:	0000                	.insn	2, 0x
8000645c:	00000117          	auipc	sp,0x0
80006460:	0150                	.insn	2, 0x0150
80006462:	0000                	.insn	2, 0x
80006464:	0151                	.insn	2, 0x0151
80006466:	0000                	.insn	2, 0x
80006468:	025f 0000 01f7      	.insn	6, 0x01f70000025f
8000646e:	0000                	.insn	2, 0x
80006470:	0084                	.insn	2, 0x0084
80006472:	0000                	.insn	2, 0x
80006474:	0205                	.insn	2, 0x0205
80006476:	0000                	.insn	2, 0x
80006478:	0170                	.insn	2, 0x0170
8000647a:	0000                	.insn	2, 0x
8000647c:	0372                	.insn	2, 0x0372
8000647e:	0000                	.insn	2, 0x
80006480:	00000057          	.insn	4, 0x0057
80006484:	0000021b          	.insn	4, 0x021b
80006488:	000002af          	.insn	4, 0x02af
8000648c:	0092                	.insn	2, 0x0092
8000648e:	0000                	.insn	2, 0x
80006490:	00e9                	.insn	2, 0x00e9
80006492:	0000                	.insn	2, 0x
80006494:	0150                	.insn	2, 0x0150
80006496:	0000                	.insn	2, 0x
80006498:	01c9                	.insn	2, 0x01c9
8000649a:	0000                	.insn	2, 0x
8000649c:	0315                	.insn	2, 0x0315
8000649e:	0000                	.insn	2, 0x
800064a0:	00f6                	.insn	2, 0x00f6
800064a2:	0000                	.insn	2, 0x
800064a4:	004e                	.insn	2, 0x004e
800064a6:	0000                	.insn	2, 0x
800064a8:	00c0                	.insn	2, 0x00c0
800064aa:	0000                	.insn	2, 0x
800064ac:	0000016f          	jal	sp,800064ac <input_data+0x2cd0>
800064b0:	0049                	.insn	2, 0x0049
800064b2:	0000                	.insn	2, 0x
800064b4:	0358                	.insn	2, 0x0358
800064b6:	0000                	.insn	2, 0x
800064b8:	03de                	.insn	2, 0x03de
800064ba:	0000                	.insn	2, 0x
800064bc:	000001a7          	.insn	4, 0x01a7
800064c0:	03b1                	.insn	2, 0x03b1
800064c2:	0000                	.insn	2, 0x
800064c4:	0052                	.insn	2, 0x0052
800064c6:	0000                	.insn	2, 0x
800064c8:	000003c7          	.insn	4, 0x03c7
800064cc:	0399                	.insn	2, 0x0399
800064ce:	0000                	.insn	2, 0x
800064d0:	03d4                	.insn	2, 0x03d4
800064d2:	0000                	.insn	2, 0x
800064d4:	00000057          	.insn	4, 0x0057
800064d8:	0229                	.insn	2, 0x0229
800064da:	0000                	.insn	2, 0x
800064dc:	0216                	.insn	2, 0x0216
800064de:	0000                	.insn	2, 0x
800064e0:	0021                	.insn	2, 0x0021
800064e2:	0000                	.insn	2, 0x
800064e4:	0274                	.insn	2, 0x0274
800064e6:	0000                	.insn	2, 0x
800064e8:	0235                	.insn	2, 0x0235
800064ea:	0000                	.insn	2, 0x
800064ec:	0156                	.insn	2, 0x0156
800064ee:	0000                	.insn	2, 0x
800064f0:	0146                	.insn	2, 0x0146
800064f2:	0000                	.insn	2, 0x
800064f4:	023c                	.insn	2, 0x023c
800064f6:	0000                	.insn	2, 0x
800064f8:	01ae                	.insn	2, 0x01ae
800064fa:	0000                	.insn	2, 0x
800064fc:	00000233          	add	tp,zero,zero
80006500:	006c                	.insn	2, 0x006c
80006502:	0000                	.insn	2, 0x
80006504:	03de                	.insn	2, 0x03de
80006506:	0000                	.insn	2, 0x
80006508:	01ad                	.insn	2, 0x01ad
8000650a:	0000                	.insn	2, 0x
8000650c:	0205                	.insn	2, 0x0205
8000650e:	0000                	.insn	2, 0x
80006510:	00b2                	.insn	2, 0x00b2
80006512:	0000                	.insn	2, 0x
80006514:	0000008b          	.insn	4, 0x008b
80006518:	0000034f          	.insn	4, 0x034f
8000651c:	03a0                	.insn	2, 0x03a0
8000651e:	0000                	.insn	2, 0x
80006520:	0206                	.insn	2, 0x0206
80006522:	0000                	.insn	2, 0x
80006524:	0302                	.insn	2, 0x0302
80006526:	0000                	.insn	2, 0x
80006528:	00a0                	.insn	2, 0x00a0
8000652a:	0000                	.insn	2, 0x
8000652c:	00000123          	sb	zero,2(zero) # 2 <buf.2+0x2>
80006530:	0000004b          	.insn	4, 0x004b
80006534:	00e0                	.insn	2, 0x00e0
80006536:	0000                	.insn	2, 0x
80006538:	0129                	.insn	2, 0x0129
8000653a:	0000                	.insn	2, 0x
8000653c:	0234                	.insn	2, 0x0234
8000653e:	0000                	.insn	2, 0x
80006540:	00ea                	.insn	2, 0x00ea
80006542:	0000                	.insn	2, 0x
80006544:	02c0                	.insn	2, 0x02c0
80006546:	0000                	.insn	2, 0x
80006548:	03b4                	.insn	2, 0x03b4
8000654a:	0000                	.insn	2, 0x
8000654c:	017e                	.insn	2, 0x017e
8000654e:	0000                	.insn	2, 0x
80006550:	000000a3          	sb	zero,1(zero) # 1 <buf.2+0x1>
80006554:	0254                	.insn	2, 0x0254
80006556:	0000                	.insn	2, 0x
80006558:	000000a3          	sb	zero,1(zero) # 1 <buf.2+0x1>
8000655c:	000002a3          	sb	zero,5(zero) # 5 <buf.2+0x5>
80006560:	01a4                	.insn	2, 0x01a4
80006562:	0000                	.insn	2, 0x
80006564:	000000e7          	jalr	zero # 0 <buf.2>
80006568:	0046                	.insn	2, 0x0046
8000656a:	0000                	.insn	2, 0x
8000656c:	025c                	.insn	2, 0x025c
8000656e:	0000                	.insn	2, 0x
80006570:	016e                	.insn	2, 0x016e
80006572:	0000                	.insn	2, 0x
80006574:	02d2                	.insn	2, 0x02d2
80006576:	0000                	.insn	2, 0x
80006578:	0376                	.insn	2, 0x0376
8000657a:	0000                	.insn	2, 0x
8000657c:	02ea                	.insn	2, 0x02ea
8000657e:	0000                	.insn	2, 0x
80006580:	0000027b          	.insn	4, 0x027b
80006584:	00000333          	add	t1,zero,zero
80006588:	02dd                	.insn	2, 0x02dd
8000658a:	0000                	.insn	2, 0x
8000658c:	0000003b          	.insn	4, 0x003b
80006590:	0174                	.insn	2, 0x0174
80006592:	0000                	.insn	2, 0x
80006594:	02d2                	.insn	2, 0x02d2
80006596:	0000                	.insn	2, 0x
80006598:	036a                	.insn	2, 0x036a
8000659a:	0000                	.insn	2, 0x
8000659c:	0100                	.insn	2, 0x0100
8000659e:	0000                	.insn	2, 0x
800065a0:	001a                	.insn	2, 0x001a
800065a2:	0000                	.insn	2, 0x
800065a4:	02a5                	.insn	2, 0x02a5
800065a6:	0000                	.insn	2, 0x
800065a8:	000001c3          	.insn	4, 0x01c3
800065ac:	01b8                	.insn	2, 0x01b8
800065ae:	0000                	.insn	2, 0x
800065b0:	00cc                	.insn	2, 0x00cc
800065b2:	0000                	.insn	2, 0x
800065b4:	0249                	.insn	2, 0x0249
800065b6:	0000                	.insn	2, 0x
800065b8:	000001b3          	add	gp,zero,zero
800065bc:	01da                	.insn	2, 0x01da
800065be:	0000                	.insn	2, 0x
800065c0:	0244                	.insn	2, 0x0244
800065c2:	0000                	.insn	2, 0x
800065c4:	0000029b          	.insn	4, 0x029b
800065c8:	0224                	.insn	2, 0x0224
800065ca:	0000                	.insn	2, 0x
800065cc:	005d                	.insn	2, 0x005d
800065ce:	0000                	.insn	2, 0x
800065d0:	032d                	.insn	2, 0x032d
800065d2:	0000                	.insn	2, 0x
800065d4:	014d                	.insn	2, 0x014d
800065d6:	0000                	.insn	2, 0x
800065d8:	0031                	.insn	2, 0x0031
800065da:	0000                	.insn	2, 0x
800065dc:	039c                	.insn	2, 0x039c
800065de:	0000                	.insn	2, 0x
800065e0:	01fc                	.insn	2, 0x01fc
800065e2:	0000                	.insn	2, 0x
800065e4:	00d0                	.insn	2, 0x00d0
800065e6:	0000                	.insn	2, 0x
800065e8:	0175                	.insn	2, 0x0175
800065ea:	0000                	.insn	2, 0x
800065ec:	0301                	.insn	2, 0x0301
800065ee:	0000                	.insn	2, 0x
800065f0:	02aa                	.insn	2, 0x02aa
800065f2:	0000                	.insn	2, 0x
800065f4:	036d                	.insn	2, 0x036d
800065f6:	0000                	.insn	2, 0x
800065f8:	01c0                	.insn	2, 0x01c0
800065fa:	0000                	.insn	2, 0x
800065fc:	00000337          	lui	t1,0x0
80006600:	0000002f          	.insn	4, 0x002f
80006604:	01c4                	.insn	2, 0x01c4
80006606:	0000                	.insn	2, 0x
80006608:	0112                	.insn	2, 0x0112
8000660a:	0000                	.insn	2, 0x
8000660c:	0141                	.insn	2, 0x0141
8000660e:	0000                	.insn	2, 0x
80006610:	0299                	.insn	2, 0x0299
80006612:	0000                	.insn	2, 0x
80006614:	00000257          	.insn	4, 0x0257
80006618:	0031                	.insn	2, 0x0031
8000661a:	0000                	.insn	2, 0x
8000661c:	0362                	.insn	2, 0x0362
8000661e:	0000                	.insn	2, 0x
80006620:	023a                	.insn	2, 0x023a
80006622:	0000                	.insn	2, 0x
80006624:	011e                	.insn	2, 0x011e
80006626:	0000                	.insn	2, 0x
80006628:	01ba                	.insn	2, 0x01ba
8000662a:	0000                	.insn	2, 0x
8000662c:	02b2                	.insn	2, 0x02b2
8000662e:	0000                	.insn	2, 0x
80006630:	0181                	.insn	2, 0x0181
80006632:	0000                	.insn	2, 0x
80006634:	0065                	.insn	2, 0x0065
80006636:	0000                	.insn	2, 0x
80006638:	01de                	.insn	2, 0x01de
8000663a:	0000                	.insn	2, 0x
8000663c:	000000d7          	.insn	4, 0x00d7
80006640:	02c9                	.insn	2, 0x02c9
80006642:	0000                	.insn	2, 0x
80006644:	0000021b          	.insn	4, 0x021b
80006648:	00ee                	.insn	2, 0x00ee
8000664a:	0000                	.insn	2, 0x
8000664c:	00000293          	li	t0,0
80006650:	0158                	.insn	2, 0x0158
80006652:	0000                	.insn	2, 0x
80006654:	0092                	.insn	2, 0x0092
80006656:	0000                	.insn	2, 0x
80006658:	008e                	.insn	2, 0x008e
8000665a:	0000                	.insn	2, 0x
8000665c:	01c6                	.insn	2, 0x01c6
8000665e:	0000                	.insn	2, 0x
80006660:	0121                	.insn	2, 0x0121
80006662:	0000                	.insn	2, 0x
80006664:	0154                	.insn	2, 0x0154
80006666:	0000                	.insn	2, 0x
80006668:	02fc                	.insn	2, 0x02fc
8000666a:	0000                	.insn	2, 0x
8000666c:	0306                	.insn	2, 0x0306
8000666e:	0000                	.insn	2, 0x
80006670:	0206                	.insn	2, 0x0206
80006672:	0000                	.insn	2, 0x
80006674:	021c                	.insn	2, 0x021c
80006676:	0000                	.insn	2, 0x
80006678:	03d1                	.insn	2, 0x03d1
8000667a:	0000                	.insn	2, 0x
8000667c:	00000243          	.insn	4, 0x0243
80006680:	00de                	.insn	2, 0x00de
80006682:	0000                	.insn	2, 0x
80006684:	02d6                	.insn	2, 0x02d6
80006686:	0000                	.insn	2, 0x
80006688:	00000007          	.insn	4, 0x0007
8000668c:	02ea                	.insn	2, 0x02ea
8000668e:	0000                	.insn	2, 0x
80006690:	027d                	.insn	2, 0x027d
80006692:	0000                	.insn	2, 0x
80006694:	0255                	.insn	2, 0x0255
80006696:	0000                	.insn	2, 0x
80006698:	0000033b          	.insn	4, 0x033b
8000669c:	02ff 0000 0166 0000 	.insn	10, 0x01d600000166000002ff
800066a4:	01d6 
800066a6:	0000                	.insn	2, 0x
800066a8:	00000037          	lui	zero,0x0
800066ac:	019f 0000 01fd      	.insn	6, 0x01fd0000019f
800066b2:	0000                	.insn	2, 0x
800066b4:	035a                	.insn	2, 0x035a
800066b6:	0000                	.insn	2, 0x
800066b8:	0078                	.insn	2, 0x0078
800066ba:	0000                	.insn	2, 0x
800066bc:	034d                	.insn	2, 0x034d
800066be:	0000                	.insn	2, 0x
800066c0:	03d8                	.insn	2, 0x03d8
800066c2:	0000                	.insn	2, 0x
800066c4:	0234                	.insn	2, 0x0234
800066c6:	0000                	.insn	2, 0x
800066c8:	0248                	.insn	2, 0x0248
800066ca:	0000                	.insn	2, 0x
800066cc:	003a                	.insn	2, 0x003a
800066ce:	0000                	.insn	2, 0x
800066d0:	000002f3          	.insn	4, 0x02f3
800066d4:	000003c7          	.insn	4, 0x03c7
800066d8:	00000397          	auipc	t2,0x0
800066dc:	032e                	.insn	2, 0x032e
800066de:	0000                	.insn	2, 0x
800066e0:	006e                	.insn	2, 0x006e
800066e2:	0000                	.insn	2, 0x
800066e4:	03d1                	.insn	2, 0x03d1
800066e6:	0000                	.insn	2, 0x
800066e8:	03cc                	.insn	2, 0x03cc
800066ea:	0000                	.insn	2, 0x
800066ec:	000001a7          	.insn	4, 0x01a7
800066f0:	0022                	.insn	2, 0x0022
800066f2:	0000                	.insn	2, 0x
800066f4:	03a5                	.insn	2, 0x03a5
800066f6:	0000                	.insn	2, 0x
800066f8:	000002bb          	.insn	4, 0x02bb
800066fc:	032a                	.insn	2, 0x032a
800066fe:	0000                	.insn	2, 0x
80006700:	005e                	.insn	2, 0x005e
80006702:	0000                	.insn	2, 0x
80006704:	00000057          	.insn	4, 0x0057
80006708:	00d1                	.insn	2, 0x00d1
8000670a:	0000                	.insn	2, 0x
8000670c:	016a                	.insn	2, 0x016a
8000670e:	0000                	.insn	2, 0x
80006710:	0189                	.insn	2, 0x0189
80006712:	0000                	.insn	2, 0x
80006714:	020e                	.insn	2, 0x020e
80006716:	0000                	.insn	2, 0x
80006718:	026c                	.insn	2, 0x026c
8000671a:	0000                	.insn	2, 0x
8000671c:	0079                	.insn	2, 0x0079
8000671e:	0000                	.insn	2, 0x
80006720:	03e2                	.insn	2, 0x03e2
80006722:	0000                	.insn	2, 0x
80006724:	02a4                	.insn	2, 0x02a4
80006726:	0000                	.insn	2, 0x
80006728:	000003d7          	.insn	4, 0x03d7
8000672c:	0000016f          	jal	sp,8000672c <input_data+0x2f50>
80006730:	02ba                	.insn	2, 0x02ba
80006732:	0000                	.insn	2, 0x
80006734:	00ec                	.insn	2, 0x00ec
80006736:	0000                	.insn	2, 0x
80006738:	01f4                	.insn	2, 0x01f4
8000673a:	0000                	.insn	2, 0x
8000673c:	02ac                	.insn	2, 0x02ac
8000673e:	0000                	.insn	2, 0x
80006740:	0061                	.insn	2, 0x0061
80006742:	0000                	.insn	2, 0x
80006744:	01f4                	.insn	2, 0x01f4
80006746:	0000                	.insn	2, 0x
80006748:	00b9                	.insn	2, 0x00b9
8000674a:	0000                	.insn	2, 0x
8000674c:	0269                	.insn	2, 0x0269
8000674e:	0000                	.insn	2, 0x
80006750:	0000009b          	.insn	4, 0x009b
80006754:	0000002f          	.insn	4, 0x002f
80006758:	0059                	.insn	2, 0x0059
8000675a:	0000                	.insn	2, 0x
8000675c:	026a                	.insn	2, 0x026a
8000675e:	0000                	.insn	2, 0x
80006760:	01a5                	.insn	2, 0x01a5
80006762:	0000                	.insn	2, 0x
80006764:	00b9                	.insn	2, 0x00b9
80006766:	0000                	.insn	2, 0x
80006768:	0154                	.insn	2, 0x0154
8000676a:	0000                	.insn	2, 0x
8000676c:	0176                	.insn	2, 0x0176
8000676e:	0000                	.insn	2, 0x
80006770:	0359                	.insn	2, 0x0359
80006772:	0000                	.insn	2, 0x
80006774:	00ec                	.insn	2, 0x00ec
80006776:	0000                	.insn	2, 0x
80006778:	02fd                	.insn	2, 0x02fd
8000677a:	0000                	.insn	2, 0x
8000677c:	035c                	.insn	2, 0x035c
8000677e:	0000                	.insn	2, 0x
80006780:	02b1                	.insn	2, 0x02b1
80006782:	0000                	.insn	2, 0x
80006784:	02b6                	.insn	2, 0x02b6
80006786:	0000                	.insn	2, 0x
80006788:	01b9                	.insn	2, 0x01b9
8000678a:	0000                	.insn	2, 0x
8000678c:	02ad                	.insn	2, 0x02ad
8000678e:	0000                	.insn	2, 0x
80006790:	03a4                	.insn	2, 0x03a4
80006792:	0000                	.insn	2, 0x
80006794:	0246                	.insn	2, 0x0246
80006796:	0000                	.insn	2, 0x
80006798:	0000010f          	.insn	4, 0x010f
8000679c:	0004                	.insn	2, 0x0004
8000679e:	0000                	.insn	2, 0x
800067a0:	0072                	.insn	2, 0x0072
800067a2:	0000                	.insn	2, 0x
800067a4:	0294                	.insn	2, 0x0294
800067a6:	0000                	.insn	2, 0x
800067a8:	000003bb          	.insn	4, 0x03bb
800067ac:	0194                	.insn	2, 0x0194
800067ae:	0000                	.insn	2, 0x
800067b0:	010e                	.insn	2, 0x010e
800067b2:	0000                	.insn	2, 0x
800067b4:	0000027b          	.insn	4, 0x027b
800067b8:	0276                	.insn	2, 0x0276
800067ba:	0000                	.insn	2, 0x
800067bc:	02d1                	.insn	2, 0x02d1
800067be:	0000                	.insn	2, 0x
800067c0:	0254                	.insn	2, 0x0254
800067c2:	0000                	.insn	2, 0x
800067c4:	00000277          	.insn	4, 0x0277
800067c8:	0301                	.insn	2, 0x0301
800067ca:	0000                	.insn	2, 0x
800067cc:	01d4                	.insn	2, 0x01d4
800067ce:	0000                	.insn	2, 0x
800067d0:	005f 0000 0099      	.insn	6, 0x00990000005f
800067d6:	0000                	.insn	2, 0x
800067d8:	000003d7          	.insn	4, 0x03d7
800067dc:	0000                	.insn	2, 0x
800067de:	0000                	.insn	2, 0x
800067e0:	0198                	.insn	2, 0x0198
800067e2:	0000                	.insn	2, 0x
800067e4:	02b1                	.insn	2, 0x02b1
800067e6:	0000                	.insn	2, 0x
800067e8:	0124                	.insn	2, 0x0124
800067ea:	0000                	.insn	2, 0x
800067ec:	00dc                	.insn	2, 0x00dc
800067ee:	0000                	.insn	2, 0x
800067f0:	024a                	.insn	2, 0x024a
800067f2:	0000                	.insn	2, 0x
800067f4:	01ae                	.insn	2, 0x01ae
800067f6:	0000                	.insn	2, 0x
800067f8:	029d                	.insn	2, 0x029d
800067fa:	0000                	.insn	2, 0x
800067fc:	020c                	.insn	2, 0x020c
800067fe:	0000                	.insn	2, 0x
80006800:	00bc                	.insn	2, 0x00bc
80006802:	0000                	.insn	2, 0x
80006804:	03c5                	.insn	2, 0x03c5
80006806:	0000                	.insn	2, 0x
80006808:	038e                	.insn	2, 0x038e
8000680a:	0000                	.insn	2, 0x
8000680c:	014e                	.insn	2, 0x014e
8000680e:	0000                	.insn	2, 0x
80006810:	0000023f 000003e4 	.insn	8, 0x03e40000023f
80006818:	01fa                	.insn	2, 0x01fa
8000681a:	0000                	.insn	2, 0x
8000681c:	00bd                	.insn	2, 0x00bd
8000681e:	0000                	.insn	2, 0x
80006820:	0085                	.insn	2, 0x0085
80006822:	0000                	.insn	2, 0x
80006824:	0111                	.insn	2, 0x0111
80006826:	0000                	.insn	2, 0x
80006828:	020d                	.insn	2, 0x020d
8000682a:	0000                	.insn	2, 0x
8000682c:	021e                	.insn	2, 0x021e
8000682e:	0000                	.insn	2, 0x
80006830:	0371                	.insn	2, 0x0371
80006832:	0000                	.insn	2, 0x
80006834:	0000004b          	.insn	4, 0x004b
80006838:	0394                	.insn	2, 0x0394
8000683a:	0000                	.insn	2, 0x
8000683c:	00000297          	auipc	t0,0x0
80006840:	0262                	.insn	2, 0x0262
80006842:	0000                	.insn	2, 0x
80006844:	01cd                	.insn	2, 0x01cd
80006846:	0000                	.insn	2, 0x
80006848:	03bc                	.insn	2, 0x03bc
8000684a:	0000                	.insn	2, 0x
8000684c:	000003af          	.insn	4, 0x03af
80006850:	000000db          	.insn	4, 0x00db
80006854:	0119                	.insn	2, 0x0119
80006856:	0000                	.insn	2, 0x
80006858:	000000c3          	.insn	4, 0x00c3
8000685c:	0000015b          	.insn	4, 0x015b
80006860:	000003e3          	beqz	zero,80007066 <input_data+0x388a>
80006864:	0088                	.insn	2, 0x0088
80006866:	0000                	.insn	2, 0x
80006868:	024d                	.insn	2, 0x024d
8000686a:	0000                	.insn	2, 0x
8000686c:	008e                	.insn	2, 0x008e
8000686e:	0000                	.insn	2, 0x
80006870:	02c4                	.insn	2, 0x02c4
80006872:	0000                	.insn	2, 0x
80006874:	010e                	.insn	2, 0x010e
80006876:	0000                	.insn	2, 0x
80006878:	00000003          	lb	zero,0(zero) # 0 <buf.2>
8000687c:	00000363          	beqz	zero,80006882 <input_data+0x30a6>
80006880:	01d4                	.insn	2, 0x01d4
80006882:	0000                	.insn	2, 0x
80006884:	002d                	.insn	2, 0x002d
80006886:	0000                	.insn	2, 0x
80006888:	02e6                	.insn	2, 0x02e6
8000688a:	0000                	.insn	2, 0x
8000688c:	034c                	.insn	2, 0x034c
8000688e:	0000                	.insn	2, 0x
80006890:	000003c3          	.insn	4, 0x03c3
80006894:	019d                	.insn	2, 0x019d
80006896:	0000                	.insn	2, 0x
80006898:	035c                	.insn	2, 0x035c
8000689a:	0000                	.insn	2, 0x
8000689c:	000001c3          	.insn	4, 0x01c3
800068a0:	0000027b          	.insn	4, 0x027b
800068a4:	031e                	.insn	2, 0x031e
800068a6:	0000                	.insn	2, 0x
800068a8:	038a                	.insn	2, 0x038a
800068aa:	0000                	.insn	2, 0x
800068ac:	0345                	.insn	2, 0x0345
800068ae:	0000                	.insn	2, 0x
800068b0:	017c                	.insn	2, 0x017c
800068b2:	0000                	.insn	2, 0x
800068b4:	0094                	.insn	2, 0x0094
800068b6:	0000                	.insn	2, 0x
800068b8:	00000117          	auipc	sp,0x0
800068bc:	0085                	.insn	2, 0x0085
800068be:	0000                	.insn	2, 0x
800068c0:	00000157          	.insn	4, 0x0157
800068c4:	00000243          	.insn	4, 0x0243
800068c8:	00aa                	.insn	2, 0x00aa
800068ca:	0000                	.insn	2, 0x
800068cc:	000001b7          	lui	gp,0x0
800068d0:	02df 0000 0156      	.insn	6, 0x0156000002df
800068d6:	0000                	.insn	2, 0x
800068d8:	0396                	.insn	2, 0x0396
800068da:	0000                	.insn	2, 0x
800068dc:	0000031b          	.insn	4, 0x031b
800068e0:	02e0                	.insn	2, 0x02e0
800068e2:	0000                	.insn	2, 0x
800068e4:	0085                	.insn	2, 0x0085
800068e6:	0000                	.insn	2, 0x
800068e8:	0000035b          	.insn	4, 0x035b
800068ec:	028a                	.insn	2, 0x028a
800068ee:	0000                	.insn	2, 0x
800068f0:	01e6                	.insn	2, 0x01e6
800068f2:	0000                	.insn	2, 0x
800068f4:	0358                	.insn	2, 0x0358
800068f6:	0000                	.insn	2, 0x
800068f8:	0000003f 000001af 	.insn	8, 0x01af0000003f
80006900:	02a5                	.insn	2, 0x02a5
80006902:	0000                	.insn	2, 0x
80006904:	02ae                	.insn	2, 0x02ae
80006906:	0000                	.insn	2, 0x
80006908:	029e                	.insn	2, 0x029e
8000690a:	0000                	.insn	2, 0x
8000690c:	00c6                	.insn	2, 0x00c6
8000690e:	0000                	.insn	2, 0x
80006910:	0000007b          	.insn	4, 0x007b
80006914:	0200                	.insn	2, 0x0200
80006916:	0000                	.insn	2, 0x
80006918:	023c                	.insn	2, 0x023c
8000691a:	0000                	.insn	2, 0x
8000691c:	036e                	.insn	2, 0x036e
8000691e:	0000                	.insn	2, 0x
80006920:	0378                	.insn	2, 0x0378
80006922:	0000                	.insn	2, 0x
80006924:	015a                	.insn	2, 0x015a
80006926:	0000                	.insn	2, 0x
80006928:	0154                	.insn	2, 0x0154
8000692a:	0000                	.insn	2, 0x
8000692c:	025e                	.insn	2, 0x025e
8000692e:	0000                	.insn	2, 0x
80006930:	033a                	.insn	2, 0x033a
80006932:	0000                	.insn	2, 0x
80006934:	034c                	.insn	2, 0x034c
80006936:	0000                	.insn	2, 0x
80006938:	00000177          	.insn	4, 0x0177
8000693c:	01fe                	.insn	2, 0x01fe
8000693e:	0000                	.insn	2, 0x
80006940:	0338                	.insn	2, 0x0338
80006942:	0000                	.insn	2, 0x
80006944:	00c9                	.insn	2, 0x00c9
80006946:	0000                	.insn	2, 0x
80006948:	000000db          	.insn	4, 0x00db
8000694c:	000000e3          	beqz	zero,8000714c <input_data+0x3970>
80006950:	00c9                	.insn	2, 0x00c9
80006952:	0000                	.insn	2, 0x
80006954:	0152                	.insn	2, 0x0152
80006956:	0000                	.insn	2, 0x
80006958:	020a                	.insn	2, 0x020a
8000695a:	0000                	.insn	2, 0x
8000695c:	03e5                	.insn	2, 0x03e5
8000695e:	0000                	.insn	2, 0x
80006960:	004c                	.insn	2, 0x004c
80006962:	0000                	.insn	2, 0x
80006964:	0261                	.insn	2, 0x0261
80006966:	0000                	.insn	2, 0x
80006968:	039a                	.insn	2, 0x039a
8000696a:	0000                	.insn	2, 0x
8000696c:	0388                	.insn	2, 0x0388
8000696e:	0000                	.insn	2, 0x
80006970:	010e                	.insn	2, 0x010e
80006972:	0000                	.insn	2, 0x
80006974:	0146                	.insn	2, 0x0146
80006976:	0000                	.insn	2, 0x
80006978:	0329                	.insn	2, 0x0329
8000697a:	0000                	.insn	2, 0x
8000697c:	0148                	.insn	2, 0x0148
8000697e:	0000                	.insn	2, 0x
80006980:	011d                	.insn	2, 0x011d
80006982:	0000                	.insn	2, 0x
80006984:	00000053          	.insn	4, 0x0053
80006988:	0276                	.insn	2, 0x0276
8000698a:	0000                	.insn	2, 0x
8000698c:	0226                	.insn	2, 0x0226
8000698e:	0000                	.insn	2, 0x
80006990:	005c                	.insn	2, 0x005c
80006992:	0000                	.insn	2, 0x
80006994:	0171                	.insn	2, 0x0171
80006996:	0000                	.insn	2, 0x
80006998:	03bd                	.insn	2, 0x03bd
8000699a:	0000                	.insn	2, 0x
8000699c:	000002cf          	.insn	4, 0x02cf
800069a0:	03d4                	.insn	2, 0x03d4
800069a2:	0000                	.insn	2, 0x
800069a4:	0310                	.insn	2, 0x0310
800069a6:	0000                	.insn	2, 0x
800069a8:	01ee                	.insn	2, 0x01ee
800069aa:	0000                	.insn	2, 0x
800069ac:	01d8                	.insn	2, 0x01d8
800069ae:	0000                	.insn	2, 0x
800069b0:	000000e7          	jalr	zero # 0 <buf.2>
800069b4:	02de                	.insn	2, 0x02de
800069b6:	0000                	.insn	2, 0x
800069b8:	0198                	.insn	2, 0x0198
800069ba:	0000                	.insn	2, 0x
800069bc:	0395                	.insn	2, 0x0395
800069be:	0000                	.insn	2, 0x
800069c0:	019f 0000 0376      	.insn	6, 0x03760000019f
800069c6:	0000                	.insn	2, 0x
800069c8:	0024                	.insn	2, 0x0024
800069ca:	0000                	.insn	2, 0x
800069cc:	02d8                	.insn	2, 0x02d8
800069ce:	0000                	.insn	2, 0x
800069d0:	0074                	.insn	2, 0x0074
800069d2:	0000                	.insn	2, 0x
800069d4:	020e                	.insn	2, 0x020e
800069d6:	0000                	.insn	2, 0x
800069d8:	034c                	.insn	2, 0x034c
800069da:	0000                	.insn	2, 0x
800069dc:	00000293          	li	t0,0
800069e0:	01ed                	.insn	2, 0x01ed
800069e2:	0000                	.insn	2, 0x
800069e4:	000003bf 0000018b 	.insn	8, 0x018b000003bf
800069ec:	0070                	.insn	2, 0x0070
800069ee:	0000                	.insn	2, 0x
800069f0:	02f6                	.insn	2, 0x02f6
800069f2:	0000                	.insn	2, 0x
800069f4:	009a                	.insn	2, 0x009a
800069f6:	0000                	.insn	2, 0x
800069f8:	0298                	.insn	2, 0x0298
800069fa:	0000                	.insn	2, 0x
800069fc:	02e8                	.insn	2, 0x02e8
800069fe:	0000                	.insn	2, 0x
80006a00:	009c                	.insn	2, 0x009c
80006a02:	0000                	.insn	2, 0x
80006a04:	00000063          	beqz	zero,80006a04 <input_data+0x3228>
80006a08:	02ff 0000 029c 0000 	.insn	10, 0x026c0000029c000002ff
80006a10:	026c 
80006a12:	0000                	.insn	2, 0x
80006a14:	00000033          	add	zero,zero,zero
80006a18:	000002eb          	.insn	4, 0x02eb
80006a1c:	000000ef          	jal	80006a1c <input_data+0x3240>
80006a20:	0061                	.insn	2, 0x0061
80006a22:	0000                	.insn	2, 0x
80006a24:	02e1                	.insn	2, 0x02e1
80006a26:	0000                	.insn	2, 0x
80006a28:	0000018f          	.insn	4, 0x018f
80006a2c:	000002ef          	jal	t0,80006a2c <input_data+0x3250>
80006a30:	01ca                	.insn	2, 0x01ca
80006a32:	0000                	.insn	2, 0x
80006a34:	0010                	.insn	2, 0x0010
80006a36:	0000                	.insn	2, 0x
80006a38:	0000002f          	.insn	4, 0x002f
80006a3c:	0000034f          	.insn	4, 0x034f
80006a40:	022d                	.insn	2, 0x022d
80006a42:	0000                	.insn	2, 0x
80006a44:	03a9                	.insn	2, 0x03a9
80006a46:	0000                	.insn	2, 0x
80006a48:	0048                	.insn	2, 0x0048
80006a4a:	0000                	.insn	2, 0x
80006a4c:	02e8                	.insn	2, 0x02e8
80006a4e:	0000                	.insn	2, 0x
80006a50:	0350                	.insn	2, 0x0350
80006a52:	0000                	.insn	2, 0x
80006a54:	004e                	.insn	2, 0x004e
80006a56:	0000                	.insn	2, 0x
80006a58:	02c2                	.insn	2, 0x02c2
80006a5a:	0000                	.insn	2, 0x
80006a5c:	015c                	.insn	2, 0x015c
80006a5e:	0000                	.insn	2, 0x
80006a60:	0021                	.insn	2, 0x0021
80006a62:	0000                	.insn	2, 0x
80006a64:	01f9                	.insn	2, 0x01f9
80006a66:	0000                	.insn	2, 0x
80006a68:	00000053          	.insn	4, 0x0053
80006a6c:	0208                	.insn	2, 0x0208
80006a6e:	0000                	.insn	2, 0x
80006a70:	000002b7          	lui	t0,0x0
80006a74:	023c                	.insn	2, 0x023c
80006a76:	0000                	.insn	2, 0x
80006a78:	0295                	.insn	2, 0x0295
80006a7a:	0000                	.insn	2, 0x
80006a7c:	0142                	.insn	2, 0x0142
80006a7e:	0000                	.insn	2, 0x
80006a80:	0000007b          	.insn	4, 0x007b
80006a84:	000001bf 0000015d 	.insn	8, 0x015d000001bf
80006a8c:	0248                	.insn	2, 0x0248
80006a8e:	0000                	.insn	2, 0x
80006a90:	01b1                	.insn	2, 0x01b1
80006a92:	0000                	.insn	2, 0x
80006a94:	000003b7          	lui	t2,0x0
80006a98:	0389                	.insn	2, 0x0389
80006a9a:	0000                	.insn	2, 0x
80006a9c:	0061                	.insn	2, 0x0061
80006a9e:	0000                	.insn	2, 0x
80006aa0:	01a0                	.insn	2, 0x01a0
80006aa2:	0000                	.insn	2, 0x
80006aa4:	0000007b          	.insn	4, 0x007b
80006aa8:	01a5                	.insn	2, 0x01a5
80006aaa:	0000                	.insn	2, 0x
80006aac:	00000293          	li	t0,0
80006ab0:	0000034b          	.insn	4, 0x034b
80006ab4:	0000039b          	.insn	4, 0x039b
80006ab8:	03a5                	.insn	2, 0x03a5
80006aba:	0000                	.insn	2, 0x
80006abc:	03aa                	.insn	2, 0x03aa
80006abe:	0000                	.insn	2, 0x
80006ac0:	00000123          	sb	zero,2(zero) # 2 <buf.2+0x2>
80006ac4:	03c1                	.insn	2, 0x03c1
80006ac6:	0000                	.insn	2, 0x
80006ac8:	035d                	.insn	2, 0x035d
80006aca:	0000                	.insn	2, 0x
80006acc:	0091                	.insn	2, 0x0091
80006ace:	0000                	.insn	2, 0x
80006ad0:	0000016f          	jal	sp,80006ad0 <input_data+0x32f4>
80006ad4:	02ca                	.insn	2, 0x02ca
80006ad6:	0000                	.insn	2, 0x
80006ad8:	0099                	.insn	2, 0x0099
80006ada:	0000                	.insn	2, 0x
80006adc:	0042                	.insn	2, 0x0042
80006ade:	0000                	.insn	2, 0x
80006ae0:	02b9                	.insn	2, 0x02b9
80006ae2:	0000                	.insn	2, 0x
80006ae4:	02e8                	.insn	2, 0x02e8
80006ae6:	0000                	.insn	2, 0x
80006ae8:	0291                	.insn	2, 0x0291
80006aea:	0000                	.insn	2, 0x
80006aec:	01dd                	.insn	2, 0x01dd
80006aee:	0000                	.insn	2, 0x
80006af0:	01ff 0000 025a 0000 	.insn	10, 0x01bd0000025a000001ff
80006af8:	01bd 
80006afa:	0000                	.insn	2, 0x
80006afc:	03b6                	.insn	2, 0x03b6
80006afe:	0000                	.insn	2, 0x
80006b00:	0229                	.insn	2, 0x0229
80006b02:	0000                	.insn	2, 0x
80006b04:	0116                	.insn	2, 0x0116
80006b06:	0000                	.insn	2, 0x
80006b08:	0060                	.insn	2, 0x0060
80006b0a:	0000                	.insn	2, 0x
80006b0c:	03a9                	.insn	2, 0x03a9
80006b0e:	0000                	.insn	2, 0x
80006b10:	0000022b          	.insn	4, 0x022b
80006b14:	0170                	.insn	2, 0x0170
80006b16:	0000                	.insn	2, 0x
80006b18:	019f 0000 02ec      	.insn	6, 0x02ec0000019f
80006b1e:	0000                	.insn	2, 0x
80006b20:	0000008f          	.insn	4, 0x008f
80006b24:	02e5                	.insn	2, 0x02e5
80006b26:	0000                	.insn	2, 0x
80006b28:	00000303          	lb	t1,0(zero) # 0 <buf.2>
80006b2c:	035e                	.insn	2, 0x035e
80006b2e:	0000                	.insn	2, 0x
80006b30:	03de                	.insn	2, 0x03de
80006b32:	0000                	.insn	2, 0x
80006b34:	0008                	.insn	2, 0x0008
80006b36:	0000                	.insn	2, 0x
80006b38:	00000127          	.insn	4, 0x0127
80006b3c:	018c                	.insn	2, 0x018c
80006b3e:	0000                	.insn	2, 0x
80006b40:	0011                	.insn	2, 0x0011
80006b42:	0000                	.insn	2, 0x
80006b44:	00000077          	.insn	4, 0x0077
80006b48:	00ec                	.insn	2, 0x00ec
80006b4a:	0000                	.insn	2, 0x
80006b4c:	01fc                	.insn	2, 0x01fc
80006b4e:	0000                	.insn	2, 0x
80006b50:	011d                	.insn	2, 0x011d
80006b52:	0000                	.insn	2, 0x
80006b54:	034c                	.insn	2, 0x034c
80006b56:	0000                	.insn	2, 0x
80006b58:	0392                	.insn	2, 0x0392
80006b5a:	0000                	.insn	2, 0x
80006b5c:	0061                	.insn	2, 0x0061
80006b5e:	0000                	.insn	2, 0x
80006b60:	000000eb          	.insn	4, 0x00eb
80006b64:	038a                	.insn	2, 0x038a
80006b66:	0000                	.insn	2, 0x
80006b68:	0076                	.insn	2, 0x0076
80006b6a:	0000                	.insn	2, 0x
80006b6c:	00000053          	.insn	4, 0x0053
80006b70:	0195                	.insn	2, 0x0195
80006b72:	0000                	.insn	2, 0x
80006b74:	00be                	.insn	2, 0x00be
80006b76:	0000                	.insn	2, 0x
80006b78:	026a                	.insn	2, 0x026a
80006b7a:	0000                	.insn	2, 0x
80006b7c:	01b6                	.insn	2, 0x01b6
80006b7e:	0000                	.insn	2, 0x
80006b80:	01b6                	.insn	2, 0x01b6
80006b82:	0000                	.insn	2, 0x
80006b84:	02c2                	.insn	2, 0x02c2
80006b86:	0000                	.insn	2, 0x
80006b88:	019d                	.insn	2, 0x019d
80006b8a:	0000                	.insn	2, 0x
80006b8c:	0222                	.insn	2, 0x0222
80006b8e:	0000                	.insn	2, 0x
80006b90:	00d6                	.insn	2, 0x00d6
80006b92:	0000                	.insn	2, 0x
80006b94:	00000327          	.insn	4, 0x0327
80006b98:	021c                	.insn	2, 0x021c
80006b9a:	0000                	.insn	2, 0x
80006b9c:	0168                	.insn	2, 0x0168
80006b9e:	0000                	.insn	2, 0x
80006ba0:	00a2                	.insn	2, 0x00a2
80006ba2:	0000                	.insn	2, 0x
80006ba4:	01aa                	.insn	2, 0x01aa
80006ba6:	0000                	.insn	2, 0x
80006ba8:	002a                	.insn	2, 0x002a
80006baa:	0000                	.insn	2, 0x
80006bac:	0354                	.insn	2, 0x0354
80006bae:	0000                	.insn	2, 0x
80006bb0:	0102                	.insn	2, 0x0102
80006bb2:	0000                	.insn	2, 0x
80006bb4:	02fd                	.insn	2, 0x02fd
80006bb6:	0000                	.insn	2, 0x
80006bb8:	00000093          	li	ra,0
80006bbc:	0226                	.insn	2, 0x0226
80006bbe:	0000                	.insn	2, 0x
80006bc0:	000d                	.insn	2, 0x000d
80006bc2:	0000                	.insn	2, 0x
80006bc4:	00000223          	sb	zero,4(zero) # 4 <buf.2+0x4>
80006bc8:	02c0                	.insn	2, 0x02c0
80006bca:	0000                	.insn	2, 0x
80006bcc:	000000e3          	beqz	zero,800073cc <input_data+0x3bf0>
80006bd0:	02dd                	.insn	2, 0x02dd
80006bd2:	0000                	.insn	2, 0x
80006bd4:	02a6                	.insn	2, 0x02a6
80006bd6:	0000                	.insn	2, 0x
80006bd8:	0000024b          	.insn	4, 0x024b
80006bdc:	0000026f          	jal	tp,80006bdc <input_data+0x3400>
80006be0:	0000031b          	.insn	4, 0x031b
80006be4:	0135                	.insn	2, 0x0135
80006be6:	0000                	.insn	2, 0x
80006be8:	021a                	.insn	2, 0x021a
80006bea:	0000                	.insn	2, 0x
80006bec:	0398                	.insn	2, 0x0398
80006bee:	0000                	.insn	2, 0x
80006bf0:	0174                	.insn	2, 0x0174
80006bf2:	0000                	.insn	2, 0x
80006bf4:	000003cb          	.insn	4, 0x03cb
80006bf8:	03a1                	.insn	2, 0x03a1
80006bfa:	0000                	.insn	2, 0x
80006bfc:	024e                	.insn	2, 0x024e
80006bfe:	0000                	.insn	2, 0x
80006c00:	01d2                	.insn	2, 0x01d2
80006c02:	0000                	.insn	2, 0x
80006c04:	02ed                	.insn	2, 0x02ed
80006c06:	0000                	.insn	2, 0x
80006c08:	002a                	.insn	2, 0x002a
80006c0a:	0000                	.insn	2, 0x
80006c0c:	0296                	.insn	2, 0x0296
80006c0e:	0000                	.insn	2, 0x
80006c10:	031a                	.insn	2, 0x031a
80006c12:	0000                	.insn	2, 0x
80006c14:	0221                	.insn	2, 0x0221
80006c16:	0000                	.insn	2, 0x
80006c18:	0039                	.insn	2, 0x0039
80006c1a:	0000                	.insn	2, 0x
80006c1c:	000002eb          	.insn	4, 0x02eb
80006c20:	033c                	.insn	2, 0x033c
80006c22:	0000                	.insn	2, 0x
80006c24:	000000e7          	jalr	zero # 0 <buf.2>
80006c28:	011f 0000 028f      	.insn	6, 0x028f0000011f
80006c2e:	0000                	.insn	2, 0x
80006c30:	000001bb          	.insn	4, 0x01bb
80006c34:	0094                	.insn	2, 0x0094
80006c36:	0000                	.insn	2, 0x
80006c38:	0258                	.insn	2, 0x0258
80006c3a:	0000                	.insn	2, 0x
80006c3c:	00000047          	.insn	4, 0x0047
80006c40:	00d1                	.insn	2, 0x00d1
80006c42:	0000                	.insn	2, 0x
80006c44:	01c5                	.insn	2, 0x01c5
80006c46:	0000                	.insn	2, 0x
80006c48:	01ee                	.insn	2, 0x01ee
80006c4a:	0000                	.insn	2, 0x
80006c4c:	0230                	.insn	2, 0x0230
80006c4e:	0000                	.insn	2, 0x
80006c50:	021e                	.insn	2, 0x021e
80006c52:	0000                	.insn	2, 0x
80006c54:	00000343          	.insn	4, 0x0343
80006c58:	002e                	.insn	2, 0x002e
80006c5a:	0000                	.insn	2, 0x
80006c5c:	0260                	.insn	2, 0x0260
80006c5e:	0000                	.insn	2, 0x
80006c60:	000003cb          	.insn	4, 0x03cb
80006c64:	000d                	.insn	2, 0x000d
80006c66:	0000                	.insn	2, 0x
80006c68:	0258                	.insn	2, 0x0258
80006c6a:	0000                	.insn	2, 0x
80006c6c:	0172                	.insn	2, 0x0172
80006c6e:	0000                	.insn	2, 0x
80006c70:	0296                	.insn	2, 0x0296
80006c72:	0000                	.insn	2, 0x
80006c74:	0000008b          	.insn	4, 0x008b
80006c78:	0332                	.insn	2, 0x0332
80006c7a:	0000                	.insn	2, 0x
80006c7c:	00ae                	.insn	2, 0x00ae
80006c7e:	0000                	.insn	2, 0x
80006c80:	026a                	.insn	2, 0x026a
80006c82:	0000                	.insn	2, 0x
80006c84:	00d1                	.insn	2, 0x00d1
80006c86:	0000                	.insn	2, 0x
80006c88:	0261                	.insn	2, 0x0261
80006c8a:	0000                	.insn	2, 0x
80006c8c:	01c9                	.insn	2, 0x01c9
80006c8e:	0000                	.insn	2, 0x
80006c90:	0175                	.insn	2, 0x0175
80006c92:	0000                	.insn	2, 0x
80006c94:	0000038b          	.insn	4, 0x038b
80006c98:	000003bf 00000341 	.insn	8, 0x0341000003bf
80006ca0:	017e                	.insn	2, 0x017e
80006ca2:	0000                	.insn	2, 0x
80006ca4:	000000af          	.insn	4, 0x00af
80006ca8:	0088                	.insn	2, 0x0088
80006caa:	0000                	.insn	2, 0x
80006cac:	0176                	.insn	2, 0x0176
80006cae:	0000                	.insn	2, 0x
80006cb0:	009d                	.insn	2, 0x009d
80006cb2:	0000                	.insn	2, 0x
80006cb4:	01a1                	.insn	2, 0x01a1
80006cb6:	0000                	.insn	2, 0x
80006cb8:	02f9                	.insn	2, 0x02f9
80006cba:	0000                	.insn	2, 0x
80006cbc:	0138                	.insn	2, 0x0138
80006cbe:	0000                	.insn	2, 0x
80006cc0:	02c6                	.insn	2, 0x02c6
80006cc2:	0000                	.insn	2, 0x
80006cc4:	0185                	.insn	2, 0x0185
80006cc6:	0000                	.insn	2, 0x
80006cc8:	02ea                	.insn	2, 0x02ea
80006cca:	0000                	.insn	2, 0x
80006ccc:	0000009b          	.insn	4, 0x009b
80006cd0:	00ee                	.insn	2, 0x00ee
80006cd2:	0000                	.insn	2, 0x
80006cd4:	03ad                	.insn	2, 0x03ad
80006cd6:	0000                	.insn	2, 0x
80006cd8:	00000237          	lui	tp,0x0
80006cdc:	01c2                	.insn	2, 0x01c2
80006cde:	0000                	.insn	2, 0x
80006ce0:	02cd                	.insn	2, 0x02cd
80006ce2:	0000                	.insn	2, 0x
80006ce4:	011a                	.insn	2, 0x011a
80006ce6:	0000                	.insn	2, 0x
80006ce8:	0198                	.insn	2, 0x0198
80006cea:	0000                	.insn	2, 0x
80006cec:	03e5                	.insn	2, 0x03e5
80006cee:	0000                	.insn	2, 0x
80006cf0:	00c2                	.insn	2, 0x00c2
80006cf2:	0000                	.insn	2, 0x
80006cf4:	0396                	.insn	2, 0x0396
80006cf6:	0000                	.insn	2, 0x
80006cf8:	031f 0000 011a      	.insn	6, 0x011a0000031f
80006cfe:	0000                	.insn	2, 0x
80006d00:	02ee                	.insn	2, 0x02ee
80006d02:	0000                	.insn	2, 0x
80006d04:	03c0                	.insn	2, 0x03c0
80006d06:	0000                	.insn	2, 0x
80006d08:	025c                	.insn	2, 0x025c
80006d0a:	0000                	.insn	2, 0x
80006d0c:	00c2                	.insn	2, 0x00c2
80006d0e:	0000                	.insn	2, 0x
80006d10:	0136                	.insn	2, 0x0136
80006d12:	0000                	.insn	2, 0x
80006d14:	031e                	.insn	2, 0x031e
80006d16:	0000                	.insn	2, 0x
80006d18:	008d                	.insn	2, 0x008d
80006d1a:	0000                	.insn	2, 0x
80006d1c:	007c                	.insn	2, 0x007c
80006d1e:	0000                	.insn	2, 0x
80006d20:	01ec                	.insn	2, 0x01ec
80006d22:	0000                	.insn	2, 0x
80006d24:	0028                	.insn	2, 0x0028
80006d26:	0000                	.insn	2, 0x
80006d28:	000001b7          	lui	gp,0x0
80006d2c:	003e                	.insn	2, 0x003e
80006d2e:	0000                	.insn	2, 0x
80006d30:	0185                	.insn	2, 0x0185
80006d32:	0000                	.insn	2, 0x
80006d34:	036e                	.insn	2, 0x036e
80006d36:	0000                	.insn	2, 0x
80006d38:	000002db          	.insn	4, 0x02db
80006d3c:	013e                	.insn	2, 0x013e
80006d3e:	0000                	.insn	2, 0x
80006d40:	0244                	.insn	2, 0x0244
80006d42:	0000                	.insn	2, 0x
80006d44:	000000c7          	.insn	4, 0x00c7
80006d48:	0000017b          	.insn	4, 0x017b
80006d4c:	0200                	.insn	2, 0x0200
80006d4e:	0000                	.insn	2, 0x
80006d50:	00000167          	jalr	sp,zero # 0 <buf.2>
80006d54:	02c6                	.insn	2, 0x02c6
80006d56:	0000                	.insn	2, 0x
80006d58:	00bc                	.insn	2, 0x00bc
80006d5a:	0000                	.insn	2, 0x
80006d5c:	038d                	.insn	2, 0x038d
80006d5e:	0000                	.insn	2, 0x
80006d60:	027f 0000 0153 0000 	.insn	10, 0x0060000001530000027f
80006d68:	0060 
80006d6a:	0000                	.insn	2, 0x
80006d6c:	021e                	.insn	2, 0x021e
80006d6e:	0000                	.insn	2, 0x
80006d70:	0189                	.insn	2, 0x0189
80006d72:	0000                	.insn	2, 0x
80006d74:	00b2                	.insn	2, 0x00b2
80006d76:	0000                	.insn	2, 0x
80006d78:	00cc                	.insn	2, 0x00cc
80006d7a:	0000                	.insn	2, 0x
80006d7c:	024e                	.insn	2, 0x024e
80006d7e:	0000                	.insn	2, 0x
80006d80:	02b8                	.insn	2, 0x02b8
80006d82:	0000                	.insn	2, 0x
80006d84:	000000b7          	lui	ra,0x0
80006d88:	000000f7          	.insn	4, 0x00f7
80006d8c:	026a                	.insn	2, 0x026a
80006d8e:	0000                	.insn	2, 0x
80006d90:	019d                	.insn	2, 0x019d
80006d92:	0000                	.insn	2, 0x
80006d94:	000003cb          	.insn	4, 0x03cb
80006d98:	0000021b          	.insn	4, 0x021b
80006d9c:	02be                	.insn	2, 0x02be
80006d9e:	0000                	.insn	2, 0x
80006da0:	01ae                	.insn	2, 0x01ae
80006da2:	0000                	.insn	2, 0x
80006da4:	000002cb          	.insn	4, 0x02cb
80006da8:	03b5                	.insn	2, 0x03b5
80006daa:	0000                	.insn	2, 0x
80006dac:	01a9                	.insn	2, 0x01a9
80006dae:	0000                	.insn	2, 0x
80006db0:	02f8                	.insn	2, 0x02f8
80006db2:	0000                	.insn	2, 0x
80006db4:	000003cb          	.insn	4, 0x03cb
80006db8:	000000cf          	.insn	4, 0x00cf
80006dbc:	03bc                	.insn	2, 0x03bc
80006dbe:	0000                	.insn	2, 0x
80006dc0:	0175                	.insn	2, 0x0175
80006dc2:	0000                	.insn	2, 0x
80006dc4:	0090                	.insn	2, 0x0090
80006dc6:	0000                	.insn	2, 0x
80006dc8:	006a                	.insn	2, 0x006a
80006dca:	0000                	.insn	2, 0x
80006dcc:	0399                	.insn	2, 0x0399
80006dce:	0000                	.insn	2, 0x
80006dd0:	0000024f          	.insn	4, 0x024f
80006dd4:	0010                	.insn	2, 0x0010
80006dd6:	0000                	.insn	2, 0x
80006dd8:	0306                	.insn	2, 0x0306
80006dda:	0000                	.insn	2, 0x
80006ddc:	031c                	.insn	2, 0x031c
80006dde:	0000                	.insn	2, 0x
80006de0:	000000b3          	add	ra,zero,zero
80006de4:	039c                	.insn	2, 0x039c
80006de6:	0000                	.insn	2, 0x
80006de8:	02c5                	.insn	2, 0x02c5
80006dea:	0000                	.insn	2, 0x
80006dec:	03c6                	.insn	2, 0x03c6
80006dee:	0000                	.insn	2, 0x
80006df0:	03e1                	.insn	2, 0x03e1
80006df2:	0000                	.insn	2, 0x
80006df4:	0271                	.insn	2, 0x0271
80006df6:	0000                	.insn	2, 0x
80006df8:	02f5                	.insn	2, 0x02f5
80006dfa:	0000                	.insn	2, 0x
80006dfc:	0006                	.insn	2, 0x0006
80006dfe:	0000                	.insn	2, 0x
80006e00:	0165                	.insn	2, 0x0165
80006e02:	0000                	.insn	2, 0x
80006e04:	0006                	.insn	2, 0x0006
80006e06:	0000                	.insn	2, 0x
80006e08:	030a                	.insn	2, 0x030a
80006e0a:	0000                	.insn	2, 0x
80006e0c:	003a                	.insn	2, 0x003a
80006e0e:	0000                	.insn	2, 0x
80006e10:	00a2                	.insn	2, 0x00a2
80006e12:	0000                	.insn	2, 0x
80006e14:	020c                	.insn	2, 0x020c
80006e16:	0000                	.insn	2, 0x
80006e18:	0109                	.insn	2, 0x0109
80006e1a:	0000                	.insn	2, 0x
80006e1c:	000000f7          	.insn	4, 0x00f7
80006e20:	00000177          	.insn	4, 0x0177
80006e24:	00000253          	.insn	4, 0x0253
80006e28:	0221                	.insn	2, 0x0221
80006e2a:	0000                	.insn	2, 0x
80006e2c:	00000363          	beqz	zero,80006e32 <input_data+0x3656>
80006e30:	03cd                	.insn	2, 0x03cd
80006e32:	0000                	.insn	2, 0x
80006e34:	000000db          	.insn	4, 0x00db
80006e38:	00aa                	.insn	2, 0x00aa
80006e3a:	0000                	.insn	2, 0x
80006e3c:	02c5                	.insn	2, 0x02c5
80006e3e:	0000                	.insn	2, 0x
80006e40:	0398                	.insn	2, 0x0398
80006e42:	0000                	.insn	2, 0x
80006e44:	02bc                	.insn	2, 0x02bc
80006e46:	0000                	.insn	2, 0x
80006e48:	0070                	.insn	2, 0x0070
80006e4a:	0000                	.insn	2, 0x
80006e4c:	0158                	.insn	2, 0x0158
80006e4e:	0000                	.insn	2, 0x
80006e50:	00d5                	.insn	2, 0x00d5
80006e52:	0000                	.insn	2, 0x
80006e54:	000001c7          	.insn	4, 0x01c7
80006e58:	0141                	.insn	2, 0x0141
80006e5a:	0000                	.insn	2, 0x
80006e5c:	000003ab          	.insn	4, 0x03ab
80006e60:	00a5                	.insn	2, 0x00a5
80006e62:	0000                	.insn	2, 0x
80006e64:	009d                	.insn	2, 0x009d
80006e66:	0000                	.insn	2, 0x
80006e68:	00000373          	.insn	4, 0x0373
80006e6c:	00000063          	beqz	zero,80006e6c <input_data+0x3690>
80006e70:	0102                	.insn	2, 0x0102
80006e72:	0000                	.insn	2, 0x
80006e74:	008c                	.insn	2, 0x008c
80006e76:	0000                	.insn	2, 0x
80006e78:	00000203          	lb	tp,0(zero) # 0 <buf.2>
80006e7c:	00d9                	.insn	2, 0x00d9
80006e7e:	0000                	.insn	2, 0x
80006e80:	00000137          	lui	sp,0x0
80006e84:	0054                	.insn	2, 0x0054
80006e86:	0000                	.insn	2, 0x
80006e88:	0294                	.insn	2, 0x0294
80006e8a:	0000                	.insn	2, 0x
80006e8c:	000002cb          	.insn	4, 0x02cb
80006e90:	01f8                	.insn	2, 0x01f8
80006e92:	0000                	.insn	2, 0x
80006e94:	0095                	.insn	2, 0x0095
80006e96:	0000                	.insn	2, 0x
80006e98:	00c6                	.insn	2, 0x00c6
80006e9a:	0000                	.insn	2, 0x
80006e9c:	0236                	.insn	2, 0x0236
80006e9e:	0000                	.insn	2, 0x
80006ea0:	0155                	.insn	2, 0x0155
80006ea2:	0000                	.insn	2, 0x
80006ea4:	0209                	.insn	2, 0x0209
80006ea6:	0000                	.insn	2, 0x
80006ea8:	01da                	.insn	2, 0x01da
80006eaa:	0000                	.insn	2, 0x
80006eac:	015f 0000 03b7      	.insn	6, 0x03b70000015f
80006eb2:	0000                	.insn	2, 0x
80006eb4:	0222                	.insn	2, 0x0222
80006eb6:	0000                	.insn	2, 0x
80006eb8:	000000b7          	lui	ra,0x0
80006ebc:	0000025b          	.insn	4, 0x025b
80006ec0:	036c                	.insn	2, 0x036c
80006ec2:	0000                	.insn	2, 0x
80006ec4:	021a                	.insn	2, 0x021a
80006ec6:	0000                	.insn	2, 0x
80006ec8:	0385                	.insn	2, 0x0385
80006eca:	0000                	.insn	2, 0x
80006ecc:	02f2                	.insn	2, 0x02f2
80006ece:	0000                	.insn	2, 0x
80006ed0:	0000016b          	.insn	4, 0x016b
80006ed4:	037d                	.insn	2, 0x037d
80006ed6:	0000                	.insn	2, 0x
80006ed8:	03cd                	.insn	2, 0x03cd
80006eda:	0000                	.insn	2, 0x
80006edc:	0391                	.insn	2, 0x0391
80006ede:	0000                	.insn	2, 0x
80006ee0:	00f4                	.insn	2, 0x00f4
80006ee2:	0000                	.insn	2, 0x
80006ee4:	00c0                	.insn	2, 0x00c0
80006ee6:	0000                	.insn	2, 0x
80006ee8:	031f 0000 016a      	.insn	6, 0x016a0000031f
80006eee:	0000                	.insn	2, 0x
80006ef0:	0000009b          	.insn	4, 0x009b
80006ef4:	02be                	.insn	2, 0x02be
80006ef6:	0000                	.insn	2, 0x
80006ef8:	027d                	.insn	2, 0x027d
80006efa:	0000                	.insn	2, 0x
80006efc:	0274                	.insn	2, 0x0274
80006efe:	0000                	.insn	2, 0x
80006f00:	019f 0000 0257      	.insn	6, 0x02570000019f
80006f06:	0000                	.insn	2, 0x
80006f08:	00b1                	.insn	2, 0x00b1
80006f0a:	0000                	.insn	2, 0x
80006f0c:	02ae                	.insn	2, 0x02ae
80006f0e:	0000                	.insn	2, 0x
80006f10:	02ce                	.insn	2, 0x02ce
80006f12:	0000                	.insn	2, 0x
80006f14:	025c                	.insn	2, 0x025c
80006f16:	0000                	.insn	2, 0x
80006f18:	0226                	.insn	2, 0x0226
80006f1a:	0000                	.insn	2, 0x
80006f1c:	0099                	.insn	2, 0x0099
80006f1e:	0000                	.insn	2, 0x
80006f20:	00f2                	.insn	2, 0x00f2
80006f22:	0000                	.insn	2, 0x
80006f24:	0316                	.insn	2, 0x0316
80006f26:	0000                	.insn	2, 0x
80006f28:	0098                	.insn	2, 0x0098
80006f2a:	0000                	.insn	2, 0x
80006f2c:	0000025b          	.insn	4, 0x025b
80006f30:	00a8                	.insn	2, 0x00a8
80006f32:	0000                	.insn	2, 0x
80006f34:	01d1                	.insn	2, 0x01d1
80006f36:	0000                	.insn	2, 0x
80006f38:	0000030b          	.insn	4, 0x030b
80006f3c:	030d                	.insn	2, 0x030d
80006f3e:	0000                	.insn	2, 0x
80006f40:	01ff 0000 00ac 0000 	.insn	10, 0x0315000000ac000001ff
80006f48:	0315 
80006f4a:	0000                	.insn	2, 0x
80006f4c:	01bd                	.insn	2, 0x01bd
80006f4e:	0000                	.insn	2, 0x
80006f50:	026a                	.insn	2, 0x026a
80006f52:	0000                	.insn	2, 0x
80006f54:	01f6                	.insn	2, 0x01f6
80006f56:	0000                	.insn	2, 0x
80006f58:	010e                	.insn	2, 0x010e
80006f5a:	0000                	.insn	2, 0x
80006f5c:	002d                	.insn	2, 0x002d
80006f5e:	0000                	.insn	2, 0x
80006f60:	02b8                	.insn	2, 0x02b8
80006f62:	0000                	.insn	2, 0x
80006f64:	00b9                	.insn	2, 0x00b9
80006f66:	0000                	.insn	2, 0x
80006f68:	039f 0000 0047      	.insn	6, 0x00470000039f
80006f6e:	0000                	.insn	2, 0x
80006f70:	03ca                	.insn	2, 0x03ca
80006f72:	0000                	.insn	2, 0x
80006f74:	01c0                	.insn	2, 0x01c0
80006f76:	0000                	.insn	2, 0x
80006f78:	00000207          	.insn	4, 0x0207
80006f7c:	00c9                	.insn	2, 0x00c9
80006f7e:	0000                	.insn	2, 0x
80006f80:	0396                	.insn	2, 0x0396
80006f82:	0000                	.insn	2, 0x
80006f84:	00be                	.insn	2, 0x00be
80006f86:	0000                	.insn	2, 0x
80006f88:	03be                	.insn	2, 0x03be
80006f8a:	0000                	.insn	2, 0x
80006f8c:	00ae                	.insn	2, 0x00ae
80006f8e:	0000                	.insn	2, 0x
80006f90:	00000343          	.insn	4, 0x0343
80006f94:	03ad                	.insn	2, 0x03ad
80006f96:	0000                	.insn	2, 0x
80006f98:	0394                	.insn	2, 0x0394
80006f9a:	0000                	.insn	2, 0x
80006f9c:	00ff 0000 023f 0000 	.insn	10, 0x02b50000023f000000ff
80006fa4:	02b5 
80006fa6:	0000                	.insn	2, 0x
80006fa8:	03d0                	.insn	2, 0x03d0
80006faa:	0000                	.insn	2, 0x
80006fac:	0096                	.insn	2, 0x0096
80006fae:	0000                	.insn	2, 0x
80006fb0:	0299                	.insn	2, 0x0299
80006fb2:	0000                	.insn	2, 0x
80006fb4:	0264                	.insn	2, 0x0264
80006fb6:	0000                	.insn	2, 0x
80006fb8:	01c4                	.insn	2, 0x01c4
80006fba:	0000                	.insn	2, 0x
80006fbc:	000000e3          	beqz	zero,800077bc <_tbss_end+0xf8>
80006fc0:	00000103          	lb	sp,0(zero) # 0 <buf.2>
80006fc4:	0310                	.insn	2, 0x0310
80006fc6:	0000                	.insn	2, 0x
80006fc8:	0238                	.insn	2, 0x0238
80006fca:	0000                	.insn	2, 0x
80006fcc:	030c                	.insn	2, 0x030c
80006fce:	0000                	.insn	2, 0x
80006fd0:	0000018b          	.insn	4, 0x018b
80006fd4:	0000030f          	.insn	4, 0x030f
80006fd8:	0066                	.insn	2, 0x0066
80006fda:	0000                	.insn	2, 0x
80006fdc:	000000b3          	add	ra,zero,zero
80006fe0:	007c                	.insn	2, 0x007c
80006fe2:	0000                	.insn	2, 0x
80006fe4:	0034                	.insn	2, 0x0034
80006fe6:	0000                	.insn	2, 0x
80006fe8:	0034                	.insn	2, 0x0034
80006fea:	0000                	.insn	2, 0x
80006fec:	0338                	.insn	2, 0x0338
80006fee:	0000                	.insn	2, 0x
80006ff0:	0364                	.insn	2, 0x0364
80006ff2:	0000                	.insn	2, 0x
80006ff4:	0148                	.insn	2, 0x0148
80006ff6:	0000                	.insn	2, 0x
80006ff8:	000002fb          	.insn	4, 0x02fb
80006ffc:	000002a7          	.insn	4, 0x02a7
80007000:	023e                	.insn	2, 0x023e
80007002:	0000                	.insn	2, 0x
80007004:	012c                	.insn	2, 0x012c
80007006:	0000                	.insn	2, 0x
80007008:	0389                	.insn	2, 0x0389
8000700a:	0000                	.insn	2, 0x
8000700c:	0194                	.insn	2, 0x0194
8000700e:	0000                	.insn	2, 0x
80007010:	0000008b          	.insn	4, 0x008b
80007014:	000003bb          	.insn	4, 0x03bb
80007018:	0118                	.insn	2, 0x0118
8000701a:	0000                	.insn	2, 0x
8000701c:	03d0                	.insn	2, 0x03d0
8000701e:	0000                	.insn	2, 0x
80007020:	00f6                	.insn	2, 0x00f6
80007022:	0000                	.insn	2, 0x
80007024:	007a                	.insn	2, 0x007a
80007026:	0000                	.insn	2, 0x
80007028:	02b4                	.insn	2, 0x02b4
8000702a:	0000                	.insn	2, 0x
8000702c:	000002a7          	.insn	4, 0x02a7
80007030:	0114                	.insn	2, 0x0114
80007032:	0000                	.insn	2, 0x
80007034:	009e                	.insn	2, 0x009e
80007036:	0000                	.insn	2, 0x
80007038:	02df 0000 007e      	.insn	6, 0x007e000002df
8000703e:	0000                	.insn	2, 0x
80007040:	020d                	.insn	2, 0x020d
80007042:	0000                	.insn	2, 0x
80007044:	02e0                	.insn	2, 0x02e0
80007046:	0000                	.insn	2, 0x
80007048:	0338                	.insn	2, 0x0338
8000704a:	0000                	.insn	2, 0x
8000704c:	038e                	.insn	2, 0x038e
8000704e:	0000                	.insn	2, 0x
80007050:	0294                	.insn	2, 0x0294
80007052:	0000                	.insn	2, 0x
80007054:	00000057          	.insn	4, 0x0057
80007058:	038c                	.insn	2, 0x038c
8000705a:	0000                	.insn	2, 0x
8000705c:	02d5                	.insn	2, 0x02d5
8000705e:	0000                	.insn	2, 0x
80007060:	0000020b          	.insn	4, 0x020b
80007064:	0214                	.insn	2, 0x0214
80007066:	0000                	.insn	2, 0x
80007068:	005c                	.insn	2, 0x005c
8000706a:	0000                	.insn	2, 0x
8000706c:	01d9                	.insn	2, 0x01d9
8000706e:	0000                	.insn	2, 0x
80007070:	036c                	.insn	2, 0x036c
80007072:	0000                	.insn	2, 0x
80007074:	0376                	.insn	2, 0x0376
80007076:	0000                	.insn	2, 0x
80007078:	01f4                	.insn	2, 0x01f4
8000707a:	0000                	.insn	2, 0x
8000707c:	000002cb          	.insn	4, 0x02cb
80007080:	0102                	.insn	2, 0x0102
80007082:	0000                	.insn	2, 0x
80007084:	01ca                	.insn	2, 0x01ca
80007086:	0000                	.insn	2, 0x
80007088:	001c                	.insn	2, 0x001c
8000708a:	0000                	.insn	2, 0x
8000708c:	0300                	.insn	2, 0x0300
8000708e:	0000                	.insn	2, 0x
80007090:	000000db          	.insn	4, 0x00db
80007094:	017e                	.insn	2, 0x017e
80007096:	0000                	.insn	2, 0x
80007098:	01f8                	.insn	2, 0x01f8
8000709a:	0000                	.insn	2, 0x
8000709c:	00000373          	.insn	4, 0x0373
800070a0:	000a                	.insn	2, 0x000a
800070a2:	0000                	.insn	2, 0x
800070a4:	02cc                	.insn	2, 0x02cc
800070a6:	0000                	.insn	2, 0x
800070a8:	0000030f          	.insn	4, 0x030f
800070ac:	00f1                	.insn	2, 0x00f1
800070ae:	0000                	.insn	2, 0x
800070b0:	00000207          	.insn	4, 0x0207
800070b4:	0240                	.insn	2, 0x0240
800070b6:	0000                	.insn	2, 0x
800070b8:	037c                	.insn	2, 0x037c
800070ba:	0000                	.insn	2, 0x
800070bc:	0174                	.insn	2, 0x0174
800070be:	0000                	.insn	2, 0x
800070c0:	00f1                	.insn	2, 0x00f1
800070c2:	0000                	.insn	2, 0x
800070c4:	000000ef          	jal	800070c4 <input_data+0x38e8>
800070c8:	000001a3          	sb	zero,3(zero) # 3 <buf.2+0x3>
800070cc:	03b0                	.insn	2, 0x03b0
800070ce:	0000                	.insn	2, 0x
800070d0:	01d1                	.insn	2, 0x01d1
800070d2:	0000                	.insn	2, 0x
800070d4:	0069                	.insn	2, 0x0069
800070d6:	0000                	.insn	2, 0x
800070d8:	024a                	.insn	2, 0x024a
800070da:	0000                	.insn	2, 0x
800070dc:	01d2                	.insn	2, 0x01d2
800070de:	0000                	.insn	2, 0x
800070e0:	00ea                	.insn	2, 0x00ea
800070e2:	0000                	.insn	2, 0x
800070e4:	0036                	.insn	2, 0x0036
800070e6:	0000                	.insn	2, 0x
800070e8:	00c2                	.insn	2, 0x00c2
800070ea:	0000                	.insn	2, 0x
800070ec:	00ad                	.insn	2, 0x00ad
800070ee:	0000                	.insn	2, 0x
800070f0:	0341                	.insn	2, 0x0341
800070f2:	0000                	.insn	2, 0x
800070f4:	0289                	.insn	2, 0x0289
800070f6:	0000                	.insn	2, 0x
800070f8:	0230                	.insn	2, 0x0230
800070fa:	0000                	.insn	2, 0x
800070fc:	0182                	.insn	2, 0x0182
800070fe:	0000                	.insn	2, 0x
80007100:	024d                	.insn	2, 0x024d
80007102:	0000                	.insn	2, 0x
80007104:	000003d7          	.insn	4, 0x03d7
80007108:	02b4                	.insn	2, 0x02b4
8000710a:	0000                	.insn	2, 0x
8000710c:	028c                	.insn	2, 0x028c
8000710e:	0000                	.insn	2, 0x
80007110:	0065                	.insn	2, 0x0065
80007112:	0000                	.insn	2, 0x
80007114:	014c                	.insn	2, 0x014c
80007116:	0000                	.insn	2, 0x
80007118:	0316                	.insn	2, 0x0316
8000711a:	0000                	.insn	2, 0x
8000711c:	0280                	.insn	2, 0x0280
8000711e:	0000                	.insn	2, 0x
80007120:	0032                	.insn	2, 0x0032
80007122:	0000                	.insn	2, 0x
80007124:	00000043          	.insn	4, 0x0043
80007128:	018d                	.insn	2, 0x018d
8000712a:	0000                	.insn	2, 0x
8000712c:	0305                	.insn	2, 0x0305
8000712e:	0000                	.insn	2, 0x
80007130:	02bc                	.insn	2, 0x02bc
80007132:	0000                	.insn	2, 0x
80007134:	011a                	.insn	2, 0x011a
80007136:	0000                	.insn	2, 0x
80007138:	000002b3          	add	t0,zero,zero
8000713c:	02d8                	.insn	2, 0x02d8
8000713e:	0000                	.insn	2, 0x
80007140:	000002a3          	sb	zero,5(zero) # 5 <buf.2+0x5>
80007144:	000002c7          	.insn	4, 0x02c7
80007148:	00000277          	.insn	4, 0x0277
8000714c:	0051                	.insn	2, 0x0051
8000714e:	0000                	.insn	2, 0x
80007150:	0314                	.insn	2, 0x0314
80007152:	0000                	.insn	2, 0x
80007154:	0364                	.insn	2, 0x0364
80007156:	0000                	.insn	2, 0x
80007158:	026a                	.insn	2, 0x026a
8000715a:	0000                	.insn	2, 0x
8000715c:	0000027b          	.insn	4, 0x027b
80007160:	0109                	.insn	2, 0x0109
80007162:	0000                	.insn	2, 0x
80007164:	037c                	.insn	2, 0x037c
80007166:	0000                	.insn	2, 0x
80007168:	0269                	.insn	2, 0x0269
8000716a:	0000                	.insn	2, 0x
8000716c:	0000000b          	.insn	4, 0x000b
80007170:	02fc                	.insn	2, 0x02fc
80007172:	0000                	.insn	2, 0x
80007174:	0270                	.insn	2, 0x0270
80007176:	0000                	.insn	2, 0x
80007178:	03de                	.insn	2, 0x03de
8000717a:	0000                	.insn	2, 0x
8000717c:	0261                	.insn	2, 0x0261
8000717e:	0000                	.insn	2, 0x
80007180:	003a                	.insn	2, 0x003a
80007182:	0000                	.insn	2, 0x
80007184:	00000267          	jalr	tp,zero # 0 <buf.2>
80007188:	030d                	.insn	2, 0x030d
8000718a:	0000                	.insn	2, 0x
8000718c:	01e0                	.insn	2, 0x01e0
8000718e:	0000                	.insn	2, 0x
80007190:	000003ab          	.insn	4, 0x03ab
80007194:	01cd                	.insn	2, 0x01cd
80007196:	0000                	.insn	2, 0x
80007198:	00000263          	beqz	zero,8000719c <input_data+0x39c0>
8000719c:	000000a3          	sb	zero,1(zero) # 1 <buf.2+0x1>
800071a0:	00b8                	.insn	2, 0x00b8
800071a2:	0000                	.insn	2, 0x
800071a4:	01d1                	.insn	2, 0x01d1
800071a6:	0000                	.insn	2, 0x
800071a8:	013a                	.insn	2, 0x013a
800071aa:	0000                	.insn	2, 0x
800071ac:	01d6                	.insn	2, 0x01d6
800071ae:	0000                	.insn	2, 0x
800071b0:	02ba                	.insn	2, 0x02ba
800071b2:	0000                	.insn	2, 0x
800071b4:	0000026b          	.insn	4, 0x026b
800071b8:	0315                	.insn	2, 0x0315
800071ba:	0000                	.insn	2, 0x
800071bc:	0075                	.insn	2, 0x0075
800071be:	0000                	.insn	2, 0x
800071c0:	00000003          	lb	zero,0(zero) # 0 <buf.2>
800071c4:	00000137          	lui	sp,0x0
800071c8:	01c8                	.insn	2, 0x01c8
800071ca:	0000                	.insn	2, 0x
800071cc:	00ba                	.insn	2, 0x00ba
800071ce:	0000                	.insn	2, 0x
800071d0:	000000cb          	.insn	4, 0x00cb
800071d4:	02d1                	.insn	2, 0x02d1
800071d6:	0000                	.insn	2, 0x
800071d8:	03a4                	.insn	2, 0x03a4
800071da:	0000                	.insn	2, 0x
800071dc:	0300                	.insn	2, 0x0300
800071de:	0000                	.insn	2, 0x
800071e0:	01f6                	.insn	2, 0x01f6
800071e2:	0000                	.insn	2, 0x
800071e4:	0000008f          	.insn	4, 0x008f
800071e8:	0388                	.insn	2, 0x0388
800071ea:	0000                	.insn	2, 0x
800071ec:	02da                	.insn	2, 0x02da
800071ee:	0000                	.insn	2, 0x
800071f0:	00c9                	.insn	2, 0x00c9
800071f2:	0000                	.insn	2, 0x
800071f4:	000001a7          	.insn	4, 0x01a7
800071f8:	01a1                	.insn	2, 0x01a1
800071fa:	0000                	.insn	2, 0x
800071fc:	000003b3          	add	t2,zero,zero
80007200:	009a                	.insn	2, 0x009a
80007202:	0000                	.insn	2, 0x
80007204:	0238                	.insn	2, 0x0238
80007206:	0000                	.insn	2, 0x
80007208:	0105                	.insn	2, 0x0105
8000720a:	0000                	.insn	2, 0x
8000720c:	01d9                	.insn	2, 0x01d9
8000720e:	0000                	.insn	2, 0x
80007210:	00000307          	.insn	4, 0x0307
80007214:	017c                	.insn	2, 0x017c
80007216:	0000                	.insn	2, 0x
80007218:	00000267          	jalr	tp,zero # 0 <buf.2>
8000721c:	0312                	.insn	2, 0x0312
8000721e:	0000                	.insn	2, 0x
80007220:	00c1                	.insn	2, 0x00c1
80007222:	0000                	.insn	2, 0x
80007224:	02c6                	.insn	2, 0x02c6
80007226:	0000                	.insn	2, 0x
80007228:	01bd                	.insn	2, 0x01bd
8000722a:	0000                	.insn	2, 0x
8000722c:	01d5                	.insn	2, 0x01d5
8000722e:	0000                	.insn	2, 0x
80007230:	000003af          	.insn	4, 0x03af
80007234:	02d9                	.insn	2, 0x02d9
80007236:	0000                	.insn	2, 0x
80007238:	00cc                	.insn	2, 0x00cc
8000723a:	0000                	.insn	2, 0x
8000723c:	0234                	.insn	2, 0x0234
8000723e:	0000                	.insn	2, 0x
80007240:	0075                	.insn	2, 0x0075
80007242:	0000                	.insn	2, 0x
80007244:	008e                	.insn	2, 0x008e
80007246:	0000                	.insn	2, 0x
80007248:	0238                	.insn	2, 0x0238
8000724a:	0000                	.insn	2, 0x
8000724c:	0156                	.insn	2, 0x0156
8000724e:	0000                	.insn	2, 0x
80007250:	0356                	.insn	2, 0x0356
80007252:	0000                	.insn	2, 0x
80007254:	0316                	.insn	2, 0x0316
80007256:	0000                	.insn	2, 0x
80007258:	03d8                	.insn	2, 0x03d8
8000725a:	0000                	.insn	2, 0x
8000725c:	0338                	.insn	2, 0x0338
8000725e:	0000                	.insn	2, 0x
80007260:	0129                	.insn	2, 0x0129
80007262:	0000                	.insn	2, 0x
80007264:	03d6                	.insn	2, 0x03d6
80007266:	0000                	.insn	2, 0x
80007268:	0342                	.insn	2, 0x0342
8000726a:	0000                	.insn	2, 0x
8000726c:	0015                	.insn	2, 0x0015
8000726e:	0000                	.insn	2, 0x
80007270:	03b0                	.insn	2, 0x03b0
80007272:	0000                	.insn	2, 0x
80007274:	01e2                	.insn	2, 0x01e2
80007276:	0000                	.insn	2, 0x
80007278:	000002f7          	.insn	4, 0x02f7
8000727c:	0138                	.insn	2, 0x0138
8000727e:	0000                	.insn	2, 0x
80007280:	0002                	.insn	2, 0x0002
80007282:	0000                	.insn	2, 0x
80007284:	0200                	.insn	2, 0x0200
80007286:	0000                	.insn	2, 0x
80007288:	00000293          	li	t0,0
8000728c:	00000257          	.insn	4, 0x0257
80007290:	035c                	.insn	2, 0x035c
80007292:	0000                	.insn	2, 0x
80007294:	00000323          	sb	zero,6(zero) # 6 <buf.2+0x6>
80007298:	0004                	.insn	2, 0x0004
8000729a:	0000                	.insn	2, 0x
8000729c:	03c1                	.insn	2, 0x03c1
8000729e:	0000                	.insn	2, 0x
800072a0:	0316                	.insn	2, 0x0316
800072a2:	0000                	.insn	2, 0x
800072a4:	01ca                	.insn	2, 0x01ca
800072a6:	0000                	.insn	2, 0x
800072a8:	016a                	.insn	2, 0x016a
800072aa:	0000                	.insn	2, 0x
800072ac:	017c                	.insn	2, 0x017c
800072ae:	0000                	.insn	2, 0x
800072b0:	005a                	.insn	2, 0x005a
800072b2:	0000                	.insn	2, 0x
800072b4:	00000303          	lb	t1,0(zero) # 0 <buf.2>
800072b8:	0185                	.insn	2, 0x0185
800072ba:	0000                	.insn	2, 0x
800072bc:	00000123          	sb	zero,2(zero) # 2 <buf.2+0x2>
800072c0:	00d1                	.insn	2, 0x00d1
800072c2:	0000                	.insn	2, 0x
800072c4:	0276                	.insn	2, 0x0276
800072c6:	0000                	.insn	2, 0x
800072c8:	01b8                	.insn	2, 0x01b8
800072ca:	0000                	.insn	2, 0x
800072cc:	034d                	.insn	2, 0x034d
800072ce:	0000                	.insn	2, 0x
800072d0:	00ff 0000 01b3 0000 	.insn	10, 0x0226000001b3000000ff
800072d8:	0226 
800072da:	0000                	.insn	2, 0x
800072dc:	00000047          	.insn	4, 0x0047
800072e0:	039d                	.insn	2, 0x039d
800072e2:	0000                	.insn	2, 0x
800072e4:	02dd                	.insn	2, 0x02dd
800072e6:	0000                	.insn	2, 0x
800072e8:	00000293          	li	t0,0
800072ec:	00000383          	lb	t2,0(zero) # 0 <buf.2>
800072f0:	0302                	.insn	2, 0x0302
800072f2:	0000                	.insn	2, 0x
800072f4:	0392                	.insn	2, 0x0392
800072f6:	0000                	.insn	2, 0x
800072f8:	00000317          	auipc	t1,0x0
800072fc:	003c                	.insn	2, 0x003c
800072fe:	0000                	.insn	2, 0x
80007300:	03e1                	.insn	2, 0x03e1
80007302:	0000                	.insn	2, 0x
80007304:	03d8                	.insn	2, 0x03d8
80007306:	0000                	.insn	2, 0x
80007308:	000003bb          	.insn	4, 0x03bb
8000730c:	00f4                	.insn	2, 0x00f4
8000730e:	0000                	.insn	2, 0x
80007310:	00000037          	lui	zero,0x0
80007314:	000003a7          	.insn	4, 0x03a7
80007318:	036d                	.insn	2, 0x036d
8000731a:	0000                	.insn	2, 0x
8000731c:	03c0                	.insn	2, 0x03c0
8000731e:	0000                	.insn	2, 0x
80007320:	02c4                	.insn	2, 0x02c4
80007322:	0000                	.insn	2, 0x
80007324:	0274                	.insn	2, 0x0274
80007326:	0000                	.insn	2, 0x
80007328:	0176                	.insn	2, 0x0176
8000732a:	0000                	.insn	2, 0x
8000732c:	0090                	.insn	2, 0x0090
8000732e:	0000                	.insn	2, 0x
80007330:	00000367          	jalr	t1,zero # 0 <buf.2>
80007334:	0008                	.insn	2, 0x0008
80007336:	0000                	.insn	2, 0x
80007338:	00000197          	auipc	gp,0x0
8000733c:	01b6                	.insn	2, 0x01b6
8000733e:	0000                	.insn	2, 0x
80007340:	0000024f          	.insn	4, 0x024f
80007344:	024e                	.insn	2, 0x024e
80007346:	0000                	.insn	2, 0x
80007348:	007c                	.insn	2, 0x007c
8000734a:	0000                	.insn	2, 0x
8000734c:	00a4                	.insn	2, 0x00a4
8000734e:	0000                	.insn	2, 0x
80007350:	0192                	.insn	2, 0x0192
80007352:	0000                	.insn	2, 0x
80007354:	000000c3          	.insn	4, 0x00c3
80007358:	02f5                	.insn	2, 0x02f5
8000735a:	0000                	.insn	2, 0x
8000735c:	00f2                	.insn	2, 0x00f2
8000735e:	0000                	.insn	2, 0x
80007360:	000001b3          	add	gp,zero,zero
80007364:	00ee                	.insn	2, 0x00ee
80007366:	0000                	.insn	2, 0x
80007368:	0088                	.insn	2, 0x0088
8000736a:	0000                	.insn	2, 0x
8000736c:	000002a3          	sb	zero,5(zero) # 5 <buf.2+0x5>
80007370:	0239                	.insn	2, 0x0239
80007372:	0000                	.insn	2, 0x
80007374:	000001c7          	.insn	4, 0x01c7
80007378:	0030                	.insn	2, 0x0030
8000737a:	0000                	.insn	2, 0x
8000737c:	03d8                	.insn	2, 0x03d8
8000737e:	0000                	.insn	2, 0x
80007380:	03aa                	.insn	2, 0x03aa
80007382:	0000                	.insn	2, 0x
80007384:	02cd                	.insn	2, 0x02cd
80007386:	0000                	.insn	2, 0x
80007388:	017d                	.insn	2, 0x017d
8000738a:	0000                	.insn	2, 0x
8000738c:	0052                	.insn	2, 0x0052
8000738e:	0000                	.insn	2, 0x
80007390:	0308                	.insn	2, 0x0308
80007392:	0000                	.insn	2, 0x
80007394:	00000253          	.insn	4, 0x0253
80007398:	0045                	.insn	2, 0x0045
8000739a:	0000                	.insn	2, 0x
8000739c:	0070                	.insn	2, 0x0070
8000739e:	0000                	.insn	2, 0x
800073a0:	01a5                	.insn	2, 0x01a5
800073a2:	0000                	.insn	2, 0x
800073a4:	0169                	.insn	2, 0x0169
800073a6:	0000                	.insn	2, 0x
800073a8:	0272                	.insn	2, 0x0272
800073aa:	0000                	.insn	2, 0x
800073ac:	000002cf          	.insn	4, 0x02cf
800073b0:	0298                	.insn	2, 0x0298
800073b2:	0000                	.insn	2, 0x
800073b4:	00fd                	.insn	2, 0x00fd
800073b6:	0000                	.insn	2, 0x
800073b8:	02b6                	.insn	2, 0x02b6
800073ba:	0000                	.insn	2, 0x
800073bc:	03b0                	.insn	2, 0x03b0
800073be:	0000                	.insn	2, 0x
800073c0:	0119                	.insn	2, 0x0119
800073c2:	0000                	.insn	2, 0x
800073c4:	000001c3          	.insn	4, 0x01c3
800073c8:	00c4                	.insn	2, 0x00c4
800073ca:	0000                	.insn	2, 0x
800073cc:	0159                	.insn	2, 0x0159
800073ce:	0000                	.insn	2, 0x
800073d0:	000002bb          	.insn	4, 0x02bb
800073d4:	02d1                	.insn	2, 0x02d1
800073d6:	0000                	.insn	2, 0x
800073d8:	033d                	.insn	2, 0x033d
800073da:	0000                	.insn	2, 0x
800073dc:	01d5                	.insn	2, 0x01d5
800073de:	0000                	.insn	2, 0x
800073e0:	0170                	.insn	2, 0x0170
800073e2:	0000                	.insn	2, 0x
800073e4:	0014                	.insn	2, 0x0014
800073e6:	0000                	.insn	2, 0x
800073e8:	0339                	.insn	2, 0x0339
800073ea:	0000                	.insn	2, 0x
800073ec:	03da                	.insn	2, 0x03da
800073ee:	0000                	.insn	2, 0x
800073f0:	01b4                	.insn	2, 0x01b4
800073f2:	0000                	.insn	2, 0x
800073f4:	0028                	.insn	2, 0x0028
800073f6:	0000                	.insn	2, 0x
800073f8:	0241                	.insn	2, 0x0241
800073fa:	0000                	.insn	2, 0x
800073fc:	02be                	.insn	2, 0x02be
800073fe:	0000                	.insn	2, 0x
80007400:	000000c7          	.insn	4, 0x00c7
80007404:	00000193          	li	gp,0
80007408:	0000026f          	jal	tp,80007408 <input_data+0x3c2c>
8000740c:	0000028f          	.insn	4, 0x028f
80007410:	0021                	.insn	2, 0x0021
80007412:	0000                	.insn	2, 0x
80007414:	0241                	.insn	2, 0x0241
80007416:	0000                	.insn	2, 0x
80007418:	039f 0000 0030      	.insn	6, 0x00300000039f
8000741e:	0000                	.insn	2, 0x
80007420:	03e1                	.insn	2, 0x03e1
80007422:	0000                	.insn	2, 0x
80007424:	00000013          	nop
80007428:	02e5                	.insn	2, 0x02e5
8000742a:	0000                	.insn	2, 0x
8000742c:	0000006b          	.insn	4, 0x006b
80007430:	00dd                	.insn	2, 0x00dd
80007432:	0000                	.insn	2, 0x
80007434:	00c1                	.insn	2, 0x00c1
80007436:	0000                	.insn	2, 0x
80007438:	03a4                	.insn	2, 0x03a4
8000743a:	0000                	.insn	2, 0x
8000743c:	0046                	.insn	2, 0x0046
8000743e:	0000                	.insn	2, 0x
80007440:	0340                	.insn	2, 0x0340
80007442:	0000                	.insn	2, 0x
80007444:	00ac                	.insn	2, 0x00ac
80007446:	0000                	.insn	2, 0x
80007448:	00000163          	beqz	zero,8000744a <input_data+0x3c6e>
8000744c:	018c                	.insn	2, 0x018c
8000744e:	0000                	.insn	2, 0x
80007450:	00d2                	.insn	2, 0x00d2
80007452:	0000                	.insn	2, 0x
80007454:	000000bf 00000036 	.insn	8, 0x0036000000bf
8000745c:	01dd                	.insn	2, 0x01dd
8000745e:	0000                	.insn	2, 0x
80007460:	035d                	.insn	2, 0x035d
80007462:	0000                	.insn	2, 0x
80007464:	000002f3          	.insn	4, 0x02f3
80007468:	00c6                	.insn	2, 0x00c6
8000746a:	0000                	.insn	2, 0x
8000746c:	01b2                	.insn	2, 0x01b2
8000746e:	0000                	.insn	2, 0x
80007470:	000000c7          	.insn	4, 0x00c7
80007474:	01e1                	.insn	2, 0x01e1
80007476:	0000                	.insn	2, 0x
80007478:	0034                	.insn	2, 0x0034
8000747a:	0000                	.insn	2, 0x
8000747c:	03a0                	.insn	2, 0x03a0
8000747e:	0000                	.insn	2, 0x
80007480:	0000015b          	.insn	4, 0x015b
80007484:	00000173          	.insn	4, 0x0173
80007488:	03b5                	.insn	2, 0x03b5
8000748a:	0000                	.insn	2, 0x
8000748c:	00a2                	.insn	2, 0x00a2
8000748e:	0000                	.insn	2, 0x
80007490:	0000000b          	.insn	4, 0x000b
80007494:	02f5                	.insn	2, 0x02f5
80007496:	0000                	.insn	2, 0x
80007498:	0251                	.insn	2, 0x0251
8000749a:	0000                	.insn	2, 0x
8000749c:	01d9                	.insn	2, 0x01d9
8000749e:	0000                	.insn	2, 0x
800074a0:	022e                	.insn	2, 0x022e
800074a2:	0000                	.insn	2, 0x
800074a4:	02e8                	.insn	2, 0x02e8
800074a6:	0000                	.insn	2, 0x
800074a8:	01ee                	.insn	2, 0x01ee
800074aa:	0000                	.insn	2, 0x
800074ac:	00cc                	.insn	2, 0x00cc
800074ae:	0000                	.insn	2, 0x
800074b0:	0071                	.insn	2, 0x0071
800074b2:	0000                	.insn	2, 0x
800074b4:	0035                	.insn	2, 0x0035
800074b6:	0000                	.insn	2, 0x
800074b8:	01ff 0000 0038 0000 	.insn	10, 0x039c00000038000001ff
800074c0:	039c 
800074c2:	0000                	.insn	2, 0x
800074c4:	0000013f 000000b9 	.insn	8, 0x00b90000013f
800074cc:	0066                	.insn	2, 0x0066
800074ce:	0000                	.insn	2, 0x
800074d0:	02c8                	.insn	2, 0x02c8
800074d2:	0000                	.insn	2, 0x
800074d4:	02d1                	.insn	2, 0x02d1
800074d6:	0000                	.insn	2, 0x
800074d8:	000001db          	.insn	4, 0x01db
800074dc:	0224                	.insn	2, 0x0224
800074de:	0000                	.insn	2, 0x
800074e0:	0272                	.insn	2, 0x0272
800074e2:	0000                	.insn	2, 0x
800074e4:	0222                	.insn	2, 0x0222
800074e6:	0000                	.insn	2, 0x
800074e8:	0004                	.insn	2, 0x0004
800074ea:	0000                	.insn	2, 0x
800074ec:	0118                	.insn	2, 0x0118
800074ee:	0000                	.insn	2, 0x
800074f0:	0374                	.insn	2, 0x0374
800074f2:	0000                	.insn	2, 0x
800074f4:	02fd                	.insn	2, 0x02fd
800074f6:	0000                	.insn	2, 0x
800074f8:	02c5                	.insn	2, 0x02c5
800074fa:	0000                	.insn	2, 0x
800074fc:	009f 0000 032b      	.insn	6, 0x032b0000009f
80007502:	0000                	.insn	2, 0x
80007504:	02c2                	.insn	2, 0x02c2
80007506:	0000                	.insn	2, 0x
80007508:	02dc                	.insn	2, 0x02dc
8000750a:	0000                	.insn	2, 0x
8000750c:	03b0                	.insn	2, 0x03b0
8000750e:	0000                	.insn	2, 0x
80007510:	02da                	.insn	2, 0x02da
80007512:	0000                	.insn	2, 0x
80007514:	01ad                	.insn	2, 0x01ad
80007516:	0000                	.insn	2, 0x
80007518:	00ed                	.insn	2, 0x00ed
8000751a:	0000                	.insn	2, 0x
8000751c:	03bc                	.insn	2, 0x03bc
8000751e:	0000                	.insn	2, 0x
80007520:	039c                	.insn	2, 0x039c
80007522:	0000                	.insn	2, 0x
80007524:	0000004b          	.insn	4, 0x004b
80007528:	0018                	.insn	2, 0x0018
8000752a:	0000                	.insn	2, 0x
8000752c:	03d9                	.insn	2, 0x03d9
8000752e:	0000                	.insn	2, 0x
80007530:	0165                	.insn	2, 0x0165
80007532:	0000                	.insn	2, 0x
80007534:	0000008f          	.insn	4, 0x008f
80007538:	0056                	.insn	2, 0x0056
8000753a:	0000                	.insn	2, 0x
8000753c:	01b8                	.insn	2, 0x01b8
8000753e:	0000                	.insn	2, 0x
80007540:	00d1                	.insn	2, 0x00d1
80007542:	0000                	.insn	2, 0x
80007544:	0346                	.insn	2, 0x0346
80007546:	0000                	.insn	2, 0x
80007548:	0240                	.insn	2, 0x0240
8000754a:	0000                	.insn	2, 0x
8000754c:	032d                	.insn	2, 0x032d
8000754e:	0000                	.insn	2, 0x
80007550:	0051                	.insn	2, 0x0051
80007552:	0000                	.insn	2, 0x
80007554:	0106                	.insn	2, 0x0106
80007556:	0000                	.insn	2, 0x
80007558:	0329                	.insn	2, 0x0329
8000755a:	0000                	.insn	2, 0x
8000755c:	02f9                	.insn	2, 0x02f9
8000755e:	0000                	.insn	2, 0x
80007560:	0136                	.insn	2, 0x0136
80007562:	0000                	.insn	2, 0x
80007564:	000001e3          	beqz	zero,80007d66 <_tbss_end+0x6a2>
80007568:	000001bf 000002e7 	.insn	8, 0x02e7000001bf
80007570:	00000277          	.insn	4, 0x0277
80007574:	01d0                	.insn	2, 0x01d0
80007576:	0000                	.insn	2, 0x
80007578:	0292                	.insn	2, 0x0292
8000757a:	0000                	.insn	2, 0x
8000757c:	00e9                	.insn	2, 0x00e9
8000757e:	0000                	.insn	2, 0x
80007580:	0000002b          	.insn	4, 0x002b
80007584:	00000117          	auipc	sp,0x0
80007588:	037d                	.insn	2, 0x037d
8000758a:	0000                	.insn	2, 0x
8000758c:	000000c7          	.insn	4, 0x00c7
80007590:	0112                	.insn	2, 0x0112
80007592:	0000                	.insn	2, 0x
80007594:	017c                	.insn	2, 0x017c
80007596:	0000                	.insn	2, 0x
80007598:	00000303          	lb	t1,0(zero) # 0 <buf.2>
8000759c:	00ed                	.insn	2, 0x00ed
8000759e:	0000                	.insn	2, 0x
800075a0:	0000032f          	.insn	4, 0x032f
800075a4:	0058                	.insn	2, 0x0058
800075a6:	0000                	.insn	2, 0x
800075a8:	0000004b          	.insn	4, 0x004b
800075ac:	0212                	.insn	2, 0x0212
800075ae:	0000                	.insn	2, 0x
800075b0:	02d9                	.insn	2, 0x02d9
800075b2:	0000                	.insn	2, 0x
800075b4:	02f9                	.insn	2, 0x02f9
800075b6:	0000                	.insn	2, 0x
800075b8:	02ea                	.insn	2, 0x02ea
800075ba:	0000                	.insn	2, 0x
800075bc:	01fa                	.insn	2, 0x01fa
800075be:	0000                	.insn	2, 0x
800075c0:	0384                	.insn	2, 0x0384
800075c2:	0000                	.insn	2, 0x
800075c4:	03d2                	.insn	2, 0x03d2
800075c6:	0000                	.insn	2, 0x
800075c8:	00000137          	lui	sp,0x0
800075cc:	02b6                	.insn	2, 0x02b6
800075ce:	0000                	.insn	2, 0x
800075d0:	01e0                	.insn	2, 0x01e0
800075d2:	0000                	.insn	2, 0x
800075d4:	01e0                	.insn	2, 0x01e0
800075d6:	0000                	.insn	2, 0x
800075d8:	0052                	.insn	2, 0x0052
800075da:	0000                	.insn	2, 0x
800075dc:	03e5                	.insn	2, 0x03e5
800075de:	0000                	.insn	2, 0x
800075e0:	02d9                	.insn	2, 0x02d9
800075e2:	0000                	.insn	2, 0x
800075e4:	001a                	.insn	2, 0x001a
800075e6:	0000                	.insn	2, 0x
800075e8:	00000273          	.insn	4, 0x0273
800075ec:	0172                	.insn	2, 0x0172
800075ee:	0000                	.insn	2, 0x
800075f0:	021c                	.insn	2, 0x021c
800075f2:	0000                	.insn	2, 0x
800075f4:	02ee                	.insn	2, 0x02ee
800075f6:	0000                	.insn	2, 0x
800075f8:	0018                	.insn	2, 0x0018
800075fa:	0000                	.insn	2, 0x
800075fc:	012c                	.insn	2, 0x012c
800075fe:	0000                	.insn	2, 0x
80007600:	0298                	.insn	2, 0x0298
80007602:	0000                	.insn	2, 0x
80007604:	00d4                	.insn	2, 0x00d4
80007606:	0000                	.insn	2, 0x
80007608:	02ee                	.insn	2, 0x02ee
8000760a:	0000                	.insn	2, 0x
8000760c:	0176                	.insn	2, 0x0176
8000760e:	0000                	.insn	2, 0x
80007610:	0048                	.insn	2, 0x0048
80007612:	0000                	.insn	2, 0x
80007614:	000000d3          	.insn	4, 0x00d3
80007618:	021c                	.insn	2, 0x021c
8000761a:	0000                	.insn	2, 0x
8000761c:	022a                	.insn	2, 0x022a
8000761e:	0000                	.insn	2, 0x
80007620:	00e6                	.insn	2, 0x00e6
80007622:	0000                	.insn	2, 0x
80007624:	026e                	.insn	2, 0x026e
80007626:	0000                	.insn	2, 0x
80007628:	030c                	.insn	2, 0x030c
8000762a:	0000                	.insn	2, 0x
8000762c:	016c                	.insn	2, 0x016c
8000762e:	0000                	.insn	2, 0x
80007630:	011c                	.insn	2, 0x011c
80007632:	0000                	.insn	2, 0x
80007634:	03ba                	.insn	2, 0x03ba
80007636:	0000                	.insn	2, 0x
80007638:	010a                	.insn	2, 0x010a
8000763a:	0000                	.insn	2, 0x
8000763c:	017e                	.insn	2, 0x017e
8000763e:	0000                	.insn	2, 0x
80007640:	0276                	.insn	2, 0x0276
80007642:	0000                	.insn	2, 0x
80007644:	0394                	.insn	2, 0x0394
80007646:	0000                	.insn	2, 0x
80007648:	0000012b          	.insn	4, 0x012b
8000764c:	038d                	.insn	2, 0x038d
8000764e:	0000                	.insn	2, 0x
80007650:	036d                	.insn	2, 0x036d
80007652:	0000                	.insn	2, 0x
80007654:	0088                	.insn	2, 0x0088
80007656:	0000                	.insn	2, 0x
80007658:	01e5                	.insn	2, 0x01e5
8000765a:	0000                	.insn	2, 0x
