
qsort.riscv:     file format elf32-littleriscv


Disassembly of section .text.init:

80000000 <_start>:
80000000:	00000093          	li	ra,0
80000004:	00000113          	li	sp,0
80000008:	00000193          	li	gp,0
8000000c:	00000213          	li	tp,0
80000010:	00000293          	li	t0,0
80000014:	00000313          	li	t1,0
80000018:	00000393          	li	t2,0
8000001c:	00000413          	li	s0,0
80000020:	00000493          	li	s1,0
80000024:	00000513          	li	a0,0
80000028:	00000593          	li	a1,0
8000002c:	00000613          	li	a2,0
80000030:	00000693          	li	a3,0
80000034:	00000713          	li	a4,0
80000038:	00000793          	li	a5,0
8000003c:	00000813          	li	a6,0
80000040:	00000893          	li	a7,0
80000044:	00000913          	li	s2,0
80000048:	00000993          	li	s3,0
8000004c:	00000a13          	li	s4,0
80000050:	00000a93          	li	s5,0
80000054:	00000b13          	li	s6,0
80000058:	00000b93          	li	s7,0
8000005c:	00000c13          	li	s8,0
80000060:	00000c93          	li	s9,0
80000064:	00000d13          	li	s10,0
80000068:	00000d93          	li	s11,0
8000006c:	00000e13          	li	t3,0
80000070:	00000e93          	li	t4,0
80000074:	00000f13          	li	t5,0
80000078:	00000f93          	li	t6,0
8000007c:	0181e2b7          	lui	t0,0x181e
80000080:	3002a073          	csrs	mstatus,t0
80000084:	00100293          	li	t0,1
80000088:	01f29293          	slli	t0,t0,0x1f
8000008c:	0002ca63          	bltz	t0,800000a0 <_start+0xa0>
80000090:	00100513          	li	a0,1
80000094:	00001297          	auipc	t0,0x1
80000098:	f6a2a623          	sw	a0,-148(t0) # 80001000 <tohost>
8000009c:	ff5ff06f          	j	80000090 <_start+0x90>
800000a0:	00000297          	auipc	t0,0x0
800000a4:	04028293          	addi	t0,t0,64 # 800000e0 <trap_entry>
800000a8:	30529073          	csrw	mtvec,t0
800000ac:	00008197          	auipc	gp,0x8
800000b0:	0ac18193          	addi	gp,gp,172 # 80008158 <__global_pointer$>
800000b4:	86718213          	addi	tp,gp,-1945 # 800079bf <_end+0x3f>
800000b8:	fc027213          	andi	tp,tp,-64
800000bc:	f1402573          	csrr	a0,mhartid
800000c0:	00100593          	li	a1,1
800000c4:	00b57063          	bgeu	a0,a1,800000c4 <_start+0xc4>
800000c8:	00150113          	addi	sp,a0,1
800000cc:	01111113          	slli	sp,sp,0x11
800000d0:	00410133          	add	sp,sp,tp
800000d4:	01151613          	slli	a2,a0,0x11
800000d8:	00c20233          	add	tp,tp,a2
800000dc:	2c50206f          	j	80002ba0 <_init>

800000e0 <trap_entry>:
800000e0:	ef010113          	addi	sp,sp,-272
800000e4:	00112223          	sw	ra,4(sp)
800000e8:	00212423          	sw	sp,8(sp)
800000ec:	00312623          	sw	gp,12(sp)
800000f0:	00412823          	sw	tp,16(sp)
800000f4:	00512a23          	sw	t0,20(sp)
800000f8:	00612c23          	sw	t1,24(sp)
800000fc:	00712e23          	sw	t2,28(sp)
80000100:	02812023          	sw	s0,32(sp)
80000104:	02912223          	sw	s1,36(sp)
80000108:	02a12423          	sw	a0,40(sp)
8000010c:	02b12623          	sw	a1,44(sp)
80000110:	02c12823          	sw	a2,48(sp)
80000114:	02d12a23          	sw	a3,52(sp)
80000118:	02e12c23          	sw	a4,56(sp)
8000011c:	02f12e23          	sw	a5,60(sp)
80000120:	05012023          	sw	a6,64(sp)
80000124:	05112223          	sw	a7,68(sp)
80000128:	05212423          	sw	s2,72(sp)
8000012c:	05312623          	sw	s3,76(sp)
80000130:	05412823          	sw	s4,80(sp)
80000134:	05512a23          	sw	s5,84(sp)
80000138:	05612c23          	sw	s6,88(sp)
8000013c:	05712e23          	sw	s7,92(sp)
80000140:	07812023          	sw	s8,96(sp)
80000144:	07912223          	sw	s9,100(sp)
80000148:	07a12423          	sw	s10,104(sp)
8000014c:	07b12623          	sw	s11,108(sp)
80000150:	07c12823          	sw	t3,112(sp)
80000154:	07d12a23          	sw	t4,116(sp)
80000158:	07e12c23          	sw	t5,120(sp)
8000015c:	07f12e23          	sw	t6,124(sp)
80000160:	34202573          	csrr	a0,mcause
80000164:	341025f3          	csrr	a1,mepc
80000168:	00010613          	mv	a2,sp
8000016c:	6a4020ef          	jal	80002810 <handle_trap>
80000170:	34151073          	csrw	mepc,a0
80000174:	000022b7          	lui	t0,0x2
80000178:	80028293          	addi	t0,t0,-2048 # 1800 <buflen.1+0x17c0>
8000017c:	3002a073          	csrs	mstatus,t0
80000180:	00412083          	lw	ra,4(sp)
80000184:	00812103          	lw	sp,8(sp)
80000188:	00c12183          	lw	gp,12(sp)
8000018c:	01012203          	lw	tp,16(sp)
80000190:	01412283          	lw	t0,20(sp)
80000194:	01812303          	lw	t1,24(sp)
80000198:	01c12383          	lw	t2,28(sp)
8000019c:	02012403          	lw	s0,32(sp)
800001a0:	02412483          	lw	s1,36(sp)
800001a4:	02812503          	lw	a0,40(sp)
800001a8:	02c12583          	lw	a1,44(sp)
800001ac:	03012603          	lw	a2,48(sp)
800001b0:	03412683          	lw	a3,52(sp)
800001b4:	03812703          	lw	a4,56(sp)
800001b8:	03c12783          	lw	a5,60(sp)
800001bc:	04012803          	lw	a6,64(sp)
800001c0:	04412883          	lw	a7,68(sp)
800001c4:	04812903          	lw	s2,72(sp)
800001c8:	04c12983          	lw	s3,76(sp)
800001cc:	05012a03          	lw	s4,80(sp)
800001d0:	05412a83          	lw	s5,84(sp)
800001d4:	05812b03          	lw	s6,88(sp)
800001d8:	05c12b83          	lw	s7,92(sp)
800001dc:	06012c03          	lw	s8,96(sp)
800001e0:	06412c83          	lw	s9,100(sp)
800001e4:	06812d03          	lw	s10,104(sp)
800001e8:	06c12d83          	lw	s11,108(sp)
800001ec:	07012e03          	lw	t3,112(sp)
800001f0:	07412e83          	lw	t4,116(sp)
800001f4:	07812f03          	lw	t5,120(sp)
800001f8:	07c12f83          	lw	t6,124(sp)
800001fc:	11010113          	addi	sp,sp,272
80000200:	30200073          	mret

Disassembly of section .text:

80002000 <verify.constprop.0>:
80002000:	00050793          	mv	a5,a0
80002004:	00004717          	auipc	a4,0x4
80002008:	95470713          	addi	a4,a4,-1708 # 80005958 <input_data>
8000200c:	00000513          	li	a0,0
80002010:	00072603          	lw	a2,0(a4)
80002014:	0007a683          	lw	a3,0(a5)
80002018:	00472803          	lw	a6,4(a4)
8000201c:	0047a583          	lw	a1,4(a5)
80002020:	02d61263          	bne	a2,a3,80002044 <verify.constprop.0+0x44>
80002024:	00250513          	addi	a0,a0,2
80002028:	80050693          	addi	a3,a0,-2048
8000202c:	00b81a63          	bne	a6,a1,80002040 <verify.constprop.0+0x40>
80002030:	00870713          	addi	a4,a4,8
80002034:	00878793          	addi	a5,a5,8
80002038:	fc069ce3          	bnez	a3,80002010 <verify.constprop.0+0x10>
8000203c:	00000513          	li	a0,0
80002040:	00008067          	ret
80002044:	00150513          	addi	a0,a0,1
80002048:	00008067          	ret

8000204c <sort>:
8000204c:	f3010113          	addi	sp,sp,-208
80002050:	00251513          	slli	a0,a0,0x2
80002054:	00810f13          	addi	t5,sp,8
80002058:	40000fb7          	lui	t6,0x40000
8000205c:	00058e93          	mv	t4,a1
80002060:	00a588b3          	add	a7,a1,a0
80002064:	000f0313          	mv	t1,t5
80002068:	00458593          	addi	a1,a1,4
8000206c:	ffff8f93          	addi	t6,t6,-1 # 3fffffff <buflen.1+0x3fffffbf>
80002070:	02400e13          	li	t3,36
80002074:	40b887b3          	sub	a5,a7,a1
80002078:	04fe4863          	blt	t3,a5,800020c8 <sort+0x7c>
8000207c:	ffc58613          	addi	a2,a1,-4
80002080:	0315f863          	bgeu	a1,a7,800020b0 <sort+0x64>
80002084:	0005a683          	lw	a3,0(a1)
80002088:	00058793          	mv	a5,a1
8000208c:	0100006f          	j	8000209c <sort+0x50>
80002090:	00e7a023          	sw	a4,0(a5)
80002094:	ffc78793          	addi	a5,a5,-4
80002098:	00f60663          	beq	a2,a5,800020a4 <sort+0x58>
8000209c:	ffc7a703          	lw	a4,-4(a5)
800020a0:	fee6c8e3          	blt	a3,a4,80002090 <sort+0x44>
800020a4:	00d7a023          	sw	a3,0(a5)
800020a8:	00458593          	addi	a1,a1,4
800020ac:	fd15ece3          	bltu	a1,a7,80002084 <sort+0x38>
800020b0:	11e30c63          	beq	t1,t5,800021c8 <sort+0x17c>
800020b4:	00032883          	lw	a7,0(t1)
800020b8:	ffc32583          	lw	a1,-4(t1)
800020bc:	ff830313          	addi	t1,t1,-8
800020c0:	40b887b3          	sub	a5,a7,a1
800020c4:	fafe5ce3          	bge	t3,a5,8000207c <sort+0x30>
800020c8:	41d58733          	sub	a4,a1,t4
800020cc:	41d887b3          	sub	a5,a7,t4
800020d0:	4027d793          	srai	a5,a5,0x2
800020d4:	40275713          	srai	a4,a4,0x2
800020d8:	00f70733          	add	a4,a4,a5
800020dc:	01f75793          	srli	a5,a4,0x1f
800020e0:	00e787b3          	add	a5,a5,a4
800020e4:	4017d793          	srai	a5,a5,0x1
800020e8:	01f787b3          	add	a5,a5,t6
800020ec:	00279793          	slli	a5,a5,0x2
800020f0:	0005a703          	lw	a4,0(a1)
800020f4:	00fe87b3          	add	a5,t4,a5
800020f8:	0007a683          	lw	a3,0(a5)
800020fc:	00e7a023          	sw	a4,0(a5)
80002100:	ffc5a703          	lw	a4,-4(a1)
80002104:	00d5a023          	sw	a3,0(a1)
80002108:	ffc8a783          	lw	a5,-4(a7)
8000210c:	00e7da63          	bge	a5,a4,80002120 <sort+0xd4>
80002110:	fef5ae23          	sw	a5,-4(a1)
80002114:	fee8ae23          	sw	a4,-4(a7)
80002118:	0005a683          	lw	a3,0(a1)
8000211c:	00070793          	mv	a5,a4
80002120:	00d7d863          	bge	a5,a3,80002130 <sort+0xe4>
80002124:	00f5a023          	sw	a5,0(a1)
80002128:	fed8ae23          	sw	a3,-4(a7)
8000212c:	0005a683          	lw	a3,0(a1)
80002130:	ffc5a783          	lw	a5,-4(a1)
80002134:	00f6d863          	bge	a3,a5,80002144 <sort+0xf8>
80002138:	fed5ae23          	sw	a3,-4(a1)
8000213c:	00f5a023          	sw	a5,0(a1)
80002140:	00078693          	mv	a3,a5
80002144:	00458513          	addi	a0,a1,4
80002148:	00088793          	mv	a5,a7
8000214c:	00052803          	lw	a6,0(a0)
80002150:	00450513          	addi	a0,a0,4
80002154:	fed84ce3          	blt	a6,a3,8000214c <sort+0x100>
80002158:	00078613          	mv	a2,a5
8000215c:	ff87a703          	lw	a4,-8(a5)
80002160:	ffc78793          	addi	a5,a5,-4
80002164:	fee6cae3          	blt	a3,a4,80002158 <sort+0x10c>
80002168:	00a7e863          	bltu	a5,a0,80002178 <sort+0x12c>
8000216c:	fee52e23          	sw	a4,-4(a0)
80002170:	ff07ae23          	sw	a6,-4(a5)
80002174:	fd9ff06f          	j	8000214c <sort+0x100>
80002178:	40a88833          	sub	a6,a7,a0
8000217c:	00e5a023          	sw	a4,0(a1)
80002180:	40b782b3          	sub	t0,a5,a1
80002184:	40285713          	srai	a4,a6,0x2
80002188:	fed7ae23          	sw	a3,-4(a5)
8000218c:	00170793          	addi	a5,a4,1
80002190:	4022d693          	srai	a3,t0,0x2
80002194:	ff860613          	addi	a2,a2,-8
80002198:	00830713          	addi	a4,t1,8
8000219c:	00d7cc63          	blt	a5,a3,800021b4 <sort+0x168>
800021a0:	01132423          	sw	a7,8(t1)
800021a4:	00a32223          	sw	a0,4(t1)
800021a8:	00060893          	mv	a7,a2
800021ac:	00070313          	mv	t1,a4
800021b0:	ec5ff06f          	j	80002074 <sort+0x28>
800021b4:	00b32223          	sw	a1,4(t1)
800021b8:	00c32423          	sw	a2,8(t1)
800021bc:	00050593          	mv	a1,a0
800021c0:	00070313          	mv	t1,a4
800021c4:	eb1ff06f          	j	80002074 <sort+0x28>
800021c8:	0d010113          	addi	sp,sp,208
800021cc:	00008067          	ret

800021d0 <vprintfmt>:
800021d0:	eb010113          	addi	sp,sp,-336
800021d4:	14812423          	sw	s0,328(sp)
800021d8:	15212023          	sw	s2,320(sp)
800021dc:	13312e23          	sw	s3,316(sp)
800021e0:	13512a23          	sw	s5,308(sp)
800021e4:	14112623          	sw	ra,332(sp)
800021e8:	14912223          	sw	s1,324(sp)
800021ec:	13412c23          	sw	s4,312(sp)
800021f0:	13712623          	sw	s7,300(sp)
800021f4:	13812423          	sw	s8,296(sp)
800021f8:	13912223          	sw	s9,292(sp)
800021fc:	13a12023          	sw	s10,288(sp)
80002200:	00050993          	mv	s3,a0
80002204:	00058913          	mv	s2,a1
80002208:	00060413          	mv	s0,a2
8000220c:	00d12623          	sw	a3,12(sp)
80002210:	02500a93          	li	s5,37
80002214:	0140006f          	j	80002228 <vprintfmt+0x58>
80002218:	06050463          	beqz	a0,80002280 <vprintfmt+0xb0>
8000221c:	00090593          	mv	a1,s2
80002220:	00140413          	addi	s0,s0,1
80002224:	000980e7          	jalr	s3
80002228:	00044503          	lbu	a0,0(s0)
8000222c:	ff5516e3          	bne	a0,s5,80002218 <vprintfmt+0x48>
80002230:	00144683          	lbu	a3,1(s0)
80002234:	00140a13          	addi	s4,s0,1
80002238:	fff00493          	li	s1,-1
8000223c:	02000793          	li	a5,32
80002240:	000a0713          	mv	a4,s4
80002244:	00048c13          	mv	s8,s1
80002248:	00f12423          	sw	a5,8(sp)
8000224c:	00000593          	li	a1,0
80002250:	fdd68793          	addi	a5,a3,-35
80002254:	0ff7f793          	zext.b	a5,a5
80002258:	05500613          	li	a2,85
8000225c:	00170413          	addi	s0,a4,1
80002260:	06f66a63          	bltu	a2,a5,800022d4 <vprintfmt+0x104>
80002264:	00001617          	auipc	a2,0x1
80002268:	46060613          	addi	a2,a2,1120 # 800036c4 <main+0xdc>
8000226c:	00279793          	slli	a5,a5,0x2
80002270:	00c787b3          	add	a5,a5,a2
80002274:	0007a783          	lw	a5,0(a5)
80002278:	00c787b3          	add	a5,a5,a2
8000227c:	00078067          	jr	a5
80002280:	14c12083          	lw	ra,332(sp)
80002284:	14812403          	lw	s0,328(sp)
80002288:	14412483          	lw	s1,324(sp)
8000228c:	14012903          	lw	s2,320(sp)
80002290:	13c12983          	lw	s3,316(sp)
80002294:	13812a03          	lw	s4,312(sp)
80002298:	13412a83          	lw	s5,308(sp)
8000229c:	12c12b83          	lw	s7,300(sp)
800022a0:	12812c03          	lw	s8,296(sp)
800022a4:	12412c83          	lw	s9,292(sp)
800022a8:	12012d03          	lw	s10,288(sp)
800022ac:	15010113          	addi	sp,sp,336
800022b0:	00008067          	ret
800022b4:	00d12423          	sw	a3,8(sp)
800022b8:	00174683          	lbu	a3,1(a4)
800022bc:	05500613          	li	a2,85
800022c0:	00040713          	mv	a4,s0
800022c4:	fdd68793          	addi	a5,a3,-35
800022c8:	0ff7f793          	zext.b	a5,a5
800022cc:	00170413          	addi	s0,a4,1
800022d0:	f8f67ae3          	bgeu	a2,a5,80002264 <vprintfmt+0x94>
800022d4:	00090593          	mv	a1,s2
800022d8:	02500513          	li	a0,37
800022dc:	000980e7          	jalr	s3
800022e0:	000a0413          	mv	s0,s4
800022e4:	f45ff06f          	j	80002228 <vprintfmt+0x58>
800022e8:	00174603          	lbu	a2,1(a4)
800022ec:	00900513          	li	a0,9
800022f0:	fd068493          	addi	s1,a3,-48
800022f4:	fd060793          	addi	a5,a2,-48
800022f8:	00060693          	mv	a3,a2
800022fc:	00040713          	mv	a4,s0
80002300:	02f56663          	bltu	a0,a5,8000232c <vprintfmt+0x15c>
80002304:	00249793          	slli	a5,s1,0x2
80002308:	009787b3          	add	a5,a5,s1
8000230c:	00170713          	addi	a4,a4,1
80002310:	00179793          	slli	a5,a5,0x1
80002314:	00c787b3          	add	a5,a5,a2
80002318:	00074603          	lbu	a2,0(a4)
8000231c:	fd078493          	addi	s1,a5,-48
80002320:	fd060793          	addi	a5,a2,-48
80002324:	00060693          	mv	a3,a2
80002328:	fcf57ee3          	bgeu	a0,a5,80002304 <vprintfmt+0x134>
8000232c:	f20c52e3          	bgez	s8,80002250 <vprintfmt+0x80>
80002330:	00048c13          	mv	s8,s1
80002334:	fff00493          	li	s1,-1
80002338:	f19ff06f          	j	80002250 <vprintfmt+0x80>
8000233c:	00174683          	lbu	a3,1(a4)
80002340:	00040713          	mv	a4,s0
80002344:	f0dff06f          	j	80002250 <vprintfmt+0x80>
80002348:	00090593          	mv	a1,s2
8000234c:	02500513          	li	a0,37
80002350:	000980e7          	jalr	s3
80002354:	ed5ff06f          	j	80002228 <vprintfmt+0x58>
80002358:	00c12783          	lw	a5,12(sp)
8000235c:	00174683          	lbu	a3,1(a4)
80002360:	00040713          	mv	a4,s0
80002364:	0007a483          	lw	s1,0(a5)
80002368:	00478793          	addi	a5,a5,4
8000236c:	00f12623          	sw	a5,12(sp)
80002370:	fbdff06f          	j	8000232c <vprintfmt+0x15c>
80002374:	00090593          	mv	a1,s2
80002378:	03000513          	li	a0,48
8000237c:	13612823          	sw	s6,304(sp)
80002380:	000980e7          	jalr	s3
80002384:	00090593          	mv	a1,s2
80002388:	07800513          	li	a0,120
8000238c:	000980e7          	jalr	s3
80002390:	00c12783          	lw	a5,12(sp)
80002394:	01000b93          	li	s7,16
80002398:	00000d13          	li	s10,0
8000239c:	00478713          	addi	a4,a5,4
800023a0:	00c12783          	lw	a5,12(sp)
800023a4:	00000c93          	li	s9,0
800023a8:	0007a483          	lw	s1,0(a5)
800023ac:	00e12623          	sw	a4,12(sp)
800023b0:	000b8613          	mv	a2,s7
800023b4:	00000693          	li	a3,0
800023b8:	00048513          	mv	a0,s1
800023bc:	000c8593          	mv	a1,s9
800023c0:	649000ef          	jal	80003208 <__umoddi3>
800023c4:	00a12823          	sw	a0,16(sp)
800023c8:	279d0863          	beq	s10,s9,80002638 <vprintfmt+0x468>
800023cc:	11b12e23          	sw	s11,284(sp)
800023d0:	00100b13          	li	s6,1
800023d4:	01410d93          	addi	s11,sp,20
800023d8:	00048513          	mv	a0,s1
800023dc:	000c8593          	mv	a1,s9
800023e0:	000b8613          	mv	a2,s7
800023e4:	00000693          	li	a3,0
800023e8:	1f5000ef          	jal	80002ddc <__udivdi3>
800023ec:	000b8613          	mv	a2,s7
800023f0:	00000693          	li	a3,0
800023f4:	00050493          	mv	s1,a0
800023f8:	00058c93          	mv	s9,a1
800023fc:	60d000ef          	jal	80003208 <__umoddi3>
80002400:	00ada023          	sw	a0,0(s11)
80002404:	000b0a13          	mv	s4,s6
80002408:	004d8d93          	addi	s11,s11,4
8000240c:	001b0b13          	addi	s6,s6,1
80002410:	fd9d14e3          	bne	s10,s9,800023d8 <vprintfmt+0x208>
80002414:	fd74f2e3          	bgeu	s1,s7,800023d8 <vprintfmt+0x208>
80002418:	11c12d83          	lw	s11,284(sp)
8000241c:	fffc0b93          	addi	s7,s8,-1
80002420:	fffb0493          	addi	s1,s6,-1
80002424:	018b5c63          	bge	s6,s8,8000243c <vprintfmt+0x26c>
80002428:	00812503          	lw	a0,8(sp)
8000242c:	00090593          	mv	a1,s2
80002430:	fffb8b93          	addi	s7,s7,-1
80002434:	000980e7          	jalr	s3
80002438:	fe9b98e3          	bne	s7,s1,80002428 <vprintfmt+0x258>
8000243c:	002a1a13          	slli	s4,s4,0x2
80002440:	01010493          	addi	s1,sp,16
80002444:	01448a33          	add	s4,s1,s4
80002448:	00900b13          	li	s6,9
8000244c:	0080006f          	j	80002454 <vprintfmt+0x284>
80002450:	00078a13          	mv	s4,a5
80002454:	000a2783          	lw	a5,0(s4)
80002458:	03000513          	li	a0,48
8000245c:	00fb7463          	bgeu	s6,a5,80002464 <vprintfmt+0x294>
80002460:	05700513          	li	a0,87
80002464:	00a78533          	add	a0,a5,a0
80002468:	00090593          	mv	a1,s2
8000246c:	000980e7          	jalr	s3
80002470:	ffca0793          	addi	a5,s4,-4
80002474:	fd449ee3          	bne	s1,s4,80002450 <vprintfmt+0x280>
80002478:	13012b03          	lw	s6,304(sp)
8000247c:	dadff06f          	j	80002228 <vprintfmt+0x58>
80002480:	13612823          	sw	s6,304(sp)
80002484:	00100793          	li	a5,1
80002488:	1cb7c063          	blt	a5,a1,80002648 <vprintfmt+0x478>
8000248c:	00c12783          	lw	a5,12(sp)
80002490:	0007a483          	lw	s1,0(a5)
80002494:	00478793          	addi	a5,a5,4
80002498:	00f12623          	sw	a5,12(sp)
8000249c:	41f4dc93          	srai	s9,s1,0x1f
800024a0:	020cd063          	bgez	s9,800024c0 <vprintfmt+0x2f0>
800024a4:	00090593          	mv	a1,s2
800024a8:	02d00513          	li	a0,45
800024ac:	000980e7          	jalr	s3
800024b0:	00903733          	snez	a4,s1
800024b4:	419007b3          	neg	a5,s9
800024b8:	40e78cb3          	sub	s9,a5,a4
800024bc:	409004b3          	neg	s1,s1
800024c0:	00a00b93          	li	s7,10
800024c4:	00000d13          	li	s10,0
800024c8:	ee9ff06f          	j	800023b0 <vprintfmt+0x1e0>
800024cc:	00174683          	lbu	a3,1(a4)
800024d0:	00158593          	addi	a1,a1,1
800024d4:	00040713          	mv	a4,s0
800024d8:	d79ff06f          	j	80002250 <vprintfmt+0x80>
800024dc:	13612823          	sw	s6,304(sp)
800024e0:	01000b93          	li	s7,16
800024e4:	00000d13          	li	s10,0
800024e8:	00100793          	li	a5,1
800024ec:	12b7c663          	blt	a5,a1,80002618 <vprintfmt+0x448>
800024f0:	00c12783          	lw	a5,12(sp)
800024f4:	00478713          	addi	a4,a5,4
800024f8:	ea9ff06f          	j	800023a0 <vprintfmt+0x1d0>
800024fc:	00c12783          	lw	a5,12(sp)
80002500:	0007aa03          	lw	s4,0(a5)
80002504:	060a0a63          	beqz	s4,80002578 <vprintfmt+0x3a8>
80002508:	0d805663          	blez	s8,800025d4 <vprintfmt+0x404>
8000250c:	00812703          	lw	a4,8(sp)
80002510:	02d00793          	li	a5,45
80002514:	08f71063          	bne	a4,a5,80002594 <vprintfmt+0x3c4>
80002518:	000a4503          	lbu	a0,0(s4)
8000251c:	02050c63          	beqz	a0,80002554 <vprintfmt+0x384>
80002520:	13612823          	sw	s6,304(sp)
80002524:	fff00b13          	li	s6,-1
80002528:	0004c663          	bltz	s1,80002534 <vprintfmt+0x364>
8000252c:	fff48493          	addi	s1,s1,-1
80002530:	01648e63          	beq	s1,s6,8000254c <vprintfmt+0x37c>
80002534:	00090593          	mv	a1,s2
80002538:	000980e7          	jalr	s3
8000253c:	001a4503          	lbu	a0,1(s4)
80002540:	001a0a13          	addi	s4,s4,1
80002544:	fffc0c13          	addi	s8,s8,-1
80002548:	fe0510e3          	bnez	a0,80002528 <vprintfmt+0x358>
8000254c:	13012b03          	lw	s6,304(sp)
80002550:	01805c63          	blez	s8,80002568 <vprintfmt+0x398>
80002554:	00090593          	mv	a1,s2
80002558:	02000513          	li	a0,32
8000255c:	fffc0c13          	addi	s8,s8,-1
80002560:	000980e7          	jalr	s3
80002564:	fe0c18e3          	bnez	s8,80002554 <vprintfmt+0x384>
80002568:	00c12783          	lw	a5,12(sp)
8000256c:	00478793          	addi	a5,a5,4
80002570:	00f12623          	sw	a5,12(sp)
80002574:	cb5ff06f          	j	80002228 <vprintfmt+0x58>
80002578:	11805863          	blez	s8,80002688 <vprintfmt+0x4b8>
8000257c:	00812703          	lw	a4,8(sp)
80002580:	02d00793          	li	a5,45
80002584:	00001a17          	auipc	s4,0x1
80002588:	0fca0a13          	addi	s4,s4,252 # 80003680 <main+0x98>
8000258c:	02800513          	li	a0,40
80002590:	f8f708e3          	beq	a4,a5,80002520 <vprintfmt+0x350>
80002594:	000a0793          	mv	a5,s4
80002598:	009a06b3          	add	a3,s4,s1
8000259c:	00049863          	bnez	s1,800025ac <vprintfmt+0x3dc>
800025a0:	0200006f          	j	800025c0 <vprintfmt+0x3f0>
800025a4:	00178793          	addi	a5,a5,1
800025a8:	00d78663          	beq	a5,a3,800025b4 <vprintfmt+0x3e4>
800025ac:	0007c703          	lbu	a4,0(a5)
800025b0:	fe071ae3          	bnez	a4,800025a4 <vprintfmt+0x3d4>
800025b4:	414787b3          	sub	a5,a5,s4
800025b8:	40fc0c33          	sub	s8,s8,a5
800025bc:	01805c63          	blez	s8,800025d4 <vprintfmt+0x404>
800025c0:	00812503          	lw	a0,8(sp)
800025c4:	00090593          	mv	a1,s2
800025c8:	fffc0c13          	addi	s8,s8,-1
800025cc:	000980e7          	jalr	s3
800025d0:	fe0c18e3          	bnez	s8,800025c0 <vprintfmt+0x3f0>
800025d4:	000a4503          	lbu	a0,0(s4)
800025d8:	f80508e3          	beqz	a0,80002568 <vprintfmt+0x398>
800025dc:	13612823          	sw	s6,304(sp)
800025e0:	f45ff06f          	j	80002524 <vprintfmt+0x354>
800025e4:	fffc4793          	not	a5,s8
800025e8:	41f7d793          	srai	a5,a5,0x1f
800025ec:	00174683          	lbu	a3,1(a4)
800025f0:	00fc7c33          	and	s8,s8,a5
800025f4:	00040713          	mv	a4,s0
800025f8:	c59ff06f          	j	80002250 <vprintfmt+0x80>
800025fc:	00c12783          	lw	a5,12(sp)
80002600:	00090593          	mv	a1,s2
80002604:	0007a503          	lw	a0,0(a5)
80002608:	00478493          	addi	s1,a5,4
8000260c:	000980e7          	jalr	s3
80002610:	00912623          	sw	s1,12(sp)
80002614:	c15ff06f          	j	80002228 <vprintfmt+0x58>
80002618:	00c12783          	lw	a5,12(sp)
8000261c:	00778793          	addi	a5,a5,7
80002620:	ff87f793          	andi	a5,a5,-8
80002624:	00878713          	addi	a4,a5,8
80002628:	0007a483          	lw	s1,0(a5)
8000262c:	0047ac83          	lw	s9,4(a5)
80002630:	00e12623          	sw	a4,12(sp)
80002634:	d7dff06f          	j	800023b0 <vprintfmt+0x1e0>
80002638:	d974fae3          	bgeu	s1,s7,800023cc <vprintfmt+0x1fc>
8000263c:	00000a13          	li	s4,0
80002640:	00100b13          	li	s6,1
80002644:	dd9ff06f          	j	8000241c <vprintfmt+0x24c>
80002648:	00c12783          	lw	a5,12(sp)
8000264c:	00778793          	addi	a5,a5,7
80002650:	ff87f793          	andi	a5,a5,-8
80002654:	00878713          	addi	a4,a5,8
80002658:	0007a483          	lw	s1,0(a5)
8000265c:	0047ac83          	lw	s9,4(a5)
80002660:	00e12623          	sw	a4,12(sp)
80002664:	e3dff06f          	j	800024a0 <vprintfmt+0x2d0>
80002668:	13612823          	sw	s6,304(sp)
8000266c:	00a00b93          	li	s7,10
80002670:	00000d13          	li	s10,0
80002674:	e75ff06f          	j	800024e8 <vprintfmt+0x318>
80002678:	13612823          	sw	s6,304(sp)
8000267c:	00800b93          	li	s7,8
80002680:	00000d13          	li	s10,0
80002684:	e65ff06f          	j	800024e8 <vprintfmt+0x318>
80002688:	13612823          	sw	s6,304(sp)
8000268c:	00001a17          	auipc	s4,0x1
80002690:	ff4a0a13          	addi	s4,s4,-12 # 80003680 <main+0x98>
80002694:	02800513          	li	a0,40
80002698:	fff00b13          	li	s6,-1
8000269c:	e8dff06f          	j	80002528 <vprintfmt+0x358>

800026a0 <sprintf_putch.0>:
800026a0:	0005a783          	lw	a5,0(a1)
800026a4:	00a78023          	sb	a0,0(a5)
800026a8:	0005a783          	lw	a5,0(a1)
800026ac:	00178793          	addi	a5,a5,1
800026b0:	00f5a023          	sw	a5,0(a1)
800026b4:	00008067          	ret

800026b8 <putchar>:
800026b8:	04022783          	lw	a5,64(tp) # 40 <buflen.1>
800026bc:	00020713          	mv	a4,tp
800026c0:	f8010113          	addi	sp,sp,-128
800026c4:	00f70733          	add	a4,a4,a5
800026c8:	00178793          	addi	a5,a5,1
800026cc:	00a70023          	sb	a0,0(a4)
800026d0:	04f22023          	sw	a5,64(tp) # 40 <buflen.1>
800026d4:	00a00713          	li	a4,10
800026d8:	03f10693          	addi	a3,sp,63
800026dc:	fc06f693          	andi	a3,a3,-64
800026e0:	00e50c63          	beq	a0,a4,800026f8 <putchar+0x40>
800026e4:	04000713          	li	a4,64
800026e8:	00e78863          	beq	a5,a4,800026f8 <putchar+0x40>
800026ec:	00000513          	li	a0,0
800026f0:	08010113          	addi	sp,sp,128
800026f4:	00008067          	ret
800026f8:	04000813          	li	a6,64
800026fc:	0106a023          	sw	a6,0(a3)
80002700:	00000893          	li	a7,0
80002704:	0116a223          	sw	a7,4(a3)
80002708:	00100e13          	li	t3,1
8000270c:	01c6a423          	sw	t3,8(a3)
80002710:	00000e93          	li	t4,0
80002714:	01d6a623          	sw	t4,12(a3)
80002718:	00020313          	mv	t1,tp
8000271c:	0066a823          	sw	t1,16(a3)
80002720:	00000393          	li	t2,0
80002724:	0076aa23          	sw	t2,20(a3)
80002728:	00f6ac23          	sw	a5,24(a3)
8000272c:	41f7d893          	srai	a7,a5,0x1f
80002730:	0116ae23          	sw	a7,28(a3)
80002734:	0330000f          	fence	rw,rw
80002738:	fffff617          	auipc	a2,0xfffff
8000273c:	8c860613          	addi	a2,a2,-1848 # 80001000 <tohost>
80002740:	00d62023          	sw	a3,0(a2)
80002744:	00000793          	li	a5,0
80002748:	00f62223          	sw	a5,4(a2)
8000274c:	fffff617          	auipc	a2,0xfffff
80002750:	8f460613          	addi	a2,a2,-1804 # 80001040 <fromhost>
80002754:	00062703          	lw	a4,0(a2)
80002758:	00462783          	lw	a5,4(a2)
8000275c:	00f76733          	or	a4,a4,a5
80002760:	fe070ae3          	beqz	a4,80002754 <putchar+0x9c>
80002764:	00000793          	li	a5,0
80002768:	00f62023          	sw	a5,0(a2)
8000276c:	00000813          	li	a6,0
80002770:	01062223          	sw	a6,4(a2)
80002774:	0330000f          	fence	rw,rw
80002778:	04022023          	sw	zero,64(tp) # 40 <buflen.1>
8000277c:	0006a703          	lw	a4,0(a3)
80002780:	00000513          	li	a0,0
80002784:	0046a783          	lw	a5,4(a3)
80002788:	08010113          	addi	sp,sp,128
8000278c:	00008067          	ret

80002790 <setStats>:
80002790:	b0002773          	csrr	a4,mcycle
80002794:	00005797          	auipc	a5,0x5
80002798:	1cc78793          	addi	a5,a5,460 # 80007960 <counters>
8000279c:	00050a63          	beqz	a0,800027b0 <setStats+0x20>
800027a0:	00e7a023          	sw	a4,0(a5)
800027a4:	b0202773          	csrr	a4,minstret
800027a8:	00e7a223          	sw	a4,4(a5)
800027ac:	00008067          	ret
800027b0:	0007a583          	lw	a1,0(a5)
800027b4:	00005697          	auipc	a3,0x5
800027b8:	1a468693          	addi	a3,a3,420 # 80007958 <counter_names>
800027bc:	00001617          	auipc	a2,0x1
800027c0:	ed060613          	addi	a2,a2,-304 # 8000368c <main+0xa4>
800027c4:	40b70733          	sub	a4,a4,a1
800027c8:	00e7a023          	sw	a4,0(a5)
800027cc:	00c6a023          	sw	a2,0(a3)
800027d0:	b0202773          	csrr	a4,minstret
800027d4:	0047a603          	lw	a2,4(a5)
800027d8:	00001597          	auipc	a1,0x1
800027dc:	ebc58593          	addi	a1,a1,-324 # 80003694 <main+0xac>
800027e0:	00b6a223          	sw	a1,4(a3)
800027e4:	40c70733          	sub	a4,a4,a2
800027e8:	00e7a223          	sw	a4,4(a5)
800027ec:	00008067          	ret

800027f0 <tohost_exit>:
800027f0:	00151693          	slli	a3,a0,0x1
800027f4:	0016e713          	ori	a4,a3,1
800027f8:	fffff697          	auipc	a3,0xfffff
800027fc:	80868693          	addi	a3,a3,-2040 # 80001000 <tohost>
80002800:	00000793          	li	a5,0
80002804:	00e6a023          	sw	a4,0(a3)
80002808:	00f6a223          	sw	a5,4(a3)
8000280c:	0000006f          	j	8000280c <tohost_exit+0x1c>

80002810 <handle_trap>:
80002810:	00001637          	lui	a2,0x1
80002814:	ffffe797          	auipc	a5,0xffffe
80002818:	7ec78793          	addi	a5,a5,2028 # 80001000 <tohost>
8000281c:	a7360613          	addi	a2,a2,-1421 # a73 <buflen.1+0xa33>
80002820:	00000693          	li	a3,0
80002824:	00c7a023          	sw	a2,0(a5)
80002828:	00d7a223          	sw	a3,4(a5)
8000282c:	0000006f          	j	8000282c <handle_trap+0x1c>

80002830 <exit>:
80002830:	ff010113          	addi	sp,sp,-16
80002834:	00112623          	sw	ra,12(sp)
80002838:	fb9ff0ef          	jal	800027f0 <tohost_exit>

8000283c <abort>:
8000283c:	ffffe797          	auipc	a5,0xffffe
80002840:	7c478793          	addi	a5,a5,1988 # 80001000 <tohost>
80002844:	10d00613          	li	a2,269
80002848:	00000693          	li	a3,0
8000284c:	00c7a023          	sw	a2,0(a5)
80002850:	00d7a223          	sw	a3,4(a5)
80002854:	0000006f          	j	80002854 <abort+0x18>

80002858 <printstr>:
80002858:	00054783          	lbu	a5,0(a0)
8000285c:	f8010113          	addi	sp,sp,-128
80002860:	03f10613          	addi	a2,sp,63
80002864:	00050813          	mv	a6,a0
80002868:	00000893          	li	a7,0
8000286c:	fc067613          	andi	a2,a2,-64
80002870:	0a078063          	beqz	a5,80002910 <printstr+0xb8>
80002874:	00050793          	mv	a5,a0
80002878:	0017c703          	lbu	a4,1(a5)
8000287c:	00178793          	addi	a5,a5,1
80002880:	fe071ce3          	bnez	a4,80002878 <printstr+0x20>
80002884:	40a78333          	sub	t1,a5,a0
80002888:	00000393          	li	t2,0
8000288c:	04000713          	li	a4,64
80002890:	00e62023          	sw	a4,0(a2)
80002894:	00000793          	li	a5,0
80002898:	00f62223          	sw	a5,4(a2)
8000289c:	00100713          	li	a4,1
800028a0:	00e62423          	sw	a4,8(a2)
800028a4:	00000793          	li	a5,0
800028a8:	00f62623          	sw	a5,12(a2)
800028ac:	01062823          	sw	a6,16(a2)
800028b0:	01162a23          	sw	a7,20(a2)
800028b4:	00662c23          	sw	t1,24(a2)
800028b8:	00762e23          	sw	t2,28(a2)
800028bc:	0330000f          	fence	rw,rw
800028c0:	ffffe697          	auipc	a3,0xffffe
800028c4:	74068693          	addi	a3,a3,1856 # 80001000 <tohost>
800028c8:	00c6a023          	sw	a2,0(a3)
800028cc:	00000793          	li	a5,0
800028d0:	00f6a223          	sw	a5,4(a3)
800028d4:	ffffe697          	auipc	a3,0xffffe
800028d8:	76c68693          	addi	a3,a3,1900 # 80001040 <fromhost>
800028dc:	0006a703          	lw	a4,0(a3)
800028e0:	0046a783          	lw	a5,4(a3)
800028e4:	00f76733          	or	a4,a4,a5
800028e8:	fe070ae3          	beqz	a4,800028dc <printstr+0x84>
800028ec:	00000793          	li	a5,0
800028f0:	00f6a023          	sw	a5,0(a3)
800028f4:	00000813          	li	a6,0
800028f8:	0106a223          	sw	a6,4(a3)
800028fc:	0330000f          	fence	rw,rw
80002900:	00062703          	lw	a4,0(a2)
80002904:	00462783          	lw	a5,4(a2)
80002908:	08010113          	addi	sp,sp,128
8000290c:	00008067          	ret
80002910:	00000313          	li	t1,0
80002914:	00000393          	li	t2,0
80002918:	f75ff06f          	j	8000288c <printstr+0x34>

8000291c <thread_entry>:
8000291c:	00051463          	bnez	a0,80002924 <thread_entry+0x8>
80002920:	00008067          	ret
80002924:	0000006f          	j	80002924 <thread_entry+0x8>

80002928 <printhex>:
80002928:	fd010113          	addi	sp,sp,-48
8000292c:	00050713          	mv	a4,a0
80002930:	02112623          	sw	ra,44(sp)
80002934:	00c10513          	addi	a0,sp,12
80002938:	01b10613          	addi	a2,sp,27
8000293c:	00900813          	li	a6,9
80002940:	0080006f          	j	80002948 <printhex+0x20>
80002944:	00078613          	mv	a2,a5
80002948:	00f77793          	andi	a5,a4,15
8000294c:	00f837b3          	sltu	a5,a6,a5
80002950:	40f007b3          	neg	a5,a5
80002954:	0277f793          	andi	a5,a5,39
80002958:	00f77693          	andi	a3,a4,15
8000295c:	03078793          	addi	a5,a5,48
80002960:	00f687b3          	add	a5,a3,a5
80002964:	00f60023          	sb	a5,0(a2)
80002968:	00475713          	srli	a4,a4,0x4
8000296c:	01c59793          	slli	a5,a1,0x1c
80002970:	00e7e733          	or	a4,a5,a4
80002974:	0045d593          	srli	a1,a1,0x4
80002978:	fff60793          	addi	a5,a2,-1
8000297c:	fcc514e3          	bne	a0,a2,80002944 <printhex+0x1c>
80002980:	00010e23          	sb	zero,28(sp)
80002984:	ed5ff0ef          	jal	80002858 <printstr>
80002988:	02c12083          	lw	ra,44(sp)
8000298c:	03010113          	addi	sp,sp,48
80002990:	00008067          	ret

80002994 <printf>:
80002994:	fc010113          	addi	sp,sp,-64
80002998:	02410313          	addi	t1,sp,36
8000299c:	02b12223          	sw	a1,36(sp)
800029a0:	02c12423          	sw	a2,40(sp)
800029a4:	02d12623          	sw	a3,44(sp)
800029a8:	00050613          	mv	a2,a0
800029ac:	00030693          	mv	a3,t1
800029b0:	00000517          	auipc	a0,0x0
800029b4:	d0850513          	addi	a0,a0,-760 # 800026b8 <putchar>
800029b8:	00000593          	li	a1,0
800029bc:	00112e23          	sw	ra,28(sp)
800029c0:	02e12823          	sw	a4,48(sp)
800029c4:	02f12a23          	sw	a5,52(sp)
800029c8:	03012c23          	sw	a6,56(sp)
800029cc:	03112e23          	sw	a7,60(sp)
800029d0:	00612623          	sw	t1,12(sp)
800029d4:	ffcff0ef          	jal	800021d0 <vprintfmt>
800029d8:	01c12083          	lw	ra,28(sp)
800029dc:	00000513          	li	a0,0
800029e0:	04010113          	addi	sp,sp,64
800029e4:	00008067          	ret

800029e8 <sprintf>:
800029e8:	fb010113          	addi	sp,sp,-80
800029ec:	03810313          	addi	t1,sp,56
800029f0:	02812423          	sw	s0,40(sp)
800029f4:	00a12623          	sw	a0,12(sp)
800029f8:	02c12c23          	sw	a2,56(sp)
800029fc:	02d12e23          	sw	a3,60(sp)
80002a00:	00050413          	mv	s0,a0
80002a04:	00058613          	mv	a2,a1
80002a08:	00000517          	auipc	a0,0x0
80002a0c:	c9850513          	addi	a0,a0,-872 # 800026a0 <sprintf_putch.0>
80002a10:	00c10593          	addi	a1,sp,12
80002a14:	00030693          	mv	a3,t1
80002a18:	02112623          	sw	ra,44(sp)
80002a1c:	04f12223          	sw	a5,68(sp)
80002a20:	04e12023          	sw	a4,64(sp)
80002a24:	05012423          	sw	a6,72(sp)
80002a28:	05112623          	sw	a7,76(sp)
80002a2c:	00612e23          	sw	t1,28(sp)
80002a30:	fa0ff0ef          	jal	800021d0 <vprintfmt>
80002a34:	00c12783          	lw	a5,12(sp)
80002a38:	00078023          	sb	zero,0(a5)
80002a3c:	00c12503          	lw	a0,12(sp)
80002a40:	02c12083          	lw	ra,44(sp)
80002a44:	40850533          	sub	a0,a0,s0
80002a48:	02812403          	lw	s0,40(sp)
80002a4c:	05010113          	addi	sp,sp,80
80002a50:	00008067          	ret

80002a54 <memcpy>:
80002a54:	00c5e7b3          	or	a5,a1,a2
80002a58:	00f567b3          	or	a5,a0,a5
80002a5c:	0037f793          	andi	a5,a5,3
80002a60:	00058393          	mv	t2,a1
80002a64:	00c506b3          	add	a3,a0,a2
80002a68:	02078463          	beqz	a5,80002a90 <memcpy+0x3c>
80002a6c:	00c58633          	add	a2,a1,a2
80002a70:	00050793          	mv	a5,a0
80002a74:	0ad57263          	bgeu	a0,a3,80002b18 <memcpy+0xc4>
80002a78:	0005c703          	lbu	a4,0(a1)
80002a7c:	00158593          	addi	a1,a1,1
80002a80:	00178793          	addi	a5,a5,1
80002a84:	fee78fa3          	sb	a4,-1(a5)
80002a88:	fec598e3          	bne	a1,a2,80002a78 <memcpy+0x24>
80002a8c:	00008067          	ret
80002a90:	02050713          	addi	a4,a0,32
80002a94:	08d77463          	bgeu	a4,a3,80002b1c <memcpy+0xc8>
80002a98:	00070793          	mv	a5,a4
80002a9c:	0005a283          	lw	t0,0(a1)
80002aa0:	0045af83          	lw	t6,4(a1)
80002aa4:	0085af03          	lw	t5,8(a1)
80002aa8:	00c5ae83          	lw	t4,12(a1)
80002aac:	0105ae03          	lw	t3,16(a1)
80002ab0:	0145a303          	lw	t1,20(a1)
80002ab4:	0185a883          	lw	a7,24(a1)
80002ab8:	01c5a803          	lw	a6,28(a1)
80002abc:	02078793          	addi	a5,a5,32
80002ac0:	fc57a023          	sw	t0,-64(a5)
80002ac4:	fdf7a223          	sw	t6,-60(a5)
80002ac8:	fde7a423          	sw	t5,-56(a5)
80002acc:	fdd7a623          	sw	t4,-52(a5)
80002ad0:	fdc7a823          	sw	t3,-48(a5)
80002ad4:	fc67aa23          	sw	t1,-44(a5)
80002ad8:	fd17ac23          	sw	a7,-40(a5)
80002adc:	fd07ae23          	sw	a6,-36(a5)
80002ae0:	02058593          	addi	a1,a1,32
80002ae4:	fad7ece3          	bltu	a5,a3,80002a9c <memcpy+0x48>
80002ae8:	fdf60613          	addi	a2,a2,-33
80002aec:	fe067613          	andi	a2,a2,-32
80002af0:	02038393          	addi	t2,t2,32
80002af4:	00c707b3          	add	a5,a4,a2
80002af8:	00c385b3          	add	a1,t2,a2
80002afc:	f8d7f8e3          	bgeu	a5,a3,80002a8c <memcpy+0x38>
80002b00:	0005a703          	lw	a4,0(a1)
80002b04:	00478793          	addi	a5,a5,4
80002b08:	00458593          	addi	a1,a1,4
80002b0c:	fee7ae23          	sw	a4,-4(a5)
80002b10:	fed7e8e3          	bltu	a5,a3,80002b00 <memcpy+0xac>
80002b14:	00008067          	ret
80002b18:	00008067          	ret
80002b1c:	00050793          	mv	a5,a0
80002b20:	fddff06f          	j	80002afc <memcpy+0xa8>

80002b24 <memset>:
80002b24:	ff010113          	addi	sp,sp,-16
80002b28:	00c567b3          	or	a5,a0,a2
80002b2c:	00812423          	sw	s0,8(sp)
80002b30:	00112623          	sw	ra,12(sp)
80002b34:	0037f793          	andi	a5,a5,3
80002b38:	00050413          	mv	s0,a0
80002b3c:	00c50733          	add	a4,a0,a2
80002b40:	02078263          	beqz	a5,80002b64 <memset+0x40>
80002b44:	00e57663          	bgeu	a0,a4,80002b50 <memset+0x2c>
80002b48:	0ff5f593          	zext.b	a1,a1
80002b4c:	fd9ff0ef          	jal	80002b24 <memset>
80002b50:	00c12083          	lw	ra,12(sp)
80002b54:	00040513          	mv	a0,s0
80002b58:	00812403          	lw	s0,8(sp)
80002b5c:	01010113          	addi	sp,sp,16
80002b60:	00008067          	ret
80002b64:	0ff5f593          	zext.b	a1,a1
80002b68:	00859693          	slli	a3,a1,0x8
80002b6c:	00b686b3          	add	a3,a3,a1
80002b70:	01069793          	slli	a5,a3,0x10
80002b74:	00f686b3          	add	a3,a3,a5
80002b78:	fce57ce3          	bgeu	a0,a4,80002b50 <memset+0x2c>
80002b7c:	00050793          	mv	a5,a0
80002b80:	00478793          	addi	a5,a5,4
80002b84:	fed7ae23          	sw	a3,-4(a5)
80002b88:	fee7ece3          	bltu	a5,a4,80002b80 <memset+0x5c>
80002b8c:	00c12083          	lw	ra,12(sp)
80002b90:	00040513          	mv	a0,s0
80002b94:	00812403          	lw	s0,8(sp)
80002b98:	01010113          	addi	sp,sp,16
80002b9c:	00008067          	ret

80002ba0 <_init>:
80002ba0:	f6010113          	addi	sp,sp,-160
80002ba4:	00005797          	auipc	a5,0x5
80002ba8:	dc478793          	addi	a5,a5,-572 # 80007968 <_tdata_begin>
80002bac:	09312623          	sw	s3,140(sp)
80002bb0:	00005997          	auipc	s3,0x5
80002bb4:	db898993          	addi	s3,s3,-584 # 80007968 <_tdata_begin>
80002bb8:	09412423          	sw	s4,136(sp)
80002bbc:	40f98a33          	sub	s4,s3,a5
80002bc0:	08912a23          	sw	s1,148(sp)
80002bc4:	09212823          	sw	s2,144(sp)
80002bc8:	00050493          	mv	s1,a0
80002bcc:	00058913          	mv	s2,a1
80002bd0:	00020513          	mv	a0,tp
80002bd4:	00078593          	mv	a1,a5
80002bd8:	000a0613          	mv	a2,s4
80002bdc:	08112e23          	sw	ra,156(sp)
80002be0:	08812c23          	sw	s0,152(sp)
80002be4:	09512223          	sw	s5,132(sp)
80002be8:	00020a93          	mv	s5,tp
80002bec:	e69ff0ef          	jal	80002a54 <memcpy>
80002bf0:	86c18613          	addi	a2,gp,-1940 # 800079c4 <_tbss_end>
80002bf4:	41360633          	sub	a2,a2,s3
80002bf8:	00000593          	li	a1,0
80002bfc:	014a8533          	add	a0,s5,s4
80002c00:	f25ff0ef          	jal	80002b24 <memset>
80002c04:	00090593          	mv	a1,s2
80002c08:	00048513          	mv	a0,s1
80002c0c:	d11ff0ef          	jal	8000291c <thread_entry>
80002c10:	00000593          	li	a1,0
80002c14:	00000513          	li	a0,0
80002c18:	1d1000ef          	jal	800035e8 <main>
80002c1c:	00005917          	auipc	s2,0x5
80002c20:	d4490913          	addi	s2,s2,-700 # 80007960 <counters>
80002c24:	00092683          	lw	a3,0(s2)
80002c28:	03f10413          	addi	s0,sp,63
80002c2c:	fc047413          	andi	s0,s0,-64
80002c30:	00050493          	mv	s1,a0
80002c34:	04069463          	bnez	a3,80002c7c <_init+0xdc>
80002c38:	00492683          	lw	a3,4(s2)
80002c3c:	00069663          	bnez	a3,80002c48 <_init+0xa8>
80002c40:	00048513          	mv	a0,s1
80002c44:	badff0ef          	jal	800027f0 <tohost_exit>
80002c48:	00040913          	mv	s2,s0
80002c4c:	00005997          	auipc	s3,0x5
80002c50:	d0c98993          	addi	s3,s3,-756 # 80007958 <counter_names>
80002c54:	0049a603          	lw	a2,4(s3)
80002c58:	00090513          	mv	a0,s2
80002c5c:	00001597          	auipc	a1,0x1
80002c60:	a5c58593          	addi	a1,a1,-1444 # 800036b8 <main+0xd0>
80002c64:	d85ff0ef          	jal	800029e8 <sprintf>
80002c68:	00a90933          	add	s2,s2,a0
80002c6c:	fd240ae3          	beq	s0,s2,80002c40 <_init+0xa0>
80002c70:	00040513          	mv	a0,s0
80002c74:	be5ff0ef          	jal	80002858 <printstr>
80002c78:	fc9ff06f          	j	80002c40 <_init+0xa0>
80002c7c:	00005997          	auipc	s3,0x5
80002c80:	cdc98993          	addi	s3,s3,-804 # 80007958 <counter_names>
80002c84:	0009a603          	lw	a2,0(s3)
80002c88:	00001597          	auipc	a1,0x1
80002c8c:	a3058593          	addi	a1,a1,-1488 # 800036b8 <main+0xd0>
80002c90:	00040513          	mv	a0,s0
80002c94:	d55ff0ef          	jal	800029e8 <sprintf>
80002c98:	00492683          	lw	a3,4(s2)
80002c9c:	00a40933          	add	s2,s0,a0
80002ca0:	fc0686e3          	beqz	a3,80002c6c <_init+0xcc>
80002ca4:	fb1ff06f          	j	80002c54 <_init+0xb4>

80002ca8 <strlen>:
80002ca8:	00054783          	lbu	a5,0(a0)
80002cac:	00078e63          	beqz	a5,80002cc8 <strlen+0x20>
80002cb0:	00050793          	mv	a5,a0
80002cb4:	0017c703          	lbu	a4,1(a5)
80002cb8:	00178793          	addi	a5,a5,1
80002cbc:	fe071ce3          	bnez	a4,80002cb4 <strlen+0xc>
80002cc0:	40a78533          	sub	a0,a5,a0
80002cc4:	00008067          	ret
80002cc8:	00000513          	li	a0,0
80002ccc:	00008067          	ret

80002cd0 <strnlen>:
80002cd0:	00b506b3          	add	a3,a0,a1
80002cd4:	00050793          	mv	a5,a0
80002cd8:	00059863          	bnez	a1,80002ce8 <strnlen+0x18>
80002cdc:	01c0006f          	j	80002cf8 <strnlen+0x28>
80002ce0:	00178793          	addi	a5,a5,1
80002ce4:	00d78663          	beq	a5,a3,80002cf0 <strnlen+0x20>
80002ce8:	0007c703          	lbu	a4,0(a5)
80002cec:	fe071ae3          	bnez	a4,80002ce0 <strnlen+0x10>
80002cf0:	40a78533          	sub	a0,a5,a0
80002cf4:	00008067          	ret
80002cf8:	00000513          	li	a0,0
80002cfc:	00008067          	ret

80002d00 <strcmp>:
80002d00:	00054783          	lbu	a5,0(a0)
80002d04:	00150513          	addi	a0,a0,1
80002d08:	00158593          	addi	a1,a1,1
80002d0c:	fff5c703          	lbu	a4,-1(a1)
80002d10:	00078863          	beqz	a5,80002d20 <strcmp+0x20>
80002d14:	fee786e3          	beq	a5,a4,80002d00 <strcmp>
80002d18:	40e78533          	sub	a0,a5,a4
80002d1c:	00008067          	ret
80002d20:	00000793          	li	a5,0
80002d24:	ff5ff06f          	j	80002d18 <strcmp+0x18>

80002d28 <strcpy>:
80002d28:	00050793          	mv	a5,a0
80002d2c:	0005c703          	lbu	a4,0(a1)
80002d30:	00158593          	addi	a1,a1,1
80002d34:	00178793          	addi	a5,a5,1
80002d38:	fee78fa3          	sb	a4,-1(a5)
80002d3c:	fe0718e3          	bnez	a4,80002d2c <strcpy+0x4>
80002d40:	00008067          	ret

80002d44 <atol>:
80002d44:	00054703          	lbu	a4,0(a0)
80002d48:	02000693          	li	a3,32
80002d4c:	00050793          	mv	a5,a0
80002d50:	00d71a63          	bne	a4,a3,80002d64 <atol+0x20>
80002d54:	00070693          	mv	a3,a4
80002d58:	0017c703          	lbu	a4,1(a5)
80002d5c:	00178793          	addi	a5,a5,1
80002d60:	fed70ce3          	beq	a4,a3,80002d58 <atol+0x14>
80002d64:	02d00693          	li	a3,45
80002d68:	04d70e63          	beq	a4,a3,80002dc4 <atol+0x80>
80002d6c:	02b00693          	li	a3,43
80002d70:	04d70063          	beq	a4,a3,80002db0 <atol+0x6c>
80002d74:	0007c683          	lbu	a3,0(a5)
80002d78:	00000593          	li	a1,0
80002d7c:	04068c63          	beqz	a3,80002dd4 <atol+0x90>
80002d80:	00000513          	li	a0,0
80002d84:	00178793          	addi	a5,a5,1
80002d88:	fd068613          	addi	a2,a3,-48
80002d8c:	00251713          	slli	a4,a0,0x2
80002d90:	0007c683          	lbu	a3,0(a5)
80002d94:	00a70733          	add	a4,a4,a0
80002d98:	00171713          	slli	a4,a4,0x1
80002d9c:	00e60533          	add	a0,a2,a4
80002da0:	fe0692e3          	bnez	a3,80002d84 <atol+0x40>
80002da4:	02058a63          	beqz	a1,80002dd8 <atol+0x94>
80002da8:	40a00533          	neg	a0,a0
80002dac:	00008067          	ret
80002db0:	0017c683          	lbu	a3,1(a5)
80002db4:	00178793          	addi	a5,a5,1
80002db8:	00068e63          	beqz	a3,80002dd4 <atol+0x90>
80002dbc:	00000593          	li	a1,0
80002dc0:	fc1ff06f          	j	80002d80 <atol+0x3c>
80002dc4:	0017c683          	lbu	a3,1(a5)
80002dc8:	00100593          	li	a1,1
80002dcc:	00b787b3          	add	a5,a5,a1
80002dd0:	fa0698e3          	bnez	a3,80002d80 <atol+0x3c>
80002dd4:	00000513          	li	a0,0
80002dd8:	00008067          	ret

80002ddc <__udivdi3>:
80002ddc:	00050893          	mv	a7,a0
80002de0:	00058313          	mv	t1,a1
80002de4:	00060713          	mv	a4,a2
80002de8:	00050813          	mv	a6,a0
80002dec:	00058793          	mv	a5,a1
80002df0:	28069263          	bnez	a3,80003074 <__udivdi3+0x298>
80002df4:	800045b7          	lui	a1,0x80004
80002df8:	81c58593          	addi	a1,a1,-2020 # 8000381c <__clz_tab>
80002dfc:	0ec37663          	bgeu	t1,a2,80002ee8 <__udivdi3+0x10c>
80002e00:	000106b7          	lui	a3,0x10
80002e04:	0cd67863          	bgeu	a2,a3,80002ed4 <__udivdi3+0xf8>
80002e08:	10063693          	sltiu	a3,a2,256
80002e0c:	0016b693          	seqz	a3,a3
80002e10:	00369693          	slli	a3,a3,0x3
80002e14:	00d65533          	srl	a0,a2,a3
80002e18:	00a585b3          	add	a1,a1,a0
80002e1c:	0005c583          	lbu	a1,0(a1)
80002e20:	02000513          	li	a0,32
80002e24:	00d586b3          	add	a3,a1,a3
80002e28:	40d505b3          	sub	a1,a0,a3
80002e2c:	00d50c63          	beq	a0,a3,80002e44 <__udivdi3+0x68>
80002e30:	00b317b3          	sll	a5,t1,a1
80002e34:	00d8d6b3          	srl	a3,a7,a3
80002e38:	00b61733          	sll	a4,a2,a1
80002e3c:	00f6e7b3          	or	a5,a3,a5
80002e40:	00b89833          	sll	a6,a7,a1
80002e44:	01075593          	srli	a1,a4,0x10
80002e48:	02b7d333          	divu	t1,a5,a1
80002e4c:	01071613          	slli	a2,a4,0x10
80002e50:	01065613          	srli	a2,a2,0x10
80002e54:	02b7f7b3          	remu	a5,a5,a1
80002e58:	00030513          	mv	a0,t1
80002e5c:	026608b3          	mul	a7,a2,t1
80002e60:	01079693          	slli	a3,a5,0x10
80002e64:	01085793          	srli	a5,a6,0x10
80002e68:	00d7e7b3          	or	a5,a5,a3
80002e6c:	0117fe63          	bgeu	a5,a7,80002e88 <__udivdi3+0xac>
80002e70:	00f707b3          	add	a5,a4,a5
80002e74:	fff30513          	addi	a0,t1,-1
80002e78:	00e7e863          	bltu	a5,a4,80002e88 <__udivdi3+0xac>
80002e7c:	0117f663          	bgeu	a5,a7,80002e88 <__udivdi3+0xac>
80002e80:	ffe30513          	addi	a0,t1,-2
80002e84:	00e787b3          	add	a5,a5,a4
80002e88:	411787b3          	sub	a5,a5,a7
80002e8c:	02b7d8b3          	divu	a7,a5,a1
80002e90:	01081813          	slli	a6,a6,0x10
80002e94:	01085813          	srli	a6,a6,0x10
80002e98:	02b7f7b3          	remu	a5,a5,a1
80002e9c:	031606b3          	mul	a3,a2,a7
80002ea0:	01079793          	slli	a5,a5,0x10
80002ea4:	00f86833          	or	a6,a6,a5
80002ea8:	00088793          	mv	a5,a7
80002eac:	00d87c63          	bgeu	a6,a3,80002ec4 <__udivdi3+0xe8>
80002eb0:	01070833          	add	a6,a4,a6
80002eb4:	fff88793          	addi	a5,a7,-1
80002eb8:	00e86663          	bltu	a6,a4,80002ec4 <__udivdi3+0xe8>
80002ebc:	00d87463          	bgeu	a6,a3,80002ec4 <__udivdi3+0xe8>
80002ec0:	ffe88793          	addi	a5,a7,-2
80002ec4:	01051513          	slli	a0,a0,0x10
80002ec8:	00f56533          	or	a0,a0,a5
80002ecc:	00000593          	li	a1,0
80002ed0:	00008067          	ret
80002ed4:	01000537          	lui	a0,0x1000
80002ed8:	01800693          	li	a3,24
80002edc:	f2a67ce3          	bgeu	a2,a0,80002e14 <__udivdi3+0x38>
80002ee0:	01000693          	li	a3,16
80002ee4:	f31ff06f          	j	80002e14 <__udivdi3+0x38>
80002ee8:	00000693          	li	a3,0
80002eec:	00060c63          	beqz	a2,80002f04 <__udivdi3+0x128>
80002ef0:	000107b7          	lui	a5,0x10
80002ef4:	0cf67063          	bgeu	a2,a5,80002fb4 <__udivdi3+0x1d8>
80002ef8:	10063693          	sltiu	a3,a2,256
80002efc:	0016b693          	seqz	a3,a3
80002f00:	00369693          	slli	a3,a3,0x3
80002f04:	00d657b3          	srl	a5,a2,a3
80002f08:	00f585b3          	add	a1,a1,a5
80002f0c:	0005c783          	lbu	a5,0(a1)
80002f10:	00d787b3          	add	a5,a5,a3
80002f14:	02000693          	li	a3,32
80002f18:	40f685b3          	sub	a1,a3,a5
80002f1c:	0af69663          	bne	a3,a5,80002fc8 <__udivdi3+0x1ec>
80002f20:	40c307b3          	sub	a5,t1,a2
80002f24:	00100593          	li	a1,1
80002f28:	01075893          	srli	a7,a4,0x10
80002f2c:	0317de33          	divu	t3,a5,a7
80002f30:	01071613          	slli	a2,a4,0x10
80002f34:	01065613          	srli	a2,a2,0x10
80002f38:	01085693          	srli	a3,a6,0x10
80002f3c:	0317f7b3          	remu	a5,a5,a7
80002f40:	000e0513          	mv	a0,t3
80002f44:	03c60333          	mul	t1,a2,t3
80002f48:	01079793          	slli	a5,a5,0x10
80002f4c:	00f6e7b3          	or	a5,a3,a5
80002f50:	0067fe63          	bgeu	a5,t1,80002f6c <__udivdi3+0x190>
80002f54:	00f707b3          	add	a5,a4,a5
80002f58:	fffe0513          	addi	a0,t3,-1
80002f5c:	00e7e863          	bltu	a5,a4,80002f6c <__udivdi3+0x190>
80002f60:	0067f663          	bgeu	a5,t1,80002f6c <__udivdi3+0x190>
80002f64:	ffee0513          	addi	a0,t3,-2
80002f68:	00e787b3          	add	a5,a5,a4
80002f6c:	406787b3          	sub	a5,a5,t1
80002f70:	0317d333          	divu	t1,a5,a7
80002f74:	01081813          	slli	a6,a6,0x10
80002f78:	01085813          	srli	a6,a6,0x10
80002f7c:	0317f7b3          	remu	a5,a5,a7
80002f80:	026606b3          	mul	a3,a2,t1
80002f84:	01079793          	slli	a5,a5,0x10
80002f88:	00f86833          	or	a6,a6,a5
80002f8c:	00030793          	mv	a5,t1
80002f90:	00d87c63          	bgeu	a6,a3,80002fa8 <__udivdi3+0x1cc>
80002f94:	01070833          	add	a6,a4,a6
80002f98:	fff30793          	addi	a5,t1,-1
80002f9c:	00e86663          	bltu	a6,a4,80002fa8 <__udivdi3+0x1cc>
80002fa0:	00d87463          	bgeu	a6,a3,80002fa8 <__udivdi3+0x1cc>
80002fa4:	ffe30793          	addi	a5,t1,-2
80002fa8:	01051513          	slli	a0,a0,0x10
80002fac:	00f56533          	or	a0,a0,a5
80002fb0:	00008067          	ret
80002fb4:	010007b7          	lui	a5,0x1000
80002fb8:	01800693          	li	a3,24
80002fbc:	f4f674e3          	bgeu	a2,a5,80002f04 <__udivdi3+0x128>
80002fc0:	01000693          	li	a3,16
80002fc4:	f41ff06f          	j	80002f04 <__udivdi3+0x128>
80002fc8:	00b61733          	sll	a4,a2,a1
80002fcc:	00f356b3          	srl	a3,t1,a5
80002fd0:	01075513          	srli	a0,a4,0x10
80002fd4:	00b31333          	sll	t1,t1,a1
80002fd8:	00f8d7b3          	srl	a5,a7,a5
80002fdc:	0067e7b3          	or	a5,a5,t1
80002fe0:	02a6d333          	divu	t1,a3,a0
80002fe4:	01071613          	slli	a2,a4,0x10
80002fe8:	01065613          	srli	a2,a2,0x10
80002fec:	00b89833          	sll	a6,a7,a1
80002ff0:	02a6f6b3          	remu	a3,a3,a0
80002ff4:	026608b3          	mul	a7,a2,t1
80002ff8:	01069593          	slli	a1,a3,0x10
80002ffc:	0107d693          	srli	a3,a5,0x10
80003000:	00b6e6b3          	or	a3,a3,a1
80003004:	00030593          	mv	a1,t1
80003008:	0116fe63          	bgeu	a3,a7,80003024 <__udivdi3+0x248>
8000300c:	00d706b3          	add	a3,a4,a3
80003010:	fff30593          	addi	a1,t1,-1
80003014:	00e6e863          	bltu	a3,a4,80003024 <__udivdi3+0x248>
80003018:	0116f663          	bgeu	a3,a7,80003024 <__udivdi3+0x248>
8000301c:	ffe30593          	addi	a1,t1,-2
80003020:	00e686b3          	add	a3,a3,a4
80003024:	411686b3          	sub	a3,a3,a7
80003028:	02a6d8b3          	divu	a7,a3,a0
8000302c:	01079793          	slli	a5,a5,0x10
80003030:	0107d793          	srli	a5,a5,0x10
80003034:	02a6f6b3          	remu	a3,a3,a0
80003038:	03160633          	mul	a2,a2,a7
8000303c:	01069693          	slli	a3,a3,0x10
80003040:	00d7e7b3          	or	a5,a5,a3
80003044:	00088693          	mv	a3,a7
80003048:	00c7fe63          	bgeu	a5,a2,80003064 <__udivdi3+0x288>
8000304c:	00f707b3          	add	a5,a4,a5
80003050:	fff88693          	addi	a3,a7,-1
80003054:	00e7e863          	bltu	a5,a4,80003064 <__udivdi3+0x288>
80003058:	00c7f663          	bgeu	a5,a2,80003064 <__udivdi3+0x288>
8000305c:	ffe88693          	addi	a3,a7,-2
80003060:	00e787b3          	add	a5,a5,a4
80003064:	01059593          	slli	a1,a1,0x10
80003068:	40c787b3          	sub	a5,a5,a2
8000306c:	00d5e5b3          	or	a1,a1,a3
80003070:	eb9ff06f          	j	80002f28 <__udivdi3+0x14c>
80003074:	18d5e463          	bltu	a1,a3,800031fc <__udivdi3+0x420>
80003078:	000107b7          	lui	a5,0x10
8000307c:	04f6f463          	bgeu	a3,a5,800030c4 <__udivdi3+0x2e8>
80003080:	1006b793          	sltiu	a5,a3,256
80003084:	0017b793          	seqz	a5,a5
80003088:	00379793          	slli	a5,a5,0x3
8000308c:	80004737          	lui	a4,0x80004
80003090:	00f6d5b3          	srl	a1,a3,a5
80003094:	81c70713          	addi	a4,a4,-2020 # 8000381c <__clz_tab>
80003098:	00b70733          	add	a4,a4,a1
8000309c:	00074703          	lbu	a4,0(a4)
800030a0:	00f70733          	add	a4,a4,a5
800030a4:	02000793          	li	a5,32
800030a8:	40e785b3          	sub	a1,a5,a4
800030ac:	02e79663          	bne	a5,a4,800030d8 <__udivdi3+0x2fc>
800030b0:	00100513          	li	a0,1
800030b4:	e066eee3          	bltu	a3,t1,80002ed0 <__udivdi3+0xf4>
800030b8:	00c8b533          	sltu	a0,a7,a2
800030bc:	00153513          	seqz	a0,a0
800030c0:	00008067          	ret
800030c4:	01000737          	lui	a4,0x1000
800030c8:	01800793          	li	a5,24
800030cc:	fce6f0e3          	bgeu	a3,a4,8000308c <__udivdi3+0x2b0>
800030d0:	01000793          	li	a5,16
800030d4:	fb9ff06f          	j	8000308c <__udivdi3+0x2b0>
800030d8:	00e65533          	srl	a0,a2,a4
800030dc:	00b696b3          	sll	a3,a3,a1
800030e0:	00e357b3          	srl	a5,t1,a4
800030e4:	00d56533          	or	a0,a0,a3
800030e8:	00b31333          	sll	t1,t1,a1
800030ec:	00e8d733          	srl	a4,a7,a4
800030f0:	00676733          	or	a4,a4,t1
800030f4:	01055313          	srli	t1,a0,0x10
800030f8:	0267deb3          	divu	t4,a5,t1
800030fc:	01051813          	slli	a6,a0,0x10
80003100:	01085813          	srli	a6,a6,0x10
80003104:	01075693          	srli	a3,a4,0x10
80003108:	00b61633          	sll	a2,a2,a1
8000310c:	0267f7b3          	remu	a5,a5,t1
80003110:	03d80e33          	mul	t3,a6,t4
80003114:	01079793          	slli	a5,a5,0x10
80003118:	00f6e6b3          	or	a3,a3,a5
8000311c:	000e8793          	mv	a5,t4
80003120:	01c6fe63          	bgeu	a3,t3,8000313c <__udivdi3+0x360>
80003124:	00d506b3          	add	a3,a0,a3
80003128:	fffe8793          	addi	a5,t4,-1
8000312c:	00a6e863          	bltu	a3,a0,8000313c <__udivdi3+0x360>
80003130:	01c6f663          	bgeu	a3,t3,8000313c <__udivdi3+0x360>
80003134:	ffee8793          	addi	a5,t4,-2
80003138:	00a686b3          	add	a3,a3,a0
8000313c:	41c686b3          	sub	a3,a3,t3
80003140:	0266de33          	divu	t3,a3,t1
80003144:	01071713          	slli	a4,a4,0x10
80003148:	01075713          	srli	a4,a4,0x10
8000314c:	0266f6b3          	remu	a3,a3,t1
80003150:	03c80833          	mul	a6,a6,t3
80003154:	01069693          	slli	a3,a3,0x10
80003158:	00d76733          	or	a4,a4,a3
8000315c:	000e0693          	mv	a3,t3
80003160:	01077e63          	bgeu	a4,a6,8000317c <__udivdi3+0x3a0>
80003164:	00e50733          	add	a4,a0,a4
80003168:	fffe0693          	addi	a3,t3,-1
8000316c:	00a76863          	bltu	a4,a0,8000317c <__udivdi3+0x3a0>
80003170:	01077663          	bgeu	a4,a6,8000317c <__udivdi3+0x3a0>
80003174:	ffee0693          	addi	a3,t3,-2
80003178:	00a70733          	add	a4,a4,a0
8000317c:	01079793          	slli	a5,a5,0x10
80003180:	00d7e533          	or	a0,a5,a3
80003184:	01061313          	slli	t1,a2,0x10
80003188:	01069693          	slli	a3,a3,0x10
8000318c:	0106d693          	srli	a3,a3,0x10
80003190:	01035313          	srli	t1,t1,0x10
80003194:	01065613          	srli	a2,a2,0x10
80003198:	41070733          	sub	a4,a4,a6
8000319c:	01055813          	srli	a6,a0,0x10
800031a0:	02668e33          	mul	t3,a3,t1
800031a4:	02680333          	mul	t1,a6,t1
800031a8:	010e5793          	srli	a5,t3,0x10
800031ac:	02c686b3          	mul	a3,a3,a2
800031b0:	006686b3          	add	a3,a3,t1
800031b4:	00d787b3          	add	a5,a5,a3
800031b8:	02c80833          	mul	a6,a6,a2
800031bc:	0067f663          	bgeu	a5,t1,800031c8 <__udivdi3+0x3ec>
800031c0:	000106b7          	lui	a3,0x10
800031c4:	00d80833          	add	a6,a6,a3
800031c8:	0107d693          	srli	a3,a5,0x10
800031cc:	010686b3          	add	a3,a3,a6
800031d0:	02d76263          	bltu	a4,a3,800031f4 <__udivdi3+0x418>
800031d4:	ced71ce3          	bne	a4,a3,80002ecc <__udivdi3+0xf0>
800031d8:	010e1e13          	slli	t3,t3,0x10
800031dc:	01079793          	slli	a5,a5,0x10
800031e0:	010e5e13          	srli	t3,t3,0x10
800031e4:	00b898b3          	sll	a7,a7,a1
800031e8:	01c787b3          	add	a5,a5,t3
800031ec:	00000593          	li	a1,0
800031f0:	cef8f0e3          	bgeu	a7,a5,80002ed0 <__udivdi3+0xf4>
800031f4:	fff50513          	addi	a0,a0,-1 # ffffff <buflen.1+0xffffbf>
800031f8:	cd5ff06f          	j	80002ecc <__udivdi3+0xf0>
800031fc:	00000593          	li	a1,0
80003200:	00000513          	li	a0,0
80003204:	00008067          	ret

80003208 <__umoddi3>:
80003208:	00060813          	mv	a6,a2
8000320c:	00050793          	mv	a5,a0
80003210:	00058713          	mv	a4,a1
80003214:	20069663          	bnez	a3,80003420 <__umoddi3+0x218>
80003218:	800048b7          	lui	a7,0x80004
8000321c:	81c88893          	addi	a7,a7,-2020 # 8000381c <__clz_tab>
80003220:	0cc5fc63          	bgeu	a1,a2,800032f8 <__umoddi3+0xf0>
80003224:	000106b7          	lui	a3,0x10
80003228:	0ad67e63          	bgeu	a2,a3,800032e4 <__umoddi3+0xdc>
8000322c:	10063693          	sltiu	a3,a2,256
80003230:	0016b693          	seqz	a3,a3
80003234:	00369693          	slli	a3,a3,0x3
80003238:	00d65333          	srl	t1,a2,a3
8000323c:	006888b3          	add	a7,a7,t1
80003240:	0008c883          	lbu	a7,0(a7)
80003244:	02000313          	li	t1,32
80003248:	00d886b3          	add	a3,a7,a3
8000324c:	40d308b3          	sub	a7,t1,a3
80003250:	00d30c63          	beq	t1,a3,80003268 <__umoddi3+0x60>
80003254:	01159733          	sll	a4,a1,a7
80003258:	00d556b3          	srl	a3,a0,a3
8000325c:	01161833          	sll	a6,a2,a7
80003260:	00e6e733          	or	a4,a3,a4
80003264:	011517b3          	sll	a5,a0,a7
80003268:	01085613          	srli	a2,a6,0x10
8000326c:	02c756b3          	divu	a3,a4,a2
80003270:	01081513          	slli	a0,a6,0x10
80003274:	01055513          	srli	a0,a0,0x10
80003278:	02c77733          	remu	a4,a4,a2
8000327c:	02a686b3          	mul	a3,a3,a0
80003280:	01071593          	slli	a1,a4,0x10
80003284:	0107d713          	srli	a4,a5,0x10
80003288:	00b76733          	or	a4,a4,a1
8000328c:	00d77a63          	bgeu	a4,a3,800032a0 <__umoddi3+0x98>
80003290:	00e80733          	add	a4,a6,a4
80003294:	01076663          	bltu	a4,a6,800032a0 <__umoddi3+0x98>
80003298:	00d77463          	bgeu	a4,a3,800032a0 <__umoddi3+0x98>
8000329c:	01070733          	add	a4,a4,a6
800032a0:	40d70733          	sub	a4,a4,a3
800032a4:	02c756b3          	divu	a3,a4,a2
800032a8:	02c77733          	remu	a4,a4,a2
800032ac:	02a686b3          	mul	a3,a3,a0
800032b0:	01079793          	slli	a5,a5,0x10
800032b4:	01071713          	slli	a4,a4,0x10
800032b8:	0107d793          	srli	a5,a5,0x10
800032bc:	00e7e7b3          	or	a5,a5,a4
800032c0:	00d7fa63          	bgeu	a5,a3,800032d4 <__umoddi3+0xcc>
800032c4:	00f807b3          	add	a5,a6,a5
800032c8:	0107e663          	bltu	a5,a6,800032d4 <__umoddi3+0xcc>
800032cc:	00d7f463          	bgeu	a5,a3,800032d4 <__umoddi3+0xcc>
800032d0:	010787b3          	add	a5,a5,a6
800032d4:	40d787b3          	sub	a5,a5,a3
800032d8:	0117d533          	srl	a0,a5,a7
800032dc:	00000593          	li	a1,0
800032e0:	00008067          	ret
800032e4:	01000337          	lui	t1,0x1000
800032e8:	01800693          	li	a3,24
800032ec:	f46676e3          	bgeu	a2,t1,80003238 <__umoddi3+0x30>
800032f0:	01000693          	li	a3,16
800032f4:	f45ff06f          	j	80003238 <__umoddi3+0x30>
800032f8:	00000693          	li	a3,0
800032fc:	00060c63          	beqz	a2,80003314 <__umoddi3+0x10c>
80003300:	00010737          	lui	a4,0x10
80003304:	06e67e63          	bgeu	a2,a4,80003380 <__umoddi3+0x178>
80003308:	10063693          	sltiu	a3,a2,256
8000330c:	0016b693          	seqz	a3,a3
80003310:	00369693          	slli	a3,a3,0x3
80003314:	00d65733          	srl	a4,a2,a3
80003318:	00e888b3          	add	a7,a7,a4
8000331c:	0008c703          	lbu	a4,0(a7)
80003320:	00d70733          	add	a4,a4,a3
80003324:	02000693          	li	a3,32
80003328:	40e688b3          	sub	a7,a3,a4
8000332c:	06e69463          	bne	a3,a4,80003394 <__umoddi3+0x18c>
80003330:	40c58733          	sub	a4,a1,a2
80003334:	01085593          	srli	a1,a6,0x10
80003338:	02b75633          	divu	a2,a4,a1
8000333c:	01081513          	slli	a0,a6,0x10
80003340:	01055513          	srli	a0,a0,0x10
80003344:	0107d693          	srli	a3,a5,0x10
80003348:	02b77733          	remu	a4,a4,a1
8000334c:	02a60633          	mul	a2,a2,a0
80003350:	01071713          	slli	a4,a4,0x10
80003354:	00e6e733          	or	a4,a3,a4
80003358:	00c77a63          	bgeu	a4,a2,8000336c <__umoddi3+0x164>
8000335c:	00e80733          	add	a4,a6,a4
80003360:	01076663          	bltu	a4,a6,8000336c <__umoddi3+0x164>
80003364:	00c77463          	bgeu	a4,a2,8000336c <__umoddi3+0x164>
80003368:	01070733          	add	a4,a4,a6
8000336c:	40c70733          	sub	a4,a4,a2
80003370:	02b756b3          	divu	a3,a4,a1
80003374:	02b77733          	remu	a4,a4,a1
80003378:	02a686b3          	mul	a3,a3,a0
8000337c:	f35ff06f          	j	800032b0 <__umoddi3+0xa8>
80003380:	01000737          	lui	a4,0x1000
80003384:	01800693          	li	a3,24
80003388:	f8e676e3          	bgeu	a2,a4,80003314 <__umoddi3+0x10c>
8000338c:	01000693          	li	a3,16
80003390:	f85ff06f          	j	80003314 <__umoddi3+0x10c>
80003394:	01161833          	sll	a6,a2,a7
80003398:	00e5d6b3          	srl	a3,a1,a4
8000339c:	011517b3          	sll	a5,a0,a7
800033a0:	011595b3          	sll	a1,a1,a7
800033a4:	00e55733          	srl	a4,a0,a4
800033a8:	01085513          	srli	a0,a6,0x10
800033ac:	00b76733          	or	a4,a4,a1
800033b0:	02a6d5b3          	divu	a1,a3,a0
800033b4:	01081313          	slli	t1,a6,0x10
800033b8:	01035313          	srli	t1,t1,0x10
800033bc:	02a6f6b3          	remu	a3,a3,a0
800033c0:	026585b3          	mul	a1,a1,t1
800033c4:	01069613          	slli	a2,a3,0x10
800033c8:	01075693          	srli	a3,a4,0x10
800033cc:	00c6e6b3          	or	a3,a3,a2
800033d0:	00b6fa63          	bgeu	a3,a1,800033e4 <__umoddi3+0x1dc>
800033d4:	00d806b3          	add	a3,a6,a3
800033d8:	0106e663          	bltu	a3,a6,800033e4 <__umoddi3+0x1dc>
800033dc:	00b6f463          	bgeu	a3,a1,800033e4 <__umoddi3+0x1dc>
800033e0:	010686b3          	add	a3,a3,a6
800033e4:	40b686b3          	sub	a3,a3,a1
800033e8:	02a6d633          	divu	a2,a3,a0
800033ec:	01071713          	slli	a4,a4,0x10
800033f0:	01075713          	srli	a4,a4,0x10
800033f4:	02a6f6b3          	remu	a3,a3,a0
800033f8:	02660633          	mul	a2,a2,t1
800033fc:	01069693          	slli	a3,a3,0x10
80003400:	00d76733          	or	a4,a4,a3
80003404:	00c77a63          	bgeu	a4,a2,80003418 <__umoddi3+0x210>
80003408:	00e80733          	add	a4,a6,a4
8000340c:	01076663          	bltu	a4,a6,80003418 <__umoddi3+0x210>
80003410:	00c77463          	bgeu	a4,a2,80003418 <__umoddi3+0x210>
80003414:	01070733          	add	a4,a4,a6
80003418:	40c70733          	sub	a4,a4,a2
8000341c:	f19ff06f          	j	80003334 <__umoddi3+0x12c>
80003420:	1cd5e263          	bltu	a1,a3,800035e4 <__umoddi3+0x3dc>
80003424:	00010837          	lui	a6,0x10
80003428:	0506fe63          	bgeu	a3,a6,80003484 <__umoddi3+0x27c>
8000342c:	1006b813          	sltiu	a6,a3,256
80003430:	00183813          	seqz	a6,a6
80003434:	00381813          	slli	a6,a6,0x3
80003438:	800048b7          	lui	a7,0x80004
8000343c:	0106d333          	srl	t1,a3,a6
80003440:	81c88893          	addi	a7,a7,-2020 # 8000381c <__clz_tab>
80003444:	006888b3          	add	a7,a7,t1
80003448:	0008c883          	lbu	a7,0(a7)
8000344c:	02000313          	li	t1,32
80003450:	010888b3          	add	a7,a7,a6
80003454:	41130833          	sub	a6,t1,a7
80003458:	05131063          	bne	t1,a7,80003498 <__umoddi3+0x290>
8000345c:	00b6e463          	bltu	a3,a1,80003464 <__umoddi3+0x25c>
80003460:	00c56c63          	bltu	a0,a2,80003478 <__umoddi3+0x270>
80003464:	40c50633          	sub	a2,a0,a2
80003468:	40d586b3          	sub	a3,a1,a3
8000346c:	00c53733          	sltu	a4,a0,a2
80003470:	00060793          	mv	a5,a2
80003474:	40e68733          	sub	a4,a3,a4
80003478:	00078513          	mv	a0,a5
8000347c:	00070593          	mv	a1,a4
80003480:	00008067          	ret
80003484:	010008b7          	lui	a7,0x1000
80003488:	01800813          	li	a6,24
8000348c:	fb16f6e3          	bgeu	a3,a7,80003438 <__umoddi3+0x230>
80003490:	01000813          	li	a6,16
80003494:	fa5ff06f          	j	80003438 <__umoddi3+0x230>
80003498:	011657b3          	srl	a5,a2,a7
8000349c:	010696b3          	sll	a3,a3,a6
800034a0:	00d7e6b3          	or	a3,a5,a3
800034a4:	0115d733          	srl	a4,a1,a7
800034a8:	0106d313          	srli	t1,a3,0x10
800034ac:	02675f33          	divu	t5,a4,t1
800034b0:	01069e13          	slli	t3,a3,0x10
800034b4:	010e5e13          	srli	t3,t3,0x10
800034b8:	010597b3          	sll	a5,a1,a6
800034bc:	011555b3          	srl	a1,a0,a7
800034c0:	00f5e5b3          	or	a1,a1,a5
800034c4:	0105d793          	srli	a5,a1,0x10
800034c8:	01061633          	sll	a2,a2,a6
800034cc:	01051533          	sll	a0,a0,a6
800034d0:	02677733          	remu	a4,a4,t1
800034d4:	03ee0eb3          	mul	t4,t3,t5
800034d8:	01071713          	slli	a4,a4,0x10
800034dc:	00e7e7b3          	or	a5,a5,a4
800034e0:	000f0713          	mv	a4,t5
800034e4:	01d7fe63          	bgeu	a5,t4,80003500 <__umoddi3+0x2f8>
800034e8:	00f687b3          	add	a5,a3,a5
800034ec:	ffff0713          	addi	a4,t5,-1
800034f0:	00d7e863          	bltu	a5,a3,80003500 <__umoddi3+0x2f8>
800034f4:	01d7f663          	bgeu	a5,t4,80003500 <__umoddi3+0x2f8>
800034f8:	ffef0713          	addi	a4,t5,-2
800034fc:	00d787b3          	add	a5,a5,a3
80003500:	41d787b3          	sub	a5,a5,t4
80003504:	0267deb3          	divu	t4,a5,t1
80003508:	01059593          	slli	a1,a1,0x10
8000350c:	0105d593          	srli	a1,a1,0x10
80003510:	0267f7b3          	remu	a5,a5,t1
80003514:	000e8313          	mv	t1,t4
80003518:	03de0e33          	mul	t3,t3,t4
8000351c:	01079793          	slli	a5,a5,0x10
80003520:	00f5e5b3          	or	a1,a1,a5
80003524:	01c5fe63          	bgeu	a1,t3,80003540 <__umoddi3+0x338>
80003528:	00b685b3          	add	a1,a3,a1
8000352c:	fffe8313          	addi	t1,t4,-1
80003530:	00d5e863          	bltu	a1,a3,80003540 <__umoddi3+0x338>
80003534:	01c5f663          	bgeu	a1,t3,80003540 <__umoddi3+0x338>
80003538:	ffee8313          	addi	t1,t4,-2
8000353c:	00d585b3          	add	a1,a1,a3
80003540:	01071793          	slli	a5,a4,0x10
80003544:	0067e7b3          	or	a5,a5,t1
80003548:	41c585b3          	sub	a1,a1,t3
8000354c:	01031313          	slli	t1,t1,0x10
80003550:	01061e13          	slli	t3,a2,0x10
80003554:	01065713          	srli	a4,a2,0x10
80003558:	01035313          	srli	t1,t1,0x10
8000355c:	0107d793          	srli	a5,a5,0x10
80003560:	010e5e13          	srli	t3,t3,0x10
80003564:	03c30eb3          	mul	t4,t1,t3
80003568:	03c78e33          	mul	t3,a5,t3
8000356c:	02e30333          	mul	t1,t1,a4
80003570:	02e787b3          	mul	a5,a5,a4
80003574:	01c30333          	add	t1,t1,t3
80003578:	010ed713          	srli	a4,t4,0x10
8000357c:	00670733          	add	a4,a4,t1
80003580:	01c77663          	bgeu	a4,t3,8000358c <__umoddi3+0x384>
80003584:	00010337          	lui	t1,0x10
80003588:	006787b3          	add	a5,a5,t1
8000358c:	01075313          	srli	t1,a4,0x10
80003590:	010e9e93          	slli	t4,t4,0x10
80003594:	01071713          	slli	a4,a4,0x10
80003598:	010ede93          	srli	t4,t4,0x10
8000359c:	00f307b3          	add	a5,t1,a5
800035a0:	01d70733          	add	a4,a4,t4
800035a4:	00f5e663          	bltu	a1,a5,800035b0 <__umoddi3+0x3a8>
800035a8:	00f59e63          	bne	a1,a5,800035c4 <__umoddi3+0x3bc>
800035ac:	00e57c63          	bgeu	a0,a4,800035c4 <__umoddi3+0x3bc>
800035b0:	40c70633          	sub	a2,a4,a2
800035b4:	00c73333          	sltu	t1,a4,a2
800035b8:	00d306b3          	add	a3,t1,a3
800035bc:	00060713          	mv	a4,a2
800035c0:	40d787b3          	sub	a5,a5,a3
800035c4:	40e50733          	sub	a4,a0,a4
800035c8:	00e53533          	sltu	a0,a0,a4
800035cc:	40f585b3          	sub	a1,a1,a5
800035d0:	40a585b3          	sub	a1,a1,a0
800035d4:	011598b3          	sll	a7,a1,a7
800035d8:	01075733          	srl	a4,a4,a6
800035dc:	00e8e533          	or	a0,a7,a4
800035e0:	0105d5b3          	srl	a1,a1,a6
800035e4:	00008067          	ret

Disassembly of section .text.startup:

800035e8 <main>:
800035e8:	00001537          	lui	a0,0x1
800035ec:	ff010113          	addi	sp,sp,-16
800035f0:	80050513          	addi	a0,a0,-2048 # 800 <buflen.1+0x7c0>
800035f4:	00000597          	auipc	a1,0x0
800035f8:	36458593          	addi	a1,a1,868 # 80003958 <verify_data>
800035fc:	00112623          	sw	ra,12(sp)
80003600:	a4dfe0ef          	jal	8000204c <sort>
80003604:	00002517          	auipc	a0,0x2
80003608:	35450513          	addi	a0,a0,852 # 80005958 <input_data>
8000360c:	9f5fe0ef          	jal	80002000 <verify.constprop.0>
80003610:	00050a63          	beqz	a0,80003624 <main+0x3c>
80003614:	00c12083          	lw	ra,12(sp)
80003618:	00100513          	li	a0,1
8000361c:	01010113          	addi	sp,sp,16
80003620:	00008067          	ret
80003624:	00100513          	li	a0,1
80003628:	968ff0ef          	jal	80002790 <setStats>
8000362c:	00001537          	lui	a0,0x1
80003630:	80050513          	addi	a0,a0,-2048 # 800 <buflen.1+0x7c0>
80003634:	00002597          	auipc	a1,0x2
80003638:	32458593          	addi	a1,a1,804 # 80005958 <input_data>
8000363c:	a11fe0ef          	jal	8000204c <sort>
80003640:	00000513          	li	a0,0
80003644:	94cff0ef          	jal	80002790 <setStats>
80003648:	00c12083          	lw	ra,12(sp)
8000364c:	00000517          	auipc	a0,0x0
80003650:	30c50513          	addi	a0,a0,780 # 80003958 <verify_data>
80003654:	01010113          	addi	sp,sp,16
80003658:	9a9fe06f          	j	80002000 <verify.constprop.0>
8000365c:	ff010113          	addi	sp,sp,-16
80003660:	00000517          	auipc	a0,0x0
80003664:	04050513          	addi	a0,a0,64 # 800036a0 <main+0xb8>
80003668:	00112623          	sw	ra,12(sp)
8000366c:	9ecff0ef          	jal	80002858 <printstr>
80003670:	00c12083          	lw	ra,12(sp)
80003674:	fff00513          	li	a0,-1
80003678:	01010113          	addi	sp,sp,16
8000367c:	00008067          	ret

Disassembly of section .data:

80003958 <verify_data>:
80003958:	000a8b27          	.insn	4, 0x000a8b27
8000395c:	bef4                	.insn	2, 0xbef4
8000395e:	000d                	.insn	2, 0x000d
80003960:	83c4                	.insn	2, 0x83c4
80003962:	0021                	.insn	2, 0x0021
80003964:	9b62                	.insn	2, 0x9b62
80003966:	0026                	.insn	2, 0x0026
80003968:	0030356f          	jal	a0,8000716a <input_data+0x1812>
8000396c:	be92                	.insn	2, 0xbe92
8000396e:	0035                	.insn	2, 0x0035
80003970:	0039e5ef          	jal	a1,800a2172 <__global_pointer$+0x9a01a>
80003974:	82bc                	.insn	2, 0x82bc
80003976:	003d                	.insn	2, 0x003d
80003978:	02d6                	.insn	2, 0x02d6
8000397a:	0051                	.insn	2, 0x0051
8000397c:	d704                	.insn	2, 0xd704
8000397e:	0051                	.insn	2, 0x0051
80003980:	00949033          	sll	zero,s1,s1
80003984:	1df9                	.insn	2, 0x1df9
80003986:	779600af          	.insn	4, 0x779600af
8000398a:	00c2                	.insn	2, 0x00c2
8000398c:	1040                	.insn	2, 0x1040
8000398e:	00c4                	.insn	2, 0x00c4
80003990:	00c56a53          	.insn	4, 0x00c56a53
80003994:	1f1d                	.insn	2, 0x1f1d
80003996:	00c9                	.insn	2, 0x00c9
80003998:	00d3e7bb          	.insn	4, 0x00d3e7bb
8000399c:	8b4c                	.insn	2, 0x8b4c
8000399e:	459500d7          	.insn	4, 0x459500d7
800039a2:	00d9                	.insn	2, 0x00d9
800039a4:	6bd8                	.insn	2, 0x6bd8
800039a6:	00fa                	.insn	2, 0x00fa
800039a8:	0125630f          	.insn	4, 0x0125630f
800039ac:	ffb9                	.insn	2, 0xffb9
800039ae:	013a                	.insn	2, 0x013a
800039b0:	d932                	.insn	2, 0xd932
800039b2:	0144                	.insn	2, 0x0144
800039b4:	c7f5                	.insn	2, 0xc7f5
800039b6:	0151                	.insn	2, 0x0151
800039b8:	54ee                	.insn	2, 0x54ee
800039ba:	5b5b015b          	.insn	4, 0x5b5b015b
800039be:	00ad0163          	beq	s10,a0,800039c0 <verify_data+0x68>
800039c2:	0174                	.insn	2, 0x0174
800039c4:	fa95                	.insn	2, 0xfa95
800039c6:	018a                	.insn	2, 0x018a
800039c8:	30b0                	.insn	2, 0x30b0
800039ca:	0191                	.insn	2, 0x0191
800039cc:	019736cb          	.insn	4, 0x019736cb
800039d0:	befe                	.insn	2, 0xbefe
800039d2:	01a1                	.insn	2, 0x01a1
800039d4:	9418                	.insn	2, 0x9418
800039d6:	01a4                	.insn	2, 0x01a4
800039d8:	2a85                	.insn	2, 0x2a85
800039da:	532401af          	.insn	4, 0x532401af
800039de:	e9c701b7          	lui	gp,0xe9c70
800039e2:	01d8                	.insn	2, 0x01d8
800039e4:	01db5cd7          	.insn	4, 0x01db5cd7
800039e8:	c8a5                	.insn	2, 0xc8a5
800039ea:	01e1                	.insn	2, 0x01e1
800039ec:	2134                	.insn	2, 0x2134
800039ee:	01e2                	.insn	2, 0x01e2
800039f0:	2442                	.insn	2, 0x2442
800039f2:	021f 2b34 0223      	.insn	6, 0x02232b34021f
800039f8:	d6fc                	.insn	2, 0xd6fc
800039fa:	0234                	.insn	2, 0x0234
800039fc:	bdad                	.insn	2, 0xbdad
800039fe:	0236                	.insn	2, 0x0236
80003a00:	4c36                	.insn	2, 0x4c36
80003a02:	024d                	.insn	2, 0x024d
80003a04:	8266                	.insn	2, 0x8266
80003a06:	027c                	.insn	2, 0x027c
80003a08:	31ca                	.insn	2, 0x31ca
80003a0a:	0281                	.insn	2, 0x0281
80003a0c:	b6de                	.insn	2, 0xb6de
80003a0e:	029e                	.insn	2, 0x029e
80003a10:	b6a6                	.insn	2, 0xb6a6
80003a12:	02cd                	.insn	2, 0x02cd
80003a14:	127d                	.insn	2, 0x127d
80003a16:	02d4                	.insn	2, 0x02d4
80003a18:	3e02                	.insn	2, 0x3e02
80003a1a:	02d4                	.insn	2, 0x02d4
80003a1c:	02e12ea7          	.insn	4, 0x02e12ea7
80003a20:	4258                	.insn	2, 0x4258
80003a22:	02e8                	.insn	2, 0x02e8
80003a24:	03065ce3          	bge	a2,a6,8000425c <verify_data+0x904>
80003a28:	b802                	.insn	2, 0xb802
80003a2a:	0309                	.insn	2, 0x0309
80003a2c:	c325                	.insn	2, 0xc325
80003a2e:	0314                	.insn	2, 0x0314
80003a30:	f686                	.insn	2, 0xf686
80003a32:	0335                	.insn	2, 0x0335
80003a34:	472e                	.insn	2, 0x472e
80003a36:	034e                	.insn	2, 0x034e
80003a38:	705c                	.insn	2, 0x705c
80003a3a:	55e00377          	.insn	4, 0x55e00377
80003a3e:	0378                	.insn	2, 0x0378
80003a40:	2382                	.insn	2, 0x2382
80003a42:	038a                	.insn	2, 0x038a
80003a44:	b6cd                	.insn	2, 0xb6cd
80003a46:	b922039b          	.insn	4, 0xb922039b
80003a4a:	03ad                	.insn	2, 0x03ad
80003a4c:	3e1f 03b5 08ea      	.insn	6, 0x08ea03b53e1f
80003a52:	03c5                	.insn	2, 0x03c5
80003a54:	b410                	.insn	2, 0xb410
80003a56:	03dc                	.insn	2, 0x03dc
80003a58:	ea69                	.insn	2, 0xea69
80003a5a:	a10703f7          	.insn	4, 0xa10703f7
80003a5e:	040e                	.insn	2, 0x040e
80003a60:	aaf4                	.insn	2, 0xaaf4
80003a62:	041e                	.insn	2, 0x041e
80003a64:	6f58                	.insn	2, 0x6f58
80003a66:	042a                	.insn	2, 0x042a
80003a68:	042c2c93          	slti	s9,s8,66
80003a6c:	c4c2                	.insn	2, 0xc4c2
80003a6e:	0439                	.insn	2, 0x0439
80003a70:	82a8                	.insn	2, 0x82a8
80003a72:	e231044f          	.insn	4, 0xe231044f
80003a76:	0456                	.insn	2, 0x0456
80003a78:	f6c6                	.insn	2, 0xf6c6
80003a7a:	0458                	.insn	2, 0x0458
80003a7c:	b2da                	.insn	2, 0xb2da
80003a7e:	0476                	.insn	2, 0x0476
80003a80:	7e24                	.insn	2, 0x7e24
80003a82:	0486                	.insn	2, 0x0486
80003a84:	86b6                	.insn	2, 0x86b6
80003a86:	0498                	.insn	2, 0x0498
80003a88:	49b6                	.insn	2, 0x49b6
80003a8a:	049e                	.insn	2, 0x049e
80003a8c:	80f2                	.insn	2, 0x80f2
80003a8e:	9c1c04ab          	.insn	4, 0x9c1c04ab
80003a92:	04c9                	.insn	2, 0x04c9
80003a94:	deea                	.insn	2, 0xdeea
80003a96:	04ca                	.insn	2, 0x04ca
80003a98:	04d2734b          	.insn	4, 0x04d2734b
80003a9c:	04da198b          	.insn	4, 0x04da198b
80003aa0:	a428                	.insn	2, 0xa428
80003aa2:	04f0                	.insn	2, 0x04f0
80003aa4:	d981                	.insn	2, 0xd981
80003aa6:	3571050f          	.insn	4, 0x3571050f
80003aaa:	053d                	.insn	2, 0x053d
80003aac:	5552                	.insn	2, 0x5552
80003aae:	24a4054b          	.insn	4, 0x24a4054b
80003ab2:	0554                	.insn	2, 0x0554
80003ab4:	415f 055e 41a4      	.insn	6, 0x41a4055e415f
80003aba:	f25c056f          	jal	a0,7ffc49de <buflen.1+0x7ffc499e>
80003abe:	057f 45bf 0585 efda 	.insn	10, 0x0588efda058545bf057f
80003ac6:	0588 
80003ac8:	058dfb67          	.insn	4, 0x058dfb67
80003acc:	05a5ef07          	.insn	4, 0x05a5ef07
80003ad0:	1220                	.insn	2, 0x1220
80003ad2:	05b5                	.insn	2, 0x05b5
80003ad4:	6e11                	.insn	2, 0x6e11
80003ad6:	05ee                	.insn	2, 0x05ee
80003ad8:	a4ed                	.insn	2, 0xa4ed
80003ada:	063c                	.insn	2, 0x063c
80003adc:	0340                	.insn	2, 0x0340
80003ade:	063e                	.insn	2, 0x063e
80003ae0:	091f 0648 d5d4      	.insn	6, 0xd5d40648091f
80003ae6:	0654                	.insn	2, 0x0654
80003ae8:	065a84b7          	lui	s1,0x65a8
80003aec:	06622783          	lw	a5,102(tp) # 66 <buflen.1+0x26>
80003af0:	2422                	.insn	2, 0x2422
80003af2:	47c40663          	beq	s0,t3,80003f5e <verify_data+0x606>
80003af6:	0670                	.insn	2, 0x0670
80003af8:	3ad6                	.insn	2, 0x3ad6
80003afa:	0675                	.insn	2, 0x0675
80003afc:	417f 0676 895f 0679 	.insn	18, 0x864806873ee4067fc1000679895f0676417f
80003b04:	c100 067f 3ee4 0687 
80003b0c:	8648 
80003b0e:	06ad                	.insn	2, 0x06ad
80003b10:	e19d                	.insn	2, 0xe19d
80003b12:	06b6                	.insn	2, 0x06b6
80003b14:	06c34b8b          	.insn	4, 0x06c34b8b
80003b18:	1870                	.insn	2, 0x1870
80003b1a:	06c5                	.insn	2, 0x06c5
80003b1c:	9628                	.insn	2, 0x9628
80003b1e:	06ce                	.insn	2, 0x06ce
80003b20:	02e2                	.insn	2, 0x02e2
80003b22:	b7c306db          	.insn	4, 0xb7c306db
80003b26:	06f5                	.insn	2, 0x06f5
80003b28:	3fc0                	.insn	2, 0x3fc0
80003b2a:	06fd                	.insn	2, 0x06fd
80003b2c:	8f21                	.insn	2, 0x8f21
80003b2e:	06fd                	.insn	2, 0x06fd
80003b30:	f79f 0704 25d6      	.insn	6, 0x25d60704f79f
80003b36:	071c                	.insn	2, 0x071c
80003b38:	d1ee                	.insn	2, 0xd1ee
80003b3a:	0721                	.insn	2, 0x0721
80003b3c:	07477a3f 075a3493 	.insn	8, 0x075a349307477a3f
80003b44:	076267bf 079f193f 	.insn	8, 0x079f193f076267bf
80003b4c:	afe9                	.insn	2, 0xafe9
80003b4e:	07a1                	.insn	2, 0x07a1
80003b50:	a8fc                	.insn	2, 0xa8fc
80003b52:	154507bf 7b3807d5 	.insn	8, 0x7b3807d5154507bf
80003b5a:	07f9                	.insn	2, 0x07f9
80003b5c:	08039873          	csrrw	a6,0x80,t2
80003b60:	2215                	.insn	2, 0x2215
80003b62:	080c                	.insn	2, 0x080c
80003b64:	49ca                	.insn	2, 0x49ca
80003b66:	0816                	.insn	2, 0x0816
80003b68:	082b2a17          	auipc	s4,0x82b2
80003b6c:	9b68                	.insn	2, 0x9b68
80003b6e:	0836                	.insn	2, 0x0836
80003b70:	8469                	.insn	2, 0x8469
80003b72:	0850                	.insn	2, 0x0850
80003b74:	08606c9b          	.insn	4, 0x08606c9b
80003b78:	da71                	.insn	2, 0xda71
80003b7a:	08ad                	.insn	2, 0x08ad
80003b7c:	08b3d3db          	.insn	4, 0x08b3d3db
80003b80:	09fd                	.insn	2, 0x09fd
80003b82:	08d4                	.insn	2, 0x08d4
80003b84:	08da5b6b          	.insn	4, 0x08da5b6b
80003b88:	2c11                	.insn	2, 0x2c11
80003b8a:	08e4                	.insn	2, 0x08e4
80003b8c:	08fe3757          	.insn	4, 0x08fe3757
80003b90:	6d30                	.insn	2, 0x6d30
80003b92:	0906                	.insn	2, 0x0906
80003b94:	8185                	.insn	2, 0x8185
80003b96:	03e50913          	addi	s2,a0,62
80003b9a:	094a                	.insn	2, 0x094a
80003b9c:	f9c1                	.insn	2, 0xf9c1
80003b9e:	f94f0953          	.insn	4, 0xf94f0953
80003ba2:	89600957          	.insn	4, 0x89600957
80003ba6:	099f 54b6 09a0      	.insn	6, 0x09a054b6099f
80003bac:	b5b6                	.insn	2, 0xb5b6
80003bae:	09bc                	.insn	2, 0x09bc
80003bb0:	09fe3077          	.insn	4, 0x09fe3077
80003bb4:	4130                	.insn	2, 0x4130
80003bb6:	379b0a0f          	.insn	4, 0x379b0a0f
80003bba:	d3450a17          	auipc	s4,0xd3450
80003bbe:	0a1d                	.insn	2, 0x0a1d
80003bc0:	4a15                	.insn	2, 0x4a15
80003bc2:	0a26                	.insn	2, 0x0a26
80003bc4:	2f1a                	.insn	2, 0x2f1a
80003bc6:	0a42                	.insn	2, 0x0a42
80003bc8:	0a50ba03          	.insn	4, 0x0a50ba03
80003bcc:	53d9                	.insn	2, 0x53d9
80003bce:	0a5c                	.insn	2, 0x0a5c
80003bd0:	48d2                	.insn	2, 0x48d2
80003bd2:	0a60                	.insn	2, 0x0a60
80003bd4:	0a6dc44f          	.insn	4, 0x0a6dc44f
80003bd8:	c97f 0a79 2930 0a7b 	.insn	18, 0xd0990a8e58740a7dea250a7b29300a79c97f
80003be0:	ea25 0a7d 5874 0a8e 
80003be8:	d099 
80003bea:	0aa9                	.insn	2, 0x0aa9
80003bec:	f591                	.insn	2, 0xf591
80003bee:	0ac2                	.insn	2, 0x0ac2
80003bf0:	0ac3bca3          	.insn	4, 0x0ac3bca3
80003bf4:	8142                	.insn	2, 0x8142
80003bf6:	0ad2                	.insn	2, 0x0ad2
80003bf8:	3aae                	.insn	2, 0x3aae
80003bfa:	0ae2                	.insn	2, 0x0ae2
80003bfc:	ba5a                	.insn	2, 0xba5a
80003bfe:	0af2                	.insn	2, 0x0af2
80003c00:	0b0fe933          	.insn	4, 0x0b0fe933
80003c04:	eae8                	.insn	2, 0xeae8
80003c06:	0b10                	.insn	2, 0x0b10
80003c08:	d360                	.insn	2, 0xd360
80003c0a:	0b15                	.insn	2, 0x0b15
80003c0c:	dbe0                	.insn	2, 0xdbe0
80003c0e:	dcd00b17          	auipc	s6,0xdcd00
80003c12:	0b18                	.insn	2, 0x0b18
80003c14:	e892                	.insn	2, 0xe892
80003c16:	0b34                	.insn	2, 0x0b34
80003c18:	0b5676e3          	bgeu	a2,s5,800044c4 <verify_data+0xb6c>
80003c1c:	5a9a                	.insn	2, 0x5a9a
80003c1e:	7c260b5b          	.insn	4, 0x7c260b5b
80003c22:	0b5f 4814 0b8e      	.insn	6, 0x0b8e48140b5f
80003c28:	3f66                	.insn	2, 0x3f66
80003c2a:	0ba5                	.insn	2, 0x0ba5
80003c2c:	db0a                	.insn	2, 0xdb0a
80003c2e:	0bb4                	.insn	2, 0x0bb4
80003c30:	b420                	.insn	2, 0xb420
80003c32:	0bcc                	.insn	2, 0x0bcc
80003c34:	16b9                	.insn	2, 0x16b9
80003c36:	0bd0                	.insn	2, 0x0bd0
80003c38:	cd60                	.insn	2, 0xcd60
80003c3a:	0bd0                	.insn	2, 0x0bd0
80003c3c:	0919                	.insn	2, 0x0919
80003c3e:	0bed                	.insn	2, 0x0bed
80003c40:	9f16                	.insn	2, 0x9f16
80003c42:	f2ea0bef          	jal	s7,7ffa4370 <buflen.1+0x7ffa4330>
80003c46:	0c11                	.insn	2, 0x0c11
80003c48:	0c30a657          	.insn	4, 0x0c30a657
80003c4c:	2cec                	.insn	2, 0x2cec
80003c4e:	0c38                	.insn	2, 0x0c38
80003c50:	0c514963          	blt	sp,t0,80003d22 <verify_data+0x3ca>
80003c54:	45e2                	.insn	2, 0x45e2
80003c56:	0c68                	.insn	2, 0x0c68
80003c58:	6fc0                	.insn	2, 0x6fc0
80003c5a:	0c6c                	.insn	2, 0x0c6c
80003c5c:	d928                	.insn	2, 0xd928
80003c5e:	0c85                	.insn	2, 0x0c85
80003c60:	c4ff 0c8f 366e 0c92 	.insn	18, 0x75090caf65910ca390c00c92366e0c8fc4ff
80003c68:	90c0 0ca3 6591 0caf 
80003c70:	7509 
80003c72:	0ccc                	.insn	2, 0x0ccc
80003c74:	ea80                	.insn	2, 0xea80
80003c76:	0cd0                	.insn	2, 0x0cd0
80003c78:	8aa1                	.insn	2, 0x8aa1
80003c7a:	0ce6                	.insn	2, 0x0ce6
80003c7c:	68ec                	.insn	2, 0x68ec
80003c7e:	0ce8                	.insn	2, 0x0ce8
80003c80:	cc9f 0cfa a7e9      	.insn	6, 0xa7e90cfacc9f
80003c86:	0d08                	.insn	2, 0x0d08
80003c88:	3b0a                	.insn	2, 0x3b0a
80003c8a:	0d31                	.insn	2, 0x0d31
80003c8c:	0d36494b          	.insn	4, 0x0d36494b
80003c90:	88d1                	.insn	2, 0x88d1
80003c92:	9e8b0d43          	.insn	4, 0x9e8b0d43
80003c96:	0d6a                	.insn	2, 0x0d6a
80003c98:	18cd                	.insn	2, 0x18cd
80003c9a:	7e030d77          	.insn	4, 0x7e030d77
80003c9e:	85140d77          	.insn	4, 0x85140d77
80003ca2:	90d40d83          	lb	s11,-1779(s0)
80003ca6:	507c0d83          	lb	s11,1287(s8)
80003caa:	0d86                	.insn	2, 0x0d86
80003cac:	0d8789af          	.insn	4, 0x0d8789af
80003cb0:	0d8e43d3          	.insn	4, 0x0d8e43d3
80003cb4:	05ac                	.insn	2, 0x05ac
80003cb6:	0d95                	.insn	2, 0x0d95
80003cb8:	a911                	.insn	2, 0xa911
80003cba:	0da5                	.insn	2, 0x0da5
80003cbc:	1500                	.insn	2, 0x1500
80003cbe:	0db4                	.insn	2, 0x0db4
80003cc0:	b6ca                	.insn	2, 0xb6ca
80003cc2:	0dba                	.insn	2, 0x0dba
80003cc4:	323a                	.insn	2, 0x323a
80003cc6:	8d110dbf a4550dc7 	.insn	8, 0xa4550dc78d110dbf
80003cce:	0dd6                	.insn	2, 0x0dd6
80003cd0:	27b1                	.insn	2, 0x27b1
80003cd2:	124f0df3          	.insn	4, 0x124f0df3
80003cd6:	0e1e                	.insn	2, 0x0e1e
80003cd8:	0e20a51b          	.insn	4, 0x0e20a51b
80003cdc:	d8e0                	.insn	2, 0xd8e0
80003cde:	3b240e33          	.insn	4, 0x3b240e33
80003ce2:	0e38                	.insn	2, 0x0e38
80003ce4:	f698                	.insn	2, 0xf698
80003ce6:	0e4d                	.insn	2, 0x0e4d
80003ce8:	0e578ce3          	beq	a5,t0,800045e0 <verify_data+0xc88>
80003cec:	b631                	.insn	2, 0xb631
80003cee:	0e64                	.insn	2, 0x0e64
80003cf0:	938a                	.insn	2, 0x938a
80003cf2:	0e65                	.insn	2, 0x0e65
80003cf4:	3a1d                	.insn	2, 0x3a1d
80003cf6:	0e68                	.insn	2, 0x0e68
80003cf8:	f848                	.insn	2, 0xf848
80003cfa:	0e95                	.insn	2, 0x0e95
80003cfc:	06c9                	.insn	2, 0x06c9
80003cfe:	0e9a                	.insn	2, 0x0e9a
80003d00:	83b2                	.insn	2, 0x83b2
80003d02:	0e9f a14b 0ebc      	.insn	6, 0x0ebca14b0e9f
80003d08:	be14                	.insn	2, 0xbe14
80003d0a:	c3680ebf 1ec70ebf 	.insn	8, 0x1ec70ebfc3680ebf
80003d12:	0ee2                	.insn	2, 0x0ee2
80003d14:	0ee70b53          	.insn	4, 0x0ee70b53
80003d18:	ab91                	.insn	2, 0xab91
80003d1a:	0ee8                	.insn	2, 0x0ee8
80003d1c:	db66                	.insn	2, 0xdb66
80003d1e:	0ef1                	.insn	2, 0x0ef1
80003d20:	cfda                	.insn	2, 0xcfda
80003d22:	cd000ef3          	.insn	4, 0xcd000ef3
80003d26:	0efd                	.insn	2, 0x0efd
80003d28:	2f3e                	.insn	2, 0x2f3e
80003d2a:	0f22                	.insn	2, 0x0f22
80003d2c:	73da                	.insn	2, 0x73da
80003d2e:	0f36                	.insn	2, 0x0f36
80003d30:	760e                	.insn	2, 0x760e
80003d32:	0f45                	.insn	2, 0x0f45
80003d34:	61f6                	.insn	2, 0x61f6
80003d36:	9eb70f4f          	.insn	4, 0x9eb70f4f
80003d3a:	0f5c                	.insn	2, 0x0f5c
80003d3c:	0f637b73          	csrrci	s6,0xf6,6
80003d40:	c1b1                	.insn	2, 0xc1b1
80003d42:	dcbd0f7b          	.insn	4, 0xdcbd0f7b
80003d46:	5fc40f7b          	.insn	4, 0x5fc40f7b
80003d4a:	82b70f83          	lb	t6,-2005(a4) # fff82b <buflen.1+0xfff7eb>
80003d4e:	0f89                	.insn	2, 0x0f89
80003d50:	9338                	.insn	2, 0x9338
80003d52:	0f89                	.insn	2, 0x0f89
80003d54:	0f8b5fbf 0f97096e 	.insn	8, 0x0f97096e0f8b5fbf
80003d5c:	1efe                	.insn	2, 0x1efe
80003d5e:	0fd1                	.insn	2, 0x0fd1
80003d60:	c2dc                	.insn	2, 0xc2dc
80003d62:	0fec                	.insn	2, 0x0fec
80003d64:	b0dc                	.insn	2, 0xb0dc
80003d66:	0ffa                	.insn	2, 0x0ffa
80003d68:	2d4e                	.insn	2, 0x2d4e
80003d6a:	233d100b          	.insn	4, 0x233d100b
80003d6e:	101e                	.insn	2, 0x101e
80003d70:	10244d23          	.insn	4, 0x10244d23
80003d74:	f81f 1034 4c25      	.insn	6, 0x4c251034f81f
80003d7a:	1060                	.insn	2, 0x1060
80003d7c:	45f5                	.insn	2, 0x45f5
80003d7e:	108a                	.insn	2, 0x108a
80003d80:	0f29                	.insn	2, 0x0f29
80003d82:	1091                	.insn	2, 0x1091
80003d84:	0db2                	.insn	2, 0x0db2
80003d86:	10a5                	.insn	2, 0x10a5
80003d88:	8f9a                	.insn	2, 0x8f9a
80003d8a:	10c4                	.insn	2, 0x10c4
80003d8c:	10e4ceaf          	.insn	4, 0x10e4ceaf
80003d90:	8979                	.insn	2, 0x8979
80003d92:	dde610f7          	.insn	4, 0xdde610f7
80003d96:	1122                	.insn	2, 0x1122
80003d98:	112b5d0f          	.insn	4, 0x112b5d0f
80003d9c:	43c8                	.insn	2, 0x43c8
80003d9e:	1144                	.insn	2, 0x1144
80003da0:	dc36                	.insn	2, 0xdc36
80003da2:	115c                	.insn	2, 0x115c
80003da4:	7eec                	.insn	2, 0x7eec
80003da6:	1178                	.insn	2, 0x1178
80003da8:	0002                	.insn	2, 0x0002
80003daa:	1189                	.insn	2, 0x1189
80003dac:	119f8227          	.insn	4, 0x119f8227
80003db0:	4fc8                	.insn	2, 0x4fc8
80003db2:	182611cf          	.insn	4, 0x182611cf
80003db6:	11da                	.insn	2, 0x11da
80003db8:	8de8                	.insn	2, 0x8de8
80003dba:	11e4                	.insn	2, 0x11e4
80003dbc:	12e0                	.insn	2, 0x12e0
80003dbe:	3fa611eb          	.insn	4, 0x3fa611eb
80003dc2:	11f6                	.insn	2, 0x11f6
80003dc4:	04bd                	.insn	2, 0x04bd
80003dc6:	2b6111fb          	.insn	4, 0x2b6111fb
80003dca:	824211fb          	.insn	4, 0x824211fb
80003dce:	51f61203          	lh	tp,1311(a2)
80003dd2:	121c                	.insn	2, 0x121c
80003dd4:	acb4                	.insn	2, 0xacb4
80003dd6:	1220                	.insn	2, 0x1220
80003dd8:	e474                	.insn	2, 0xe474
80003dda:	1221                	.insn	2, 0x1221
80003ddc:	321c                	.insn	2, 0x321c
80003dde:	1225                	.insn	2, 0x1225
80003de0:	671f 1235 6343      	.insn	6, 0x63431235671f
80003de6:	1239                	.insn	2, 0x1239
80003de8:	c895                	.insn	2, 0xc895
80003dea:	63be125b          	.insn	4, 0x63be125b
80003dee:	1266                	.insn	2, 0x1266
80003df0:	6746                	.insn	2, 0x6746
80003df2:	1268                	.insn	2, 0x1268
80003df4:	c920                	.insn	2, 0xc920
80003df6:	1268                	.insn	2, 0x1268
80003df8:	6408                	.insn	2, 0x6408
80003dfa:	127e                	.insn	2, 0x127e
80003dfc:	6db5                	.insn	2, 0x6db5
80003dfe:	1744128b          	.insn	4, 0x1744128b
80003e02:	12dd                	.insn	2, 0x12dd
80003e04:	12f40083          	lb	ra,303(s0)
80003e08:	bfaa                	.insn	2, 0xbfaa
80003e0a:	e74112ff c0ac1314 	.insn	12, 0x2441133cc0ac1314e74112ff
80003e12:	2441133c 
80003e16:	0e9b1353          	.insn	4, 0x0e9b1353
80003e1a:	1364                	.insn	2, 0x1364
80003e1c:	136948cb          	.insn	4, 0x136948cb
80003e20:	4dd8                	.insn	2, 0x4dd8
80003e22:	1395                	.insn	2, 0x1395
80003e24:	e4b2                	.insn	2, 0xe4b2
80003e26:	139c                	.insn	2, 0x139c
80003e28:	db86                	.insn	2, 0xdb86
80003e2a:	a26a13a7          	.insn	4, 0xa26a13a7
80003e2e:	13b2                	.insn	2, 0x13b2
80003e30:	13bf00c7          	.insn	4, 0x13bf00c7
80003e34:	13ccfe2f          	.insn	4, 0x13ccfe2f
80003e38:	b436                	.insn	2, 0xb436
80003e3a:	13e5                	.insn	2, 0x13e5
80003e3c:	13e702e3          	beq	a4,t5,80004760 <verify_data+0xe08>
80003e40:	0138                	.insn	2, 0x0138
80003e42:	13e9                	.insn	2, 0x13e9
80003e44:	a794                	.insn	2, 0xa794
80003e46:	13fe                	.insn	2, 0x13fe
80003e48:	140a3777          	.insn	4, 0x140a3777
80003e4c:	98ae                	.insn	2, 0x98ae
80003e4e:	142d                	.insn	2, 0x142d
80003e50:	8655                	.insn	2, 0x8655
80003e52:	bdd61447          	.insn	4, 0xbdd61447
80003e56:	144a                	.insn	2, 0x144a
80003e58:	81a2                	.insn	2, 0x81a2
80003e5a:	145a                	.insn	2, 0x145a
80003e5c:	145d8bd7          	.insn	4, 0x145d8bd7
80003e60:	14624fa3          	.insn	4, 0x14624fa3
80003e64:	5a5e                	.insn	2, 0x5a5e
80003e66:	1472                	.insn	2, 0x1472
80003e68:	14739627          	.insn	4, 0x14739627
80003e6c:	2e08                	.insn	2, 0x2e08
80003e6e:	147c                	.insn	2, 0x147c
80003e70:	e22a                	.insn	2, 0xe22a
80003e72:	1488                	.insn	2, 0x1488
80003e74:	2630                	.insn	2, 0x2630
80003e76:	148e                	.insn	2, 0x148e
80003e78:	14a8aca7          	.insn	4, 0x14a8aca7
80003e7c:	108a                	.insn	2, 0x108a
80003e7e:	14c0                	.insn	2, 0x14c0
80003e80:	14d11f33          	.insn	4, 0x14d11f33
80003e84:	14df5beb          	.insn	4, 0x14df5beb
80003e88:	26d6                	.insn	2, 0x26d6
80003e8a:	caae14f7          	.insn	4, 0xcaae14f7
80003e8e:	1518                	.insn	2, 0x1518
80003e90:	3f1e                	.insn	2, 0x3f1e
80003e92:	1532                	.insn	2, 0x1532
80003e94:	7742                	.insn	2, 0x7742
80003e96:	1540                	.insn	2, 0x1540
80003e98:	1541dfdb          	.insn	4, 0x1541dfdb
80003e9c:	63a5                	.insn	2, 0x63a5
80003e9e:	1542                	.insn	2, 0x1542
80003ea0:	1fe2                	.insn	2, 0x1fe2
80003ea2:	1571                	.insn	2, 0x1571
80003ea4:	d1f1                	.insn	2, 0xd1f1
80003ea6:	157e                	.insn	2, 0x157e
80003ea8:	18e0                	.insn	2, 0x18e0
80003eaa:	159f b440 15aa      	.insn	6, 0x15aab440159f
80003eb0:	15bb2fe7          	.insn	4, 0x15bb2fe7
80003eb4:	a9d0                	.insn	2, 0xa9d0
80003eb6:	a7d115bb          	.insn	4, 0xa7d115bb
80003eba:	15c5                	.insn	2, 0x15c5
80003ebc:	7f16                	.insn	2, 0x7f16
80003ebe:	15ce                	.insn	2, 0x15ce
80003ec0:	68b2                	.insn	2, 0x68b2
80003ec2:	0f8915db          	.insn	4, 0x0f8915db
80003ec6:	15ee                	.insn	2, 0x15ee
80003ec8:	15f77ee7          	.insn	4, 0x15f77ee7
80003ecc:	15fcce2f          	.insn	4, 0x15fcce2f
80003ed0:	12d6                	.insn	2, 0x12d6
80003ed2:	1629                	.insn	2, 0x1629
80003ed4:	8dc1                	.insn	2, 0x8dc1
80003ed6:	1630                	.insn	2, 0x1630
80003ed8:	5f2d                	.insn	2, 0x5f2d
80003eda:	eb5f1633          	.insn	4, 0xeb5f1633
80003ede:	fd611633          	.insn	4, 0xfd611633
80003ee2:	163e                	.insn	2, 0x163e
80003ee4:	2ff2                	.insn	2, 0x2ff2
80003ee6:	1640                	.insn	2, 0x1640
80003ee8:	379a                	.insn	2, 0x379a
80003eea:	39421667          	.insn	4, 0x39421667
80003eee:	1675                	.insn	2, 0x1675
80003ef0:	bf1f 1695 42fc      	.insn	6, 0x42fc1695bf1f
80003ef6:	169e                	.insn	2, 0x169e
80003ef8:	6ad2                	.insn	2, 0x6ad2
80003efa:	0ad616a7          	.insn	4, 0x0ad616a7
80003efe:	534b16b7          	lui	a3,0x534b1
80003f02:	16be                	.insn	2, 0x16be
80003f04:	d8e5                	.insn	2, 0xd8e5
80003f06:	4eab16c3          	.insn	4, 0x4eab16c3
80003f0a:	098116cb          	.insn	4, 0x098116cb
80003f0e:	1700                	.insn	2, 0x1700
80003f10:	1692                	.insn	2, 0x1692
80003f12:	170d                	.insn	2, 0x170d
80003f14:	1621                	.insn	2, 0x1621
80003f16:	1712                	.insn	2, 0x1712
80003f18:	17155447          	.insn	4, 0x17155447
80003f1c:	7b35                	.insn	2, 0x7b35
80003f1e:	171a                	.insn	2, 0x171a
80003f20:	172d75a3          	.insn	4, 0x172d75a3
80003f24:	3a26                	.insn	2, 0x3a26
80003f26:	46e31733          	.insn	4, 0x46e31733
80003f2a:	174a                	.insn	2, 0x174a
80003f2c:	1753184b          	.insn	4, 0x1753184b
80003f30:	b7d5                	.insn	2, 0xb7d5
80003f32:	1790                	.insn	2, 0x1790
80003f34:	394c                	.insn	2, 0x394c
80003f36:	17bc                	.insn	2, 0x17bc
80003f38:	bb4a                	.insn	2, 0xbb4a
80003f3a:	17bc                	.insn	2, 0x17bc
80003f3c:	e6da                	.insn	2, 0xe6da
80003f3e:	17c6                	.insn	2, 0x17c6
80003f40:	ff59                	.insn	2, 0xff59
80003f42:	17c9                	.insn	2, 0x17c9
80003f44:	3abd                	.insn	2, 0x3abd
80003f46:	61c617cf          	.insn	4, 0x61c617cf
80003f4a:	974017d7          	.insn	4, 0x974017d7
80003f4e:	17ed                	.insn	2, 0x17ed
80003f50:	eeec                	.insn	2, 0xeeec
80003f52:	1802                	.insn	2, 0x1802
80003f54:	10d2                	.insn	2, 0x10d2
80003f56:	1aef180b          	.insn	4, 0x1aef180b
80003f5a:	184e                	.insn	2, 0x184e
80003f5c:	8e8d                	.insn	2, 0x8e8d
80003f5e:	188c                	.insn	2, 0x188c
80003f60:	c656                	.insn	2, 0xc656
80003f62:	189e                	.insn	2, 0x189e
80003f64:	a1ce                	.insn	2, 0xa1ce
80003f66:	18d2                	.insn	2, 0x18d2
80003f68:	9675                	.insn	2, 0x9675
80003f6a:	3dfe18e3          	bne	t3,t6,80004b3a <verify_data+0x11e2>
80003f6e:	18fa                	.insn	2, 0x18fa
80003f70:	19de                	.insn	2, 0x19de
80003f72:	b28018fb          	.insn	4, 0xb28018fb
80003f76:	1900                	.insn	2, 0x1900
80003f78:	4ff0                	.insn	2, 0x4ff0
80003f7a:	190a                	.insn	2, 0x190a
80003f7c:	191afacb          	.insn	4, 0x191afacb
80003f80:	ed44                	.insn	2, 0xed44
80003f82:	0a531927          	.insn	4, 0x0a531927
80003f86:	b1bf193b          	.insn	4, 0xb1bf193b
80003f8a:	194e                	.insn	2, 0x194e
80003f8c:	19a2b58b          	.insn	4, 0x19a2b58b
80003f90:	5cc9                	.insn	2, 0x5cc9
80003f92:	19c1                	.insn	2, 0x19c1
80003f94:	1980                	.insn	2, 0x1980
80003f96:	19c9                	.insn	2, 0x19c9
80003f98:	19cee96b          	.insn	4, 0x19cee96b
80003f9c:	59f1                	.insn	2, 0x59f1
80003f9e:	19d5                	.insn	2, 0x19d5
80003fa0:	4af1                	.insn	2, 0x4af1
80003fa2:	306d19eb          	.insn	4, 0x306d19eb
80003fa6:	19f1                	.insn	2, 0x19f1
80003fa8:	f8f2                	.insn	2, 0xf8f2
80003faa:	19f1                	.insn	2, 0x19f1
80003fac:	1886                	.insn	2, 0x1886
80003fae:	1a04                	.insn	2, 0x1a04
80003fb0:	af00                	.insn	2, 0xaf00
80003fb2:	1a05                	.insn	2, 0x1a05
80003fb4:	1a067347          	.insn	4, 0x1a067347
80003fb8:	efe9                	.insn	2, 0xefe9
80003fba:	1a16                	.insn	2, 0x1a16
80003fbc:	34a2                	.insn	2, 0x34a2
80003fbe:	1a26                	.insn	2, 0x1a26
80003fc0:	6680                	.insn	2, 0x6680
80003fc2:	1a72                	.insn	2, 0x1a72
80003fc4:	6a3e                	.insn	2, 0x6a3e
80003fc6:	1a7c                	.insn	2, 0x1a7c
80003fc8:	1a9b193f 1ab845a1 	.insn	8, 0x1ab845a11a9b193f
80003fd0:	c174                	.insn	2, 0xc174
80003fd2:	1abe                	.insn	2, 0x1abe
80003fd4:	8f99                	.insn	2, 0x8f99
80003fd6:	1ae8                	.insn	2, 0x1ae8
80003fd8:	88d5                	.insn	2, 0x88d5
80003fda:	1afe                	.insn	2, 0x1afe
80003fdc:	fbb4                	.insn	2, 0xfbb4
80003fde:	1b14                	.insn	2, 0x1b14
80003fe0:	2e78                	.insn	2, 0x2e78
80003fe2:	1b16                	.insn	2, 0x1b16
80003fe4:	1b1ae0d3          	.insn	4, 0x1b1ae0d3
80003fe8:	d252                	.insn	2, 0xd252
80003fea:	0fbf1b2b          	.insn	4, 0x0fbf1b2b
80003fee:	1b35                	.insn	2, 0x1b35
80003ff0:	fb86                	.insn	2, 0xfb86
80003ff2:	1b60                	.insn	2, 0x1b60
80003ff4:	1b717563          	bgeu	sp,s7,8000419e <verify_data+0x846>
80003ff8:	ab66                	.insn	2, 0xab66
80003ffa:	1b78                	.insn	2, 0x1b78
80003ffc:	0f16                	.insn	2, 0x0f16
80003ffe:	1b81                	.insn	2, 0x1b81
80004000:	1b825af3          	csrrwi	s5,0x1b8,4
80004004:	e83e                	.insn	2, 0xe83e
80004006:	1b94                	.insn	2, 0x1b94
80004008:	a632                	.insn	2, 0xa632
8000400a:	1b96                	.insn	2, 0x1b96
8000400c:	1baab177          	.insn	4, 0x1baab177
80004010:	1bb4383f 1bb928d5 	.insn	8, 0x1bb928d51bb4383f
80004018:	0309                	.insn	2, 0x0309
8000401a:	1c05                	.insn	2, 0x1c05
8000401c:	84d0                	.insn	2, 0x84d0
8000401e:	1c2d                	.insn	2, 0x1c2d
80004020:	1c2f74ab          	.insn	4, 0x1c2f74ab
80004024:	4355                	.insn	2, 0x4355
80004026:	1c36                	.insn	2, 0x1c36
80004028:	4b00                	.insn	2, 0x4b00
8000402a:	a9601c73          	csrrw	s8,0xa96,zero
8000402e:	1c74                	.insn	2, 0x1c74
80004030:	b4a9                	.insn	2, 0xb4a9
80004032:	1c88                	.insn	2, 0x1c88
80004034:	0ac5                	.insn	2, 0x0ac5
80004036:	1cb4                	.insn	2, 0x1cb4
80004038:	12d4                	.insn	2, 0x12d4
8000403a:	1cb4                	.insn	2, 0x1cb4
8000403c:	bb55                	.insn	2, 0xbb55
8000403e:	1cc8                	.insn	2, 0x1cc8
80004040:	1ccf4e3b          	.insn	4, 0x1ccf4e3b
80004044:	000d                	.insn	2, 0x000d
80004046:	1cf5                	.insn	2, 0x1cf5
80004048:	4c05                	.insn	2, 0x4c05
8000404a:	1cfa                	.insn	2, 0x1cfa
8000404c:	88a1                	.insn	2, 0x88a1
8000404e:	1cfa                	.insn	2, 0x1cfa
80004050:	9565                	.insn	2, 0x9565
80004052:	1d14                	.insn	2, 0x1d14
80004054:	da5f 1d42 1082      	.insn	6, 0x10821d42da5f
8000405a:	71bc1d5b          	.insn	4, 0x71bc1d5b
8000405e:	97091d77          	.insn	4, 0x97091d77
80004062:	1d82                	.insn	2, 0x1d82
80004064:	daea                	.insn	2, 0xdaea
80004066:	1dac                	.insn	2, 0x1dac
80004068:	9829                	.insn	2, 0x9829
8000406a:	1db9                	.insn	2, 0x1db9
8000406c:	d75f 1dcb 2524      	.insn	6, 0x25241dcbd75f
80004072:	9af51dd3          	.insn	4, 0x9af51dd3
80004076:	1dd8                	.insn	2, 0x1dd8
80004078:	8a44                	.insn	2, 0x8a44
8000407a:	daf91def          	jal	s11,7ff95e28 <buflen.1+0x7ff95de8>
8000407e:	1df0                	.insn	2, 0x1df0
80004080:	6e48                	.insn	2, 0x6e48
80004082:	1df4                	.insn	2, 0x1df4
80004084:	c9c9                	.insn	2, 0xc9c9
80004086:	1e00                	.insn	2, 0x1e00
80004088:	d51d                	.insn	2, 0xd51d
8000408a:	1e08                	.insn	2, 0x1e08
8000408c:	1e300f6b          	.insn	4, 0x1e300f6b
80004090:	25de                	.insn	2, 0x25de
80004092:	1e45                	.insn	2, 0x1e45
80004094:	8062                	.insn	2, 0x8062
80004096:	1e46                	.insn	2, 0x1e46
80004098:	1e48192b          	.insn	4, 0x1e48192b
8000409c:	7f46                	.insn	2, 0x7f46
8000409e:	1e58                	.insn	2, 0x1e58
800040a0:	1641                	.insn	2, 0x1641
800040a2:	1e62                	.insn	2, 0x1e62
800040a4:	47e8                	.insn	2, 0x47e8
800040a6:	1e6d                	.insn	2, 0x1e6d
800040a8:	932c                	.insn	2, 0x932c
800040aa:	1e6d                	.insn	2, 0x1e6d
800040ac:	0b6e                	.insn	2, 0x0b6e
800040ae:	1e8c                	.insn	2, 0x1e8c
800040b0:	e911                	.insn	2, 0xe911
800040b2:	540d1e93          	.insn	4, 0x540d1e93
800040b6:	1e9c                	.insn	2, 0x1e9c
800040b8:	1e9ca763          	.insn	4, 0x1e9ca763
800040bc:	49c4                	.insn	2, 0x49c4
800040be:	1ea6                	.insn	2, 0x1ea6
800040c0:	f87d                	.insn	2, 0xf87d
800040c2:	1eb0                	.insn	2, 0x1eb0
800040c4:	98ac                	.insn	2, 0x98ac
800040c6:	1eb8                	.insn	2, 0x1eb8
800040c8:	a950                	.insn	2, 0xa950
800040ca:	1ebe                	.insn	2, 0x1ebe
800040cc:	8110                	.insn	2, 0x8110
800040ce:	1edc                	.insn	2, 0x1edc
800040d0:	2d32                	.insn	2, 0x2d32
800040d2:	1ee1                	.insn	2, 0x1ee1
800040d4:	4855                	.insn	2, 0x4855
800040d6:	1ef2                	.insn	2, 0x1ef2
800040d8:	1ef490c3          	.insn	4, 0x1ef490c3
800040dc:	1ef9fd23          	.insn	4, 0x1ef9fd23
800040e0:	9906                	.insn	2, 0x9906
800040e2:	5e7e1f03          	lh	t5,1511(t3)
800040e6:	1f06                	.insn	2, 0x1f06
800040e8:	3d39                	.insn	2, 0x3d39
800040ea:	1f09                	.insn	2, 0x1f09
800040ec:	8905                	.insn	2, 0x8905
800040ee:	1f1f 5071 1f23      	.insn	6, 0x1f2350711f1f
800040f4:	1f407de7          	.insn	4, 0x1f407de7
800040f8:	1c49                	.insn	2, 0x1c49
800040fa:	1f54                	.insn	2, 0x1f54
800040fc:	0239                	.insn	2, 0x0239
800040fe:	1f79                	.insn	2, 0x1f79
80004100:	1f8b77b7          	lui	a5,0x1f8b7
80004104:	96fd                	.insn	2, 0x96fd
80004106:	1f98                	.insn	2, 0x1f98
80004108:	b1ee                	.insn	2, 0xb1ee
8000410a:	cd531fb7          	lui	t6,0xcd531
8000410e:	1fbc                	.insn	2, 0x1fbc
80004110:	7b61                	.insn	2, 0x7b61
80004112:	1fc6                	.insn	2, 0x1fc6
80004114:	0dde                	.insn	2, 0x0dde
80004116:	1fda                	.insn	2, 0x1fda
80004118:	16f9                	.insn	2, 0x16f9
8000411a:	1ff0                	.insn	2, 0x1ff0
8000411c:	adc6                	.insn	2, 0xadc6
8000411e:	73bb1ff3          	csrrw	t6,mhpmevent27h,s6
80004122:	201f 0c4c 2027      	.insn	6, 0x20270c4c201f
80004128:	202edda7          	.insn	4, 0x202edda7
8000412c:	202fd7d7          	.insn	4, 0x202fd7d7
80004130:	2c8c                	.insn	2, 0x2c8c
80004132:	2031                	.insn	2, 0x2031
80004134:	46f4                	.insn	2, 0x46f4
80004136:	203e                	.insn	2, 0x203e
80004138:	8ed1                	.insn	2, 0x8ed1
8000413a:	0db82057          	.insn	4, 0x0db82057
8000413e:	206c                	.insn	2, 0x206c
80004140:	7fd8                	.insn	2, 0x7fd8
80004142:	207a                	.insn	2, 0x207a
80004144:	0d30                	.insn	2, 0x0d30
80004146:	207d                	.insn	2, 0x207d
80004148:	3aed                	.insn	2, 0x3aed
8000414a:	2085                	.insn	2, 0x2085
8000414c:	7fc9                	.insn	2, 0x7fc9
8000414e:	2090                	.insn	2, 0x2090
80004150:	78d4                	.insn	2, 0x78d4
80004152:	f31d20b3          	.insn	4, 0xf31d20b3
80004156:	20bc                	.insn	2, 0x20bc
80004158:	7518                	.insn	2, 0x7518
8000415a:	20d0                	.insn	2, 0x20d0
8000415c:	cf61                	.insn	2, 0xcf61
8000415e:	e50320fb          	.insn	4, 0xe50320fb
80004162:	2128                	.insn	2, 0x2128
80004164:	7078                	.insn	2, 0x7078
80004166:	2159                	.insn	2, 0x2159
80004168:	0b52                	.insn	2, 0x0b52
8000416a:	9d30216b          	.insn	4, 0x9d30216b
8000416e:	218e                	.insn	2, 0x218e
80004170:	81de                	.insn	2, 0x81de
80004172:	03af21af          	.insn	4, 0x03af21af
80004176:	a15d21bf f16e21d7 	.insn	8, 0xf16e21d7a15d21bf
8000417e:	21e4                	.insn	2, 0x21e4
80004180:	21f8bbe7          	.insn	4, 0x21f8bbe7
80004184:	757d                	.insn	2, 0x757d
80004186:	2212                	.insn	2, 0x2212
80004188:	221bb1f3          	csrrc	gp,0x221,s7
8000418c:	27e4                	.insn	2, 0x27e4
8000418e:	223a                	.insn	2, 0x223a
80004190:	e330                	.insn	2, 0xe330
80004192:	2262                	.insn	2, 0x2262
80004194:	226a2ea7          	.insn	4, 0x226a2ea7
80004198:	9562                	.insn	2, 0x9562
8000419a:	226a                	.insn	2, 0x226a
8000419c:	227f96f7          	.insn	4, 0x227f96f7
800041a0:	810a                	.insn	2, 0x810a
800041a2:	2285                	.insn	2, 0x2285
800041a4:	22992e4b          	.insn	4, 0x22992e4b
800041a8:	aa91                	.insn	2, 0xaa91
800041aa:	229c                	.insn	2, 0x229c
800041ac:	9608                	.insn	2, 0x9608
800041ae:	22c1                	.insn	2, 0x22c1
800041b0:	fb81                	.insn	2, 0xfb81
800041b2:	22e0                	.insn	2, 0x22e0
800041b4:	ab60                	.insn	2, 0xab60
800041b6:	22ea                	.insn	2, 0x22ea
800041b8:	2fa9                	.insn	2, 0x2fa9
800041ba:	231c                	.insn	2, 0x231c
800041bc:	39df 2335 4e2b      	.insn	6, 0x4e2b233539df
800041c2:	2349                	.insn	2, 0x2349
800041c4:	c94a                	.insn	2, 0xc94a
800041c6:	234c                	.insn	2, 0x234c
800041c8:	23688f3b          	.insn	4, 0x23688f3b
800041cc:	278e                	.insn	2, 0x278e
800041ce:	2374                	.insn	2, 0x2374
800041d0:	ed70                	.insn	2, 0xed70
800041d2:	2381                	.insn	2, 0x2381
800041d4:	04c5                	.insn	2, 0x04c5
800041d6:	239c                	.insn	2, 0x239c
800041d8:	034d                	.insn	2, 0x034d
800041da:	23a5                	.insn	2, 0x23a5
800041dc:	6a30                	.insn	2, 0x6a30
800041de:	a2f223e7          	.insn	4, 0xa2f223e7
800041e2:	7ca623ef          	jal	t2,800669ac <__global_pointer$+0x5e854>
800041e6:	e3c123f3          	csrrs	t2,0xe3c,sp
800041ea:	23fe                	.insn	2, 0x23fe
800041ec:	240481ab          	.insn	4, 0x240481ab
800041f0:	37ea                	.insn	2, 0x37ea
800041f2:	491c240f          	.insn	4, 0x491c240f
800041f6:	2435                	.insn	2, 0x2435
800041f8:	b44a                	.insn	2, 0xb44a
800041fa:	2439                	.insn	2, 0x2439
800041fc:	cd3e                	.insn	2, 0xcd3e
800041fe:	247e                	.insn	2, 0x247e
80004200:	490d                	.insn	2, 0x490d
80004202:	249c                	.insn	2, 0x249c
80004204:	3ecd                	.insn	2, 0x3ecd
80004206:	24a2                	.insn	2, 0x24a2
80004208:	5cb5                	.insn	2, 0x5cb5
8000420a:	66c324b3          	.insn	4, 0x66c324b3
8000420e:	24d2                	.insn	2, 0x24d2
80004210:	24d5dd8b          	.insn	4, 0x24d5dd8b
80004214:	81fd                	.insn	2, 0x81fd
80004216:	24d8                	.insn	2, 0x24d8
80004218:	5376                	.insn	2, 0x5376
8000421a:	24e0                	.insn	2, 0x24e0
8000421c:	bbfa                	.insn	2, 0xbbfa
8000421e:	3a3624eb          	.insn	4, 0x3a3624eb
80004222:	24ec                	.insn	2, 0x24ec
80004224:	05f9                	.insn	2, 0x05f9
80004226:	24f4                	.insn	2, 0x24f4
80004228:	0b3d                	.insn	2, 0x0b3d
8000422a:	24fc                	.insn	2, 0x24fc
8000422c:	c3bd                	.insn	2, 0xc3bd
8000422e:	2511                	.insn	2, 0x2511
80004230:	b685                	.insn	2, 0xb685
80004232:	2514                	.insn	2, 0x2514
80004234:	90ea                	.insn	2, 0x90ea
80004236:	2515                	.insn	2, 0x2515
80004238:	76c0                	.insn	2, 0x76c0
8000423a:	252c                	.insn	2, 0x252c
8000423c:	18b0                	.insn	2, 0x18b0
8000423e:	2530                	.insn	2, 0x2530
80004240:	dc48                	.insn	2, 0xdc48
80004242:	253a                	.insn	2, 0x253a
80004244:	625f 253c d083      	.insn	6, 0xd083253c625f
8000424a:	e0d6253f 5203254f 	.insn	8, 0x5203254fe0d6253f
80004252:	2575                	.insn	2, 0x2575
80004254:	0af0                	.insn	2, 0x0af0
80004256:	a39e2593          	slti	a1,t3,-1479
8000425a:	259c                	.insn	2, 0x259c
8000425c:	648d                	.insn	2, 0x648d
8000425e:	25a2                	.insn	2, 0x25a2
80004260:	25aa979b          	.insn	4, 0x25aa979b
80004264:	e378                	.insn	2, 0xe378
80004266:	25b4                	.insn	2, 0x25b4
80004268:	25bbf907          	.insn	4, 0x25bbf907
8000426c:	7b4a                	.insn	2, 0x7b4a
8000426e:	25be                	.insn	2, 0x25be
80004270:	ff86                	.insn	2, 0xff86
80004272:	eb4f25ef          	jal	a1,7fff6926 <buflen.1+0x7fff68e6>
80004276:	2601                	.insn	2, 0x2601
80004278:	a9bd                	.insn	2, 0xa9bd
8000427a:	2609                	.insn	2, 0x2609
8000427c:	5fae                	.insn	2, 0x5fae
8000427e:	2632                	.insn	2, 0x2632
80004280:	2540                	.insn	2, 0x2540
80004282:	83a92667          	.insn	4, 0x83a92667
80004286:	afc1266f          	jal	a2,7ff16582 <buflen.1+0x7ff16542>
8000428a:	78e9268b          	.insn	4, 0x78e9268b
8000428e:	26ba                	.insn	2, 0x26ba
80004290:	0b60                	.insn	2, 0x0b60
80004292:	26c6                	.insn	2, 0x26c6
80004294:	a9e2                	.insn	2, 0xa9e2
80004296:	26d5                	.insn	2, 0x26d5
80004298:	ed86                	.insn	2, 0xed86
8000429a:	26d8                	.insn	2, 0x26d8
8000429c:	ebc4                	.insn	2, 0xebc4
8000429e:	26dd                	.insn	2, 0x26dd
800042a0:	e848                	.insn	2, 0xe848
800042a2:	26e2                	.insn	2, 0x26e2
800042a4:	26ecc43f 26f58add 	.insn	8, 0x26f58add26ecc43f
800042ac:	2ad8                	.insn	2, 0x2ad8
800042ae:	2709                	.insn	2, 0x2709
800042b0:	9280                	.insn	2, 0x9280
800042b2:	270d                	.insn	2, 0x270d
800042b4:	4fba                	.insn	2, 0x4fba
800042b6:	2711                	.insn	2, 0x2711
800042b8:	53c2                	.insn	2, 0x53c2
800042ba:	2728                	.insn	2, 0x2728
800042bc:	272cdbc7          	.insn	4, 0x272cdbc7
800042c0:	ec5c                	.insn	2, 0xec5c
800042c2:	276a                	.insn	2, 0x276a
800042c4:	bfb6                	.insn	2, 0xbfb6
800042c6:	2799                	.insn	2, 0x2799
800042c8:	27ac473b          	.insn	4, 0x27ac473b
800042cc:	e2fd                	.insn	2, 0xe2fd
800042ce:	dfd027bb          	.insn	4, 0xdfd027bb
800042d2:	27f8                	.insn	2, 0x27f8
800042d4:	280b98c7          	.insn	4, 0x280b98c7
800042d8:	d6ad                	.insn	2, 0xd6ad
800042da:	2812                	.insn	2, 0x2812
800042dc:	281bbd27          	.insn	4, 0x281bbd27
800042e0:	fe11                	.insn	2, 0xfe11
800042e2:	2828                	.insn	2, 0x2828
800042e4:	49a5                	.insn	2, 0x49a5
800042e6:	2835                	.insn	2, 0x2835
800042e8:	10f8                	.insn	2, 0x10f8
800042ea:	2844                	.insn	2, 0x2844
800042ec:	2845d05b          	.insn	4, 0x2845d05b
800042f0:	9189                	.insn	2, 0x9189
800042f2:	285d                	.insn	2, 0x285d
800042f4:	2870b66f          	jal	a2,8000fd7a <__global_pointer$+0x7c22>
800042f8:	a34d                	.insn	2, 0xa34d
800042fa:	2880                	.insn	2, 0x2880
800042fc:	9bfd                	.insn	2, 0x9bfd
800042fe:	288a                	.insn	2, 0x288a
80004300:	c5f0                	.insn	2, 0xc5f0
80004302:	28a6                	.insn	2, 0x28a6
80004304:	c1b4                	.insn	2, 0xc1b4
80004306:	f15328bb          	.insn	4, 0xf15328bb
8000430a:	28bd                	.insn	2, 0x28bd
8000430c:	5d55                	.insn	2, 0x5d55
8000430e:	28d4                	.insn	2, 0x28d4
80004310:	b431                	.insn	2, 0xb431
80004312:	25ea28ef          	jal	a7,800a6570 <__global_pointer$+0x9e418>
80004316:	2901                	.insn	2, 0x2901
80004318:	290737e7          	.insn	4, 0x290737e7
8000431c:	6c64                	.insn	2, 0x6c64
8000431e:	2909                	.insn	2, 0x2909
80004320:	292b6803          	.insn	4, 0x292b6803
80004324:	de5d                	.insn	2, 0xde5d
80004326:	292c                	.insn	2, 0x292c
80004328:	292dc637          	lui	a2,0x292dc
8000432c:	4190                	.insn	2, 0x4190
8000432e:	2931                	.insn	2, 0x2931
80004330:	fc5d                	.insn	2, 0xfc5d
80004332:	9857294b          	.insn	4, 0x9857294b
80004336:	2959                	.insn	2, 0x2959
80004338:	28ae                	.insn	2, 0x28ae
8000433a:	297c                	.insn	2, 0x297c
8000433c:	297efd5b          	.insn	4, 0x297efd5b
80004340:	f432                	.insn	2, 0xf432
80004342:	2982                	.insn	2, 0x2982
80004344:	d515                	.insn	2, 0xd515
80004346:	2995                	.insn	2, 0x2995
80004348:	daa0                	.insn	2, 0xdaa0
8000434a:	986b2997          	auipc	s3,0x986b2
8000434e:	2998                	.insn	2, 0x2998
80004350:	29a4b67b          	.insn	4, 0x29a4b67b
80004354:	29c439a7          	.insn	4, 0x29c439a7
80004358:	29d70e33          	.insn	4, 0x29d70e33
8000435c:	7a22                	.insn	2, 0x7a22
8000435e:	29dd                	.insn	2, 0x29dd
80004360:	eae5                	.insn	2, 0xeae5
80004362:	29e8                	.insn	2, 0x29e8
80004364:	35ba                	.insn	2, 0x35ba
80004366:	2a0d                	.insn	2, 0x2a0d
80004368:	2a12718f          	.insn	4, 0x2a12718f
8000436c:	2885                	.insn	2, 0x2885
8000436e:	2a1a                	.insn	2, 0x2a1a
80004370:	4eda                	.insn	2, 0x4eda
80004372:	2a21                	.insn	2, 0x2a21
80004374:	2a22a5e3          	.insn	4, 0x2a22a5e3
80004378:	6ac2                	.insn	2, 0x6ac2
8000437a:	2a4c                	.insn	2, 0x2a4c
8000437c:	2a8f6b6f          	jal	s6,800fa624 <__global_pointer$+0xf24cc>
80004380:	bc82                	.insn	2, 0xbc82
80004382:	2a95                	.insn	2, 0x2a95
80004384:	6351                	.insn	2, 0x6351
80004386:	2aac                	.insn	2, 0x2aac
80004388:	74f2                	.insn	2, 0x74f2
8000438a:	2aca                	.insn	2, 0x2aca
8000438c:	832c                	.insn	2, 0x832c
8000438e:	4d282aef          	jal	s5,80086860 <__global_pointer$+0x7e708>
80004392:	2afa                	.insn	2, 0x2afa
80004394:	9719                	.insn	2, 0x9719
80004396:	2b01                	.insn	2, 0x2b01
80004398:	2b0b5427          	.insn	4, 0x2b0b5427
8000439c:	d0ed                	.insn	2, 0xd0ed
8000439e:	2b0c                	.insn	2, 0x2b0c
800043a0:	261f 2b0e deec      	.insn	6, 0xdeec2b0e261f
800043a6:	2b16                	.insn	2, 0x2b16
800043a8:	0b2a                	.insn	2, 0x0b2a
800043aa:	2b1d                	.insn	2, 0x2b1d
800043ac:	4dbe                	.insn	2, 0x4dbe
800043ae:	2b26                	.insn	2, 0x2b26
800043b0:	0c12                	.insn	2, 0x0c12
800043b2:	2b48                	.insn	2, 0x2b48
800043b4:	2488                	.insn	2, 0x2488
800043b6:	1c4b2b53          	.insn	4, 0x1c4b2b53
800043ba:	2b5e                	.insn	2, 0x2b5e
800043bc:	e58d                	.insn	2, 0xe58d
800043be:	2b7a                	.insn	2, 0x2b7a
800043c0:	6fa2                	.insn	2, 0x6fa2
800043c2:	4d812b7b          	.insn	4, 0x4d812b7b
800043c6:	2b84                	.insn	2, 0x2b84
800043c8:	70c8                	.insn	2, 0x70c8
800043ca:	5d0d2b87          	.insn	4, 0x5d0d2b87
800043ce:	2b89                	.insn	2, 0x2b89
800043d0:	d1e1                	.insn	2, 0xd1e1
800043d2:	6ca02b8f          	.insn	4, 0x6ca02b8f
800043d6:	d24e2b9b          	.insn	4, 0xd24e2b9b
800043da:	2b9d                	.insn	2, 0x2b9d
800043dc:	5d49                	.insn	2, 0x5d49
800043de:	35dc2ba7          	.insn	4, 0x35dc2ba7
800043e2:	2ba8                	.insn	2, 0x2ba8
800043e4:	6a49                	.insn	2, 0x6a49
800043e6:	2be5                	.insn	2, 0x2be5
800043e8:	7d20                	.insn	2, 0x7d20
800043ea:	a3052bf3          	csrrs	s7,0xa30,a0
800043ee:	2bf5                	.insn	2, 0x2bf5
800043f0:	64c0                	.insn	2, 0x64c0
800043f2:	58672c07          	.insn	4, 0x58672c07
800043f6:	2c15                	.insn	2, 0x2c15
800043f8:	aecc                	.insn	2, 0xaecc
800043fa:	f5572c23          	sw	s5,-168(a4)
800043fe:	94b82c2b          	.insn	4, 0x94b82c2b
80004402:	2c2d                	.insn	2, 0x2c2d
80004404:	2c3cdaab          	.insn	4, 0x2c3cdaab
80004408:	0379                	.insn	2, 0x0379
8000440a:	2c52                	.insn	2, 0x2c52
8000440c:	2c54a803          	lw	a6,709(s1) # 65a82c5 <buflen.1+0x65a8285>
80004410:	983d                	.insn	2, 0x983d
80004412:	2c6a                	.insn	2, 0x2c6a
80004414:	aaad                	.insn	2, 0xaaad
80004416:	5cab2c73          	csrrs	s8,0x5ca,s6
8000441a:	9f222c8f          	.insn	4, 0x9f222c8f
8000441e:	2c9d                	.insn	2, 0x2c9d
80004420:	2c45                	.insn	2, 0x2c45
80004422:	b88a2cab          	.insn	4, 0xb88a2cab
80004426:	2cbd                	.insn	2, 0x2cbd
80004428:	2cc21eab          	.insn	4, 0x2cc21eab
8000442c:	ddc4                	.insn	2, 0xddc4
8000442e:	2cd0                	.insn	2, 0x2cd0
80004430:	8849                	.insn	2, 0x8849
80004432:	2cd8                	.insn	2, 0x2cd8
80004434:	2ce66627          	.insn	4, 0x2ce66627
80004438:	6b72                	.insn	2, 0x6b72
8000443a:	2cf4                	.insn	2, 0x2cf4
8000443c:	e584                	.insn	2, 0xe584
8000443e:	2cf4                	.insn	2, 0x2cf4
80004440:	ceea                	.insn	2, 0xceea
80004442:	2cfe                	.insn	2, 0x2cfe
80004444:	d921                	.insn	2, 0xd921
80004446:	2d08                	.insn	2, 0x2d08
80004448:	9006                	.insn	2, 0x9006
8000444a:	2d0c                	.insn	2, 0x2d0c
8000444c:	2d2aea73          	csrrsi	s4,0x2d2,21
80004450:	8c8c                	.insn	2, 0x8c8c
80004452:	2d2d                	.insn	2, 0x2d2d
80004454:	d426                	.insn	2, 0xd426
80004456:	2d30                	.insn	2, 0x2d30
80004458:	eda1                	.insn	2, 0xeda1
8000445a:	2d68                	.insn	2, 0x2d68
8000445c:	2d73d15b          	.insn	4, 0x2d73d15b
80004460:	7cb6                	.insn	2, 0x7cb6
80004462:	fe492d97          	auipc	s11,0xfe492
80004466:	ddde2d97          	auipc	s11,0xddde2
8000446a:	2d9e                	.insn	2, 0x2d9e
8000446c:	ac55                	.insn	2, 0xac55
8000446e:	0f762da3          	sw	s7,251(a2) # 292dc0fb <buflen.1+0x292dc0bb>
80004472:	ec892dbb          	.insn	4, 0xec892dbb
80004476:	2dc4                	.insn	2, 0x2dc4
80004478:	95c4                	.insn	2, 0x95c4
8000447a:	2dc9                	.insn	2, 0x2dc9
8000447c:	17e0                	.insn	2, 0x17e0
8000447e:	2dd6                	.insn	2, 0x2dd6
80004480:	2deb91bf 2df3dfcb 	.insn	8, 0x2df3dfcb2deb91bf
80004488:	2e04b247          	.insn	4, 0x2e04b247
8000448c:	9db6                	.insn	2, 0x9db6
8000448e:	77ef2e07          	.insn	4, 0x77ef2e07
80004492:	0dbb2e0b          	.insn	4, 0x0dbb2e0b
80004496:	2e16                	.insn	2, 0x2e16
80004498:	2e56b07f 2e6a0f7c 	.insn	16, 0x2e70078a2e6c133b2e6a0f7c2e56b07f
800044a0:	2e6c133b 2e70078a 
800044a8:	26e2                	.insn	2, 0x26e2
800044aa:	2eb2                	.insn	2, 0x2eb2
800044ac:	3bb4                	.insn	2, 0x3bb4
800044ae:	2ed0                	.insn	2, 0x2ed0
800044b0:	4040                	.insn	2, 0x4040
800044b2:	2ed9                	.insn	2, 0x2ed9
800044b4:	f2c1                	.insn	2, 0xf2c1
800044b6:	2edd                	.insn	2, 0x2edd
800044b8:	0df8                	.insn	2, 0x0df8
800044ba:	2ee2                	.insn	2, 0x2ee2
800044bc:	2eea494b          	.insn	4, 0x2eea494b
800044c0:	def5                	.insn	2, 0xdef5
800044c2:	2ef0                	.insn	2, 0x2ef0
800044c4:	8746                	.insn	2, 0x8746
800044c6:	2ef5                	.insn	2, 0x2ef5
800044c8:	9bd8                	.insn	2, 0x9bd8
800044ca:	2ef6                	.insn	2, 0x2ef6
800044cc:	5b1f 2f1a 9f26      	.insn	6, 0x9f262f1a5b1f
800044d2:	2f24                	.insn	2, 0x2f24
800044d4:	9259                	.insn	2, 0x9259
800044d6:	2f28                	.insn	2, 0x2f28
800044d8:	91a6                	.insn	2, 0x91a6
800044da:	ef642f2b          	.insn	4, 0xef642f2b
800044de:	b4642f4b          	.insn	4, 0xb4642f4b
800044e2:	2f70                	.insn	2, 0x2f70
800044e4:	2c50                	.insn	2, 0x2c50
800044e6:	2f82                	.insn	2, 0x2f82
800044e8:	5026                	.insn	2, 0x5026
800044ea:	d1cb2f97          	auipc	t6,0xd1cb2
800044ee:	b6d42fa7          	.insn	4, 0xb6d42fa7
800044f2:	2faa                	.insn	2, 0x2faa
800044f4:	2fb80fd7          	.insn	4, 0x2fb80fd7
800044f8:	21dc                	.insn	2, 0x21dc
800044fa:	2fb9                	.insn	2, 0x2fb9
800044fc:	2fbefe13          	andi	t3,t4,763
80004500:	2fc79aeb          	.insn	4, 0x2fc79aeb
80004504:	2fcade4f          	.insn	4, 0x2fcade4f
80004508:	b366                	.insn	2, 0xb366
8000450a:	2fd8                	.insn	2, 0x2fd8
8000450c:	2ff1affb          	.insn	4, 0x2ff1affb
80004510:	30107333          	.insn	4, 0x30107333
80004514:	301453e7          	.insn	4, 0x301453e7
80004518:	3014dbb7          	lui	s7,0x3014d
8000451c:	94ee                	.insn	2, 0x94ee
8000451e:	3041                	.insn	2, 0x3041
80004520:	86c8                	.insn	2, 0x86c8
80004522:	304d                	.insn	2, 0x304d
80004524:	81e5                	.insn	2, 0x81e5
80004526:	93fd304f          	.insn	4, 0x93fd304f
8000452a:	89643067          	.insn	4, 0x89643067
8000452e:	306a                	.insn	2, 0x306a
80004530:	2809                	.insn	2, 0x2809
80004532:	3401306b          	.insn	4, 0x3401306b
80004536:	307d                	.insn	2, 0x307d
80004538:	46b2                	.insn	2, 0x46b2
8000453a:	3089                	.insn	2, 0x3089
8000453c:	9914                	.insn	2, 0x9914
8000453e:	3095                	.insn	2, 0x3095
80004540:	cd5f 30b8 735e      	.insn	6, 0x735e30b8cd5f
80004546:	30ee                	.insn	2, 0x30ee
80004548:	d0d4                	.insn	2, 0xd0d4
8000454a:	30f6                	.insn	2, 0x30f6
8000454c:	6af4                	.insn	2, 0x6af4
8000454e:	3108                	.insn	2, 0x3108
80004550:	1d65                	.insn	2, 0x1d65
80004552:	3116                	.insn	2, 0x3116
80004554:	31529973          	csrrw	s2,0x315,t0
80004558:	3170694b          	.insn	4, 0x3170694b
8000455c:	31766a3f 3181e05e 	.insn	8, 0x3181e05e31766a3f
80004564:	318c2ea3          	sw	s8,797(s8)
80004568:	318c39e7          	.insn	4, 0x318c39e7
8000456c:	8c7a                	.insn	2, 0x8c7a
8000456e:	3198                	.insn	2, 0x3198
80004570:	dfc5                	.insn	2, 0xdfc5
80004572:	31a6                	.insn	2, 0x31a6
80004574:	31bc1683          	lh	a3,795(s8)
80004578:	0fec                	.insn	2, 0x0fec
8000457a:	31c6                	.insn	2, 0x31c6
8000457c:	d196                	.insn	2, 0xd196
8000457e:	31cc                	.insn	2, 0x31cc
80004580:	0a74                	.insn	2, 0x0a74
80004582:	31d9                	.insn	2, 0x31d9
80004584:	58ee                	.insn	2, 0x58ee
80004586:	fa4731e3          	.insn	4, 0xfa4731e3
8000458a:	100a31e3          	.insn	4, 0x100a31e3
8000458e:	31ec                	.insn	2, 0x31ec
80004590:	de75                	.insn	2, 0xde75
80004592:	3209                	.insn	2, 0x3209
80004594:	3213004b          	.insn	4, 0x3213004b
80004598:	6e71                	.insn	2, 0x6e71
8000459a:	324a                	.insn	2, 0x324a
8000459c:	324f49f7          	.insn	4, 0x324f49f7
800045a0:	5676                	.insn	2, 0x5676
800045a2:	3268                	.insn	2, 0x3268
800045a4:	e084                	.insn	2, 0xe084
800045a6:	326e                	.insn	2, 0x326e
800045a8:	dd86                	.insn	2, 0xdd86
800045aa:	3276                	.insn	2, 0x3276
800045ac:	19a6                	.insn	2, 0x19a6
800045ae:	3280                	.insn	2, 0x3280
800045b0:	9e1e                	.insn	2, 0x9e1e
800045b2:	328d                	.insn	2, 0x328d
800045b4:	32919983          	lh	s3,809(gp) # e9c70329 <__global_pointer$+0x69c681d1>
800045b8:	2dde                	.insn	2, 0x2dde
800045ba:	32a2                	.insn	2, 0x32a2
800045bc:	24ff 32be 29b6 32c4 	.insn	14, 0x6a7432cda56532c429b632be24ff
800045c4:	a565 32cd 6a74 
800045ca:	32ce                	.insn	2, 0x32ce
800045cc:	3d32                	.insn	2, 0x3d32
800045ce:	32d5                	.insn	2, 0x32d5
800045d0:	127e                	.insn	2, 0x127e
800045d2:	32e0                	.insn	2, 0x32e0
800045d4:	32ee431b          	.insn	4, 0x32ee431b
800045d8:	e815                	.insn	2, 0xe815
800045da:	ffd432f7          	.insn	4, 0xffd432f7
800045de:	330e                	.insn	2, 0x330e
800045e0:	4b8a                	.insn	2, 0x4b8a
800045e2:	3312                	.insn	2, 0x3312
800045e4:	33226d3b          	.insn	4, 0x33226d3b
800045e8:	bb69                	.insn	2, 0xbb69
800045ea:	3324                	.insn	2, 0x3324
800045ec:	57fc                	.insn	2, 0x57fc
800045ee:	3326                	.insn	2, 0x3326
800045f0:	3085                	.insn	2, 0x3085
800045f2:	3339                	.insn	2, 0x3339
800045f4:	a3bc                	.insn	2, 0xa3bc
800045f6:	333c                	.insn	2, 0x333c
800045f8:	3348100b          	.insn	4, 0x3348100b
800045fc:	bf5f 3378 37b1      	.insn	6, 0x37b13378bf5f
80004602:	337a                	.insn	2, 0x337a
80004604:	9944                	.insn	2, 0x9944
80004606:	339f 69aa 33a5      	.insn	6, 0x33a569aa339f
8000460c:	26c9                	.insn	2, 0x26c9
8000460e:	d57033ab          	.insn	4, 0xd57033ab
80004612:	33ac                	.insn	2, 0x33ac
80004614:	f61d                	.insn	2, 0xf61d
80004616:	33b6                	.insn	2, 0x33b6
80004618:	e796                	.insn	2, 0xe796
8000461a:	33d8                	.insn	2, 0x33d8
8000461c:	33f842cb          	.insn	4, 0x33f842cb
80004620:	34127047          	.insn	4, 0x34127047
80004624:	3417d43b          	.insn	4, 0x3417d43b
80004628:	86a9                	.insn	2, 0x86a9
8000462a:	341a                	.insn	2, 0x341a
8000462c:	342ec987          	.insn	4, 0x342ec987
80004630:	b01d                	.insn	2, 0xb01d
80004632:	3438                	.insn	2, 0x3438
80004634:	c77a                	.insn	2, 0xc77a
80004636:	345f 935e 3460      	.insn	6, 0x3460935e345f
8000463c:	b74e                	.insn	2, 0xb74e
8000463e:	3462                	.insn	2, 0x3462
80004640:	47ff 346a e798 346c 	.insn	18, 0x3b97347ab34e3471e0a8346ce798346a47ff
80004648:	e0a8 3471 b34e 347a 
80004650:	3b97 
80004652:	347e                	.insn	2, 0x347e
80004654:	3491fb3f 34968f93 	.insn	8, 0x34968f933491fb3f
8000465c:	3499a707          	.insn	4, 0x3499a707
80004660:	5b28                	.insn	2, 0x5b28
80004662:	34cd                	.insn	2, 0x34cd
80004664:	3644                	.insn	2, 0x3644
80004666:	34de                	.insn	2, 0x34de
80004668:	6341                	.insn	2, 0x6341
8000466a:	5cce34eb          	.insn	4, 0x5cce34eb
8000466e:	6b953513          	sltiu	a0,a0,1721
80004672:	3526                	.insn	2, 0x3526
80004674:	99c5                	.insn	2, 0x99c5
80004676:	2e883533          	.insn	4, 0x2e883533
8000467a:	3539                	.insn	2, 0x3539
8000467c:	b79f 353e 36c6      	.insn	6, 0x36c6353eb79f
80004682:	b68b3543          	.insn	4, 0xb68b3543
80004686:	3548                	.insn	2, 0x3548
80004688:	1a2c                	.insn	2, 0x1a2c
8000468a:	3555                	.insn	2, 0x3555
8000468c:	a8ed                	.insn	2, 0xa8ed
8000468e:	d7583557          	.insn	4, 0xd7583557
80004692:	3559                	.insn	2, 0x3559
80004694:	3150                	.insn	2, 0x3150
80004696:	3561                	.insn	2, 0x3561
80004698:	05a2                	.insn	2, 0x05a2
8000469a:	3594                	.insn	2, 0x3594
8000469c:	35ae                	.insn	2, 0x35ae
8000469e:	35c0                	.insn	2, 0x35c0
800046a0:	5411                	.insn	2, 0x5411
800046a2:	35e6                	.insn	2, 0x35e6
800046a4:	360e2f13          	slti	t5,t3,864
800046a8:	3615d7bf 36182d7f 	.insn	8, 0x36182d7f3615d7bf
800046b0:	69d9                	.insn	2, 0x69d9
800046b2:	3632                	.insn	2, 0x3632
800046b4:	93c9                	.insn	2, 0x93c9
800046b6:	3634                	.insn	2, 0x3634
800046b8:	d420                	.insn	2, 0xd420
800046ba:	d5de3647          	.insn	4, 0xd5de3647
800046be:	3661                	.insn	2, 0x3661
800046c0:	5b94                	.insn	2, 0x5b94
800046c2:	3688                	.insn	2, 0x3688
800046c4:	42ad                	.insn	2, 0x42ad
800046c6:	3698                	.insn	2, 0x3698
800046c8:	2b51                	.insn	2, 0x2b51
800046ca:	369a                	.insn	2, 0x369a
800046cc:	10ae                	.insn	2, 0x10ae
800046ce:	36b0                	.insn	2, 0x36b0
800046d0:	36bd5793          	.insn	4, 0x36bd5793
800046d4:	36d21197          	auipc	gp,0x36d21
800046d8:	181a                	.insn	2, 0x181a
800046da:	36ee                	.insn	2, 0x36ee
800046dc:	712a                	.insn	2, 0x712a
800046de:	2af736f7          	.insn	4, 0x2af736f7
800046e2:	953f370b          	.insn	4, 0x953f370b
800046e6:	6219370f          	.insn	4, 0x6219370f
800046ea:	99ac371b          	.insn	4, 0x99ac371b
800046ee:	42b9372b          	.insn	4, 0x42b9372b
800046f2:	3731                	.insn	2, 0x3731
800046f4:	b46e                	.insn	2, 0xb46e
800046f6:	3734                	.insn	2, 0x3734
800046f8:	f7b8                	.insn	2, 0xf7b8
800046fa:	98ff373f e5553741 	.insn	8, 0xe555374198ff373f
80004702:	3748                	.insn	2, 0x3748
80004704:	3752e6c7          	.insn	4, 0x3752e6c7
80004708:	375ced43          	.insn	4, 0x375ced43
8000470c:	c88e                	.insn	2, 0xc88e
8000470e:	3764                	.insn	2, 0x3764
80004710:	3774479b          	.insn	4, 0x3774479b
80004714:	a8b1                	.insn	2, 0xa8b1
80004716:	a7273793          	sltiu	a5,a4,-1422
8000471a:	37a5                	.insn	2, 0x37a5
8000471c:	37a6bc03          	.insn	4, 0x37a6bc03
80004720:	74e5                	.insn	2, 0x74e5
80004722:	37ac                	.insn	2, 0x37ac
80004724:	66c0                	.insn	2, 0x66c0
80004726:	37b6                	.insn	2, 0x37b6
80004728:	7574                	.insn	2, 0x7574
8000472a:	37c2                	.insn	2, 0x37c2
8000472c:	37c3b8f7          	.insn	4, 0x37c3b8f7
80004730:	7da5                	.insn	2, 0x7da5
80004732:	37c5                	.insn	2, 0x37c5
80004734:	37c94eb3          	.insn	4, 0x37c94eb3
80004738:	b958                	.insn	2, 0xb958
8000473a:	37da                	.insn	2, 0x37da
8000473c:	626c                	.insn	2, 0x626c
8000473e:	37e8                	.insn	2, 0x37e8
80004740:	8c39                	.insn	2, 0x8c39
80004742:	37e8                	.insn	2, 0x37e8
80004744:	9834                	.insn	2, 0x9834
80004746:	b6ea37ff b3cd381d 	.insn	16, 0x20f13842578e3834b3cd381db6ea37ff
8000474e:	578e3834 20f13842 
80004756:	384a                	.insn	2, 0x384a
80004758:	092d                	.insn	2, 0x092d
8000475a:	3862                	.insn	2, 0x3862
8000475c:	38679167          	.insn	4, 0x38679167
80004760:	4d02                	.insn	2, 0x4d02
80004762:	3869                	.insn	2, 0x3869
80004764:	386a4a27          	.insn	4, 0x386a4a27
80004768:	cfc9                	.insn	2, 0xcfc9
8000476a:	c145388b          	.insn	4, 0xc145388b
8000476e:	3890                	.insn	2, 0x3890
80004770:	3893fc2f          	.insn	4, 0x3893fc2f
80004774:	ffda                	.insn	2, 0xffda
80004776:	389f 05d1 38b3      	.insn	6, 0x38b305d1389f
8000477c:	38b93c73          	csrrc	s8,0x38b,s2
80004780:	f23d                	.insn	2, 0xf23d
80004782:	38ca                	.insn	2, 0x38ca
80004784:	7b46                	.insn	2, 0x7b46
80004786:	023138d3          	.insn	4, 0x023138d3
8000478a:	a07c38db          	.insn	4, 0xa07c38db
8000478e:	db9c38e3          	.insn	4, 0xdb9c38e3
80004792:	38ea                	.insn	2, 0x38ea
80004794:	4292                	.insn	2, 0x4292
80004796:	3b0338eb          	.insn	4, 0x3b0338eb
8000479a:	bd26390b          	.insn	4, 0xbd26390b
8000479e:	3925                	.insn	2, 0x3925
800047a0:	9561                	.insn	2, 0x9561
800047a2:	392e                	.insn	2, 0x392e
800047a4:	6cd4                	.insn	2, 0x6cd4
800047a6:	c9d63947          	.insn	4, 0xc9d63947
800047aa:	397a                	.insn	2, 0x397a
800047ac:	35c4                	.insn	2, 0x35c4
800047ae:	398c                	.insn	2, 0x398c
800047b0:	398d5073          	csrwi	0x398,26
800047b4:	399987cf          	.insn	4, 0x399987cf
800047b8:	737c                	.insn	2, 0x737c
800047ba:	eec339bf 6d6839c2 	.insn	8, 0x6d6839c2eec339bf
800047c2:	39c6                	.insn	2, 0x39c6
800047c4:	39c73b7f 39c96743 	.insn	16, 0x39f0708e39d3fdf639c9674339c73b7f
800047cc:	39d3fdf6 39f0708e 
800047d4:	6835                	.insn	2, 0x6835
800047d6:	3a04                	.insn	2, 0x3a04
800047d8:	493e                	.insn	2, 0x493e
800047da:	3a06                	.insn	2, 0x3a06
800047dc:	56e2                	.insn	2, 0x56e2
800047de:	3a06                	.insn	2, 0x3a06
800047e0:	3a0a8c2b          	.insn	4, 0x3a0a8c2b
800047e4:	cef4                	.insn	2, 0xcef4
800047e6:	3a2c                	.insn	2, 0x3a2c
800047e8:	8a86                	.insn	2, 0x8a86
800047ea:	3a2d                	.insn	2, 0x3a2d
800047ec:	c658                	.insn	2, 0xc658
800047ee:	3a42                	.insn	2, 0x3a42
800047f0:	3a49aebb          	.insn	4, 0x3a49aebb
800047f4:	de5c                	.insn	2, 0xde5c
800047f6:	3a4e                	.insn	2, 0x3a4e
800047f8:	56ec                	.insn	2, 0x56ec
800047fa:	3a74                	.insn	2, 0x3a74
800047fc:	c985                	.insn	2, 0xc985
800047fe:	3a76                	.insn	2, 0x3a76
80004800:	3a980e8b          	.insn	4, 0x3a980e8b
80004804:	3aba90eb          	.insn	4, 0x3aba90eb
80004808:	3ac8d43b          	.insn	4, 0x3ac8d43b
8000480c:	0afe                	.insn	2, 0x0afe
8000480e:	3ae0                	.insn	2, 0x3ae0
80004810:	4361                	.insn	2, 0x4361
80004812:	3aea                	.insn	2, 0x3aea
80004814:	3b13e5b7          	lui	a1,0x3b13e
80004818:	cef1                	.insn	2, 0xcef1
8000481a:	3b1e                	.insn	2, 0x3b1e
8000481c:	fafd                	.insn	2, 0xfafd
8000481e:	3b26                	.insn	2, 0x3b26
80004820:	fdc5                	.insn	2, 0xfdc5
80004822:	fc5c3b37          	lui	s6,0xfc5c3
80004826:	af763b3b          	.insn	4, 0xaf763b3b
8000482a:	ed023b43          	.insn	4, 0xed023b43
8000482e:	3b76                	.insn	2, 0x3b76
80004830:	7cce                	.insn	2, 0x7cce
80004832:	3b8a                	.insn	2, 0x3b8a
80004834:	07e4                	.insn	2, 0x07e4
80004836:	d0de3b8f          	.insn	4, 0xd0de3b8f
8000483a:	3b90                	.insn	2, 0x3b90
8000483c:	3b99408f          	.insn	4, 0x3b99408f
80004840:	3eb0                	.insn	2, 0x3eb0
80004842:	3c06                	.insn	2, 0x3c06
80004844:	e4c1                	.insn	2, 0xe4c1
80004846:	3c39                	.insn	2, 0x3c39
80004848:	02ec                	.insn	2, 0x02ec
8000484a:	3c49                	.insn	2, 0x3c49
8000484c:	de19                	.insn	2, 0xde19
8000484e:	3c49                	.insn	2, 0x3c49
80004850:	bdbd                	.insn	2, 0xbdbd
80004852:	3a763c4b          	.insn	4, 0x3a763c4b
80004856:	e86b3c5b          	.insn	4, 0xe86b3c5b
8000485a:	3c6e                	.insn	2, 0x3c6e
8000485c:	1752                	.insn	2, 0x1752
8000485e:	3c96                	.insn	2, 0x3c96
80004860:	3c985217          	auipc	tp,0x3c985
80004864:	8b6a                	.insn	2, 0x8b6a
80004866:	3ccc                	.insn	2, 0x3ccc
80004868:	71b9                	.insn	2, 0x71b9
8000486a:	a1413cdb          	.insn	4, 0xa1413cdb
8000486e:	0d013cf7          	.insn	4, 0x0d013cf7
80004872:	3d1a                	.insn	2, 0x3d1a
80004874:	bfe5                	.insn	2, 0xbfe5
80004876:	3d2c                	.insn	2, 0x3d2c
80004878:	54be                	.insn	2, 0x54be
8000487a:	3d2d                	.insn	2, 0x3d2d
8000487c:	5ae1                	.insn	2, 0x5ae1
8000487e:	3d42                	.insn	2, 0x3d42
80004880:	3d4262f7          	.insn	4, 0x3d4262f7
80004884:	1d74                	.insn	2, 0x1d74
80004886:	3d4e                	.insn	2, 0x3d4e
80004888:	8d0c                	.insn	2, 0x8d0c
8000488a:	3d52                	.insn	2, 0x3d52
8000488c:	56d6                	.insn	2, 0x56d6
8000488e:	3d54                	.insn	2, 0x3d54
80004890:	fb3a                	.insn	2, 0xfb3a
80004892:	742a3d57          	.insn	4, 0x742a3d57
80004896:	3d5a                	.insn	2, 0x3d5a
80004898:	00fc                	.insn	2, 0x00fc
8000489a:	3d62                	.insn	2, 0x3d62
8000489c:	592a                	.insn	2, 0x592a
8000489e:	3d7d                	.insn	2, 0x3d7d
800048a0:	7fc4                	.insn	2, 0x7fc4
800048a2:	3d8e                	.insn	2, 0x3d8e
800048a4:	3d9105a3          	sb	s9,971(sp)
800048a8:	38e6                	.insn	2, 0x38e6
800048aa:	3da0                	.insn	2, 0x3da0
800048ac:	ffa0                	.insn	2, 0xffa0
800048ae:	3db1                	.insn	2, 0x3db1
800048b0:	3dbf7153          	.insn	4, 0x3dbf7153
800048b4:	50ad                	.insn	2, 0x50ad
800048b6:	e9283dd7          	.insn	4, 0xe9283dd7
800048ba:	3dde                	.insn	2, 0x3dde
800048bc:	4c2e                	.insn	2, 0x4c2e
800048be:	b7773deb          	.insn	4, 0xb7773deb
800048c2:	0a4d3e27          	.insn	4, 0x0a4d3e27
800048c6:	3e2a                	.insn	2, 0x3e2a
800048c8:	f67f                	.insn	2, 0xf67f
800048ca:	3e38                	.insn	2, 0x3e38
800048cc:	3e3b8743          	.insn	4, 0x3e3b8743
800048d0:	3e5303f7          	.insn	4, 0x3e5303f7
800048d4:	79d1                	.insn	2, 0x79d1
800048d6:	17143e53          	.insn	4, 0x17143e53
800048da:	3e6d                	.insn	2, 0x3e6d
800048dc:	99ec                	.insn	2, 0x99ec
800048de:	3e85                	.insn	2, 0x3e85
800048e0:	b8b0                	.insn	2, 0xb8b0
800048e2:	3e8d                	.insn	2, 0x3e8d
800048e4:	6ce8                	.insn	2, 0x6ce8
800048e6:	8b753e9b          	.insn	4, 0x8b753e9b
800048ea:	3e9d                	.insn	2, 0x3e9d
800048ec:	ccad                	.insn	2, 0xccad
800048ee:	c5723ea7          	.insn	4, 0xc5723ea7
800048f2:	99263ed3          	.insn	4, 0x99263ed3
800048f6:	3f00                	.insn	2, 0x3f00
800048f8:	227f 3f1a 1b75 3f1e 	.insn	14, 0x204c3f4ac5ee3f1e1b753f1a227f
80004900:	c5ee 3f4a 204c 
80004906:	3f66                	.insn	2, 0x3f66
80004908:	7168                	.insn	2, 0x7168
8000490a:	d17c3f67          	.insn	4, 0xd17c3f67
8000490e:	e53c3f67          	.insn	4, 0xe53c3f67
80004912:	3f68                	.insn	2, 0x3f68
80004914:	b11e                	.insn	2, 0xb11e
80004916:	3f7c                	.insn	2, 0x3f7c
80004918:	f425                	.insn	2, 0xf425
8000491a:	3f81                	.insn	2, 0x3f81
8000491c:	156e                	.insn	2, 0x156e
8000491e:	3f8a                	.insn	2, 0x3f8a
80004920:	3f95e34b          	.insn	4, 0x3f95e34b
80004924:	f67d                	.insn	2, 0xf67d
80004926:	3fa4                	.insn	2, 0x3fa4
80004928:	5aa8                	.insn	2, 0x5aa8
8000492a:	3fb1                	.insn	2, 0x3fb1
8000492c:	91b1                	.insn	2, 0x91b1
8000492e:	3fb4                	.insn	2, 0x3fb4
80004930:	83ba                	.insn	2, 0x83ba
80004932:	3fbe                	.insn	2, 0x3fbe
80004934:	4afd                	.insn	2, 0x4afd
80004936:	fa463fff 12294001 	.insn	16, 0x7e40401ed5c8400712294001fa463fff
8000493e:	d5c84007 7e40401e 
80004946:	4025                	.insn	2, 0x4025
80004948:	4043fd5b          	.insn	4, 0x4043fd5b
8000494c:	405d5a9b          	.insn	4, 0x405d5a9b
80004950:	a050                	.insn	2, 0xa050
80004952:	4085                	.insn	2, 0x4085
80004954:	345c                	.insn	2, 0x345c
80004956:	7651408b          	.insn	4, 0x7651408b
8000495a:	c4ff408b          	.insn	4, 0xc4ff408b
8000495e:	40b0                	.insn	2, 0x40b0
80004960:	4885                	.insn	2, 0x4885
80004962:	40cd                	.insn	2, 0x40cd
80004964:	0d2d                	.insn	2, 0x0d2d
80004966:	40ce                	.insn	2, 0x40ce
80004968:	24f2                	.insn	2, 0x24f2
8000496a:	40ce                	.insn	2, 0x40ce
8000496c:	cc41                	.insn	2, 0xcc41
8000496e:	40d2                	.insn	2, 0x40d2
80004970:	a17a                	.insn	2, 0xa17a
80004972:	40d5                	.insn	2, 0x40d5
80004974:	0dea                	.insn	2, 0x0dea
80004976:	a95e40ef          	jal	7ffe940a <buflen.1+0x7ffe93ca>
8000497a:	ad3840f3          	.insn	4, 0xad3840f3
8000497e:	40f9                	.insn	2, 0x40f9
80004980:	f865                	.insn	2, 0xf865
80004982:	40fd                	.insn	2, 0x40fd
80004984:	40fed847          	.insn	4, 0x40fed847
80004988:	411c6f63          	bltu	s8,a7,80004da6 <verify_data+0x144e>
8000498c:	41240a87          	.insn	4, 0x41240a87
80004990:	6f6a                	.insn	2, 0x6f6a
80004992:	4139                	.insn	2, 0x4139
80004994:	3ab2                	.insn	2, 0x3ab2
80004996:	413d                	.insn	2, 0x413d
80004998:	88ae                	.insn	2, 0x88ae
8000499a:	414a                	.insn	2, 0x414a
8000499c:	58f0                	.insn	2, 0x58f0
8000499e:	418e                	.insn	2, 0x418e
800049a0:	4ba0                	.insn	2, 0x4ba0
800049a2:	4191                	.insn	2, 0x4191
800049a4:	07d4                	.insn	2, 0x07d4
800049a6:	4192                	.insn	2, 0x4192
800049a8:	41aaf2ef          	jal	t0,800b3dc2 <__global_pointer$+0xabc6a>
800049ac:	2be4                	.insn	2, 0x2be4
800049ae:	41ae                	.insn	2, 0x41ae
800049b0:	a764                	.insn	2, 0xa764
800049b2:	41b5                	.insn	2, 0x41b5
800049b4:	65ff 41b8 a514 41be 	.insn	22, 0xa0e2423bc726422f299741f694ba41bea51441b865ff
800049bc:	94ba 41f6 2997 422f 
800049c4:	c726 423b a0e2 
800049ca:	4248                	.insn	2, 0x4248
800049cc:	f095                	.insn	2, 0xf095
800049ce:	4252                	.insn	2, 0x4252
800049d0:	9e80                	.insn	2, 0x9e80
800049d2:	4261                	.insn	2, 0x4261
800049d4:	8d86                	.insn	2, 0x8d86
800049d6:	42d0                	.insn	2, 0x42d0
800049d8:	42d7b4a3          	.insn	4, 0x42d7b4a3
800049dc:	42dd5013          	srai	zero,s10,0x2d
800049e0:	42dfc0af          	.insn	4, 0x42dfc0af
800049e4:	1664                	.insn	2, 0x1664
800049e6:	42ec                	.insn	2, 0x42ec
800049e8:	aca1                	.insn	2, 0xaca1
800049ea:	42f4                	.insn	2, 0x42f4
800049ec:	1936                	.insn	2, 0x1936
800049ee:	42f8                	.insn	2, 0x42f8
800049f0:	430fbce7          	.insn	4, 0x430fbce7
800049f4:	b1f5                	.insn	2, 0xb1f5
800049f6:	431a                	.insn	2, 0x431a
800049f8:	aba4                	.insn	2, 0xaba4
800049fa:	431d                	.insn	2, 0x431d
800049fc:	4d99                	.insn	2, 0x4d99
800049fe:	8fd1432f          	.insn	4, 0x8fd1432f
80004a02:	433a                	.insn	2, 0x433a
80004a04:	9488                	.insn	2, 0x9488
80004a06:	4349                	.insn	2, 0x4349
80004a08:	6781                	.insn	2, 0x6781
80004a0a:	c7ab4367          	.insn	4, 0xc7ab4367
80004a0e:	0f3a4373          	.insn	4, 0x0f3a4373
80004a12:	4382                	.insn	2, 0x4382
80004a14:	7015                	.insn	2, 0x7015
80004a16:	19f2438f          	.insn	4, 0x19f2438f
80004a1a:	4396                	.insn	2, 0x4396
80004a1c:	4adc                	.insn	2, 0x4adc
80004a1e:	439a                	.insn	2, 0x439a
80004a20:	d65f 43b2 0354      	.insn	6, 0x035443b2d65f
80004a26:	43ba                	.insn	2, 0x43ba
80004a28:	6d74                	.insn	2, 0x6d74
80004a2a:	0be443bb          	.insn	4, 0x0be443bb
80004a2e:	43cd                	.insn	2, 0x43cd
80004a30:	43e409b7          	lui	s3,0x43e40
80004a34:	3234                	.insn	2, 0x3234
80004a36:	43e6                	.insn	2, 0x43e6
80004a38:	247f 43f3 22f9 43fe 	.insn	14, 0x99ca44235c1243fe22f943f3247f
80004a40:	5c12 4423 99ca 
80004a46:	4428                	.insn	2, 0x4428
80004a48:	d032                	.insn	2, 0xd032
80004a4a:	442d                	.insn	2, 0x442d
80004a4c:	5118                	.insn	2, 0x5118
80004a4e:	4430                	.insn	2, 0x4430
80004a50:	463a                	.insn	2, 0x463a
80004a52:	443a                	.insn	2, 0x443a
80004a54:	44630ba3          	sb	t1,1111(t1) # 10457 <buflen.1+0x10417>
80004a58:	ef61                	.insn	2, 0xef61
80004a5a:	4469                	.insn	2, 0x4469
80004a5c:	4477c207          	.insn	4, 0x4477c207
80004a60:	1402                	.insn	2, 0x1402
80004a62:	447e                	.insn	2, 0x447e
80004a64:	82a8                	.insn	2, 0x82a8
80004a66:	3cf24497          	auipc	s1,0x3cf24
80004a6a:	79ab44af          	.insn	4, 0x79ab44af
80004a6e:	44b0                	.insn	2, 0x44b0
80004a70:	7ed5                	.insn	2, 0x7ed5
80004a72:	44d5                	.insn	2, 0x44d5
80004a74:	e886                	.insn	2, 0xe886
80004a76:	44de                	.insn	2, 0x44de
80004a78:	44e034f3          	csrrc	s1,0x44e,zero
80004a7c:	be30                	.insn	2, 0xbe30
80004a7e:	980f44f3          	.insn	4, 0x980f44f3
80004a82:	4500                	.insn	2, 0x4500
80004a84:	3ef5                	.insn	2, 0x3ef5
80004a86:	451f 4e25 4520      	.insn	6, 0x45204e25451f
80004a8c:	a5a0                	.insn	2, 0xa5a0
80004a8e:	4522                	.insn	2, 0x4522
80004a90:	bf66                	.insn	2, 0xbf66
80004a92:	4524                	.insn	2, 0x4524
80004a94:	452708a7          	.insn	4, 0x452708a7
80004a98:	45288ea3          	sb	s2,1117(a7) # 100045d <buflen.1+0x100041d>
80004a9c:	452947fb          	.insn	4, 0x452947fb
80004aa0:	6738                	.insn	2, 0x6738
80004aa2:	452c                	.insn	2, 0x452c
80004aa4:	4f90                	.insn	2, 0x4f90
80004aa6:	453c                	.insn	2, 0x453c
80004aa8:	14c2                	.insn	2, 0x14c2
80004aaa:	454d                	.insn	2, 0x454d
80004aac:	4f41                	.insn	2, 0x4f41
80004aae:	39da4577          	.insn	4, 0x39da4577
80004ab2:	2dac4583          	lbu	a1,730(s8)
80004ab6:	4592                	.insn	2, 0x4592
80004ab8:	45a55e33          	.insn	4, 0x45a55e33
80004abc:	8575                	.insn	2, 0x8575
80004abe:	45b2                	.insn	2, 0x45b2
80004ac0:	91ea                	.insn	2, 0x91ea
80004ac2:	45c4                	.insn	2, 0x45c4
80004ac4:	601e                	.insn	2, 0x601e
80004ac6:	45c8                	.insn	2, 0x45c8
80004ac8:	d378                	.insn	2, 0xd378
80004aca:	45cc                	.insn	2, 0x45cc
80004acc:	45da2b4b          	.insn	4, 0x45da2b4b
80004ad0:	45dfbae3          	.insn	4, 0x45dfbae3
80004ad4:	60d8                	.insn	2, 0x60d8
80004ad6:	22c245f7          	.insn	4, 0x22c245f7
80004ada:	45f8                	.insn	2, 0x45f8
80004adc:	c688                	.insn	2, 0xc688
80004ade:	4602                	.insn	2, 0x4602
80004ae0:	2449                	.insn	2, 0x2449
80004ae2:	4609                	.insn	2, 0x4609
80004ae4:	952d                	.insn	2, 0x952d
80004ae6:	4616                	.insn	2, 0x4616
80004ae8:	2b82                	.insn	2, 0x2b82
80004aea:	4638                	.insn	2, 0x4638
80004aec:	d58c                	.insn	2, 0xd58c
80004aee:	463a                	.insn	2, 0x463a
80004af0:	20ae                	.insn	2, 0x20ae
80004af2:	464e                	.insn	2, 0x464e
80004af4:	5558                	.insn	2, 0x5558
80004af6:	4656                	.insn	2, 0x4656
80004af8:	465d649b          	.insn	4, 0x465d649b
80004afc:	8db4                	.insn	2, 0x8db4
80004afe:	3a7a4667          	.insn	4, 0x3a7a4667
80004b02:	468a                	.insn	2, 0x468a
80004b04:	fa54                	.insn	2, 0xfa54
80004b06:	469a                	.insn	2, 0x469a
80004b08:	42ff 46ae 9d13 46d0 	.insn	18, 0xa1b846e0db7846dadd1346d09d1346ae42ff
80004b10:	dd13 46da db78 46e0 
80004b18:	a1b8 
80004b1a:	8a9e46e3          	blt	t3,s1,800043c6 <verify_data+0xa6e>
80004b1e:	6c8346fb          	.insn	4, 0x6c8346fb
80004b22:	46fe                	.insn	2, 0x46fe
80004b24:	0e38                	.insn	2, 0x0e38
80004b26:	4705                	.insn	2, 0x4705
80004b28:	dae5                	.insn	2, 0xdae5
80004b2a:	470e                	.insn	2, 0x470e
80004b2c:	9f7d                	.insn	2, 0x9f7d
80004b2e:	d0aa472b          	.insn	4, 0xd0aa472b
80004b32:	4735                	.insn	2, 0x4735
80004b34:	47c5                	.insn	2, 0x47c5
80004b36:	ead3476b          	.insn	4, 0xead3476b
80004b3a:	1b49476b          	.insn	4, 0x1b49476b
80004b3e:	4775                	.insn	2, 0x4775
80004b40:	229c                	.insn	2, 0x229c
80004b42:	477c                	.insn	2, 0x477c
80004b44:	4797b60f          	.insn	4, 0x4797b60f
80004b48:	479820a3          	sw	s9,1121(a6) # 10461 <buflen.1+0x10421>
80004b4c:	ddb4                	.insn	2, 0xddb4
80004b4e:	479f 3740 47a5      	.insn	6, 0x47a53740479f
80004b54:	8ad5                	.insn	2, 0x8ad5
80004b56:	155447a7          	.insn	4, 0x155447a7
80004b5a:	47ba                	.insn	2, 0x47ba
80004b5c:	0524                	.insn	2, 0x0524
80004b5e:	47c2                	.insn	2, 0x47c2
80004b60:	b8f5                	.insn	2, 0xb8f5
80004b62:	47d2                	.insn	2, 0x47d2
80004b64:	d05f 47da 8286      	.insn	6, 0x828647dad05f
80004b6a:	47e0                	.insn	2, 0x47e0
80004b6c:	b732                	.insn	2, 0xb732
80004b6e:	47e6                	.insn	2, 0x47e6
80004b70:	481bd9f3          	csrrwi	s3,0x481,23
80004b74:	0125                	.insn	2, 0x0125
80004b76:	481f 3db3 4847      	.insn	6, 0x48473db3481f
80004b7c:	8551                	.insn	2, 0x8551
80004b7e:	484c                	.insn	2, 0x484c
80004b80:	f4ee                	.insn	2, 0xf4ee
80004b82:	4861                	.insn	2, 0x4861
80004b84:	adb0                	.insn	2, 0xadb0
80004b86:	486a                	.insn	2, 0x486a
80004b88:	6559                	.insn	2, 0x6559
80004b8a:	486c                	.insn	2, 0x486c
80004b8c:	0341                	.insn	2, 0x0341
80004b8e:	486d                	.insn	2, 0x486d
80004b90:	4881f2b7          	lui	t0,0x4881f
80004b94:	36f5                	.insn	2, 0x36f5
80004b96:	4896                	.insn	2, 0x4896
80004b98:	2d61                	.insn	2, 0x2d61
80004b9a:	48a1                	.insn	2, 0x48a1
80004b9c:	48bfb5ef          	jal	a1,80100826 <__global_pointer$+0xf86ce>
80004ba0:	b06d                	.insn	2, 0xb06d
80004ba2:	48c5                	.insn	2, 0x48c5
80004ba4:	a2c4                	.insn	2, 0xa2c4
80004ba6:	48c8                	.insn	2, 0x48c8
80004ba8:	48d2104f          	.insn	4, 0x48d2104f
80004bac:	48deb2b3          	.insn	4, 0x48deb2b3
80004bb0:	c11e                	.insn	2, 0xc11e
80004bb2:	48ec                	.insn	2, 0x48ec
80004bb4:	48ee3bd3          	.insn	4, 0x48ee3bd3
80004bb8:	662c                	.insn	2, 0x662c
80004bba:	48ee                	.insn	2, 0x48ee
80004bbc:	493e456f          	jal	a0,800e984e <__global_pointer$+0xe16f6>
80004bc0:	2b3c                	.insn	2, 0x2b3c
80004bc2:	44f24957          	.insn	4, 0x44f24957
80004bc6:	4961                	.insn	2, 0x4961
80004bc8:	d92d                	.insn	2, 0xd92d
80004bca:	4961                	.insn	2, 0x4961
80004bcc:	49635f53          	.insn	4, 0x49635f53
80004bd0:	523d                	.insn	2, 0x523d
80004bd2:	4969                	.insn	2, 0x4969
80004bd4:	ccf5                	.insn	2, 0xccf5
80004bd6:	496d                	.insn	2, 0x496d
80004bd8:	49777d6b          	.insn	4, 0x49777d6b
80004bdc:	f754                	.insn	2, 0xf754
80004bde:	497d                	.insn	2, 0x497d
80004be0:	6fb9                	.insn	2, 0x6fb9
80004be2:	497e                	.insn	2, 0x497e
80004be4:	c139                	.insn	2, 0xc139
80004be6:	c342498f          	.insn	4, 0xc342498f
80004bea:	cba1499b          	.insn	4, 0xcba1499b
80004bee:	49b049e3          	bgtz	s11,80005880 <verify_data+0x1f28>
80004bf2:	49ed                	.insn	2, 0x49ed
80004bf4:	4a41b0ab          	.insn	4, 0x4a41b0ab
80004bf8:	4a5ba023          	sw	t0,1184(s7) # 3014d4a0 <buflen.1+0x3014d460>
80004bfc:	8c9f 4a73 0635      	.insn	6, 0x06354a738c9f
80004c02:	4a75                	.insn	2, 0x4a75
80004c04:	fd96                	.insn	2, 0xfd96
80004c06:	4a86                	.insn	2, 0x4a86
80004c08:	ca59                	.insn	2, 0xca59
80004c0a:	4ad5                	.insn	2, 0x4ad5
80004c0c:	4699                	.insn	2, 0x4699
80004c0e:	4add                	.insn	2, 0x4add
80004c10:	5c10                	.insn	2, 0x5c10
80004c12:	4adf bad6 4ae2      	.insn	6, 0x4ae2bad64adf
80004c18:	0a4e                	.insn	2, 0x0a4e
80004c1a:	4af4                	.insn	2, 0x4af4
80004c1c:	4b27318b          	.insn	4, 0x4b27318b
80004c20:	af6d                	.insn	2, 0xaf6d
80004c22:	4b3e                	.insn	2, 0x4b3e
80004c24:	4b8786af          	.insn	4, 0x4b8786af
80004c28:	3372                	.insn	2, 0x3372
80004c2a:	4bae                	.insn	2, 0x4bae
80004c2c:	91ec                	.insn	2, 0x91ec
80004c2e:	d9bb4bc7          	.insn	4, 0xd9bb4bc7
80004c32:	058c4be3          	blt	s8,s8,80005488 <verify_data+0x1b30>
80004c36:	9b834bef          	jal	s7,7ff38dee <buflen.1+0x7ff38dae>
80004c3a:	4bf2                	.insn	2, 0x4bf2
80004c3c:	5c1f 4bf6 040c      	.insn	6, 0x040c4bf65c1f
80004c42:	4c04                	.insn	2, 0x4c04
80004c44:	97d2                	.insn	2, 0x97d2
80004c46:	4c06                	.insn	2, 0x4c06
80004c48:	58c2                	.insn	2, 0x58c2
80004c4a:	4c11                	.insn	2, 0x4c11
80004c4c:	8cce                	.insn	2, 0x8cce
80004c4e:	4c2d                	.insn	2, 0x4c2d
80004c50:	4c38983f 4c38dab4 	.insn	8, 0x4c38dab44c38983f
80004c58:	4c3ceec7          	.insn	4, 0x4c3ceec7
80004c5c:	f69e                	.insn	2, 0xf69e
80004c5e:	4c4a                	.insn	2, 0x4c4a
80004c60:	465f 4c61 7db2      	.insn	6, 0x7db24c61465f
80004c66:	e8004c9b          	.insn	4, 0xe8004c9b
80004c6a:	4cb5                	.insn	2, 0x4cb5
80004c6c:	acda                	.insn	2, 0xacda
80004c6e:	4cb8                	.insn	2, 0x4cb8
80004c70:	4cc2bb0b          	.insn	4, 0x4cc2bb0b
80004c74:	c236                	.insn	2, 0xc236
80004c76:	47684ccf          	.insn	4, 0x47684ccf
80004c7a:	4cd9                	.insn	2, 0x4cd9
80004c7c:	4ced7143          	.insn	4, 0x4ced7143
80004c80:	a049                	.insn	2, 0xa049
80004c82:	4cf2                	.insn	2, 0x4cf2
80004c84:	7b64                	.insn	2, 0x7b64
80004c86:	2ba04cf3          	.insn	4, 0x2ba04cf3
80004c8a:	4cf4                	.insn	2, 0x4cf4
80004c8c:	cad2                	.insn	2, 0xcad2
80004c8e:	4cf9                	.insn	2, 0x4cf9
80004c90:	1e4c                	.insn	2, 0x1e4c
80004c92:	aadb4d03          	lbu	s10,-1363(s6) # fc5c2aad <__global_pointer$+0x7c5ba955>
80004c96:	4d08                	.insn	2, 0x4d08
80004c98:	4d130333          	.insn	4, 0x4d130333
80004c9c:	345f 4d2e 799b      	.insn	6, 0x799b4d2e345f
80004ca2:	4d4c                	.insn	2, 0x4d4c
80004ca4:	f848                	.insn	2, 0xf848
80004ca6:	4d60                	.insn	2, 0x4d60
80004ca8:	5bb8                	.insn	2, 0x5bb8
80004caa:	1a904d77          	.insn	4, 0x1a904d77
80004cae:	4d9f fe51 4da5      	.insn	6, 0x4da5fe514d9f
80004cb4:	6f29                	.insn	2, 0x6f29
80004cb6:	4db5                	.insn	2, 0x4db5
80004cb8:	cec0                	.insn	2, 0xcec0
80004cba:	4dc9                	.insn	2, 0x4dc9
80004cbc:	4e03cf67          	.insn	4, 0x4e03cf67
80004cc0:	b8a4                	.insn	2, 0xb8a4
80004cc2:	82044e17          	auipc	t3,0x82044
80004cc6:	4e34                	.insn	2, 0x4e34
80004cc8:	b850                	.insn	2, 0xb850
80004cca:	4e3a                	.insn	2, 0x4e3a
80004ccc:	4e448da7          	.insn	4, 0x4e448da7
80004cd0:	4e4c9107          	.insn	4, 0x4e4c9107
80004cd4:	1808                	.insn	2, 0x1808
80004cd6:	4e50                	.insn	2, 0x4e50
80004cd8:	6961                	.insn	2, 0x6961
80004cda:	4e72                	.insn	2, 0x4e72
80004cdc:	0276                	.insn	2, 0x0276
80004cde:	4e81                	.insn	2, 0x4e81
80004ce0:	e729                	.insn	2, 0xe729
80004ce2:	4e82                	.insn	2, 0x4e82
80004ce4:	94d2                	.insn	2, 0x94d2
80004ce6:	d2144e8f          	.insn	4, 0xd2144e8f
80004cea:	4e9c                	.insn	2, 0x4e9c
80004cec:	4eaa874f          	.insn	4, 0x4eaa874f
80004cf0:	8f85                	.insn	2, 0x8f85
80004cf2:	4eca                	.insn	2, 0x4eca
80004cf4:	687e                	.insn	2, 0x687e
80004cf6:	4ed0                	.insn	2, 0x4ed0
80004cf8:	4ed6bee3          	.insn	4, 0x4ed6bee3
80004cfc:	9124                	.insn	2, 0x9124
80004cfe:	85ea4ee7          	.insn	4, 0x85ea4ee7
80004d02:	4eec                	.insn	2, 0x4eec
80004d04:	aeb6                	.insn	2, 0xaeb6
80004d06:	4ef5                	.insn	2, 0x4ef5
80004d08:	4efa053b          	.insn	4, 0x4efa053b
80004d0c:	2d0a                	.insn	2, 0x2d0a
80004d0e:	6b084efb          	.insn	4, 0x6b084efb
80004d12:	4f09                	.insn	2, 0x4f09
80004d14:	d49f 4f2b 2e2c      	.insn	6, 0x2e2c4f2bd49f
80004d1a:	4f35                	.insn	2, 0x4f35
80004d1c:	4c14                	.insn	2, 0x4c14
80004d1e:	82e34f5b          	.insn	4, 0x82e34f5b
80004d22:	4f5e                	.insn	2, 0x4f5e
80004d24:	7e0c                	.insn	2, 0x7e0c
80004d26:	4f6a                	.insn	2, 0x4f6a
80004d28:	d6f6                	.insn	2, 0xd6f6
80004d2a:	2e644f6b          	.insn	4, 0x2e644f6b
80004d2e:	4f6e                	.insn	2, 0x4f6e
80004d30:	4f730137          	lui	sp,0x4f730
80004d34:	0661                	.insn	2, 0x0661
80004d36:	4f80                	.insn	2, 0x4f80
80004d38:	4e44                	.insn	2, 0x4e44
80004d3a:	4f90                	.insn	2, 0x4f90
80004d3c:	177e                	.insn	2, 0x177e
80004d3e:	4f96                	.insn	2, 0x4f96
80004d40:	08d9                	.insn	2, 0x08d9
80004d42:	6eff4f97          	auipc	t6,0x6eff4
80004d46:	4f9c                	.insn	2, 0x4f9c
80004d48:	9f10                	.insn	2, 0x9f10
80004d4a:	4f9f 6481 4fa3      	.insn	6, 0x4fa364814f9f
80004d50:	94c6                	.insn	2, 0x94c6
80004d52:	4fa9                	.insn	2, 0x4fa9
80004d54:	3271                	.insn	2, 0x3271
80004d56:	a3944fb7          	lui	t6,0xa3944
80004d5a:	4fc1                	.insn	2, 0x4fc1
80004d5c:	fda0                	.insn	2, 0xfda0
80004d5e:	44314fd3          	.insn	4, 0x44314fd3
80004d62:	4fed                	.insn	2, 0x4fed
80004d64:	b9ad                	.insn	2, 0xb9ad
80004d66:	501d                	.insn	2, 0x501d
80004d68:	495f 502b d8ac      	.insn	6, 0xd8ac502b495f
80004d6e:	5030                	.insn	2, 0x5030
80004d70:	503866b3          	.insn	4, 0x503866b3
80004d74:	259f 503a ed35      	.insn	6, 0xed35503a259f
80004d7a:	504d                	.insn	2, 0x504d
80004d7c:	5c0d                	.insn	2, 0x5c0d
80004d7e:	505e                	.insn	2, 0x505e
80004d80:	8da5                	.insn	2, 0x8da5
80004d82:	505e                	.insn	2, 0x505e
80004d84:	5615                	.insn	2, 0x5615
80004d86:	5081                	.insn	2, 0x5081
80004d88:	9ad6                	.insn	2, 0x9ad6
80004d8a:	50a2                	.insn	2, 0x50a2
80004d8c:	5896                	.insn	2, 0x5896
80004d8e:	636650a7          	.insn	4, 0x636650a7
80004d92:	50b4                	.insn	2, 0x50b4
80004d94:	fc05                	.insn	2, 0xfc05
80004d96:	50c4                	.insn	2, 0x50c4
80004d98:	a0ae                	.insn	2, 0xa0ae
80004d9a:	50c9                	.insn	2, 0x50c9
80004d9c:	50dfdaef          	jal	s5,80102aa8 <__global_pointer$+0xfa950>
80004da0:	67d5                	.insn	2, 0x67d5
80004da2:	511f 6762 5120      	.insn	6, 0x51206762511f
80004da8:	b562                	.insn	2, 0xb562
80004daa:	5162                	.insn	2, 0x5162
80004dac:	eb98                	.insn	2, 0xeb98
80004dae:	5185                	.insn	2, 0x5185
80004db0:	518d9d7b          	.insn	4, 0x518d9d7b
80004db4:	9932                	.insn	2, 0x9932
80004db6:	51b0                	.insn	2, 0x51b0
80004db8:	a63a                	.insn	2, 0xa63a
80004dba:	51c9                	.insn	2, 0x51c9
80004dbc:	3fa1                	.insn	2, 0x3fa1
80004dbe:	51e5                	.insn	2, 0x51e5
80004dc0:	7c82                	.insn	2, 0x7c82
80004dc2:	049e51e7          	.insn	4, 0x049e51e7
80004dc6:	51fc                	.insn	2, 0x51fc
80004dc8:	8b7a                	.insn	2, 0x8b7a
80004dca:	5222                	.insn	2, 0x5222
80004dcc:	5235d287          	.insn	4, 0x5235d287
80004dd0:	e641                	.insn	2, 0xe641
80004dd2:	5238                	.insn	2, 0x5238
80004dd4:	10ed                	.insn	2, 0x10ed
80004dd6:	5241                	.insn	2, 0x5241
80004dd8:	34f5                	.insn	2, 0x34f5
80004dda:	5266                	.insn	2, 0x5266
80004ddc:	52670823          	sb	t1,1328(a4)
80004de0:	52680fd7          	.insn	4, 0x52680fd7
80004de4:	4906                	.insn	2, 0x4906
80004de6:	526d                	.insn	2, 0x526d
80004de8:	9a3e                	.insn	2, 0x9a3e
80004dea:	adf35273          	csrrwi	tp,0xadf,6
80004dee:	5278                	.insn	2, 0x5278
80004df0:	5282f6af          	.insn	4, 0x5282f6af
80004df4:	b9a9                	.insn	2, 0xb9a9
80004df6:	9ede5297          	auipc	t0,0x9ede5
80004dfa:	52a0                	.insn	2, 0x52a0
80004dfc:	47ea                	.insn	2, 0x47ea
80004dfe:	52a2                	.insn	2, 0x52a2
80004e00:	8c68                	.insn	2, 0x8c68
80004e02:	52ac                	.insn	2, 0x52ac
80004e04:	2390                	.insn	2, 0x2390
80004e06:	52b9                	.insn	2, 0x52b9
80004e08:	cb54                	.insn	2, 0xcb54
80004e0a:	52c6                	.insn	2, 0x52c6
80004e0c:	52d6793b          	.insn	4, 0x52d6793b
80004e10:	52d9061b          	.insn	4, 0x52d9061b
80004e14:	52da5463          	bge	s4,a3,8000533c <verify_data+0x19e4>
80004e18:	e6d4                	.insn	2, 0xe6d4
80004e1a:	52dd                	.insn	2, 0x52dd
80004e1c:	6649                	.insn	2, 0x6649
80004e1e:	52de                	.insn	2, 0x52de
80004e20:	02a1                	.insn	2, 0x02a1
80004e22:	52e1                	.insn	2, 0x52e1
80004e24:	bc78                	.insn	2, 0xbc78
80004e26:	70bb52e3          	bge	s6,a1,80005d2a <input_data+0x3d2>
80004e2a:	52ea                	.insn	2, 0x52ea
80004e2c:	9892                	.insn	2, 0x9892
80004e2e:	52f5                	.insn	2, 0x52f5
80004e30:	b766                	.insn	2, 0xb766
80004e32:	52fa                	.insn	2, 0x52fa
80004e34:	5324eef7          	.insn	4, 0x5324eef7
80004e38:	5328610f          	.insn	4, 0x5328610f
80004e3c:	6e6c                	.insn	2, 0x6e6c
80004e3e:	532a                	.insn	2, 0x532a
80004e40:	5f7c                	.insn	2, 0x5f7c
80004e42:	50f6533f 167d536d 	.insn	8, 0x167d536d50f6533f
80004e4a:	5370                	.insn	2, 0x5370
80004e4c:	537361cf          	.insn	4, 0x537361cf
80004e50:	53807c37          	lui	s8,0x53807
80004e54:	538275d3          	.insn	4, 0x538275d3
80004e58:	8780                	.insn	2, 0x8780
80004e5a:	5390                	.insn	2, 0x5390
80004e5c:	099e                	.insn	2, 0x099e
80004e5e:	539c                	.insn	2, 0x539c
80004e60:	53a33aef          	jal	s5,8003839a <__global_pointer$+0x30242>
80004e64:	da66                	.insn	2, 0xda66
80004e66:	70b553ab          	.insn	4, 0x70b553ab
80004e6a:	53ba                	.insn	2, 0x53ba
80004e6c:	53c8cb9b          	.insn	4, 0x53c8cb9b
80004e70:	53ca3e2f          	.insn	4, 0x53ca3e2f
80004e74:	8d40                	.insn	2, 0x8d40
80004e76:	53de                	.insn	2, 0x53de
80004e78:	53f8a88b          	.insn	4, 0x53f8a88b
80004e7c:	a9d0                	.insn	2, 0xa9d0
80004e7e:	a88853fb          	.insn	4, 0xa88853fb
80004e82:	5431                	.insn	2, 0x5431
80004e84:	ce4c                	.insn	2, 0xce4c
80004e86:	5445                	.insn	2, 0x5445
80004e88:	148d                	.insn	2, 0x148d
80004e8a:	544a                	.insn	2, 0x544a
80004e8c:	6075                	.insn	2, 0x6075
80004e8e:	544a                	.insn	2, 0x544a
80004e90:	2416                	.insn	2, 0x2416
80004e92:	545d                	.insn	2, 0x545d
80004e94:	0c00                	.insn	2, 0x0c00
80004e96:	547c                	.insn	2, 0x547c
80004e98:	e13c                	.insn	2, 0xe13c
80004e9a:	547e                	.insn	2, 0x547e
80004e9c:	d742                	.insn	2, 0xd742
80004e9e:	af9c54af          	.insn	4, 0xaf9c54af
80004ea2:	54ec                	.insn	2, 0x54ec
80004ea4:	a2b4                	.insn	2, 0xa2b4
80004ea6:	54ed                	.insn	2, 0x54ed
80004ea8:	6adf 5506 fc8e      	.insn	6, 0xfc8e55066adf
80004eae:	5515                	.insn	2, 0x5515
80004eb0:	f601                	.insn	2, 0xf601
80004eb2:	5520                	.insn	2, 0x5520
80004eb4:	9b08                	.insn	2, 0x9b08
80004eb6:	5548                	.insn	2, 0x5548
80004eb8:	5552d8af          	.insn	4, 0x5552d8af
80004ebc:	5557c007          	.insn	4, 0x5557c007
80004ec0:	5579cfa7          	.insn	4, 0x5579cfa7
80004ec4:	5582c697          	auipc	a3,0x5582c
80004ec8:	7b2e                	.insn	2, 0x7b2e
80004eca:	5595                	.insn	2, 0x5595
80004ecc:	1f9c                	.insn	2, 0x1f9c
80004ece:	55a9                	.insn	2, 0x55a9
80004ed0:	e12a                	.insn	2, 0xe12a
80004ed2:	55d6                	.insn	2, 0x55d6
80004ed4:	4c62                	.insn	2, 0x4c62
80004ed6:	55f0                	.insn	2, 0x55f0
80004ed8:	56126e87          	.insn	4, 0x56126e87
80004edc:	ddb0                	.insn	2, 0xddb0
80004ede:	5612                	.insn	2, 0x5612
80004ee0:	657f 5624 35e2 5625 	.insn	22, 0xdc38564cd7805646a03f562654c2562535e25624657f
80004ee8:	54c2 5626 a03f 5646 
80004ef0:	d780 564c dc38 
80004ef6:	567a                	.insn	2, 0x567a
80004ef8:	5680bd3f 56834290 	.insn	8, 0x568342905680bd3f
80004f00:	17e6                	.insn	2, 0x17e6
80004f02:	56a1                	.insn	2, 0x56a1
80004f04:	56be5ff3          	csrrwi	t6,0x56b,28
80004f08:	16b2                	.insn	2, 0x16b2
80004f0a:	56c5                	.insn	2, 0x56c5
80004f0c:	263e                	.insn	2, 0x263e
80004f0e:	56df 1c4d 56f8      	.insn	6, 0x56f81c4d56df
80004f14:	b0b9                	.insn	2, 0xb0b9
80004f16:	56f8                	.insn	2, 0x56f8
80004f18:	3468                	.insn	2, 0x3468
80004f1a:	56fe                	.insn	2, 0x56fe
80004f1c:	0bc1                	.insn	2, 0x0bc1
80004f1e:	5700                	.insn	2, 0x5700
80004f20:	4838                	.insn	2, 0x4838
80004f22:	02115727          	.insn	4, 0x02115727
80004f26:	572c                	.insn	2, 0x572c
80004f28:	3a00                	.insn	2, 0x3a00
80004f2a:	5730                	.insn	2, 0x5730
80004f2c:	6a81                	.insn	2, 0x6a81
80004f2e:	5732                	.insn	2, 0x5732
80004f30:	5737b9e3          	.insn	4, 0x5737b9e3
80004f34:	08ff 576b c149 576b 	.insn	10, 0x6483576bc149576b08ff
80004f3c:	6483 
80004f3e:	5776                	.insn	2, 0x5776
80004f40:	5511                	.insn	2, 0x5511
80004f42:	c65d5787          	.insn	4, 0xc65d5787
80004f46:	57a2                	.insn	2, 0x57a2
80004f48:	b06e                	.insn	2, 0xb06e
80004f4a:	b82b57af          	.insn	4, 0xb82b57af
80004f4e:	57b4                	.insn	2, 0x57b4
80004f50:	ceb2                	.insn	2, 0xceb2
80004f52:	57b6                	.insn	2, 0x57b6
80004f54:	973c                	.insn	2, 0x973c
80004f56:	57c5                	.insn	2, 0x57c5
80004f58:	57cebc73          	csrrc	s8,0x57c,t4
80004f5c:	6a2e                	.insn	2, 0x6a2e
80004f5e:	73e657d7          	.insn	4, 0x73e657d7
80004f62:	57f4                	.insn	2, 0x57f4
80004f64:	2e9a                	.insn	2, 0x2e9a
80004f66:	f556583b          	.insn	4, 0xf556583b
80004f6a:	b0c8583b          	.insn	4, 0xb0c8583b
80004f6e:	583d                	.insn	2, 0x583d
80004f70:	86a0                	.insn	2, 0x86a0
80004f72:	5864                	.insn	2, 0x5864
80004f74:	9850                	.insn	2, 0x9850
80004f76:	588e                	.insn	2, 0x588e
80004f78:	a0ea                	.insn	2, 0xa0ea
80004f7a:	4ae3589b          	.insn	4, 0x4ae3589b
80004f7e:	01ab58ab          	.insn	4, 0x01ab58ab
80004f82:	236f58cb          	.insn	4, 0x236f58cb
80004f86:	58e6                	.insn	2, 0x58e6
80004f88:	3434                	.insn	2, 0x3434
80004f8a:	917d58ef          	jal	a7,7ffda8a0 <buflen.1+0x7ffda860>
80004f8e:	58f5                	.insn	2, 0x58f5
80004f90:	592c584b          	.insn	4, 0x592c584b
80004f94:	62d6                	.insn	2, 0x62d6
80004f96:	ca9b592f          	.insn	4, 0xca9b592f
80004f9a:	5944                	.insn	2, 0x5944
80004f9c:	8add                	.insn	2, 0x8add
80004f9e:	5948                	.insn	2, 0x5948
80004fa0:	1fe2                	.insn	2, 0x1fe2
80004fa2:	5952                	.insn	2, 0x5952
80004fa4:	5969bfbf 597a35f0 	.insn	8, 0x597a35f05969bfbf
80004fac:	c412                	.insn	2, 0xc412
80004fae:	598a                	.insn	2, 0x598a
80004fb0:	09c4                	.insn	2, 0x09c4
80004fb2:	598e                	.insn	2, 0x598e
80004fb4:	359a                	.insn	2, 0x359a
80004fb6:	930e598f          	.insn	4, 0x930e598f
80004fba:	59a5                	.insn	2, 0x59a5
80004fbc:	d140                	.insn	2, 0xd140
80004fbe:	59b4                	.insn	2, 0x59b4
80004fc0:	59bbba97          	auipc	s5,0x59bbb
80004fc4:	ad26                	.insn	2, 0xad26
80004fc6:	59ce                	.insn	2, 0x59ce
80004fc8:	9a45                	.insn	2, 0x9a45
80004fca:	59d9                	.insn	2, 0x59d9
80004fcc:	0492                	.insn	2, 0x0492
80004fce:	59ed                	.insn	2, 0x59ed
80004fd0:	ce14                	.insn	2, 0xce14
80004fd2:	5a02                	.insn	2, 0x5a02
80004fd4:	5c31                	.insn	2, 0x5c31
80004fd6:	5a21                	.insn	2, 0x5a21
80004fd8:	ca46                	.insn	2, 0xca46
80004fda:	5a21                	.insn	2, 0x5a21
80004fdc:	7271                	.insn	2, 0x7271
80004fde:	5a32                	.insn	2, 0x5a32
80004fe0:	0f8e                	.insn	2, 0x0f8e
80004fe2:	5a42                	.insn	2, 0x5a42
80004fe4:	5a46b2c3          	.insn	4, 0x5a46b2c3
80004fe8:	e44c                	.insn	2, 0xe44c
80004fea:	5a49                	.insn	2, 0x5a49
80004fec:	11fa                	.insn	2, 0x11fa
80004fee:	5a51                	.insn	2, 0x5a51
80004ff0:	2220                	.insn	2, 0x2220
80004ff2:	5a55                	.insn	2, 0x5a55
80004ff4:	50ec                	.insn	2, 0x50ec
80004ff6:	5d345a5b          	.insn	4, 0x5d345a5b
80004ffa:	5a8a                	.insn	2, 0x5a8a
80004ffc:	8bfd                	.insn	2, 0x8bfd
80004ffe:	e4a25aa3          	.insn	4, 0xe4a25aa3
80005002:	5aa6                	.insn	2, 0x5aa6
80005004:	5aadf643          	.insn	4, 0x5aadf643
80005008:	b38c                	.insn	2, 0xb38c
8000500a:	5abc                	.insn	2, 0x5abc
8000500c:	7ebd                	.insn	2, 0x7ebd
8000500e:	5ad6                	.insn	2, 0x5ad6
80005010:	e652                	.insn	2, 0xe652
80005012:	5add                	.insn	2, 0x5add
80005014:	8a1a                	.insn	2, 0x8a1a
80005016:	5aec                	.insn	2, 0x5aec
80005018:	8572                	.insn	2, 0x8572
8000501a:	5b04                	.insn	2, 0x5b04
8000501c:	5b13e84b          	.insn	4, 0x5b13e84b
80005020:	5b668c23          	sb	s6,1464(a3) # d583147c <__global_pointer$+0x55829324>
80005024:	4e8e                	.insn	2, 0x4e8e
80005026:	085b5b67          	.insn	4, 0x085b5b67
8000502a:	5b74                	.insn	2, 0x5b74
8000502c:	c33a                	.insn	2, 0xc33a
8000502e:	5b90                	.insn	2, 0x5b90
80005030:	c554                	.insn	2, 0xc554
80005032:	13985ba3          	.insn	4, 0x13985ba3
80005036:	5bad                	.insn	2, 0x5bad
80005038:	fea1                	.insn	2, 0xfea1
8000503a:	5bb1                	.insn	2, 0x5bb1
8000503c:	5bc3d43b          	.insn	4, 0x5bc3d43b
80005040:	5bdbb757          	.insn	4, 0x5bdbb757
80005044:	d285                	.insn	2, 0xd285
80005046:	20625bdb          	.insn	4, 0x20625bdb
8000504a:	5be2                	.insn	2, 0x5be2
8000504c:	4fe1                	.insn	2, 0x4fe1
8000504e:	5c1f f7b7 5c26      	.insn	6, 0x5c26f7b75c1f
80005054:	ae74                	.insn	2, 0xae74
80005056:	754a5c27          	.insn	4, 0x754a5c27
8000505a:	96b35c3f e1405c4d 	.insn	8, 0xe1405c4d96b35c3f
80005062:	5c50                	.insn	2, 0x5c50
80005064:	4f7e                	.insn	2, 0x4f7e
80005066:	8f185c63          	bge	a6,a7,8000415e <verify_data+0x806>
8000506a:	5c65                	.insn	2, 0x5c65
8000506c:	5c6b23e3          	.insn	4, 0x5c6b23e3
80005070:	21b4                	.insn	2, 0x21b4
80005072:	5c6e                	.insn	2, 0x5c6e
80005074:	5c7c7ae7          	.insn	4, 0x5c7c7ae7
80005078:	4274                	.insn	2, 0x4274
8000507a:	5c99                	.insn	2, 0x5c99
8000507c:	c924                	.insn	2, 0xc924
8000507e:	5ca1                	.insn	2, 0x5ca1
80005080:	6251                	.insn	2, 0x6251
80005082:	5cb4                	.insn	2, 0x5cb4
80005084:	7dfd                	.insn	2, 0x7dfd
80005086:	5cb9                	.insn	2, 0x5cb9
80005088:	ecf0                	.insn	2, 0xecf0
8000508a:	5ce0                	.insn	2, 0x5ce0
8000508c:	cf1d                	.insn	2, 0xcf1d
8000508e:	e2f05ce7          	.insn	4, 0xe2f05ce7
80005092:	5cfd                	.insn	2, 0x5cfd
80005094:	5d0e34db          	.insn	4, 0x5d0e34db
80005098:	cf00                	.insn	2, 0xcf00
8000509a:	5d0e                	.insn	2, 0x5d0e
8000509c:	6bb9                	.insn	2, 0x6bb9
8000509e:	5d11                	.insn	2, 0x5d11
800050a0:	5d161ea7          	.insn	4, 0x5d161ea7
800050a4:	5d347033          	.insn	4, 0x5d347033
800050a8:	5d39ae3b          	.insn	4, 0x5d39ae3b
800050ac:	52b6                	.insn	2, 0x52b6
800050ae:	5d51                	.insn	2, 0x5d51
800050b0:	5d52b08f          	.insn	4, 0x5d52b08f
800050b4:	acbd                	.insn	2, 0xacbd
800050b6:	5d64                	.insn	2, 0x5d64
800050b8:	791e                	.insn	2, 0x791e
800050ba:	5d78                	.insn	2, 0x5d78
800050bc:	d049                	.insn	2, 0xd049
800050be:	861e5d7b          	.insn	4, 0x861e5d7b
800050c2:	5cf85d83          	lhu	s11,1487(a6)
800050c6:	5d8c                	.insn	2, 0x5d8c
800050c8:	2534                	.insn	2, 0x2534
800050ca:	5d9e                	.insn	2, 0x5d9e
800050cc:	af35                	.insn	2, 0xaf35
800050ce:	5dac                	.insn	2, 0x5dac
800050d0:	5db6107f 5de66704 	.insn	12, 0x5dffa3b25de667045db6107f
800050d8:	5dffa3b2 
800050dc:	b1aa                	.insn	2, 0xb1aa
800050de:	5e0d                	.insn	2, 0x5e0d
800050e0:	b1a2                	.insn	2, 0xb1a2
800050e2:	5e28                	.insn	2, 0x5e28
800050e4:	1801                	.insn	2, 0x1801
800050e6:	5e3d                	.insn	2, 0x5e3d
800050e8:	f449                	.insn	2, 0xf449
800050ea:	5e3d                	.insn	2, 0x5e3d
800050ec:	5f29                	.insn	2, 0x5f29
800050ee:	5e48                	.insn	2, 0x5e48
800050f0:	2640                	.insn	2, 0x2640
800050f2:	5e70                	.insn	2, 0x5e70
800050f4:	f286                	.insn	2, 0xf286
800050f6:	5e79                	.insn	2, 0x5e79
800050f8:	58ce                	.insn	2, 0x58ce
800050fa:	5eaa                	.insn	2, 0x5eaa
800050fc:	5eb1deab          	.insn	4, 0x5eb1deab
80005100:	2f60                	.insn	2, 0x2f60
80005102:	5eb9                	.insn	2, 0x5eb9
80005104:	859f 5ecc 3d98      	.insn	6, 0x3d985ecc859f
8000510a:	5ed1                	.insn	2, 0x5ed1
8000510c:	babe                	.insn	2, 0xbabe
8000510e:	5ef8                	.insn	2, 0x5ef8
80005110:	5f000727          	.insn	4, 0x5f000727
80005114:	fee2                	.insn	2, 0xfee2
80005116:	ae285f0b          	.insn	4, 0xae285f0b
8000511a:	5f21                	.insn	2, 0x5f21
8000511c:	5f2d8e87          	.insn	4, 0x5f2d8e87
80005120:	0230                	.insn	2, 0x0230
80005122:	5f38                	.insn	2, 0x5f38
80005124:	3635                	.insn	2, 0x3635
80005126:	5f46                	.insn	2, 0x5f46
80005128:	5f5770ab          	.insn	4, 0x5f5770ab
8000512c:	2df2                	.insn	2, 0x2df2
8000512e:	5f5c                	.insn	2, 0x5f5c
80005130:	6aa2                	.insn	2, 0x6aa2
80005132:	5f5e                	.insn	2, 0x5f5e
80005134:	9731                	.insn	2, 0x9731
80005136:	5f65                	.insn	2, 0x5f65
80005138:	5ea0                	.insn	2, 0x5ea0
8000513a:	183e5f6f          	jal	t5,800eaabc <__global_pointer$+0xe2964>
8000513e:	5f71                	.insn	2, 0x5f71
80005140:	bf85                	.insn	2, 0xbf85
80005142:	5f76                	.insn	2, 0x5f76
80005144:	796a                	.insn	2, 0x796a
80005146:	5f84                	.insn	2, 0x5f84
80005148:	3495                	.insn	2, 0x3495
8000514a:	5f89                	.insn	2, 0x5f89
8000514c:	5f8b586b          	.insn	4, 0x5f8b586b
80005150:	5ed6                	.insn	2, 0x5ed6
80005152:	5f92                	.insn	2, 0x5f92
80005154:	25c2                	.insn	2, 0x25c2
80005156:	5fa0                	.insn	2, 0x5fa0
80005158:	8e1a                	.insn	2, 0x8e1a
8000515a:	5fa0                	.insn	2, 0x5fa0
8000515c:	5faed877          	.insn	4, 0x5faed877
80005160:	5faffcaf          	.insn	4, 0x5faffcaf
80005164:	fdc5                	.insn	2, 0xfdc5
80005166:	beb65fcb          	.insn	4, 0xbeb65fcb
8000516a:	5fd0                	.insn	2, 0x5fd0
8000516c:	7672                	.insn	2, 0x7672
8000516e:	5fd2                	.insn	2, 0x5fd2
80005170:	378e                	.insn	2, 0x378e
80005172:	f9555fd3          	.insn	4, 0xf9555fd3
80005176:	5ff5                	.insn	2, 0x5ff5
80005178:	5ffa6057          	.insn	4, 0x5ffa6057
8000517c:	e246                	.insn	2, 0xe246
8000517e:	5ffe                	.insn	2, 0x5ffe
80005180:	8c4e                	.insn	2, 0x8c4e
80005182:	600d                	.insn	2, 0x600d
80005184:	6f54                	.insn	2, 0x6f54
80005186:	600e                	.insn	2, 0x600e
80005188:	4a40                	.insn	2, 0x4a40
8000518a:	6010                	.insn	2, 0x6010
8000518c:	3b49                	.insn	2, 0x3b49
8000518e:	601e                	.insn	2, 0x601e
80005190:	601e79bb          	.insn	4, 0x601e79bb
80005194:	9910                	.insn	2, 0x9910
80005196:	f51e603f 804f6064 	.insn	8, 0x804f6064f51e603f
8000519e:	6076                	.insn	2, 0x6076
800051a0:	1c78                	.insn	2, 0x1c78
800051a2:	6089                	.insn	2, 0x6089
800051a4:	c63a                	.insn	2, 0xc63a
800051a6:	6089                	.insn	2, 0x6089
800051a8:	d200                	.insn	2, 0xd200
800051aa:	7ef86097          	auipc	ra,0x7ef86
800051ae:	540c609b          	.insn	4, 0x540c609b
800051b2:	60b8                	.insn	2, 0x60b8
800051b4:	52a1                	.insn	2, 0x52a1
800051b6:	60b9                	.insn	2, 0x60b9
800051b8:	3d99                	.insn	2, 0x3d99
800051ba:	60d6                	.insn	2, 0x60d6
800051bc:	7a9e                	.insn	2, 0x7a9e
800051be:	60ff 3a28 610f 407d 	.insn	22, 0x612c4ec4612686e061223bea610f407d610f3a2860ff
800051c6:	610f 3bea 6122 86e0 
800051ce:	6126 4ec4 612c 
800051d4:	6133ac8b          	.insn	4, 0x6133ac8b
800051d8:	4569                	.insn	2, 0x4569
800051da:	613d                	.insn	2, 0x613d
800051dc:	5b08                	.insn	2, 0x5b08
800051de:	6145                	.insn	2, 0x6145
800051e0:	6ca9                	.insn	2, 0x6ca9
800051e2:	615d                	.insn	2, 0x615d
800051e4:	a80d                	.insn	2, 0xa80d
800051e6:	a6ab616b          	.insn	4, 0xa6ab616b
800051ea:	6182                	.insn	2, 0x6182
800051ec:	7cc8                	.insn	2, 0x7cc8
800051ee:	6186                	.insn	2, 0x6186
800051f0:	8322                	.insn	2, 0x8322
800051f2:	6190                	.insn	2, 0x6190
800051f4:	f3c1                	.insn	2, 0xf3c1
800051f6:	61ce                	.insn	2, 0x61ce
800051f8:	19ad                	.insn	2, 0x19ad
800051fa:	61e4                	.insn	2, 0x61e4
800051fc:	6d64                	.insn	2, 0x6d64
800051fe:	61ec                	.insn	2, 0x61ec
80005200:	52ca                	.insn	2, 0x52ca
80005202:	61fd                	.insn	2, 0x61fd
80005204:	d948                	.insn	2, 0xd948
80005206:	6202                	.insn	2, 0x6202
80005208:	800e                	.insn	2, 0x800e
8000520a:	b61d621b          	.insn	4, 0xb61d621b
8000520e:	6226                	.insn	2, 0x6226
80005210:	4380                	.insn	2, 0x4380
80005212:	fe036243          	.insn	4, 0xfe036243
80005216:	624e                	.insn	2, 0x624e
80005218:	b9e0                	.insn	2, 0xb9e0
8000521a:	bb78624f          	.insn	4, 0xbb78624f
8000521e:	6266                	.insn	2, 0x6266
80005220:	2af9                	.insn	2, 0x2af9
80005222:	6279                	.insn	2, 0x6279
80005224:	628bd913          	.insn	4, 0x628bd913
80005228:	62a986eb          	.insn	4, 0x62a986eb
8000522c:	9932                	.insn	2, 0x9932
8000522e:	62bc                	.insn	2, 0x62bc
80005230:	62c3d607          	.insn	4, 0x62c3d607
80005234:	a545                	.insn	2, 0xa545
80005236:	8bab62d3          	.insn	4, 0x8bab62d3
8000523a:	6d6f62e3          	bltu	t5,s6,800060fe <input_data+0x7a6>
8000523e:	62e4                	.insn	2, 0x62e4
80005240:	f09c                	.insn	2, 0xf09c
80005242:	e6d262fb          	.insn	4, 0xe6d262fb
80005246:	6320                	.insn	2, 0x6320
80005248:	632cf297          	auipc	t0,0x632cf
8000524c:	d69d                	.insn	2, 0xd69d
8000524e:	463a634b          	.insn	4, 0x463a634b
80005252:	634e                	.insn	2, 0x634e
80005254:	f658                	.insn	2, 0xf658
80005256:	635d                	.insn	2, 0x635d
80005258:	c3dd                	.insn	2, 0xc3dd
8000525a:	6366                	.insn	2, 0x6366
8000525c:	a131                	.insn	2, 0xa131
8000525e:	c12363ab          	.insn	4, 0xc12363ab
80005262:	63bc                	.insn	2, 0x63bc
80005264:	e759                	.insn	2, 0xe759
80005266:	0cb163c7          	.insn	4, 0x0cb163c7
8000526a:	032663db          	.insn	4, 0x032663db
8000526e:	63de                	.insn	2, 0x63de
80005270:	da45                	.insn	2, 0xda45
80005272:	036f63fb          	.insn	4, 0x036f63fb
80005276:	748b6413          	ori	s0,s6,1864
8000527a:	6418                	.insn	2, 0x6418
8000527c:	5eb2                	.insn	2, 0x5eb2
8000527e:	641f 9a25 6426      	.insn	6, 0x64269a25641f
80005284:	4216                	.insn	2, 0x4216
80005286:	3fdd6427          	.insn	4, 0x3fdd6427
8000528a:	f9ef643f 83b4644b 	.insn	8, 0x83b4644bf9ef643f
80005292:	645e                	.insn	2, 0x645e
80005294:	1629                	.insn	2, 0x1629
80005296:	6460                	.insn	2, 0x6460
80005298:	6941                	.insn	2, 0x6941
8000529a:	6474                	.insn	2, 0x6474
8000529c:	7cc8                	.insn	2, 0x7cc8
8000529e:	647c                	.insn	2, 0x647c
800052a0:	9cdc                	.insn	2, 0x9cdc
800052a2:	6481                	.insn	2, 0x6481
800052a4:	a0ff 6485 071f 6487 	.insn	14, 0xf0a06495d2ea6487071f6485a0ff
800052ac:	d2ea 6495 f0a0 
800052b2:	c97d649b          	.insn	4, 0xc97d649b
800052b6:	64a6                	.insn	2, 0x64a6
800052b8:	8b6a                	.insn	2, 0x8b6a
800052ba:	64ba                	.insn	2, 0x64ba
800052bc:	e9f0                	.insn	2, 0xe9f0
800052be:	64bd                	.insn	2, 0x64bd
800052c0:	0924                	.insn	2, 0x0924
800052c2:	64d2                	.insn	2, 0x64d2
800052c4:	ef6e                	.insn	2, 0xef6e
800052c6:	64d4                	.insn	2, 0x64d4
800052c8:	938e                	.insn	2, 0x938e
800052ca:	650a                	.insn	2, 0x650a
800052cc:	1121                	.insn	2, 0x1121
800052ce:	6511                	.insn	2, 0x6511
800052d0:	a2b8                	.insn	2, 0xa2b8
800052d2:	6530                	.insn	2, 0x6530
800052d4:	f2a1                	.insn	2, 0xf2a1
800052d6:	6578                	.insn	2, 0x6578
800052d8:	8ac2                	.insn	2, 0x8ac2
800052da:	6599                	.insn	2, 0x6599
800052dc:	65a60287          	.insn	4, 0x65a60287
800052e0:	0f15                	.insn	2, 0x0f15
800052e2:	65ae                	.insn	2, 0x65ae
800052e4:	8f02                	.insn	2, 0x8f02
800052e6:	0e4c65b7          	lui	a1,0xe4c6
800052ea:	65ce                	.insn	2, 0x65ce
800052ec:	a371                	.insn	2, 0xa371
800052ee:	ef3e65cf          	.insn	4, 0xef3e65cf
800052f2:	924f65cf          	.insn	4, 0x924f65cf
800052f6:	65dd                	.insn	2, 0x65dd
800052f8:	eb55                	.insn	2, 0xeb55
800052fa:	d54865e7          	.insn	4, 0xd54865e7
800052fe:	65e9                	.insn	2, 0x65e9
80005300:	31f2                	.insn	2, 0x31f2
80005302:	65f1                	.insn	2, 0x65f1
80005304:	660479c3          	.insn	4, 0x660479c3
80005308:	c086                	.insn	2, 0xc086
8000530a:	6606                	.insn	2, 0x6606
8000530c:	66076677          	.insn	4, 0x66076677
80005310:	77b2                	.insn	2, 0x77b2
80005312:	27536607          	.insn	4, 0x27536607
80005316:	436d660f          	.insn	4, 0x436d660f
8000531a:	6610                	.insn	2, 0x6610
8000531c:	661d2f27          	.insn	4, 0x661d2f27
80005320:	8e36                	.insn	2, 0x8e36
80005322:	6621                	.insn	2, 0x6621
80005324:	12f4                	.insn	2, 0x12f4
80005326:	662e                	.insn	2, 0x662e
80005328:	160e                	.insn	2, 0x160e
8000532a:	663d                	.insn	2, 0x663d
8000532c:	9be5                	.insn	2, 0x9be5
8000532e:	663e                	.insn	2, 0x663e
80005330:	663ef68b          	.insn	4, 0x663ef68b
80005334:	192a                	.insn	2, 0x192a
80005336:	6655                	.insn	2, 0x6655
80005338:	02a2                	.insn	2, 0x02a2
8000533a:	6676                	.insn	2, 0x6676
8000533c:	667e9cb3          	.insn	4, 0x667e9cb3
80005340:	66a01657          	.insn	4, 0x66a01657
80005344:	152e                	.insn	2, 0x152e
80005346:	66b5                	.insn	2, 0x66b5
80005348:	ac6e                	.insn	2, 0xac6e
8000534a:	66d9                	.insn	2, 0x66d9
8000534c:	bcfc                	.insn	2, 0xbcfc
8000534e:	d44c66ef          	jal	a3,7ffcb892 <buflen.1+0x7ffcb852>
80005352:	66f8                	.insn	2, 0x66f8
80005354:	ca7a                	.insn	2, 0xca7a
80005356:	6722                	.insn	2, 0x6722
80005358:	b5d9                	.insn	2, 0xb5d9
8000535a:	6728                	.insn	2, 0x6728
8000535c:	72c2                	.insn	2, 0x72c2
8000535e:	a6b0673b          	.insn	4, 0xa6b0673b
80005362:	673c                	.insn	2, 0x673c
80005364:	1266                	.insn	2, 0x1266
80005366:	6751                	.insn	2, 0x6751
80005368:	79cd                	.insn	2, 0x79cd
8000536a:	675a                	.insn	2, 0x675a
8000536c:	6796bc67          	.insn	4, 0x6796bc67
80005370:	2ace                	.insn	2, 0x2ace
80005372:	679d                	.insn	2, 0x679d
80005374:	67b7ceef          	jal	t4,800821ee <__global_pointer$+0x7a096>
80005378:	2ddd                	.insn	2, 0x2ddd
8000537a:	67c2                	.insn	2, 0x67c2
8000537c:	3ffd                	.insn	2, 0x3ffd
8000537e:	67c2                	.insn	2, 0x67c2
80005380:	67d54dcb          	.insn	4, 0x67d54dcb
80005384:	6f8c                	.insn	2, 0x6f8c
80005386:	5d2467db          	.insn	4, 0x5d2467db
8000538a:	6806                	.insn	2, 0x6806
8000538c:	96cd                	.insn	2, 0x96cd
8000538e:	6808                	.insn	2, 0x6808
80005390:	680ae06b          	.insn	4, 0x680ae06b
80005394:	68160343          	.insn	4, 0x68160343
80005398:	1e9a                	.insn	2, 0x1e9a
8000539a:	6819                	.insn	2, 0x6819
8000539c:	a664                	.insn	2, 0xa664
8000539e:	681f 3f29 682e      	.insn	6, 0x682e3f29681f
800053a4:	778c                	.insn	2, 0x778c
800053a6:	684e                	.insn	2, 0x684e
800053a8:	e6c8                	.insn	2, 0xe6c8
800053aa:	6851                	.insn	2, 0x6851
800053ac:	a4ba                	.insn	2, 0xa4ba
800053ae:	6855                	.insn	2, 0x6855
800053b0:	685d77c3          	.insn	4, 0x685d77c3
800053b4:	686ebe97          	auipc	t4,0x686eb
800053b8:	42d6                	.insn	2, 0x42d6
800053ba:	6872                	.insn	2, 0x6872
800053bc:	86aa                	.insn	2, 0x86aa
800053be:	6876                	.insn	2, 0x6876
800053c0:	9209                	.insn	2, 0x9209
800053c2:	687e                	.insn	2, 0x687e
800053c4:	6892be83          	.insn	4, 0x6892be83
800053c8:	4cb0                	.insn	2, 0x4cb0
800053ca:	689e                	.insn	2, 0x689e
800053cc:	1f5a                	.insn	2, 0x1f5a
800053ce:	68ba                	.insn	2, 0x68ba
800053d0:	6041                	.insn	2, 0x6041
800053d2:	68d4                	.insn	2, 0x68d4
800053d4:	68f47697          	auipc	a3,0x68f47
800053d8:	24b9                	.insn	2, 0x24b9
800053da:	3a4f68fb          	.insn	4, 0x3a4f68fb
800053de:	6921                	.insn	2, 0x6921
800053e0:	29f1                	.insn	2, 0x29f1
800053e2:	2dd1692b          	.insn	4, 0x2dd1692b
800053e6:	6939                	.insn	2, 0x6939
800053e8:	6e7e                	.insn	2, 0x6e7e
800053ea:	6940                	.insn	2, 0x6940
800053ec:	1426                	.insn	2, 0x1426
800053ee:	6958                	.insn	2, 0x6958
800053f0:	ac82                	.insn	2, 0xac82
800053f2:	696d                	.insn	2, 0x696d
800053f4:	a53a                	.insn	2, 0xa53a
800053f6:	b03a6987          	.insn	4, 0xb03a6987
800053fa:	6998                	.insn	2, 0x6998
800053fc:	6b32                	.insn	2, 0x6b32
800053fe:	699d                	.insn	2, 0x699d
80005400:	2da4                	.insn	2, 0x2da4
80005402:	69aa                	.insn	2, 0x69aa
80005404:	69c06c73          	csrrsi	s8,0x69c,0
80005408:	0ac0                	.insn	2, 0x0ac0
8000540a:	404869c7          	.insn	4, 0x404869c7
8000540e:	69c9                	.insn	2, 0x69c9
80005410:	679c                	.insn	2, 0x679c
80005412:	69d1                	.insn	2, 0x69d1
80005414:	a229                	.insn	2, 0xa229
80005416:	69d5                	.insn	2, 0x69d5
80005418:	a2f9                	.insn	2, 0xa2f9
8000541a:	69d8                	.insn	2, 0x69d8
8000541c:	cf72                	.insn	2, 0xcf72
8000541e:	69e2                	.insn	2, 0x69e2
80005420:	bb2a                	.insn	2, 0xbb2a
80005422:	6e2669e7          	.insn	4, 0x6e2669e7
80005426:	6a02                	.insn	2, 0x6a02
80005428:	7850                	.insn	2, 0x7850
8000542a:	809e6a2b          	.insn	4, 0x809e6a2b
8000542e:	6a35                	.insn	2, 0x6a35
80005430:	fa95                	.insn	2, 0xfa95
80005432:	6a49                	.insn	2, 0x6a49
80005434:	cfe1                	.insn	2, 0xcfe1
80005436:	6a54                	.insn	2, 0x6a54
80005438:	182e                	.insn	2, 0x182e
8000543a:	6a60                	.insn	2, 0x6a60
8000543c:	9f9f 6a88 6f2a      	.insn	6, 0x6f2a6a889f9f
80005442:	6a89                	.insn	2, 0x6a89
80005444:	6a98a6bb          	.insn	4, 0x6a98a6bb
80005448:	bdbc                	.insn	2, 0xbdbc
8000544a:	6ab9                	.insn	2, 0x6ab9
8000544c:	4a64                	.insn	2, 0x4a64
8000544e:	ec2c6adb          	.insn	4, 0xec2c6adb
80005452:	6ae1                	.insn	2, 0x6ae1
80005454:	6a98                	.insn	2, 0x6a98
80005456:	6aea                	.insn	2, 0x6aea
80005458:	d36e                	.insn	2, 0xd36e
8000545a:	6b25                	.insn	2, 0x6b25
8000545c:	c5fc                	.insn	2, 0xc5fc
8000545e:	6b3d                	.insn	2, 0x6b3d
80005460:	a94d                	.insn	2, 0xa94d
80005462:	6b4c                	.insn	2, 0x6b4c
80005464:	6b51cb4f          	.insn	4, 0x6b51cb4f
80005468:	6b6b5947          	.insn	4, 0x6b6b5947
8000546c:	56e2                	.insn	2, 0x56e2
8000546e:	6b6d                	.insn	2, 0x6b6d
80005470:	6522                	.insn	2, 0x6522
80005472:	6b7a                	.insn	2, 0x6b7a
80005474:	5071                	.insn	2, 0x5071
80005476:	6ba6                	.insn	2, 0x6ba6
80005478:	f150                	.insn	2, 0xf150
8000547a:	6bb5                	.insn	2, 0x6bb5
8000547c:	6bb744cb          	.insn	4, 0x6bb744cb
80005480:	845e                	.insn	2, 0x845e
80005482:	02a06bc7          	.insn	4, 0x02a06bc7
80005486:	f0ee6bf3          	csrrsi	s7,0xf0e,28
8000548a:	6c34                	.insn	2, 0x6c34
8000548c:	6c47c04b          	.insn	4, 0x6c47c04b
80005490:	9a26                	.insn	2, 0x9a26
80005492:	4a886c4f          	.insn	4, 0x4a886c4f
80005496:	6c7f 9de8 6c91 cb9d 	.insn	22, 0x6ca995026ca2da286c9dc8546c92cb9d6c919de86c7f
8000549e:	6c92 c854 6c9d da28 
800054a6:	6ca2 9502 6ca9 
800054ac:	8e32                	.insn	2, 0x8e32
800054ae:	6cdf 2228 6ce0      	.insn	6, 0x6ce022286cdf
800054b4:	6ce3fc13          	andi	s8,t2,1742
800054b8:	c129                	.insn	2, 0xc129
800054ba:	a8146cef          	jal	s9,7ff4bf3a <buflen.1+0x7ff4befa>
800054be:	6d49                	.insn	2, 0x6d49
800054c0:	929f 6d4a 14f7      	.insn	6, 0x14f76d4a929f
800054c6:	82826d53          	.insn	4, 0x82826d53
800054ca:	6d54                	.insn	2, 0x6d54
800054cc:	6d54fafb          	.insn	4, 0x6d54fafb
800054d0:	7909                	.insn	2, 0x7909
800054d2:	6d55                	.insn	2, 0x6d55
800054d4:	8b9f 6d56 a105      	.insn	6, 0xa1056d568b9f
800054da:	6d5d                	.insn	2, 0x6d5d
800054dc:	fa38                	.insn	2, 0xfa38
800054de:	6d62                	.insn	2, 0x6d62
800054e0:	003e                	.insn	2, 0x003e
800054e2:	6d6d                	.insn	2, 0x6d6d
800054e4:	ccb2                	.insn	2, 0xccb2
800054e6:	6d6e                	.insn	2, 0x6d6e
800054e8:	f5ee                	.insn	2, 0xf5ee
800054ea:	6d70                	.insn	2, 0x6d70
800054ec:	ac1f 6d82 fbd7      	.insn	6, 0xfbd76d82ac1f
800054f2:	6d90                	.insn	2, 0x6d90
800054f4:	6d9de20f          	.insn	4, 0x6d9de20f
800054f8:	6db9d8c7          	.insn	4, 0x6db9d8c7
800054fc:	f7a0                	.insn	2, 0xf7a0
800054fe:	6e10                	.insn	2, 0x6e10
80005500:	6e24d8eb          	.insn	4, 0x6e24d8eb
80005504:	a2ea                	.insn	2, 0xa2ea
80005506:	6e30                	.insn	2, 0x6e30
80005508:	6e3d0eeb          	.insn	4, 0x6e3d0eeb
8000550c:	6e3f8a0b          	.insn	4, 0x6e3f8a0b
80005510:	d051                	.insn	2, 0xd051
80005512:	0dc06e3f 89186e66 	.insn	8, 0x89186e660dc06e3f
8000551a:	6e96                	.insn	2, 0x6e96
8000551c:	8f2e                	.insn	2, 0x8f2e
8000551e:	6ec8                	.insn	2, 0x6ec8
80005520:	1281                	.insn	2, 0x1281
80005522:	6ecd                	.insn	2, 0x6ecd
80005524:	82f5                	.insn	2, 0x82f5
80005526:	6ed8                	.insn	2, 0x6ed8
80005528:	fea4                	.insn	2, 0xfea4
8000552a:	28036ee3          	bltu	t1,zero,80005fc6 <input_data+0x66e>
8000552e:	6eea                	.insn	2, 0x6eea
80005530:	3c64                	.insn	2, 0x3c64
80005532:	6f09                	.insn	2, 0x6f09
80005534:	ec4e                	.insn	2, 0xec4e
80005536:	6f28                	.insn	2, 0x6f28
80005538:	6f3a5657          	.insn	4, 0x6f3a5657
8000553c:	bc8d                	.insn	2, 0xbc8d
8000553e:	6f59                	.insn	2, 0x6f59
80005540:	d541                	.insn	2, 0xd541
80005542:	b5926f5b          	.insn	4, 0xb5926f5b
80005546:	6f6a                	.insn	2, 0x6f6a
80005548:	6f793433          	.insn	4, 0x6f793433
8000554c:	0ec2                	.insn	2, 0x0ec2
8000554e:	1d7a6f83          	.insn	4, 0x1d7a6f83
80005552:	6f86                	.insn	2, 0x6f86
80005554:	a3d2                	.insn	2, 0xa3d2
80005556:	73bb6f8f          	.insn	4, 0x73bb6f8f
8000555a:	6fb1                	.insn	2, 0x6fb1
8000555c:	6fb360db          	.insn	4, 0x6fb360db
80005560:	6fc00817          	auipc	a6,0x6fc00
80005564:	6241                	.insn	2, 0x6241
80005566:	6fd5                	.insn	2, 0x6fd5
80005568:	e188                	.insn	2, 0xe188
8000556a:	a4ac6ff3          	csrrsi	t6,0xa4a,24
8000556e:	6ff6                	.insn	2, 0x6ff6
80005570:	7008f7cb          	.insn	4, 0x7008f7cb
80005574:	e7fa                	.insn	2, 0xe7fa
80005576:	7015                	.insn	2, 0x7015
80005578:	701755cb          	.insn	4, 0x701755cb
8000557c:	a7de                	.insn	2, 0xa7de
8000557e:	7021                	.insn	2, 0x7021
80005580:	e0a1                	.insn	2, 0xe0a1
80005582:	703e                	.insn	2, 0x703e
80005584:	8c1c                	.insn	2, 0x8c1c
80005586:	ed6c704b          	.insn	4, 0xed6c704b
8000558a:	706e                	.insn	2, 0x706e
8000558c:	70b4af37          	lui	t5,0x70b4a
80005590:	6f0e                	.insn	2, 0x6f0e
80005592:	70b5                	.insn	2, 0x70b5
80005594:	fc69                	.insn	2, 0xfc69
80005596:	2dc170bf 482e70c4 	.insn	8, 0x482e70c42dc170bf
8000559e:	584070cb          	.insn	4, 0x584070cb
800055a2:	70d6                	.insn	2, 0x70d6
800055a4:	3381                	.insn	2, 0x3381
800055a6:	7111                	.insn	2, 0x7111
800055a8:	711c785b          	.insn	4, 0x711c785b
800055ac:	c500                	.insn	2, 0xc500
800055ae:	711f 12ec 712a      	.insn	6, 0x712a12ec711f
800055b4:	71422f0f          	.insn	4, 0x71422f0f
800055b8:	71490dbf 7157291f 	.insn	8, 0x7157291f71490dbf
800055c0:	df4c                	.insn	2, 0xdf4c
800055c2:	7165                	.insn	2, 0x7165
800055c4:	4d82                	.insn	2, 0x4d82
800055c6:	74f47167          	.insn	4, 0x74f47167
800055ca:	7180                	.insn	2, 0x7180
800055cc:	94e1                	.insn	2, 0x94e1
800055ce:	7184                	.insn	2, 0x7184
800055d0:	88e1                	.insn	2, 0x88e1
800055d2:	7185                	.insn	2, 0x7185
800055d4:	7f30                	.insn	2, 0x7f30
800055d6:	7188                	.insn	2, 0x7188
800055d8:	420c                	.insn	2, 0x420c
800055da:	7190                	.insn	2, 0x7190
800055dc:	86fc                	.insn	2, 0x86fc
800055de:	71a0                	.insn	2, 0x71a0
800055e0:	9e52                	.insn	2, 0x9e52
800055e2:	71b6                	.insn	2, 0x71b6
800055e4:	328d                	.insn	2, 0x328d
800055e6:	6c2a71bb          	.insn	4, 0x6c2a71bb
800055ea:	364471d3          	.insn	4, 0x364471d3
800055ee:	ceae71e7          	.insn	4, 0xceae71e7
800055f2:	887a71f7          	.insn	4, 0x887a71f7
800055f6:	720d                	.insn	2, 0x720d
800055f8:	ee24                	.insn	2, 0xee24
800055fa:	720e                	.insn	2, 0x720e
800055fc:	32b5                	.insn	2, 0x32b5
800055fe:	7214                	.insn	2, 0x7214
80005600:	7220fd73          	csrrci	s10,minstretcfgh,1
80005604:	adc9                	.insn	2, 0xadc9
80005606:	7221                	.insn	2, 0x7221
80005608:	3950                	.insn	2, 0x3950
8000560a:	06f2722b          	.insn	4, 0x06f2722b
8000560e:	723d                	.insn	2, 0x723d
80005610:	c58d                	.insn	2, 0xc58d
80005612:	a9257257          	.insn	4, 0xa9257257
80005616:	1f647273          	csrrci	tp,0x1f6,8
8000561a:	5fea72b7          	lui	t0,0x5fea7
8000561e:	496172d7          	.insn	4, 0x496172d7
80005622:	72e1                	.insn	2, 0x72e1
80005624:	ac02                	.insn	2, 0xac02
80005626:	58a272ef          	jal	t0,8002cbb0 <__global_pointer$+0x24a58>
8000562a:	90f072f3          	csrrci	t0,0x90f,0
8000562e:	e6287313          	andi	t1,a6,-414
80005632:	7316                	.insn	2, 0x7316
80005634:	0655                	.insn	2, 0x0655
80005636:	731d                	.insn	2, 0x731d
80005638:	4038                	.insn	2, 0x4038
8000563a:	7320                	.insn	2, 0x7320
8000563c:	a425                	.insn	2, 0xa425
8000563e:	7329                	.insn	2, 0x7329
80005640:	5cd4                	.insn	2, 0x5cd4
80005642:	53ad733f e6707345 	.insn	8, 0xe670734553ad733f
8000564a:	7359                	.insn	2, 0x7359
8000564c:	736f35b7          	lui	a1,0x736f3
80005650:	73877afb          	.insn	4, 0x73877afb
80005654:	739d378b          	.insn	4, 0x739d378b
80005658:	eeb2                	.insn	2, 0xeeb2
8000565a:	73c1                	.insn	2, 0x73c1
8000565c:	ee10                	.insn	2, 0xee10
8000565e:	73d1                	.insn	2, 0x73d1
80005660:	73d9c2c7          	.insn	4, 0x73d9c2c7
80005664:	73e9750b          	.insn	4, 0x73e9750b
80005668:	0760                	.insn	2, 0x0760
8000566a:	73f0                	.insn	2, 0x73f0
8000566c:	aae2                	.insn	2, 0xaae2
8000566e:	73fd                	.insn	2, 0x73fd
80005670:	fa75                	.insn	2, 0xfa75
80005672:	741d                	.insn	2, 0x741d
80005674:	1086                	.insn	2, 0x1086
80005676:	7439                	.insn	2, 0x7439
80005678:	8909                	.insn	2, 0x8909
8000567a:	743c                	.insn	2, 0x743c
8000567c:	744d6397          	auipc	t2,0x744d6
80005680:	dd6a                	.insn	2, 0xdd6a
80005682:	b729745b          	.insn	4, 0xb729745b
80005686:	745e                	.insn	2, 0x745e
80005688:	7465                	.insn	2, 0x7465
8000568a:	7465                	.insn	2, 0x7465
8000568c:	4bc0                	.insn	2, 0x4bc0
8000568e:	7398746f          	jal	s0,8008d5c6 <__global_pointer$+0x8546e>
80005692:	7476                	.insn	2, 0x7476
80005694:	748d9613          	.insn	4, 0x748d9613
80005698:	8ffa                	.insn	2, 0x8ffa
8000569a:	74b0                	.insn	2, 0x74b0
8000569c:	d7c8                	.insn	2, 0xd7c8
8000569e:	74b2                	.insn	2, 0x74b2
800056a0:	74bac3d7          	.insn	4, 0x74bac3d7
800056a4:	5bd8                	.insn	2, 0x5bd8
800056a6:	6dec74c7          	.insn	4, 0x6dec74c7
800056aa:	74c8                	.insn	2, 0x74c8
800056ac:	f214                	.insn	2, 0xf214
800056ae:	5c8374eb          	.insn	4, 0x5c8374eb
800056b2:	74ec                	.insn	2, 0x74ec
800056b4:	43cd                	.insn	2, 0x43cd
800056b6:	74fc                	.insn	2, 0x74fc
800056b8:	d010                	.insn	2, 0xd010
800056ba:	7501                	.insn	2, 0x7501
800056bc:	ff5d                	.insn	2, 0xff5d
800056be:	7524                	.insn	2, 0x7524
800056c0:	91ec                	.insn	2, 0x91ec
800056c2:	752c                	.insn	2, 0x752c
800056c4:	cea2                	.insn	2, 0xcea2
800056c6:	7548                	.insn	2, 0x7548
800056c8:	7556939b          	.insn	4, 0x7556939b
800056cc:	ce81                	.insn	2, 0xce81
800056ce:	7556                	.insn	2, 0x7556
800056d0:	ae6e                	.insn	2, 0xae6e
800056d2:	fa5f7567          	.insn	4, 0xfa5f7567
800056d6:	76de7577          	.insn	4, 0x76de7577
800056da:	7582                	.insn	2, 0x7582
800056dc:	10d0                	.insn	2, 0x10d0
800056de:	7585                	.insn	2, 0x7585
800056e0:	d4b4                	.insn	2, 0xd4b4
800056e2:	803b75e3          	bgeu	s6,gp,80004eec <verify_data+0x1594>
800056e6:	7612                	.insn	2, 0x7612
800056e8:	01e6                	.insn	2, 0x01e6
800056ea:	f891761b          	.insn	4, 0xf891761b
800056ee:	a0507637          	lui	a2,0xa0507
800056f2:	c41b7643          	.insn	4, 0xc41b7643
800056f6:	5c327643          	.insn	4, 0x5c327643
800056fa:	765e                	.insn	2, 0x765e
800056fc:	039c                	.insn	2, 0x039c
800056fe:	766e                	.insn	2, 0x766e
80005700:	66c4                	.insn	2, 0x66c4
80005702:	7691                	.insn	2, 0x7691
80005704:	76c9de3b          	.insn	4, 0x76c9de3b
80005708:	76e02b87          	.insn	4, 0x76e02b87
8000570c:	770d9d97          	auipc	s11,0x770d9
80005710:	b4d1                	.insn	2, 0xb4d1
80005712:	7745                	.insn	2, 0x7745
80005714:	8a60                	.insn	2, 0x8a60
80005716:	7761                	.insn	2, 0x7761
80005718:	c005                	.insn	2, 0xc005
8000571a:	777c                	.insn	2, 0x777c
8000571c:	5dbc                	.insn	2, 0x5dbc
8000571e:	777e                	.insn	2, 0x777e
80005720:	3159                	.insn	2, 0x3159
80005722:	7782                	.insn	2, 0x7782
80005724:	d711                	.insn	2, 0xd711
80005726:	56c3778b          	.insn	4, 0x56c3778b
8000572a:	778e                	.insn	2, 0x778e
8000572c:	0736                	.insn	2, 0x0736
8000572e:	7796                	.insn	2, 0x7796
80005730:	779e33eb          	.insn	4, 0x779e33eb
80005734:	a4f9                	.insn	2, 0xa4f9
80005736:	77c2                	.insn	2, 0x77c2
80005738:	8b1a                	.insn	2, 0x8b1a
8000573a:	77d6                	.insn	2, 0x77d6
8000573c:	0db6                	.insn	2, 0x0db6
8000573e:	77ea                	.insn	2, 0x77ea
80005740:	96b1                	.insn	2, 0x96b1
80005742:	780c                	.insn	2, 0x780c
80005744:	2c8c                	.insn	2, 0x2c8c
80005746:	780d                	.insn	2, 0x780d
80005748:	78276307          	.insn	4, 0x78276307
8000574c:	3012                	.insn	2, 0x3012
8000574e:	782c                	.insn	2, 0x782c
80005750:	d041                	.insn	2, 0xd041
80005752:	7830                	.insn	2, 0x7830
80005754:	783be667          	.insn	4, 0x783be667
80005758:	5ebc                	.insn	2, 0x5ebc
8000575a:	784d                	.insn	2, 0x784d
8000575c:	b865                	.insn	2, 0xb865
8000575e:	7889                	.insn	2, 0x7889
80005760:	1f55                	.insn	2, 0x1f55
80005762:	7894                	.insn	2, 0x7894
80005764:	23fa                	.insn	2, 0x23fa
80005766:	789c                	.insn	2, 0x789c
80005768:	d08a                	.insn	2, 0xd08a
8000576a:	78b0                	.insn	2, 0x78b0
8000576c:	5dae                	.insn	2, 0x5dae
8000576e:	78d8                	.insn	2, 0x78d8
80005770:	fd24                	.insn	2, 0xfd24
80005772:	78dd                	.insn	2, 0x78dd
80005774:	35aa                	.insn	2, 0x35aa
80005776:	78de                	.insn	2, 0x78de
80005778:	7171                	.insn	2, 0x7171
8000577a:	78df 9a07 78e2      	.insn	6, 0x78e29a0778df
80005780:	78f220af          	.insn	4, 0x78f220af
80005784:	f786                	.insn	2, 0xf786
80005786:	78fd                	.insn	2, 0x78fd
80005788:	2c44                	.insn	2, 0x2c44
8000578a:	792d                	.insn	2, 0x792d
8000578c:	c459                	.insn	2, 0xc459
8000578e:	7939                	.insn	2, 0x7939
80005790:	1798                	.insn	2, 0x1798
80005792:	7948                	.insn	2, 0x7948
80005794:	d530                	.insn	2, 0xd530
80005796:	574d795b          	.insn	4, 0x574d795b
8000579a:	7966                	.insn	2, 0x7966
8000579c:	ee36                	.insn	2, 0xee36
8000579e:	796c                	.insn	2, 0x796c
800057a0:	89e9                	.insn	2, 0x89e9
800057a2:	de277987          	.insn	4, 0xde277987
800057a6:	7988                	.insn	2, 0x7988
800057a8:	79b5933b          	.insn	4, 0x79b5933b
800057ac:	79c39977          	.insn	4, 0x79c39977
800057b0:	35d0                	.insn	2, 0x35d0
800057b2:	79d5                	.insn	2, 0x79d5
800057b4:	79ea714f          	.insn	4, 0x79ea714f
800057b8:	c122                	.insn	2, 0xc122
800057ba:	79f0                	.insn	2, 0x79f0
800057bc:	135a                	.insn	2, 0x135a
800057be:	79ff                	.insn	2, 0x79ff
800057c0:	7a02d7ff 7a0e7c57 	.insn	20, 0x7a2bec617a1a8d0d7a1523997a0e7c577a02d7ff
800057c8:	7a152399 7a1a8d0d 
800057d0:	7a2bec61 
800057d4:	f0f9                	.insn	2, 0xf0f9
800057d6:	0e127a53          	.insn	4, 0x0e127a53
800057da:	7a54                	.insn	2, 0x7a54
800057dc:	7a54488b          	.insn	4, 0x7a54488b
800057e0:	039a                	.insn	2, 0x039a
800057e2:	7a6c                	.insn	2, 0x7a6c
800057e4:	cbd4                	.insn	2, 0xcbd4
800057e6:	7a70                	.insn	2, 0x7a70
800057e8:	c442                	.insn	2, 0xc442
800057ea:	7a88                	.insn	2, 0x7a88
800057ec:	e546                	.insn	2, 0xe546
800057ee:	939c7ad7          	.insn	4, 0x939c7ad7
800057f2:	7ada                	.insn	2, 0x7ada
800057f4:	7afd1cd3          	.insn	4, 0x7afd1cd3
800057f8:	5c90                	.insn	2, 0x5c90
800057fa:	7b08                	.insn	2, 0x7b08
800057fc:	d916                	.insn	2, 0xd916
800057fe:	7b0a                	.insn	2, 0x7b0a
80005800:	7b2b5f8b          	.insn	4, 0x7b2b5f8b
80005804:	de31                	.insn	2, 0xde31
80005806:	7b31                	.insn	2, 0x7b31
80005808:	7b35733f 7b3b8ae9 	.insn	8, 0x7b3b8ae97b35733f
80005810:	69d2                	.insn	2, 0x69d2
80005812:	7b48                	.insn	2, 0x7b48
80005814:	84c1                	.insn	2, 0x84c1
80005816:	7b4e                	.insn	2, 0x7b4e
80005818:	26e9                	.insn	2, 0x26e9
8000581a:	7b55                	.insn	2, 0x7b55
8000581c:	d215                	.insn	2, 0xd215
8000581e:	7b68                	.insn	2, 0x7b68
80005820:	7b86eff3          	csrrsi	t6,0x7b8,13
80005824:	d676                	.insn	2, 0xd676
80005826:	7b96                	.insn	2, 0x7b96
80005828:	8d3a                	.insn	2, 0x8d3a
8000582a:	678e7bab          	.insn	4, 0x678e7bab
8000582e:	7bac                	.insn	2, 0x7bac
80005830:	7bc697fb          	.insn	4, 0x7bc697fb
80005834:	b108                	.insn	2, 0xb108
80005836:	7bd6                	.insn	2, 0x7bd6
80005838:	7be3d2d7          	.insn	4, 0x7be3d2d7
8000583c:	8a2c                	.insn	2, 0x8a2c
8000583e:	7bf2                	.insn	2, 0x7bf2
80005840:	80f5                	.insn	2, 0x80f5
80005842:	7c05                	.insn	2, 0x7c05
80005844:	da01                	.insn	2, 0xda01
80005846:	7c11                	.insn	2, 0x7c11
80005848:	67a4                	.insn	2, 0x67a4
8000584a:	7c24                	.insn	2, 0x7c24
8000584c:	7c45df3b          	.insn	4, 0x7c45df3b
80005850:	8234                	.insn	2, 0x8234
80005852:	2dab7c4b          	.insn	4, 0x2dab7c4b
80005856:	27d67c6f          	jal	s8,8006d2d2 <__global_pointer$+0x6517a>
8000585a:	7c7d                	.insn	2, 0x7c7d
8000585c:	5be8                	.insn	2, 0x5be8
8000585e:	7c80                	.insn	2, 0x7c80
80005860:	ee66                	.insn	2, 0xee66
80005862:	7c82                	.insn	2, 0x7c82
80005864:	7c9296e3          	bne	t0,s1,80006830 <input_data+0xed8>
80005868:	7c93425b          	.insn	4, 0x7c93425b
8000586c:	29ad                	.insn	2, 0x29ad
8000586e:	91207c9b          	.insn	4, 0x91207c9b
80005872:	4ee17c9b          	.insn	4, 0x4ee17c9b
80005876:	7c9d                	.insn	2, 0x7c9d
80005878:	ae2c                	.insn	2, 0xae2c
8000587a:	da267cab          	.insn	4, 0xda267cab
8000587e:	35837cc7          	.insn	4, 0x35837cc7
80005882:	7cd1                	.insn	2, 0x7cd1
80005884:	5531                	.insn	2, 0x5531
80005886:	7cd2                	.insn	2, 0x7cd2
80005888:	ed64                	.insn	2, 0xed64
8000588a:	7cd8                	.insn	2, 0x7cd8
8000588c:	172d                	.insn	2, 0x172d
8000588e:	7cdd                	.insn	2, 0x7cdd
80005890:	8ed0                	.insn	2, 0x8ed0
80005892:	7cfe                	.insn	2, 0x7cfe
80005894:	7d199933          	.insn	4, 0x7d199933
80005898:	0d94                	.insn	2, 0x0d94
8000589a:	d9767d33          	.insn	4, 0xd9767d33
8000589e:	7d5c                	.insn	2, 0x7d5c
800058a0:	a826                	.insn	2, 0xa826
800058a2:	7d7c                	.insn	2, 0x7d7c
800058a4:	7dc1                	.insn	2, 0x7dc1
800058a6:	7d81                	.insn	2, 0x7d81
800058a8:	b7c8                	.insn	2, 0xb7c8
800058aa:	7d82                	.insn	2, 0x7d82
800058ac:	2f96                	.insn	2, 0x2f96
800058ae:	7d84                	.insn	2, 0x7d84
800058b0:	3b66                	.insn	2, 0x3b66
800058b2:	7dac                	.insn	2, 0x7dac
800058b4:	97d6                	.insn	2, 0x97d6
800058b6:	7db5                	.insn	2, 0x7db5
800058b8:	7dbce1f7          	.insn	4, 0x7dbce1f7
800058bc:	c751                	.insn	2, 0xc751
800058be:	7dc1                	.insn	2, 0x7dc1
800058c0:	7558                	.insn	2, 0x7558
800058c2:	7df8                	.insn	2, 0x7df8
800058c4:	7e0a0b8f          	.insn	4, 0x7e0a0b8f
800058c8:	7e1723f7          	.insn	4, 0x7e1723f7
800058cc:	287c                	.insn	2, 0x287c
800058ce:	48c77e27          	.insn	4, 0x48c77e27
800058d2:	7e3c                	.insn	2, 0x7e3c
800058d4:	3888                	.insn	2, 0x3888
800058d6:	7e41                	.insn	2, 0x7e41
800058d8:	b8ee                	.insn	2, 0xb8ee
800058da:	7e44                	.insn	2, 0x7e44
800058dc:	69c4                	.insn	2, 0x69c4
800058de:	7e4a                	.insn	2, 0x7e4a
800058e0:	a6bd                	.insn	2, 0xa6bd
800058e2:	7e4a                	.insn	2, 0x7e4a
800058e4:	de88                	.insn	2, 0xde88
800058e6:	282b7e53          	.insn	4, 0x282b7e53
800058ea:	7e7f                	.insn	2, 0x7e7f
800058ec:	2a5f 7e88 3314      	.insn	6, 0x33147e882a5f
800058f2:	7e90                	.insn	2, 0x7e90
800058f4:	1b69                	.insn	2, 0x1b69
800058f6:	7ea5                	.insn	2, 0x7ea5
800058f8:	8eb9                	.insn	2, 0x8eb9
800058fa:	a1f87eb7          	lui	t4,0xa1f87
800058fe:	7eb8                	.insn	2, 0x7eb8
80005900:	8b3e                	.insn	2, 0x8b3e
80005902:	7ec6                	.insn	2, 0x7ec6
80005904:	7ec6e397          	auipc	t2,0x7ec6e
80005908:	e55e                	.insn	2, 0xe55e
8000590a:	50687ed7          	.insn	4, 0x50687ed7
8000590e:	cc317ee3          	bgeu	sp,gp,800055ea <verify_data+0x1c92>
80005912:	7eed                	.insn	2, 0x7eed
80005914:	2954                	.insn	2, 0x2954
80005916:	7ef4                	.insn	2, 0x7ef4
80005918:	7ef912b7          	lui	t0,0x7ef91
8000591c:	a5cd                	.insn	2, 0xa5cd
8000591e:	7f02                	.insn	2, 0x7f02
80005920:	1831                	.insn	2, 0x1831
80005922:	7f10                	.insn	2, 0x7f10
80005924:	a605                	.insn	2, 0xa605
80005926:	7f10                	.insn	2, 0x7f10
80005928:	0434                	.insn	2, 0x0434
8000592a:	7f24                	.insn	2, 0x7f24
8000592c:	c95e                	.insn	2, 0xc95e
8000592e:	731f7f4b          	.insn	4, 0x731f7f4b
80005932:	7f8d                	.insn	2, 0x7f8d
80005934:	3385                	.insn	2, 0x3385
80005936:	58997f8f          	.insn	4, 0x58997f8f
8000593a:	7f99                	.insn	2, 0x7f99
8000593c:	1715                	.insn	2, 0x1715
8000593e:	7fa6                	.insn	2, 0x7fa6
80005940:	c8f2                	.insn	2, 0xc8f2
80005942:	7fb1                	.insn	2, 0x7fb1
80005944:	8976                	.insn	2, 0x8976
80005946:	7fc0                	.insn	2, 0x7fc0
80005948:	d2d0                	.insn	2, 0xd2d0
8000594a:	7fc0                	.insn	2, 0x7fc0
8000594c:	7fca5d7f 7fdb3900 	.insn	20, 0x3a2ccef4055424a47fe84e467fdb39007fca5d7f
80005954:	7fe84e46  
8000595c:	 

80005958 <input_data>:
80005958:	24a4                	.insn	2, 0x24a4
8000595a:	0554                	.insn	2, 0x0554
8000595c:	cef4                	.insn	2, 0xcef4
8000595e:	3a2c                	.insn	2, 0x3a2c
80005960:	4a64                	.insn	2, 0x4a64
80005962:	97196adb          	.insn	4, 0x97196adb
80005966:	2b01                	.insn	2, 0x2b01
80005968:	f4ee                	.insn	2, 0xf4ee
8000596a:	4861                	.insn	2, 0x4861
8000596c:	0039e5ef          	jal	a1,800a416e <__global_pointer$+0x9c016>
80005970:	eeec                	.insn	2, 0xeeec
80005972:	1802                	.insn	2, 0x1802
80005974:	8b3e                	.insn	2, 0x8b3e
80005976:	7ec6                	.insn	2, 0x7ec6
80005978:	4a40                	.insn	2, 0x4a40
8000597a:	6010                	.insn	2, 0x6010
8000597c:	0df8                	.insn	2, 0x0df8
8000597e:	2ee2                	.insn	2, 0x2ee2
80005980:	6b72                	.insn	2, 0x6b72
80005982:	2cf4                	.insn	2, 0x2cf4
80005984:	49635f53          	.insn	4, 0x49635f53
80005988:	8979                	.insn	2, 0x8979
8000598a:	9b6810f7          	.insn	4, 0x9b6810f7
8000598e:	0836                	.insn	2, 0x0836
80005990:	79b5933b          	.insn	4, 0x79b5933b
80005994:	db86                	.insn	2, 0xdb86
80005996:	ca5913a7          	.insn	4, 0xca5913a7
8000599a:	4ad5                	.insn	2, 0x4ad5
8000599c:	28d5                	.insn	2, 0x28d5
8000599e:	1bb9                	.insn	2, 0x1bb9
800059a0:	72c2                	.insn	2, 0x72c2
800059a2:	04bd673b          	.insn	4, 0x04bd673b
800059a6:	9f1011fb          	.insn	4, 0x9f1011fb
800059aa:	4f9f 88d5 1afe      	.insn	6, 0x1afe88d54f9f
800059b0:	8b4c                	.insn	2, 0x8b4c
800059b2:	d92d00d7          	.insn	4, 0xd92d00d7
800059b6:	4961                	.insn	2, 0x4961
800059b8:	8a60                	.insn	2, 0x8a60
800059ba:	7761                	.insn	2, 0x7761
800059bc:	d1e1                	.insn	2, 0xd1e1
800059be:	ee242b8f          	.insn	4, 0xee242b8f
800059c2:	720e                	.insn	2, 0x720e
800059c4:	040c                	.insn	2, 0x040c
800059c6:	4c04                	.insn	2, 0x4c04
800059c8:	6e71                	.insn	2, 0x6e71
800059ca:	324a                	.insn	2, 0x324a
800059cc:	0655                	.insn	2, 0x0655
800059ce:	731d                	.insn	2, 0x731d
800059d0:	917d                	.insn	2, 0x917d
800059d2:	58f5                	.insn	2, 0x58f5
800059d4:	da5f 1d42 de31      	.insn	6, 0xde311d42da5f
800059da:	7b31                	.insn	2, 0x7b31
800059dc:	fa95                	.insn	2, 0xfa95
800059de:	018a                	.insn	2, 0x018a
800059e0:	d8e0                	.insn	2, 0xd8e0
800059e2:	12ec0e33          	.insn	4, 0x12ec0e33
800059e6:	712a                	.insn	2, 0x712a
800059e8:	db66                	.insn	2, 0xdb66
800059ea:	0ef1                	.insn	2, 0x0ef1
800059ec:	3b49                	.insn	2, 0x3b49
800059ee:	601e                	.insn	2, 0x601e
800059f0:	2601eb4f          	.insn	4, 0x2601eb4f
800059f4:	cb54                	.insn	2, 0xcb54
800059f6:	52c6                	.insn	2, 0x52c6
800059f8:	2b51                	.insn	2, 0x2b51
800059fa:	369a                	.insn	2, 0x369a
800059fc:	d5c8                	.insn	2, 0xd5c8
800059fe:	401e                	.insn	2, 0x401e
80005a00:	10f8                	.insn	2, 0x10f8
80005a02:	2844                	.insn	2, 0x2844
80005a04:	8c39                	.insn	2, 0x8c39
80005a06:	37e8                	.insn	2, 0x37e8
80005a08:	0c00                	.insn	2, 0x0c00
80005a0a:	547c                	.insn	2, 0x547c
80005a0c:	0492                	.insn	2, 0x0492
80005a0e:	59ed                	.insn	2, 0x59ed
80005a10:	632cf297          	auipc	t0,0x632cf
80005a14:	1e9a                	.insn	2, 0x1e9a
80005a16:	6819                	.insn	2, 0x6819
80005a18:	b431                	.insn	2, 0xb431
80005a1a:	e1f728ef          	jal	a7,7ff78838 <buflen.1+0x7ff787f8>
80005a1e:	7dbc                	.insn	2, 0x7dbc
80005a20:	3468                	.insn	2, 0x3468
80005a22:	56fe                	.insn	2, 0x56fe
80005a24:	2441                	.insn	2, 0x2441
80005a26:	a7de1353          	.insn	4, 0xa7de1353
80005a2a:	7021                	.insn	2, 0x7021
80005a2c:	62d6                	.insn	2, 0x62d6
80005a2e:	86c8592f          	.insn	4, 0x86c8592f
80005a32:	304d                	.insn	2, 0x304d
80005a34:	8551                	.insn	2, 0x8551
80005a36:	484c                	.insn	2, 0x484c
80005a38:	8b6a                	.insn	2, 0x8b6a
80005a3a:	3ccc                	.insn	2, 0x3ccc
80005a3c:	fb81                	.insn	2, 0xfb81
80005a3e:	22e0                	.insn	2, 0x22e0
80005a40:	783be667          	.insn	4, 0x783be667
80005a44:	2128e503          	.insn	4, 0x2128e503
80005a48:	bf66                	.insn	2, 0xbf66
80005a4a:	4524                	.insn	2, 0x4524
80005a4c:	52ea70bb          	.insn	4, 0x52ea70bb
80005a50:	662c                	.insn	2, 0x662c
80005a52:	48ee                	.insn	2, 0x48ee
80005a54:	6f6a                	.insn	2, 0x6f6a
80005a56:	4139                	.insn	2, 0x4139
80005a58:	af00                	.insn	2, 0xaf00
80005a5a:	1a05                	.insn	2, 0x1a05
80005a5c:	0b5676e3          	bgeu	a2,s5,80006308 <input_data+0x9b0>
80005a60:	7ca6                	.insn	2, 0x7ca6
80005a62:	727123f3          	csrrs	t2,mhpmevent7h,sp
80005a66:	5a32                	.insn	2, 0x5a32
80005a68:	5b08                	.insn	2, 0x5b08
80005a6a:	6145                	.insn	2, 0x6145
80005a6c:	e12a                	.insn	2, 0xe12a
80005a6e:	55d6                	.insn	2, 0x55d6
80005a70:	6f29                	.insn	2, 0x6f29
80005a72:	4db5                	.insn	2, 0x4db5
80005a74:	301453e7          	.insn	4, 0x301453e7
80005a78:	4ba0                	.insn	2, 0x4ba0
80005a7a:	4191                	.insn	2, 0x4191
80005a7c:	42ff 46ae 148d 544a 	.insn	18, 0x058c1900b280780c96b1544a148d46ae42ff
80005a84:	96b1 780c b280 1900 
80005a8c:	058c 
80005a8e:	c97f4bef          	jal	s7,7fffa724 <buflen.1+0x7fffa6e4>
80005a92:	0a79                	.insn	2, 0x0a79
80005a94:	c11e                	.insn	2, 0xc11e
80005a96:	48ec                	.insn	2, 0x48ec
80005a98:	27e4                	.insn	2, 0x27e4
80005a9a:	223a                	.insn	2, 0x223a
80005a9c:	135a                	.insn	2, 0x135a
80005a9e:	79ff                	.insn	2, 0x79ff
80005aa0:	1082                	.insn	2, 0x1082
80005aa2:	16571d5b          	.insn	4, 0x16571d5b
80005aa6:	66a0                	.insn	2, 0x66a0
80005aa8:	0c12                	.insn	2, 0x0c12
80005aaa:	2b48                	.insn	2, 0x2b48
80005aac:	5c10                	.insn	2, 0x5c10
80005aae:	4adf f786 78fd      	.insn	6, 0x78fdf7864adf
80005ab4:	34f5                	.insn	2, 0x34f5
80005ab6:	5266                	.insn	2, 0x5266
80005ab8:	739d378b          	.insn	4, 0x739d378b
80005abc:	9259                	.insn	2, 0x9259
80005abe:	2f28                	.insn	2, 0x2f28
80005ac0:	1ef9fd23          	.insn	4, 0x1ef9fd23
80005ac4:	ccad                	.insn	2, 0xccad
80005ac6:	43cd3ea7          	.insn	4, 0x43cd3ea7
80005aca:	74fc                	.insn	2, 0x74fc
80005acc:	2a22a5e3          	.insn	4, 0x2a22a5e3
80005ad0:	cf72                	.insn	2, 0xcf72
80005ad2:	69e2                	.insn	2, 0x69e2
80005ad4:	281bbd27          	.insn	4, 0x281bbd27
80005ad8:	778e56c3          	.insn	4, 0x778e56c3
80005adc:	4bf29b83          	lh	s7,1215(t0) # e32d4ecf <__global_pointer$+0x632ccd77>
80005ae0:	de88                	.insn	2, 0xde88
80005ae2:	0fec7e53          	.insn	4, 0x0fec7e53
80005ae6:	31c6                	.insn	2, 0x31c6
80005ae8:	191afacb          	.insn	4, 0x191afacb
80005aec:	8575                	.insn	2, 0x8575
80005aee:	45b2                	.insn	2, 0x45b2
80005af0:	5c90                	.insn	2, 0x5c90
80005af2:	7b08                	.insn	2, 0x7b08
80005af4:	5f7c                	.insn	2, 0x5f7c
80005af6:	2d61533f 7dc148a1 	.insn	8, 0x7dc148a12d61533f
80005afe:	7d81                	.insn	2, 0x7d81
80005b00:	e584                	.insn	2, 0xe584
80005b02:	2cf4                	.insn	2, 0x2cf4
80005b04:	7fca5d7f 532a6e6c 	.insn	20, 0x0a264a155431a8886855a4ba532a6e6c7fca5d7f
80005b0c:	6855a4ba 5431a888 
80005b14:	0a264a15 
80005b18:	3a26                	.insn	2, 0x3a26
80005b1a:	45a11733          	.insn	4, 0x45a11733
80005b1e:	1ab8                	.insn	2, 0x1ab8
80005b20:	0e578ce3          	beq	a5,t0,80006418 <input_data+0xac0>
80005b24:	4e46                	.insn	2, 0x4e46
80005b26:	7fe8                	.insn	2, 0x7fe8
80005b28:	f7a0                	.insn	2, 0xf7a0
80005b2a:	6e10                	.insn	2, 0x6e10
80005b2c:	6366                	.insn	2, 0x6366
80005b2e:	50b4                	.insn	2, 0x50b4
80005b30:	08606c9b          	.insn	4, 0x08606c9b
80005b34:	cb9d                	.insn	2, 0xcb9d
80005b36:	6c92                	.insn	2, 0x6c92
80005b38:	05f9                	.insn	2, 0x05f9
80005b3a:	24f4                	.insn	2, 0x24f4
80005b3c:	0f8e                	.insn	2, 0x0f8e
80005b3e:	5a42                	.insn	2, 0x5a42
80005b40:	2cc21eab          	.insn	4, 0x2cc21eab
80005b44:	d2d0                	.insn	2, 0xd2d0
80005b46:	7fc0                	.insn	2, 0x7fc0
80005b48:	321c                	.insn	2, 0x321c
80005b4a:	1225                	.insn	2, 0x1225
80005b4c:	0d30                	.insn	2, 0x0d30
80005b4e:	207d                	.insn	2, 0x207d
80005b50:	aae2                	.insn	2, 0xaae2
80005b52:	73fd                	.insn	2, 0x73fd
80005b54:	1398                	.insn	2, 0x1398
80005b56:	5bad                	.insn	2, 0x5bad
80005b58:	7f30                	.insn	2, 0x7f30
80005b5a:	7188                	.insn	2, 0x7188
80005b5c:	6219                	.insn	2, 0x6219
80005b5e:	a15d371b          	.insn	4, 0xa15d371b
80005b62:	b79f21d7          	.insn	4, 0xb79f21d7
80005b66:	353e                	.insn	2, 0x353e
80005b68:	cba1                	.insn	2, 0xcba1
80005b6a:	980f49e3          	bltz	t5,800054fc <verify_data+0x1ba4>
80005b6e:	4500                	.insn	2, 0x4500
80005b70:	2f96                	.insn	2, 0x2f96
80005b72:	7d84                	.insn	2, 0x7d84
80005b74:	59bbba97          	auipc	s5,0x59bbb
80005b78:	7cc8                	.insn	2, 0x7cc8
80005b7a:	6186                	.insn	2, 0x6186
80005b7c:	00949033          	sll	zero,s1,s1
80005b80:	2d32                	.insn	2, 0x2d32
80005b82:	1ee1                	.insn	2, 0x1ee1
80005b84:	7168                	.insn	2, 0x7168
80005b86:	fb3a3f67          	.insn	4, 0xfb3a3f67
80005b8a:	ea803d57          	.insn	4, 0xea803d57
80005b8e:	0cd0                	.insn	2, 0x0cd0
80005b90:	fa46                	.insn	2, 0xfa46
80005b92:	4001                	.insn	2, 0x4001
80005b94:	1281                	.insn	2, 0x1281
80005b96:	6ecd                	.insn	2, 0x6ecd
80005b98:	69aa                	.insn	2, 0x69aa
80005b9a:	33a5                	.insn	2, 0x33a5
80005b9c:	58e6236f          	jal	t1,8006812a <__global_pointer$+0x5ffd2>
80005ba0:	a960                	.insn	2, 0xa960
80005ba2:	1c74                	.insn	2, 0x1c74
80005ba4:	3150                	.insn	2, 0x3150
80005ba6:	3561                	.insn	2, 0x3561
80005ba8:	a07c                	.insn	2, 0xa07c
80005baa:	a9bd38e3          	.insn	4, 0xa9bd38e3
80005bae:	2609                	.insn	2, 0x2609
80005bb0:	8f18                	.insn	2, 0x8f18
80005bb2:	5c65                	.insn	2, 0x5c65
80005bb4:	3ecd                	.insn	2, 0x3ecd
80005bb6:	24a2                	.insn	2, 0x24a2
80005bb8:	17e6                	.insn	2, 0x17e6
80005bba:	56a1                	.insn	2, 0x56a1
80005bbc:	4e44                	.insn	2, 0x4e44
80005bbe:	4f90                	.insn	2, 0x4f90
80005bc0:	28bdf153          	.insn	4, 0x28bdf153
80005bc4:	4130                	.insn	2, 0x4130
80005bc6:	0ac50a0f          	.insn	4, 0x0ac50a0f
80005bca:	1cb4                	.insn	2, 0x1cb4
80005bcc:	9006                	.insn	2, 0x9006
80005bce:	2d0c                	.insn	2, 0x2d0c
80005bd0:	3012                	.insn	2, 0x3012
80005bd2:	782c                	.insn	2, 0x782c
80005bd4:	14c2                	.insn	2, 0x14c2
80005bd6:	454d                	.insn	2, 0x454d
80005bd8:	bbfa                	.insn	2, 0xbbfa
80005bda:	664924eb          	.insn	4, 0x664924eb
80005bde:	52de                	.insn	2, 0x52de
80005be0:	61f6                	.insn	2, 0x61f6
80005be2:	a7d10f4f          	.insn	4, 0xa7d10f4f
80005be6:	15c5                	.insn	2, 0x15c5
80005be8:	687e                	.insn	2, 0x687e
80005bea:	4ed0                	.insn	2, 0x4ed0
80005bec:	4adc                	.insn	2, 0x4adc
80005bee:	439a                	.insn	2, 0x439a
80005bf0:	fe51                	.insn	2, 0xfe51
80005bf2:	4da5                	.insn	2, 0x4da5
80005bf4:	c3bd                	.insn	2, 0xc3bd
80005bf6:	2511                	.insn	2, 0x2511
80005bf8:	100a                	.insn	2, 0x100a
80005bfa:	31ec                	.insn	2, 0x31ec
80005bfc:	66076677          	.insn	4, 0x66076677
80005c00:	ceea                	.insn	2, 0xceea
80005c02:	2cfe                	.insn	2, 0x2cfe
80005c04:	152e                	.insn	2, 0x152e
80005c06:	66b5                	.insn	2, 0x66b5
80005c08:	de5c                	.insn	2, 0xde5c
80005c0a:	3a4e                	.insn	2, 0x3a4e
80005c0c:	e140                	.insn	2, 0xe140
80005c0e:	5c50                	.insn	2, 0x5c50
80005c10:	034d                	.insn	2, 0x034d
80005c12:	23a5                	.insn	2, 0x23a5
80005c14:	4569                	.insn	2, 0x4569
80005c16:	613d                	.insn	2, 0x613d
80005c18:	9f26                	.insn	2, 0x9f26
80005c1a:	2f24                	.insn	2, 0x2f24
80005c1c:	796a                	.insn	2, 0x796a
80005c1e:	5f84                	.insn	2, 0x5f84
80005c20:	2df3dfcb          	.insn	4, 0x2df3dfcb
80005c24:	16b9                	.insn	2, 0x16b9
80005c26:	0bd0                	.insn	2, 0x0bd0
80005c28:	4699                	.insn	2, 0x4699
80005c2a:	4add                	.insn	2, 0x4add
80005c2c:	a1f8                	.insn	2, 0xa1f8
80005c2e:	7eb8                	.insn	2, 0x7eb8
80005c30:	2215                	.insn	2, 0x2215
80005c32:	080c                	.insn	2, 0x080c
80005c34:	9608                	.insn	2, 0x9608
80005c36:	22c1                	.insn	2, 0x22c1
80005c38:	3888                	.insn	2, 0x3888
80005c3a:	7e41                	.insn	2, 0x7e41
80005c3c:	8b9f 6d56 d570      	.insn	6, 0xd5706d568b9f
80005c42:	33ac                	.insn	2, 0x33ac
80005c44:	938e                	.insn	2, 0x938e
80005c46:	650a                	.insn	2, 0x650a
80005c48:	983d                	.insn	2, 0x983d
80005c4a:	2c6a                	.insn	2, 0x2c6a
80005c4c:	99ca                	.insn	2, 0x99ca
80005c4e:	4428                	.insn	2, 0x4428
80005c50:	f095                	.insn	2, 0xf095
80005c52:	4252                	.insn	2, 0x4252
80005c54:	b4a9                	.insn	2, 0xb4a9
80005c56:	1c88                	.insn	2, 0x1c88
80005c58:	8ad5                	.insn	2, 0x8ad5
80005c5a:	e5b747a7          	.insn	4, 0xe5b747a7
80005c5e:	b7293b13          	sltiu	s6,s2,-1166
80005c62:	745e                	.insn	2, 0x745e
80005c64:	1ef490c3          	.insn	4, 0x1ef490c3
80005c68:	f658                	.insn	2, 0xf658
80005c6a:	635d                	.insn	2, 0x635d
80005c6c:	2deb91bf 20b378d4 	.insn	8, 0x20b378d42deb91bf
80005c74:	2a8f6b6f          	jal	s6,800fbf1c <__global_pointer$+0xf3dc4>
80005c78:	e759                	.insn	2, 0xe759
80005c7a:	ceb263c7          	.insn	4, 0xceb263c7
80005c7e:	57b6                	.insn	2, 0x57b6
80005c80:	e800                	.insn	2, 0xe800
80005c82:	4cb5                	.insn	2, 0x4cb5
80005c84:	3d98                	.insn	2, 0x3d98
80005c86:	5ed1                	.insn	2, 0x5ed1
80005c88:	6746                	.insn	2, 0x6746
80005c8a:	1268                	.insn	2, 0x1268
80005c8c:	9561                	.insn	2, 0x9561
80005c8e:	392e                	.insn	2, 0x392e
80005c90:	e231                	.insn	2, 0xe231
80005c92:	0456                	.insn	2, 0x0456
80005c94:	dfd0                	.insn	2, 0xdfd0
80005c96:	27f8                	.insn	2, 0x27f8
80005c98:	2d4e                	.insn	2, 0x2d4e
80005c9a:	3635100b          	.insn	4, 0x3635100b
80005c9e:	5f46                	.insn	2, 0x5f46
80005ca0:	23fa                	.insn	2, 0x23fa
80005ca2:	789c                	.insn	2, 0x789c
80005ca4:	47c5                	.insn	2, 0x47c5
80005ca6:	33eb476b          	.insn	4, 0x33eb476b
80005caa:	779e                	.insn	2, 0x779e
80005cac:	00fc                	.insn	2, 0x00fc
80005cae:	3d62                	.insn	2, 0x3d62
80005cb0:	02a2                	.insn	2, 0x02a2
80005cb2:	6676                	.insn	2, 0x6676
80005cb4:	476bead3          	.insn	4, 0x476bead3
80005cb8:	46dadd13          	.insn	4, 0x46dadd13
80005cbc:	66c4                	.insn	2, 0x66c4
80005cbe:	7691                	.insn	2, 0x7691
80005cc0:	e555                	.insn	2, 0xe555
80005cc2:	3748                	.insn	2, 0x3748
80005cc4:	77b2                	.insn	2, 0x77b2
80005cc6:	eef76607          	.insn	4, 0xeef76607
80005cca:	5324                	.insn	2, 0x5324
80005ccc:	17e0                	.insn	2, 0x17e0
80005cce:	2dd6                	.insn	2, 0x2dd6
80005cd0:	7a02d7ff 722b3950 	.insn	20, 0x028131ca5557c00724e05376722b39507a02d7ff
80005cd8:	24e05376 5557c007 
80005ce0:	028131ca 
80005ce4:	94ba                	.insn	2, 0x94ba
80005ce6:	41f6                	.insn	2, 0x41f6
80005ce8:	2422                	.insn	2, 0x2422
80005cea:	229c0663          	beq	s8,s1,80005f16 <input_data+0x5be>
80005cee:	477c                	.insn	2, 0x477c
80005cf0:	0b0fe933          	.insn	4, 0x0b0fe933
80005cf4:	6f793433          	.insn	4, 0x6f793433
80005cf8:	2cec                	.insn	2, 0x2cec
80005cfa:	0c38                	.insn	2, 0x0c38
80005cfc:	7909                	.insn	2, 0x7909
80005cfe:	6d55                	.insn	2, 0x6d55
80005d00:	cfc9                	.insn	2, 0xcfc9
80005d02:	9167388b          	.insn	4, 0x9167388b
80005d06:	af6d3867          	.insn	4, 0xaf6d3867
80005d0a:	4b3e                	.insn	2, 0x4b3e
80005d0c:	1545                	.insn	2, 0x1545
80005d0e:	07d5                	.insn	2, 0x07d5
80005d10:	8f85                	.insn	2, 0x8f85
80005d12:	4eca                	.insn	2, 0x4eca
80005d14:	b0b9                	.insn	2, 0xb0b9
80005d16:	56f8                	.insn	2, 0x56f8
80005d18:	d0d4                	.insn	2, 0xd0d4
80005d1a:	30f6                	.insn	2, 0x30f6
80005d1c:	6a74                	.insn	2, 0x6a74
80005d1e:	32ce                	.insn	2, 0x32ce
80005d20:	e3c1                	.insn	2, 0xe3c1
80005d22:	23fe                	.insn	2, 0x23fe
80005d24:	ffb9                	.insn	2, 0xffb9
80005d26:	013a                	.insn	2, 0x013a
80005d28:	6796bc67          	.insn	4, 0x6796bc67
80005d2c:	bdad                	.insn	2, 0xbdad
80005d2e:	0236                	.insn	2, 0x0236
80005d30:	27d6                	.insn	2, 0x27d6
80005d32:	7c7d                	.insn	2, 0x7c7d
80005d34:	68b2                	.insn	2, 0x68b2
80005d36:	24b915db          	.insn	4, 0x24b915db
80005d3a:	e0d668fb          	.insn	4, 0xe0d668fb
80005d3e:	f557254f          	.insn	4, 0xf557254f
80005d42:	cd5f2c2b          	.insn	4, 0xcd5f2c2b
80005d46:	30b8                	.insn	2, 0x30b8
80005d48:	6d68                	.insn	2, 0x6d68
80005d4a:	39c6                	.insn	2, 0x39c6
80005d4c:	44b079ab          	.insn	4, 0x44b079ab
80005d50:	2be4                	.insn	2, 0x2be4
80005d52:	41ae                	.insn	2, 0x41ae
80005d54:	3abd                	.insn	2, 0x3abd
80005d56:	678e17cf          	.insn	4, 0x678e17cf
80005d5a:	7bac                	.insn	2, 0x7bac
80005d5c:	76de                	.insn	2, 0x76de
80005d5e:	7582                	.insn	2, 0x7582
80005d60:	2c8f5cab          	.insn	4, 0x2c8f5cab
80005d64:	452947fb          	.insn	4, 0x452947fb
80005d68:	2ace                	.insn	2, 0x2ace
80005d6a:	679d                	.insn	2, 0x679d
80005d6c:	7558                	.insn	2, 0x7558
80005d6e:	7df8                	.insn	2, 0x7df8
80005d70:	3381                	.insn	2, 0x3381
80005d72:	7111                	.insn	2, 0x7111
80005d74:	328d                	.insn	2, 0x328d
80005d76:	34f371bb          	.insn	4, 0x34f371bb
80005d7a:	44e0                	.insn	2, 0x44e0
80005d7c:	f79f 0704 1798      	.insn	6, 0x17980704f79f
80005d82:	7948                	.insn	2, 0x7948
80005d84:	6961                	.insn	2, 0x6961
80005d86:	4e72                	.insn	2, 0x4e72
80005d88:	9a45                	.insn	2, 0x9a45
80005d8a:	59d9                	.insn	2, 0x59d9
80005d8c:	79ea714f          	.insn	4, 0x79ea714f
80005d90:	ddde                	.insn	2, 0xddde
80005d92:	2d9e                	.insn	2, 0x2d9e
80005d94:	592a                	.insn	2, 0x592a
80005d96:	3d7d                	.insn	2, 0x3d7d
80005d98:	b06d                	.insn	2, 0xb06d
80005d9a:	48c5                	.insn	2, 0x48c5
80005d9c:	136948cb          	.insn	4, 0x136948cb
80005da0:	06f2                	.insn	2, 0x06f2
80005da2:	723d                	.insn	2, 0x723d
80005da4:	6bd8                	.insn	2, 0x6bd8
80005da6:	00fa                	.insn	2, 0x00fa
80005da8:	3e02                	.insn	2, 0x3e02
80005daa:	02d4                	.insn	2, 0x02d4
80005dac:	10ed                	.insn	2, 0x10ed
80005dae:	5241                	.insn	2, 0x5241
80005db0:	a2c4                	.insn	2, 0xa2c4
80005db2:	48c8                	.insn	2, 0x48c8
80005db4:	4d28                	.insn	2, 0x4d28
80005db6:	2afa                	.insn	2, 0x2afa
80005db8:	5552d8af          	.insn	4, 0x5552d8af
80005dbc:	5cf8                	.insn	2, 0x5cf8
80005dbe:	5d8c                	.insn	2, 0x5d8c
80005dc0:	93c9                	.insn	2, 0x93c9
80005dc2:	3634                	.insn	2, 0x3634
80005dc4:	0c30a657          	.insn	4, 0x0c30a657
80005dc8:	37a6bc03          	.insn	4, 0x37a6bc03
80005dcc:	5d52b08f          	.insn	4, 0x5d52b08f
80005dd0:	145d8bd7          	.insn	4, 0x145d8bd7
80005dd4:	a2f2                	.insn	2, 0xa2f2
80005dd6:	02d623ef          	jal	t2,80068602 <__global_pointer$+0x604aa>
80005dda:	0051                	.insn	2, 0x0051
80005ddc:	2dde                	.insn	2, 0x2dde
80005dde:	32a2                	.insn	2, 0x32a2
80005de0:	0ac3bca3          	.insn	4, 0x0ac3bca3
80005de4:	b0c8                	.insn	2, 0xb0c8
80005de6:	583d                	.insn	2, 0x583d
80005de8:	1fbccd53          	.insn	4, 0x1fbccd53
80005dec:	74bac3d7          	.insn	4, 0x74bac3d7
80005df0:	d5d4                	.insn	2, 0xd5d4
80005df2:	0654                	.insn	2, 0x0654
80005df4:	0d01                	.insn	2, 0x0d01
80005df6:	3d1a                	.insn	2, 0x3d1a
80005df8:	7da5                	.insn	2, 0x7da5
80005dfa:	37c5                	.insn	2, 0x37c5
80005dfc:	686ebe97          	auipc	t4,0x686eb
80005e00:	8ac2                	.insn	2, 0x8ac2
80005e02:	6599                	.insn	2, 0x6599
80005e04:	d049                	.insn	2, 0xd049
80005e06:	d5415d7b          	.insn	4, 0xd5415d7b
80005e0a:	bbe76f5b          	.insn	4, 0xbbe76f5b
80005e0e:	21f8                	.insn	2, 0x21f8
80005e10:	79d1                	.insn	2, 0x79d1
80005e12:	4c253e53          	.insn	4, 0x4c253e53
80005e16:	1060                	.insn	2, 0x1060
80005e18:	5cce                	.insn	2, 0x5cce
80005e1a:	25de3513          	sltiu	a0,t3,605
80005e1e:	1e45                	.insn	2, 0x1e45
80005e20:	ef64                	.insn	2, 0xef64
80005e22:	ab662f4b          	.insn	4, 0xab662f4b
80005e26:	1b78                	.insn	2, 0x1b78
80005e28:	20ae                	.insn	2, 0x20ae
80005e2a:	464e                	.insn	2, 0x464e
80005e2c:	172d75a3          	.insn	4, 0x172d75a3
80005e30:	9e80                	.insn	2, 0x9e80
80005e32:	4261                	.insn	2, 0x4261
80005e34:	00d3e7bb          	.insn	4, 0x00d3e7bb
80005e38:	6c2a                	.insn	2, 0x6c2a
80005e3a:	a05071d3          	.insn	4, 0xa05071d3
80005e3e:	4085                	.insn	2, 0x4085
80005e40:	08ff 576b 465f 4c61 	.insn	10, 0xcd3e4c61465f576b08ff
80005e48:	cd3e 
80005e4a:	247e                	.insn	2, 0x247e
80005e4c:	2ff2                	.insn	2, 0x2ff2
80005e4e:	1640                	.insn	2, 0x1640
80005e50:	f16e                	.insn	2, 0xf16e
80005e52:	21e4                	.insn	2, 0x21e4
80005e54:	5278adf3          	csrrs	s11,0x527,a7
80005e58:	4afd                	.insn	2, 0x4afd
80005e5a:	aaad3fff d0832c73 	.insn	16, 0x58a24cd94768253fd0832c73aaad3fff
80005e62:	4768253f 58a24cd9 
80005e6a:	09fd72f3          	csrrci	t0,0x9f,26
80005e6e:	08d4                	.insn	2, 0x08d4
80005e70:	e83e                	.insn	2, 0xe83e
80005e72:	1b94                	.insn	2, 0x1b94
80005e74:	6ce3fc13          	andi	s8,t2,1742
80005e78:	af35                	.insn	2, 0xaf35
80005e7a:	5dac                	.insn	2, 0x5dac
80005e7c:	2416                	.insn	2, 0x2416
80005e7e:	545d                	.insn	2, 0x545d
80005e80:	2e9a                	.insn	2, 0x2e9a
80005e82:	82e3583b          	.insn	4, 0x82e3583b
80005e86:	4f5e                	.insn	2, 0x4f5e
80005e88:	202fd7d7          	.insn	4, 0x202fd7d7
80005e8c:	096e                	.insn	2, 0x096e
80005e8e:	e9f00f97          	auipc	t6,0xe9f00
80005e92:	64bd                	.insn	2, 0x64bd
80005e94:	10e4ceaf          	.insn	4, 0x10e4ceaf
80005e98:	d0aa                	.insn	2, 0xd0aa
80005e9a:	4735                	.insn	2, 0x4735
80005e9c:	7850                	.insn	2, 0x7850
80005e9e:	78e96a2b          	.insn	4, 0x78e96a2b
80005ea2:	26ba                	.insn	2, 0x26ba
80005ea4:	5579cfa7          	.insn	4, 0x5579cfa7
80005ea8:	d65f 43b2 a8b1      	.insn	6, 0xa8b143b2d65f
80005eae:	601e3793          	sltiu	a5,t3,1537
80005eb2:	45c8                	.insn	2, 0x45c8
80005eb4:	99ec                	.insn	2, 0x99ec
80005eb6:	3e85                	.insn	2, 0x3e85
80005eb8:	fc5d                	.insn	2, 0xfc5d
80005eba:	d200294b          	.insn	4, 0xd200294b
80005ebe:	574d6097          	auipc	ra,0x574d6
80005ec2:	7966                	.insn	2, 0x7966
80005ec4:	233d                	.insn	2, 0x233d
80005ec6:	101e                	.insn	2, 0x101e
80005ec8:	24d5dd8b          	.insn	4, 0x24d5dd8b
80005ecc:	ed35                	.insn	2, 0xed35
80005ece:	504d                	.insn	2, 0x504d
80005ed0:	b03a                	.insn	2, 0xb03a
80005ed2:	6998                	.insn	2, 0x6998
80005ed4:	01d8e9c7          	.insn	4, 0x01d8e9c7
80005ed8:	4fba                	.insn	2, 0x4fba
80005eda:	2711                	.insn	2, 0x2711
80005edc:	54ee                	.insn	2, 0x54ee
80005ede:	1121015b          	.insn	4, 0x1121015b
80005ee2:	6511                	.insn	2, 0x6511
80005ee4:	f61d                	.insn	2, 0xf61d
80005ee6:	33b6                	.insn	2, 0x33b6
80005ee8:	a3b2                	.insn	2, 0xa3b2
80005eea:	05ac5dff 1cd30d95 	.insn	20, 0x60412ef69bd85a21ca467afd1cd30d9505ac5dff
80005ef2:	ca467afd 9bd85a21 
80005efa:	60412ef6 
80005efe:	68d4                	.insn	2, 0x68d4
80005f00:	4274                	.insn	2, 0x4274
80005f02:	5c99                	.insn	2, 0x5c99
80005f04:	7b86eff3          	csrrsi	t6,0x7b8,13
80005f08:	e378                	.insn	2, 0xe378
80005f0a:	25b4                	.insn	2, 0x25b4
80005f0c:	34127047          	.insn	4, 0x34127047
80005f10:	8ed0                	.insn	2, 0x8ed0
80005f12:	7cfe                	.insn	2, 0x7cfe
80005f14:	7008f7cb          	.insn	4, 0x7008f7cb
80005f18:	70b5                	.insn	2, 0x70b5
80005f1a:	53ba                	.insn	2, 0x53ba
80005f1c:	6db9d8c7          	.insn	4, 0x6db9d8c7
80005f20:	f955                	.insn	2, 0xf955
80005f22:	5ff5                	.insn	2, 0x5ff5
80005f24:	dbe0                	.insn	2, 0xdbe0
80005f26:	db0a0b17          	auipc	s6,0xdb0a0
80005f2a:	0bb4                	.insn	2, 0x0bb4
80005f2c:	a8fc                	.insn	2, 0xa8fc
80005f2e:	46b207bf d7423089 	.insn	8, 0xd742308946b207bf
80005f36:	507c54af          	.insn	4, 0x507c54af
80005f3a:	0d86                	.insn	2, 0x0d86
80005f3c:	7b2e                	.insn	2, 0x7b2e
80005f3e:	5595                	.insn	2, 0x5595
80005f40:	3b0a                	.insn	2, 0x3b0a
80005f42:	0d31                	.insn	2, 0x0d31
80005f44:	e4b2                	.insn	2, 0xe4b2
80005f46:	139c                	.insn	2, 0x139c
80005f48:	735e                	.insn	2, 0x735e
80005f4a:	30ee                	.insn	2, 0x30ee
80005f4c:	0f8b5fbf 538275d3 	.insn	8, 0x538275d30f8b5fbf
80005f54:	366e                	.insn	2, 0x366e
80005f56:	0c92                	.insn	2, 0x0c92
80005f58:	0ac0                	.insn	2, 0x0ac0
80005f5a:	364469c7          	.insn	4, 0x364469c7
80005f5e:	34de                	.insn	2, 0x34de
80005f60:	f150                	.insn	2, 0xf150
80005f62:	6bb5                	.insn	2, 0x6bb5
80005f64:	1e48192b          	.insn	4, 0x1e48192b
80005f68:	0f76                	.insn	2, 0x0f76
80005f6a:	36cb2dbb          	.insn	4, 0x36cb2dbb
80005f6e:	bfaa0197          	auipc	gp,0xbfaa0
80005f72:	d42012ff 3fc03647 	.insn	12, 0x8d3a06fd3fc03647d42012ff
80005f7a:	8d3a06fd 
80005f7e:	3fa67bab          	.insn	4, 0x3fa67bab
80005f82:	11f6                	.insn	2, 0x11f6
80005f84:	1bb4383f 7a6c039a 	.insn	8, 0x7a6c039a1bb4383f
80005f8c:	08d9                	.insn	2, 0x08d9
80005f8e:	a3054f97          	auipc	t6,0xa3054
80005f92:	2bf5                	.insn	2, 0x2bf5
80005f94:	2e56b07f 44630ba3 	.insn	16, 0x610f407d761b01e644630ba32e56b07f
80005f9c:	761b01e6 610f407d 
80005fa4:	c554                	.insn	2, 0xc554
80005fa6:	b4a35ba3          	.insn	4, 0xb4a35ba3
80005faa:	b76642d7          	.insn	4, 0xb76642d7
80005fae:	52fa                	.insn	2, 0x52fa
80005fb0:	6b51cb4f          	.insn	4, 0x6b51cb4f
80005fb4:	2540                	.insn	2, 0x2540
80005fb6:	d9bb2667          	.insn	4, 0xd9bb2667
80005fba:	86fc4be3          	blt	s8,a5,80005830 <verify_data+0x1ed8>
80005fbe:	71a0                	.insn	2, 0x71a0
80005fc0:	2a85                	.insn	2, 0x2a85
80005fc2:	648301af          	.insn	4, 0x648301af
80005fc6:	5776                	.insn	2, 0x5776
80005fc8:	5f2d                	.insn	2, 0x5f2d
80005fca:	80f21633          	.insn	4, 0x80f21633
80005fce:	49ca04ab          	.insn	4, 0x49ca04ab
80005fd2:	0816                	.insn	2, 0x0816
80005fd4:	c5ee                	.insn	2, 0xc5ee
80005fd6:	3f4a                	.insn	2, 0x3f4a
80005fd8:	5fc4                	.insn	2, 0x5fc4
80005fda:	fa540f83          	lb	t6,-91(s0)
80005fde:	469a                	.insn	2, 0x469a
80005fe0:	dde6                	.insn	2, 0xdde6
80005fe2:	1122                	.insn	2, 0x1122
80005fe4:	7ed5                	.insn	2, 0x7ed5
80005fe6:	44d5                	.insn	2, 0x44d5
80005fe8:	86e0                	.insn	2, 0x86e0
80005fea:	6126                	.insn	2, 0x6126
80005fec:	7c45df3b          	.insn	4, 0x7c45df3b
80005ff0:	b6d4                	.insn	2, 0xb6d4
80005ff2:	2faa                	.insn	2, 0x2faa
80005ff4:	52670823          	sb	t1,1328(a4)
80005ff8:	c122                	.insn	2, 0xc122
80005ffa:	79f0                	.insn	2, 0x79f0
80005ffc:	37a5a727          	.insn	4, 0x37a5a727
80006000:	d981                	.insn	2, 0xd981
80006002:	2e88050f          	.insn	4, 0x2e88050f
80006006:	3539                	.insn	2, 0x3539
80006008:	0db2                	.insn	2, 0x0db2
8000600a:	10a5                	.insn	2, 0x10a5
8000600c:	ed86                	.insn	2, 0xed86
8000600e:	26d8                	.insn	2, 0x26d8
80006010:	3b24                	.insn	2, 0x3b24
80006012:	0e38                	.insn	2, 0x0e38
80006014:	b3cd                	.insn	2, 0xb3cd
80006016:	3834                	.insn	2, 0x3834
80006018:	da28                	.insn	2, 0xda28
8000601a:	6ca2                	.insn	2, 0x6ca2
8000601c:	d051                	.insn	2, 0xd051
8000601e:	98346e3f 734737ff 	.insn	8, 0x734737ff98346e3f
80006026:	1a06                	.insn	2, 0x1a06
80006028:	f31d                	.insn	2, 0xf31d
8000602a:	20bc                	.insn	2, 0x20bc
8000602c:	56d6                	.insn	2, 0x56d6
8000602e:	3d54                	.insn	2, 0x3d54
80006030:	810a                	.insn	2, 0x810a
80006032:	2285                	.insn	2, 0x2285
80006034:	1b69                	.insn	2, 0x1b69
80006036:	7ea5                	.insn	2, 0x7ea5
80006038:	b34e                	.insn	2, 0xb34e
8000603a:	347a                	.insn	2, 0x347a
8000603c:	4290                	.insn	2, 0x4290
8000603e:	56155683          	lhu	a3,1377(a0)
80006042:	5081                	.insn	2, 0x5081
80006044:	ae74                	.insn	2, 0xae74
80006046:	bb695c27          	.insn	4, 0xbb695c27
8000604a:	3324                	.insn	2, 0x3324
8000604c:	cc31                	.insn	2, 0xcc31
8000604e:	7eed                	.insn	2, 0x7eed
80006050:	8db4                	.insn	2, 0x8db4
80006052:	1c4b4667          	.insn	4, 0x1c4b4667
80006056:	2b5e                	.insn	2, 0x2b5e
80006058:	1c78                	.insn	2, 0x1c78
8000605a:	6089                	.insn	2, 0x6089
8000605c:	39c2eec3          	.insn	4, 0x39c2eec3
80006060:	48473db3          	.insn	4, 0x48473db3
80006064:	6762                	.insn	2, 0x6762
80006066:	5120                	.insn	2, 0x5120
80006068:	15f77ee7          	.insn	4, 0x15f77ee7
8000606c:	13e702e3          	beq	a4,t5,80006990 <input_data+0x1038>
80006070:	8266                	.insn	2, 0x8266
80006072:	027c                	.insn	2, 0x027c
80006074:	e6d4                	.insn	2, 0xe6d4
80006076:	52dd                	.insn	2, 0x52dd
80006078:	5d347033          	.insn	4, 0x5d347033
8000607c:	3a0a8c2b          	.insn	4, 0x3a0a8c2b
80006080:	4043fd5b          	.insn	4, 0x4043fd5b
80006084:	36bd5793          	.insn	4, 0x36bd5793
80006088:	a131                	.insn	2, 0xa131
8000608a:	3ab263ab          	.insn	4, 0x3ab263ab
8000608e:	413d                	.insn	2, 0x413d
80006090:	058545bf 7eb78eb9 	.insn	8, 0x7eb78eb9058545bf
80006098:	7ef8                	.insn	2, 0x7ef8
8000609a:	42ad609b          	.insn	4, 0x42ad609b
8000609e:	3698                	.insn	2, 0x3698
800060a0:	0a6dc44f          	.insn	4, 0x0a6dc44f
800060a4:	befe                	.insn	2, 0xbefe
800060a6:	01a1                	.insn	2, 0x01a1
800060a8:	306d                	.insn	2, 0x306d
800060aa:	19f1                	.insn	2, 0x19f1
800060ac:	4c2e                	.insn	2, 0x4c2e
800060ae:	14f73deb          	.insn	4, 0x14f73deb
800060b2:	63436d53          	.insn	4, 0x63436d53
800060b6:	1239                	.insn	2, 0x1239
800060b8:	a26a                	.insn	2, 0xa26a
800060ba:	13b2                	.insn	2, 0x13b2
800060bc:	5d0d                	.insn	2, 0x5d0d
800060be:	2b89                	.insn	2, 0x2b89
800060c0:	a80d                	.insn	2, 0xa80d
800060c2:	004b616b          	.insn	4, 0x004b616b
800060c6:	ec893213          	sltiu	tp,s2,-312
800060ca:	2dc4                	.insn	2, 0x2dc4
800060cc:	3ee4                	.insn	2, 0x3ee4
800060ce:	fd240687          	.insn	4, 0xfd240687
800060d2:	78dd                	.insn	2, 0x78dd
800060d4:	0f89                	.insn	2, 0x0f89
800060d6:	15ee                	.insn	2, 0x15ee
800060d8:	f891                	.insn	2, 0xf891
800060da:	03337637          	lui	a2,0x3337
800060de:	718f4d13          	xori	s10,t5,1816
800060e2:	2a12                	.insn	2, 0x2a12
800060e4:	8514                	.insn	2, 0x8514
800060e6:	f67d0d83          	lb	s11,-153(s10)
800060ea:	3fa4                	.insn	2, 0x3fa4
800060ec:	67a4                	.insn	2, 0x67a4
800060ee:	7c24                	.insn	2, 0x7c24
800060f0:	38b93c73          	csrrc	s8,0x38b,s2
800060f4:	0f8982b7          	lui	t0,0xf898
800060f8:	c726                	.insn	2, 0xc726
800060fa:	fc69423b          	.insn	4, 0xfc69423b
800060fe:	d28770bf ea255235 	.insn	8, 0xea255235d28770bf
80006106:	0a7d                	.insn	2, 0x0a7d
80006108:	278e                	.insn	2, 0x278e
8000610a:	2374                	.insn	2, 0x2374
8000610c:	0ec2                	.insn	2, 0x0ec2
8000610e:	8b6a6f83          	.insn	4, 0x8b6a6f83
80006112:	64ba                	.insn	2, 0x64ba
80006114:	a049                	.insn	2, 0xa049
80006116:	4cf2                	.insn	2, 0x4cf2
80006118:	06c9                	.insn	2, 0x06c9
8000611a:	0e9a                	.insn	2, 0x0e9a
8000611c:	4d4c799b          	.insn	4, 0x4d4c799b
80006120:	02a0                	.insn	2, 0x02a0
80006122:	73bb6bf3          	csrrsi	s7,mhpmevent27h,22
80006126:	6fb1                	.insn	2, 0x6fb1
80006128:	1086                	.insn	2, 0x1086
8000612a:	7439                	.insn	2, 0x7439
8000612c:	9e52                	.insn	2, 0x9e52
8000612e:	71b6                	.insn	2, 0x71b6
80006130:	23494e2b          	.insn	4, 0x23494e2b
80006134:	b850                	.insn	2, 0xb850
80006136:	4e3a                	.insn	2, 0x4e3a
80006138:	1641                	.insn	2, 0x1641
8000613a:	1e62                	.insn	2, 0x1e62
8000613c:	e796                	.insn	2, 0xe796
8000613e:	33d8                	.insn	2, 0x33d8
80006140:	c4c2                	.insn	2, 0xc4c2
80006142:	0439                	.insn	2, 0x0439
80006144:	c9c9                	.insn	2, 0xc9c9
80006146:	1e00                	.insn	2, 0x1e00
80006148:	a0ff 6485 586b 5f8b 	.insn	14, 0xc7ab486aadb05f8b586b6485a0ff
80006150:	adb0 486a c7ab 
80006156:	95c44373          	.insn	4, 0x95c44373
8000615a:	2dc9                	.insn	2, 0x2dc9
8000615c:	c94a                	.insn	2, 0xc94a
8000615e:	234c                	.insn	2, 0x234c
80006160:	d44c                	.insn	2, 0xd44c
80006162:	66f8                	.insn	2, 0x66f8
80006164:	3893fc2f          	.insn	4, 0x3893fc2f
80006168:	68f47697          	auipc	a3,0x68f47
8000616c:	9565                	.insn	2, 0x9565
8000616e:	1d14                	.insn	2, 0x1d14
80006170:	9910                	.insn	2, 0x9910
80006172:	804f603f 6a306076 	.insn	8, 0x6a306076804f603f
8000617a:	9a0723e7          	.insn	4, 0x9a0723e7
8000617e:	78e2                	.insn	2, 0x78e2
80006180:	ba5a                	.insn	2, 0xba5a
80006182:	0af2                	.insn	2, 0x0af2
80006184:	cf00                	.insn	2, 0xcf00
80006186:	5d0e                	.insn	2, 0x5d0e
80006188:	3ac8d43b          	.insn	4, 0x3ac8d43b
8000618c:	8a1a                	.insn	2, 0x8a1a
8000618e:	5aec                	.insn	2, 0x5aec
80006190:	3a49aebb          	.insn	4, 0x3a49aebb
80006194:	1980                	.insn	2, 0x1980
80006196:	19c9                	.insn	2, 0x19c9
80006198:	5b13e84b          	.insn	4, 0x5b13e84b
8000619c:	06f5b7c3          	.insn	4, 0x06f5b7c3
800061a0:	0afe                	.insn	2, 0x0afe
800061a2:	3ae0                	.insn	2, 0x3ae0
800061a4:	4ec4                	.insn	2, 0x4ec4
800061a6:	612c                	.insn	2, 0x612c
800061a8:	415f 055e 9628      	.insn	6, 0x9628055e415f
800061ae:	06ce                	.insn	2, 0x06ce
800061b0:	0db8                	.insn	2, 0x0db8
800061b2:	206c                	.insn	2, 0x206c
800061b4:	e815                	.insn	2, 0xe815
800061b6:	280932f7          	.insn	4, 0x280932f7
800061ba:	5552306b          	.insn	4, 0x5552306b
800061be:	0a87054b          	.insn	4, 0x0a87054b
800061c2:	4124                	.insn	2, 0x4124
800061c4:	acb4                	.insn	2, 0xacb4
800061c6:	1220                	.insn	2, 0x1220
800061c8:	d140                	.insn	2, 0xd140
800061ca:	59b4                	.insn	2, 0x59b4
800061cc:	1a2c                	.insn	2, 0x1a2c
800061ce:	3555                	.insn	2, 0x3555
800061d0:	6e3d0eeb          	.insn	4, 0x6e3d0eeb
800061d4:	beb6                	.insn	2, 0xbeb6
800061d6:	5fd0                	.insn	2, 0x5fd0
800061d8:	7fc4                	.insn	2, 0x7fc4
800061da:	3d8e                	.insn	2, 0x3d8e
800061dc:	1c2f74ab          	.insn	4, 0x1c2f74ab
800061e0:	babe                	.insn	2, 0xbabe
800061e2:	5ef8                	.insn	2, 0x5ef8
800061e4:	3d4262f7          	.insn	4, 0x3d4262f7
800061e8:	1229                	.insn	2, 0x1229
800061ea:	d6074007          	.insn	4, 0xd6074007
800061ee:	e65262c3          	.insn	4, 0xe65262c3
800061f2:	5add                	.insn	2, 0x5add
800061f4:	1621                	.insn	2, 0x1621
800061f6:	1712                	.insn	2, 0x1712
800061f8:	06622783          	lw	a5,102(tp) # bc9898c6 <__global_pointer$+0x3c98176e>
800061fc:	e928                	.insn	2, 0xe928
800061fe:	3dde                	.insn	2, 0x3dde
80006200:	5026                	.insn	2, 0x5026
80006202:	a0ea2f97          	auipc	t6,0xa0ea2
80006206:	a4ac589b          	.insn	4, 0xa4ac589b
8000620a:	6ff6                	.insn	2, 0x6ff6
8000620c:	cf1d                	.insn	2, 0xcf1d
8000620e:	2c445ce7          	.insn	4, 0x2c445ce7
80006212:	792d                	.insn	2, 0x792d
80006214:	fd61                	.insn	2, 0xfd61
80006216:	163e                	.insn	2, 0x163e
80006218:	0434                	.insn	2, 0x0434
8000621a:	7f24                	.insn	2, 0x7f24
8000621c:	61c6                	.insn	2, 0x61c6
8000621e:	0f3a17d7          	.insn	4, 0x0f3a17d7
80006222:	4382                	.insn	2, 0x4382
80006224:	ff5d                	.insn	2, 0xff5d
80006226:	7524                	.insn	2, 0x7524
80006228:	5c7c7ae7          	.insn	4, 0x5c7c7ae7
8000622c:	be92                	.insn	2, 0xbe92
8000622e:	0035                	.insn	2, 0x0035
80006230:	37c94eb3          	.insn	4, 0x37c94eb3
80006234:	d215                	.insn	2, 0xd215
80006236:	7b68                	.insn	2, 0x7b68
80006238:	9af5                	.insn	2, 0x9af5
8000623a:	1dd8                	.insn	2, 0x1dd8
8000623c:	7b61                	.insn	2, 0x7b61
8000623e:	1fc6                	.insn	2, 0x1fc6
80006240:	91b1                	.insn	2, 0x91b1
80006242:	3fb4                	.insn	2, 0x3fb4
80006244:	7cce                	.insn	2, 0x7cce
80006246:	3b8a                	.insn	2, 0x3b8a
80006248:	5969bfbf 2e70078a 	.insn	8, 0x2e70078a5969bfbf
80006250:	ea69                	.insn	2, 0xea69
80006252:	c0af03f7          	.insn	4, 0xc0af03f7
80006256:	42df 2c45 2cab      	.insn	6, 0x2cab2c4542df
8000625c:	daf9                	.insn	2, 0xdaf9
8000625e:	1df0                	.insn	2, 0x1df0
80006260:	201f73bb          	.insn	4, 0x201f73bb
80006264:	c1b1                	.insn	2, 0xc1b1
80006266:	66270f7b          	.insn	4, 0x66270f7b
8000626a:	2ce6                	.insn	2, 0x2ce6
8000626c:	3571                	.insn	2, 0x3571
8000626e:	053d                	.insn	2, 0x053d
80006270:	0c4c                	.insn	2, 0x0c4c
80006272:	0cb12027          	.insn	4, 0x0cb12027
80006276:	f75463db          	.insn	4, 0xf75463db
8000627a:	497d                	.insn	2, 0x497d
8000627c:	4ff0                	.insn	2, 0x4ff0
8000627e:	190a                	.insn	2, 0x190a
80006280:	6941                	.insn	2, 0x6941
80006282:	6474                	.insn	2, 0x6474
80006284:	14a8aca7          	.insn	4, 0x14a8aca7
80006288:	5ffa6057          	.insn	4, 0x5ffa6057
8000628c:	0230                	.insn	2, 0x0230
8000628e:	5f38                	.insn	2, 0x5f38
80006290:	405d5a9b          	.insn	4, 0x405d5a9b
80006294:	20f1                	.insn	2, 0x20f1
80006296:	384a                	.insn	2, 0x384a
80006298:	a53a                	.insn	2, 0xa53a
8000629a:	fe496987          	.insn	4, 0xfe496987
8000629e:	bb2a2d97          	auipc	s11,0xbb2a2
800062a2:	26c969e7          	.insn	4, 0x26c969e7
800062a6:	7f1633ab          	.insn	4, 0x7f1633ab
800062aa:	15ce                	.insn	2, 0x15ce
800062ac:	e474                	.insn	2, 0xe474
800062ae:	1221                	.insn	2, 0x1221
800062b0:	2630                	.insn	2, 0x2630
800062b2:	148e                	.insn	2, 0x148e
800062b4:	67d5                	.insn	2, 0x67d5
800062b6:	511f dc38 567a      	.insn	6, 0x567adc38511f
800062bc:	90ea                	.insn	2, 0x90ea
800062be:	2515                	.insn	2, 0x2515
800062c0:	042c2c93          	slti	s9,s8,66
800062c4:	3fdd                	.insn	2, 0x3fdd
800062c6:	f8f2643f 25ea19f1 	.insn	8, 0x25ea19f1f8f2643f
800062ce:	2901                	.insn	2, 0x2901
800062d0:	63be                	.insn	2, 0x63be
800062d2:	1266                	.insn	2, 0x1266
800062d4:	eb98                	.insn	2, 0xeb98
800062d6:	5185                	.insn	2, 0x5185
800062d8:	6d54fafb          	.insn	4, 0x6d54fafb
800062dc:	73da                	.insn	2, 0x73da
800062de:	0f36                	.insn	2, 0x0f36
800062e0:	4814                	.insn	2, 0x4814
800062e2:	0b8e                	.insn	2, 0x0b8e
800062e4:	929f 6d4a 9983      	.insn	6, 0x99836d4a929f
800062ea:	3291                	.insn	2, 0x3291
800062ec:	8185                	.insn	2, 0x8185
800062ee:	8d110913          	addi	s2,sp,-1839 # 4f72f8d1 <buflen.1+0x4f72f891>
800062f2:	be830dc7          	.insn	4, 0xbe830dc7
800062f6:	6892                	.insn	2, 0x6892
800062f8:	6d90fbd7          	.insn	4, 0x6d90fbd7
800062fc:	31bc1683          	lh	a3,795(s8) # 5380731b <buflen.1+0x538072db>
80006300:	1500                	.insn	2, 0x1500
80006302:	0db4                	.insn	2, 0x0db4
80006304:	f0f9                	.insn	2, 0xf0f9
80006306:	98ae7a53          	.insn	4, 0x98ae7a53
8000630a:	142d                	.insn	2, 0x142d
8000630c:	49b6                	.insn	2, 0x49b6
8000630e:	049e                	.insn	2, 0x049e
80006310:	00c56a53          	.insn	4, 0x00c56a53
80006314:	2b34                	.insn	2, 0x2b34
80006316:	800e0223          	sb	zero,-2044(t3) # 20484c6 <buflen.1+0x2048486>
8000631a:	35f0621b          	.insn	4, 0x35f0621b
8000631e:	597a                	.insn	2, 0x597a
80006320:	34a2                	.insn	2, 0x34a2
80006322:	1a26                	.insn	2, 0x1a26
80006324:	592c584b          	.insn	4, 0x592c584b
80006328:	19de                	.insn	2, 0x19de
8000632a:	16b218fb          	.insn	4, 0x16b218fb
8000632e:	56c5                	.insn	2, 0x56c5
80006330:	c342                	.insn	2, 0xc342
80006332:	acda499b          	.insn	4, 0xacda499b
80006336:	4cb8                	.insn	2, 0x4cb8
80006338:	0309                	.insn	2, 0x0309
8000633a:	1c05                	.insn	2, 0x1c05
8000633c:	71422f0f          	.insn	4, 0x71422f0f
80006340:	6781                	.insn	2, 0x6781
80006342:	2da44367          	.insn	4, 0x2da44367
80006346:	69aa                	.insn	2, 0x69aa
80006348:	16be534b          	.insn	4, 0x16be534b
8000634c:	5faffcaf          	.insn	4, 0x5faffcaf
80006350:	f87d                	.insn	2, 0xf87d
80006352:	1eb0                	.insn	2, 0x1eb0
80006354:	af76                	.insn	2, 0xaf76
80006356:	359a3b43          	.insn	4, 0x359a3b43
8000635a:	58f0598f          	.insn	4, 0x58f0598f
8000635e:	418e                	.insn	2, 0x418e
80006360:	7a9e                	.insn	2, 0x7a9e
80006362:	60ff c207 4477 5d34 	.insn	22, 0x36ee181a065a84b7386a4a275a8a5d344477c20760ff
8000636a:	5a8a 4a27 386a 84b7 
80006372:	065a 181a 36ee 
80006378:	8142                	.insn	2, 0x8142
8000637a:	0ad2                	.insn	2, 0x0ad2
8000637c:	6704                	.insn	2, 0x6704
8000637e:	5de6                	.insn	2, 0x5de6
80006380:	667e9cb3          	.insn	4, 0x667e9cb3
80006384:	5d161ea7          	.insn	4, 0x5d161ea7
80006388:	a925                	.insn	2, 0xa925
8000638a:	ce147273          	csrrci	tp,0xce1,8
8000638e:	5a02                	.insn	2, 0x5a02
80006390:	65ff 41b8 952d 4616 	.insn	22, 0x192a3f1e1b750b15d3602fd8b3664616952d41b865ff
80006398:	b366 2fd8 d360 0b15 
800063a0:	1b75 3f1e 192a 
800063a6:	6655                	.insn	2, 0x6655
800063a8:	2134                	.insn	2, 0x2134
800063aa:	01e2                	.insn	2, 0x01e2
800063ac:	a632                	.insn	2, 0xa632
800063ae:	1b96                	.insn	2, 0x1b96
800063b0:	6eff 4f9c b6a6 02cd 	.insn	22, 0xafe90d4388d1536d50f60aa9d09902cdb6a64f9c6eff
800063b8:	d099 0aa9 50f6 536d 
800063c0:	88d1 0d43 afe9 
800063c6:	07a1                	.insn	2, 0x07a1
800063c8:	ef3e                	.insn	2, 0xef3e
800063ca:	953f65cf          	.insn	4, 0x953f65cf
800063ce:	803b370f          	.insn	4, 0x803b370f
800063d2:	7612                	.insn	2, 0x7612
800063d4:	ce4c                	.insn	2, 0xce4c
800063d6:	5445                	.insn	2, 0x5445
800063d8:	52680fd7          	.insn	4, 0x52680fd7
800063dc:	45e2                	.insn	2, 0x45e2
800063de:	0c68                	.insn	2, 0x0c68
800063e0:	482e                	.insn	2, 0x482e
800063e2:	ae2c70cb          	.insn	4, 0xae2c70cb
800063e6:	ec2c7cab          	.insn	4, 0xec2c7cab
800063ea:	6ae1                	.insn	2, 0x6ae1
800063ec:	e13c                	.insn	2, 0xe13c
800063ee:	547e                	.insn	2, 0x547e
800063f0:	a950                	.insn	2, 0xa950
800063f2:	1ebe                	.insn	2, 0x1ebe
800063f4:	7bc697fb          	.insn	4, 0x7bc697fb
800063f8:	fdc5                	.insn	2, 0xfdc5
800063fa:	4d993b37          	lui	s6,0x4d993
800063fe:	83b2432f          	.insn	4, 0x83b2432f
80006402:	0e9f 9873 0803      	.insn	6, 0x080398730e9f
80006408:	b732                	.insn	2, 0xb732
8000640a:	47e6                	.insn	2, 0x47e6
8000640c:	b9ad                	.insn	2, 0xb9ad
8000640e:	501d                	.insn	2, 0x501d
80006410:	3234                	.insn	2, 0x3234
80006412:	43e6                	.insn	2, 0x43e6
80006414:	a9e2                	.insn	2, 0xa9e2
80006416:	26d5                	.insn	2, 0x26d5
80006418:	c7f5                	.insn	2, 0xc7f5
8000641a:	0151                	.insn	2, 0x0151
8000641c:	c33a                	.insn	2, 0xc33a
8000641e:	5b90                	.insn	2, 0x5b90
80006420:	8976                	.insn	2, 0x8976
80006422:	7fc0                	.insn	2, 0x7fc0
80006424:	e0a8                	.insn	2, 0xe0a8
80006426:	3471                	.insn	2, 0x3471
80006428:	73e9750b          	.insn	4, 0x73e9750b
8000642c:	25d6                	.insn	2, 0x25d6
8000642e:	071c                	.insn	2, 0x071c
80006430:	8c7a                	.insn	2, 0x8c7a
80006432:	3198                	.insn	2, 0x3198
80006434:	acbd                	.insn	2, 0xacbd
80006436:	5d64                	.insn	2, 0x5d64
80006438:	b01d                	.insn	2, 0xb01d
8000643a:	3438                	.insn	2, 0x3438
8000643c:	53c2                	.insn	2, 0x53c2
8000643e:	2728                	.insn	2, 0x2728
80006440:	90d4                	.insn	2, 0x90d4
80006442:	626c0d83          	lb	s11,1574(s8)
80006446:	37e8                	.insn	2, 0x37e8
80006448:	3740                	.insn	2, 0x3740
8000644a:	47a5                	.insn	2, 0x47a5
8000644c:	73877afb          	.insn	4, 0x73877afb
80006450:	2c8c                	.insn	2, 0x2c8c
80006452:	780d                	.insn	2, 0x780d
80006454:	5c1f 4bf6 a764      	.insn	6, 0xa7644bf65c1f
8000645a:	41b5                	.insn	2, 0x41b5
8000645c:	9850                	.insn	2, 0x9850
8000645e:	588e                	.insn	2, 0x588e
80006460:	e798                	.insn	2, 0xe798
80006462:	346c                	.insn	2, 0x346c
80006464:	660f2753          	.insn	4, 0x660f2753
80006468:	0b60                	.insn	2, 0x0b60
8000646a:	26c6                	.insn	2, 0x26c6
8000646c:	5aa8                	.insn	2, 0x5aa8
8000646e:	3fb1                	.insn	2, 0x3fb1
80006470:	4af1                	.insn	2, 0x4af1
80006472:	4eab19eb          	.insn	4, 0x4eab19eb
80006476:	119716cb          	.insn	4, 0x119716cb
8000647a:	36d2                	.insn	2, 0x36d2
8000647c:	b865                	.insn	2, 0xb865
8000647e:	7889                	.insn	2, 0x7889
80006480:	4eaa874f          	.insn	4, 0x4eaa874f
80006484:	731f 7f8d b247      	.insn	6, 0xb2477f8d731f
8000648a:	2e04                	.insn	2, 0x2e04
8000648c:	38e6                	.insn	2, 0x38e6
8000648e:	3da0                	.insn	2, 0x3da0
80006490:	8d86                	.insn	2, 0x8d86
80006492:	42d0                	.insn	2, 0x42d0
80006494:	8655                	.insn	2, 0x8655
80006496:	b06e1447          	.insn	4, 0xb06e1447
8000649a:	142657af          	.insn	4, 0x142657af
8000649e:	6958                	.insn	2, 0x6958
800064a0:	127d                	.insn	2, 0x127d
800064a2:	02d4                	.insn	2, 0x02d4
800064a4:	1808                	.insn	2, 0x1808
800064a6:	4e50                	.insn	2, 0x4e50
800064a8:	ff59                	.insn	2, 0xff59
800064aa:	17c9                	.insn	2, 0x17c9
800064ac:	6a81                	.insn	2, 0x6a81
800064ae:	5732                	.insn	2, 0x5732
800064b0:	280b98c7          	.insn	4, 0x280b98c7
800064b4:	c8a5                	.insn	2, 0xc8a5
800064b6:	01e1                	.insn	2, 0x01e1
800064b8:	b6ca                	.insn	2, 0xb6ca
800064ba:	0dba                	.insn	2, 0x0dba
800064bc:	f698                	.insn	2, 0xf698
800064be:	0e4d                	.insn	2, 0x0e4d
800064c0:	39df 2335 12f4      	.insn	6, 0x12f4233539df
800064c6:	662e                	.insn	2, 0x662e
800064c8:	dfc5                	.insn	2, 0xdfc5
800064ca:	31a6                	.insn	2, 0x31a6
800064cc:	bb4a                	.insn	2, 0xbb4a
800064ce:	17bc                	.insn	2, 0x17bc
800064d0:	8905                	.insn	2, 0x8905
800064d2:	1f1f bef4 000d      	.insn	6, 0x000dbef41f1f
800064d8:	3e5303f7          	.insn	4, 0x3e5303f7
800064dc:	4fe1                	.insn	2, 0x4fe1
800064de:	5c1f 89af 0d87      	.insn	6, 0x0d8789af5c1f
800064e4:	6fc0                	.insn	2, 0x6fc0
800064e6:	0c6c                	.insn	2, 0x0c6c
800064e8:	09c4                	.insn	2, 0x09c4
800064ea:	598e                	.insn	2, 0x598e
800064ec:	8c4e                	.insn	2, 0x8c4e
800064ee:	600d                	.insn	2, 0x600d
800064f0:	53ad                	.insn	2, 0x53ad
800064f2:	7345                	.insn	2, 0x7345
800064f4:	5eb1deab          	.insn	4, 0x5eb1deab
800064f8:	62a986eb          	.insn	4, 0x62a986eb
800064fc:	778c                	.insn	2, 0x778c
800064fe:	684e                	.insn	2, 0x684e
80006500:	9ede                	.insn	2, 0x9ede
80006502:	52a0                	.insn	2, 0x52a0
80006504:	7574                	.insn	2, 0x7574
80006506:	37c2                	.insn	2, 0x37c2
80006508:	53d9                	.insn	2, 0x53d9
8000650a:	0a5c                	.insn	2, 0x0a5c
8000650c:	7a22                	.insn	2, 0x7a22
8000650e:	29dd                	.insn	2, 0x29dd
80006510:	108a                	.insn	2, 0x108a
80006512:	14c0                	.insn	2, 0x14c0
80006514:	04da198b          	.insn	4, 0x04da198b
80006518:	342ec987          	.insn	4, 0x342ec987
8000651c:	f6c6                	.insn	2, 0xf6c6
8000651e:	0458                	.insn	2, 0x0458
80006520:	c459                	.insn	2, 0xc459
80006522:	7939                	.insn	2, 0x7939
80006524:	1a90                	.insn	2, 0x1a90
80006526:	4d9f b410 03dc      	.insn	6, 0x03dcb4104d9f
8000652c:	8b1a                	.insn	2, 0x8b1a
8000652e:	77d6                	.insn	2, 0x77d6
80006530:	2af9                	.insn	2, 0x2af9
80006532:	6279                	.insn	2, 0x6279
80006534:	55e0                	.insn	2, 0x55e0
80006536:	0378                	.insn	2, 0x0378
80006538:	a3d2                	.insn	2, 0xa3d2
8000653a:	5a9a6f8f          	.insn	4, 0x5a9a6f8f
8000653e:	f8480b5b          	.insn	4, 0xf8480b5b
80006542:	0e95                	.insn	2, 0x0e95
80006544:	c145                	.insn	2, 0xc145
80006546:	3890                	.insn	2, 0x3890
80006548:	e741                	.insn	2, 0xe741
8000654a:	1314                	.insn	2, 0x1314
8000654c:	e58d                	.insn	2, 0xe58d
8000654e:	2b7a                	.insn	2, 0x2b7a
80006550:	7b38                	.insn	2, 0x7b38
80006552:	07f9                	.insn	2, 0x07f9
80006554:	aecc                	.insn	2, 0xaecc
80006556:	17442c23          	sw	s4,376(s0)
8000655a:	12dd                	.insn	2, 0x12dd
8000655c:	0e38                	.insn	2, 0x0e38
8000655e:	4705                	.insn	2, 0x4705
80006560:	6b6b5947          	.insn	4, 0x6b6b5947
80006564:	3bb4                	.insn	2, 0x3bb4
80006566:	2ed0                	.insn	2, 0x2ed0
80006568:	6c47c04b          	.insn	4, 0x6c47c04b
8000656c:	0e12                	.insn	2, 0x0e12
8000656e:	7a54                	.insn	2, 0x7a54
80006570:	3774479b          	.insn	4, 0x3774479b
80006574:	7c82                	.insn	2, 0x7c82
80006576:	51f651e7          	.insn	4, 0x51f651e7
8000657a:	121c                	.insn	2, 0x121c
8000657c:	3d32                	.insn	2, 0x3d32
8000657e:	32d5                	.insn	2, 0x32d5
80006580:	fbb4                	.insn	2, 0xfbb4
80006582:	1b14                	.insn	2, 0x1b14
80006584:	1831                	.insn	2, 0x1831
80006586:	7f10                	.insn	2, 0x7f10
80006588:	1f5a                	.insn	2, 0x1f5a
8000658a:	68ba                	.insn	2, 0x68ba
8000658c:	adc6                	.insn	2, 0xadc6
8000658e:	2dd11ff3          	csrrw	t6,0x2dd,sp
80006592:	6939                	.insn	2, 0x6939
80006594:	2488                	.insn	2, 0x2488
80006596:	d9f32b53          	.insn	4, 0xd9f32b53
8000659a:	bdbc481b          	.insn	4, 0xbdbc481b
8000659e:	6ab9                	.insn	2, 0x6ab9
800065a0:	26e2                	.insn	2, 0x26e2
800065a2:	2eb2                	.insn	2, 0x2eb2
800065a4:	7cd13583          	.insn	4, 0x7cd13583
800065a8:	9124                	.insn	2, 0x9124
800065aa:	e0844ee7          	.insn	4, 0xe0844ee7
800065ae:	326e                	.insn	2, 0x326e
800065b0:	f425                	.insn	2, 0xf425
800065b2:	3f81                	.insn	2, 0x3f81
800065b4:	221bb1f3          	csrrc	gp,0x221,s7
800065b8:	680ae06b          	.insn	4, 0x680ae06b
800065bc:	02ec                	.insn	2, 0x02ec
800065be:	3c49                	.insn	2, 0x3c49
800065c0:	fa5f 7577 9f22      	.insn	6, 0x9f227577fa5f
800065c6:	2c9d                	.insn	2, 0x2c9d
800065c8:	14739627          	.insn	4, 0x14739627
800065cc:	0b2a                	.insn	2, 0x0b2a
800065ce:	2b1d                	.insn	2, 0x2b1d
800065d0:	42b9                	.insn	2, 0x42b9
800065d2:	3731                	.insn	2, 0x3731
800065d4:	35ae                	.insn	2, 0x35ae
800065d6:	35c0                	.insn	2, 0x35c0
800065d8:	bcfc                	.insn	2, 0xbcfc
800065da:	16f966ef          	jal	a3,8009cf48 <__global_pointer$+0x94df0>
800065de:	1ff0                	.insn	2, 0x1ff0
800065e0:	7b35                	.insn	2, 0x7b35
800065e2:	171a                	.insn	2, 0x171a
800065e4:	1baab177          	.insn	4, 0x1baab177
800065e8:	91ea                	.insn	2, 0x91ea
800065ea:	45c4                	.insn	2, 0x45c4
800065ec:	39da                	.insn	2, 0x39da
800065ee:	44cb4583          	lbu	a1,1100(s6) # 4d99344c <buflen.1+0x4d99340c>
800065f2:	eeb26bb7          	lui	s7,0xeeb26
800065f6:	73c1                	.insn	2, 0x73c1
800065f8:	3aba90eb          	.insn	4, 0x3aba90eb
800065fc:	518d9d7b          	.insn	4, 0x518d9d7b
80006600:	0924                	.insn	2, 0x0924
80006602:	64d2                	.insn	2, 0x64d2
80006604:	861e                	.insn	2, 0x861e
80006606:	62415d83          	lhu	s11,1572(sp)
8000660a:	6fd5                	.insn	2, 0x6fd5
8000660c:	0635                	.insn	2, 0x0635
8000660e:	4a75                	.insn	2, 0x4a75
80006610:	31f2                	.insn	2, 0x31f2
80006612:	65f1                	.insn	2, 0x65f1
80006614:	69213a4f          	.insn	4, 0x69213a4f
80006618:	1266                	.insn	2, 0x1266
8000661a:	6751                	.insn	2, 0x6751
8000661c:	ddb0                	.insn	2, 0xddb0
8000661e:	5612                	.insn	2, 0x5612
80006620:	3bea                	.insn	2, 0x3bea
80006622:	6122                	.insn	2, 0x6122
80006624:	a826                	.insn	2, 0xa826
80006626:	7d7c                	.insn	2, 0x7d7c
80006628:	0d6a9e8b          	.insn	4, 0x0d6a9e8b
8000662c:	05a2                	.insn	2, 0x05a2
8000662e:	3594                	.insn	2, 0x3594
80006630:	bf5f 3378 4c62      	.insn	6, 0x4c623378bf5f
80006636:	55f0                	.insn	2, 0x55f0
80006638:	7fc9                	.insn	2, 0x7fc9
8000663a:	2090                	.insn	2, 0x2090
8000663c:	d4b4                	.insn	2, 0xd4b4
8000663e:	287c75e3          	bgeu	s8,t2,800070c8 <input_data+0x1770>
80006642:	104f7e27          	.insn	4, 0x104f7e27
80006646:	48d2                	.insn	2, 0x48d2
80006648:	7eec                	.insn	2, 0x7eec
8000664a:	1178                	.insn	2, 0x1178
8000664c:	bf85                	.insn	2, 0xbf85
8000664e:	5f76                	.insn	2, 0x5f76
80006650:	791e                	.insn	2, 0x791e
80006652:	5d78                	.insn	2, 0x5d78
80006654:	af9c                	.insn	2, 0xaf9c
80006656:	54ec                	.insn	2, 0x54ec
80006658:	bad6                	.insn	2, 0xbad6
8000665a:	4ae2                	.insn	2, 0x4ae2
8000665c:	4fc8                	.insn	2, 0x4fc8
8000665e:	0e4c11cf          	.insn	4, 0x0e4c11cf
80006662:	65ce                	.insn	2, 0x65ce
80006664:	3170694b          	.insn	4, 0x3170694b
80006668:	6b95                	.insn	2, 0x6b95
8000666a:	3526                	.insn	2, 0x3526
8000666c:	76e02b87          	.insn	4, 0x76e02b87
80006670:	0354                	.insn	2, 0x0354
80006672:	43ba                	.insn	2, 0x43ba
80006674:	8dc1                	.insn	2, 0x8dc1
80006676:	1630                	.insn	2, 0x1630
80006678:	8bfd                	.insn	2, 0x8bfd
8000667a:	0e8b5aa3          	.insn	4, 0x0e8b5aa3
8000667e:	3a98                	.insn	2, 0x3a98
80006680:	46fe6c83          	.insn	4, 0x46fe6c83
80006684:	9bfd                	.insn	2, 0x9bfd
80006686:	288a                	.insn	2, 0x288a
80006688:	3401                	.insn	2, 0x3401
8000668a:	307d                	.insn	2, 0x307d
8000668c:	b7d5                	.insn	2, 0xb7d5
8000668e:	1790                	.insn	2, 0x1790
80006690:	4380                	.insn	2, 0x4380
80006692:	bfe56243          	.insn	4, 0xbfe56243
80006696:	3d2c                	.insn	2, 0x3d2c
80006698:	0d94                	.insn	2, 0x0d94
8000669a:	ed447d33          	.insn	4, 0xed447d33
8000669e:	7f461927          	.insn	4, 0x7f461927
800066a2:	1e58                	.insn	2, 0x1e58
800066a4:	a3bc                	.insn	2, 0xa3bc
800066a6:	333c                	.insn	2, 0x333c
800066a8:	ee36                	.insn	2, 0xee36
800066aa:	796c                	.insn	2, 0x796c
800066ac:	d758                	.insn	2, 0xd758
800066ae:	3559                	.insn	2, 0x3559
800066b0:	71bc                	.insn	2, 0x71bc
800066b2:	a6b01d77          	.insn	4, 0xa6b01d77
800066b6:	673c                	.insn	2, 0x673c
800066b8:	3f1e                	.insn	2, 0x3f1e
800066ba:	1532                	.insn	2, 0x1532
800066bc:	1715                	.insn	2, 0x1715
800066be:	7fa6                	.insn	2, 0x7fa6
800066c0:	24f2                	.insn	2, 0x24f2
800066c2:	40ce                	.insn	2, 0x40ce
800066c4:	aa91                	.insn	2, 0xaa91
800066c6:	229c                	.insn	2, 0x229c
800066c8:	0d777e03          	.insn	4, 0x0d777e03
800066cc:	1801                	.insn	2, 0x1801
800066ce:	5e3d                	.insn	2, 0x5e3d
800066d0:	11fa                	.insn	2, 0x11fa
800066d2:	5a51                	.insn	2, 0x5a51
800066d4:	5944ca9b          	.insn	4, 0x5944ca9b
800066d8:	c086                	.insn	2, 0xc086
800066da:	6606                	.insn	2, 0x6606
800066dc:	4048                	.insn	2, 0x4048
800066de:	69c9                	.insn	2, 0x69c9
800066e0:	2b61                	.insn	2, 0x2b61
800066e2:	6d7411fb          	.insn	4, 0x6d7411fb
800066e6:	c43f43bb          	.insn	4, 0xc43f43bb
800066ea:	26ec                	.insn	2, 0x26ec
800066ec:	c100                	.insn	2, 0xc100
800066ee:	067f d548 65e9 4431 	.insn	10, 0x4fed443165e9d548067f
800066f6:	4fed 
800066f8:	b562                	.insn	2, 0xb562
800066fa:	5162                	.insn	2, 0x5162
800066fc:	e886                	.insn	2, 0xe886
800066fe:	44de                	.insn	2, 0x44de
80006700:	0524                	.insn	2, 0x0524
80006702:	47c2                	.insn	2, 0x47c2
80006704:	e892                	.insn	2, 0xe892
80006706:	0b34                	.insn	2, 0x0b34
80006708:	760e                	.insn	2, 0x760e
8000670a:	0f45                	.insn	2, 0x0f45
8000670c:	25bbf907          	.insn	4, 0x25bbf907
80006710:	0125630f          	.insn	4, 0x0125630f
80006714:	ec4e                	.insn	2, 0xec4e
80006716:	6f28                	.insn	2, 0x6f28
80006718:	d032                	.insn	2, 0xd032
8000671a:	442d                	.insn	2, 0x442d
8000671c:	0e20a51b          	.insn	4, 0x0e20a51b
80006720:	e6c8                	.insn	2, 0xe6c8
80006722:	6851                	.insn	2, 0x6851
80006724:	4b8a                	.insn	2, 0x4b8a
80006726:	3312                	.insn	2, 0x3312
80006728:	9c1c                	.insn	2, 0x9c1c
8000672a:	04c9                	.insn	2, 0x04c9
8000672c:	6418748b          	.insn	4, 0x6418748b
80006730:	0a4e                	.insn	2, 0x0a4e
80006732:	4af4                	.insn	2, 0x4af4
80006734:	52da5463          	bge	s4,a3,80006c5c <input_data+0x1304>
80006738:	859f 5ecc 7333      	.insn	6, 0x73335ecc859f
8000673e:	3010                	.insn	2, 0x3010
80006740:	4c14                	.insn	2, 0x4c14
80006742:	35aa4f5b          	.insn	4, 0x35aa4f5b
80006746:	78de                	.insn	2, 0x78de
80006748:	b9e0                	.insn	2, 0xb9e0
8000674a:	ac02624f          	.insn	4, 0xac02624f
8000674e:	5ae172ef          	jal	t0,8001dcfc <__global_pointer$+0x15ba4>
80006752:	3d42                	.insn	2, 0x3d42
80006754:	4b8786af          	.insn	4, 0x4b8786af
80006758:	076267bf 05b51220 	.insn	8, 0x05b51220076267bf
80006760:	e546                	.insn	2, 0xe546
80006762:	3a367ad7          	.insn	4, 0x3a367ad7
80006766:	24ec                	.insn	2, 0x24ec
80006768:	9cdc                	.insn	2, 0x9cdc
8000676a:	6481                	.insn	2, 0x6481
8000676c:	9a26                	.insn	2, 0x9a26
8000676e:	a6bd6c4f          	.insn	4, 0xa6bd6c4f
80006772:	7e4a                	.insn	2, 0x7e4a
80006774:	5f2d8e87          	.insn	4, 0x5f2d8e87
80006778:	a94d                	.insn	2, 0xa94d
8000677a:	6b4c                	.insn	2, 0x6b4c
8000677c:	6591                	.insn	2, 0x6591
8000677e:	ec5c0caf          	.insn	4, 0xec5c0caf
80006782:	276a                	.insn	2, 0x276a
80006784:	aca1                	.insn	2, 0xaca1
80006786:	42f4                	.insn	2, 0x42f4
80006788:	08b3d3db          	.insn	4, 0x08b3d3db
8000678c:	0231                	.insn	2, 0x0231
8000678e:	6b3238db          	.insn	4, 0x6b3238db
80006792:	699d                	.insn	2, 0x699d
80006794:	c88e                	.insn	2, 0xc88e
80006796:	3764                	.insn	2, 0x3764
80006798:	c8f2                	.insn	2, 0xc8f2
8000679a:	7fb1                	.insn	2, 0x7fb1
8000679c:	1541dfdb          	.insn	4, 0x1541dfdb
800067a0:	e246                	.insn	2, 0xe246
800067a2:	5ffe                	.insn	2, 0x5ffe
800067a4:	b4d1                	.insn	2, 0xb4d1
800067a6:	7745                	.insn	2, 0x7745
800067a8:	15fcce2f          	.insn	4, 0x15fcce2f
800067ac:	3e1f 03b5 a229      	.insn	6, 0xa22903b53e1f
800067b2:	69d5                	.insn	2, 0x69d5
800067b4:	fafd                	.insn	2, 0xfafd
800067b6:	3b26                	.insn	2, 0x3b26
800067b8:	6481                	.insn	2, 0x6481
800067ba:	f4324fa3          	.insn	4, 0xf4324fa3
800067be:	2982                	.insn	2, 0x2982
800067c0:	b436                	.insn	2, 0xb436
800067c2:	13e5                	.insn	2, 0x13e5
800067c4:	ab60                	.insn	2, 0xab60
800067c6:	22ea                	.insn	2, 0x22ea
800067c8:	a2f9                	.insn	2, 0xa2f9
800067ca:	69d8                	.insn	2, 0x69d8
800067cc:	94ee                	.insn	2, 0x94ee
800067ce:	3041                	.insn	2, 0x3041
800067d0:	058dfb67          	.insn	4, 0x058dfb67
800067d4:	35dc                	.insn	2, 0x35dc
800067d6:	2ba8                	.insn	2, 0x2ba8
800067d8:	3434                	.insn	2, 0x3434
800067da:	90f058ef          	jal	a7,7ff0c0e8 <buflen.1+0x7ff0c0a8>
800067de:	48d27313          	andi	t1,tp,1165
800067e2:	0a60                	.insn	2, 0x0a60
800067e4:	bdd6                	.insn	2, 0xbdd6
800067e6:	144a                	.insn	2, 0x144a
800067e8:	8062                	.insn	2, 0x8062
800067ea:	1e46                	.insn	2, 0x1e46
800067ec:	18e0                	.insn	2, 0x18e0
800067ee:	159f fdc5 5fcb      	.insn	6, 0x5fcbfdc5159f
800067f4:	7b46                	.insn	2, 0x7b46
800067f6:	2df238d3          	.insn	4, 0x2df238d3
800067fa:	5f5c                	.insn	2, 0x5f5c
800067fc:	a1ce                	.insn	2, 0xa1ce
800067fe:	18d2                	.insn	2, 0x18d2
80006800:	757d                	.insn	2, 0x757d
80006802:	2212                	.insn	2, 0x2212
80006804:	50dfdaef          	jal	s5,80104510 <__global_pointer$+0xfc3b8>
80006808:	c2dc                	.insn	2, 0xc2dc
8000680a:	0fec                	.insn	2, 0x0fec
8000680c:	0db6                	.insn	2, 0x0db6
8000680e:	77ea                	.insn	2, 0x77ea
80006810:	5db6107f 231c2fa9 	.insn	12, 0x78b0d08a231c2fa95db6107f
80006818:	78b0d08a 
8000681c:	9a25                	.insn	2, 0x9a25
8000681e:	6426                	.insn	2, 0x6426
80006820:	5b94                	.insn	2, 0x5b94
80006822:	3688                	.insn	2, 0x3688
80006824:	e6da                	.insn	2, 0xe6da
80006826:	17c6                	.insn	2, 0x17c6
80006828:	b464                	.insn	2, 0xb464
8000682a:	2f70                	.insn	2, 0x2f70
8000682c:	d6f6                	.insn	2, 0xd6f6
8000682e:	6c644f6b          	.insn	4, 0x6c644f6b
80006832:	2909                	.insn	2, 0x2909
80006834:	25755203          	lhu	tp,599(a0)
80006838:	227f96f7          	.insn	4, 0x227f96f7
8000683c:	0736                	.insn	2, 0x0736
8000683e:	7796                	.insn	2, 0x7796
80006840:	2dac                	.insn	2, 0x2dac
80006842:	4592                	.insn	2, 0x4592
80006844:	140a3777          	.insn	4, 0x140a3777
80006848:	f3c1                	.insn	2, 0xf3c1
8000684a:	61ce                	.insn	2, 0x61ce
8000684c:	6e26                	.insn	2, 0x6e26
8000684e:	6a02                	.insn	2, 0x6a02
80006850:	f51e                	.insn	2, 0xf51e
80006852:	6064                	.insn	2, 0x6064
80006854:	7c26                	.insn	2, 0x7c26
80006856:	0b5f 939b 7556      	.insn	6, 0x7556939b0b5f
8000685c:	2a5f 7e88 5cd7      	.insn	6, 0x5cd77e882a5f
80006862:	589601db          	.insn	4, 0x589601db
80006866:	83c450a7          	.insn	4, 0x83c450a7
8000686a:	0021                	.insn	2, 0x0021
8000686c:	5328610f          	.insn	4, 0x5328610f
80006870:	fa75                	.insn	2, 0xfa75
80006872:	741d                	.insn	2, 0x741d
80006874:	aaf4                	.insn	2, 0xaaf4
80006876:	041e                	.insn	2, 0x041e
80006878:	3385                	.insn	2, 0x3385
8000687a:	9b627f8f          	.insn	4, 0x9b627f8f
8000687e:	0026                	.insn	2, 0x0026
80006880:	2ddd                	.insn	2, 0x2ddd
80006882:	67c2                	.insn	2, 0x67c2
80006884:	183e                	.insn	2, 0x183e
80006886:	5f71                	.insn	2, 0x5f71
80006888:	8286                	.insn	2, 0x8286
8000688a:	47e0                	.insn	2, 0x47e0
8000688c:	57fc                	.insn	2, 0x57fc
8000688e:	3326                	.insn	2, 0x3326
80006890:	e188                	.insn	2, 0xe188
80006892:	cea26ff3          	csrrsi	t6,0xcea,4
80006896:	7548                	.insn	2, 0x7548
80006898:	29ad                	.insn	2, 0x29ad
8000689a:	f2a17c9b          	.insn	4, 0xf2a17c9b
8000689e:	6578                	.insn	2, 0x6578
800068a0:	b685                	.insn	2, 0xb685
800068a2:	2514                	.insn	2, 0x2514
800068a4:	dae5                	.insn	2, 0xdae5
800068a6:	470e                	.insn	2, 0x470e
800068a8:	88ae                	.insn	2, 0x88ae
800068aa:	414a                	.insn	2, 0x414a
800068ac:	7e1723f7          	.insn	4, 0x7e1723f7
800068b0:	4797b60f          	.insn	4, 0x4797b60f
800068b4:	22f9                	.insn	2, 0x22f9
800068b6:	43fe                	.insn	2, 0x43fe
800068b8:	8234                	.insn	2, 0x8234
800068ba:	7b647c4b          	.insn	4, 0x7b647c4b
800068be:	42cb4cf3          	.insn	4, 0x42cb4cf3
800068c2:	33f8                	.insn	2, 0x33f8
800068c4:	37b1                	.insn	2, 0x37b1
800068c6:	337a                	.insn	2, 0x337a
800068c8:	4a41b0ab          	.insn	4, 0x4a41b0ab
800068cc:	5511                	.insn	2, 0x5511
800068ce:	a39e5787          	.insn	4, 0xa39e5787
800068d2:	259c                	.insn	2, 0x259c
800068d4:	4f90                	.insn	2, 0x4f90
800068d6:	453c                	.insn	2, 0x453c
800068d8:	202edda7          	.insn	4, 0x202edda7
800068dc:	ee10                	.insn	2, 0xee10
800068de:	73d1                	.insn	2, 0x73d1
800068e0:	2228                	.insn	2, 0x2228
800068e2:	6ce0                	.insn	2, 0x6ce0
800068e4:	dcbd                	.insn	2, 0xdcbd
800068e6:	45f50f7b          	.insn	4, 0x45f50f7b
800068ea:	108a                	.insn	2, 0x108a
800068ec:	5899                	.insn	2, 0x5899
800068ee:	7f99                	.insn	2, 0x7f99
800068f0:	56e2                	.insn	2, 0x56e2
800068f2:	3a06                	.insn	2, 0x3a06
800068f4:	42dd5013          	srai	zero,s10,0x2d
800068f8:	5bc3d43b          	.insn	4, 0x5bc3d43b
800068fc:	3271                	.insn	2, 0x3271
800068fe:	dcd04fb7          	lui	t6,0xdcd04
80006902:	0b18                	.insn	2, 0x0b18
80006904:	bb55                	.insn	2, 0xbb55
80006906:	1cc8                	.insn	2, 0x1cc8
80006908:	1c4d                	.insn	2, 0x1c4d
8000690a:	56f8                	.insn	2, 0x56f8
8000690c:	1f64                	.insn	2, 0x1f64
8000690e:	46e372b7          	lui	t0,0x46e37
80006912:	174a                	.insn	2, 0x174a
80006914:	247f 43f3 8110 1edc 	.insn	14, 0xd0ed692b29f11edc811043f3247f
8000691c:	29f1 692b d0ed 
80006922:	2b0c                	.insn	2, 0x2b0c
80006924:	53807c37          	lui	s8,0x53807
80006928:	8f02                	.insn	2, 0x8f02
8000692a:	4c0565b7          	lui	a1,0x4c056
8000692e:	1cfa                	.insn	2, 0x1cfa
80006930:	e641                	.insn	2, 0xe641
80006932:	5238                	.insn	2, 0x5238
80006934:	0c514963          	blt	sp,t0,80006a06 <input_data+0x10ae>
80006938:	0030356f          	jal	a0,8000a13a <__global_pointer$+0x1fe2>
8000693c:	81de                	.insn	2, 0x81de
8000693e:	37e721af          	.insn	4, 0x37e721af
80006942:	3bd32907          	.insn	4, 0x3bd32907
80006946:	48ee                	.insn	2, 0x48ee
80006948:	7e7f282b          	.insn	4, 0x7e7f282b
8000694c:	e911                	.insn	2, 0xe911
8000694e:	bc781e93          	.insn	4, 0xbc781e93
80006952:	f81f52e3          	bge	t5,ra,800068d6 <input_data+0xf7e>
80006956:	1034                	.insn	2, 0x1034
80006958:	540c                	.insn	2, 0x540c
8000695a:	60b8                	.insn	2, 0x60b8
8000695c:	4e448da7          	.insn	4, 0x4e448da7
80006960:	939c                	.insn	2, 0x939c
80006962:	7ada                	.insn	2, 0x7ada
80006964:	8e8d                	.insn	2, 0x8e8d
80006966:	188c                	.insn	2, 0x188c
80006968:	efe9                	.insn	2, 0xefe9
8000696a:	1a16                	.insn	2, 0x1a16
8000696c:	1e9ca763          	.insn	4, 0x1e9ca763
80006970:	671f 1235 2f27      	.insn	6, 0x2f271235671f
80006976:	661d                	.insn	2, 0x661d
80006978:	17155447          	.insn	4, 0x17155447
8000697c:	291f 7157 83a9      	.insn	6, 0x83a97157291f
80006982:	ccf5266f          	jal	a2,7ff59650 <buflen.1+0x7ff59610>
80006986:	496d                	.insn	2, 0x496d
80006988:	63a5                	.insn	2, 0x63a5
8000698a:	1542                	.insn	2, 0x1542
8000698c:	a455                	.insn	2, 0xa455
8000698e:	0dd6                	.insn	2, 0x0dd6
80006990:	8322                	.insn	2, 0x8322
80006992:	6190                	.insn	2, 0x6190
80006994:	8242                	.insn	2, 0x8242
80006996:	ed641203          	lh	tp,-298(s0)
8000699a:	7cd8                	.insn	2, 0x7cd8
8000699c:	a2b8                	.insn	2, 0xa2b8
8000699e:	6530                	.insn	2, 0x6530
800069a0:	02a1                	.insn	2, 0x02a1
800069a2:	52e1                	.insn	2, 0x52e1
800069a4:	a814                	.insn	2, 0xa814
800069a6:	6d49                	.insn	2, 0x6d49
800069a8:	1554                	.insn	2, 0x1554
800069aa:	47ba                	.insn	2, 0x47ba
800069ac:	b802                	.insn	2, 0xb802
800069ae:	0309                	.insn	2, 0x0309
800069b0:	7e0c                	.insn	2, 0x7e0c
800069b2:	4f6a                	.insn	2, 0x4f6a
800069b4:	5a46b2c3          	.insn	4, 0x5a46b2c3
800069b8:	69d9                	.insn	2, 0x69d9
800069ba:	3632                	.insn	2, 0x3632
800069bc:	adc9                	.insn	2, 0xadc9
800069be:	7221                	.insn	2, 0x7221
800069c0:	0b52                	.insn	2, 0x0b52
800069c2:	05a3216b          	.insn	4, 0x05a3216b
800069c6:	3d91                	.insn	2, 0x3d91
800069c8:	4881f2b7          	lui	t0,0x4881f
800069cc:	06c34b8b          	.insn	4, 0x06c34b8b
800069d0:	4f41                	.insn	2, 0x4f41
800069d2:	0fd74577          	.insn	4, 0x0fd74577
800069d6:	2fb8                	.insn	2, 0x2fb8
800069d8:	227f 3f1a 5cc9 19c1 	.insn	14, 0x24497f10a60519c15cc93f1a227f
800069e0:	a605 7f10 2449 
800069e6:	4609                	.insn	2, 0x4609
800069e8:	3495                	.insn	2, 0x3495
800069ea:	5f89                	.insn	2, 0x5f89
800069ec:	b74e                	.insn	2, 0xb74e
800069ee:	3462                	.insn	2, 0x3462
800069f0:	1a9b193f 0f5c9eb7 	.insn	8, 0x0f5c9eb71a9b193f
800069f8:	21dc                	.insn	2, 0x21dc
800069fa:	2fb9                	.insn	2, 0x2fb9
800069fc:	2390                	.insn	2, 0x2390
800069fe:	52b9                	.insn	2, 0x52b9
80006a00:	5dbc                	.insn	2, 0x5dbc
80006a02:	777e                	.insn	2, 0x777e
80006a04:	07e4                	.insn	2, 0x07e4
80006a06:	f6013b8f          	.insn	4, 0xf6013b8f
80006a0a:	5520                	.insn	2, 0x5520
80006a0c:	2930                	.insn	2, 0x2930
80006a0e:	b2da0a7b          	.insn	4, 0xb2da0a7b
80006a12:	0476                	.insn	2, 0x0476
80006a14:	0af0                	.insn	2, 0x0af0
80006a16:	ef612593          	slti	a1,sp,-266
80006a1a:	4469                	.insn	2, 0x4469
80006a1c:	e19d                	.insn	2, 0xe19d
80006a1e:	06b6                	.insn	2, 0x06b6
80006a20:	1d74                	.insn	2, 0x1d74
80006a22:	3d4e                	.insn	2, 0x3d4e
80006a24:	2dc1                	.insn	2, 0x2dc1
80006a26:	70c4                	.insn	2, 0x70c4
80006a28:	7398                	.insn	2, 0x7398
80006a2a:	7476                	.insn	2, 0x7476
80006a2c:	12d4                	.insn	2, 0x12d4
80006a2e:	1cb4                	.insn	2, 0x1cb4
80006a30:	1886                	.insn	2, 0x1886
80006a32:	1a04                	.insn	2, 0x1a04
80006a34:	5ea0                	.insn	2, 0x5ea0
80006a36:	82a85f6f          	jal	t5,7ff8ba60 <buflen.1+0x7ff8ba20>
80006a3a:	f449044f          	.insn	4, 0xf449044f
80006a3e:	5e3d                	.insn	2, 0x5e3d
80006a40:	1b717563          	bgeu	sp,s7,80006bea <input_data+0x1292>
80006a44:	88e1                	.insn	2, 0x88e1
80006a46:	7185                	.insn	2, 0x7185
80006a48:	f2c1                	.insn	2, 0xf2c1
80006a4a:	2edd                	.insn	2, 0x2edd
80006a4c:	1fe2                	.insn	2, 0x1fe2
80006a4e:	1571                	.insn	2, 0x1571
80006a50:	c58d                	.insn	2, 0xc58d
80006a52:	82bc7257          	.insn	4, 0x82bc7257
80006a56:	003d                	.insn	2, 0x003d
80006a58:	5eb2                	.insn	2, 0x5eb2
80006a5a:	641f 5118 4430      	.insn	6, 0x44305118641f
80006a60:	4838                	.insn	2, 0x4838
80006a62:	c6375727          	.insn	4, 0xc6375727
80006a66:	292d                	.insn	2, 0x292d
80006a68:	50ec                	.insn	2, 0x50ec
80006a6a:	b4405a5b          	.insn	4, 0xb4405a5b
80006a6e:	15aa                	.insn	2, 0x15aa
80006a70:	f556                	.insn	2, 0xf556
80006a72:	8743583b          	.insn	4, 0x8743583b
80006a76:	d5303e3b          	.insn	4, 0xd5303e3b
80006a7a:	a7e9795b          	.insn	4, 0xa7e9795b
80006a7e:	0d08                	.insn	2, 0x0d08
80006a80:	e05e                	.insn	2, 0xe05e
80006a82:	3181                	.insn	2, 0x3181
80006a84:	d8e5                	.insn	2, 0xd8e5
80006a86:	3ad616c3          	.insn	4, 0x3ad616c3
80006a8a:	0675                	.insn	2, 0x0675
80006a8c:	f25c                	.insn	2, 0xf25c
80006a8e:	057f cc9f 0cfa b38c 	.insn	10, 0x5abcb38c0cfacc9f057f
80006a96:	5abc 
80006a98:	71b9                	.insn	2, 0x71b9
80006a9a:	8d403cdb          	.insn	4, 0x8d403cdb
80006a9e:	53de                	.insn	2, 0x53de
80006aa0:	33226d3b          	.insn	4, 0x33226d3b
80006aa4:	ce81                	.insn	2, 0xce81
80006aa6:	7556                	.insn	2, 0x7556
80006aa8:	0bc1                	.insn	2, 0x0bc1
80006aaa:	5700                	.insn	2, 0x5700
80006aac:	495f 502b 6ac2      	.insn	6, 0x6ac2502b495f
80006ab2:	2a4c                	.insn	2, 0x2a4c
80006ab4:	5e7e                	.insn	2, 0x5e7e
80006ab6:	1f06                	.insn	2, 0x1f06
80006ab8:	8d0d                	.insn	2, 0x8d0d
80006aba:	7a1a                	.insn	2, 0x7a1a
80006abc:	ac82                	.insn	2, 0xac82
80006abe:	696d                	.insn	2, 0x696d
80006ac0:	3c6ee86b          	.insn	4, 0x3c6ee86b
80006ac4:	eb55                	.insn	2, 0xeb55
80006ac6:	54be65e7          	.insn	4, 0x54be65e7
80006aca:	3d2d                	.insn	2, 0x3d2d
80006acc:	8b7a                	.insn	2, 0x8b7a
80006ace:	5222                	.insn	2, 0x5222
80006ad0:	e2f0                	.insn	2, 0xe2f0
80006ad2:	5cfd                	.insn	2, 0x5cfd
80006ad4:	8ed1                	.insn	2, 0x8ed1
80006ad6:	085b2057          	.insn	4, 0x085b2057
80006ada:	5b74                	.insn	2, 0x5b74
80006adc:	0239                	.insn	2, 0x0239
80006ade:	1f79                	.insn	2, 0x1f79
80006ae0:	78276307          	.insn	4, 0x78276307
80006ae4:	13640e9b          	.insn	4, 0x13640e9b
80006ae8:	0be4                	.insn	2, 0x0be4
80006aea:	43cd                	.insn	2, 0x43cd
80006aec:	8c1c                	.insn	2, 0x8c1c
80006aee:	1d7a704b          	.insn	4, 0x1d7a704b
80006af2:	6f86                	.insn	2, 0x6f86
80006af4:	6351                	.insn	2, 0x6351
80006af6:	2aac                	.insn	2, 0x2aac
80006af8:	09fe3077          	.insn	4, 0x09fe3077
80006afc:	1e4c                	.insn	2, 0x1e4c
80006afe:	bae34d03          	lbu	s10,-1106(t1)
80006b02:	45df 5ebc 784d      	.insn	6, 0x784d5ebc45df
80006b08:	744d6397          	auipc	t2,0x744d6
80006b0c:	463a                	.insn	2, 0x463a
80006b0e:	634e                	.insn	2, 0x634e
80006b10:	a105                	.insn	2, 0xa105
80006b12:	6d5d                	.insn	2, 0x6d5d
80006b14:	32ee431b          	.insn	4, 0x32ee431b
80006b18:	c920                	.insn	2, 0xc920
80006b1a:	1268                	.insn	2, 0x1268
80006b1c:	6e48                	.insn	2, 0x6e48
80006b1e:	1df4                	.insn	2, 0x1df4
80006b20:	b7c8                	.insn	2, 0xb7c8
80006b22:	7d82                	.insn	2, 0x7d82
80006b24:	3d99                	.insn	2, 0x3d99
80006b26:	60d6                	.insn	2, 0x60d6
80006b28:	49c4                	.insn	2, 0x49c4
80006b2a:	1ea6                	.insn	2, 0x1ea6
80006b2c:	8a86                	.insn	2, 0x8a86
80006b2e:	3a2d                	.insn	2, 0x3a2d
80006b30:	0d8e43d3          	.insn	4, 0x0d8e43d3
80006b34:	d5de                	.insn	2, 0xd5de
80006b36:	3661                	.insn	2, 0x3661
80006b38:	4040                	.insn	2, 0x4040
80006b3a:	2ed9                	.insn	2, 0x2ed9
80006b3c:	8f99                	.insn	2, 0x8f99
80006b3e:	1ae8                	.insn	2, 0x1ae8
80006b40:	90c0                	.insn	2, 0x90c0
80006b42:	84c10ca3          	sb	a2,-1959(sp)
80006b46:	7b4e                	.insn	2, 0x7b4e
80006b48:	8f21                	.insn	2, 0x8f21
80006b4a:	06fd                	.insn	2, 0x06fd
80006b4c:	736f35b7          	lui	a1,0x736f3
80006b50:	c4ff 0c8f c41b 7643 	.insn	18, 0xd94853fba9d03862092d7643c41b0c8fc4ff
80006b58:	092d 3862 a9d0 53fb 
80006b60:	d948 
80006b62:	6202                	.insn	2, 0x6202
80006b64:	43e409b7          	lui	s3,0x43e40
80006b68:	2870b66f          	jal	a2,800125ee <__global_pointer$+0xa496>
80006b6c:	4c3ceec7          	.insn	4, 0x4c3ceec7
80006b70:	4dbe                	.insn	2, 0x4dbe
80006b72:	2b26                	.insn	2, 0x2b26
80006b74:	3f66                	.insn	2, 0x3f66
80006b76:	0ba5                	.insn	2, 0x0ba5
80006b78:	1fe2                	.insn	2, 0x1fe2
80006b7a:	5952                	.insn	2, 0x5952
80006b7c:	d0de                	.insn	2, 0xd0de
80006b7e:	3b90                	.insn	2, 0x3b90
80006b80:	d69d                	.insn	2, 0xd69d
80006b82:	6a2e634b          	.insn	4, 0x6a2e634b
80006b86:	6bb957d7          	.insn	4, 0x6bb957d7
80006b8a:	5d11                	.insn	2, 0x5d11
80006b8c:	6d30                	.insn	2, 0x6d30
80006b8e:	0906                	.insn	2, 0x0906
80006b90:	daa0                	.insn	2, 0xdaa0
80006b92:	52a12997          	auipc	s3,0x52a12
80006b96:	60b9                	.insn	2, 0x60b9
80006b98:	b44a                	.insn	2, 0xb44a
80006b9a:	2439                	.insn	2, 0x2439
80006b9c:	6f58                	.insn	2, 0x6f58
80006b9e:	042a                	.insn	2, 0x042a
80006ba0:	3cf2                	.insn	2, 0x3cf2
80006ba2:	204c44af          	.insn	4, 0x204c44af
80006ba6:	3f66                	.insn	2, 0x3f66
80006ba8:	a394                	.insn	2, 0xa394
80006baa:	4fc1                	.insn	2, 0x4fc1
80006bac:	472e                	.insn	2, 0x472e
80006bae:	034e                	.insn	2, 0x034e
80006bb0:	8cce                	.insn	2, 0x8cce
80006bb2:	4c2d                	.insn	2, 0x4c2d
80006bb4:	31e3fa47          	.insn	4, 0x31e3fa47
80006bb8:	7220fd73          	csrrci	s10,minstretcfgh,1
80006bbc:	b8b0                	.insn	2, 0xb8b0
80006bbe:	3e8d                	.insn	2, 0x3e8d
80006bc0:	54b6                	.insn	2, 0x54b6
80006bc2:	09a0                	.insn	2, 0x09a0
80006bc4:	deea                	.insn	2, 0xdeea
80006bc6:	04ca                	.insn	2, 0x04ca
80006bc8:	625f 253c 47ff      	.insn	6, 0x47ff253c625f
80006bce:	346a                	.insn	2, 0x346a
80006bd0:	3f95e34b          	.insn	4, 0x3f95e34b
80006bd4:	049e                	.insn	2, 0x049e
80006bd6:	51fc                	.insn	2, 0x51fc
80006bd8:	5d0e34db          	.insn	4, 0x5d0e34db
80006bdc:	2382                	.insn	2, 0x2382
80006bde:	038a                	.insn	2, 0x038a
80006be0:	399987cf          	.insn	4, 0x399987cf
80006be4:	35d0                	.insn	2, 0x35d0
80006be6:	79d5                	.insn	2, 0x79d5
80006be8:	2b82                	.insn	2, 0x2b82
80006bea:	4638                	.insn	2, 0x4638
80006bec:	4e25                	.insn	2, 0x4e25
80006bee:	4520                	.insn	2, 0x4520
80006bf0:	dc36                	.insn	2, 0xdc36
80006bf2:	115c                	.insn	2, 0x115c
80006bf4:	0a50ba03          	.insn	4, 0x0a50ba03
80006bf8:	b9a9                	.insn	2, 0xb9a9
80006bfa:	ebc45297          	auipc	t0,0xebc45
80006bfe:	26dd                	.insn	2, 0x26dd
80006c00:	56e2                	.insn	2, 0x56e2
80006c02:	6b6d                	.insn	2, 0x6b6d
80006c04:	7dfd                	.insn	2, 0x7dfd
80006c06:	5cb9                	.insn	2, 0x5cb9
80006c08:	18b0                	.insn	2, 0x18b0
80006c0a:	2530                	.insn	2, 0x2530
80006c0c:	b1a2                	.insn	2, 0xb1a2
80006c0e:	5e28                	.insn	2, 0x5e28
80006c10:	624efe03          	.insn	4, 0x624efe03
80006c14:	10244d23          	.insn	4, 0x10244d23
80006c18:	14df5beb          	.insn	4, 0x14df5beb
80006c1c:	46d09d13          	.insn	4, 0x46d09d13
80006c20:	3548b68b          	.insn	4, 0x3548b68b
80006c24:	0dde                	.insn	2, 0x0dde
80006c26:	1fda                	.insn	2, 0x1fda
80006c28:	9926                	.insn	2, 0x9926
80006c2a:	3f00                	.insn	2, 0x3f00
80006c2c:	323a                	.insn	2, 0x323a
80006c2e:	48c70dbf 133b7e3c 	.insn	8, 0x133b7e3c48c70dbf
80006c36:	2e6c                	.insn	2, 0x2e6c
80006c38:	cfda                	.insn	2, 0xcfda
80006c3a:	a4ed0ef3          	.insn	4, 0xa4ed0ef3
80006c3e:	063c                	.insn	2, 0x063c
80006c40:	d49f 4f2b b592      	.insn	6, 0xb5924f2bd49f
80006c46:	6f6a                	.insn	2, 0x6f6a
80006c48:	6e24d8eb          	.insn	4, 0x6e24d8eb
80006c4c:	6db5                	.insn	2, 0x6db5
80006c4e:	0f6b128b          	.insn	4, 0x0f6b128b
80006c52:	1e30                	.insn	2, 0x1e30
80006c54:	845e                	.insn	2, 0x845e
80006c56:	491c6bc7          	.insn	4, 0x491c6bc7
80006c5a:	2435                	.insn	2, 0x2435
80006c5c:	ecf0                	.insn	2, 0xecf0
80006c5e:	5ce0                	.insn	2, 0x5ce0
80006c60:	493e456f          	jal	a0,800eb8f2 <__global_pointer$+0xe379a>
80006c64:	832c                	.insn	2, 0x832c
80006c66:	d0102aef          	jal	s5,7ff09966 <buflen.1+0x7ff09926>
80006c6a:	7501                	.insn	2, 0x7501
80006c6c:	de19                	.insn	2, 0xde19
80006c6e:	3c49                	.insn	2, 0x3c49
80006c70:	b8f5                	.insn	2, 0xb8f5
80006c72:	47d2                	.insn	2, 0x47d2
80006c74:	21bf03af          	.insn	4, 0x21bf03af
80006c78:	3dfe                	.insn	2, 0x3dfe
80006c7a:	18fa                	.insn	2, 0x18fa
80006c7c:	7d20                	.insn	2, 0x7d20
80006c7e:	99062bf3          	csrrs	s7,0x990,a2
80006c82:	ceef1f03          	lh	t5,-786(t5) # 70b49cee <buflen.1+0x70b49cae>
80006c86:	f9ef67b7          	lui	a5,0xf9ef6
80006c8a:	5ff3644b          	.insn	4, 0x5ff3644b
80006c8e:	56be                	.insn	2, 0x56be
80006c90:	69c4                	.insn	2, 0x69c4
80006c92:	7e4a                	.insn	2, 0x7e4a
80006c94:	6fa2                	.insn	2, 0x6fa2
80006c96:	52b62b7b          	.insn	4, 0x52b62b7b
80006c9a:	5d51                	.insn	2, 0x5d51
80006c9c:	261f 2b0e 5867      	.insn	6, 0x58672b0e261f
80006ca2:	2c15                	.insn	2, 0x2c15
80006ca4:	34968f93          	addi	t6,a3,841 # e8f4d4b1 <__global_pointer$+0x68f45359>
80006ca8:	b46e                	.insn	2, 0xb46e
80006caa:	3734                	.insn	2, 0x3734
80006cac:	3b99408f          	.insn	4, 0x3b99408f
80006cb0:	94d2                	.insn	2, 0x94d2
80006cb2:	7a3f4e8f          	.insn	4, 0x7a3f4e8f
80006cb6:	6ca90747          	.insn	4, 0x6ca90747
80006cba:	615d                	.insn	2, 0x615d
80006cbc:	3372                	.insn	2, 0x3372
80006cbe:	4bae                	.insn	2, 0x4bae
80006cc0:	6ad2                	.insn	2, 0x6ad2
80006cc2:	f67f16a7          	.insn	4, 0xf67f16a7
80006cc6:	3e38                	.insn	2, 0x3e38
80006cc8:	27ac473b          	.insn	4, 0x27ac473b
80006ccc:	3417d43b          	.insn	4, 0x3417d43b
80006cd0:	74f2                	.insn	2, 0x74f2
80006cd2:	2aca                	.insn	2, 0x2aca
80006cd4:	c95e                	.insn	2, 0xc95e
80006cd6:	eda17f4b          	.insn	4, 0xeda17f4b
80006cda:	2d68                	.insn	2, 0x2d68
80006cdc:	25c2                	.insn	2, 0x25c2
80006cde:	5fa0                	.insn	2, 0x5fa0
80006ce0:	e2fd                	.insn	2, 0xe2fd
80006ce2:	540d27bb          	.insn	4, 0x540d27bb
80006ce6:	1e9c                	.insn	2, 0x1e9c
80006ce8:	930e                	.insn	2, 0x930e
80006cea:	59a5                	.insn	2, 0x59a5
80006cec:	9488                	.insn	2, 0x9488
80006cee:	4349                	.insn	2, 0x4349
80006cf0:	6e11                	.insn	2, 0x6e11
80006cf2:	05ee                	.insn	2, 0x05ee
80006cf4:	deec                	.insn	2, 0xdeec
80006cf6:	2b16                	.insn	2, 0x2b16
80006cf8:	1714                	.insn	2, 0x1714
80006cfa:	3e6d                	.insn	2, 0x3e6d
80006cfc:	7518                	.insn	2, 0x7518
80006cfe:	20d0                	.insn	2, 0x20d0
80006d00:	345c                	.insn	2, 0x345c
80006d02:	43c8408b          	.insn	4, 0x43c8408b
80006d06:	1144                	.insn	2, 0x1144
80006d08:	68ec                	.insn	2, 0x68ec
80006d0a:	0ce8                	.insn	2, 0x0ce8
80006d0c:	c688                	.insn	2, 0xc688
80006d0e:	4602                	.insn	2, 0x4602
80006d10:	5676                	.insn	2, 0x5676
80006d12:	3268                	.insn	2, 0x3268
80006d14:	c924                	.insn	2, 0xc924
80006d16:	5ca1                	.insn	2, 0x5ca1
80006d18:	9562                	.insn	2, 0x9562
80006d1a:	226a                	.insn	2, 0x226a
80006d1c:	5b1f 2f1a d05b      	.insn	6, 0xd05b2f1a5b1f
80006d22:	2845                	.insn	2, 0x2845
80006d24:	78f220af          	.insn	4, 0x78f220af
80006d28:	8960                	.insn	2, 0x8960
80006d2a:	099f a911 0da5      	.insn	6, 0x0da5a911099f
80006d30:	2c54a803          	lw	a6,709(s1) # bcf28d2b <__global_pointer$+0x3cf20bd3>
80006d34:	9ad6                	.insn	2, 0x9ad6
80006d36:	50a2                	.insn	2, 0x50a2
80006d38:	3314                	.insn	2, 0x3314
80006d3a:	7e90                	.insn	2, 0x7e90
80006d3c:	a565                	.insn	2, 0xa565
80006d3e:	32cd                	.insn	2, 0x32cd
80006d40:	2ba0                	.insn	2, 0x2ba0
80006d42:	4cf4                	.insn	2, 0x4cf4
80006d44:	c174                	.insn	2, 0xc174
80006d46:	1abe                	.insn	2, 0x1abe
80006d48:	4bc0                	.insn	2, 0x4bc0
80006d4a:	2af7746f          	jal	s0,8007e7f8 <__global_pointer$+0x766a0>
80006d4e:	9973370b          	.insn	4, 0x9973370b
80006d52:	3152                	.insn	2, 0x3152
80006d54:	aba4                	.insn	2, 0xaba4
80006d56:	431d                	.insn	2, 0x431d
80006d58:	b420                	.insn	2, 0xb420
80006d5a:	0bcc                	.insn	2, 0x0bcc
80006d5c:	8f9a                	.insn	2, 0x8f9a
80006d5e:	10c4                	.insn	2, 0x10c4
80006d60:	45da2b4b          	.insn	4, 0x45da2b4b
80006d64:	7cb6                	.insn	2, 0x7cb6
80006d66:	ed702d97          	auipc	s11,0xed702
80006d6a:	2381                	.insn	2, 0x2381
80006d6c:	2954                	.insn	2, 0x2954
80006d6e:	7ef4                	.insn	2, 0x7ef4
80006d70:	1f9c                	.insn	2, 0x1f9c
80006d72:	55a9                	.insn	2, 0x55a9
80006d74:	5646a03f 2d08d921 	.insn	8, 0x2d08d9215646a03f
80006d7c:	a5cd                	.insn	2, 0xa5cd
80006d7e:	7f02                	.insn	2, 0x7f02
80006d80:	fa38                	.insn	2, 0xfa38
80006d82:	6d62                	.insn	2, 0x6d62
80006d84:	754a                	.insn	2, 0x754a
80006d86:	89185c3f 35c46e96 	.insn	8, 0x35c46e9689185c3f
80006d8e:	398c                	.insn	2, 0x398c
80006d90:	d6ad                	.insn	2, 0xd6ad
80006d92:	2812                	.insn	2, 0x2812
80006d94:	3aae                	.insn	2, 0x3aae
80006d96:	0ae2                	.insn	2, 0x0ae2
80006d98:	8aa1                	.insn	2, 0x8aa1
80006d9a:	0ce6                	.insn	2, 0x0ce6
80006d9c:	aeb6                	.insn	2, 0xaeb6
80006d9e:	4ef5                	.insn	2, 0x4ef5
80006da0:	463a                	.insn	2, 0x463a
80006da2:	443a                	.insn	2, 0x443a
80006da4:	2e78                	.insn	2, 0x2e78
80006da6:	1b16                	.insn	2, 0x1b16
80006da8:	48bfb5ef          	jal	a1,80102a32 <__global_pointer$+0xfa8da>
80006dac:	e4a2                	.insn	2, 0xe4a2
80006dae:	5aa6                	.insn	2, 0x5aa6
80006db0:	d36e                	.insn	2, 0xd36e
80006db2:	6b25                	.insn	2, 0x6b25
80006db4:	f286                	.insn	2, 0xf286
80006db6:	5e79                	.insn	2, 0x5e79
80006db8:	2c50                	.insn	2, 0x2c50
80006dba:	2f82                	.insn	2, 0x2f82
80006dbc:	9de8                	.insn	2, 0x9de8
80006dbe:	6c91                	.insn	2, 0x6c91
80006dc0:	e55e                	.insn	2, 0xe55e
80006dc2:	68357ed7          	.insn	4, 0x68357ed7
80006dc6:	3a04                	.insn	2, 0x3a04
80006dc8:	cef1                	.insn	2, 0xcef1
80006dca:	3b1e                	.insn	2, 0x3b1e
80006dcc:	a34d                	.insn	2, 0xa34d
80006dce:	2880                	.insn	2, 0x2880
80006dd0:	74ec5c83          	lhu	s9,1870(s8) # 5380774e <buflen.1+0x5380770e>
80006dd4:	5531                	.insn	2, 0x5531
80006dd6:	7cd2                	.insn	2, 0x7cd2
80006dd8:	1753184b          	.insn	4, 0x1753184b
80006ddc:	8e1a                	.insn	2, 0x8e1a
80006dde:	5fa0                	.insn	2, 0x5fa0
80006de0:	e330                	.insn	2, 0xe330
80006de2:	2262                	.insn	2, 0x2262
80006de4:	436d                	.insn	2, 0x436d
80006de6:	6610                	.insn	2, 0x6610
80006de8:	e22a                	.insn	2, 0xe22a
80006dea:	1488                	.insn	2, 0x1488
80006dec:	1664                	.insn	2, 0x1664
80006dee:	42ec                	.insn	2, 0x42ec
80006df0:	62e38bab          	.insn	4, 0x62e38bab
80006df4:	2e2c                	.insn	2, 0x2e2c
80006df6:	4f35                	.insn	2, 0x4f35
80006df8:	4258                	.insn	2, 0x4258
80006dfa:	02e8                	.insn	2, 0x02e8
80006dfc:	c368                	.insn	2, 0xc368
80006dfe:	f5ee0ebf ae3b6d70 	.insn	8, 0xae3b6d70f5ee0ebf
80006e06:	5d39                	.insn	2, 0x5d39
80006e08:	47ea                	.insn	2, 0x47ea
80006e0a:	52a2                	.insn	2, 0x52a2
80006e0c:	000d                	.insn	2, 0x000d
80006e0e:	1cf5                	.insn	2, 0x1cf5
80006e10:	d6fc                	.insn	2, 0xd6fc
80006e12:	0234                	.insn	2, 0x0234
80006e14:	7742                	.insn	2, 0x7742
80006e16:	1540                	.insn	2, 0x1540
80006e18:	0326                	.insn	2, 0x0326
80006e1a:	63de                	.insn	2, 0x63de
80006e1c:	19a2b58b          	.insn	4, 0x19a2b58b
80006e20:	5bd8                	.insn	2, 0x5bd8
80006e22:	182e74c7          	.insn	4, 0x182e74c7
80006e26:	6a60                	.insn	2, 0x6a60
80006e28:	6d9de20f          	.insn	4, 0x6d9de20f
80006e2c:	ae28                	.insn	2, 0xae28
80006e2e:	5f21                	.insn	2, 0x5f21
80006e30:	119f8227          	.insn	4, 0x119f8227
80006e34:	10d2                	.insn	2, 0x10d2
80006e36:	0b8f180b          	.insn	4, 0x0b8f180b
80006e3a:	7e0a                	.insn	2, 0x7e0a
80006e3c:	2220                	.insn	2, 0x2220
80006e3e:	5a55                	.insn	2, 0x5a55
80006e40:	2062                	.insn	2, 0x2062
80006e42:	5be2                	.insn	2, 0x5be2
80006e44:	56126e87          	.insn	4, 0x56126e87
80006e48:	0341                	.insn	2, 0x0341
80006e4a:	486d                	.insn	2, 0x486d
80006e4c:	f0a0                	.insn	2, 0xf0a0
80006e4e:	f7b7649b          	.insn	4, 0xf7b7649b
80006e52:	5c26                	.insn	2, 0x5c26
80006e54:	420c                	.insn	2, 0x420c
80006e56:	7190                	.insn	2, 0x7190
80006e58:	7fd8                	.insn	2, 0x7fd8
80006e5a:	207a                	.insn	2, 0x207a
80006e5c:	26e9                	.insn	2, 0x26e9
80006e5e:	7b55                	.insn	2, 0x7b55
80006e60:	c97d                	.insn	2, 0xc97d
80006e62:	64a6                	.insn	2, 0x64a6
80006e64:	6075                	.insn	2, 0x6075
80006e66:	544a                	.insn	2, 0x544a
80006e68:	13ccfe2f          	.insn	4, 0x13ccfe2f
80006e6c:	25aa979b          	.insn	4, 0x25aa979b
80006e70:	193b0a53          	.insn	4, 0x193b0a53
80006e74:	4f730137          	lui	sp,0x4f730
80006e78:	3aed                	.insn	2, 0x3aed
80006e7a:	2085                	.insn	2, 0x2085
80006e7c:	6408                	.insn	2, 0x6408
80006e7e:	127e                	.insn	2, 0x127e
80006e80:	6cd4                	.insn	2, 0x6cd4
80006e82:	eb5f3947          	.insn	4, 0xeb5f3947
80006e86:	5cd41633          	.insn	4, 0x5cd41633
80006e8a:	79c3733f 1df96604 	.insn	8, 0x1df9660479c3733f
80006e92:	03e500af          	.insn	4, 0x03e500af
80006e96:	094a                	.insn	2, 0x094a
80006e98:	29c439a7          	.insn	4, 0x29c439a7
80006e9c:	263e                	.insn	2, 0x263e
80006e9e:	56df 2d0a 4efb      	.insn	6, 0x4efb2d0a56df
80006ea4:	2f1a                	.insn	2, 0x2f1a
80006ea6:	0a42                	.insn	2, 0x0a42
80006ea8:	bfb6                	.insn	2, 0xbfb6
80006eaa:	2799                	.insn	2, 0x2799
80006eac:	65a60287          	.insn	4, 0x65a60287
80006eb0:	3942                	.insn	2, 0x3942
80006eb2:	1675                	.insn	2, 0x1675
80006eb4:	973c                	.insn	2, 0x973c
80006eb6:	57c5                	.insn	2, 0x57c5
80006eb8:	2e08                	.insn	2, 0x2e08
80006eba:	147c                	.insn	2, 0x147c
80006ebc:	9932                	.insn	2, 0x9932
80006ebe:	51b0                	.insn	2, 0x51b0
80006ec0:	1efe                	.insn	2, 0x1efe
80006ec2:	0fd1                	.insn	2, 0x0fd1
80006ec4:	8a2c                	.insn	2, 0x8a2c
80006ec6:	7bf2                	.insn	2, 0x7bf2
80006ec8:	6522                	.insn	2, 0x6522
80006eca:	6b7a                	.insn	2, 0x6b7a
80006ecc:	4855                	.insn	2, 0x4855
80006ece:	1ef2                	.insn	2, 0x1ef2
80006ed0:	fea1                	.insn	2, 0xfea1
80006ed2:	5bb1                	.insn	2, 0x5bb1
80006ed4:	4038                	.insn	2, 0x4038
80006ed6:	7320                	.insn	2, 0x7320
80006ed8:	3a7a                	.insn	2, 0x3a7a
80006eda:	468a                	.insn	2, 0x468a
80006edc:	58cb01ab          	.insn	4, 0x58cb01ab
80006ee0:	9709                	.insn	2, 0x9709
80006ee2:	1d82                	.insn	2, 0x1d82
80006ee4:	2fbefe13          	andi	t3,t4,763
80006ee8:	5874                	.insn	2, 0x5874
80006eea:	0a8e                	.insn	2, 0x0a8e
80006eec:	4d08aadb          	.insn	4, 0x4d08aadb
80006ef0:	8da5                	.insn	2, 0x8da5
80006ef2:	505e                	.insn	2, 0x505e
80006ef4:	5c6b23e3          	.insn	4, 0x5c6b23e3
80006ef8:	d515                	.insn	2, 0xd515
80006efa:	2995                	.insn	2, 0x2995
80006efc:	ffd4                	.insn	2, 0xffd4
80006efe:	330e                	.insn	2, 0x330e
80006f00:	76c9de3b          	.insn	4, 0x76c9de3b
80006f04:	db78                	.insn	2, 0xdb78
80006f06:	46e0                	.insn	2, 0x46e0
80006f08:	0d36494b          	.insn	4, 0x0d36494b
80006f0c:	0957f94f          	.insn	4, 0x0957f94f
80006f10:	4c36                	.insn	2, 0x4c36
80006f12:	024d                	.insn	2, 0x024d
80006f14:	379a                	.insn	2, 0x379a
80006f16:	d2d71667          	.insn	4, 0xd2d71667
80006f1a:	d9767be3          	bgeu	a2,s7,80006cb0 <input_data+0x1358>
80006f1e:	7d5c                	.insn	2, 0x7d5c
80006f20:	14624fa3          	.insn	4, 0x14624fa3
80006f24:	29a4b67b          	.insn	4, 0x29a4b67b
80006f28:	0ad6                	.insn	2, 0x0ad6
80006f2a:	20a316b7          	lui	a3,0x20a31
80006f2e:	4798                	.insn	2, 0x4798
80006f30:	97d2                	.insn	2, 0x97d2
80006f32:	4c06                	.insn	2, 0x4c06
80006f34:	394c                	.insn	2, 0x394c
80006f36:	17bc                	.insn	2, 0x17bc
80006f38:	2fc79aeb          	.insn	4, 0x2fc79aeb
80006f3c:	cc41                	.insn	2, 0xcc41
80006f3e:	40d2                	.insn	2, 0x40d2
80006f40:	dd86                	.insn	2, 0xdd86
80006f42:	3276                	.insn	2, 0x3276
80006f44:	a2ea                	.insn	2, 0xa2ea
80006f46:	6e30                	.insn	2, 0x6e30
80006f48:	4cc2bb0b          	.insn	4, 0x4cc2bb0b
80006f4c:	537361cf          	.insn	4, 0x537361cf
80006f50:	5ed6                	.insn	2, 0x5ed6
80006f52:	5f92                	.insn	2, 0x5f92
80006f54:	6fb9                	.insn	2, 0x6fb9
80006f56:	497e                	.insn	2, 0x497e
80006f58:	81e5                	.insn	2, 0x81e5
80006f5a:	6803304f          	.insn	4, 0x6803304f
80006f5e:	fea4292b          	.insn	4, 0xfea4292b
80006f62:	b88a6ee3          	bltu	s4,s0,80006afe <input_data+0x11a6>
80006f66:	2cbd                	.insn	2, 0x2cbd
80006f68:	91ec                	.insn	2, 0x91ec
80006f6a:	100b4bc7          	.insn	4, 0x100b4bc7
80006f6e:	3348                	.insn	2, 0x3348
80006f70:	a1b8                	.insn	2, 0xa1b8
80006f72:	32b546e3          	blt	a0,a1,80007a9e <_tbss_end+0xda>
80006f76:	7214                	.insn	2, 0x7214
80006f78:	4d02                	.insn	2, 0x4d02
80006f7a:	3869                	.insn	2, 0x3869
80006f7c:	f0ee                	.insn	2, 0xf0ee
80006f7e:	6c34                	.insn	2, 0x6c34
80006f80:	0379                	.insn	2, 0x0379
80006f82:	2c52                	.insn	2, 0x2c52
80006f84:	df4c                	.insn	2, 0xdf4c
80006f86:	7165                	.insn	2, 0x7165
80006f88:	58c2                	.insn	2, 0x58c2
80006f8a:	4c11                	.insn	2, 0x4c11
80006f8c:	d711                	.insn	2, 0xd711
80006f8e:	dc48778b          	.insn	4, 0xdc48778b
80006f92:	253a                	.insn	2, 0x253a
80006f94:	3b66                	.insn	2, 0x3b66
80006f96:	7dac                	.insn	2, 0x7dac
80006f98:	dd6a                	.insn	2, 0xdd6a
80006f9a:	c9d6745b          	.insn	4, 0xc9d6745b
80006f9e:	397a                	.insn	2, 0x397a
80006fa0:	d378                	.insn	2, 0xd378
80006fa2:	45cc                	.insn	2, 0x45cc
80006fa4:	7ec6e397          	auipc	t2,0x7ec6e
80006fa8:	8964                	.insn	2, 0x8964
80006faa:	306a                	.insn	2, 0x306a
80006fac:	895f 0679 56ec      	.insn	6, 0x56ec0679895f
80006fb2:	3a74                	.insn	2, 0x3a74
80006fb4:	bc82                	.insn	2, 0xbc82
80006fb6:	2a95                	.insn	2, 0x2a95
80006fb8:	6413036f          	jal	t1,80037df8 <__global_pointer$+0x2fca0>
80006fbc:	e670                	.insn	2, 0xe670
80006fbe:	7359                	.insn	2, 0x7359
80006fc0:	0e1e124f          	.insn	4, 0x0e1e124f
80006fc4:	d285                	.insn	2, 0xd285
80006fc6:	156e5bdb          	.insn	4, 0x156e5bdb
80006fca:	3f8a                	.insn	2, 0x3f8a
80006fcc:	7672                	.insn	2, 0x7672
80006fce:	5fd2                	.insn	2, 0x5fd2
80006fd0:	5fea                	.insn	2, 0x5fea
80006fd2:	429272d7          	.insn	4, 0x429272d7
80006fd6:	79cd38eb          	.insn	4, 0x79cd38eb
80006fda:	675a                	.insn	2, 0x675a
80006fdc:	4595                	.insn	2, 0x4595
80006fde:	00d9                	.insn	2, 0x00d9
80006fe0:	ad26                	.insn	2, 0xad26
80006fe2:	59ce                	.insn	2, 0x59ce
80006fe4:	9e1e                	.insn	2, 0x9e1e
80006fe6:	328d                	.insn	2, 0x328d
80006fe8:	d58c                	.insn	2, 0xd58c
80006fea:	463a                	.insn	2, 0x463a
80006fec:	490d                	.insn	2, 0x490d
80006fee:	249c                	.insn	2, 0x249c
80006ff0:	6ca0                	.insn	2, 0x6ca0
80006ff2:	5c312b9b          	.insn	4, 0x5c312b9b
80006ff6:	5a21                	.insn	2, 0x5a21
80006ff8:	08ea                	.insn	2, 0x08ea
80006ffa:	03c5                	.insn	2, 0x03c5
80006ffc:	737c                	.insn	2, 0x737c
80006ffe:	cfe139bf 099e6a54 	.insn	8, 0x099e6a54cfe139bf
80007006:	539c                	.insn	2, 0x539c
80007008:	a0ae                	.insn	2, 0xa0ae
8000700a:	50c9                	.insn	2, 0x50c9
8000700c:	62e46d6f          	jal	s10,8004d63a <__global_pointer$+0x454e2>
80007010:	22c2                	.insn	2, 0x22c2
80007012:	45f8                	.insn	2, 0x45f8
80007014:	0a4d                	.insn	2, 0x0a4d
80007016:	3e2a                	.insn	2, 0x3e2a
80007018:	d214                	.insn	2, 0xd214
8000701a:	4e9c                	.insn	2, 0x4e9c
8000701c:	1402                	.insn	2, 0x1402
8000701e:	447e                	.insn	2, 0x447e
80007020:	7c93425b          	.insn	4, 0x7c93425b
80007024:	ddb4                	.insn	2, 0xddb4
80007026:	479f 0b53 0ee7      	.insn	6, 0x0ee70b53479f
8000702c:	ffa0                	.insn	2, 0xffa0
8000702e:	3db1                	.insn	2, 0x3db1
80007030:	49a5                	.insn	2, 0x49a5
80007032:	2835                	.insn	2, 0x2835
80007034:	f865                	.insn	2, 0xf865
80007036:	40fd                	.insn	2, 0x40fd
80007038:	73d9c2c7          	.insn	4, 0x73d9c2c7
8000703c:	74e5                	.insn	2, 0x74e5
8000703e:	37ac                	.insn	2, 0x37ac
80007040:	7c6f2dab          	.insn	4, 0x7c6f2dab
80007044:	64c0                	.insn	2, 0x64c0
80007046:	cec02c07          	.insn	4, 0xcec02c07
8000704a:	4dc9                	.insn	2, 0x4dc9
8000704c:	41a4                	.insn	2, 0x41a4
8000704e:	a371056f          	jal	a0,7ff17a84 <buflen.1+0x7ff17a44>
80007052:	7cc865cf          	.insn	4, 0x7cc865cf
80007056:	647c                	.insn	2, 0x647c
80007058:	15bb2fe7          	.insn	4, 0x15bb2fe7
8000705c:	6eea2803          	lw	a6,1774(s4) # 534542a8 <buflen.1+0x53454268>
80007060:	4961                	.insn	2, 0x4961
80007062:	72e1                	.insn	2, 0x72e1
80007064:	360e2f13          	slti	t5,t3,864
80007068:	40fed847          	.insn	4, 0x40fed847
8000706c:	99c5                	.insn	2, 0x99c5
8000706e:	ae6e3533          	.insn	4, 0xae6e3533
80007072:	60db7567          	.insn	4, 0x60db7567
80007076:	98ff6fb3          	.insn	4, 0x98ff6fb3
8000707a:	3741                	.insn	2, 0x3741
8000707c:	a5a0                	.insn	2, 0xa5a0
8000707e:	4522                	.insn	2, 0x4522
80007080:	70c8                	.insn	2, 0x70c8
80007082:	1f332b87          	.insn	4, 0x1f332b87
80007086:	14d1                	.insn	2, 0x14d1
80007088:	12f40083          	lb	ra,303(s0)
8000708c:	18cd                	.insn	2, 0x18cd
8000708e:	4e3b0d77          	.insn	4, 0x4e3b0d77
80007092:	71531ccf          	.insn	4, 0x71531ccf
80007096:	938a3dbf f69e0e65 	.insn	8, 0xf69e0e65938a3dbf
8000709e:	4c4a                	.insn	2, 0x4c4a
800070a0:	4a5ba023          	sw	t0,1184(s7) # eeb264a0 <__global_pointer$+0x6eb1e348>
800070a4:	be14                	.insn	2, 0xbe14
800070a6:	6a980ebf 88496aea 	.insn	8, 0x88496aea6a980ebf
800070ae:	2cd8                	.insn	2, 0x2cd8
800070b0:	112b5d0f          	.insn	4, 0x112b5d0f
800070b4:	d676                	.insn	2, 0xd676
800070b6:	7b96                	.insn	2, 0x7b96
800070b8:	7988de27          	.insn	4, 0x7988de27
800070bc:	24d266c3          	.insn	4, 0x24d266c3
800070c0:	59f1                	.insn	2, 0x59f1
800070c2:	19d5                	.insn	2, 0x19d5
800070c4:	d75f 1dcb 8b75      	.insn	6, 0x8b751dcbd75f
800070ca:	3e9d                	.insn	2, 0x3e9d
800070cc:	13bf00c7          	.insn	4, 0x13bf00c7
800070d0:	24ff 32be 345f 4d2e 	.insn	14, 0x3ef5663e9be54d2e345f32be24ff
800070d8:	9be5 663e 3ef5 
800070de:	451f 742a 3d5a      	.insn	6, 0x3d5a742a451f
800070e4:	5dae                	.insn	2, 0x5dae
800070e6:	78d8                	.insn	2, 0x78d8
800070e8:	628bd913          	.insn	4, 0x628bd913
800070ec:	6fc00817          	auipc	a6,0x6fc00
800070f0:	c139                	.insn	2, 0xc139
800070f2:	9338498f          	.insn	4, 0x9338498f
800070f6:	0f89                	.insn	2, 0x0f89
800070f8:	3e27b777          	.insn	4, 0x3e27b777
800070fc:	8780                	.insn	2, 0x8780
800070fe:	5390                	.insn	2, 0x5390
80007100:	4d81                	.insn	2, 0x4d81
80007102:	2b84                	.insn	2, 0x2b84
80007104:	96cd                	.insn	2, 0x96cd
80007106:	6808                	.insn	2, 0x6808
80007108:	21b4                	.insn	2, 0x21b4
8000710a:	5c6e                	.insn	2, 0x5c6e
8000710c:	378e                	.insn	2, 0x378e
8000710e:	67435fd3          	.insn	4, 0x67435fd3
80007112:	39c9                	.insn	2, 0x39c9
80007114:	0f7c                	.insn	2, 0x0f7c
80007116:	2e6a                	.insn	2, 0x2e6a
80007118:	6e7e                	.insn	2, 0x6e7e
8000711a:	6940                	.insn	2, 0x6940
8000711c:	d24e                	.insn	2, 0xd24e
8000711e:	2b9d                	.insn	2, 0x2b9d
80007120:	6aa2                	.insn	2, 0x6aa2
80007122:	5f5e                	.insn	2, 0x5f5e
80007124:	8ffa                	.insn	2, 0x8ffa
80007126:	74b0                	.insn	2, 0x74b0
80007128:	000a8b27          	.insn	4, 0x000a8b27
8000712c:	6a3e                	.insn	2, 0x6a3e
8000712e:	1a7c                	.insn	2, 0x1a7c
80007130:	4c38983f 4969523d 	.insn	8, 0x4969523d4c38983f
80007138:	04c5                	.insn	2, 0x04c5
8000713a:	239c                	.insn	2, 0x239c
8000713c:	0d2d                	.insn	2, 0x0d2d
8000713e:	40ce                	.insn	2, 0x40ce
80007140:	0f637b73          	csrrci	s6,0xf6,6
80007144:	da26                	.insn	2, 0xda26
80007146:	3a007cc7          	.insn	4, 0x3a007cc7
8000714a:	5730                	.insn	2, 0x5730
8000714c:	7b35733f 610f3a28 	.insn	8, 0x610f3a287b35733f
80007154:	2d73d15b          	.insn	4, 0x2d73d15b
80007158:	9f7d                	.insn	2, 0x9f7d
8000715a:	5c0d472b          	.insn	4, 0x5c0d472b
8000715e:	505e                	.insn	2, 0x505e
80007160:	c854                	.insn	2, 0xc854
80007162:	6c9d                	.insn	2, 0x6c9d
80007164:	8e32                	.insn	2, 0x8e32
80007166:	6cdf a0e2 4248      	.insn	6, 0x4248a0e26cdf
8000716c:	5be8                	.insn	2, 0x5be8
8000716e:	7c80                	.insn	2, 0x7c80
80007170:	9914                	.insn	2, 0x9914
80007172:	3095                	.insn	2, 0x3095
80007174:	d7c8                	.insn	2, 0xd7c8
80007176:	74b2                	.insn	2, 0x74b2
80007178:	4885                	.insn	2, 0x4885
8000717a:	40cd                	.insn	2, 0x40cd
8000717c:	3491fb3f 73f00760 	.insn	8, 0x73f007603491fb3f
80007184:	9932                	.insn	2, 0x9932
80007186:	62bc                	.insn	2, 0x62bc
80007188:	1f8b77b7          	lui	a5,0x1f8b7
8000718c:	082b2a17          	auipc	s4,0x82b2
80007190:	5071                	.insn	2, 0x5071
80007192:	55cb1f23          	sh	t3,1374(s6)
80007196:	19a67017          	auipc	zero,0x19a67
8000719a:	3280                	.insn	2, 0x3280
8000719c:	29b6                	.insn	2, 0x29b6
8000719e:	32c4                	.insn	2, 0x32c4
800071a0:	99ac                	.insn	2, 0x99ac
800071a2:	50ad372b          	.insn	4, 0x50ad372b
800071a6:	5af33dd7          	.insn	4, 0x5af33dd7
800071aa:	1b82                	.insn	2, 0x1b82
800071ac:	2e64                	.insn	2, 0x2e64
800071ae:	4f6e                	.insn	2, 0x4f6e
800071b0:	1c49                	.insn	2, 0x1c49
800071b2:	1f54                	.insn	2, 0x1f54
800071b4:	52d6793b          	.insn	4, 0x52d6793b
800071b8:	8fd1                	.insn	2, 0x8fd1
800071ba:	433a                	.insn	2, 0x433a
800071bc:	1b49                	.insn	2, 0x1b49
800071be:	4775                	.insn	2, 0x4775
800071c0:	3085                	.insn	2, 0x3085
800071c2:	3339                	.insn	2, 0x3339
800071c4:	4eda                	.insn	2, 0x4eda
800071c6:	2a21                	.insn	2, 0x2a21
800071c8:	12d6                	.insn	2, 0x12d6
800071ca:	1629                	.insn	2, 0x1629
800071cc:	da71                	.insn	2, 0xda71
800071ce:	08ad                	.insn	2, 0x08ad
800071d0:	9280                	.insn	2, 0x9280
800071d2:	270d                	.insn	2, 0x270d
800071d4:	71490dbf 4f800661 	.insn	8, 0x4f80066171490dbf
800071dc:	41aaf2ef          	jal	t0,800b65f6 <__global_pointer$+0xae49e>
800071e0:	dab4                	.insn	2, 0xdab4
800071e2:	4c38                	.insn	2, 0x4c38
800071e4:	7c9296e3          	bne	t0,s1,800081b0 <__global_pointer$+0x58>
800071e8:	82a8                	.insn	2, 0x82a8
800071ea:	1f1d4497          	auipc	s1,0x1f1d4
800071ee:	00c9                	.insn	2, 0x00c9
800071f0:	c412                	.insn	2, 0xc412
800071f2:	598a                	.insn	2, 0x598a
800071f4:	a514                	.insn	2, 0xa514
800071f6:	41be                	.insn	2, 0x41be
800071f8:	5a5e                	.insn	2, 0x5a5e
800071fa:	1472                	.insn	2, 0x1472
800071fc:	c500                	.insn	2, 0xc500
800071fe:	711f 79bb 601e      	.insn	6, 0x601e79bb711f
80007204:	0125                	.insn	2, 0x0125
80007206:	481f 3ffd 67c2      	.insn	6, 0x67c23ffd481f
8000720c:	52ca                	.insn	2, 0x52ca
8000720e:	61fd                	.insn	2, 0x61fd
80007210:	c658                	.insn	2, 0xc658
80007212:	3a42                	.insn	2, 0x3a42
80007214:	8746                	.insn	2, 0x8746
80007216:	2ef5                	.insn	2, 0x2ef5
80007218:	b5b6                	.insn	2, 0xb5b6
8000721a:	09bc                	.insn	2, 0x09bc
8000721c:	a17a                	.insn	2, 0xa17a
8000721e:	40d5                	.insn	2, 0x40d5
80007220:	9f16                	.insn	2, 0x9f16
80007222:	ef6e0bef          	jal	s7,7ffe7918 <buflen.1+0x7ffe78d8>
80007226:	64d4                	.insn	2, 0x64d4
80007228:	d1f1                	.insn	2, 0xd1f1
8000722a:	157e                	.insn	2, 0x157e
8000722c:	9f9f 6a88 2442      	.insn	6, 0x24426a889f9f
80007232:	021f 6af4 3108      	.insn	6, 0x31086af4021f
80007238:	8282                	.insn	2, 0x8282
8000723a:	6d54                	.insn	2, 0x6d54
8000723c:	a63a                	.insn	2, 0xa63a
8000723e:	51c9                	.insn	2, 0x51c9
80007240:	d17c                	.insn	2, 0xd17c
80007242:	493e3f67          	.insn	4, 0x493e3f67
80007246:	3a06                	.insn	2, 0x3a06
80007248:	2998986b          	.insn	4, 0x2998986b
8000724c:	f9c1                	.insn	2, 0xf9c1
8000724e:	379b0953          	.insn	4, 0x379b0953
80007252:	f5910a17          	auipc	s4,0xf5910
80007256:	0ac2                	.insn	2, 0x0ac2
80007258:	8648                	.insn	2, 0x8648
8000725a:	06ad                	.insn	2, 0x06ad
8000725c:	079f193f 0e683a1d 	.insn	8, 0x0e683a1d079f193f
80007264:	c005                	.insn	2, 0xc005
80007266:	777c                	.insn	2, 0x777c
80007268:	01635b5b          	.insn	4, 0x01635b5b
8000726c:	770d9d97          	auipc	s11,0x770d9
80007270:	6a49                	.insn	2, 0x6a49
80007272:	2be5                	.insn	2, 0x2be5
80007274:	039c                	.insn	2, 0x039c
80007276:	766e                	.insn	2, 0x766e
80007278:	2534                	.insn	2, 0x2534
8000727a:	5d9e                	.insn	2, 0x5d9e
8000727c:	8ae9                	.insn	2, 0x8ae9
8000727e:	b9e37b3b          	.insn	4, 0xb9e37b3b
80007282:	5b6b5737          	lui	a4,0x5b6b5
80007286:	08da                	.insn	2, 0x08da
80007288:	81fd                	.insn	2, 0x81fd
8000728a:	24d8                	.insn	2, 0x24d8
8000728c:	160e                	.insn	2, 0x160e
8000728e:	663d                	.insn	2, 0x663d
80007290:	7b2b5f8b          	.insn	4, 0x7b2b5f8b
80007294:	b8ee                	.insn	2, 0xb8ee
80007296:	7e44                	.insn	2, 0x7e44
80007298:	cd60                	.insn	2, 0xcd60
8000729a:	0bd0                	.insn	2, 0x0bd0
8000729c:	003e                	.insn	2, 0x003e
8000729e:	6d6d                	.insn	2, 0x6d6d
800072a0:	503866b3          	.insn	4, 0x503866b3
800072a4:	4d82                	.insn	2, 0x4d82
800072a6:	f2147167          	.insn	4, 0xf2147167
800072aa:	cad274eb          	.insn	4, 0xcad274eb
800072ae:	4cf9                	.insn	2, 0x4cf9
800072b0:	4efa053b          	.insn	4, 0x4efa053b
800072b4:	58ee                	.insn	2, 0x58ee
800072b6:	8a0b31e3          	.insn	4, 0x8a0b31e3
800072ba:	25246e3f 70ab1dd3 	.insn	8, 0x70ab1dd325246e3f
800072c2:	0f155f57          	.insn	4, 0x0f155f57
800072c6:	65ae                	.insn	2, 0x65ae
800072c8:	9731                	.insn	2, 0x9731
800072ca:	5f65                	.insn	2, 0x5f65
800072cc:	1692                	.insn	2, 0x1692
800072ce:	170d                	.insn	2, 0x170d
800072d0:	8d0c                	.insn	2, 0x8d0c
800072d2:	3d52                	.insn	2, 0x3d52
800072d4:	e6d2                	.insn	2, 0xe6d2
800072d6:	6320                	.insn	2, 0x6320
800072d8:	4ed6bee3          	.insn	4, 0x4ed6bee3
800072dc:	86a0                	.insn	2, 0x86a0
800072de:	5864                	.insn	2, 0x5864
800072e0:	411c6f63          	bltu	s8,a7,800076fe <input_data+0x1da6>
800072e4:	c3dd                	.insn	2, 0xc3dd
800072e6:	6366                	.insn	2, 0x6366
800072e8:	91ec                	.insn	2, 0x91ec
800072ea:	752c                	.insn	2, 0x752c
800072ec:	e53c                	.insn	2, 0xe53c
800072ee:	3f68                	.insn	2, 0x3f68
800072f0:	67d54dcb          	.insn	4, 0x67d54dcb
800072f4:	8de8                	.insn	2, 0x8de8
800072f6:	11e4                	.insn	2, 0x11e4
800072f8:	0b3d                	.insn	2, 0x0b3d
800072fa:	24fc                	.insn	2, 0x24fc
800072fc:	d51d                	.insn	2, 0xd51d
800072fe:	1e08                	.insn	2, 0x1e08
80007300:	172d                	.insn	2, 0x172d
80007302:	7cdd                	.insn	2, 0x7cdd
80007304:	3752e6c7          	.insn	4, 0x3752e6c7
80007308:	0f29                	.insn	2, 0x0f29
8000730a:	1091                	.insn	2, 0x1091
8000730c:	da45                	.insn	2, 0xda45
8000730e:	8c9f63fb          	.insn	4, 0x8c9f63fb
80007312:	d1cb4a73          	.insn	4, 0xd1cb4a73
80007316:	55582fa7          	.insn	4, 0x55582fa7
8000731a:	4656                	.insn	2, 0x4656
8000731c:	02e12ea7          	.insn	4, 0x02e12ea7
80007320:	6f3a5657          	.insn	4, 0x6f3a5657
80007324:	53ca3e2f          	.insn	4, 0x53ca3e2f
80007328:	c751                	.insn	2, 0xc751
8000732a:	7dc1                	.insn	2, 0x7dc1
8000732c:	fee2                	.insn	2, 0xfee2
8000732e:	2e4b5f0b          	.insn	4, 0x2e4b5f0b
80007332:	2299                	.insn	2, 0x2299
80007334:	86aa                	.insn	2, 0x86aa
80007336:	6876                	.insn	2, 0x6876
80007338:	fda0                	.insn	2, 0xfda0
8000733a:	712a4fd3          	.insn	4, 0x712a4fd3
8000733e:	da6636f7          	.insn	4, 0xda6636f7
80007342:	182653ab          	.insn	4, 0x182653ab
80007346:	11da                	.insn	2, 0x11da
80007348:	259f 503a f848      	.insn	6, 0xf848503a259f
8000734e:	4d60                	.insn	2, 0x4d60
80007350:	5068                	.insn	2, 0x5068
80007352:	91897ee3          	bgeu	s2,s8,80006c6e <input_data+0x1316>
80007356:	285d                	.insn	2, 0x285d
80007358:	318c39e7          	.insn	4, 0x318c39e7
8000735c:	94b8                	.insn	2, 0x94b8
8000735e:	2c2d                	.insn	2, 0x2c2d
80007360:	297efd5b          	.insn	4, 0x297efd5b
80007364:	ceae                	.insn	2, 0xceae
80007366:	175271f7          	.insn	4, 0x175271f7
8000736a:	3c96                	.insn	2, 0x3c96
8000736c:	c5f0                	.insn	2, 0xc5f0
8000736e:	28a6                	.insn	2, 0x28a6
80007370:	caae                	.insn	2, 0xcaae
80007372:	1518                	.insn	2, 0x1518
80007374:	7078                	.insn	2, 0x7078
80007376:	2159                	.insn	2, 0x2159
80007378:	98ac                	.insn	2, 0x98ac
8000737a:	1eb8                	.insn	2, 0x1eb8
8000737c:	0dc0                	.insn	2, 0x0dc0
8000737e:	6e66                	.insn	2, 0x6e66
80007380:	184e1aef          	jal	s5,800e8504 <__global_pointer$+0xe03ac>
80007384:	93fd                	.insn	2, 0x93fd
80007386:	82f53067          	.insn	4, 0x82f53067
8000738a:	6ed8                	.insn	2, 0x6ed8
8000738c:	07d4                	.insn	2, 0x07d4
8000738e:	4192                	.insn	2, 0x4192
80007390:	9829                	.insn	2, 0x9829
80007392:	1db9                	.insn	2, 0x1db9
80007394:	8add                	.insn	2, 0x8add
80007396:	26f5                	.insn	2, 0x26f5
80007398:	ac55                	.insn	2, 0xac55
8000739a:	37572da3          	sw	s5,891(a4) # 5b6b537b <buflen.1+0x5b6b533b>
8000739e:	08fe                	.insn	2, 0x08fe
800073a0:	4dd8                	.insn	2, 0x4dd8
800073a2:	1395                	.insn	2, 0x1395
800073a4:	86b6                	.insn	2, 0x86b6
800073a6:	0498                	.insn	2, 0x0498
800073a8:	679c                	.insn	2, 0x679c
800073aa:	69d1                	.insn	2, 0x69d1
800073ac:	ccb2                	.insn	2, 0xccb2
800073ae:	6d6e                	.insn	2, 0x6d6e
800073b0:	2885                	.insn	2, 0x2885
800073b2:	2a1a                	.insn	2, 0x2a1a
800073b4:	49b0                	.insn	2, 0x49b0
800073b6:	49ed                	.insn	2, 0x49ed
800073b8:	de75                	.insn	2, 0xde75
800073ba:	3209                	.insn	2, 0x3209
800073bc:	c572                	.insn	2, 0xc572
800073be:	95023ed3          	.insn	4, 0x95023ed3
800073c2:	6ca9                	.insn	2, 0x6ca9
800073c4:	29d70e33          	.insn	4, 0x29d70e33
800073c8:	a428                	.insn	2, 0xa428
800073ca:	04f0                	.insn	2, 0x04f0
800073cc:	e848                	.insn	2, 0xe848
800073ce:	26e2                	.insn	2, 0x26e2
800073d0:	9944                	.insn	2, 0x9944
800073d2:	339f f7b8 373f      	.insn	6, 0x373ff7b8339f
800073d8:	6b08                	.insn	2, 0x6b08
800073da:	4f09                	.insn	2, 0x4f09
800073dc:	3f29                	.insn	2, 0x3f29
800073de:	682e                	.insn	2, 0x682e
800073e0:	60d8                	.insn	2, 0x60d8
800073e2:	7ebd45f7          	.insn	4, 0x7ebd45f7
800073e6:	5ad6                	.insn	2, 0x5ad6
800073e8:	6680                	.insn	2, 0x6680
800073ea:	1a72                	.insn	2, 0x1a72
800073ec:	d196                	.insn	2, 0xd196
800073ee:	31cc                	.insn	2, 0x31cc
800073f0:	d704                	.insn	2, 0xd704
800073f2:	0051                	.insn	2, 0x0051
800073f4:	69d2                	.insn	2, 0x69d2
800073f6:	7b48                	.insn	2, 0x7b48
800073f8:	83b4                	.insn	2, 0x83b4
800073fa:	645e                	.insn	2, 0x645e
800073fc:	80f5                	.insn	2, 0x80f5
800073fe:	7c05                	.insn	2, 0x7c05
80007400:	887a                	.insn	2, 0x887a
80007402:	720d                	.insn	2, 0x720d
80007404:	05d1                	.insn	2, 0x05d1
80007406:	42d638b3          	.insn	4, 0x42d638b3
8000740a:	6872                	.insn	2, 0x6872
8000740c:	091f 0648 a6bb      	.insn	6, 0xa6bb0648091f
80007412:	6a98                	.insn	2, 0x6a98
80007414:	6f2a                	.insn	2, 0x6f2a
80007416:	6a89                	.insn	2, 0x6a89
80007418:	9b08                	.insn	2, 0x9b08
8000741a:	5548                	.insn	2, 0x5548
8000741c:	46f4                	.insn	2, 0x46f4
8000741e:	203e                	.insn	2, 0x203e
80007420:	3499a707          	.insn	4, 0x3499a707
80007424:	de5d                	.insn	2, 0xde5d
80007426:	292c                	.insn	2, 0x292c
80007428:	f2ea                	.insn	2, 0xf2ea
8000742a:	0c11                	.insn	2, 0x0c11
8000742c:	5f000727          	.insn	4, 0x5f000727
80007430:	96fd                	.insn	2, 0x96fd
80007432:	1f98                	.insn	2, 0x1f98
80007434:	0981                	.insn	2, 0x0981
80007436:	1700                	.insn	2, 0x1700
80007438:	3615d7bf 1695bf1f 	.insn	8, 0x1695bf1f3615d7bf
80007440:	1b1ae0d3          	.insn	4, 0x1b1ae0d3
80007444:	cd00                	.insn	2, 0xcd00
80007446:	0efd                	.insn	2, 0x0efd
80007448:	5680bd3f 431ab1f5 	.insn	8, 0x431ab1f55680bd3f
80007450:	d932                	.insn	2, 0xd932
80007452:	0144                	.insn	2, 0x0144
80007454:	6d64                	.insn	2, 0x6d64
80007456:	61ec                	.insn	2, 0x61ec
80007458:	2ff1affb          	.insn	4, 0x2ff1affb
8000745c:	2399                	.insn	2, 0x2399
8000745e:	7a15                	.insn	2, 0x7a15
80007460:	10ae                	.insn	2, 0x10ae
80007462:	36b0                	.insn	2, 0x36b0
80007464:	e44c                	.insn	2, 0xe44c
80007466:	5a49                	.insn	2, 0x5a49
80007468:	8469                	.insn	2, 0x8469
8000746a:	0850                	.insn	2, 0x0850
8000746c:	5c12                	.insn	2, 0x5c12
8000746e:	02e24423          	.insn	4, 0x02e24423
80007472:	ca7a06db          	.insn	4, 0xca7a06db
80007476:	6722                	.insn	2, 0x6722
80007478:	6133ac8b          	.insn	4, 0x6133ac8b
8000747c:	03065ce3          	bge	a2,a6,80007cb4 <_tbss_end+0x2f0>
80007480:	5d24                	.insn	2, 0x5d24
80007482:	6806                	.insn	2, 0x6806
80007484:	4e4c9107          	.insn	4, 0x4e4c9107
80007488:	7e40                	.insn	2, 0x7e40
8000748a:	4025                	.insn	2, 0x4025
8000748c:	4a88                	.insn	2, 0x4a88
8000748e:	6c7f b6ea 381d dbb7 	.insn	22, 0x2a0d35ba6d82ac1f2b0b54273014dbb7381db6ea6c7f
80007496:	3014 5427 2b0b ac1f 
8000749e:	6d82 35ba 2a0d 
800074a4:	ee66                	.insn	2, 0xee66
800074a6:	7c82                	.insn	2, 0x7c82
800074a8:	932c                	.insn	2, 0x932c
800074aa:	1e6d                	.insn	2, 0x1e6d
800074ac:	c325                	.insn	2, 0xc325
800074ae:	0314                	.insn	2, 0x0314
800074b0:	36c6                	.insn	2, 0x36c6
800074b2:	3fa13543          	.insn	4, 0x3fa13543
800074b6:	51e5                	.insn	2, 0x51e5
800074b8:	3eb0                	.insn	2, 0x3eb0
800074ba:	3c06                	.insn	2, 0x3c06
800074bc:	5d55                	.insn	2, 0x5d55
800074be:	28d4                	.insn	2, 0x28d4
800074c0:	57b4b82b          	.insn	4, 0x57b4b82b
800074c4:	6251                	.insn	2, 0x6251
800074c6:	5cb4                	.insn	2, 0x5cb4
800074c8:	6559                	.insn	2, 0x6559
800074ca:	486c                	.insn	2, 0x486c
800074cc:	a2b4                	.insn	2, 0xa2b4
800074ce:	54ed                	.insn	2, 0x54ed
800074d0:	272cdbc7          	.insn	4, 0x272cdbc7
800074d4:	9892                	.insn	2, 0x9892
800074d6:	52f5                	.insn	2, 0x52f5
800074d8:	398d5073          	csrwi	0x398,26
800074dc:	240481ab          	.insn	4, 0x240481ab
800074e0:	7db2                	.insn	2, 0x7db2
800074e2:	81a24c9b          	.insn	4, 0x81a24c9b
800074e6:	145a                	.insn	2, 0x145a
800074e8:	0002                	.insn	2, 0x0002
800074ea:	1189                	.insn	2, 0x1189
800074ec:	7b4a                	.insn	2, 0x7b4a
800074ee:	25be                	.insn	2, 0x25be
800074f0:	711c785b          	.insn	4, 0x711c785b
800074f4:	74f4                	.insn	2, 0x74f4
800074f6:	7180                	.insn	2, 0x7180
800074f8:	1d65                	.insn	2, 0x1d65
800074fa:	3116                	.insn	2, 0x3116
800074fc:	b1aa                	.insn	2, 0xb1aa
800074fe:	5e0d                	.insn	2, 0x5e0d
80007500:	d041                	.insn	2, 0xd041
80007502:	7830                	.insn	2, 0x7830
80007504:	3c64                	.insn	2, 0x3c64
80007506:	6f09                	.insn	2, 0x6f09
80007508:	226a2ea7          	.insn	4, 0x226a2ea7
8000750c:	3a76                	.insn	2, 0x3a76
8000750e:	a14b3c5b          	.insn	4, 0xa14b3c5b
80007512:	0ebc                	.insn	2, 0x0ebc
80007514:	ff86                	.insn	2, 0xff86
80007516:	746525ef          	jal	a1,80059c5c <__global_pointer$+0x51b04>
8000751a:	7465                	.insn	2, 0x7465
8000751c:	d780                	.insn	2, 0xd780
8000751e:	564c                	.insn	2, 0x564c
80007520:	47c4                	.insn	2, 0x47c4
80007522:	0670                	.insn	2, 0x0670
80007524:	3c985217          	auipc	tp,0x3c985
80007528:	7a0e7c57          	.insn	4, 0x7a0e7c57
8000752c:	578e                	.insn	2, 0x578e
8000752e:	3842                	.insn	2, 0x3842
80007530:	def5                	.insn	2, 0xdef5
80007532:	2ef0                	.insn	2, 0x2ef0
80007534:	7796                	.insn	2, 0x7796
80007536:	00c2                	.insn	2, 0x00c2
80007538:	127e                	.insn	2, 0x127e
8000753a:	32e0                	.insn	2, 0x32e0
8000753c:	0138                	.insn	2, 0x0138
8000753e:	13e9                	.insn	2, 0x13e9
80007540:	cf61                	.insn	2, 0xcf61
80007542:	0dea20fb          	.insn	4, 0x0dea20fb
80007546:	daea40ef          	jal	7ffabaf4 <buflen.1+0x7ffabab4>
8000754a:	1dac                	.insn	2, 0x1dac
8000754c:	89e9                	.insn	2, 0x89e9
8000754e:	c6977987          	.insn	4, 0xc6977987
80007552:	5582                	.insn	2, 0x5582
80007554:	4ced7143          	.insn	4, 0x4ced7143
80007558:	7e24                	.insn	2, 0x7e24
8000755a:	0486                	.insn	2, 0x0486
8000755c:	390b3b03          	.insn	4, 0x390b3b03
80007560:	7ef912b7          	lui	t0,0x7ef91
80007564:	4b00                	.insn	2, 0x4b00
80007566:	f23d1c73          	csrrw	s8,0xf23,s10
8000756a:	38ca                	.insn	2, 0x38ca
8000756c:	071f 6487 fb86      	.insn	6, 0xfb866487071f
80007572:	1b60                	.insn	2, 0x1b60
80007574:	ddc4                	.insn	2, 0xddc4
80007576:	2cd0                	.insn	2, 0x2cd0
80007578:	0a74                	.insn	2, 0x0a74
8000757a:	31d9                	.insn	2, 0x31d9
8000757c:	7171                	.insn	2, 0x7171
8000757e:	78df 5324 01b7      	.insn	6, 0x01b7532478df
80007584:	c0ac                	.insn	2, 0xc0ac
80007586:	133c                	.insn	2, 0x133c
80007588:	177e                	.insn	2, 0x177e
8000758a:	4f96                	.insn	2, 0x4f96
8000758c:	2eea494b          	.insn	4, 0x2eea494b
80007590:	1870                	.insn	2, 0x1870
80007592:	06c5                	.insn	2, 0x06c5
80007594:	db9c                	.insn	2, 0xdb9c
80007596:	38ea                	.insn	2, 0x38ea
80007598:	0276                	.insn	2, 0x0276
8000759a:	4e81                	.insn	2, 0x4e81
8000759c:	5bb8                	.insn	2, 0x5bb8
8000759e:	a4f94d77          	.insn	4, 0xa4f94d77
800075a2:	77c2                	.insn	2, 0x77c2
800075a4:	5c4d96b3          	.insn	4, 0x5c4d96b3
800075a8:	ec61                	.insn	2, 0xec61
800075aa:	5d497a2b          	.insn	4, 0x5d497a2b
800075ae:	809e2ba7          	.insn	4, 0x809e2ba7
800075b2:	6a35                	.insn	2, 0x6a35
800075b4:	4ee1                	.insn	2, 0x4ee1
800075b6:	7c9d                	.insn	2, 0x7c9d
800075b8:	fc5c                	.insn	2, 0xfc5c
800075ba:	6dec3b3b          	.insn	4, 0x6dec3b3b
800075be:	74c8                	.insn	2, 0x74c8
800075c0:	94c6                	.insn	2, 0x94c6
800075c2:	4fa9                	.insn	2, 0x4fa9
800075c4:	4190                	.insn	2, 0x4190
800075c6:	2931                	.insn	2, 0x2931
800075c8:	a664                	.insn	2, 0xa664
800075ca:	681f b8f7 37c3      	.insn	6, 0x37c3b8f7681f
800075d0:	1936                	.insn	2, 0x1936
800075d2:	42f8                	.insn	2, 0x42f8
800075d4:	417f 0676 54c2 5626 	.insn	18, 0xa6ab075a34930a1dd345562654c20676417f
800075dc:	d345 0a1d 3493 075a 
800075e4:	a6ab 
800075e6:	6182                	.insn	2, 0x6182
800075e8:	fe11                	.insn	2, 0xfe11
800075ea:	2828                	.insn	2, 0x2828
800075ec:	79c39977          	.insn	4, 0x79c39977
800075f0:	2d2aea73          	csrrsi	s4,0x2d2,21
800075f4:	0b6e                	.insn	2, 0x0b6e
800075f6:	1e8c                	.insn	2, 0x1e8c
800075f8:	d1ee                	.insn	2, 0xd1ee
800075fa:	0721                	.insn	2, 0x0721
800075fc:	705c                	.insn	2, 0x705c
800075fe:	91200377          	.insn	4, 0x91200377
80007602:	88a17c9b          	.insn	4, 0x88a17c9b
80007606:	1cfa                	.insn	2, 0x1cfa
80007608:	c63a                	.insn	2, 0xc63a
8000760a:	6089                	.insn	2, 0x6089
8000760c:	19cee96b          	.insn	4, 0x19cee96b
80007610:	a8ed                	.insn	2, 0xa8ed
80007612:	42fc3557          	.insn	4, 0x42fc3557
80007616:	169e                	.insn	2, 0x169e
80007618:	6f0e                	.insn	2, 0x6f0e
8000761a:	70b5                	.insn	2, 0x70b5
8000761c:	ed6c                	.insn	2, 0xed6c
8000761e:	706e                	.insn	2, 0x706e
80007620:	8f2e                	.insn	2, 0x8f2e
80007622:	6ec8                	.insn	2, 0x6ec8
80007624:	39c73b7f 49572b3c 	.insn	16, 0x14f726d670b4af3749572b3c39c73b7f
8000762c:	70b4af37 14f726d6 
80007634:	7509                	.insn	2, 0x7509
80007636:	0ccc                	.insn	2, 0x0ccc
80007638:	4f7e                	.insn	2, 0x4f7e
8000763a:	c8955c63          	bge	a0,s1,80006ad2 <input_data+0x117a>
8000763e:	30b0125b          	.insn	4, 0x30b0125b
80007642:	0191                	.insn	2, 0x0191
80007644:	040ea107          	.insn	4, 0x040ea107
80007648:	9a3e                	.insn	2, 0x9a3e
8000764a:	03435273          	csrrwi	tp,0x34,6
8000764e:	6816                	.insn	2, 0x6816
80007650:	ad38                	.insn	2, 0xad38
80007652:	40f9                	.insn	2, 0x40f9
80007654:	a545                	.insn	2, 0xa545
80007656:	da0162d3          	.insn	4, 0xda0162d3
8000765a:	7c11                	.insn	2, 0x7c11
8000765c:	7015                	.insn	2, 0x7015
8000765e:	4216438f          	.insn	4, 0x4216438f
80007662:	6ce86427          	.insn	4, 0x6ce86427
80007666:	50713e9b          	.insn	4, 0x50713e9b
8000766a:	6ba6                	.insn	2, 0x6ba6
8000766c:	8e36                	.insn	2, 0x8e36
8000766e:	6621                	.insn	2, 0x6621
80007670:	3d39                	.insn	2, 0x3d39
80007672:	1f09                	.insn	2, 0x1f09
80007674:	9675                	.insn	2, 0x9675
80007676:	fc0518e3          	bnez	a0,80007646 <input_data+0x1cee>
8000767a:	50c4                	.insn	2, 0x50c4
8000767c:	648d                	.insn	2, 0x648d
8000767e:	25a2                	.insn	2, 0x25a2
80007680:	6f8c                	.insn	2, 0x6f8c
80007682:	b10867db          	.insn	4, 0xb10867db
80007686:	7bd6                	.insn	2, 0x7bd6
80007688:	65dd924f          	.insn	4, 0x65dd924f
8000768c:	23688f3b          	.insn	4, 0x23688f3b
80007690:	b958                	.insn	2, 0xb958
80007692:	37da                	.insn	2, 0x37da
80007694:	2c3cdaab          	.insn	4, 0x2c3cdaab
80007698:	94e1                	.insn	2, 0x94e1
8000769a:	7184                	.insn	2, 0x7184
8000769c:	6341                	.insn	2, 0x6341
8000769e:	c23634eb          	.insn	4, 0xc23634eb
800076a2:	b1bf4ccf          	.insn	4, 0xb1bf4ccf
800076a6:	194e                	.insn	2, 0x194e
800076a8:	8add                	.insn	2, 0x8add
800076aa:	5948                	.insn	2, 0x5948
800076ac:	31766a3f 5282f6af 	.insn	8, 0x5282f6af31766a3f
800076b4:	ab91                	.insn	2, 0xab91
800076b6:	0ee8                	.insn	2, 0x0ee8
800076b8:	0919                	.insn	2, 0x0919
800076ba:	0bed                	.insn	2, 0x0bed
800076bc:	29599857          	.insn	4, 0x29599857
800076c0:	8572                	.insn	2, 0x8572
800076c2:	5b04                	.insn	2, 0x5b04
800076c4:	0211                	.insn	2, 0x0211
800076c6:	572c                	.insn	2, 0x572c
800076c8:	d2ea                	.insn	2, 0xd2ea
800076ca:	6495                	.insn	2, 0x6495
800076cc:	be30                	.insn	2, 0xbe30
800076ce:	b63144f3          	.insn	4, 0xb63144f3
800076d2:	0e64                	.insn	2, 0x0e64
800076d4:	8a9e                	.insn	2, 0x8a9e
800076d6:	fd9646fb          	.insn	4, 0xfd9646fb
800076da:	4a86                	.insn	2, 0x4a86
800076dc:	d916                	.insn	2, 0xd916
800076de:	7b0a                	.insn	2, 0x7b0a
800076e0:	9418                	.insn	2, 0x9418
800076e2:	01a4                	.insn	2, 0x01a4
800076e4:	e7fa                	.insn	2, 0xe7fa
800076e6:	7015                	.insn	2, 0x7015
800076e8:	a050                	.insn	2, 0xa050
800076ea:	03407643          	.insn	4, 0x03407643
800076ee:	063e                	.insn	2, 0x063e
800076f0:	85ea                	.insn	2, 0x85ea
800076f2:	4eec                	.insn	2, 0x4eec
800076f4:	a95e                	.insn	2, 0xa95e
800076f6:	3aef40f3          	.insn	4, 0x3aef40f3
800076fa:	e62853a3          	.insn	4, 0xe62853a3
800076fe:	7316                	.insn	2, 0x7316
80007700:	2e160dbb          	.insn	4, 0x2e160dbb
80007704:	452708a7          	.insn	4, 0x452708a7
80007708:	9d30                	.insn	2, 0x9d30
8000770a:	218e                	.insn	2, 0x218e
8000770c:	b11e                	.insn	2, 0xb11e
8000770e:	3f7c                	.insn	2, 0x3f7c
80007710:	8a44                	.insn	2, 0x8a44
80007712:	19ad1def          	jal	s11,800d88ac <__global_pointer$+0xd0754>
80007716:	61e4                	.insn	2, 0x61e4
80007718:	b8a4                	.insn	2, 0xb8a4
8000771a:	b5d94e17          	auipc	t3,0xb5d94
8000771e:	6728                	.insn	2, 0x6728
80007720:	73e6                	.insn	2, 0x73e6
80007722:	57f4                	.insn	2, 0x57f4
80007724:	5cb5                	.insn	2, 0x5cb5
80007726:	673824b3          	.insn	4, 0x673824b3
8000772a:	452c                	.insn	2, 0x452c
8000772c:	375ced43          	.insn	4, 0x375ced43
80007730:	2f3e                	.insn	2, 0x2f3e
80007732:	0f22                	.insn	2, 0x0f22
80007734:	c5fc                	.insn	2, 0xc5fc
80007736:	6b3d                	.insn	2, 0x6b3d
80007738:	d05f 47da c656      	.insn	6, 0xc65647dad05f
8000773e:	189e                	.insn	2, 0x189e
80007740:	2f60                	.insn	2, 0x2f60
80007742:	5eb9                	.insn	2, 0x5eb9
80007744:	69c06c73          	csrrsi	s8,0x69c,0
80007748:	b6de                	.insn	2, 0xb6de
8000774a:	029e                	.insn	2, 0x029e
8000774c:	63bcc123          	.insn	4, 0x63bcc123
80007750:	c1b4                	.insn	2, 0xc1b4
80007752:	318b28bb          	.insn	4, 0x318b28bb
80007756:	99334b27          	.insn	4, 0x99334b27
8000775a:	7d19                	.insn	2, 0x7d19
8000775c:	2e0b77ef          	jal	a5,800bea3c <__global_pointer$+0xb68e4>
80007760:	49777d6b          	.insn	4, 0x49777d6b
80007764:	d426                	.insn	2, 0xd426
80007766:	2d30                	.insn	2, 0x2d30
80007768:	318c2ea3          	sw	s8,797(s8)
8000776c:	5faed877          	.insn	4, 0x5faed877
80007770:	f09c                	.insn	2, 0xf09c
80007772:	00ad62fb          	.insn	4, 0x00ad62fb
80007776:	0174                	.insn	2, 0x0174
80007778:	6adf 5506 6f54      	.insn	6, 0x6f5455066adf
8000777e:	600e                	.insn	2, 0x600e
80007780:	c4ff 40b0 1040 00c4 	.insn	18, 0x3644345fc77a1b2bd25200c4104040b0c4ff
80007788:	d252 1b2b c77a 345f 
80007790:	3644 
80007792:	490671e7          	.insn	4, 0x490671e7
80007796:	526d                	.insn	2, 0x526d
80007798:	8909                	.insn	2, 0x8909
8000779a:	743c                	.insn	2, 0x743c
8000779c:	ffda                	.insn	2, 0xffda
8000779e:	389f 5411 35e6      	.insn	6, 0x35e65411389f
800077a4:	91a6                	.insn	2, 0x91a6
800077a6:	26402f2b          	.insn	4, 0x26402f2b
800077aa:	5e70                	.insn	2, 0x5e70
800077ac:	d928                	.insn	2, 0xd928
800077ae:	0c85                	.insn	2, 0x0c85
800077b0:	422f2997          	auipc	s3,0x422f2
800077b4:	a9d0                	.insn	2, 0xa9d0
800077b6:	f68615bb          	.insn	4, 0xf68615bb
800077ba:	0335                	.insn	2, 0x0335
800077bc:	9db6                	.insn	2, 0x9db6
800077be:	84d02e07          	.insn	4, 0x84d02e07
800077c2:	1c2d                	.insn	2, 0x1c2d
800077c4:	19f2                	.insn	2, 0x19f2
800077c6:	4396                	.insn	2, 0x4396
800077c8:	663ef68b          	.insn	4, 0x663ef68b
800077cc:	657f 5624 b757 5bdb 	.insn	22, 0x4ae370d6584039f0708e08e42c115bdbb7575624657f
800077d4:	2c11 08e4 708e 39f0 
800077dc:	5840 70d6 4ae3 
800077e2:	5fae58ab          	.insn	4, 0x5fae58ab
800077e6:	2632                	.insn	2, 0x2632
800077e8:	c65d                	.insn	2, 0xc65d
800077ea:	57a2                	.insn	2, 0x57a2
800077ec:	afc1                	.insn	2, 0xafc1
800077ee:	4361268b          	.insn	4, 0x4361268b
800077f2:	3aea                	.insn	2, 0x3aea
800077f4:	eae5                	.insn	2, 0xeae5
800077f6:	29e8                	.insn	2, 0x29e8
800077f8:	9209                	.insn	2, 0x9209
800077fa:	687e                	.insn	2, 0x687e
800077fc:	5c32                	.insn	2, 0x5c32
800077fe:	765e                	.insn	2, 0x765e
80007800:	28ae                	.insn	2, 0x28ae
80007802:	297c                	.insn	2, 0x297c
80007804:	fa95                	.insn	2, 0xfa95
80007806:	6a49                	.insn	2, 0x6a49
80007808:	e729                	.insn	2, 0xe729
8000780a:	4e82                	.insn	2, 0x4e82
8000780c:	4cb0                	.insn	2, 0x4cb0
8000780e:	689e                	.insn	2, 0x689e
80007810:	b1ee                	.insn	2, 0xb1ee
80007812:	83ba1fb7          	lui	t6,0x83ba1
80007816:	3fbe                	.insn	2, 0x3fbe
80007818:	0ee21ec7          	.insn	4, 0x0ee21ec7
8000781c:	1f407de7          	.insn	4, 0x1f407de7
80007820:	8c8c                	.insn	2, 0x8c8c
80007822:	2d2d                	.insn	2, 0x2d2d
80007824:	97d6                	.insn	2, 0x97d6
80007826:	7db5                	.insn	2, 0x7db5
80007828:	37ea                	.insn	2, 0x37ea
8000782a:	10d0240f          	.insn	4, 0x10d0240f
8000782e:	7585                	.insn	2, 0x7585
80007830:	58ce                	.insn	2, 0x58ce
80007832:	5eaa                	.insn	2, 0x5eaa
80007834:	4e8e                	.insn	2, 0x4e8e
80007836:	76c05b67          	.insn	4, 0x76c05b67
8000783a:	252c                	.insn	2, 0x252c
8000783c:	53c8cb9b          	.insn	4, 0x53c8cb9b
80007840:	748d9613          	.insn	4, 0x748d9613
80007844:	7651                	.insn	2, 0x7651
80007846:	8c68408b          	.insn	4, 0x8c68408b
8000784a:	52ac                	.insn	2, 0x52ac
8000784c:	86a9                	.insn	2, 0x86a9
8000784e:	341a                	.insn	2, 0x341a
80007850:	d8ac                	.insn	2, 0xd8ac
80007852:	5030                	.insn	2, 0x5030
80007854:	45a55e33          	.insn	4, 0x45a55e33
80007858:	3159                	.insn	2, 0x3159
8000785a:	7782                	.insn	2, 0x7782
8000785c:	27b1                	.insn	2, 0x27b1
8000785e:	43550df3          	.insn	4, 0x43550df3
80007862:	1c36                	.insn	2, 0x1c36
80007864:	2ad8                	.insn	2, 0x2ad8
80007866:	2709                	.insn	2, 0x2709
80007868:	57cebc73          	csrrc	s8,0x57c,t4
8000786c:	ed02                	.insn	2, 0xed02
8000786e:	3b76                	.insn	2, 0x3b76
80007870:	2fcade4f          	.insn	4, 0x2fcade4f
80007874:	7a54488b          	.insn	4, 0x7a54488b
80007878:	e0a1                	.insn	2, 0xe0a1
8000787a:	703e                	.insn	2, 0x703e
8000787c:	eae8                	.insn	2, 0xeae8
8000787e:	0b10                	.insn	2, 0x0b10
80007880:	52d9061b          	.insn	4, 0x52d9061b
80007884:	ac6e                	.insn	2, 0xac6e
80007886:	66d9                	.insn	2, 0x66d9
80007888:	5b28                	.insn	2, 0x5b28
8000788a:	34cd                	.insn	2, 0x34cd
8000788c:	bd26                	.insn	2, 0xbd26
8000788e:	3925                	.insn	2, 0x3925
80007890:	cbd4                	.insn	2, 0xcbd4
80007892:	7a70                	.insn	2, 0x7a70
80007894:	b6cd                	.insn	2, 0xb6cd
80007896:	fc8e039b          	.insn	4, 0xfc8e039b
8000789a:	5515                	.insn	2, 0x5515
8000789c:	45288ea3          	sb	s2,1117(a7)
800078a0:	c129                	.insn	2, 0xc129
800078a2:	a88b6cef          	jal	s9,7ffbdb2a <buflen.1+0x7ffbdaea>
800078a6:	53f8                	.insn	2, 0x53f8
800078a8:	1629                	.insn	2, 0x1629
800078aa:	6460                	.insn	2, 0x6460
800078ac:	b922                	.insn	2, 0xb922
800078ae:	03ad                	.insn	2, 0x03ad
800078b0:	324f49f7          	.insn	4, 0x324f49f7
800078b4:	bdbd                	.insn	2, 0xbdbd
800078b6:	f6433c4b          	.insn	4, 0xf6433c4b
800078ba:	5aad                	.insn	2, 0x5aad
800078bc:	5f29                	.insn	2, 0x5f29
800078be:	5e48                	.insn	2, 0x5e48
800078c0:	2d7f 3618 1f55 7894 	.insn	14, 0x8204430fbce778941f5536182d7f
800078c8:	bce7 430f 8204 
800078ce:	4e34                	.insn	2, 0x4e34
800078d0:	c149                	.insn	2, 0xc149
800078d2:	fdf6576b          	.insn	4, 0xfdf6576b
800078d6:	734b39d3          	.insn	4, 0x734b39d3
800078da:	04d2                	.insn	2, 0x04d2
800078dc:	35e2                	.insn	2, 0x35e2
800078de:	5625                	.insn	2, 0x5625
800078e0:	a794                	.insn	2, 0xa794
800078e2:	13fe                	.insn	2, 0x13fe
800078e4:	47e8                	.insn	2, 0x47e8
800078e6:	1e6d                	.insn	2, 0x1e6d
800078e8:	efda                	.insn	2, 0xefda
800078ea:	0588                	.insn	2, 0x0588
800078ec:	b61d                	.insn	2, 0xb61d
800078ee:	6226                	.insn	2, 0x6226
800078f0:	bb78                	.insn	2, 0xbb78
800078f2:	6266                	.insn	2, 0x6266
800078f4:	5b668c23          	sb	s6,1464(a3) # 20a315b8 <buflen.1+0x20a31578>
800078f8:	b0dc                	.insn	2, 0xb0dc
800078fa:	0ffa                	.insn	2, 0x0ffa
800078fc:	347e3b97          	auipc	s7,0x347e3
80007900:	465d649b          	.insn	4, 0x465d649b
80007904:	bc8d                	.insn	2, 0xbc8d
80007906:	6f59                	.insn	2, 0x6f59
80007908:	685d77c3          	.insn	4, 0x685d77c3
8000790c:	9740                	.insn	2, 0x9740
8000790e:	17ed                	.insn	2, 0x17ed
80007910:	2c8c                	.insn	2, 0x2c8c
80007912:	2031                	.insn	2, 0x2031
80007914:	a141                	.insn	2, 0xa141
80007916:	0f163cf7          	.insn	4, 0x0f163cf7
8000791a:	1b81                	.insn	2, 0x1b81
8000791c:	48deb2b3          	.insn	4, 0x48deb2b3
80007920:	1b350fbf 05a5ef07 	.insn	8, 0x05a5ef071b350fbf
80007928:	44f2                	.insn	2, 0x44f2
8000792a:	4961                	.insn	2, 0x4961
8000792c:	3900                	.insn	2, 0x3900
8000792e:	a4257fdb          	.insn	4, 0xa4257fdb
80007932:	7329                	.insn	2, 0x7329
80007934:	12e0                	.insn	2, 0x12e0
80007936:	c44211eb          	.insn	4, 0xc44211eb
8000793a:	7a88                	.insn	2, 0x7a88
8000793c:	c985                	.insn	2, 0xc985
8000793e:	3a76                	.insn	2, 0x3a76
80007940:	4e03cf67          	.insn	4, 0x4e03cf67
80007944:	e4c1                	.insn	2, 0xe4c1
80007946:	3c39                	.insn	2, 0x3c39
80007948:	167d                	.insn	2, 0x167d
8000794a:	5370                	.insn	2, 0x5370
8000794c:	36f5                	.insn	2, 0x36f5
8000794e:	4896                	.insn	2, 0x4896
80007950:	66c0                	.insn	2, 0x66c0
80007952:	37b6                	.insn	2, 0x37b6
80007954:	935e                	.insn	2, 0x935e
80007956:	3460                	.insn	2, 0x3460
