
rsort.riscv:     file format elf32-littleriscv


Disassembly of section .text.init:

80000000 <_start>:
80000000:	00000093          	li	ra,0
80000004:	00000113          	li	sp,0
80000008:	00000193          	li	gp,0
8000000c:	00000213          	li	tp,0
80000010:	00000293          	li	t0,0
80000014:	00000313          	li	t1,0
80000018:	00000393          	li	t2,0
8000001c:	00000413          	li	s0,0
80000020:	00000493          	li	s1,0
80000024:	00000513          	li	a0,0
80000028:	00000593          	li	a1,0
8000002c:	00000613          	li	a2,0
80000030:	00000693          	li	a3,0
80000034:	00000713          	li	a4,0
80000038:	00000793          	li	a5,0
8000003c:	00000813          	li	a6,0
80000040:	00000893          	li	a7,0
80000044:	00000913          	li	s2,0
80000048:	00000993          	li	s3,0
8000004c:	00000a13          	li	s4,0
80000050:	00000a93          	li	s5,0
80000054:	00000b13          	li	s6,0
80000058:	00000b93          	li	s7,0
8000005c:	00000c13          	li	s8,0
80000060:	00000c93          	li	s9,0
80000064:	00000d13          	li	s10,0
80000068:	00000d93          	li	s11,0
8000006c:	00000e13          	li	t3,0
80000070:	00000e93          	li	t4,0
80000074:	00000f13          	li	t5,0
80000078:	00000f93          	li	t6,0
8000007c:	0181e2b7          	lui	t0,0x181e
80000080:	3002a073          	csrs	mstatus,t0
80000084:	00100293          	li	t0,1
80000088:	01f29293          	slli	t0,t0,0x1f
8000008c:	0002ca63          	bltz	t0,800000a0 <_start+0xa0>
80000090:	00100513          	li	a0,1
80000094:	00001297          	auipc	t0,0x1
80000098:	f6a2a623          	sw	a0,-148(t0) # 80001000 <tohost>
8000009c:	ff5ff06f          	j	80000090 <_start+0x90>
800000a0:	00000297          	auipc	t0,0x0
800000a4:	04428293          	addi	t0,t0,68 # 800000e4 <trap_entry>
800000a8:	30529073          	csrw	mtvec,t0
800000ac:	00008197          	auipc	gp,0x8
800000b0:	27018193          	addi	gp,gp,624 # 8000831c <__global_pointer$>
800000b4:	0000a217          	auipc	tp,0xa
800000b8:	acb20213          	addi	tp,tp,-1333 # 80009b7f <_end+0x3f>
800000bc:	fc027213          	andi	tp,tp,-64
800000c0:	f1402573          	csrr	a0,mhartid
800000c4:	00100593          	li	a1,1
800000c8:	00b57063          	bgeu	a0,a1,800000c8 <_start+0xc8>
800000cc:	00150113          	addi	sp,a0,1
800000d0:	01111113          	slli	sp,sp,0x11
800000d4:	00410133          	add	sp,sp,tp
800000d8:	01151613          	slli	a2,a0,0x11
800000dc:	00c20233          	add	tp,tp,a2
800000e0:	4710206f          	j	80002d50 <_init>

800000e4 <trap_entry>:
800000e4:	ef010113          	addi	sp,sp,-272
800000e8:	00112223          	sw	ra,4(sp)
800000ec:	00212423          	sw	sp,8(sp)
800000f0:	00312623          	sw	gp,12(sp)
800000f4:	00412823          	sw	tp,16(sp)
800000f8:	00512a23          	sw	t0,20(sp)
800000fc:	00612c23          	sw	t1,24(sp)
80000100:	00712e23          	sw	t2,28(sp)
80000104:	02812023          	sw	s0,32(sp)
80000108:	02912223          	sw	s1,36(sp)
8000010c:	02a12423          	sw	a0,40(sp)
80000110:	02b12623          	sw	a1,44(sp)
80000114:	02c12823          	sw	a2,48(sp)
80000118:	02d12a23          	sw	a3,52(sp)
8000011c:	02e12c23          	sw	a4,56(sp)
80000120:	02f12e23          	sw	a5,60(sp)
80000124:	05012023          	sw	a6,64(sp)
80000128:	05112223          	sw	a7,68(sp)
8000012c:	05212423          	sw	s2,72(sp)
80000130:	05312623          	sw	s3,76(sp)
80000134:	05412823          	sw	s4,80(sp)
80000138:	05512a23          	sw	s5,84(sp)
8000013c:	05612c23          	sw	s6,88(sp)
80000140:	05712e23          	sw	s7,92(sp)
80000144:	07812023          	sw	s8,96(sp)
80000148:	07912223          	sw	s9,100(sp)
8000014c:	07a12423          	sw	s10,104(sp)
80000150:	07b12623          	sw	s11,108(sp)
80000154:	07c12823          	sw	t3,112(sp)
80000158:	07d12a23          	sw	t4,116(sp)
8000015c:	07e12c23          	sw	t5,120(sp)
80000160:	07f12e23          	sw	t6,124(sp)
80000164:	34202573          	csrr	a0,mcause
80000168:	341025f3          	csrr	a1,mepc
8000016c:	00010613          	mv	a2,sp
80000170:	051020ef          	jal	800029c0 <handle_trap>
80000174:	34151073          	csrw	mepc,a0
80000178:	000022b7          	lui	t0,0x2
8000017c:	80028293          	addi	t0,t0,-2048 # 1800 <buflen.1+0x17c0>
80000180:	3002a073          	csrs	mstatus,t0
80000184:	00412083          	lw	ra,4(sp)
80000188:	00812103          	lw	sp,8(sp)
8000018c:	00c12183          	lw	gp,12(sp)
80000190:	01012203          	lw	tp,16(sp)
80000194:	01412283          	lw	t0,20(sp)
80000198:	01812303          	lw	t1,24(sp)
8000019c:	01c12383          	lw	t2,28(sp)
800001a0:	02012403          	lw	s0,32(sp)
800001a4:	02412483          	lw	s1,36(sp)
800001a8:	02812503          	lw	a0,40(sp)
800001ac:	02c12583          	lw	a1,44(sp)
800001b0:	03012603          	lw	a2,48(sp)
800001b4:	03412683          	lw	a3,52(sp)
800001b8:	03812703          	lw	a4,56(sp)
800001bc:	03c12783          	lw	a5,60(sp)
800001c0:	04012803          	lw	a6,64(sp)
800001c4:	04412883          	lw	a7,68(sp)
800001c8:	04812903          	lw	s2,72(sp)
800001cc:	04c12983          	lw	s3,76(sp)
800001d0:	05012a03          	lw	s4,80(sp)
800001d4:	05412a83          	lw	s5,84(sp)
800001d8:	05812b03          	lw	s6,88(sp)
800001dc:	05c12b83          	lw	s7,92(sp)
800001e0:	06012c03          	lw	s8,96(sp)
800001e4:	06412c83          	lw	s9,100(sp)
800001e8:	06812d03          	lw	s10,104(sp)
800001ec:	06c12d83          	lw	s11,108(sp)
800001f0:	07012e03          	lw	t3,112(sp)
800001f4:	07412e83          	lw	t4,116(sp)
800001f8:	07812f03          	lw	t5,120(sp)
800001fc:	07c12f83          	lw	t6,124(sp)
80000200:	11010113          	addi	sp,sp,272
80000204:	30200073          	mret

Disassembly of section .text:

80002000 <verify.constprop.0>:
80002000:	00050793          	mv	a5,a0
80002004:	00004717          	auipc	a4,0x4
80002008:	b1870713          	addi	a4,a4,-1256 # 80005b1c <input_data>
8000200c:	00000513          	li	a0,0
80002010:	00072603          	lw	a2,0(a4)
80002014:	0007a683          	lw	a3,0(a5)
80002018:	00472803          	lw	a6,4(a4)
8000201c:	0047a583          	lw	a1,4(a5)
80002020:	02d61263          	bne	a2,a3,80002044 <verify.constprop.0+0x44>
80002024:	00250513          	addi	a0,a0,2
80002028:	80050693          	addi	a3,a0,-2048
8000202c:	00b81a63          	bne	a6,a1,80002040 <verify.constprop.0+0x40>
80002030:	00870713          	addi	a4,a4,8
80002034:	00878793          	addi	a5,a5,8
80002038:	fc069ce3          	bnez	a3,80002010 <verify.constprop.0+0x10>
8000203c:	00000513          	li	a0,0
80002040:	00008067          	ret
80002044:	00150513          	addi	a0,a0,1
80002048:	00008067          	ret

8000204c <sort>:
8000204c:	bd010113          	addi	sp,sp,-1072
80002050:	42812423          	sw	s0,1064(sp)
80002054:	00251413          	slli	s0,a0,0x2
80002058:	ff040793          	addi	a5,s0,-16
8000205c:	43212023          	sw	s2,1056(sp)
80002060:	ff07f793          	andi	a5,a5,-16
80002064:	ff340913          	addi	s2,s0,-13
80002068:	42912223          	sw	s1,1060(sp)
8000206c:	41312e23          	sw	s3,1052(sp)
80002070:	41412c23          	sw	s4,1048(sp)
80002074:	41512a23          	sw	s5,1044(sp)
80002078:	41612823          	sw	s6,1040(sp)
8000207c:	41712623          	sw	s7,1036(sp)
80002080:	41812423          	sw	s8,1032(sp)
80002084:	41912223          	sw	s9,1028(sp)
80002088:	41a12023          	sw	s10,1024(sp)
8000208c:	ff440a93          	addi	s5,s0,-12
80002090:	00040993          	mv	s3,s0
80002094:	00010813          	mv	a6,sp
80002098:	42112623          	sw	ra,1068(sp)
8000209c:	00058b13          	mv	s6,a1
800020a0:	00060c93          	mv	s9,a2
800020a4:	40f004b3          	neg	s1,a5
800020a8:	ff097913          	andi	s2,s2,-16
800020ac:	00880a13          	addi	s4,a6,8
800020b0:	40080b93          	addi	s7,a6,1024
800020b4:	ffc40413          	addi	s0,s0,-4
800020b8:	00058d13          	mv	s10,a1
800020bc:	00000c13          	li	s8,0
800020c0:	40000613          	li	a2,1024
800020c4:	00000593          	li	a1,0
800020c8:	00080513          	mv	a0,a6
800020cc:	409000ef          	jal	80002cd4 <memset>
800020d0:	015d05b3          	add	a1,s10,s5
800020d4:	00050813          	mv	a6,a0
800020d8:	000d0613          	mv	a2,s10
800020dc:	000d0713          	mv	a4,s10
800020e0:	08bd7a63          	bgeu	s10,a1,80002174 <sort+0x128>
800020e4:	00062503          	lw	a0,0(a2)
800020e8:	00462683          	lw	a3,4(a2)
800020ec:	00862703          	lw	a4,8(a2)
800020f0:	01855533          	srl	a0,a0,s8
800020f4:	0ff57513          	zext.b	a0,a0
800020f8:	00251513          	slli	a0,a0,0x2
800020fc:	00a80533          	add	a0,a6,a0
80002100:	00052883          	lw	a7,0(a0)
80002104:	0186d6b3          	srl	a3,a3,s8
80002108:	0ff6f693          	zext.b	a3,a3
8000210c:	00188893          	addi	a7,a7,1
80002110:	00269693          	slli	a3,a3,0x2
80002114:	00c62783          	lw	a5,12(a2)
80002118:	00d806b3          	add	a3,a6,a3
8000211c:	01152023          	sw	a7,0(a0)
80002120:	0006a503          	lw	a0,0(a3)
80002124:	01875733          	srl	a4,a4,s8
80002128:	0ff77713          	zext.b	a4,a4
8000212c:	00271713          	slli	a4,a4,0x2
80002130:	00150513          	addi	a0,a0,1
80002134:	00a6a023          	sw	a0,0(a3)
80002138:	00e80733          	add	a4,a6,a4
8000213c:	00072683          	lw	a3,0(a4)
80002140:	0187d7b3          	srl	a5,a5,s8
80002144:	0ff7f793          	zext.b	a5,a5
80002148:	00279793          	slli	a5,a5,0x2
8000214c:	00168693          	addi	a3,a3,1
80002150:	00f807b3          	add	a5,a6,a5
80002154:	00d72023          	sw	a3,0(a4)
80002158:	0007a703          	lw	a4,0(a5)
8000215c:	01060613          	addi	a2,a2,16
80002160:	00170713          	addi	a4,a4,1
80002164:	00e7a023          	sw	a4,0(a5)
80002168:	f6b66ee3          	bltu	a2,a1,800020e4 <sort+0x98>
8000216c:	010d0713          	addi	a4,s10,16
80002170:	00e90733          	add	a4,s2,a4
80002174:	013d0633          	add	a2,s10,s3
80002178:	02c77663          	bgeu	a4,a2,800021a4 <sort+0x158>
8000217c:	00072783          	lw	a5,0(a4)
80002180:	00470713          	addi	a4,a4,4
80002184:	0187d7b3          	srl	a5,a5,s8
80002188:	0ff7f793          	zext.b	a5,a5
8000218c:	00279793          	slli	a5,a5,0x2
80002190:	00f807b3          	add	a5,a6,a5
80002194:	0007a683          	lw	a3,0(a5)
80002198:	00168693          	addi	a3,a3,1
8000219c:	00d7a023          	sw	a3,0(a5)
800021a0:	fcc76ee3          	bltu	a4,a2,8000217c <sort+0x130>
800021a4:	00482683          	lw	a3,4(a6)
800021a8:	00082703          	lw	a4,0(a6)
800021ac:	000a0793          	mv	a5,s4
800021b0:	00e686b3          	add	a3,a3,a4
800021b4:	00d82223          	sw	a3,4(a6)
800021b8:	0007a703          	lw	a4,0(a5)
800021bc:	0047a583          	lw	a1,4(a5)
800021c0:	00878793          	addi	a5,a5,8
800021c4:	00e68733          	add	a4,a3,a4
800021c8:	00b706b3          	add	a3,a4,a1
800021cc:	fee7ac23          	sw	a4,-8(a5)
800021d0:	fed7ae23          	sw	a3,-4(a5)
800021d4:	ff7792e3          	bne	a5,s7,800021b8 <sort+0x16c>
800021d8:	008d08b3          	add	a7,s10,s0
800021dc:	00cd0313          	addi	t1,s10,12
800021e0:	0c68e463          	bltu	a7,t1,800022a8 <sort+0x25c>
800021e4:	00088693          	mv	a3,a7
800021e8:	0006a503          	lw	a0,0(a3)
800021ec:	ffc6a583          	lw	a1,-4(a3)
800021f0:	ff86a603          	lw	a2,-8(a3)
800021f4:	01855733          	srl	a4,a0,s8
800021f8:	0ff77713          	zext.b	a4,a4
800021fc:	00271713          	slli	a4,a4,0x2
80002200:	00e80733          	add	a4,a6,a4
80002204:	00072e03          	lw	t3,0(a4)
80002208:	0185d7b3          	srl	a5,a1,s8
8000220c:	0ff7f793          	zext.b	a5,a5
80002210:	fffe0f13          	addi	t5,t3,-1
80002214:	00279793          	slli	a5,a5,0x2
80002218:	ff46ae83          	lw	t4,-12(a3)
8000221c:	00f807b3          	add	a5,a6,a5
80002220:	01e72023          	sw	t5,0(a4)
80002224:	0007af03          	lw	t5,0(a5)
80002228:	01865733          	srl	a4,a2,s8
8000222c:	0ff77713          	zext.b	a4,a4
80002230:	ffff0f93          	addi	t6,t5,-1
80002234:	00271713          	slli	a4,a4,0x2
80002238:	01f7a023          	sw	t6,0(a5)
8000223c:	00e80733          	add	a4,a6,a4
80002240:	00072f83          	lw	t6,0(a4)
80002244:	018ed7b3          	srl	a5,t4,s8
80002248:	0ff7f793          	zext.b	a5,a5
8000224c:	ffff8293          	addi	t0,t6,-1
80002250:	00279793          	slli	a5,a5,0x2
80002254:	00572023          	sw	t0,0(a4)
80002258:	00f807b3          	add	a5,a6,a5
8000225c:	0007a703          	lw	a4,0(a5)
80002260:	002e1e13          	slli	t3,t3,0x2
80002264:	01cc8e33          	add	t3,s9,t3
80002268:	fff70293          	addi	t0,a4,-1
8000226c:	0057a023          	sw	t0,0(a5)
80002270:	002f1f13          	slli	t5,t5,0x2
80002274:	feae2e23          	sw	a0,-4(t3)
80002278:	01ec8f33          	add	t5,s9,t5
8000227c:	002f9f93          	slli	t6,t6,0x2
80002280:	febf2e23          	sw	a1,-4(t5)
80002284:	01fc8fb3          	add	t6,s9,t6
80002288:	00271713          	slli	a4,a4,0x2
8000228c:	00ec8733          	add	a4,s9,a4
80002290:	fecfae23          	sw	a2,-4(t6)
80002294:	ff068693          	addi	a3,a3,-16
80002298:	ffd72e23          	sw	t4,-4(a4)
8000229c:	f466f6e3          	bgeu	a3,t1,800021e8 <sort+0x19c>
800022a0:	ff088893          	addi	a7,a7,-16
800022a4:	011488b3          	add	a7,s1,a7
800022a8:	03a8ee63          	bltu	a7,s10,800022e4 <sort+0x298>
800022ac:	0008a783          	lw	a5,0(a7)
800022b0:	ffc88893          	addi	a7,a7,-4
800022b4:	0187d7b3          	srl	a5,a5,s8
800022b8:	0ff7f793          	zext.b	a5,a5
800022bc:	00279793          	slli	a5,a5,0x2
800022c0:	00f807b3          	add	a5,a6,a5
800022c4:	0007a703          	lw	a4,0(a5)
800022c8:	fff70713          	addi	a4,a4,-1
800022cc:	00e7a023          	sw	a4,0(a5)
800022d0:	0048a783          	lw	a5,4(a7)
800022d4:	00271713          	slli	a4,a4,0x2
800022d8:	00ec8733          	add	a4,s9,a4
800022dc:	00f72023          	sw	a5,0(a4)
800022e0:	fda8f6e3          	bgeu	a7,s10,800022ac <sort+0x260>
800022e4:	008c0c13          	addi	s8,s8,8
800022e8:	02000793          	li	a5,32
800022ec:	00fc0a63          	beq	s8,a5,80002300 <sort+0x2b4>
800022f0:	000d0793          	mv	a5,s10
800022f4:	000c8d13          	mv	s10,s9
800022f8:	00078c93          	mv	s9,a5
800022fc:	dc5ff06f          	j	800020c0 <sort+0x74>
80002300:	059b0463          	beq	s6,s9,80002348 <sort+0x2fc>
80002304:	42812403          	lw	s0,1064(sp)
80002308:	42c12083          	lw	ra,1068(sp)
8000230c:	42412483          	lw	s1,1060(sp)
80002310:	42012903          	lw	s2,1056(sp)
80002314:	41812a03          	lw	s4,1048(sp)
80002318:	41412a83          	lw	s5,1044(sp)
8000231c:	41012b03          	lw	s6,1040(sp)
80002320:	40c12b83          	lw	s7,1036(sp)
80002324:	40812c03          	lw	s8,1032(sp)
80002328:	00098613          	mv	a2,s3
8000232c:	000d0593          	mv	a1,s10
80002330:	41c12983          	lw	s3,1052(sp)
80002334:	40012d03          	lw	s10,1024(sp)
80002338:	000c8513          	mv	a0,s9
8000233c:	40412c83          	lw	s9,1028(sp)
80002340:	43010113          	addi	sp,sp,1072
80002344:	0c10006f          	j	80002c04 <memcpy>
80002348:	42c12083          	lw	ra,1068(sp)
8000234c:	42812403          	lw	s0,1064(sp)
80002350:	42412483          	lw	s1,1060(sp)
80002354:	42012903          	lw	s2,1056(sp)
80002358:	41c12983          	lw	s3,1052(sp)
8000235c:	41812a03          	lw	s4,1048(sp)
80002360:	41412a83          	lw	s5,1044(sp)
80002364:	41012b03          	lw	s6,1040(sp)
80002368:	40c12b83          	lw	s7,1036(sp)
8000236c:	40812c03          	lw	s8,1032(sp)
80002370:	40412c83          	lw	s9,1028(sp)
80002374:	40012d03          	lw	s10,1024(sp)
80002378:	43010113          	addi	sp,sp,1072
8000237c:	00008067          	ret

80002380 <vprintfmt>:
80002380:	eb010113          	addi	sp,sp,-336
80002384:	14812423          	sw	s0,328(sp)
80002388:	15212023          	sw	s2,320(sp)
8000238c:	13312e23          	sw	s3,316(sp)
80002390:	13512a23          	sw	s5,308(sp)
80002394:	14112623          	sw	ra,332(sp)
80002398:	14912223          	sw	s1,324(sp)
8000239c:	13412c23          	sw	s4,312(sp)
800023a0:	13712623          	sw	s7,300(sp)
800023a4:	13812423          	sw	s8,296(sp)
800023a8:	13912223          	sw	s9,292(sp)
800023ac:	13a12023          	sw	s10,288(sp)
800023b0:	00050993          	mv	s3,a0
800023b4:	00058913          	mv	s2,a1
800023b8:	00060413          	mv	s0,a2
800023bc:	00d12623          	sw	a3,12(sp)
800023c0:	02500a93          	li	s5,37
800023c4:	0140006f          	j	800023d8 <vprintfmt+0x58>
800023c8:	06050463          	beqz	a0,80002430 <vprintfmt+0xb0>
800023cc:	00090593          	mv	a1,s2
800023d0:	00140413          	addi	s0,s0,1
800023d4:	000980e7          	jalr	s3
800023d8:	00044503          	lbu	a0,0(s0)
800023dc:	ff5516e3          	bne	a0,s5,800023c8 <vprintfmt+0x48>
800023e0:	00144683          	lbu	a3,1(s0)
800023e4:	00140a13          	addi	s4,s0,1
800023e8:	fff00493          	li	s1,-1
800023ec:	02000793          	li	a5,32
800023f0:	000a0713          	mv	a4,s4
800023f4:	00048c13          	mv	s8,s1
800023f8:	00f12423          	sw	a5,8(sp)
800023fc:	00000593          	li	a1,0
80002400:	fdd68793          	addi	a5,a3,-35
80002404:	0ff7f793          	zext.b	a5,a5
80002408:	05500613          	li	a2,85
8000240c:	00170413          	addi	s0,a4,1
80002410:	06f66a63          	bltu	a2,a5,80002484 <vprintfmt+0x104>
80002414:	00001617          	auipc	a2,0x1
80002418:	47460613          	addi	a2,a2,1140 # 80003888 <main+0xec>
8000241c:	00279793          	slli	a5,a5,0x2
80002420:	00c787b3          	add	a5,a5,a2
80002424:	0007a783          	lw	a5,0(a5)
80002428:	00c787b3          	add	a5,a5,a2
8000242c:	00078067          	jr	a5
80002430:	14c12083          	lw	ra,332(sp)
80002434:	14812403          	lw	s0,328(sp)
80002438:	14412483          	lw	s1,324(sp)
8000243c:	14012903          	lw	s2,320(sp)
80002440:	13c12983          	lw	s3,316(sp)
80002444:	13812a03          	lw	s4,312(sp)
80002448:	13412a83          	lw	s5,308(sp)
8000244c:	12c12b83          	lw	s7,300(sp)
80002450:	12812c03          	lw	s8,296(sp)
80002454:	12412c83          	lw	s9,292(sp)
80002458:	12012d03          	lw	s10,288(sp)
8000245c:	15010113          	addi	sp,sp,336
80002460:	00008067          	ret
80002464:	00d12423          	sw	a3,8(sp)
80002468:	00174683          	lbu	a3,1(a4)
8000246c:	05500613          	li	a2,85
80002470:	00040713          	mv	a4,s0
80002474:	fdd68793          	addi	a5,a3,-35
80002478:	0ff7f793          	zext.b	a5,a5
8000247c:	00170413          	addi	s0,a4,1
80002480:	f8f67ae3          	bgeu	a2,a5,80002414 <vprintfmt+0x94>
80002484:	00090593          	mv	a1,s2
80002488:	02500513          	li	a0,37
8000248c:	000980e7          	jalr	s3
80002490:	000a0413          	mv	s0,s4
80002494:	f45ff06f          	j	800023d8 <vprintfmt+0x58>
80002498:	00174603          	lbu	a2,1(a4)
8000249c:	00900513          	li	a0,9
800024a0:	fd068493          	addi	s1,a3,-48
800024a4:	fd060793          	addi	a5,a2,-48
800024a8:	00060693          	mv	a3,a2
800024ac:	00040713          	mv	a4,s0
800024b0:	02f56663          	bltu	a0,a5,800024dc <vprintfmt+0x15c>
800024b4:	00249793          	slli	a5,s1,0x2
800024b8:	009787b3          	add	a5,a5,s1
800024bc:	00170713          	addi	a4,a4,1
800024c0:	00179793          	slli	a5,a5,0x1
800024c4:	00c787b3          	add	a5,a5,a2
800024c8:	00074603          	lbu	a2,0(a4)
800024cc:	fd078493          	addi	s1,a5,-48
800024d0:	fd060793          	addi	a5,a2,-48
800024d4:	00060693          	mv	a3,a2
800024d8:	fcf57ee3          	bgeu	a0,a5,800024b4 <vprintfmt+0x134>
800024dc:	f20c52e3          	bgez	s8,80002400 <vprintfmt+0x80>
800024e0:	00048c13          	mv	s8,s1
800024e4:	fff00493          	li	s1,-1
800024e8:	f19ff06f          	j	80002400 <vprintfmt+0x80>
800024ec:	00174683          	lbu	a3,1(a4)
800024f0:	00040713          	mv	a4,s0
800024f4:	f0dff06f          	j	80002400 <vprintfmt+0x80>
800024f8:	00090593          	mv	a1,s2
800024fc:	02500513          	li	a0,37
80002500:	000980e7          	jalr	s3
80002504:	ed5ff06f          	j	800023d8 <vprintfmt+0x58>
80002508:	00c12783          	lw	a5,12(sp)
8000250c:	00174683          	lbu	a3,1(a4)
80002510:	00040713          	mv	a4,s0
80002514:	0007a483          	lw	s1,0(a5)
80002518:	00478793          	addi	a5,a5,4
8000251c:	00f12623          	sw	a5,12(sp)
80002520:	fbdff06f          	j	800024dc <vprintfmt+0x15c>
80002524:	00090593          	mv	a1,s2
80002528:	03000513          	li	a0,48
8000252c:	13612823          	sw	s6,304(sp)
80002530:	000980e7          	jalr	s3
80002534:	00090593          	mv	a1,s2
80002538:	07800513          	li	a0,120
8000253c:	000980e7          	jalr	s3
80002540:	00c12783          	lw	a5,12(sp)
80002544:	01000b93          	li	s7,16
80002548:	00000d13          	li	s10,0
8000254c:	00478713          	addi	a4,a5,4
80002550:	00c12783          	lw	a5,12(sp)
80002554:	00000c93          	li	s9,0
80002558:	0007a483          	lw	s1,0(a5)
8000255c:	00e12623          	sw	a4,12(sp)
80002560:	000b8613          	mv	a2,s7
80002564:	00000693          	li	a3,0
80002568:	00048513          	mv	a0,s1
8000256c:	000c8593          	mv	a1,s9
80002570:	64d000ef          	jal	800033bc <__umoddi3>
80002574:	00a12823          	sw	a0,16(sp)
80002578:	279d0863          	beq	s10,s9,800027e8 <vprintfmt+0x468>
8000257c:	11b12e23          	sw	s11,284(sp)
80002580:	00100b13          	li	s6,1
80002584:	01410d93          	addi	s11,sp,20
80002588:	00048513          	mv	a0,s1
8000258c:	000c8593          	mv	a1,s9
80002590:	000b8613          	mv	a2,s7
80002594:	00000693          	li	a3,0
80002598:	1f9000ef          	jal	80002f90 <__udivdi3>
8000259c:	000b8613          	mv	a2,s7
800025a0:	00000693          	li	a3,0
800025a4:	00050493          	mv	s1,a0
800025a8:	00058c93          	mv	s9,a1
800025ac:	611000ef          	jal	800033bc <__umoddi3>
800025b0:	00ada023          	sw	a0,0(s11)
800025b4:	000b0a13          	mv	s4,s6
800025b8:	004d8d93          	addi	s11,s11,4
800025bc:	001b0b13          	addi	s6,s6,1
800025c0:	fd9d14e3          	bne	s10,s9,80002588 <vprintfmt+0x208>
800025c4:	fd74f2e3          	bgeu	s1,s7,80002588 <vprintfmt+0x208>
800025c8:	11c12d83          	lw	s11,284(sp)
800025cc:	fffc0b93          	addi	s7,s8,-1
800025d0:	fffb0493          	addi	s1,s6,-1
800025d4:	018b5c63          	bge	s6,s8,800025ec <vprintfmt+0x26c>
800025d8:	00812503          	lw	a0,8(sp)
800025dc:	00090593          	mv	a1,s2
800025e0:	fffb8b93          	addi	s7,s7,-1
800025e4:	000980e7          	jalr	s3
800025e8:	fe9b98e3          	bne	s7,s1,800025d8 <vprintfmt+0x258>
800025ec:	002a1a13          	slli	s4,s4,0x2
800025f0:	01010493          	addi	s1,sp,16
800025f4:	01448a33          	add	s4,s1,s4
800025f8:	00900b13          	li	s6,9
800025fc:	0080006f          	j	80002604 <vprintfmt+0x284>
80002600:	00078a13          	mv	s4,a5
80002604:	000a2783          	lw	a5,0(s4)
80002608:	03000513          	li	a0,48
8000260c:	00fb7463          	bgeu	s6,a5,80002614 <vprintfmt+0x294>
80002610:	05700513          	li	a0,87
80002614:	00a78533          	add	a0,a5,a0
80002618:	00090593          	mv	a1,s2
8000261c:	000980e7          	jalr	s3
80002620:	ffca0793          	addi	a5,s4,-4
80002624:	fd449ee3          	bne	s1,s4,80002600 <vprintfmt+0x280>
80002628:	13012b03          	lw	s6,304(sp)
8000262c:	dadff06f          	j	800023d8 <vprintfmt+0x58>
80002630:	13612823          	sw	s6,304(sp)
80002634:	00100793          	li	a5,1
80002638:	1cb7c063          	blt	a5,a1,800027f8 <vprintfmt+0x478>
8000263c:	00c12783          	lw	a5,12(sp)
80002640:	0007a483          	lw	s1,0(a5)
80002644:	00478793          	addi	a5,a5,4
80002648:	00f12623          	sw	a5,12(sp)
8000264c:	41f4dc93          	srai	s9,s1,0x1f
80002650:	020cd063          	bgez	s9,80002670 <vprintfmt+0x2f0>
80002654:	00090593          	mv	a1,s2
80002658:	02d00513          	li	a0,45
8000265c:	000980e7          	jalr	s3
80002660:	00903733          	snez	a4,s1
80002664:	419007b3          	neg	a5,s9
80002668:	40e78cb3          	sub	s9,a5,a4
8000266c:	409004b3          	neg	s1,s1
80002670:	00a00b93          	li	s7,10
80002674:	00000d13          	li	s10,0
80002678:	ee9ff06f          	j	80002560 <vprintfmt+0x1e0>
8000267c:	00174683          	lbu	a3,1(a4)
80002680:	00158593          	addi	a1,a1,1
80002684:	00040713          	mv	a4,s0
80002688:	d79ff06f          	j	80002400 <vprintfmt+0x80>
8000268c:	13612823          	sw	s6,304(sp)
80002690:	01000b93          	li	s7,16
80002694:	00000d13          	li	s10,0
80002698:	00100793          	li	a5,1
8000269c:	12b7c663          	blt	a5,a1,800027c8 <vprintfmt+0x448>
800026a0:	00c12783          	lw	a5,12(sp)
800026a4:	00478713          	addi	a4,a5,4
800026a8:	ea9ff06f          	j	80002550 <vprintfmt+0x1d0>
800026ac:	00c12783          	lw	a5,12(sp)
800026b0:	0007aa03          	lw	s4,0(a5)
800026b4:	060a0a63          	beqz	s4,80002728 <vprintfmt+0x3a8>
800026b8:	0d805663          	blez	s8,80002784 <vprintfmt+0x404>
800026bc:	00812703          	lw	a4,8(sp)
800026c0:	02d00793          	li	a5,45
800026c4:	08f71063          	bne	a4,a5,80002744 <vprintfmt+0x3c4>
800026c8:	000a4503          	lbu	a0,0(s4)
800026cc:	02050c63          	beqz	a0,80002704 <vprintfmt+0x384>
800026d0:	13612823          	sw	s6,304(sp)
800026d4:	fff00b13          	li	s6,-1
800026d8:	0004c663          	bltz	s1,800026e4 <vprintfmt+0x364>
800026dc:	fff48493          	addi	s1,s1,-1
800026e0:	01648e63          	beq	s1,s6,800026fc <vprintfmt+0x37c>
800026e4:	00090593          	mv	a1,s2
800026e8:	000980e7          	jalr	s3
800026ec:	001a4503          	lbu	a0,1(s4)
800026f0:	001a0a13          	addi	s4,s4,1
800026f4:	fffc0c13          	addi	s8,s8,-1
800026f8:	fe0510e3          	bnez	a0,800026d8 <vprintfmt+0x358>
800026fc:	13012b03          	lw	s6,304(sp)
80002700:	01805c63          	blez	s8,80002718 <vprintfmt+0x398>
80002704:	00090593          	mv	a1,s2
80002708:	02000513          	li	a0,32
8000270c:	fffc0c13          	addi	s8,s8,-1
80002710:	000980e7          	jalr	s3
80002714:	fe0c18e3          	bnez	s8,80002704 <vprintfmt+0x384>
80002718:	00c12783          	lw	a5,12(sp)
8000271c:	00478793          	addi	a5,a5,4
80002720:	00f12623          	sw	a5,12(sp)
80002724:	cb5ff06f          	j	800023d8 <vprintfmt+0x58>
80002728:	11805863          	blez	s8,80002838 <vprintfmt+0x4b8>
8000272c:	00812703          	lw	a4,8(sp)
80002730:	02d00793          	li	a5,45
80002734:	00001a17          	auipc	s4,0x1
80002738:	110a0a13          	addi	s4,s4,272 # 80003844 <main+0xa8>
8000273c:	02800513          	li	a0,40
80002740:	f8f708e3          	beq	a4,a5,800026d0 <vprintfmt+0x350>
80002744:	000a0793          	mv	a5,s4
80002748:	009a06b3          	add	a3,s4,s1
8000274c:	00049863          	bnez	s1,8000275c <vprintfmt+0x3dc>
80002750:	0200006f          	j	80002770 <vprintfmt+0x3f0>
80002754:	00178793          	addi	a5,a5,1
80002758:	00d78663          	beq	a5,a3,80002764 <vprintfmt+0x3e4>
8000275c:	0007c703          	lbu	a4,0(a5)
80002760:	fe071ae3          	bnez	a4,80002754 <vprintfmt+0x3d4>
80002764:	414787b3          	sub	a5,a5,s4
80002768:	40fc0c33          	sub	s8,s8,a5
8000276c:	01805c63          	blez	s8,80002784 <vprintfmt+0x404>
80002770:	00812503          	lw	a0,8(sp)
80002774:	00090593          	mv	a1,s2
80002778:	fffc0c13          	addi	s8,s8,-1
8000277c:	000980e7          	jalr	s3
80002780:	fe0c18e3          	bnez	s8,80002770 <vprintfmt+0x3f0>
80002784:	000a4503          	lbu	a0,0(s4)
80002788:	f80508e3          	beqz	a0,80002718 <vprintfmt+0x398>
8000278c:	13612823          	sw	s6,304(sp)
80002790:	f45ff06f          	j	800026d4 <vprintfmt+0x354>
80002794:	fffc4793          	not	a5,s8
80002798:	41f7d793          	srai	a5,a5,0x1f
8000279c:	00174683          	lbu	a3,1(a4)
800027a0:	00fc7c33          	and	s8,s8,a5
800027a4:	00040713          	mv	a4,s0
800027a8:	c59ff06f          	j	80002400 <vprintfmt+0x80>
800027ac:	00c12783          	lw	a5,12(sp)
800027b0:	00090593          	mv	a1,s2
800027b4:	0007a503          	lw	a0,0(a5)
800027b8:	00478493          	addi	s1,a5,4
800027bc:	000980e7          	jalr	s3
800027c0:	00912623          	sw	s1,12(sp)
800027c4:	c15ff06f          	j	800023d8 <vprintfmt+0x58>
800027c8:	00c12783          	lw	a5,12(sp)
800027cc:	00778793          	addi	a5,a5,7
800027d0:	ff87f793          	andi	a5,a5,-8
800027d4:	00878713          	addi	a4,a5,8
800027d8:	0007a483          	lw	s1,0(a5)
800027dc:	0047ac83          	lw	s9,4(a5)
800027e0:	00e12623          	sw	a4,12(sp)
800027e4:	d7dff06f          	j	80002560 <vprintfmt+0x1e0>
800027e8:	d974fae3          	bgeu	s1,s7,8000257c <vprintfmt+0x1fc>
800027ec:	00000a13          	li	s4,0
800027f0:	00100b13          	li	s6,1
800027f4:	dd9ff06f          	j	800025cc <vprintfmt+0x24c>
800027f8:	00c12783          	lw	a5,12(sp)
800027fc:	00778793          	addi	a5,a5,7
80002800:	ff87f793          	andi	a5,a5,-8
80002804:	00878713          	addi	a4,a5,8
80002808:	0007a483          	lw	s1,0(a5)
8000280c:	0047ac83          	lw	s9,4(a5)
80002810:	00e12623          	sw	a4,12(sp)
80002814:	e3dff06f          	j	80002650 <vprintfmt+0x2d0>
80002818:	13612823          	sw	s6,304(sp)
8000281c:	00a00b93          	li	s7,10
80002820:	00000d13          	li	s10,0
80002824:	e75ff06f          	j	80002698 <vprintfmt+0x318>
80002828:	13612823          	sw	s6,304(sp)
8000282c:	00800b93          	li	s7,8
80002830:	00000d13          	li	s10,0
80002834:	e65ff06f          	j	80002698 <vprintfmt+0x318>
80002838:	13612823          	sw	s6,304(sp)
8000283c:	00001a17          	auipc	s4,0x1
80002840:	008a0a13          	addi	s4,s4,8 # 80003844 <main+0xa8>
80002844:	02800513          	li	a0,40
80002848:	fff00b13          	li	s6,-1
8000284c:	e8dff06f          	j	800026d8 <vprintfmt+0x358>

80002850 <sprintf_putch.0>:
80002850:	0005a783          	lw	a5,0(a1)
80002854:	00a78023          	sb	a0,0(a5)
80002858:	0005a783          	lw	a5,0(a1)
8000285c:	00178793          	addi	a5,a5,1
80002860:	00f5a023          	sw	a5,0(a1)
80002864:	00008067          	ret

80002868 <putchar>:
80002868:	04022783          	lw	a5,64(tp) # 40 <buflen.1>
8000286c:	00020713          	mv	a4,tp
80002870:	f8010113          	addi	sp,sp,-128
80002874:	00f70733          	add	a4,a4,a5
80002878:	00178793          	addi	a5,a5,1
8000287c:	00a70023          	sb	a0,0(a4)
80002880:	04f22023          	sw	a5,64(tp) # 40 <buflen.1>
80002884:	00a00713          	li	a4,10
80002888:	03f10693          	addi	a3,sp,63
8000288c:	fc06f693          	andi	a3,a3,-64
80002890:	00e50c63          	beq	a0,a4,800028a8 <putchar+0x40>
80002894:	04000713          	li	a4,64
80002898:	00e78863          	beq	a5,a4,800028a8 <putchar+0x40>
8000289c:	00000513          	li	a0,0
800028a0:	08010113          	addi	sp,sp,128
800028a4:	00008067          	ret
800028a8:	04000813          	li	a6,64
800028ac:	0106a023          	sw	a6,0(a3)
800028b0:	00000893          	li	a7,0
800028b4:	0116a223          	sw	a7,4(a3)
800028b8:	00100e13          	li	t3,1
800028bc:	01c6a423          	sw	t3,8(a3)
800028c0:	00000e93          	li	t4,0
800028c4:	01d6a623          	sw	t4,12(a3)
800028c8:	00020313          	mv	t1,tp
800028cc:	0066a823          	sw	t1,16(a3)
800028d0:	00000393          	li	t2,0
800028d4:	0076aa23          	sw	t2,20(a3)
800028d8:	00f6ac23          	sw	a5,24(a3)
800028dc:	41f7d893          	srai	a7,a5,0x1f
800028e0:	0116ae23          	sw	a7,28(a3)
800028e4:	0330000f          	fence	rw,rw
800028e8:	ffffe617          	auipc	a2,0xffffe
800028ec:	71860613          	addi	a2,a2,1816 # 80001000 <tohost>
800028f0:	00d62023          	sw	a3,0(a2)
800028f4:	00000793          	li	a5,0
800028f8:	00f62223          	sw	a5,4(a2)
800028fc:	ffffe617          	auipc	a2,0xffffe
80002900:	74460613          	addi	a2,a2,1860 # 80001040 <fromhost>
80002904:	00062703          	lw	a4,0(a2)
80002908:	00462783          	lw	a5,4(a2)
8000290c:	00f76733          	or	a4,a4,a5
80002910:	fe070ae3          	beqz	a4,80002904 <putchar+0x9c>
80002914:	00000793          	li	a5,0
80002918:	00f62023          	sw	a5,0(a2)
8000291c:	00000813          	li	a6,0
80002920:	01062223          	sw	a6,4(a2)
80002924:	0330000f          	fence	rw,rw
80002928:	04022023          	sw	zero,64(tp) # 40 <buflen.1>
8000292c:	0006a703          	lw	a4,0(a3)
80002930:	00000513          	li	a0,0
80002934:	0046a783          	lw	a5,4(a3)
80002938:	08010113          	addi	sp,sp,128
8000293c:	00008067          	ret

80002940 <setStats>:
80002940:	b0002773          	csrr	a4,mcycle
80002944:	00005797          	auipc	a5,0x5
80002948:	1e078793          	addi	a5,a5,480 # 80007b24 <counters>
8000294c:	00050a63          	beqz	a0,80002960 <setStats+0x20>
80002950:	00e7a023          	sw	a4,0(a5)
80002954:	b0202773          	csrr	a4,minstret
80002958:	00e7a223          	sw	a4,4(a5)
8000295c:	00008067          	ret
80002960:	0007a583          	lw	a1,0(a5)
80002964:	00005697          	auipc	a3,0x5
80002968:	1b868693          	addi	a3,a3,440 # 80007b1c <counter_names>
8000296c:	00001617          	auipc	a2,0x1
80002970:	ee460613          	addi	a2,a2,-284 # 80003850 <main+0xb4>
80002974:	40b70733          	sub	a4,a4,a1
80002978:	00e7a023          	sw	a4,0(a5)
8000297c:	00c6a023          	sw	a2,0(a3)
80002980:	b0202773          	csrr	a4,minstret
80002984:	0047a603          	lw	a2,4(a5)
80002988:	00001597          	auipc	a1,0x1
8000298c:	ed058593          	addi	a1,a1,-304 # 80003858 <main+0xbc>
80002990:	00b6a223          	sw	a1,4(a3)
80002994:	40c70733          	sub	a4,a4,a2
80002998:	00e7a223          	sw	a4,4(a5)
8000299c:	00008067          	ret

800029a0 <tohost_exit>:
800029a0:	00151693          	slli	a3,a0,0x1
800029a4:	0016e713          	ori	a4,a3,1
800029a8:	ffffe697          	auipc	a3,0xffffe
800029ac:	65868693          	addi	a3,a3,1624 # 80001000 <tohost>
800029b0:	00000793          	li	a5,0
800029b4:	00e6a023          	sw	a4,0(a3)
800029b8:	00f6a223          	sw	a5,4(a3)
800029bc:	0000006f          	j	800029bc <tohost_exit+0x1c>

800029c0 <handle_trap>:
800029c0:	00001637          	lui	a2,0x1
800029c4:	ffffe797          	auipc	a5,0xffffe
800029c8:	63c78793          	addi	a5,a5,1596 # 80001000 <tohost>
800029cc:	a7360613          	addi	a2,a2,-1421 # a73 <buflen.1+0xa33>
800029d0:	00000693          	li	a3,0
800029d4:	00c7a023          	sw	a2,0(a5)
800029d8:	00d7a223          	sw	a3,4(a5)
800029dc:	0000006f          	j	800029dc <handle_trap+0x1c>

800029e0 <exit>:
800029e0:	ff010113          	addi	sp,sp,-16
800029e4:	00112623          	sw	ra,12(sp)
800029e8:	fb9ff0ef          	jal	800029a0 <tohost_exit>

800029ec <abort>:
800029ec:	ffffe797          	auipc	a5,0xffffe
800029f0:	61478793          	addi	a5,a5,1556 # 80001000 <tohost>
800029f4:	10d00613          	li	a2,269
800029f8:	00000693          	li	a3,0
800029fc:	00c7a023          	sw	a2,0(a5)
80002a00:	00d7a223          	sw	a3,4(a5)
80002a04:	0000006f          	j	80002a04 <abort+0x18>

80002a08 <printstr>:
80002a08:	00054783          	lbu	a5,0(a0)
80002a0c:	f8010113          	addi	sp,sp,-128
80002a10:	03f10613          	addi	a2,sp,63
80002a14:	00050813          	mv	a6,a0
80002a18:	00000893          	li	a7,0
80002a1c:	fc067613          	andi	a2,a2,-64
80002a20:	0a078063          	beqz	a5,80002ac0 <printstr+0xb8>
80002a24:	00050793          	mv	a5,a0
80002a28:	0017c703          	lbu	a4,1(a5)
80002a2c:	00178793          	addi	a5,a5,1
80002a30:	fe071ce3          	bnez	a4,80002a28 <printstr+0x20>
80002a34:	40a78333          	sub	t1,a5,a0
80002a38:	00000393          	li	t2,0
80002a3c:	04000713          	li	a4,64
80002a40:	00e62023          	sw	a4,0(a2)
80002a44:	00000793          	li	a5,0
80002a48:	00f62223          	sw	a5,4(a2)
80002a4c:	00100713          	li	a4,1
80002a50:	00e62423          	sw	a4,8(a2)
80002a54:	00000793          	li	a5,0
80002a58:	00f62623          	sw	a5,12(a2)
80002a5c:	01062823          	sw	a6,16(a2)
80002a60:	01162a23          	sw	a7,20(a2)
80002a64:	00662c23          	sw	t1,24(a2)
80002a68:	00762e23          	sw	t2,28(a2)
80002a6c:	0330000f          	fence	rw,rw
80002a70:	ffffe697          	auipc	a3,0xffffe
80002a74:	59068693          	addi	a3,a3,1424 # 80001000 <tohost>
80002a78:	00c6a023          	sw	a2,0(a3)
80002a7c:	00000793          	li	a5,0
80002a80:	00f6a223          	sw	a5,4(a3)
80002a84:	ffffe697          	auipc	a3,0xffffe
80002a88:	5bc68693          	addi	a3,a3,1468 # 80001040 <fromhost>
80002a8c:	0006a703          	lw	a4,0(a3)
80002a90:	0046a783          	lw	a5,4(a3)
80002a94:	00f76733          	or	a4,a4,a5
80002a98:	fe070ae3          	beqz	a4,80002a8c <printstr+0x84>
80002a9c:	00000793          	li	a5,0
80002aa0:	00f6a023          	sw	a5,0(a3)
80002aa4:	00000813          	li	a6,0
80002aa8:	0106a223          	sw	a6,4(a3)
80002aac:	0330000f          	fence	rw,rw
80002ab0:	00062703          	lw	a4,0(a2)
80002ab4:	00462783          	lw	a5,4(a2)
80002ab8:	08010113          	addi	sp,sp,128
80002abc:	00008067          	ret
80002ac0:	00000313          	li	t1,0
80002ac4:	00000393          	li	t2,0
80002ac8:	f75ff06f          	j	80002a3c <printstr+0x34>

80002acc <thread_entry>:
80002acc:	00051463          	bnez	a0,80002ad4 <thread_entry+0x8>
80002ad0:	00008067          	ret
80002ad4:	0000006f          	j	80002ad4 <thread_entry+0x8>

80002ad8 <printhex>:
80002ad8:	fd010113          	addi	sp,sp,-48
80002adc:	00050713          	mv	a4,a0
80002ae0:	02112623          	sw	ra,44(sp)
80002ae4:	00c10513          	addi	a0,sp,12
80002ae8:	01b10613          	addi	a2,sp,27
80002aec:	00900813          	li	a6,9
80002af0:	0080006f          	j	80002af8 <printhex+0x20>
80002af4:	00078613          	mv	a2,a5
80002af8:	00f77793          	andi	a5,a4,15
80002afc:	00f837b3          	sltu	a5,a6,a5
80002b00:	40f007b3          	neg	a5,a5
80002b04:	0277f793          	andi	a5,a5,39
80002b08:	00f77693          	andi	a3,a4,15
80002b0c:	03078793          	addi	a5,a5,48
80002b10:	00f687b3          	add	a5,a3,a5
80002b14:	00f60023          	sb	a5,0(a2)
80002b18:	00475713          	srli	a4,a4,0x4
80002b1c:	01c59793          	slli	a5,a1,0x1c
80002b20:	00e7e733          	or	a4,a5,a4
80002b24:	0045d593          	srli	a1,a1,0x4
80002b28:	fff60793          	addi	a5,a2,-1
80002b2c:	fcc514e3          	bne	a0,a2,80002af4 <printhex+0x1c>
80002b30:	00010e23          	sb	zero,28(sp)
80002b34:	ed5ff0ef          	jal	80002a08 <printstr>
80002b38:	02c12083          	lw	ra,44(sp)
80002b3c:	03010113          	addi	sp,sp,48
80002b40:	00008067          	ret

80002b44 <printf>:
80002b44:	fc010113          	addi	sp,sp,-64
80002b48:	02410313          	addi	t1,sp,36
80002b4c:	02b12223          	sw	a1,36(sp)
80002b50:	02c12423          	sw	a2,40(sp)
80002b54:	02d12623          	sw	a3,44(sp)
80002b58:	00050613          	mv	a2,a0
80002b5c:	00030693          	mv	a3,t1
80002b60:	00000517          	auipc	a0,0x0
80002b64:	d0850513          	addi	a0,a0,-760 # 80002868 <putchar>
80002b68:	00000593          	li	a1,0
80002b6c:	00112e23          	sw	ra,28(sp)
80002b70:	02e12823          	sw	a4,48(sp)
80002b74:	02f12a23          	sw	a5,52(sp)
80002b78:	03012c23          	sw	a6,56(sp)
80002b7c:	03112e23          	sw	a7,60(sp)
80002b80:	00612623          	sw	t1,12(sp)
80002b84:	ffcff0ef          	jal	80002380 <vprintfmt>
80002b88:	01c12083          	lw	ra,28(sp)
80002b8c:	00000513          	li	a0,0
80002b90:	04010113          	addi	sp,sp,64
80002b94:	00008067          	ret

80002b98 <sprintf>:
80002b98:	fb010113          	addi	sp,sp,-80
80002b9c:	03810313          	addi	t1,sp,56
80002ba0:	02812423          	sw	s0,40(sp)
80002ba4:	00a12623          	sw	a0,12(sp)
80002ba8:	02c12c23          	sw	a2,56(sp)
80002bac:	02d12e23          	sw	a3,60(sp)
80002bb0:	00050413          	mv	s0,a0
80002bb4:	00058613          	mv	a2,a1
80002bb8:	00000517          	auipc	a0,0x0
80002bbc:	c9850513          	addi	a0,a0,-872 # 80002850 <sprintf_putch.0>
80002bc0:	00c10593          	addi	a1,sp,12
80002bc4:	00030693          	mv	a3,t1
80002bc8:	02112623          	sw	ra,44(sp)
80002bcc:	04f12223          	sw	a5,68(sp)
80002bd0:	04e12023          	sw	a4,64(sp)
80002bd4:	05012423          	sw	a6,72(sp)
80002bd8:	05112623          	sw	a7,76(sp)
80002bdc:	00612e23          	sw	t1,28(sp)
80002be0:	fa0ff0ef          	jal	80002380 <vprintfmt>
80002be4:	00c12783          	lw	a5,12(sp)
80002be8:	00078023          	sb	zero,0(a5)
80002bec:	00c12503          	lw	a0,12(sp)
80002bf0:	02c12083          	lw	ra,44(sp)
80002bf4:	40850533          	sub	a0,a0,s0
80002bf8:	02812403          	lw	s0,40(sp)
80002bfc:	05010113          	addi	sp,sp,80
80002c00:	00008067          	ret

80002c04 <memcpy>:
80002c04:	00c5e7b3          	or	a5,a1,a2
80002c08:	00f567b3          	or	a5,a0,a5
80002c0c:	0037f793          	andi	a5,a5,3
80002c10:	00058393          	mv	t2,a1
80002c14:	00c506b3          	add	a3,a0,a2
80002c18:	02078463          	beqz	a5,80002c40 <memcpy+0x3c>
80002c1c:	00c58633          	add	a2,a1,a2
80002c20:	00050793          	mv	a5,a0
80002c24:	0ad57263          	bgeu	a0,a3,80002cc8 <memcpy+0xc4>
80002c28:	0005c703          	lbu	a4,0(a1)
80002c2c:	00158593          	addi	a1,a1,1
80002c30:	00178793          	addi	a5,a5,1
80002c34:	fee78fa3          	sb	a4,-1(a5)
80002c38:	fec598e3          	bne	a1,a2,80002c28 <memcpy+0x24>
80002c3c:	00008067          	ret
80002c40:	02050713          	addi	a4,a0,32
80002c44:	08d77463          	bgeu	a4,a3,80002ccc <memcpy+0xc8>
80002c48:	00070793          	mv	a5,a4
80002c4c:	0005a283          	lw	t0,0(a1)
80002c50:	0045af83          	lw	t6,4(a1)
80002c54:	0085af03          	lw	t5,8(a1)
80002c58:	00c5ae83          	lw	t4,12(a1)
80002c5c:	0105ae03          	lw	t3,16(a1)
80002c60:	0145a303          	lw	t1,20(a1)
80002c64:	0185a883          	lw	a7,24(a1)
80002c68:	01c5a803          	lw	a6,28(a1)
80002c6c:	02078793          	addi	a5,a5,32
80002c70:	fc57a023          	sw	t0,-64(a5)
80002c74:	fdf7a223          	sw	t6,-60(a5)
80002c78:	fde7a423          	sw	t5,-56(a5)
80002c7c:	fdd7a623          	sw	t4,-52(a5)
80002c80:	fdc7a823          	sw	t3,-48(a5)
80002c84:	fc67aa23          	sw	t1,-44(a5)
80002c88:	fd17ac23          	sw	a7,-40(a5)
80002c8c:	fd07ae23          	sw	a6,-36(a5)
80002c90:	02058593          	addi	a1,a1,32
80002c94:	fad7ece3          	bltu	a5,a3,80002c4c <memcpy+0x48>
80002c98:	fdf60613          	addi	a2,a2,-33
80002c9c:	fe067613          	andi	a2,a2,-32
80002ca0:	02038393          	addi	t2,t2,32
80002ca4:	00c707b3          	add	a5,a4,a2
80002ca8:	00c385b3          	add	a1,t2,a2
80002cac:	f8d7f8e3          	bgeu	a5,a3,80002c3c <memcpy+0x38>
80002cb0:	0005a703          	lw	a4,0(a1)
80002cb4:	00478793          	addi	a5,a5,4
80002cb8:	00458593          	addi	a1,a1,4
80002cbc:	fee7ae23          	sw	a4,-4(a5)
80002cc0:	fed7e8e3          	bltu	a5,a3,80002cb0 <memcpy+0xac>
80002cc4:	00008067          	ret
80002cc8:	00008067          	ret
80002ccc:	00050793          	mv	a5,a0
80002cd0:	fddff06f          	j	80002cac <memcpy+0xa8>

80002cd4 <memset>:
80002cd4:	ff010113          	addi	sp,sp,-16
80002cd8:	00c567b3          	or	a5,a0,a2
80002cdc:	00812423          	sw	s0,8(sp)
80002ce0:	00112623          	sw	ra,12(sp)
80002ce4:	0037f793          	andi	a5,a5,3
80002ce8:	00050413          	mv	s0,a0
80002cec:	00c50733          	add	a4,a0,a2
80002cf0:	02078263          	beqz	a5,80002d14 <memset+0x40>
80002cf4:	00e57663          	bgeu	a0,a4,80002d00 <memset+0x2c>
80002cf8:	0ff5f593          	zext.b	a1,a1
80002cfc:	fd9ff0ef          	jal	80002cd4 <memset>
80002d00:	00c12083          	lw	ra,12(sp)
80002d04:	00040513          	mv	a0,s0
80002d08:	00812403          	lw	s0,8(sp)
80002d0c:	01010113          	addi	sp,sp,16
80002d10:	00008067          	ret
80002d14:	0ff5f593          	zext.b	a1,a1
80002d18:	00859693          	slli	a3,a1,0x8
80002d1c:	00b686b3          	add	a3,a3,a1
80002d20:	01069793          	slli	a5,a3,0x10
80002d24:	00f686b3          	add	a3,a3,a5
80002d28:	fce57ce3          	bgeu	a0,a4,80002d00 <memset+0x2c>
80002d2c:	00050793          	mv	a5,a0
80002d30:	00478793          	addi	a5,a5,4
80002d34:	fed7ae23          	sw	a3,-4(a5)
80002d38:	fee7ece3          	bltu	a5,a4,80002d30 <memset+0x5c>
80002d3c:	00c12083          	lw	ra,12(sp)
80002d40:	00040513          	mv	a0,s0
80002d44:	00812403          	lw	s0,8(sp)
80002d48:	01010113          	addi	sp,sp,16
80002d4c:	00008067          	ret

80002d50 <_init>:
80002d50:	f6010113          	addi	sp,sp,-160
80002d54:	00007797          	auipc	a5,0x7
80002d58:	dd878793          	addi	a5,a5,-552 # 80009b2c <_tdata_begin>
80002d5c:	09312623          	sw	s3,140(sp)
80002d60:	00007997          	auipc	s3,0x7
80002d64:	dcc98993          	addi	s3,s3,-564 # 80009b2c <_tdata_begin>
80002d68:	09412423          	sw	s4,136(sp)
80002d6c:	40f98a33          	sub	s4,s3,a5
80002d70:	08912a23          	sw	s1,148(sp)
80002d74:	09212823          	sw	s2,144(sp)
80002d78:	00050493          	mv	s1,a0
80002d7c:	00058913          	mv	s2,a1
80002d80:	00020513          	mv	a0,tp
80002d84:	00078593          	mv	a1,a5
80002d88:	000a0613          	mv	a2,s4
80002d8c:	08112e23          	sw	ra,156(sp)
80002d90:	08812c23          	sw	s0,152(sp)
80002d94:	09512223          	sw	s5,132(sp)
80002d98:	00020a93          	mv	s5,tp
80002d9c:	e69ff0ef          	jal	80002c04 <memcpy>
80002da0:	00007617          	auipc	a2,0x7
80002da4:	de460613          	addi	a2,a2,-540 # 80009b84 <_tbss_end>
80002da8:	41360633          	sub	a2,a2,s3
80002dac:	00000593          	li	a1,0
80002db0:	014a8533          	add	a0,s5,s4
80002db4:	f21ff0ef          	jal	80002cd4 <memset>
80002db8:	00090593          	mv	a1,s2
80002dbc:	00048513          	mv	a0,s1
80002dc0:	d0dff0ef          	jal	80002acc <thread_entry>
80002dc4:	00000593          	li	a1,0
80002dc8:	00000513          	li	a0,0
80002dcc:	1d1000ef          	jal	8000379c <main>
80002dd0:	00005917          	auipc	s2,0x5
80002dd4:	d5490913          	addi	s2,s2,-684 # 80007b24 <counters>
80002dd8:	00092683          	lw	a3,0(s2)
80002ddc:	03f10413          	addi	s0,sp,63
80002de0:	fc047413          	andi	s0,s0,-64
80002de4:	00050493          	mv	s1,a0
80002de8:	04069463          	bnez	a3,80002e30 <_init+0xe0>
80002dec:	00492683          	lw	a3,4(s2)
80002df0:	00069663          	bnez	a3,80002dfc <_init+0xac>
80002df4:	00048513          	mv	a0,s1
80002df8:	ba9ff0ef          	jal	800029a0 <tohost_exit>
80002dfc:	00040913          	mv	s2,s0
80002e00:	00005997          	auipc	s3,0x5
80002e04:	d1c98993          	addi	s3,s3,-740 # 80007b1c <counter_names>
80002e08:	0049a603          	lw	a2,4(s3)
80002e0c:	00090513          	mv	a0,s2
80002e10:	00001597          	auipc	a1,0x1
80002e14:	a6c58593          	addi	a1,a1,-1428 # 8000387c <main+0xe0>
80002e18:	d81ff0ef          	jal	80002b98 <sprintf>
80002e1c:	00a90933          	add	s2,s2,a0
80002e20:	fd240ae3          	beq	s0,s2,80002df4 <_init+0xa4>
80002e24:	00040513          	mv	a0,s0
80002e28:	be1ff0ef          	jal	80002a08 <printstr>
80002e2c:	fc9ff06f          	j	80002df4 <_init+0xa4>
80002e30:	00005997          	auipc	s3,0x5
80002e34:	cec98993          	addi	s3,s3,-788 # 80007b1c <counter_names>
80002e38:	0009a603          	lw	a2,0(s3)
80002e3c:	00001597          	auipc	a1,0x1
80002e40:	a4058593          	addi	a1,a1,-1472 # 8000387c <main+0xe0>
80002e44:	00040513          	mv	a0,s0
80002e48:	d51ff0ef          	jal	80002b98 <sprintf>
80002e4c:	00492683          	lw	a3,4(s2)
80002e50:	00a40933          	add	s2,s0,a0
80002e54:	fc0686e3          	beqz	a3,80002e20 <_init+0xd0>
80002e58:	fb1ff06f          	j	80002e08 <_init+0xb8>

80002e5c <strlen>:
80002e5c:	00054783          	lbu	a5,0(a0)
80002e60:	00078e63          	beqz	a5,80002e7c <strlen+0x20>
80002e64:	00050793          	mv	a5,a0
80002e68:	0017c703          	lbu	a4,1(a5)
80002e6c:	00178793          	addi	a5,a5,1
80002e70:	fe071ce3          	bnez	a4,80002e68 <strlen+0xc>
80002e74:	40a78533          	sub	a0,a5,a0
80002e78:	00008067          	ret
80002e7c:	00000513          	li	a0,0
80002e80:	00008067          	ret

80002e84 <strnlen>:
80002e84:	00b506b3          	add	a3,a0,a1
80002e88:	00050793          	mv	a5,a0
80002e8c:	00059863          	bnez	a1,80002e9c <strnlen+0x18>
80002e90:	01c0006f          	j	80002eac <strnlen+0x28>
80002e94:	00178793          	addi	a5,a5,1
80002e98:	00d78663          	beq	a5,a3,80002ea4 <strnlen+0x20>
80002e9c:	0007c703          	lbu	a4,0(a5)
80002ea0:	fe071ae3          	bnez	a4,80002e94 <strnlen+0x10>
80002ea4:	40a78533          	sub	a0,a5,a0
80002ea8:	00008067          	ret
80002eac:	00000513          	li	a0,0
80002eb0:	00008067          	ret

80002eb4 <strcmp>:
80002eb4:	00054783          	lbu	a5,0(a0)
80002eb8:	00150513          	addi	a0,a0,1
80002ebc:	00158593          	addi	a1,a1,1
80002ec0:	fff5c703          	lbu	a4,-1(a1)
80002ec4:	00078863          	beqz	a5,80002ed4 <strcmp+0x20>
80002ec8:	fee786e3          	beq	a5,a4,80002eb4 <strcmp>
80002ecc:	40e78533          	sub	a0,a5,a4
80002ed0:	00008067          	ret
80002ed4:	00000793          	li	a5,0
80002ed8:	ff5ff06f          	j	80002ecc <strcmp+0x18>

80002edc <strcpy>:
80002edc:	00050793          	mv	a5,a0
80002ee0:	0005c703          	lbu	a4,0(a1)
80002ee4:	00158593          	addi	a1,a1,1
80002ee8:	00178793          	addi	a5,a5,1
80002eec:	fee78fa3          	sb	a4,-1(a5)
80002ef0:	fe0718e3          	bnez	a4,80002ee0 <strcpy+0x4>
80002ef4:	00008067          	ret

80002ef8 <atol>:
80002ef8:	00054703          	lbu	a4,0(a0)
80002efc:	02000693          	li	a3,32
80002f00:	00050793          	mv	a5,a0
80002f04:	00d71a63          	bne	a4,a3,80002f18 <atol+0x20>
80002f08:	00070693          	mv	a3,a4
80002f0c:	0017c703          	lbu	a4,1(a5)
80002f10:	00178793          	addi	a5,a5,1
80002f14:	fed70ce3          	beq	a4,a3,80002f0c <atol+0x14>
80002f18:	02d00693          	li	a3,45
80002f1c:	04d70e63          	beq	a4,a3,80002f78 <atol+0x80>
80002f20:	02b00693          	li	a3,43
80002f24:	04d70063          	beq	a4,a3,80002f64 <atol+0x6c>
80002f28:	0007c683          	lbu	a3,0(a5)
80002f2c:	00000593          	li	a1,0
80002f30:	04068c63          	beqz	a3,80002f88 <atol+0x90>
80002f34:	00000513          	li	a0,0
80002f38:	00178793          	addi	a5,a5,1
80002f3c:	fd068613          	addi	a2,a3,-48
80002f40:	00251713          	slli	a4,a0,0x2
80002f44:	0007c683          	lbu	a3,0(a5)
80002f48:	00a70733          	add	a4,a4,a0
80002f4c:	00171713          	slli	a4,a4,0x1
80002f50:	00e60533          	add	a0,a2,a4
80002f54:	fe0692e3          	bnez	a3,80002f38 <atol+0x40>
80002f58:	02058a63          	beqz	a1,80002f8c <atol+0x94>
80002f5c:	40a00533          	neg	a0,a0
80002f60:	00008067          	ret
80002f64:	0017c683          	lbu	a3,1(a5)
80002f68:	00178793          	addi	a5,a5,1
80002f6c:	00068e63          	beqz	a3,80002f88 <atol+0x90>
80002f70:	00000593          	li	a1,0
80002f74:	fc1ff06f          	j	80002f34 <atol+0x3c>
80002f78:	0017c683          	lbu	a3,1(a5)
80002f7c:	00100593          	li	a1,1
80002f80:	00b787b3          	add	a5,a5,a1
80002f84:	fa0698e3          	bnez	a3,80002f34 <atol+0x3c>
80002f88:	00000513          	li	a0,0
80002f8c:	00008067          	ret

80002f90 <__udivdi3>:
80002f90:	00050893          	mv	a7,a0
80002f94:	00058313          	mv	t1,a1
80002f98:	00060713          	mv	a4,a2
80002f9c:	00050813          	mv	a6,a0
80002fa0:	00058793          	mv	a5,a1
80002fa4:	28069263          	bnez	a3,80003228 <__udivdi3+0x298>
80002fa8:	800045b7          	lui	a1,0x80004
80002fac:	9e058593          	addi	a1,a1,-1568 # 800039e0 <__clz_tab>
80002fb0:	0ec37663          	bgeu	t1,a2,8000309c <__udivdi3+0x10c>
80002fb4:	000106b7          	lui	a3,0x10
80002fb8:	0cd67863          	bgeu	a2,a3,80003088 <__udivdi3+0xf8>
80002fbc:	10063693          	sltiu	a3,a2,256
80002fc0:	0016b693          	seqz	a3,a3
80002fc4:	00369693          	slli	a3,a3,0x3
80002fc8:	00d65533          	srl	a0,a2,a3
80002fcc:	00a585b3          	add	a1,a1,a0
80002fd0:	0005c583          	lbu	a1,0(a1)
80002fd4:	02000513          	li	a0,32
80002fd8:	00d586b3          	add	a3,a1,a3
80002fdc:	40d505b3          	sub	a1,a0,a3
80002fe0:	00d50c63          	beq	a0,a3,80002ff8 <__udivdi3+0x68>
80002fe4:	00b317b3          	sll	a5,t1,a1
80002fe8:	00d8d6b3          	srl	a3,a7,a3
80002fec:	00b61733          	sll	a4,a2,a1
80002ff0:	00f6e7b3          	or	a5,a3,a5
80002ff4:	00b89833          	sll	a6,a7,a1
80002ff8:	01075593          	srli	a1,a4,0x10
80002ffc:	02b7d333          	divu	t1,a5,a1
80003000:	01071613          	slli	a2,a4,0x10
80003004:	01065613          	srli	a2,a2,0x10
80003008:	02b7f7b3          	remu	a5,a5,a1
8000300c:	00030513          	mv	a0,t1
80003010:	026608b3          	mul	a7,a2,t1
80003014:	01079693          	slli	a3,a5,0x10
80003018:	01085793          	srli	a5,a6,0x10
8000301c:	00d7e7b3          	or	a5,a5,a3
80003020:	0117fe63          	bgeu	a5,a7,8000303c <__udivdi3+0xac>
80003024:	00f707b3          	add	a5,a4,a5
80003028:	fff30513          	addi	a0,t1,-1
8000302c:	00e7e863          	bltu	a5,a4,8000303c <__udivdi3+0xac>
80003030:	0117f663          	bgeu	a5,a7,8000303c <__udivdi3+0xac>
80003034:	ffe30513          	addi	a0,t1,-2
80003038:	00e787b3          	add	a5,a5,a4
8000303c:	411787b3          	sub	a5,a5,a7
80003040:	02b7d8b3          	divu	a7,a5,a1
80003044:	01081813          	slli	a6,a6,0x10
80003048:	01085813          	srli	a6,a6,0x10
8000304c:	02b7f7b3          	remu	a5,a5,a1
80003050:	031606b3          	mul	a3,a2,a7
80003054:	01079793          	slli	a5,a5,0x10
80003058:	00f86833          	or	a6,a6,a5
8000305c:	00088793          	mv	a5,a7
80003060:	00d87c63          	bgeu	a6,a3,80003078 <__udivdi3+0xe8>
80003064:	01070833          	add	a6,a4,a6
80003068:	fff88793          	addi	a5,a7,-1
8000306c:	00e86663          	bltu	a6,a4,80003078 <__udivdi3+0xe8>
80003070:	00d87463          	bgeu	a6,a3,80003078 <__udivdi3+0xe8>
80003074:	ffe88793          	addi	a5,a7,-2
80003078:	01051513          	slli	a0,a0,0x10
8000307c:	00f56533          	or	a0,a0,a5
80003080:	00000593          	li	a1,0
80003084:	00008067          	ret
80003088:	01000537          	lui	a0,0x1000
8000308c:	01800693          	li	a3,24
80003090:	f2a67ce3          	bgeu	a2,a0,80002fc8 <__udivdi3+0x38>
80003094:	01000693          	li	a3,16
80003098:	f31ff06f          	j	80002fc8 <__udivdi3+0x38>
8000309c:	00000693          	li	a3,0
800030a0:	00060c63          	beqz	a2,800030b8 <__udivdi3+0x128>
800030a4:	000107b7          	lui	a5,0x10
800030a8:	0cf67063          	bgeu	a2,a5,80003168 <__udivdi3+0x1d8>
800030ac:	10063693          	sltiu	a3,a2,256
800030b0:	0016b693          	seqz	a3,a3
800030b4:	00369693          	slli	a3,a3,0x3
800030b8:	00d657b3          	srl	a5,a2,a3
800030bc:	00f585b3          	add	a1,a1,a5
800030c0:	0005c783          	lbu	a5,0(a1)
800030c4:	00d787b3          	add	a5,a5,a3
800030c8:	02000693          	li	a3,32
800030cc:	40f685b3          	sub	a1,a3,a5
800030d0:	0af69663          	bne	a3,a5,8000317c <__udivdi3+0x1ec>
800030d4:	40c307b3          	sub	a5,t1,a2
800030d8:	00100593          	li	a1,1
800030dc:	01075893          	srli	a7,a4,0x10
800030e0:	0317de33          	divu	t3,a5,a7
800030e4:	01071613          	slli	a2,a4,0x10
800030e8:	01065613          	srli	a2,a2,0x10
800030ec:	01085693          	srli	a3,a6,0x10
800030f0:	0317f7b3          	remu	a5,a5,a7
800030f4:	000e0513          	mv	a0,t3
800030f8:	03c60333          	mul	t1,a2,t3
800030fc:	01079793          	slli	a5,a5,0x10
80003100:	00f6e7b3          	or	a5,a3,a5
80003104:	0067fe63          	bgeu	a5,t1,80003120 <__udivdi3+0x190>
80003108:	00f707b3          	add	a5,a4,a5
8000310c:	fffe0513          	addi	a0,t3,-1
80003110:	00e7e863          	bltu	a5,a4,80003120 <__udivdi3+0x190>
80003114:	0067f663          	bgeu	a5,t1,80003120 <__udivdi3+0x190>
80003118:	ffee0513          	addi	a0,t3,-2
8000311c:	00e787b3          	add	a5,a5,a4
80003120:	406787b3          	sub	a5,a5,t1
80003124:	0317d333          	divu	t1,a5,a7
80003128:	01081813          	slli	a6,a6,0x10
8000312c:	01085813          	srli	a6,a6,0x10
80003130:	0317f7b3          	remu	a5,a5,a7
80003134:	026606b3          	mul	a3,a2,t1
80003138:	01079793          	slli	a5,a5,0x10
8000313c:	00f86833          	or	a6,a6,a5
80003140:	00030793          	mv	a5,t1
80003144:	00d87c63          	bgeu	a6,a3,8000315c <__udivdi3+0x1cc>
80003148:	01070833          	add	a6,a4,a6
8000314c:	fff30793          	addi	a5,t1,-1
80003150:	00e86663          	bltu	a6,a4,8000315c <__udivdi3+0x1cc>
80003154:	00d87463          	bgeu	a6,a3,8000315c <__udivdi3+0x1cc>
80003158:	ffe30793          	addi	a5,t1,-2
8000315c:	01051513          	slli	a0,a0,0x10
80003160:	00f56533          	or	a0,a0,a5
80003164:	00008067          	ret
80003168:	010007b7          	lui	a5,0x1000
8000316c:	01800693          	li	a3,24
80003170:	f4f674e3          	bgeu	a2,a5,800030b8 <__udivdi3+0x128>
80003174:	01000693          	li	a3,16
80003178:	f41ff06f          	j	800030b8 <__udivdi3+0x128>
8000317c:	00b61733          	sll	a4,a2,a1
80003180:	00f356b3          	srl	a3,t1,a5
80003184:	01075513          	srli	a0,a4,0x10
80003188:	00b31333          	sll	t1,t1,a1
8000318c:	00f8d7b3          	srl	a5,a7,a5
80003190:	0067e7b3          	or	a5,a5,t1
80003194:	02a6d333          	divu	t1,a3,a0
80003198:	01071613          	slli	a2,a4,0x10
8000319c:	01065613          	srli	a2,a2,0x10
800031a0:	00b89833          	sll	a6,a7,a1
800031a4:	02a6f6b3          	remu	a3,a3,a0
800031a8:	026608b3          	mul	a7,a2,t1
800031ac:	01069593          	slli	a1,a3,0x10
800031b0:	0107d693          	srli	a3,a5,0x10
800031b4:	00b6e6b3          	or	a3,a3,a1
800031b8:	00030593          	mv	a1,t1
800031bc:	0116fe63          	bgeu	a3,a7,800031d8 <__udivdi3+0x248>
800031c0:	00d706b3          	add	a3,a4,a3
800031c4:	fff30593          	addi	a1,t1,-1
800031c8:	00e6e863          	bltu	a3,a4,800031d8 <__udivdi3+0x248>
800031cc:	0116f663          	bgeu	a3,a7,800031d8 <__udivdi3+0x248>
800031d0:	ffe30593          	addi	a1,t1,-2
800031d4:	00e686b3          	add	a3,a3,a4
800031d8:	411686b3          	sub	a3,a3,a7
800031dc:	02a6d8b3          	divu	a7,a3,a0
800031e0:	01079793          	slli	a5,a5,0x10
800031e4:	0107d793          	srli	a5,a5,0x10
800031e8:	02a6f6b3          	remu	a3,a3,a0
800031ec:	03160633          	mul	a2,a2,a7
800031f0:	01069693          	slli	a3,a3,0x10
800031f4:	00d7e7b3          	or	a5,a5,a3
800031f8:	00088693          	mv	a3,a7
800031fc:	00c7fe63          	bgeu	a5,a2,80003218 <__udivdi3+0x288>
80003200:	00f707b3          	add	a5,a4,a5
80003204:	fff88693          	addi	a3,a7,-1
80003208:	00e7e863          	bltu	a5,a4,80003218 <__udivdi3+0x288>
8000320c:	00c7f663          	bgeu	a5,a2,80003218 <__udivdi3+0x288>
80003210:	ffe88693          	addi	a3,a7,-2
80003214:	00e787b3          	add	a5,a5,a4
80003218:	01059593          	slli	a1,a1,0x10
8000321c:	40c787b3          	sub	a5,a5,a2
80003220:	00d5e5b3          	or	a1,a1,a3
80003224:	eb9ff06f          	j	800030dc <__udivdi3+0x14c>
80003228:	18d5e463          	bltu	a1,a3,800033b0 <__udivdi3+0x420>
8000322c:	000107b7          	lui	a5,0x10
80003230:	04f6f463          	bgeu	a3,a5,80003278 <__udivdi3+0x2e8>
80003234:	1006b793          	sltiu	a5,a3,256
80003238:	0017b793          	seqz	a5,a5
8000323c:	00379793          	slli	a5,a5,0x3
80003240:	80004737          	lui	a4,0x80004
80003244:	00f6d5b3          	srl	a1,a3,a5
80003248:	9e070713          	addi	a4,a4,-1568 # 800039e0 <__clz_tab>
8000324c:	00b70733          	add	a4,a4,a1
80003250:	00074703          	lbu	a4,0(a4)
80003254:	00f70733          	add	a4,a4,a5
80003258:	02000793          	li	a5,32
8000325c:	40e785b3          	sub	a1,a5,a4
80003260:	02e79663          	bne	a5,a4,8000328c <__udivdi3+0x2fc>
80003264:	00100513          	li	a0,1
80003268:	e066eee3          	bltu	a3,t1,80003084 <__udivdi3+0xf4>
8000326c:	00c8b533          	sltu	a0,a7,a2
80003270:	00153513          	seqz	a0,a0
80003274:	00008067          	ret
80003278:	01000737          	lui	a4,0x1000
8000327c:	01800793          	li	a5,24
80003280:	fce6f0e3          	bgeu	a3,a4,80003240 <__udivdi3+0x2b0>
80003284:	01000793          	li	a5,16
80003288:	fb9ff06f          	j	80003240 <__udivdi3+0x2b0>
8000328c:	00e65533          	srl	a0,a2,a4
80003290:	00b696b3          	sll	a3,a3,a1
80003294:	00e357b3          	srl	a5,t1,a4
80003298:	00d56533          	or	a0,a0,a3
8000329c:	00b31333          	sll	t1,t1,a1
800032a0:	00e8d733          	srl	a4,a7,a4
800032a4:	00676733          	or	a4,a4,t1
800032a8:	01055313          	srli	t1,a0,0x10
800032ac:	0267deb3          	divu	t4,a5,t1
800032b0:	01051813          	slli	a6,a0,0x10
800032b4:	01085813          	srli	a6,a6,0x10
800032b8:	01075693          	srli	a3,a4,0x10
800032bc:	00b61633          	sll	a2,a2,a1
800032c0:	0267f7b3          	remu	a5,a5,t1
800032c4:	03d80e33          	mul	t3,a6,t4
800032c8:	01079793          	slli	a5,a5,0x10
800032cc:	00f6e6b3          	or	a3,a3,a5
800032d0:	000e8793          	mv	a5,t4
800032d4:	01c6fe63          	bgeu	a3,t3,800032f0 <__udivdi3+0x360>
800032d8:	00d506b3          	add	a3,a0,a3
800032dc:	fffe8793          	addi	a5,t4,-1
800032e0:	00a6e863          	bltu	a3,a0,800032f0 <__udivdi3+0x360>
800032e4:	01c6f663          	bgeu	a3,t3,800032f0 <__udivdi3+0x360>
800032e8:	ffee8793          	addi	a5,t4,-2
800032ec:	00a686b3          	add	a3,a3,a0
800032f0:	41c686b3          	sub	a3,a3,t3
800032f4:	0266de33          	divu	t3,a3,t1
800032f8:	01071713          	slli	a4,a4,0x10
800032fc:	01075713          	srli	a4,a4,0x10
80003300:	0266f6b3          	remu	a3,a3,t1
80003304:	03c80833          	mul	a6,a6,t3
80003308:	01069693          	slli	a3,a3,0x10
8000330c:	00d76733          	or	a4,a4,a3
80003310:	000e0693          	mv	a3,t3
80003314:	01077e63          	bgeu	a4,a6,80003330 <__udivdi3+0x3a0>
80003318:	00e50733          	add	a4,a0,a4
8000331c:	fffe0693          	addi	a3,t3,-1
80003320:	00a76863          	bltu	a4,a0,80003330 <__udivdi3+0x3a0>
80003324:	01077663          	bgeu	a4,a6,80003330 <__udivdi3+0x3a0>
80003328:	ffee0693          	addi	a3,t3,-2
8000332c:	00a70733          	add	a4,a4,a0
80003330:	01079793          	slli	a5,a5,0x10
80003334:	00d7e533          	or	a0,a5,a3
80003338:	01061313          	slli	t1,a2,0x10
8000333c:	01069693          	slli	a3,a3,0x10
80003340:	0106d693          	srli	a3,a3,0x10
80003344:	01035313          	srli	t1,t1,0x10
80003348:	01065613          	srli	a2,a2,0x10
8000334c:	41070733          	sub	a4,a4,a6
80003350:	01055813          	srli	a6,a0,0x10
80003354:	02668e33          	mul	t3,a3,t1
80003358:	02680333          	mul	t1,a6,t1
8000335c:	010e5793          	srli	a5,t3,0x10
80003360:	02c686b3          	mul	a3,a3,a2
80003364:	006686b3          	add	a3,a3,t1
80003368:	00d787b3          	add	a5,a5,a3
8000336c:	02c80833          	mul	a6,a6,a2
80003370:	0067f663          	bgeu	a5,t1,8000337c <__udivdi3+0x3ec>
80003374:	000106b7          	lui	a3,0x10
80003378:	00d80833          	add	a6,a6,a3
8000337c:	0107d693          	srli	a3,a5,0x10
80003380:	010686b3          	add	a3,a3,a6
80003384:	02d76263          	bltu	a4,a3,800033a8 <__udivdi3+0x418>
80003388:	ced71ce3          	bne	a4,a3,80003080 <__udivdi3+0xf0>
8000338c:	010e1e13          	slli	t3,t3,0x10
80003390:	01079793          	slli	a5,a5,0x10
80003394:	010e5e13          	srli	t3,t3,0x10
80003398:	00b898b3          	sll	a7,a7,a1
8000339c:	01c787b3          	add	a5,a5,t3
800033a0:	00000593          	li	a1,0
800033a4:	cef8f0e3          	bgeu	a7,a5,80003084 <__udivdi3+0xf4>
800033a8:	fff50513          	addi	a0,a0,-1 # ffffff <buflen.1+0xffffbf>
800033ac:	cd5ff06f          	j	80003080 <__udivdi3+0xf0>
800033b0:	00000593          	li	a1,0
800033b4:	00000513          	li	a0,0
800033b8:	00008067          	ret

800033bc <__umoddi3>:
800033bc:	00060813          	mv	a6,a2
800033c0:	00050793          	mv	a5,a0
800033c4:	00058713          	mv	a4,a1
800033c8:	20069663          	bnez	a3,800035d4 <__umoddi3+0x218>
800033cc:	800048b7          	lui	a7,0x80004
800033d0:	9e088893          	addi	a7,a7,-1568 # 800039e0 <__clz_tab>
800033d4:	0cc5fc63          	bgeu	a1,a2,800034ac <__umoddi3+0xf0>
800033d8:	000106b7          	lui	a3,0x10
800033dc:	0ad67e63          	bgeu	a2,a3,80003498 <__umoddi3+0xdc>
800033e0:	10063693          	sltiu	a3,a2,256
800033e4:	0016b693          	seqz	a3,a3
800033e8:	00369693          	slli	a3,a3,0x3
800033ec:	00d65333          	srl	t1,a2,a3
800033f0:	006888b3          	add	a7,a7,t1
800033f4:	0008c883          	lbu	a7,0(a7)
800033f8:	02000313          	li	t1,32
800033fc:	00d886b3          	add	a3,a7,a3
80003400:	40d308b3          	sub	a7,t1,a3
80003404:	00d30c63          	beq	t1,a3,8000341c <__umoddi3+0x60>
80003408:	01159733          	sll	a4,a1,a7
8000340c:	00d556b3          	srl	a3,a0,a3
80003410:	01161833          	sll	a6,a2,a7
80003414:	00e6e733          	or	a4,a3,a4
80003418:	011517b3          	sll	a5,a0,a7
8000341c:	01085613          	srli	a2,a6,0x10
80003420:	02c756b3          	divu	a3,a4,a2
80003424:	01081513          	slli	a0,a6,0x10
80003428:	01055513          	srli	a0,a0,0x10
8000342c:	02c77733          	remu	a4,a4,a2
80003430:	02a686b3          	mul	a3,a3,a0
80003434:	01071593          	slli	a1,a4,0x10
80003438:	0107d713          	srli	a4,a5,0x10
8000343c:	00b76733          	or	a4,a4,a1
80003440:	00d77a63          	bgeu	a4,a3,80003454 <__umoddi3+0x98>
80003444:	00e80733          	add	a4,a6,a4
80003448:	01076663          	bltu	a4,a6,80003454 <__umoddi3+0x98>
8000344c:	00d77463          	bgeu	a4,a3,80003454 <__umoddi3+0x98>
80003450:	01070733          	add	a4,a4,a6
80003454:	40d70733          	sub	a4,a4,a3
80003458:	02c756b3          	divu	a3,a4,a2
8000345c:	02c77733          	remu	a4,a4,a2
80003460:	02a686b3          	mul	a3,a3,a0
80003464:	01079793          	slli	a5,a5,0x10
80003468:	01071713          	slli	a4,a4,0x10
8000346c:	0107d793          	srli	a5,a5,0x10
80003470:	00e7e7b3          	or	a5,a5,a4
80003474:	00d7fa63          	bgeu	a5,a3,80003488 <__umoddi3+0xcc>
80003478:	00f807b3          	add	a5,a6,a5
8000347c:	0107e663          	bltu	a5,a6,80003488 <__umoddi3+0xcc>
80003480:	00d7f463          	bgeu	a5,a3,80003488 <__umoddi3+0xcc>
80003484:	010787b3          	add	a5,a5,a6
80003488:	40d787b3          	sub	a5,a5,a3
8000348c:	0117d533          	srl	a0,a5,a7
80003490:	00000593          	li	a1,0
80003494:	00008067          	ret
80003498:	01000337          	lui	t1,0x1000
8000349c:	01800693          	li	a3,24
800034a0:	f46676e3          	bgeu	a2,t1,800033ec <__umoddi3+0x30>
800034a4:	01000693          	li	a3,16
800034a8:	f45ff06f          	j	800033ec <__umoddi3+0x30>
800034ac:	00000693          	li	a3,0
800034b0:	00060c63          	beqz	a2,800034c8 <__umoddi3+0x10c>
800034b4:	00010737          	lui	a4,0x10
800034b8:	06e67e63          	bgeu	a2,a4,80003534 <__umoddi3+0x178>
800034bc:	10063693          	sltiu	a3,a2,256
800034c0:	0016b693          	seqz	a3,a3
800034c4:	00369693          	slli	a3,a3,0x3
800034c8:	00d65733          	srl	a4,a2,a3
800034cc:	00e888b3          	add	a7,a7,a4
800034d0:	0008c703          	lbu	a4,0(a7)
800034d4:	00d70733          	add	a4,a4,a3
800034d8:	02000693          	li	a3,32
800034dc:	40e688b3          	sub	a7,a3,a4
800034e0:	06e69463          	bne	a3,a4,80003548 <__umoddi3+0x18c>
800034e4:	40c58733          	sub	a4,a1,a2
800034e8:	01085593          	srli	a1,a6,0x10
800034ec:	02b75633          	divu	a2,a4,a1
800034f0:	01081513          	slli	a0,a6,0x10
800034f4:	01055513          	srli	a0,a0,0x10
800034f8:	0107d693          	srli	a3,a5,0x10
800034fc:	02b77733          	remu	a4,a4,a1
80003500:	02a60633          	mul	a2,a2,a0
80003504:	01071713          	slli	a4,a4,0x10
80003508:	00e6e733          	or	a4,a3,a4
8000350c:	00c77a63          	bgeu	a4,a2,80003520 <__umoddi3+0x164>
80003510:	00e80733          	add	a4,a6,a4
80003514:	01076663          	bltu	a4,a6,80003520 <__umoddi3+0x164>
80003518:	00c77463          	bgeu	a4,a2,80003520 <__umoddi3+0x164>
8000351c:	01070733          	add	a4,a4,a6
80003520:	40c70733          	sub	a4,a4,a2
80003524:	02b756b3          	divu	a3,a4,a1
80003528:	02b77733          	remu	a4,a4,a1
8000352c:	02a686b3          	mul	a3,a3,a0
80003530:	f35ff06f          	j	80003464 <__umoddi3+0xa8>
80003534:	01000737          	lui	a4,0x1000
80003538:	01800693          	li	a3,24
8000353c:	f8e676e3          	bgeu	a2,a4,800034c8 <__umoddi3+0x10c>
80003540:	01000693          	li	a3,16
80003544:	f85ff06f          	j	800034c8 <__umoddi3+0x10c>
80003548:	01161833          	sll	a6,a2,a7
8000354c:	00e5d6b3          	srl	a3,a1,a4
80003550:	011517b3          	sll	a5,a0,a7
80003554:	011595b3          	sll	a1,a1,a7
80003558:	00e55733          	srl	a4,a0,a4
8000355c:	01085513          	srli	a0,a6,0x10
80003560:	00b76733          	or	a4,a4,a1
80003564:	02a6d5b3          	divu	a1,a3,a0
80003568:	01081313          	slli	t1,a6,0x10
8000356c:	01035313          	srli	t1,t1,0x10
80003570:	02a6f6b3          	remu	a3,a3,a0
80003574:	026585b3          	mul	a1,a1,t1
80003578:	01069613          	slli	a2,a3,0x10
8000357c:	01075693          	srli	a3,a4,0x10
80003580:	00c6e6b3          	or	a3,a3,a2
80003584:	00b6fa63          	bgeu	a3,a1,80003598 <__umoddi3+0x1dc>
80003588:	00d806b3          	add	a3,a6,a3
8000358c:	0106e663          	bltu	a3,a6,80003598 <__umoddi3+0x1dc>
80003590:	00b6f463          	bgeu	a3,a1,80003598 <__umoddi3+0x1dc>
80003594:	010686b3          	add	a3,a3,a6
80003598:	40b686b3          	sub	a3,a3,a1
8000359c:	02a6d633          	divu	a2,a3,a0
800035a0:	01071713          	slli	a4,a4,0x10
800035a4:	01075713          	srli	a4,a4,0x10
800035a8:	02a6f6b3          	remu	a3,a3,a0
800035ac:	02660633          	mul	a2,a2,t1
800035b0:	01069693          	slli	a3,a3,0x10
800035b4:	00d76733          	or	a4,a4,a3
800035b8:	00c77a63          	bgeu	a4,a2,800035cc <__umoddi3+0x210>
800035bc:	00e80733          	add	a4,a6,a4
800035c0:	01076663          	bltu	a4,a6,800035cc <__umoddi3+0x210>
800035c4:	00c77463          	bgeu	a4,a2,800035cc <__umoddi3+0x210>
800035c8:	01070733          	add	a4,a4,a6
800035cc:	40c70733          	sub	a4,a4,a2
800035d0:	f19ff06f          	j	800034e8 <__umoddi3+0x12c>
800035d4:	1cd5e263          	bltu	a1,a3,80003798 <__umoddi3+0x3dc>
800035d8:	00010837          	lui	a6,0x10
800035dc:	0506fe63          	bgeu	a3,a6,80003638 <__umoddi3+0x27c>
800035e0:	1006b813          	sltiu	a6,a3,256
800035e4:	00183813          	seqz	a6,a6
800035e8:	00381813          	slli	a6,a6,0x3
800035ec:	800048b7          	lui	a7,0x80004
800035f0:	0106d333          	srl	t1,a3,a6
800035f4:	9e088893          	addi	a7,a7,-1568 # 800039e0 <__clz_tab>
800035f8:	006888b3          	add	a7,a7,t1
800035fc:	0008c883          	lbu	a7,0(a7)
80003600:	02000313          	li	t1,32
80003604:	010888b3          	add	a7,a7,a6
80003608:	41130833          	sub	a6,t1,a7
8000360c:	05131063          	bne	t1,a7,8000364c <__umoddi3+0x290>
80003610:	00b6e463          	bltu	a3,a1,80003618 <__umoddi3+0x25c>
80003614:	00c56c63          	bltu	a0,a2,8000362c <__umoddi3+0x270>
80003618:	40c50633          	sub	a2,a0,a2
8000361c:	40d586b3          	sub	a3,a1,a3
80003620:	00c53733          	sltu	a4,a0,a2
80003624:	00060793          	mv	a5,a2
80003628:	40e68733          	sub	a4,a3,a4
8000362c:	00078513          	mv	a0,a5
80003630:	00070593          	mv	a1,a4
80003634:	00008067          	ret
80003638:	010008b7          	lui	a7,0x1000
8000363c:	01800813          	li	a6,24
80003640:	fb16f6e3          	bgeu	a3,a7,800035ec <__umoddi3+0x230>
80003644:	01000813          	li	a6,16
80003648:	fa5ff06f          	j	800035ec <__umoddi3+0x230>
8000364c:	011657b3          	srl	a5,a2,a7
80003650:	010696b3          	sll	a3,a3,a6
80003654:	00d7e6b3          	or	a3,a5,a3
80003658:	0115d733          	srl	a4,a1,a7
8000365c:	0106d313          	srli	t1,a3,0x10
80003660:	02675f33          	divu	t5,a4,t1
80003664:	01069e13          	slli	t3,a3,0x10
80003668:	010e5e13          	srli	t3,t3,0x10
8000366c:	010597b3          	sll	a5,a1,a6
80003670:	011555b3          	srl	a1,a0,a7
80003674:	00f5e5b3          	or	a1,a1,a5
80003678:	0105d793          	srli	a5,a1,0x10
8000367c:	01061633          	sll	a2,a2,a6
80003680:	01051533          	sll	a0,a0,a6
80003684:	02677733          	remu	a4,a4,t1
80003688:	03ee0eb3          	mul	t4,t3,t5
8000368c:	01071713          	slli	a4,a4,0x10
80003690:	00e7e7b3          	or	a5,a5,a4
80003694:	000f0713          	mv	a4,t5
80003698:	01d7fe63          	bgeu	a5,t4,800036b4 <__umoddi3+0x2f8>
8000369c:	00f687b3          	add	a5,a3,a5
800036a0:	ffff0713          	addi	a4,t5,-1
800036a4:	00d7e863          	bltu	a5,a3,800036b4 <__umoddi3+0x2f8>
800036a8:	01d7f663          	bgeu	a5,t4,800036b4 <__umoddi3+0x2f8>
800036ac:	ffef0713          	addi	a4,t5,-2
800036b0:	00d787b3          	add	a5,a5,a3
800036b4:	41d787b3          	sub	a5,a5,t4
800036b8:	0267deb3          	divu	t4,a5,t1
800036bc:	01059593          	slli	a1,a1,0x10
800036c0:	0105d593          	srli	a1,a1,0x10
800036c4:	0267f7b3          	remu	a5,a5,t1
800036c8:	000e8313          	mv	t1,t4
800036cc:	03de0e33          	mul	t3,t3,t4
800036d0:	01079793          	slli	a5,a5,0x10
800036d4:	00f5e5b3          	or	a1,a1,a5
800036d8:	01c5fe63          	bgeu	a1,t3,800036f4 <__umoddi3+0x338>
800036dc:	00b685b3          	add	a1,a3,a1
800036e0:	fffe8313          	addi	t1,t4,-1
800036e4:	00d5e863          	bltu	a1,a3,800036f4 <__umoddi3+0x338>
800036e8:	01c5f663          	bgeu	a1,t3,800036f4 <__umoddi3+0x338>
800036ec:	ffee8313          	addi	t1,t4,-2
800036f0:	00d585b3          	add	a1,a1,a3
800036f4:	01071793          	slli	a5,a4,0x10
800036f8:	0067e7b3          	or	a5,a5,t1
800036fc:	41c585b3          	sub	a1,a1,t3
80003700:	01031313          	slli	t1,t1,0x10
80003704:	01061e13          	slli	t3,a2,0x10
80003708:	01065713          	srli	a4,a2,0x10
8000370c:	01035313          	srli	t1,t1,0x10
80003710:	0107d793          	srli	a5,a5,0x10
80003714:	010e5e13          	srli	t3,t3,0x10
80003718:	03c30eb3          	mul	t4,t1,t3
8000371c:	03c78e33          	mul	t3,a5,t3
80003720:	02e30333          	mul	t1,t1,a4
80003724:	02e787b3          	mul	a5,a5,a4
80003728:	01c30333          	add	t1,t1,t3
8000372c:	010ed713          	srli	a4,t4,0x10
80003730:	00670733          	add	a4,a4,t1
80003734:	01c77663          	bgeu	a4,t3,80003740 <__umoddi3+0x384>
80003738:	00010337          	lui	t1,0x10
8000373c:	006787b3          	add	a5,a5,t1
80003740:	01075313          	srli	t1,a4,0x10
80003744:	010e9e93          	slli	t4,t4,0x10
80003748:	01071713          	slli	a4,a4,0x10
8000374c:	010ede93          	srli	t4,t4,0x10
80003750:	00f307b3          	add	a5,t1,a5
80003754:	01d70733          	add	a4,a4,t4
80003758:	00f5e663          	bltu	a1,a5,80003764 <__umoddi3+0x3a8>
8000375c:	00f59e63          	bne	a1,a5,80003778 <__umoddi3+0x3bc>
80003760:	00e57c63          	bgeu	a0,a4,80003778 <__umoddi3+0x3bc>
80003764:	40c70633          	sub	a2,a4,a2
80003768:	00c73333          	sltu	t1,a4,a2
8000376c:	00d306b3          	add	a3,t1,a3
80003770:	00060713          	mv	a4,a2
80003774:	40d787b3          	sub	a5,a5,a3
80003778:	40e50733          	sub	a4,a0,a4
8000377c:	00e53533          	sltu	a0,a0,a4
80003780:	40f585b3          	sub	a1,a1,a5
80003784:	40a585b3          	sub	a1,a1,a0
80003788:	011598b3          	sll	a7,a1,a7
8000378c:	01075733          	srl	a4,a4,a6
80003790:	00e8e533          	or	a0,a7,a4
80003794:	0105d5b3          	srl	a1,a1,a6
80003798:	00008067          	ret

Disassembly of section .text.startup:

8000379c <main>:
8000379c:	00001537          	lui	a0,0x1
800037a0:	ff010113          	addi	sp,sp,-16
800037a4:	80050513          	addi	a0,a0,-2048 # 800 <buflen.1+0x7c0>
800037a8:	00004617          	auipc	a2,0x4
800037ac:	38460613          	addi	a2,a2,900 # 80007b2c <scratch.0>
800037b0:	00000597          	auipc	a1,0x0
800037b4:	36c58593          	addi	a1,a1,876 # 80003b1c <verify_data>
800037b8:	00112623          	sw	ra,12(sp)
800037bc:	891fe0ef          	jal	8000204c <sort>
800037c0:	00002517          	auipc	a0,0x2
800037c4:	35c50513          	addi	a0,a0,860 # 80005b1c <input_data>
800037c8:	839fe0ef          	jal	80002000 <verify.constprop.0>
800037cc:	00050a63          	beqz	a0,800037e0 <main+0x44>
800037d0:	00c12083          	lw	ra,12(sp)
800037d4:	00100513          	li	a0,1
800037d8:	01010113          	addi	sp,sp,16
800037dc:	00008067          	ret
800037e0:	00100513          	li	a0,1
800037e4:	95cff0ef          	jal	80002940 <setStats>
800037e8:	00001537          	lui	a0,0x1
800037ec:	80050513          	addi	a0,a0,-2048 # 800 <buflen.1+0x7c0>
800037f0:	00004617          	auipc	a2,0x4
800037f4:	33c60613          	addi	a2,a2,828 # 80007b2c <scratch.0>
800037f8:	00002597          	auipc	a1,0x2
800037fc:	32458593          	addi	a1,a1,804 # 80005b1c <input_data>
80003800:	84dfe0ef          	jal	8000204c <sort>
80003804:	00000513          	li	a0,0
80003808:	938ff0ef          	jal	80002940 <setStats>
8000380c:	00c12083          	lw	ra,12(sp)
80003810:	00000517          	auipc	a0,0x0
80003814:	30c50513          	addi	a0,a0,780 # 80003b1c <verify_data>
80003818:	01010113          	addi	sp,sp,16
8000381c:	fe4fe06f          	j	80002000 <verify.constprop.0>
80003820:	ff010113          	addi	sp,sp,-16
80003824:	00000517          	auipc	a0,0x0
80003828:	04050513          	addi	a0,a0,64 # 80003864 <main+0xc8>
8000382c:	00112623          	sw	ra,12(sp)
80003830:	9d8ff0ef          	jal	80002a08 <printstr>
80003834:	00c12083          	lw	ra,12(sp)
80003838:	fff00513          	li	a0,-1
8000383c:	01010113          	addi	sp,sp,16
80003840:	00008067          	ret

Disassembly of section .data:

80003b1c <verify_data>:
80003b1c:	000a8b27          	.insn	4, 0x000a8b27
80003b20:	bef4                	.insn	2, 0xbef4
80003b22:	000d                	.insn	2, 0x000d
80003b24:	83c4                	.insn	2, 0x83c4
80003b26:	0021                	.insn	2, 0x0021
80003b28:	9b62                	.insn	2, 0x9b62
80003b2a:	0026                	.insn	2, 0x0026
80003b2c:	0030356f          	jal	a0,8000732e <input_data+0x1812>
80003b30:	be92                	.insn	2, 0xbe92
80003b32:	0035                	.insn	2, 0x0035
80003b34:	0039e5ef          	jal	a1,800a2336 <_tbss_end+0x987b2>
80003b38:	82bc                	.insn	2, 0x82bc
80003b3a:	003d                	.insn	2, 0x003d
80003b3c:	02d6                	.insn	2, 0x02d6
80003b3e:	0051                	.insn	2, 0x0051
80003b40:	d704                	.insn	2, 0xd704
80003b42:	0051                	.insn	2, 0x0051
80003b44:	00949033          	sll	zero,s1,s1
80003b48:	1df9                	.insn	2, 0x1df9
80003b4a:	779600af          	.insn	4, 0x779600af
80003b4e:	00c2                	.insn	2, 0x00c2
80003b50:	1040                	.insn	2, 0x1040
80003b52:	00c4                	.insn	2, 0x00c4
80003b54:	00c56a53          	.insn	4, 0x00c56a53
80003b58:	1f1d                	.insn	2, 0x1f1d
80003b5a:	00c9                	.insn	2, 0x00c9
80003b5c:	00d3e7bb          	.insn	4, 0x00d3e7bb
80003b60:	8b4c                	.insn	2, 0x8b4c
80003b62:	459500d7          	.insn	4, 0x459500d7
80003b66:	00d9                	.insn	2, 0x00d9
80003b68:	6bd8                	.insn	2, 0x6bd8
80003b6a:	00fa                	.insn	2, 0x00fa
80003b6c:	0125630f          	.insn	4, 0x0125630f
80003b70:	ffb9                	.insn	2, 0xffb9
80003b72:	013a                	.insn	2, 0x013a
80003b74:	d932                	.insn	2, 0xd932
80003b76:	0144                	.insn	2, 0x0144
80003b78:	c7f5                	.insn	2, 0xc7f5
80003b7a:	0151                	.insn	2, 0x0151
80003b7c:	54ee                	.insn	2, 0x54ee
80003b7e:	5b5b015b          	.insn	4, 0x5b5b015b
80003b82:	00ad0163          	beq	s10,a0,80003b84 <verify_data+0x68>
80003b86:	0174                	.insn	2, 0x0174
80003b88:	fa95                	.insn	2, 0xfa95
80003b8a:	018a                	.insn	2, 0x018a
80003b8c:	30b0                	.insn	2, 0x30b0
80003b8e:	0191                	.insn	2, 0x0191
80003b90:	019736cb          	.insn	4, 0x019736cb
80003b94:	befe                	.insn	2, 0xbefe
80003b96:	01a1                	.insn	2, 0x01a1
80003b98:	9418                	.insn	2, 0x9418
80003b9a:	01a4                	.insn	2, 0x01a4
80003b9c:	2a85                	.insn	2, 0x2a85
80003b9e:	532401af          	.insn	4, 0x532401af
80003ba2:	e9c701b7          	lui	gp,0xe9c70
80003ba6:	01d8                	.insn	2, 0x01d8
80003ba8:	01db5cd7          	.insn	4, 0x01db5cd7
80003bac:	c8a5                	.insn	2, 0xc8a5
80003bae:	01e1                	.insn	2, 0x01e1
80003bb0:	2134                	.insn	2, 0x2134
80003bb2:	01e2                	.insn	2, 0x01e2
80003bb4:	2442                	.insn	2, 0x2442
80003bb6:	021f 2b34 0223      	.insn	6, 0x02232b34021f
80003bbc:	d6fc                	.insn	2, 0xd6fc
80003bbe:	0234                	.insn	2, 0x0234
80003bc0:	bdad                	.insn	2, 0xbdad
80003bc2:	0236                	.insn	2, 0x0236
80003bc4:	4c36                	.insn	2, 0x4c36
80003bc6:	024d                	.insn	2, 0x024d
80003bc8:	8266                	.insn	2, 0x8266
80003bca:	027c                	.insn	2, 0x027c
80003bcc:	31ca                	.insn	2, 0x31ca
80003bce:	0281                	.insn	2, 0x0281
80003bd0:	b6de                	.insn	2, 0xb6de
80003bd2:	029e                	.insn	2, 0x029e
80003bd4:	b6a6                	.insn	2, 0xb6a6
80003bd6:	02cd                	.insn	2, 0x02cd
80003bd8:	127d                	.insn	2, 0x127d
80003bda:	02d4                	.insn	2, 0x02d4
80003bdc:	3e02                	.insn	2, 0x3e02
80003bde:	02d4                	.insn	2, 0x02d4
80003be0:	02e12ea7          	.insn	4, 0x02e12ea7
80003be4:	4258                	.insn	2, 0x4258
80003be6:	02e8                	.insn	2, 0x02e8
80003be8:	03065ce3          	bge	a2,a6,80004420 <verify_data+0x904>
80003bec:	b802                	.insn	2, 0xb802
80003bee:	0309                	.insn	2, 0x0309
80003bf0:	c325                	.insn	2, 0xc325
80003bf2:	0314                	.insn	2, 0x0314
80003bf4:	f686                	.insn	2, 0xf686
80003bf6:	0335                	.insn	2, 0x0335
80003bf8:	472e                	.insn	2, 0x472e
80003bfa:	034e                	.insn	2, 0x034e
80003bfc:	705c                	.insn	2, 0x705c
80003bfe:	55e00377          	.insn	4, 0x55e00377
80003c02:	0378                	.insn	2, 0x0378
80003c04:	2382                	.insn	2, 0x2382
80003c06:	038a                	.insn	2, 0x038a
80003c08:	b6cd                	.insn	2, 0xb6cd
80003c0a:	b922039b          	.insn	4, 0xb922039b
80003c0e:	03ad                	.insn	2, 0x03ad
80003c10:	3e1f 03b5 08ea      	.insn	6, 0x08ea03b53e1f
80003c16:	03c5                	.insn	2, 0x03c5
80003c18:	b410                	.insn	2, 0xb410
80003c1a:	03dc                	.insn	2, 0x03dc
80003c1c:	ea69                	.insn	2, 0xea69
80003c1e:	a10703f7          	.insn	4, 0xa10703f7
80003c22:	040e                	.insn	2, 0x040e
80003c24:	aaf4                	.insn	2, 0xaaf4
80003c26:	041e                	.insn	2, 0x041e
80003c28:	6f58                	.insn	2, 0x6f58
80003c2a:	042a                	.insn	2, 0x042a
80003c2c:	042c2c93          	slti	s9,s8,66
80003c30:	c4c2                	.insn	2, 0xc4c2
80003c32:	0439                	.insn	2, 0x0439
80003c34:	82a8                	.insn	2, 0x82a8
80003c36:	e231044f          	.insn	4, 0xe231044f
80003c3a:	0456                	.insn	2, 0x0456
80003c3c:	f6c6                	.insn	2, 0xf6c6
80003c3e:	0458                	.insn	2, 0x0458
80003c40:	b2da                	.insn	2, 0xb2da
80003c42:	0476                	.insn	2, 0x0476
80003c44:	7e24                	.insn	2, 0x7e24
80003c46:	0486                	.insn	2, 0x0486
80003c48:	86b6                	.insn	2, 0x86b6
80003c4a:	0498                	.insn	2, 0x0498
80003c4c:	49b6                	.insn	2, 0x49b6
80003c4e:	049e                	.insn	2, 0x049e
80003c50:	80f2                	.insn	2, 0x80f2
80003c52:	9c1c04ab          	.insn	4, 0x9c1c04ab
80003c56:	04c9                	.insn	2, 0x04c9
80003c58:	deea                	.insn	2, 0xdeea
80003c5a:	04ca                	.insn	2, 0x04ca
80003c5c:	04d2734b          	.insn	4, 0x04d2734b
80003c60:	04da198b          	.insn	4, 0x04da198b
80003c64:	a428                	.insn	2, 0xa428
80003c66:	04f0                	.insn	2, 0x04f0
80003c68:	d981                	.insn	2, 0xd981
80003c6a:	3571050f          	.insn	4, 0x3571050f
80003c6e:	053d                	.insn	2, 0x053d
80003c70:	5552                	.insn	2, 0x5552
80003c72:	24a4054b          	.insn	4, 0x24a4054b
80003c76:	0554                	.insn	2, 0x0554
80003c78:	415f 055e 41a4      	.insn	6, 0x41a4055e415f
80003c7e:	f25c056f          	jal	a0,7ffc4ba2 <buflen.1+0x7ffc4b62>
80003c82:	057f 45bf 0585 efda 	.insn	10, 0x0588efda058545bf057f
80003c8a:	0588 
80003c8c:	058dfb67          	.insn	4, 0x058dfb67
80003c90:	05a5ef07          	.insn	4, 0x05a5ef07
80003c94:	1220                	.insn	2, 0x1220
80003c96:	05b5                	.insn	2, 0x05b5
80003c98:	6e11                	.insn	2, 0x6e11
80003c9a:	05ee                	.insn	2, 0x05ee
80003c9c:	a4ed                	.insn	2, 0xa4ed
80003c9e:	063c                	.insn	2, 0x063c
80003ca0:	0340                	.insn	2, 0x0340
80003ca2:	063e                	.insn	2, 0x063e
80003ca4:	091f 0648 d5d4      	.insn	6, 0xd5d40648091f
80003caa:	0654                	.insn	2, 0x0654
80003cac:	065a84b7          	lui	s1,0x65a8
80003cb0:	06622783          	lw	a5,102(tp) # 66 <buflen.1+0x26>
80003cb4:	2422                	.insn	2, 0x2422
80003cb6:	47c40663          	beq	s0,t3,80004122 <verify_data+0x606>
80003cba:	0670                	.insn	2, 0x0670
80003cbc:	3ad6                	.insn	2, 0x3ad6
80003cbe:	0675                	.insn	2, 0x0675
80003cc0:	417f 0676 895f 0679 	.insn	18, 0x864806873ee4067fc1000679895f0676417f
80003cc8:	c100 067f 3ee4 0687 
80003cd0:	8648 
80003cd2:	06ad                	.insn	2, 0x06ad
80003cd4:	e19d                	.insn	2, 0xe19d
80003cd6:	06b6                	.insn	2, 0x06b6
80003cd8:	06c34b8b          	.insn	4, 0x06c34b8b
80003cdc:	1870                	.insn	2, 0x1870
80003cde:	06c5                	.insn	2, 0x06c5
80003ce0:	9628                	.insn	2, 0x9628
80003ce2:	06ce                	.insn	2, 0x06ce
80003ce4:	02e2                	.insn	2, 0x02e2
80003ce6:	b7c306db          	.insn	4, 0xb7c306db
80003cea:	06f5                	.insn	2, 0x06f5
80003cec:	3fc0                	.insn	2, 0x3fc0
80003cee:	06fd                	.insn	2, 0x06fd
80003cf0:	8f21                	.insn	2, 0x8f21
80003cf2:	06fd                	.insn	2, 0x06fd
80003cf4:	f79f 0704 25d6      	.insn	6, 0x25d60704f79f
80003cfa:	071c                	.insn	2, 0x071c
80003cfc:	d1ee                	.insn	2, 0xd1ee
80003cfe:	0721                	.insn	2, 0x0721
80003d00:	07477a3f 075a3493 	.insn	8, 0x075a349307477a3f
80003d08:	076267bf 079f193f 	.insn	8, 0x079f193f076267bf
80003d10:	afe9                	.insn	2, 0xafe9
80003d12:	07a1                	.insn	2, 0x07a1
80003d14:	a8fc                	.insn	2, 0xa8fc
80003d16:	154507bf 7b3807d5 	.insn	8, 0x7b3807d5154507bf
80003d1e:	07f9                	.insn	2, 0x07f9
80003d20:	08039873          	csrrw	a6,0x80,t2
80003d24:	2215                	.insn	2, 0x2215
80003d26:	080c                	.insn	2, 0x080c
80003d28:	49ca                	.insn	2, 0x49ca
80003d2a:	0816                	.insn	2, 0x0816
80003d2c:	082b2a17          	auipc	s4,0x82b2
80003d30:	9b68                	.insn	2, 0x9b68
80003d32:	0836                	.insn	2, 0x0836
80003d34:	8469                	.insn	2, 0x8469
80003d36:	0850                	.insn	2, 0x0850
80003d38:	08606c9b          	.insn	4, 0x08606c9b
80003d3c:	da71                	.insn	2, 0xda71
80003d3e:	08ad                	.insn	2, 0x08ad
80003d40:	08b3d3db          	.insn	4, 0x08b3d3db
80003d44:	09fd                	.insn	2, 0x09fd
80003d46:	08d4                	.insn	2, 0x08d4
80003d48:	08da5b6b          	.insn	4, 0x08da5b6b
80003d4c:	2c11                	.insn	2, 0x2c11
80003d4e:	08e4                	.insn	2, 0x08e4
80003d50:	08fe3757          	.insn	4, 0x08fe3757
80003d54:	6d30                	.insn	2, 0x6d30
80003d56:	0906                	.insn	2, 0x0906
80003d58:	8185                	.insn	2, 0x8185
80003d5a:	03e50913          	addi	s2,a0,62
80003d5e:	094a                	.insn	2, 0x094a
80003d60:	f9c1                	.insn	2, 0xf9c1
80003d62:	f94f0953          	.insn	4, 0xf94f0953
80003d66:	89600957          	.insn	4, 0x89600957
80003d6a:	099f 54b6 09a0      	.insn	6, 0x09a054b6099f
80003d70:	b5b6                	.insn	2, 0xb5b6
80003d72:	09bc                	.insn	2, 0x09bc
80003d74:	09fe3077          	.insn	4, 0x09fe3077
80003d78:	4130                	.insn	2, 0x4130
80003d7a:	379b0a0f          	.insn	4, 0x379b0a0f
80003d7e:	d3450a17          	auipc	s4,0xd3450
80003d82:	0a1d                	.insn	2, 0x0a1d
80003d84:	4a15                	.insn	2, 0x4a15
80003d86:	0a26                	.insn	2, 0x0a26
80003d88:	2f1a                	.insn	2, 0x2f1a
80003d8a:	0a42                	.insn	2, 0x0a42
80003d8c:	0a50ba03          	.insn	4, 0x0a50ba03
80003d90:	53d9                	.insn	2, 0x53d9
80003d92:	0a5c                	.insn	2, 0x0a5c
80003d94:	48d2                	.insn	2, 0x48d2
80003d96:	0a60                	.insn	2, 0x0a60
80003d98:	0a6dc44f          	.insn	4, 0x0a6dc44f
80003d9c:	c97f 0a79 2930 0a7b 	.insn	18, 0xd0990a8e58740a7dea250a7b29300a79c97f
80003da4:	ea25 0a7d 5874 0a8e 
80003dac:	d099 
80003dae:	0aa9                	.insn	2, 0x0aa9
80003db0:	f591                	.insn	2, 0xf591
80003db2:	0ac2                	.insn	2, 0x0ac2
80003db4:	0ac3bca3          	.insn	4, 0x0ac3bca3
80003db8:	8142                	.insn	2, 0x8142
80003dba:	0ad2                	.insn	2, 0x0ad2
80003dbc:	3aae                	.insn	2, 0x3aae
80003dbe:	0ae2                	.insn	2, 0x0ae2
80003dc0:	ba5a                	.insn	2, 0xba5a
80003dc2:	0af2                	.insn	2, 0x0af2
80003dc4:	0b0fe933          	.insn	4, 0x0b0fe933
80003dc8:	eae8                	.insn	2, 0xeae8
80003dca:	0b10                	.insn	2, 0x0b10
80003dcc:	d360                	.insn	2, 0xd360
80003dce:	0b15                	.insn	2, 0x0b15
80003dd0:	dbe0                	.insn	2, 0xdbe0
80003dd2:	dcd00b17          	auipc	s6,0xdcd00
80003dd6:	0b18                	.insn	2, 0x0b18
80003dd8:	e892                	.insn	2, 0xe892
80003dda:	0b34                	.insn	2, 0x0b34
80003ddc:	0b5676e3          	bgeu	a2,s5,80004688 <verify_data+0xb6c>
80003de0:	5a9a                	.insn	2, 0x5a9a
80003de2:	7c260b5b          	.insn	4, 0x7c260b5b
80003de6:	0b5f 4814 0b8e      	.insn	6, 0x0b8e48140b5f
80003dec:	3f66                	.insn	2, 0x3f66
80003dee:	0ba5                	.insn	2, 0x0ba5
80003df0:	db0a                	.insn	2, 0xdb0a
80003df2:	0bb4                	.insn	2, 0x0bb4
80003df4:	b420                	.insn	2, 0xb420
80003df6:	0bcc                	.insn	2, 0x0bcc
80003df8:	16b9                	.insn	2, 0x16b9
80003dfa:	0bd0                	.insn	2, 0x0bd0
80003dfc:	cd60                	.insn	2, 0xcd60
80003dfe:	0bd0                	.insn	2, 0x0bd0
80003e00:	0919                	.insn	2, 0x0919
80003e02:	0bed                	.insn	2, 0x0bed
80003e04:	9f16                	.insn	2, 0x9f16
80003e06:	f2ea0bef          	jal	s7,7ffa4534 <buflen.1+0x7ffa44f4>
80003e0a:	0c11                	.insn	2, 0x0c11
80003e0c:	0c30a657          	.insn	4, 0x0c30a657
80003e10:	2cec                	.insn	2, 0x2cec
80003e12:	0c38                	.insn	2, 0x0c38
80003e14:	0c514963          	blt	sp,t0,80003ee6 <verify_data+0x3ca>
80003e18:	45e2                	.insn	2, 0x45e2
80003e1a:	0c68                	.insn	2, 0x0c68
80003e1c:	6fc0                	.insn	2, 0x6fc0
80003e1e:	0c6c                	.insn	2, 0x0c6c
80003e20:	d928                	.insn	2, 0xd928
80003e22:	0c85                	.insn	2, 0x0c85
80003e24:	c4ff 0c8f 366e 0c92 	.insn	18, 0x75090caf65910ca390c00c92366e0c8fc4ff
80003e2c:	90c0 0ca3 6591 0caf 
80003e34:	7509 
80003e36:	0ccc                	.insn	2, 0x0ccc
80003e38:	ea80                	.insn	2, 0xea80
80003e3a:	0cd0                	.insn	2, 0x0cd0
80003e3c:	8aa1                	.insn	2, 0x8aa1
80003e3e:	0ce6                	.insn	2, 0x0ce6
80003e40:	68ec                	.insn	2, 0x68ec
80003e42:	0ce8                	.insn	2, 0x0ce8
80003e44:	cc9f 0cfa a7e9      	.insn	6, 0xa7e90cfacc9f
80003e4a:	0d08                	.insn	2, 0x0d08
80003e4c:	3b0a                	.insn	2, 0x3b0a
80003e4e:	0d31                	.insn	2, 0x0d31
80003e50:	0d36494b          	.insn	4, 0x0d36494b
80003e54:	88d1                	.insn	2, 0x88d1
80003e56:	9e8b0d43          	.insn	4, 0x9e8b0d43
80003e5a:	0d6a                	.insn	2, 0x0d6a
80003e5c:	18cd                	.insn	2, 0x18cd
80003e5e:	7e030d77          	.insn	4, 0x7e030d77
80003e62:	85140d77          	.insn	4, 0x85140d77
80003e66:	90d40d83          	lb	s11,-1779(s0)
80003e6a:	507c0d83          	lb	s11,1287(s8)
80003e6e:	0d86                	.insn	2, 0x0d86
80003e70:	0d8789af          	.insn	4, 0x0d8789af
80003e74:	0d8e43d3          	.insn	4, 0x0d8e43d3
80003e78:	05ac                	.insn	2, 0x05ac
80003e7a:	0d95                	.insn	2, 0x0d95
80003e7c:	a911                	.insn	2, 0xa911
80003e7e:	0da5                	.insn	2, 0x0da5
80003e80:	1500                	.insn	2, 0x1500
80003e82:	0db4                	.insn	2, 0x0db4
80003e84:	b6ca                	.insn	2, 0xb6ca
80003e86:	0dba                	.insn	2, 0x0dba
80003e88:	323a                	.insn	2, 0x323a
80003e8a:	8d110dbf a4550dc7 	.insn	8, 0xa4550dc78d110dbf
80003e92:	0dd6                	.insn	2, 0x0dd6
80003e94:	27b1                	.insn	2, 0x27b1
80003e96:	124f0df3          	.insn	4, 0x124f0df3
80003e9a:	0e1e                	.insn	2, 0x0e1e
80003e9c:	0e20a51b          	.insn	4, 0x0e20a51b
80003ea0:	d8e0                	.insn	2, 0xd8e0
80003ea2:	3b240e33          	.insn	4, 0x3b240e33
80003ea6:	0e38                	.insn	2, 0x0e38
80003ea8:	f698                	.insn	2, 0xf698
80003eaa:	0e4d                	.insn	2, 0x0e4d
80003eac:	0e578ce3          	beq	a5,t0,800047a4 <verify_data+0xc88>
80003eb0:	b631                	.insn	2, 0xb631
80003eb2:	0e64                	.insn	2, 0x0e64
80003eb4:	938a                	.insn	2, 0x938a
80003eb6:	0e65                	.insn	2, 0x0e65
80003eb8:	3a1d                	.insn	2, 0x3a1d
80003eba:	0e68                	.insn	2, 0x0e68
80003ebc:	f848                	.insn	2, 0xf848
80003ebe:	0e95                	.insn	2, 0x0e95
80003ec0:	06c9                	.insn	2, 0x06c9
80003ec2:	0e9a                	.insn	2, 0x0e9a
80003ec4:	83b2                	.insn	2, 0x83b2
80003ec6:	0e9f a14b 0ebc      	.insn	6, 0x0ebca14b0e9f
80003ecc:	be14                	.insn	2, 0xbe14
80003ece:	c3680ebf 1ec70ebf 	.insn	8, 0x1ec70ebfc3680ebf
80003ed6:	0ee2                	.insn	2, 0x0ee2
80003ed8:	0ee70b53          	.insn	4, 0x0ee70b53
80003edc:	ab91                	.insn	2, 0xab91
80003ede:	0ee8                	.insn	2, 0x0ee8
80003ee0:	db66                	.insn	2, 0xdb66
80003ee2:	0ef1                	.insn	2, 0x0ef1
80003ee4:	cfda                	.insn	2, 0xcfda
80003ee6:	cd000ef3          	.insn	4, 0xcd000ef3
80003eea:	0efd                	.insn	2, 0x0efd
80003eec:	2f3e                	.insn	2, 0x2f3e
80003eee:	0f22                	.insn	2, 0x0f22
80003ef0:	73da                	.insn	2, 0x73da
80003ef2:	0f36                	.insn	2, 0x0f36
80003ef4:	760e                	.insn	2, 0x760e
80003ef6:	0f45                	.insn	2, 0x0f45
80003ef8:	61f6                	.insn	2, 0x61f6
80003efa:	9eb70f4f          	.insn	4, 0x9eb70f4f
80003efe:	0f5c                	.insn	2, 0x0f5c
80003f00:	0f637b73          	csrrci	s6,0xf6,6
80003f04:	c1b1                	.insn	2, 0xc1b1
80003f06:	dcbd0f7b          	.insn	4, 0xdcbd0f7b
80003f0a:	5fc40f7b          	.insn	4, 0x5fc40f7b
80003f0e:	82b70f83          	lb	t6,-2005(a4) # fff82b <buflen.1+0xfff7eb>
80003f12:	0f89                	.insn	2, 0x0f89
80003f14:	9338                	.insn	2, 0x9338
80003f16:	0f89                	.insn	2, 0x0f89
80003f18:	0f8b5fbf 0f97096e 	.insn	8, 0x0f97096e0f8b5fbf
80003f20:	1efe                	.insn	2, 0x1efe
80003f22:	0fd1                	.insn	2, 0x0fd1
80003f24:	c2dc                	.insn	2, 0xc2dc
80003f26:	0fec                	.insn	2, 0x0fec
80003f28:	b0dc                	.insn	2, 0xb0dc
80003f2a:	0ffa                	.insn	2, 0x0ffa
80003f2c:	2d4e                	.insn	2, 0x2d4e
80003f2e:	233d100b          	.insn	4, 0x233d100b
80003f32:	101e                	.insn	2, 0x101e
80003f34:	10244d23          	.insn	4, 0x10244d23
80003f38:	f81f 1034 4c25      	.insn	6, 0x4c251034f81f
80003f3e:	1060                	.insn	2, 0x1060
80003f40:	45f5                	.insn	2, 0x45f5
80003f42:	108a                	.insn	2, 0x108a
80003f44:	0f29                	.insn	2, 0x0f29
80003f46:	1091                	.insn	2, 0x1091
80003f48:	0db2                	.insn	2, 0x0db2
80003f4a:	10a5                	.insn	2, 0x10a5
80003f4c:	8f9a                	.insn	2, 0x8f9a
80003f4e:	10c4                	.insn	2, 0x10c4
80003f50:	10e4ceaf          	.insn	4, 0x10e4ceaf
80003f54:	8979                	.insn	2, 0x8979
80003f56:	dde610f7          	.insn	4, 0xdde610f7
80003f5a:	1122                	.insn	2, 0x1122
80003f5c:	112b5d0f          	.insn	4, 0x112b5d0f
80003f60:	43c8                	.insn	2, 0x43c8
80003f62:	1144                	.insn	2, 0x1144
80003f64:	dc36                	.insn	2, 0xdc36
80003f66:	115c                	.insn	2, 0x115c
80003f68:	7eec                	.insn	2, 0x7eec
80003f6a:	1178                	.insn	2, 0x1178
80003f6c:	0002                	.insn	2, 0x0002
80003f6e:	1189                	.insn	2, 0x1189
80003f70:	119f8227          	.insn	4, 0x119f8227
80003f74:	4fc8                	.insn	2, 0x4fc8
80003f76:	182611cf          	.insn	4, 0x182611cf
80003f7a:	11da                	.insn	2, 0x11da
80003f7c:	8de8                	.insn	2, 0x8de8
80003f7e:	11e4                	.insn	2, 0x11e4
80003f80:	12e0                	.insn	2, 0x12e0
80003f82:	3fa611eb          	.insn	4, 0x3fa611eb
80003f86:	11f6                	.insn	2, 0x11f6
80003f88:	04bd                	.insn	2, 0x04bd
80003f8a:	2b6111fb          	.insn	4, 0x2b6111fb
80003f8e:	824211fb          	.insn	4, 0x824211fb
80003f92:	51f61203          	lh	tp,1311(a2)
80003f96:	121c                	.insn	2, 0x121c
80003f98:	acb4                	.insn	2, 0xacb4
80003f9a:	1220                	.insn	2, 0x1220
80003f9c:	e474                	.insn	2, 0xe474
80003f9e:	1221                	.insn	2, 0x1221
80003fa0:	321c                	.insn	2, 0x321c
80003fa2:	1225                	.insn	2, 0x1225
80003fa4:	671f 1235 6343      	.insn	6, 0x63431235671f
80003faa:	1239                	.insn	2, 0x1239
80003fac:	c895                	.insn	2, 0xc895
80003fae:	63be125b          	.insn	4, 0x63be125b
80003fb2:	1266                	.insn	2, 0x1266
80003fb4:	6746                	.insn	2, 0x6746
80003fb6:	1268                	.insn	2, 0x1268
80003fb8:	c920                	.insn	2, 0xc920
80003fba:	1268                	.insn	2, 0x1268
80003fbc:	6408                	.insn	2, 0x6408
80003fbe:	127e                	.insn	2, 0x127e
80003fc0:	6db5                	.insn	2, 0x6db5
80003fc2:	1744128b          	.insn	4, 0x1744128b
80003fc6:	12dd                	.insn	2, 0x12dd
80003fc8:	12f40083          	lb	ra,303(s0)
80003fcc:	bfaa                	.insn	2, 0xbfaa
80003fce:	e74112ff c0ac1314 	.insn	12, 0x2441133cc0ac1314e74112ff
80003fd6:	2441133c 
80003fda:	0e9b1353          	.insn	4, 0x0e9b1353
80003fde:	1364                	.insn	2, 0x1364
80003fe0:	136948cb          	.insn	4, 0x136948cb
80003fe4:	4dd8                	.insn	2, 0x4dd8
80003fe6:	1395                	.insn	2, 0x1395
80003fe8:	e4b2                	.insn	2, 0xe4b2
80003fea:	139c                	.insn	2, 0x139c
80003fec:	db86                	.insn	2, 0xdb86
80003fee:	a26a13a7          	.insn	4, 0xa26a13a7
80003ff2:	13b2                	.insn	2, 0x13b2
80003ff4:	13bf00c7          	.insn	4, 0x13bf00c7
80003ff8:	13ccfe2f          	.insn	4, 0x13ccfe2f
80003ffc:	b436                	.insn	2, 0xb436
80003ffe:	13e5                	.insn	2, 0x13e5
80004000:	13e702e3          	beq	a4,t5,80004924 <verify_data+0xe08>
80004004:	0138                	.insn	2, 0x0138
80004006:	13e9                	.insn	2, 0x13e9
80004008:	a794                	.insn	2, 0xa794
8000400a:	13fe                	.insn	2, 0x13fe
8000400c:	140a3777          	.insn	4, 0x140a3777
80004010:	98ae                	.insn	2, 0x98ae
80004012:	142d                	.insn	2, 0x142d
80004014:	8655                	.insn	2, 0x8655
80004016:	bdd61447          	.insn	4, 0xbdd61447
8000401a:	144a                	.insn	2, 0x144a
8000401c:	81a2                	.insn	2, 0x81a2
8000401e:	145a                	.insn	2, 0x145a
80004020:	145d8bd7          	.insn	4, 0x145d8bd7
80004024:	14624fa3          	.insn	4, 0x14624fa3
80004028:	5a5e                	.insn	2, 0x5a5e
8000402a:	1472                	.insn	2, 0x1472
8000402c:	14739627          	.insn	4, 0x14739627
80004030:	2e08                	.insn	2, 0x2e08
80004032:	147c                	.insn	2, 0x147c
80004034:	e22a                	.insn	2, 0xe22a
80004036:	1488                	.insn	2, 0x1488
80004038:	2630                	.insn	2, 0x2630
8000403a:	148e                	.insn	2, 0x148e
8000403c:	14a8aca7          	.insn	4, 0x14a8aca7
80004040:	108a                	.insn	2, 0x108a
80004042:	14c0                	.insn	2, 0x14c0
80004044:	14d11f33          	.insn	4, 0x14d11f33
80004048:	14df5beb          	.insn	4, 0x14df5beb
8000404c:	26d6                	.insn	2, 0x26d6
8000404e:	caae14f7          	.insn	4, 0xcaae14f7
80004052:	1518                	.insn	2, 0x1518
80004054:	3f1e                	.insn	2, 0x3f1e
80004056:	1532                	.insn	2, 0x1532
80004058:	7742                	.insn	2, 0x7742
8000405a:	1540                	.insn	2, 0x1540
8000405c:	1541dfdb          	.insn	4, 0x1541dfdb
80004060:	63a5                	.insn	2, 0x63a5
80004062:	1542                	.insn	2, 0x1542
80004064:	1fe2                	.insn	2, 0x1fe2
80004066:	1571                	.insn	2, 0x1571
80004068:	d1f1                	.insn	2, 0xd1f1
8000406a:	157e                	.insn	2, 0x157e
8000406c:	18e0                	.insn	2, 0x18e0
8000406e:	159f b440 15aa      	.insn	6, 0x15aab440159f
80004074:	15bb2fe7          	.insn	4, 0x15bb2fe7
80004078:	a9d0                	.insn	2, 0xa9d0
8000407a:	a7d115bb          	.insn	4, 0xa7d115bb
8000407e:	15c5                	.insn	2, 0x15c5
80004080:	7f16                	.insn	2, 0x7f16
80004082:	15ce                	.insn	2, 0x15ce
80004084:	68b2                	.insn	2, 0x68b2
80004086:	0f8915db          	.insn	4, 0x0f8915db
8000408a:	15ee                	.insn	2, 0x15ee
8000408c:	15f77ee7          	.insn	4, 0x15f77ee7
80004090:	15fcce2f          	.insn	4, 0x15fcce2f
80004094:	12d6                	.insn	2, 0x12d6
80004096:	1629                	.insn	2, 0x1629
80004098:	8dc1                	.insn	2, 0x8dc1
8000409a:	1630                	.insn	2, 0x1630
8000409c:	5f2d                	.insn	2, 0x5f2d
8000409e:	eb5f1633          	.insn	4, 0xeb5f1633
800040a2:	fd611633          	.insn	4, 0xfd611633
800040a6:	163e                	.insn	2, 0x163e
800040a8:	2ff2                	.insn	2, 0x2ff2
800040aa:	1640                	.insn	2, 0x1640
800040ac:	379a                	.insn	2, 0x379a
800040ae:	39421667          	.insn	4, 0x39421667
800040b2:	1675                	.insn	2, 0x1675
800040b4:	bf1f 1695 42fc      	.insn	6, 0x42fc1695bf1f
800040ba:	169e                	.insn	2, 0x169e
800040bc:	6ad2                	.insn	2, 0x6ad2
800040be:	0ad616a7          	.insn	4, 0x0ad616a7
800040c2:	534b16b7          	lui	a3,0x534b1
800040c6:	16be                	.insn	2, 0x16be
800040c8:	d8e5                	.insn	2, 0xd8e5
800040ca:	4eab16c3          	.insn	4, 0x4eab16c3
800040ce:	098116cb          	.insn	4, 0x098116cb
800040d2:	1700                	.insn	2, 0x1700
800040d4:	1692                	.insn	2, 0x1692
800040d6:	170d                	.insn	2, 0x170d
800040d8:	1621                	.insn	2, 0x1621
800040da:	1712                	.insn	2, 0x1712
800040dc:	17155447          	.insn	4, 0x17155447
800040e0:	7b35                	.insn	2, 0x7b35
800040e2:	171a                	.insn	2, 0x171a
800040e4:	172d75a3          	.insn	4, 0x172d75a3
800040e8:	3a26                	.insn	2, 0x3a26
800040ea:	46e31733          	.insn	4, 0x46e31733
800040ee:	174a                	.insn	2, 0x174a
800040f0:	1753184b          	.insn	4, 0x1753184b
800040f4:	b7d5                	.insn	2, 0xb7d5
800040f6:	1790                	.insn	2, 0x1790
800040f8:	394c                	.insn	2, 0x394c
800040fa:	17bc                	.insn	2, 0x17bc
800040fc:	bb4a                	.insn	2, 0xbb4a
800040fe:	17bc                	.insn	2, 0x17bc
80004100:	e6da                	.insn	2, 0xe6da
80004102:	17c6                	.insn	2, 0x17c6
80004104:	ff59                	.insn	2, 0xff59
80004106:	17c9                	.insn	2, 0x17c9
80004108:	3abd                	.insn	2, 0x3abd
8000410a:	61c617cf          	.insn	4, 0x61c617cf
8000410e:	974017d7          	.insn	4, 0x974017d7
80004112:	17ed                	.insn	2, 0x17ed
80004114:	eeec                	.insn	2, 0xeeec
80004116:	1802                	.insn	2, 0x1802
80004118:	10d2                	.insn	2, 0x10d2
8000411a:	1aef180b          	.insn	4, 0x1aef180b
8000411e:	184e                	.insn	2, 0x184e
80004120:	8e8d                	.insn	2, 0x8e8d
80004122:	188c                	.insn	2, 0x188c
80004124:	c656                	.insn	2, 0xc656
80004126:	189e                	.insn	2, 0x189e
80004128:	a1ce                	.insn	2, 0xa1ce
8000412a:	18d2                	.insn	2, 0x18d2
8000412c:	9675                	.insn	2, 0x9675
8000412e:	3dfe18e3          	bne	t3,t6,80004cfe <verify_data+0x11e2>
80004132:	18fa                	.insn	2, 0x18fa
80004134:	19de                	.insn	2, 0x19de
80004136:	b28018fb          	.insn	4, 0xb28018fb
8000413a:	1900                	.insn	2, 0x1900
8000413c:	4ff0                	.insn	2, 0x4ff0
8000413e:	190a                	.insn	2, 0x190a
80004140:	191afacb          	.insn	4, 0x191afacb
80004144:	ed44                	.insn	2, 0xed44
80004146:	0a531927          	.insn	4, 0x0a531927
8000414a:	b1bf193b          	.insn	4, 0xb1bf193b
8000414e:	194e                	.insn	2, 0x194e
80004150:	19a2b58b          	.insn	4, 0x19a2b58b
80004154:	5cc9                	.insn	2, 0x5cc9
80004156:	19c1                	.insn	2, 0x19c1
80004158:	1980                	.insn	2, 0x1980
8000415a:	19c9                	.insn	2, 0x19c9
8000415c:	19cee96b          	.insn	4, 0x19cee96b
80004160:	59f1                	.insn	2, 0x59f1
80004162:	19d5                	.insn	2, 0x19d5
80004164:	4af1                	.insn	2, 0x4af1
80004166:	306d19eb          	.insn	4, 0x306d19eb
8000416a:	19f1                	.insn	2, 0x19f1
8000416c:	f8f2                	.insn	2, 0xf8f2
8000416e:	19f1                	.insn	2, 0x19f1
80004170:	1886                	.insn	2, 0x1886
80004172:	1a04                	.insn	2, 0x1a04
80004174:	af00                	.insn	2, 0xaf00
80004176:	1a05                	.insn	2, 0x1a05
80004178:	1a067347          	.insn	4, 0x1a067347
8000417c:	efe9                	.insn	2, 0xefe9
8000417e:	1a16                	.insn	2, 0x1a16
80004180:	34a2                	.insn	2, 0x34a2
80004182:	1a26                	.insn	2, 0x1a26
80004184:	6680                	.insn	2, 0x6680
80004186:	1a72                	.insn	2, 0x1a72
80004188:	6a3e                	.insn	2, 0x6a3e
8000418a:	1a7c                	.insn	2, 0x1a7c
8000418c:	1a9b193f 1ab845a1 	.insn	8, 0x1ab845a11a9b193f
80004194:	c174                	.insn	2, 0xc174
80004196:	1abe                	.insn	2, 0x1abe
80004198:	8f99                	.insn	2, 0x8f99
8000419a:	1ae8                	.insn	2, 0x1ae8
8000419c:	88d5                	.insn	2, 0x88d5
8000419e:	1afe                	.insn	2, 0x1afe
800041a0:	fbb4                	.insn	2, 0xfbb4
800041a2:	1b14                	.insn	2, 0x1b14
800041a4:	2e78                	.insn	2, 0x2e78
800041a6:	1b16                	.insn	2, 0x1b16
800041a8:	1b1ae0d3          	.insn	4, 0x1b1ae0d3
800041ac:	d252                	.insn	2, 0xd252
800041ae:	0fbf1b2b          	.insn	4, 0x0fbf1b2b
800041b2:	1b35                	.insn	2, 0x1b35
800041b4:	fb86                	.insn	2, 0xfb86
800041b6:	1b60                	.insn	2, 0x1b60
800041b8:	1b717563          	bgeu	sp,s7,80004362 <verify_data+0x846>
800041bc:	ab66                	.insn	2, 0xab66
800041be:	1b78                	.insn	2, 0x1b78
800041c0:	0f16                	.insn	2, 0x0f16
800041c2:	1b81                	.insn	2, 0x1b81
800041c4:	1b825af3          	csrrwi	s5,0x1b8,4
800041c8:	e83e                	.insn	2, 0xe83e
800041ca:	1b94                	.insn	2, 0x1b94
800041cc:	a632                	.insn	2, 0xa632
800041ce:	1b96                	.insn	2, 0x1b96
800041d0:	1baab177          	.insn	4, 0x1baab177
800041d4:	1bb4383f 1bb928d5 	.insn	8, 0x1bb928d51bb4383f
800041dc:	0309                	.insn	2, 0x0309
800041de:	1c05                	.insn	2, 0x1c05
800041e0:	84d0                	.insn	2, 0x84d0
800041e2:	1c2d                	.insn	2, 0x1c2d
800041e4:	1c2f74ab          	.insn	4, 0x1c2f74ab
800041e8:	4355                	.insn	2, 0x4355
800041ea:	1c36                	.insn	2, 0x1c36
800041ec:	4b00                	.insn	2, 0x4b00
800041ee:	a9601c73          	csrrw	s8,0xa96,zero
800041f2:	1c74                	.insn	2, 0x1c74
800041f4:	b4a9                	.insn	2, 0xb4a9
800041f6:	1c88                	.insn	2, 0x1c88
800041f8:	0ac5                	.insn	2, 0x0ac5
800041fa:	1cb4                	.insn	2, 0x1cb4
800041fc:	12d4                	.insn	2, 0x12d4
800041fe:	1cb4                	.insn	2, 0x1cb4
80004200:	bb55                	.insn	2, 0xbb55
80004202:	1cc8                	.insn	2, 0x1cc8
80004204:	1ccf4e3b          	.insn	4, 0x1ccf4e3b
80004208:	000d                	.insn	2, 0x000d
8000420a:	1cf5                	.insn	2, 0x1cf5
8000420c:	4c05                	.insn	2, 0x4c05
8000420e:	1cfa                	.insn	2, 0x1cfa
80004210:	88a1                	.insn	2, 0x88a1
80004212:	1cfa                	.insn	2, 0x1cfa
80004214:	9565                	.insn	2, 0x9565
80004216:	1d14                	.insn	2, 0x1d14
80004218:	da5f 1d42 1082      	.insn	6, 0x10821d42da5f
8000421e:	71bc1d5b          	.insn	4, 0x71bc1d5b
80004222:	97091d77          	.insn	4, 0x97091d77
80004226:	1d82                	.insn	2, 0x1d82
80004228:	daea                	.insn	2, 0xdaea
8000422a:	1dac                	.insn	2, 0x1dac
8000422c:	9829                	.insn	2, 0x9829
8000422e:	1db9                	.insn	2, 0x1db9
80004230:	d75f 1dcb 2524      	.insn	6, 0x25241dcbd75f
80004236:	9af51dd3          	.insn	4, 0x9af51dd3
8000423a:	1dd8                	.insn	2, 0x1dd8
8000423c:	8a44                	.insn	2, 0x8a44
8000423e:	daf91def          	jal	s11,7ff95fec <buflen.1+0x7ff95fac>
80004242:	1df0                	.insn	2, 0x1df0
80004244:	6e48                	.insn	2, 0x6e48
80004246:	1df4                	.insn	2, 0x1df4
80004248:	c9c9                	.insn	2, 0xc9c9
8000424a:	1e00                	.insn	2, 0x1e00
8000424c:	d51d                	.insn	2, 0xd51d
8000424e:	1e08                	.insn	2, 0x1e08
80004250:	1e300f6b          	.insn	4, 0x1e300f6b
80004254:	25de                	.insn	2, 0x25de
80004256:	1e45                	.insn	2, 0x1e45
80004258:	8062                	.insn	2, 0x8062
8000425a:	1e46                	.insn	2, 0x1e46
8000425c:	1e48192b          	.insn	4, 0x1e48192b
80004260:	7f46                	.insn	2, 0x7f46
80004262:	1e58                	.insn	2, 0x1e58
80004264:	1641                	.insn	2, 0x1641
80004266:	1e62                	.insn	2, 0x1e62
80004268:	47e8                	.insn	2, 0x47e8
8000426a:	1e6d                	.insn	2, 0x1e6d
8000426c:	932c                	.insn	2, 0x932c
8000426e:	1e6d                	.insn	2, 0x1e6d
80004270:	0b6e                	.insn	2, 0x0b6e
80004272:	1e8c                	.insn	2, 0x1e8c
80004274:	e911                	.insn	2, 0xe911
80004276:	540d1e93          	.insn	4, 0x540d1e93
8000427a:	1e9c                	.insn	2, 0x1e9c
8000427c:	1e9ca763          	.insn	4, 0x1e9ca763
80004280:	49c4                	.insn	2, 0x49c4
80004282:	1ea6                	.insn	2, 0x1ea6
80004284:	f87d                	.insn	2, 0xf87d
80004286:	1eb0                	.insn	2, 0x1eb0
80004288:	98ac                	.insn	2, 0x98ac
8000428a:	1eb8                	.insn	2, 0x1eb8
8000428c:	a950                	.insn	2, 0xa950
8000428e:	1ebe                	.insn	2, 0x1ebe
80004290:	8110                	.insn	2, 0x8110
80004292:	1edc                	.insn	2, 0x1edc
80004294:	2d32                	.insn	2, 0x2d32
80004296:	1ee1                	.insn	2, 0x1ee1
80004298:	4855                	.insn	2, 0x4855
8000429a:	1ef2                	.insn	2, 0x1ef2
8000429c:	1ef490c3          	.insn	4, 0x1ef490c3
800042a0:	1ef9fd23          	.insn	4, 0x1ef9fd23
800042a4:	9906                	.insn	2, 0x9906
800042a6:	5e7e1f03          	lh	t5,1511(t3)
800042aa:	1f06                	.insn	2, 0x1f06
800042ac:	3d39                	.insn	2, 0x3d39
800042ae:	1f09                	.insn	2, 0x1f09
800042b0:	8905                	.insn	2, 0x8905
800042b2:	1f1f 5071 1f23      	.insn	6, 0x1f2350711f1f
800042b8:	1f407de7          	.insn	4, 0x1f407de7
800042bc:	1c49                	.insn	2, 0x1c49
800042be:	1f54                	.insn	2, 0x1f54
800042c0:	0239                	.insn	2, 0x0239
800042c2:	1f79                	.insn	2, 0x1f79
800042c4:	1f8b77b7          	lui	a5,0x1f8b7
800042c8:	96fd                	.insn	2, 0x96fd
800042ca:	1f98                	.insn	2, 0x1f98
800042cc:	b1ee                	.insn	2, 0xb1ee
800042ce:	cd531fb7          	lui	t6,0xcd531
800042d2:	1fbc                	.insn	2, 0x1fbc
800042d4:	7b61                	.insn	2, 0x7b61
800042d6:	1fc6                	.insn	2, 0x1fc6
800042d8:	0dde                	.insn	2, 0x0dde
800042da:	1fda                	.insn	2, 0x1fda
800042dc:	16f9                	.insn	2, 0x16f9
800042de:	1ff0                	.insn	2, 0x1ff0
800042e0:	adc6                	.insn	2, 0xadc6
800042e2:	73bb1ff3          	csrrw	t6,mhpmevent27h,s6
800042e6:	201f 0c4c 2027      	.insn	6, 0x20270c4c201f
800042ec:	202edda7          	.insn	4, 0x202edda7
800042f0:	202fd7d7          	.insn	4, 0x202fd7d7
800042f4:	2c8c                	.insn	2, 0x2c8c
800042f6:	2031                	.insn	2, 0x2031
800042f8:	46f4                	.insn	2, 0x46f4
800042fa:	203e                	.insn	2, 0x203e
800042fc:	8ed1                	.insn	2, 0x8ed1
800042fe:	0db82057          	.insn	4, 0x0db82057
80004302:	206c                	.insn	2, 0x206c
80004304:	7fd8                	.insn	2, 0x7fd8
80004306:	207a                	.insn	2, 0x207a
80004308:	0d30                	.insn	2, 0x0d30
8000430a:	207d                	.insn	2, 0x207d
8000430c:	3aed                	.insn	2, 0x3aed
8000430e:	2085                	.insn	2, 0x2085
80004310:	7fc9                	.insn	2, 0x7fc9
80004312:	2090                	.insn	2, 0x2090
80004314:	78d4                	.insn	2, 0x78d4
80004316:	f31d20b3          	.insn	4, 0xf31d20b3
8000431a:	20bc                	.insn	2, 0x20bc
8000431c:	7518                	.insn	2, 0x7518
8000431e:	20d0                	.insn	2, 0x20d0
80004320:	cf61                	.insn	2, 0xcf61
80004322:	e50320fb          	.insn	4, 0xe50320fb
80004326:	2128                	.insn	2, 0x2128
80004328:	7078                	.insn	2, 0x7078
8000432a:	2159                	.insn	2, 0x2159
8000432c:	0b52                	.insn	2, 0x0b52
8000432e:	9d30216b          	.insn	4, 0x9d30216b
80004332:	218e                	.insn	2, 0x218e
80004334:	81de                	.insn	2, 0x81de
80004336:	03af21af          	.insn	4, 0x03af21af
8000433a:	a15d21bf f16e21d7 	.insn	8, 0xf16e21d7a15d21bf
80004342:	21e4                	.insn	2, 0x21e4
80004344:	21f8bbe7          	.insn	4, 0x21f8bbe7
80004348:	757d                	.insn	2, 0x757d
8000434a:	2212                	.insn	2, 0x2212
8000434c:	221bb1f3          	csrrc	gp,0x221,s7
80004350:	27e4                	.insn	2, 0x27e4
80004352:	223a                	.insn	2, 0x223a
80004354:	e330                	.insn	2, 0xe330
80004356:	2262                	.insn	2, 0x2262
80004358:	226a2ea7          	.insn	4, 0x226a2ea7
8000435c:	9562                	.insn	2, 0x9562
8000435e:	226a                	.insn	2, 0x226a
80004360:	227f96f7          	.insn	4, 0x227f96f7
80004364:	810a                	.insn	2, 0x810a
80004366:	2285                	.insn	2, 0x2285
80004368:	22992e4b          	.insn	4, 0x22992e4b
8000436c:	aa91                	.insn	2, 0xaa91
8000436e:	229c                	.insn	2, 0x229c
80004370:	9608                	.insn	2, 0x9608
80004372:	22c1                	.insn	2, 0x22c1
80004374:	fb81                	.insn	2, 0xfb81
80004376:	22e0                	.insn	2, 0x22e0
80004378:	ab60                	.insn	2, 0xab60
8000437a:	22ea                	.insn	2, 0x22ea
8000437c:	2fa9                	.insn	2, 0x2fa9
8000437e:	231c                	.insn	2, 0x231c
80004380:	39df 2335 4e2b      	.insn	6, 0x4e2b233539df
80004386:	2349                	.insn	2, 0x2349
80004388:	c94a                	.insn	2, 0xc94a
8000438a:	234c                	.insn	2, 0x234c
8000438c:	23688f3b          	.insn	4, 0x23688f3b
80004390:	278e                	.insn	2, 0x278e
80004392:	2374                	.insn	2, 0x2374
80004394:	ed70                	.insn	2, 0xed70
80004396:	2381                	.insn	2, 0x2381
80004398:	04c5                	.insn	2, 0x04c5
8000439a:	239c                	.insn	2, 0x239c
8000439c:	034d                	.insn	2, 0x034d
8000439e:	23a5                	.insn	2, 0x23a5
800043a0:	6a30                	.insn	2, 0x6a30
800043a2:	a2f223e7          	.insn	4, 0xa2f223e7
800043a6:	7ca623ef          	jal	t2,80066b70 <_tbss_end+0x5cfec>
800043aa:	e3c123f3          	csrrs	t2,0xe3c,sp
800043ae:	23fe                	.insn	2, 0x23fe
800043b0:	240481ab          	.insn	4, 0x240481ab
800043b4:	37ea                	.insn	2, 0x37ea
800043b6:	491c240f          	.insn	4, 0x491c240f
800043ba:	2435                	.insn	2, 0x2435
800043bc:	b44a                	.insn	2, 0xb44a
800043be:	2439                	.insn	2, 0x2439
800043c0:	cd3e                	.insn	2, 0xcd3e
800043c2:	247e                	.insn	2, 0x247e
800043c4:	490d                	.insn	2, 0x490d
800043c6:	249c                	.insn	2, 0x249c
800043c8:	3ecd                	.insn	2, 0x3ecd
800043ca:	24a2                	.insn	2, 0x24a2
800043cc:	5cb5                	.insn	2, 0x5cb5
800043ce:	66c324b3          	.insn	4, 0x66c324b3
800043d2:	24d2                	.insn	2, 0x24d2
800043d4:	24d5dd8b          	.insn	4, 0x24d5dd8b
800043d8:	81fd                	.insn	2, 0x81fd
800043da:	24d8                	.insn	2, 0x24d8
800043dc:	5376                	.insn	2, 0x5376
800043de:	24e0                	.insn	2, 0x24e0
800043e0:	bbfa                	.insn	2, 0xbbfa
800043e2:	3a3624eb          	.insn	4, 0x3a3624eb
800043e6:	24ec                	.insn	2, 0x24ec
800043e8:	05f9                	.insn	2, 0x05f9
800043ea:	24f4                	.insn	2, 0x24f4
800043ec:	0b3d                	.insn	2, 0x0b3d
800043ee:	24fc                	.insn	2, 0x24fc
800043f0:	c3bd                	.insn	2, 0xc3bd
800043f2:	2511                	.insn	2, 0x2511
800043f4:	b685                	.insn	2, 0xb685
800043f6:	2514                	.insn	2, 0x2514
800043f8:	90ea                	.insn	2, 0x90ea
800043fa:	2515                	.insn	2, 0x2515
800043fc:	76c0                	.insn	2, 0x76c0
800043fe:	252c                	.insn	2, 0x252c
80004400:	18b0                	.insn	2, 0x18b0
80004402:	2530                	.insn	2, 0x2530
80004404:	dc48                	.insn	2, 0xdc48
80004406:	253a                	.insn	2, 0x253a
80004408:	625f 253c d083      	.insn	6, 0xd083253c625f
8000440e:	e0d6253f 5203254f 	.insn	8, 0x5203254fe0d6253f
80004416:	2575                	.insn	2, 0x2575
80004418:	0af0                	.insn	2, 0x0af0
8000441a:	a39e2593          	slti	a1,t3,-1479
8000441e:	259c                	.insn	2, 0x259c
80004420:	648d                	.insn	2, 0x648d
80004422:	25a2                	.insn	2, 0x25a2
80004424:	25aa979b          	.insn	4, 0x25aa979b
80004428:	e378                	.insn	2, 0xe378
8000442a:	25b4                	.insn	2, 0x25b4
8000442c:	25bbf907          	.insn	4, 0x25bbf907
80004430:	7b4a                	.insn	2, 0x7b4a
80004432:	25be                	.insn	2, 0x25be
80004434:	ff86                	.insn	2, 0xff86
80004436:	eb4f25ef          	jal	a1,7fff6aea <buflen.1+0x7fff6aaa>
8000443a:	2601                	.insn	2, 0x2601
8000443c:	a9bd                	.insn	2, 0xa9bd
8000443e:	2609                	.insn	2, 0x2609
80004440:	5fae                	.insn	2, 0x5fae
80004442:	2632                	.insn	2, 0x2632
80004444:	2540                	.insn	2, 0x2540
80004446:	83a92667          	.insn	4, 0x83a92667
8000444a:	afc1266f          	jal	a2,7ff16746 <buflen.1+0x7ff16706>
8000444e:	78e9268b          	.insn	4, 0x78e9268b
80004452:	26ba                	.insn	2, 0x26ba
80004454:	0b60                	.insn	2, 0x0b60
80004456:	26c6                	.insn	2, 0x26c6
80004458:	a9e2                	.insn	2, 0xa9e2
8000445a:	26d5                	.insn	2, 0x26d5
8000445c:	ed86                	.insn	2, 0xed86
8000445e:	26d8                	.insn	2, 0x26d8
80004460:	ebc4                	.insn	2, 0xebc4
80004462:	26dd                	.insn	2, 0x26dd
80004464:	e848                	.insn	2, 0xe848
80004466:	26e2                	.insn	2, 0x26e2
80004468:	26ecc43f 26f58add 	.insn	8, 0x26f58add26ecc43f
80004470:	2ad8                	.insn	2, 0x2ad8
80004472:	2709                	.insn	2, 0x2709
80004474:	9280                	.insn	2, 0x9280
80004476:	270d                	.insn	2, 0x270d
80004478:	4fba                	.insn	2, 0x4fba
8000447a:	2711                	.insn	2, 0x2711
8000447c:	53c2                	.insn	2, 0x53c2
8000447e:	2728                	.insn	2, 0x2728
80004480:	272cdbc7          	.insn	4, 0x272cdbc7
80004484:	ec5c                	.insn	2, 0xec5c
80004486:	276a                	.insn	2, 0x276a
80004488:	bfb6                	.insn	2, 0xbfb6
8000448a:	2799                	.insn	2, 0x2799
8000448c:	27ac473b          	.insn	4, 0x27ac473b
80004490:	e2fd                	.insn	2, 0xe2fd
80004492:	dfd027bb          	.insn	4, 0xdfd027bb
80004496:	27f8                	.insn	2, 0x27f8
80004498:	280b98c7          	.insn	4, 0x280b98c7
8000449c:	d6ad                	.insn	2, 0xd6ad
8000449e:	2812                	.insn	2, 0x2812
800044a0:	281bbd27          	.insn	4, 0x281bbd27
800044a4:	fe11                	.insn	2, 0xfe11
800044a6:	2828                	.insn	2, 0x2828
800044a8:	49a5                	.insn	2, 0x49a5
800044aa:	2835                	.insn	2, 0x2835
800044ac:	10f8                	.insn	2, 0x10f8
800044ae:	2844                	.insn	2, 0x2844
800044b0:	2845d05b          	.insn	4, 0x2845d05b
800044b4:	9189                	.insn	2, 0x9189
800044b6:	285d                	.insn	2, 0x285d
800044b8:	2870b66f          	jal	a2,8000ff3e <_tbss_end+0x63ba>
800044bc:	a34d                	.insn	2, 0xa34d
800044be:	2880                	.insn	2, 0x2880
800044c0:	9bfd                	.insn	2, 0x9bfd
800044c2:	288a                	.insn	2, 0x288a
800044c4:	c5f0                	.insn	2, 0xc5f0
800044c6:	28a6                	.insn	2, 0x28a6
800044c8:	c1b4                	.insn	2, 0xc1b4
800044ca:	f15328bb          	.insn	4, 0xf15328bb
800044ce:	28bd                	.insn	2, 0x28bd
800044d0:	5d55                	.insn	2, 0x5d55
800044d2:	28d4                	.insn	2, 0x28d4
800044d4:	b431                	.insn	2, 0xb431
800044d6:	25ea28ef          	jal	a7,800a6734 <_tbss_end+0x9cbb0>
800044da:	2901                	.insn	2, 0x2901
800044dc:	290737e7          	.insn	4, 0x290737e7
800044e0:	6c64                	.insn	2, 0x6c64
800044e2:	2909                	.insn	2, 0x2909
800044e4:	292b6803          	.insn	4, 0x292b6803
800044e8:	de5d                	.insn	2, 0xde5d
800044ea:	292c                	.insn	2, 0x292c
800044ec:	292dc637          	lui	a2,0x292dc
800044f0:	4190                	.insn	2, 0x4190
800044f2:	2931                	.insn	2, 0x2931
800044f4:	fc5d                	.insn	2, 0xfc5d
800044f6:	9857294b          	.insn	4, 0x9857294b
800044fa:	2959                	.insn	2, 0x2959
800044fc:	28ae                	.insn	2, 0x28ae
800044fe:	297c                	.insn	2, 0x297c
80004500:	297efd5b          	.insn	4, 0x297efd5b
80004504:	f432                	.insn	2, 0xf432
80004506:	2982                	.insn	2, 0x2982
80004508:	d515                	.insn	2, 0xd515
8000450a:	2995                	.insn	2, 0x2995
8000450c:	daa0                	.insn	2, 0xdaa0
8000450e:	986b2997          	auipc	s3,0x986b2
80004512:	2998                	.insn	2, 0x2998
80004514:	29a4b67b          	.insn	4, 0x29a4b67b
80004518:	29c439a7          	.insn	4, 0x29c439a7
8000451c:	29d70e33          	.insn	4, 0x29d70e33
80004520:	7a22                	.insn	2, 0x7a22
80004522:	29dd                	.insn	2, 0x29dd
80004524:	eae5                	.insn	2, 0xeae5
80004526:	29e8                	.insn	2, 0x29e8
80004528:	35ba                	.insn	2, 0x35ba
8000452a:	2a0d                	.insn	2, 0x2a0d
8000452c:	2a12718f          	.insn	4, 0x2a12718f
80004530:	2885                	.insn	2, 0x2885
80004532:	2a1a                	.insn	2, 0x2a1a
80004534:	4eda                	.insn	2, 0x4eda
80004536:	2a21                	.insn	2, 0x2a21
80004538:	2a22a5e3          	.insn	4, 0x2a22a5e3
8000453c:	6ac2                	.insn	2, 0x6ac2
8000453e:	2a4c                	.insn	2, 0x2a4c
80004540:	2a8f6b6f          	jal	s6,800fa7e8 <_tbss_end+0xf0c64>
80004544:	bc82                	.insn	2, 0xbc82
80004546:	2a95                	.insn	2, 0x2a95
80004548:	6351                	.insn	2, 0x6351
8000454a:	2aac                	.insn	2, 0x2aac
8000454c:	74f2                	.insn	2, 0x74f2
8000454e:	2aca                	.insn	2, 0x2aca
80004550:	832c                	.insn	2, 0x832c
80004552:	4d282aef          	jal	s5,80086a24 <_tbss_end+0x7cea0>
80004556:	2afa                	.insn	2, 0x2afa
80004558:	9719                	.insn	2, 0x9719
8000455a:	2b01                	.insn	2, 0x2b01
8000455c:	2b0b5427          	.insn	4, 0x2b0b5427
80004560:	d0ed                	.insn	2, 0xd0ed
80004562:	2b0c                	.insn	2, 0x2b0c
80004564:	261f 2b0e deec      	.insn	6, 0xdeec2b0e261f
8000456a:	2b16                	.insn	2, 0x2b16
8000456c:	0b2a                	.insn	2, 0x0b2a
8000456e:	2b1d                	.insn	2, 0x2b1d
80004570:	4dbe                	.insn	2, 0x4dbe
80004572:	2b26                	.insn	2, 0x2b26
80004574:	0c12                	.insn	2, 0x0c12
80004576:	2b48                	.insn	2, 0x2b48
80004578:	2488                	.insn	2, 0x2488
8000457a:	1c4b2b53          	.insn	4, 0x1c4b2b53
8000457e:	2b5e                	.insn	2, 0x2b5e
80004580:	e58d                	.insn	2, 0xe58d
80004582:	2b7a                	.insn	2, 0x2b7a
80004584:	6fa2                	.insn	2, 0x6fa2
80004586:	4d812b7b          	.insn	4, 0x4d812b7b
8000458a:	2b84                	.insn	2, 0x2b84
8000458c:	70c8                	.insn	2, 0x70c8
8000458e:	5d0d2b87          	.insn	4, 0x5d0d2b87
80004592:	2b89                	.insn	2, 0x2b89
80004594:	d1e1                	.insn	2, 0xd1e1
80004596:	6ca02b8f          	.insn	4, 0x6ca02b8f
8000459a:	d24e2b9b          	.insn	4, 0xd24e2b9b
8000459e:	2b9d                	.insn	2, 0x2b9d
800045a0:	5d49                	.insn	2, 0x5d49
800045a2:	35dc2ba7          	.insn	4, 0x35dc2ba7
800045a6:	2ba8                	.insn	2, 0x2ba8
800045a8:	6a49                	.insn	2, 0x6a49
800045aa:	2be5                	.insn	2, 0x2be5
800045ac:	7d20                	.insn	2, 0x7d20
800045ae:	a3052bf3          	csrrs	s7,0xa30,a0
800045b2:	2bf5                	.insn	2, 0x2bf5
800045b4:	64c0                	.insn	2, 0x64c0
800045b6:	58672c07          	.insn	4, 0x58672c07
800045ba:	2c15                	.insn	2, 0x2c15
800045bc:	aecc                	.insn	2, 0xaecc
800045be:	f5572c23          	sw	s5,-168(a4)
800045c2:	94b82c2b          	.insn	4, 0x94b82c2b
800045c6:	2c2d                	.insn	2, 0x2c2d
800045c8:	2c3cdaab          	.insn	4, 0x2c3cdaab
800045cc:	0379                	.insn	2, 0x0379
800045ce:	2c52                	.insn	2, 0x2c52
800045d0:	2c54a803          	lw	a6,709(s1) # 65a82c5 <buflen.1+0x65a8285>
800045d4:	983d                	.insn	2, 0x983d
800045d6:	2c6a                	.insn	2, 0x2c6a
800045d8:	aaad                	.insn	2, 0xaaad
800045da:	5cab2c73          	csrrs	s8,0x5ca,s6
800045de:	9f222c8f          	.insn	4, 0x9f222c8f
800045e2:	2c9d                	.insn	2, 0x2c9d
800045e4:	2c45                	.insn	2, 0x2c45
800045e6:	b88a2cab          	.insn	4, 0xb88a2cab
800045ea:	2cbd                	.insn	2, 0x2cbd
800045ec:	2cc21eab          	.insn	4, 0x2cc21eab
800045f0:	ddc4                	.insn	2, 0xddc4
800045f2:	2cd0                	.insn	2, 0x2cd0
800045f4:	8849                	.insn	2, 0x8849
800045f6:	2cd8                	.insn	2, 0x2cd8
800045f8:	2ce66627          	.insn	4, 0x2ce66627
800045fc:	6b72                	.insn	2, 0x6b72
800045fe:	2cf4                	.insn	2, 0x2cf4
80004600:	e584                	.insn	2, 0xe584
80004602:	2cf4                	.insn	2, 0x2cf4
80004604:	ceea                	.insn	2, 0xceea
80004606:	2cfe                	.insn	2, 0x2cfe
80004608:	d921                	.insn	2, 0xd921
8000460a:	2d08                	.insn	2, 0x2d08
8000460c:	9006                	.insn	2, 0x9006
8000460e:	2d0c                	.insn	2, 0x2d0c
80004610:	2d2aea73          	csrrsi	s4,0x2d2,21
80004614:	8c8c                	.insn	2, 0x8c8c
80004616:	2d2d                	.insn	2, 0x2d2d
80004618:	d426                	.insn	2, 0xd426
8000461a:	2d30                	.insn	2, 0x2d30
8000461c:	eda1                	.insn	2, 0xeda1
8000461e:	2d68                	.insn	2, 0x2d68
80004620:	2d73d15b          	.insn	4, 0x2d73d15b
80004624:	7cb6                	.insn	2, 0x7cb6
80004626:	fe492d97          	auipc	s11,0xfe492
8000462a:	ddde2d97          	auipc	s11,0xddde2
8000462e:	2d9e                	.insn	2, 0x2d9e
80004630:	ac55                	.insn	2, 0xac55
80004632:	0f762da3          	sw	s7,251(a2) # 292dc0fb <buflen.1+0x292dc0bb>
80004636:	ec892dbb          	.insn	4, 0xec892dbb
8000463a:	2dc4                	.insn	2, 0x2dc4
8000463c:	95c4                	.insn	2, 0x95c4
8000463e:	2dc9                	.insn	2, 0x2dc9
80004640:	17e0                	.insn	2, 0x17e0
80004642:	2dd6                	.insn	2, 0x2dd6
80004644:	2deb91bf 2df3dfcb 	.insn	8, 0x2df3dfcb2deb91bf
8000464c:	2e04b247          	.insn	4, 0x2e04b247
80004650:	9db6                	.insn	2, 0x9db6
80004652:	77ef2e07          	.insn	4, 0x77ef2e07
80004656:	0dbb2e0b          	.insn	4, 0x0dbb2e0b
8000465a:	2e16                	.insn	2, 0x2e16
8000465c:	2e56b07f 2e6a0f7c 	.insn	16, 0x2e70078a2e6c133b2e6a0f7c2e56b07f
80004664:	2e6c133b 2e70078a 
8000466c:	26e2                	.insn	2, 0x26e2
8000466e:	2eb2                	.insn	2, 0x2eb2
80004670:	3bb4                	.insn	2, 0x3bb4
80004672:	2ed0                	.insn	2, 0x2ed0
80004674:	4040                	.insn	2, 0x4040
80004676:	2ed9                	.insn	2, 0x2ed9
80004678:	f2c1                	.insn	2, 0xf2c1
8000467a:	2edd                	.insn	2, 0x2edd
8000467c:	0df8                	.insn	2, 0x0df8
8000467e:	2ee2                	.insn	2, 0x2ee2
80004680:	2eea494b          	.insn	4, 0x2eea494b
80004684:	def5                	.insn	2, 0xdef5
80004686:	2ef0                	.insn	2, 0x2ef0
80004688:	8746                	.insn	2, 0x8746
8000468a:	2ef5                	.insn	2, 0x2ef5
8000468c:	9bd8                	.insn	2, 0x9bd8
8000468e:	2ef6                	.insn	2, 0x2ef6
80004690:	5b1f 2f1a 9f26      	.insn	6, 0x9f262f1a5b1f
80004696:	2f24                	.insn	2, 0x2f24
80004698:	9259                	.insn	2, 0x9259
8000469a:	2f28                	.insn	2, 0x2f28
8000469c:	91a6                	.insn	2, 0x91a6
8000469e:	ef642f2b          	.insn	4, 0xef642f2b
800046a2:	b4642f4b          	.insn	4, 0xb4642f4b
800046a6:	2f70                	.insn	2, 0x2f70
800046a8:	2c50                	.insn	2, 0x2c50
800046aa:	2f82                	.insn	2, 0x2f82
800046ac:	5026                	.insn	2, 0x5026
800046ae:	d1cb2f97          	auipc	t6,0xd1cb2
800046b2:	b6d42fa7          	.insn	4, 0xb6d42fa7
800046b6:	2faa                	.insn	2, 0x2faa
800046b8:	2fb80fd7          	.insn	4, 0x2fb80fd7
800046bc:	21dc                	.insn	2, 0x21dc
800046be:	2fb9                	.insn	2, 0x2fb9
800046c0:	2fbefe13          	andi	t3,t4,763
800046c4:	2fc79aeb          	.insn	4, 0x2fc79aeb
800046c8:	2fcade4f          	.insn	4, 0x2fcade4f
800046cc:	b366                	.insn	2, 0xb366
800046ce:	2fd8                	.insn	2, 0x2fd8
800046d0:	2ff1affb          	.insn	4, 0x2ff1affb
800046d4:	30107333          	.insn	4, 0x30107333
800046d8:	301453e7          	.insn	4, 0x301453e7
800046dc:	3014dbb7          	lui	s7,0x3014d
800046e0:	94ee                	.insn	2, 0x94ee
800046e2:	3041                	.insn	2, 0x3041
800046e4:	86c8                	.insn	2, 0x86c8
800046e6:	304d                	.insn	2, 0x304d
800046e8:	81e5                	.insn	2, 0x81e5
800046ea:	93fd304f          	.insn	4, 0x93fd304f
800046ee:	89643067          	.insn	4, 0x89643067
800046f2:	306a                	.insn	2, 0x306a
800046f4:	2809                	.insn	2, 0x2809
800046f6:	3401306b          	.insn	4, 0x3401306b
800046fa:	307d                	.insn	2, 0x307d
800046fc:	46b2                	.insn	2, 0x46b2
800046fe:	3089                	.insn	2, 0x3089
80004700:	9914                	.insn	2, 0x9914
80004702:	3095                	.insn	2, 0x3095
80004704:	cd5f 30b8 735e      	.insn	6, 0x735e30b8cd5f
8000470a:	30ee                	.insn	2, 0x30ee
8000470c:	d0d4                	.insn	2, 0xd0d4
8000470e:	30f6                	.insn	2, 0x30f6
80004710:	6af4                	.insn	2, 0x6af4
80004712:	3108                	.insn	2, 0x3108
80004714:	1d65                	.insn	2, 0x1d65
80004716:	3116                	.insn	2, 0x3116
80004718:	31529973          	csrrw	s2,0x315,t0
8000471c:	3170694b          	.insn	4, 0x3170694b
80004720:	31766a3f 3181e05e 	.insn	8, 0x3181e05e31766a3f
80004728:	318c2ea3          	sw	s8,797(s8)
8000472c:	318c39e7          	.insn	4, 0x318c39e7
80004730:	8c7a                	.insn	2, 0x8c7a
80004732:	3198                	.insn	2, 0x3198
80004734:	dfc5                	.insn	2, 0xdfc5
80004736:	31a6                	.insn	2, 0x31a6
80004738:	31bc1683          	lh	a3,795(s8)
8000473c:	0fec                	.insn	2, 0x0fec
8000473e:	31c6                	.insn	2, 0x31c6
80004740:	d196                	.insn	2, 0xd196
80004742:	31cc                	.insn	2, 0x31cc
80004744:	0a74                	.insn	2, 0x0a74
80004746:	31d9                	.insn	2, 0x31d9
80004748:	58ee                	.insn	2, 0x58ee
8000474a:	fa4731e3          	.insn	4, 0xfa4731e3
8000474e:	100a31e3          	.insn	4, 0x100a31e3
80004752:	31ec                	.insn	2, 0x31ec
80004754:	de75                	.insn	2, 0xde75
80004756:	3209                	.insn	2, 0x3209
80004758:	3213004b          	.insn	4, 0x3213004b
8000475c:	6e71                	.insn	2, 0x6e71
8000475e:	324a                	.insn	2, 0x324a
80004760:	324f49f7          	.insn	4, 0x324f49f7
80004764:	5676                	.insn	2, 0x5676
80004766:	3268                	.insn	2, 0x3268
80004768:	e084                	.insn	2, 0xe084
8000476a:	326e                	.insn	2, 0x326e
8000476c:	dd86                	.insn	2, 0xdd86
8000476e:	3276                	.insn	2, 0x3276
80004770:	19a6                	.insn	2, 0x19a6
80004772:	3280                	.insn	2, 0x3280
80004774:	9e1e                	.insn	2, 0x9e1e
80004776:	328d                	.insn	2, 0x328d
80004778:	32919983          	lh	s3,809(gp) # e9c70329 <_tbss_end+0x69c667a5>
8000477c:	2dde                	.insn	2, 0x2dde
8000477e:	32a2                	.insn	2, 0x32a2
80004780:	24ff 32be 29b6 32c4 	.insn	14, 0x6a7432cda56532c429b632be24ff
80004788:	a565 32cd 6a74 
8000478e:	32ce                	.insn	2, 0x32ce
80004790:	3d32                	.insn	2, 0x3d32
80004792:	32d5                	.insn	2, 0x32d5
80004794:	127e                	.insn	2, 0x127e
80004796:	32e0                	.insn	2, 0x32e0
80004798:	32ee431b          	.insn	4, 0x32ee431b
8000479c:	e815                	.insn	2, 0xe815
8000479e:	ffd432f7          	.insn	4, 0xffd432f7
800047a2:	330e                	.insn	2, 0x330e
800047a4:	4b8a                	.insn	2, 0x4b8a
800047a6:	3312                	.insn	2, 0x3312
800047a8:	33226d3b          	.insn	4, 0x33226d3b
800047ac:	bb69                	.insn	2, 0xbb69
800047ae:	3324                	.insn	2, 0x3324
800047b0:	57fc                	.insn	2, 0x57fc
800047b2:	3326                	.insn	2, 0x3326
800047b4:	3085                	.insn	2, 0x3085
800047b6:	3339                	.insn	2, 0x3339
800047b8:	a3bc                	.insn	2, 0xa3bc
800047ba:	333c                	.insn	2, 0x333c
800047bc:	3348100b          	.insn	4, 0x3348100b
800047c0:	bf5f 3378 37b1      	.insn	6, 0x37b13378bf5f
800047c6:	337a                	.insn	2, 0x337a
800047c8:	9944                	.insn	2, 0x9944
800047ca:	339f 69aa 33a5      	.insn	6, 0x33a569aa339f
800047d0:	26c9                	.insn	2, 0x26c9
800047d2:	d57033ab          	.insn	4, 0xd57033ab
800047d6:	33ac                	.insn	2, 0x33ac
800047d8:	f61d                	.insn	2, 0xf61d
800047da:	33b6                	.insn	2, 0x33b6
800047dc:	e796                	.insn	2, 0xe796
800047de:	33d8                	.insn	2, 0x33d8
800047e0:	33f842cb          	.insn	4, 0x33f842cb
800047e4:	34127047          	.insn	4, 0x34127047
800047e8:	3417d43b          	.insn	4, 0x3417d43b
800047ec:	86a9                	.insn	2, 0x86a9
800047ee:	341a                	.insn	2, 0x341a
800047f0:	342ec987          	.insn	4, 0x342ec987
800047f4:	b01d                	.insn	2, 0xb01d
800047f6:	3438                	.insn	2, 0x3438
800047f8:	c77a                	.insn	2, 0xc77a
800047fa:	345f 935e 3460      	.insn	6, 0x3460935e345f
80004800:	b74e                	.insn	2, 0xb74e
80004802:	3462                	.insn	2, 0x3462
80004804:	47ff 346a e798 346c 	.insn	18, 0x3b97347ab34e3471e0a8346ce798346a47ff
8000480c:	e0a8 3471 b34e 347a 
80004814:	3b97 
80004816:	347e                	.insn	2, 0x347e
80004818:	3491fb3f 34968f93 	.insn	8, 0x34968f933491fb3f
80004820:	3499a707          	.insn	4, 0x3499a707
80004824:	5b28                	.insn	2, 0x5b28
80004826:	34cd                	.insn	2, 0x34cd
80004828:	3644                	.insn	2, 0x3644
8000482a:	34de                	.insn	2, 0x34de
8000482c:	6341                	.insn	2, 0x6341
8000482e:	5cce34eb          	.insn	4, 0x5cce34eb
80004832:	6b953513          	sltiu	a0,a0,1721
80004836:	3526                	.insn	2, 0x3526
80004838:	99c5                	.insn	2, 0x99c5
8000483a:	2e883533          	.insn	4, 0x2e883533
8000483e:	3539                	.insn	2, 0x3539
80004840:	b79f 353e 36c6      	.insn	6, 0x36c6353eb79f
80004846:	b68b3543          	.insn	4, 0xb68b3543
8000484a:	3548                	.insn	2, 0x3548
8000484c:	1a2c                	.insn	2, 0x1a2c
8000484e:	3555                	.insn	2, 0x3555
80004850:	a8ed                	.insn	2, 0xa8ed
80004852:	d7583557          	.insn	4, 0xd7583557
80004856:	3559                	.insn	2, 0x3559
80004858:	3150                	.insn	2, 0x3150
8000485a:	3561                	.insn	2, 0x3561
8000485c:	05a2                	.insn	2, 0x05a2
8000485e:	3594                	.insn	2, 0x3594
80004860:	35ae                	.insn	2, 0x35ae
80004862:	35c0                	.insn	2, 0x35c0
80004864:	5411                	.insn	2, 0x5411
80004866:	35e6                	.insn	2, 0x35e6
80004868:	360e2f13          	slti	t5,t3,864
8000486c:	3615d7bf 36182d7f 	.insn	8, 0x36182d7f3615d7bf
80004874:	69d9                	.insn	2, 0x69d9
80004876:	3632                	.insn	2, 0x3632
80004878:	93c9                	.insn	2, 0x93c9
8000487a:	3634                	.insn	2, 0x3634
8000487c:	d420                	.insn	2, 0xd420
8000487e:	d5de3647          	.insn	4, 0xd5de3647
80004882:	3661                	.insn	2, 0x3661
80004884:	5b94                	.insn	2, 0x5b94
80004886:	3688                	.insn	2, 0x3688
80004888:	42ad                	.insn	2, 0x42ad
8000488a:	3698                	.insn	2, 0x3698
8000488c:	2b51                	.insn	2, 0x2b51
8000488e:	369a                	.insn	2, 0x369a
80004890:	10ae                	.insn	2, 0x10ae
80004892:	36b0                	.insn	2, 0x36b0
80004894:	36bd5793          	.insn	4, 0x36bd5793
80004898:	36d21197          	auipc	gp,0x36d21
8000489c:	181a                	.insn	2, 0x181a
8000489e:	36ee                	.insn	2, 0x36ee
800048a0:	712a                	.insn	2, 0x712a
800048a2:	2af736f7          	.insn	4, 0x2af736f7
800048a6:	953f370b          	.insn	4, 0x953f370b
800048aa:	6219370f          	.insn	4, 0x6219370f
800048ae:	99ac371b          	.insn	4, 0x99ac371b
800048b2:	42b9372b          	.insn	4, 0x42b9372b
800048b6:	3731                	.insn	2, 0x3731
800048b8:	b46e                	.insn	2, 0xb46e
800048ba:	3734                	.insn	2, 0x3734
800048bc:	f7b8                	.insn	2, 0xf7b8
800048be:	98ff373f e5553741 	.insn	8, 0xe555374198ff373f
800048c6:	3748                	.insn	2, 0x3748
800048c8:	3752e6c7          	.insn	4, 0x3752e6c7
800048cc:	375ced43          	.insn	4, 0x375ced43
800048d0:	c88e                	.insn	2, 0xc88e
800048d2:	3764                	.insn	2, 0x3764
800048d4:	3774479b          	.insn	4, 0x3774479b
800048d8:	a8b1                	.insn	2, 0xa8b1
800048da:	a7273793          	sltiu	a5,a4,-1422
800048de:	37a5                	.insn	2, 0x37a5
800048e0:	37a6bc03          	.insn	4, 0x37a6bc03
800048e4:	74e5                	.insn	2, 0x74e5
800048e6:	37ac                	.insn	2, 0x37ac
800048e8:	66c0                	.insn	2, 0x66c0
800048ea:	37b6                	.insn	2, 0x37b6
800048ec:	7574                	.insn	2, 0x7574
800048ee:	37c2                	.insn	2, 0x37c2
800048f0:	37c3b8f7          	.insn	4, 0x37c3b8f7
800048f4:	7da5                	.insn	2, 0x7da5
800048f6:	37c5                	.insn	2, 0x37c5
800048f8:	37c94eb3          	.insn	4, 0x37c94eb3
800048fc:	b958                	.insn	2, 0xb958
800048fe:	37da                	.insn	2, 0x37da
80004900:	626c                	.insn	2, 0x626c
80004902:	37e8                	.insn	2, 0x37e8
80004904:	8c39                	.insn	2, 0x8c39
80004906:	37e8                	.insn	2, 0x37e8
80004908:	9834                	.insn	2, 0x9834
8000490a:	b6ea37ff b3cd381d 	.insn	16, 0x20f13842578e3834b3cd381db6ea37ff
80004912:	578e3834 20f13842 
8000491a:	384a                	.insn	2, 0x384a
8000491c:	092d                	.insn	2, 0x092d
8000491e:	3862                	.insn	2, 0x3862
80004920:	38679167          	.insn	4, 0x38679167
80004924:	4d02                	.insn	2, 0x4d02
80004926:	3869                	.insn	2, 0x3869
80004928:	386a4a27          	.insn	4, 0x386a4a27
8000492c:	cfc9                	.insn	2, 0xcfc9
8000492e:	c145388b          	.insn	4, 0xc145388b
80004932:	3890                	.insn	2, 0x3890
80004934:	3893fc2f          	.insn	4, 0x3893fc2f
80004938:	ffda                	.insn	2, 0xffda
8000493a:	389f 05d1 38b3      	.insn	6, 0x38b305d1389f
80004940:	38b93c73          	csrrc	s8,0x38b,s2
80004944:	f23d                	.insn	2, 0xf23d
80004946:	38ca                	.insn	2, 0x38ca
80004948:	7b46                	.insn	2, 0x7b46
8000494a:	023138d3          	.insn	4, 0x023138d3
8000494e:	a07c38db          	.insn	4, 0xa07c38db
80004952:	db9c38e3          	.insn	4, 0xdb9c38e3
80004956:	38ea                	.insn	2, 0x38ea
80004958:	4292                	.insn	2, 0x4292
8000495a:	3b0338eb          	.insn	4, 0x3b0338eb
8000495e:	bd26390b          	.insn	4, 0xbd26390b
80004962:	3925                	.insn	2, 0x3925
80004964:	9561                	.insn	2, 0x9561
80004966:	392e                	.insn	2, 0x392e
80004968:	6cd4                	.insn	2, 0x6cd4
8000496a:	c9d63947          	.insn	4, 0xc9d63947
8000496e:	397a                	.insn	2, 0x397a
80004970:	35c4                	.insn	2, 0x35c4
80004972:	398c                	.insn	2, 0x398c
80004974:	398d5073          	csrwi	0x398,26
80004978:	399987cf          	.insn	4, 0x399987cf
8000497c:	737c                	.insn	2, 0x737c
8000497e:	eec339bf 6d6839c2 	.insn	8, 0x6d6839c2eec339bf
80004986:	39c6                	.insn	2, 0x39c6
80004988:	39c73b7f 39c96743 	.insn	16, 0x39f0708e39d3fdf639c9674339c73b7f
80004990:	39d3fdf6 39f0708e 
80004998:	6835                	.insn	2, 0x6835
8000499a:	3a04                	.insn	2, 0x3a04
8000499c:	493e                	.insn	2, 0x493e
8000499e:	3a06                	.insn	2, 0x3a06
800049a0:	56e2                	.insn	2, 0x56e2
800049a2:	3a06                	.insn	2, 0x3a06
800049a4:	3a0a8c2b          	.insn	4, 0x3a0a8c2b
800049a8:	cef4                	.insn	2, 0xcef4
800049aa:	3a2c                	.insn	2, 0x3a2c
800049ac:	8a86                	.insn	2, 0x8a86
800049ae:	3a2d                	.insn	2, 0x3a2d
800049b0:	c658                	.insn	2, 0xc658
800049b2:	3a42                	.insn	2, 0x3a42
800049b4:	3a49aebb          	.insn	4, 0x3a49aebb
800049b8:	de5c                	.insn	2, 0xde5c
800049ba:	3a4e                	.insn	2, 0x3a4e
800049bc:	56ec                	.insn	2, 0x56ec
800049be:	3a74                	.insn	2, 0x3a74
800049c0:	c985                	.insn	2, 0xc985
800049c2:	3a76                	.insn	2, 0x3a76
800049c4:	3a980e8b          	.insn	4, 0x3a980e8b
800049c8:	3aba90eb          	.insn	4, 0x3aba90eb
800049cc:	3ac8d43b          	.insn	4, 0x3ac8d43b
800049d0:	0afe                	.insn	2, 0x0afe
800049d2:	3ae0                	.insn	2, 0x3ae0
800049d4:	4361                	.insn	2, 0x4361
800049d6:	3aea                	.insn	2, 0x3aea
800049d8:	3b13e5b7          	lui	a1,0x3b13e
800049dc:	cef1                	.insn	2, 0xcef1
800049de:	3b1e                	.insn	2, 0x3b1e
800049e0:	fafd                	.insn	2, 0xfafd
800049e2:	3b26                	.insn	2, 0x3b26
800049e4:	fdc5                	.insn	2, 0xfdc5
800049e6:	fc5c3b37          	lui	s6,0xfc5c3
800049ea:	af763b3b          	.insn	4, 0xaf763b3b
800049ee:	ed023b43          	.insn	4, 0xed023b43
800049f2:	3b76                	.insn	2, 0x3b76
800049f4:	7cce                	.insn	2, 0x7cce
800049f6:	3b8a                	.insn	2, 0x3b8a
800049f8:	07e4                	.insn	2, 0x07e4
800049fa:	d0de3b8f          	.insn	4, 0xd0de3b8f
800049fe:	3b90                	.insn	2, 0x3b90
80004a00:	3b99408f          	.insn	4, 0x3b99408f
80004a04:	3eb0                	.insn	2, 0x3eb0
80004a06:	3c06                	.insn	2, 0x3c06
80004a08:	e4c1                	.insn	2, 0xe4c1
80004a0a:	3c39                	.insn	2, 0x3c39
80004a0c:	02ec                	.insn	2, 0x02ec
80004a0e:	3c49                	.insn	2, 0x3c49
80004a10:	de19                	.insn	2, 0xde19
80004a12:	3c49                	.insn	2, 0x3c49
80004a14:	bdbd                	.insn	2, 0xbdbd
80004a16:	3a763c4b          	.insn	4, 0x3a763c4b
80004a1a:	e86b3c5b          	.insn	4, 0xe86b3c5b
80004a1e:	3c6e                	.insn	2, 0x3c6e
80004a20:	1752                	.insn	2, 0x1752
80004a22:	3c96                	.insn	2, 0x3c96
80004a24:	3c985217          	auipc	tp,0x3c985
80004a28:	8b6a                	.insn	2, 0x8b6a
80004a2a:	3ccc                	.insn	2, 0x3ccc
80004a2c:	71b9                	.insn	2, 0x71b9
80004a2e:	a1413cdb          	.insn	4, 0xa1413cdb
80004a32:	0d013cf7          	.insn	4, 0x0d013cf7
80004a36:	3d1a                	.insn	2, 0x3d1a
80004a38:	bfe5                	.insn	2, 0xbfe5
80004a3a:	3d2c                	.insn	2, 0x3d2c
80004a3c:	54be                	.insn	2, 0x54be
80004a3e:	3d2d                	.insn	2, 0x3d2d
80004a40:	5ae1                	.insn	2, 0x5ae1
80004a42:	3d42                	.insn	2, 0x3d42
80004a44:	3d4262f7          	.insn	4, 0x3d4262f7
80004a48:	1d74                	.insn	2, 0x1d74
80004a4a:	3d4e                	.insn	2, 0x3d4e
80004a4c:	8d0c                	.insn	2, 0x8d0c
80004a4e:	3d52                	.insn	2, 0x3d52
80004a50:	56d6                	.insn	2, 0x56d6
80004a52:	3d54                	.insn	2, 0x3d54
80004a54:	fb3a                	.insn	2, 0xfb3a
80004a56:	742a3d57          	.insn	4, 0x742a3d57
80004a5a:	3d5a                	.insn	2, 0x3d5a
80004a5c:	00fc                	.insn	2, 0x00fc
80004a5e:	3d62                	.insn	2, 0x3d62
80004a60:	592a                	.insn	2, 0x592a
80004a62:	3d7d                	.insn	2, 0x3d7d
80004a64:	7fc4                	.insn	2, 0x7fc4
80004a66:	3d8e                	.insn	2, 0x3d8e
80004a68:	3d9105a3          	sb	s9,971(sp)
80004a6c:	38e6                	.insn	2, 0x38e6
80004a6e:	3da0                	.insn	2, 0x3da0
80004a70:	ffa0                	.insn	2, 0xffa0
80004a72:	3db1                	.insn	2, 0x3db1
80004a74:	3dbf7153          	.insn	4, 0x3dbf7153
80004a78:	50ad                	.insn	2, 0x50ad
80004a7a:	e9283dd7          	.insn	4, 0xe9283dd7
80004a7e:	3dde                	.insn	2, 0x3dde
80004a80:	4c2e                	.insn	2, 0x4c2e
80004a82:	b7773deb          	.insn	4, 0xb7773deb
80004a86:	0a4d3e27          	.insn	4, 0x0a4d3e27
80004a8a:	3e2a                	.insn	2, 0x3e2a
80004a8c:	f67f                	.insn	2, 0xf67f
80004a8e:	3e38                	.insn	2, 0x3e38
80004a90:	3e3b8743          	.insn	4, 0x3e3b8743
80004a94:	3e5303f7          	.insn	4, 0x3e5303f7
80004a98:	79d1                	.insn	2, 0x79d1
80004a9a:	17143e53          	.insn	4, 0x17143e53
80004a9e:	3e6d                	.insn	2, 0x3e6d
80004aa0:	99ec                	.insn	2, 0x99ec
80004aa2:	3e85                	.insn	2, 0x3e85
80004aa4:	b8b0                	.insn	2, 0xb8b0
80004aa6:	3e8d                	.insn	2, 0x3e8d
80004aa8:	6ce8                	.insn	2, 0x6ce8
80004aaa:	8b753e9b          	.insn	4, 0x8b753e9b
80004aae:	3e9d                	.insn	2, 0x3e9d
80004ab0:	ccad                	.insn	2, 0xccad
80004ab2:	c5723ea7          	.insn	4, 0xc5723ea7
80004ab6:	99263ed3          	.insn	4, 0x99263ed3
80004aba:	3f00                	.insn	2, 0x3f00
80004abc:	227f 3f1a 1b75 3f1e 	.insn	14, 0x204c3f4ac5ee3f1e1b753f1a227f
80004ac4:	c5ee 3f4a 204c 
80004aca:	3f66                	.insn	2, 0x3f66
80004acc:	7168                	.insn	2, 0x7168
80004ace:	d17c3f67          	.insn	4, 0xd17c3f67
80004ad2:	e53c3f67          	.insn	4, 0xe53c3f67
80004ad6:	3f68                	.insn	2, 0x3f68
80004ad8:	b11e                	.insn	2, 0xb11e
80004ada:	3f7c                	.insn	2, 0x3f7c
80004adc:	f425                	.insn	2, 0xf425
80004ade:	3f81                	.insn	2, 0x3f81
80004ae0:	156e                	.insn	2, 0x156e
80004ae2:	3f8a                	.insn	2, 0x3f8a
80004ae4:	3f95e34b          	.insn	4, 0x3f95e34b
80004ae8:	f67d                	.insn	2, 0xf67d
80004aea:	3fa4                	.insn	2, 0x3fa4
80004aec:	5aa8                	.insn	2, 0x5aa8
80004aee:	3fb1                	.insn	2, 0x3fb1
80004af0:	91b1                	.insn	2, 0x91b1
80004af2:	3fb4                	.insn	2, 0x3fb4
80004af4:	83ba                	.insn	2, 0x83ba
80004af6:	3fbe                	.insn	2, 0x3fbe
80004af8:	4afd                	.insn	2, 0x4afd
80004afa:	fa463fff 12294001 	.insn	16, 0x7e40401ed5c8400712294001fa463fff
80004b02:	d5c84007 7e40401e 
80004b0a:	4025                	.insn	2, 0x4025
80004b0c:	4043fd5b          	.insn	4, 0x4043fd5b
80004b10:	405d5a9b          	.insn	4, 0x405d5a9b
80004b14:	a050                	.insn	2, 0xa050
80004b16:	4085                	.insn	2, 0x4085
80004b18:	345c                	.insn	2, 0x345c
80004b1a:	7651408b          	.insn	4, 0x7651408b
80004b1e:	c4ff408b          	.insn	4, 0xc4ff408b
80004b22:	40b0                	.insn	2, 0x40b0
80004b24:	4885                	.insn	2, 0x4885
80004b26:	40cd                	.insn	2, 0x40cd
80004b28:	0d2d                	.insn	2, 0x0d2d
80004b2a:	40ce                	.insn	2, 0x40ce
80004b2c:	24f2                	.insn	2, 0x24f2
80004b2e:	40ce                	.insn	2, 0x40ce
80004b30:	cc41                	.insn	2, 0xcc41
80004b32:	40d2                	.insn	2, 0x40d2
80004b34:	a17a                	.insn	2, 0xa17a
80004b36:	40d5                	.insn	2, 0x40d5
80004b38:	0dea                	.insn	2, 0x0dea
80004b3a:	a95e40ef          	jal	7ffe95ce <buflen.1+0x7ffe958e>
80004b3e:	ad3840f3          	.insn	4, 0xad3840f3
80004b42:	40f9                	.insn	2, 0x40f9
80004b44:	f865                	.insn	2, 0xf865
80004b46:	40fd                	.insn	2, 0x40fd
80004b48:	40fed847          	.insn	4, 0x40fed847
80004b4c:	411c6f63          	bltu	s8,a7,80004f6a <verify_data+0x144e>
80004b50:	41240a87          	.insn	4, 0x41240a87
80004b54:	6f6a                	.insn	2, 0x6f6a
80004b56:	4139                	.insn	2, 0x4139
80004b58:	3ab2                	.insn	2, 0x3ab2
80004b5a:	413d                	.insn	2, 0x413d
80004b5c:	88ae                	.insn	2, 0x88ae
80004b5e:	414a                	.insn	2, 0x414a
80004b60:	58f0                	.insn	2, 0x58f0
80004b62:	418e                	.insn	2, 0x418e
80004b64:	4ba0                	.insn	2, 0x4ba0
80004b66:	4191                	.insn	2, 0x4191
80004b68:	07d4                	.insn	2, 0x07d4
80004b6a:	4192                	.insn	2, 0x4192
80004b6c:	41aaf2ef          	jal	t0,800b3f86 <_tbss_end+0xaa402>
80004b70:	2be4                	.insn	2, 0x2be4
80004b72:	41ae                	.insn	2, 0x41ae
80004b74:	a764                	.insn	2, 0xa764
80004b76:	41b5                	.insn	2, 0x41b5
80004b78:	65ff 41b8 a514 41be 	.insn	22, 0xa0e2423bc726422f299741f694ba41bea51441b865ff
80004b80:	94ba 41f6 2997 422f 
80004b88:	c726 423b a0e2 
80004b8e:	4248                	.insn	2, 0x4248
80004b90:	f095                	.insn	2, 0xf095
80004b92:	4252                	.insn	2, 0x4252
80004b94:	9e80                	.insn	2, 0x9e80
80004b96:	4261                	.insn	2, 0x4261
80004b98:	8d86                	.insn	2, 0x8d86
80004b9a:	42d0                	.insn	2, 0x42d0
80004b9c:	42d7b4a3          	.insn	4, 0x42d7b4a3
80004ba0:	42dd5013          	srai	zero,s10,0x2d
80004ba4:	42dfc0af          	.insn	4, 0x42dfc0af
80004ba8:	1664                	.insn	2, 0x1664
80004baa:	42ec                	.insn	2, 0x42ec
80004bac:	aca1                	.insn	2, 0xaca1
80004bae:	42f4                	.insn	2, 0x42f4
80004bb0:	1936                	.insn	2, 0x1936
80004bb2:	42f8                	.insn	2, 0x42f8
80004bb4:	430fbce7          	.insn	4, 0x430fbce7
80004bb8:	b1f5                	.insn	2, 0xb1f5
80004bba:	431a                	.insn	2, 0x431a
80004bbc:	aba4                	.insn	2, 0xaba4
80004bbe:	431d                	.insn	2, 0x431d
80004bc0:	4d99                	.insn	2, 0x4d99
80004bc2:	8fd1432f          	.insn	4, 0x8fd1432f
80004bc6:	433a                	.insn	2, 0x433a
80004bc8:	9488                	.insn	2, 0x9488
80004bca:	4349                	.insn	2, 0x4349
80004bcc:	6781                	.insn	2, 0x6781
80004bce:	c7ab4367          	.insn	4, 0xc7ab4367
80004bd2:	0f3a4373          	.insn	4, 0x0f3a4373
80004bd6:	4382                	.insn	2, 0x4382
80004bd8:	7015                	.insn	2, 0x7015
80004bda:	19f2438f          	.insn	4, 0x19f2438f
80004bde:	4396                	.insn	2, 0x4396
80004be0:	4adc                	.insn	2, 0x4adc
80004be2:	439a                	.insn	2, 0x439a
80004be4:	d65f 43b2 0354      	.insn	6, 0x035443b2d65f
80004bea:	43ba                	.insn	2, 0x43ba
80004bec:	6d74                	.insn	2, 0x6d74
80004bee:	0be443bb          	.insn	4, 0x0be443bb
80004bf2:	43cd                	.insn	2, 0x43cd
80004bf4:	43e409b7          	lui	s3,0x43e40
80004bf8:	3234                	.insn	2, 0x3234
80004bfa:	43e6                	.insn	2, 0x43e6
80004bfc:	247f 43f3 22f9 43fe 	.insn	14, 0x99ca44235c1243fe22f943f3247f
80004c04:	5c12 4423 99ca 
80004c0a:	4428                	.insn	2, 0x4428
80004c0c:	d032                	.insn	2, 0xd032
80004c0e:	442d                	.insn	2, 0x442d
80004c10:	5118                	.insn	2, 0x5118
80004c12:	4430                	.insn	2, 0x4430
80004c14:	463a                	.insn	2, 0x463a
80004c16:	443a                	.insn	2, 0x443a
80004c18:	44630ba3          	sb	t1,1111(t1) # 10457 <buflen.1+0x10417>
80004c1c:	ef61                	.insn	2, 0xef61
80004c1e:	4469                	.insn	2, 0x4469
80004c20:	4477c207          	.insn	4, 0x4477c207
80004c24:	1402                	.insn	2, 0x1402
80004c26:	447e                	.insn	2, 0x447e
80004c28:	82a8                	.insn	2, 0x82a8
80004c2a:	3cf24497          	auipc	s1,0x3cf24
80004c2e:	79ab44af          	.insn	4, 0x79ab44af
80004c32:	44b0                	.insn	2, 0x44b0
80004c34:	7ed5                	.insn	2, 0x7ed5
80004c36:	44d5                	.insn	2, 0x44d5
80004c38:	e886                	.insn	2, 0xe886
80004c3a:	44de                	.insn	2, 0x44de
80004c3c:	44e034f3          	csrrc	s1,0x44e,zero
80004c40:	be30                	.insn	2, 0xbe30
80004c42:	980f44f3          	.insn	4, 0x980f44f3
80004c46:	4500                	.insn	2, 0x4500
80004c48:	3ef5                	.insn	2, 0x3ef5
80004c4a:	451f 4e25 4520      	.insn	6, 0x45204e25451f
80004c50:	a5a0                	.insn	2, 0xa5a0
80004c52:	4522                	.insn	2, 0x4522
80004c54:	bf66                	.insn	2, 0xbf66
80004c56:	4524                	.insn	2, 0x4524
80004c58:	452708a7          	.insn	4, 0x452708a7
80004c5c:	45288ea3          	sb	s2,1117(a7) # 100045d <buflen.1+0x100041d>
80004c60:	452947fb          	.insn	4, 0x452947fb
80004c64:	6738                	.insn	2, 0x6738
80004c66:	452c                	.insn	2, 0x452c
80004c68:	4f90                	.insn	2, 0x4f90
80004c6a:	453c                	.insn	2, 0x453c
80004c6c:	14c2                	.insn	2, 0x14c2
80004c6e:	454d                	.insn	2, 0x454d
80004c70:	4f41                	.insn	2, 0x4f41
80004c72:	39da4577          	.insn	4, 0x39da4577
80004c76:	2dac4583          	lbu	a1,730(s8)
80004c7a:	4592                	.insn	2, 0x4592
80004c7c:	45a55e33          	.insn	4, 0x45a55e33
80004c80:	8575                	.insn	2, 0x8575
80004c82:	45b2                	.insn	2, 0x45b2
80004c84:	91ea                	.insn	2, 0x91ea
80004c86:	45c4                	.insn	2, 0x45c4
80004c88:	601e                	.insn	2, 0x601e
80004c8a:	45c8                	.insn	2, 0x45c8
80004c8c:	d378                	.insn	2, 0xd378
80004c8e:	45cc                	.insn	2, 0x45cc
80004c90:	45da2b4b          	.insn	4, 0x45da2b4b
80004c94:	45dfbae3          	.insn	4, 0x45dfbae3
80004c98:	60d8                	.insn	2, 0x60d8
80004c9a:	22c245f7          	.insn	4, 0x22c245f7
80004c9e:	45f8                	.insn	2, 0x45f8
80004ca0:	c688                	.insn	2, 0xc688
80004ca2:	4602                	.insn	2, 0x4602
80004ca4:	2449                	.insn	2, 0x2449
80004ca6:	4609                	.insn	2, 0x4609
80004ca8:	952d                	.insn	2, 0x952d
80004caa:	4616                	.insn	2, 0x4616
80004cac:	2b82                	.insn	2, 0x2b82
80004cae:	4638                	.insn	2, 0x4638
80004cb0:	d58c                	.insn	2, 0xd58c
80004cb2:	463a                	.insn	2, 0x463a
80004cb4:	20ae                	.insn	2, 0x20ae
80004cb6:	464e                	.insn	2, 0x464e
80004cb8:	5558                	.insn	2, 0x5558
80004cba:	4656                	.insn	2, 0x4656
80004cbc:	465d649b          	.insn	4, 0x465d649b
80004cc0:	8db4                	.insn	2, 0x8db4
80004cc2:	3a7a4667          	.insn	4, 0x3a7a4667
80004cc6:	468a                	.insn	2, 0x468a
80004cc8:	fa54                	.insn	2, 0xfa54
80004cca:	469a                	.insn	2, 0x469a
80004ccc:	42ff 46ae 9d13 46d0 	.insn	18, 0xa1b846e0db7846dadd1346d09d1346ae42ff
80004cd4:	dd13 46da db78 46e0 
80004cdc:	a1b8 
80004cde:	8a9e46e3          	blt	t3,s1,8000458a <verify_data+0xa6e>
80004ce2:	6c8346fb          	.insn	4, 0x6c8346fb
80004ce6:	46fe                	.insn	2, 0x46fe
80004ce8:	0e38                	.insn	2, 0x0e38
80004cea:	4705                	.insn	2, 0x4705
80004cec:	dae5                	.insn	2, 0xdae5
80004cee:	470e                	.insn	2, 0x470e
80004cf0:	9f7d                	.insn	2, 0x9f7d
80004cf2:	d0aa472b          	.insn	4, 0xd0aa472b
80004cf6:	4735                	.insn	2, 0x4735
80004cf8:	47c5                	.insn	2, 0x47c5
80004cfa:	ead3476b          	.insn	4, 0xead3476b
80004cfe:	1b49476b          	.insn	4, 0x1b49476b
80004d02:	4775                	.insn	2, 0x4775
80004d04:	229c                	.insn	2, 0x229c
80004d06:	477c                	.insn	2, 0x477c
80004d08:	4797b60f          	.insn	4, 0x4797b60f
80004d0c:	479820a3          	sw	s9,1121(a6) # 10461 <buflen.1+0x10421>
80004d10:	ddb4                	.insn	2, 0xddb4
80004d12:	479f 3740 47a5      	.insn	6, 0x47a53740479f
80004d18:	8ad5                	.insn	2, 0x8ad5
80004d1a:	155447a7          	.insn	4, 0x155447a7
80004d1e:	47ba                	.insn	2, 0x47ba
80004d20:	0524                	.insn	2, 0x0524
80004d22:	47c2                	.insn	2, 0x47c2
80004d24:	b8f5                	.insn	2, 0xb8f5
80004d26:	47d2                	.insn	2, 0x47d2
80004d28:	d05f 47da 8286      	.insn	6, 0x828647dad05f
80004d2e:	47e0                	.insn	2, 0x47e0
80004d30:	b732                	.insn	2, 0xb732
80004d32:	47e6                	.insn	2, 0x47e6
80004d34:	481bd9f3          	csrrwi	s3,0x481,23
80004d38:	0125                	.insn	2, 0x0125
80004d3a:	481f 3db3 4847      	.insn	6, 0x48473db3481f
80004d40:	8551                	.insn	2, 0x8551
80004d42:	484c                	.insn	2, 0x484c
80004d44:	f4ee                	.insn	2, 0xf4ee
80004d46:	4861                	.insn	2, 0x4861
80004d48:	adb0                	.insn	2, 0xadb0
80004d4a:	486a                	.insn	2, 0x486a
80004d4c:	6559                	.insn	2, 0x6559
80004d4e:	486c                	.insn	2, 0x486c
80004d50:	0341                	.insn	2, 0x0341
80004d52:	486d                	.insn	2, 0x486d
80004d54:	4881f2b7          	lui	t0,0x4881f
80004d58:	36f5                	.insn	2, 0x36f5
80004d5a:	4896                	.insn	2, 0x4896
80004d5c:	2d61                	.insn	2, 0x2d61
80004d5e:	48a1                	.insn	2, 0x48a1
80004d60:	48bfb5ef          	jal	a1,801009ea <_tbss_end+0xf6e66>
80004d64:	b06d                	.insn	2, 0xb06d
80004d66:	48c5                	.insn	2, 0x48c5
80004d68:	a2c4                	.insn	2, 0xa2c4
80004d6a:	48c8                	.insn	2, 0x48c8
80004d6c:	48d2104f          	.insn	4, 0x48d2104f
80004d70:	48deb2b3          	.insn	4, 0x48deb2b3
80004d74:	c11e                	.insn	2, 0xc11e
80004d76:	48ec                	.insn	2, 0x48ec
80004d78:	48ee3bd3          	.insn	4, 0x48ee3bd3
80004d7c:	662c                	.insn	2, 0x662c
80004d7e:	48ee                	.insn	2, 0x48ee
80004d80:	493e456f          	jal	a0,800e9a12 <_tbss_end+0xdfe8e>
80004d84:	2b3c                	.insn	2, 0x2b3c
80004d86:	44f24957          	.insn	4, 0x44f24957
80004d8a:	4961                	.insn	2, 0x4961
80004d8c:	d92d                	.insn	2, 0xd92d
80004d8e:	4961                	.insn	2, 0x4961
80004d90:	49635f53          	.insn	4, 0x49635f53
80004d94:	523d                	.insn	2, 0x523d
80004d96:	4969                	.insn	2, 0x4969
80004d98:	ccf5                	.insn	2, 0xccf5
80004d9a:	496d                	.insn	2, 0x496d
80004d9c:	49777d6b          	.insn	4, 0x49777d6b
80004da0:	f754                	.insn	2, 0xf754
80004da2:	497d                	.insn	2, 0x497d
80004da4:	6fb9                	.insn	2, 0x6fb9
80004da6:	497e                	.insn	2, 0x497e
80004da8:	c139                	.insn	2, 0xc139
80004daa:	c342498f          	.insn	4, 0xc342498f
80004dae:	cba1499b          	.insn	4, 0xcba1499b
80004db2:	49b049e3          	bgtz	s11,80005a44 <verify_data+0x1f28>
80004db6:	49ed                	.insn	2, 0x49ed
80004db8:	4a41b0ab          	.insn	4, 0x4a41b0ab
80004dbc:	4a5ba023          	sw	t0,1184(s7) # 3014d4a0 <buflen.1+0x3014d460>
80004dc0:	8c9f 4a73 0635      	.insn	6, 0x06354a738c9f
80004dc6:	4a75                	.insn	2, 0x4a75
80004dc8:	fd96                	.insn	2, 0xfd96
80004dca:	4a86                	.insn	2, 0x4a86
80004dcc:	ca59                	.insn	2, 0xca59
80004dce:	4ad5                	.insn	2, 0x4ad5
80004dd0:	4699                	.insn	2, 0x4699
80004dd2:	4add                	.insn	2, 0x4add
80004dd4:	5c10                	.insn	2, 0x5c10
80004dd6:	4adf bad6 4ae2      	.insn	6, 0x4ae2bad64adf
80004ddc:	0a4e                	.insn	2, 0x0a4e
80004dde:	4af4                	.insn	2, 0x4af4
80004de0:	4b27318b          	.insn	4, 0x4b27318b
80004de4:	af6d                	.insn	2, 0xaf6d
80004de6:	4b3e                	.insn	2, 0x4b3e
80004de8:	4b8786af          	.insn	4, 0x4b8786af
80004dec:	3372                	.insn	2, 0x3372
80004dee:	4bae                	.insn	2, 0x4bae
80004df0:	91ec                	.insn	2, 0x91ec
80004df2:	d9bb4bc7          	.insn	4, 0xd9bb4bc7
80004df6:	058c4be3          	blt	s8,s8,8000564c <verify_data+0x1b30>
80004dfa:	9b834bef          	jal	s7,7ff38fb2 <buflen.1+0x7ff38f72>
80004dfe:	4bf2                	.insn	2, 0x4bf2
80004e00:	5c1f 4bf6 040c      	.insn	6, 0x040c4bf65c1f
80004e06:	4c04                	.insn	2, 0x4c04
80004e08:	97d2                	.insn	2, 0x97d2
80004e0a:	4c06                	.insn	2, 0x4c06
80004e0c:	58c2                	.insn	2, 0x58c2
80004e0e:	4c11                	.insn	2, 0x4c11
80004e10:	8cce                	.insn	2, 0x8cce
80004e12:	4c2d                	.insn	2, 0x4c2d
80004e14:	4c38983f 4c38dab4 	.insn	8, 0x4c38dab44c38983f
80004e1c:	4c3ceec7          	.insn	4, 0x4c3ceec7
80004e20:	f69e                	.insn	2, 0xf69e
80004e22:	4c4a                	.insn	2, 0x4c4a
80004e24:	465f 4c61 7db2      	.insn	6, 0x7db24c61465f
80004e2a:	e8004c9b          	.insn	4, 0xe8004c9b
80004e2e:	4cb5                	.insn	2, 0x4cb5
80004e30:	acda                	.insn	2, 0xacda
80004e32:	4cb8                	.insn	2, 0x4cb8
80004e34:	4cc2bb0b          	.insn	4, 0x4cc2bb0b
80004e38:	c236                	.insn	2, 0xc236
80004e3a:	47684ccf          	.insn	4, 0x47684ccf
80004e3e:	4cd9                	.insn	2, 0x4cd9
80004e40:	4ced7143          	.insn	4, 0x4ced7143
80004e44:	a049                	.insn	2, 0xa049
80004e46:	4cf2                	.insn	2, 0x4cf2
80004e48:	7b64                	.insn	2, 0x7b64
80004e4a:	2ba04cf3          	.insn	4, 0x2ba04cf3
80004e4e:	4cf4                	.insn	2, 0x4cf4
80004e50:	cad2                	.insn	2, 0xcad2
80004e52:	4cf9                	.insn	2, 0x4cf9
80004e54:	1e4c                	.insn	2, 0x1e4c
80004e56:	aadb4d03          	lbu	s10,-1363(s6) # fc5c2aad <_tbss_end+0x7c5b8f29>
80004e5a:	4d08                	.insn	2, 0x4d08
80004e5c:	4d130333          	.insn	4, 0x4d130333
80004e60:	345f 4d2e 799b      	.insn	6, 0x799b4d2e345f
80004e66:	4d4c                	.insn	2, 0x4d4c
80004e68:	f848                	.insn	2, 0xf848
80004e6a:	4d60                	.insn	2, 0x4d60
80004e6c:	5bb8                	.insn	2, 0x5bb8
80004e6e:	1a904d77          	.insn	4, 0x1a904d77
80004e72:	4d9f fe51 4da5      	.insn	6, 0x4da5fe514d9f
80004e78:	6f29                	.insn	2, 0x6f29
80004e7a:	4db5                	.insn	2, 0x4db5
80004e7c:	cec0                	.insn	2, 0xcec0
80004e7e:	4dc9                	.insn	2, 0x4dc9
80004e80:	4e03cf67          	.insn	4, 0x4e03cf67
80004e84:	b8a4                	.insn	2, 0xb8a4
80004e86:	82044e17          	auipc	t3,0x82044
80004e8a:	4e34                	.insn	2, 0x4e34
80004e8c:	b850                	.insn	2, 0xb850
80004e8e:	4e3a                	.insn	2, 0x4e3a
80004e90:	4e448da7          	.insn	4, 0x4e448da7
80004e94:	4e4c9107          	.insn	4, 0x4e4c9107
80004e98:	1808                	.insn	2, 0x1808
80004e9a:	4e50                	.insn	2, 0x4e50
80004e9c:	6961                	.insn	2, 0x6961
80004e9e:	4e72                	.insn	2, 0x4e72
80004ea0:	0276                	.insn	2, 0x0276
80004ea2:	4e81                	.insn	2, 0x4e81
80004ea4:	e729                	.insn	2, 0xe729
80004ea6:	4e82                	.insn	2, 0x4e82
80004ea8:	94d2                	.insn	2, 0x94d2
80004eaa:	d2144e8f          	.insn	4, 0xd2144e8f
80004eae:	4e9c                	.insn	2, 0x4e9c
80004eb0:	4eaa874f          	.insn	4, 0x4eaa874f
80004eb4:	8f85                	.insn	2, 0x8f85
80004eb6:	4eca                	.insn	2, 0x4eca
80004eb8:	687e                	.insn	2, 0x687e
80004eba:	4ed0                	.insn	2, 0x4ed0
80004ebc:	4ed6bee3          	.insn	4, 0x4ed6bee3
80004ec0:	9124                	.insn	2, 0x9124
80004ec2:	85ea4ee7          	.insn	4, 0x85ea4ee7
80004ec6:	4eec                	.insn	2, 0x4eec
80004ec8:	aeb6                	.insn	2, 0xaeb6
80004eca:	4ef5                	.insn	2, 0x4ef5
80004ecc:	4efa053b          	.insn	4, 0x4efa053b
80004ed0:	2d0a                	.insn	2, 0x2d0a
80004ed2:	6b084efb          	.insn	4, 0x6b084efb
80004ed6:	4f09                	.insn	2, 0x4f09
80004ed8:	d49f 4f2b 2e2c      	.insn	6, 0x2e2c4f2bd49f
80004ede:	4f35                	.insn	2, 0x4f35
80004ee0:	4c14                	.insn	2, 0x4c14
80004ee2:	82e34f5b          	.insn	4, 0x82e34f5b
80004ee6:	4f5e                	.insn	2, 0x4f5e
80004ee8:	7e0c                	.insn	2, 0x7e0c
80004eea:	4f6a                	.insn	2, 0x4f6a
80004eec:	d6f6                	.insn	2, 0xd6f6
80004eee:	2e644f6b          	.insn	4, 0x2e644f6b
80004ef2:	4f6e                	.insn	2, 0x4f6e
80004ef4:	4f730137          	lui	sp,0x4f730
80004ef8:	0661                	.insn	2, 0x0661
80004efa:	4f80                	.insn	2, 0x4f80
80004efc:	4e44                	.insn	2, 0x4e44
80004efe:	4f90                	.insn	2, 0x4f90
80004f00:	177e                	.insn	2, 0x177e
80004f02:	4f96                	.insn	2, 0x4f96
80004f04:	08d9                	.insn	2, 0x08d9
80004f06:	6eff4f97          	auipc	t6,0x6eff4
80004f0a:	4f9c                	.insn	2, 0x4f9c
80004f0c:	9f10                	.insn	2, 0x9f10
80004f0e:	4f9f 6481 4fa3      	.insn	6, 0x4fa364814f9f
80004f14:	94c6                	.insn	2, 0x94c6
80004f16:	4fa9                	.insn	2, 0x4fa9
80004f18:	3271                	.insn	2, 0x3271
80004f1a:	a3944fb7          	lui	t6,0xa3944
80004f1e:	4fc1                	.insn	2, 0x4fc1
80004f20:	fda0                	.insn	2, 0xfda0
80004f22:	44314fd3          	.insn	4, 0x44314fd3
80004f26:	4fed                	.insn	2, 0x4fed
80004f28:	b9ad                	.insn	2, 0xb9ad
80004f2a:	501d                	.insn	2, 0x501d
80004f2c:	495f 502b d8ac      	.insn	6, 0xd8ac502b495f
80004f32:	5030                	.insn	2, 0x5030
80004f34:	503866b3          	.insn	4, 0x503866b3
80004f38:	259f 503a ed35      	.insn	6, 0xed35503a259f
80004f3e:	504d                	.insn	2, 0x504d
80004f40:	5c0d                	.insn	2, 0x5c0d
80004f42:	505e                	.insn	2, 0x505e
80004f44:	8da5                	.insn	2, 0x8da5
80004f46:	505e                	.insn	2, 0x505e
80004f48:	5615                	.insn	2, 0x5615
80004f4a:	5081                	.insn	2, 0x5081
80004f4c:	9ad6                	.insn	2, 0x9ad6
80004f4e:	50a2                	.insn	2, 0x50a2
80004f50:	5896                	.insn	2, 0x5896
80004f52:	636650a7          	.insn	4, 0x636650a7
80004f56:	50b4                	.insn	2, 0x50b4
80004f58:	fc05                	.insn	2, 0xfc05
80004f5a:	50c4                	.insn	2, 0x50c4
80004f5c:	a0ae                	.insn	2, 0xa0ae
80004f5e:	50c9                	.insn	2, 0x50c9
80004f60:	50dfdaef          	jal	s5,80102c6c <_tbss_end+0xf90e8>
80004f64:	67d5                	.insn	2, 0x67d5
80004f66:	511f 6762 5120      	.insn	6, 0x51206762511f
80004f6c:	b562                	.insn	2, 0xb562
80004f6e:	5162                	.insn	2, 0x5162
80004f70:	eb98                	.insn	2, 0xeb98
80004f72:	5185                	.insn	2, 0x5185
80004f74:	518d9d7b          	.insn	4, 0x518d9d7b
80004f78:	9932                	.insn	2, 0x9932
80004f7a:	51b0                	.insn	2, 0x51b0
80004f7c:	a63a                	.insn	2, 0xa63a
80004f7e:	51c9                	.insn	2, 0x51c9
80004f80:	3fa1                	.insn	2, 0x3fa1
80004f82:	51e5                	.insn	2, 0x51e5
80004f84:	7c82                	.insn	2, 0x7c82
80004f86:	049e51e7          	.insn	4, 0x049e51e7
80004f8a:	51fc                	.insn	2, 0x51fc
80004f8c:	8b7a                	.insn	2, 0x8b7a
80004f8e:	5222                	.insn	2, 0x5222
80004f90:	5235d287          	.insn	4, 0x5235d287
80004f94:	e641                	.insn	2, 0xe641
80004f96:	5238                	.insn	2, 0x5238
80004f98:	10ed                	.insn	2, 0x10ed
80004f9a:	5241                	.insn	2, 0x5241
80004f9c:	34f5                	.insn	2, 0x34f5
80004f9e:	5266                	.insn	2, 0x5266
80004fa0:	52670823          	sb	t1,1328(a4)
80004fa4:	52680fd7          	.insn	4, 0x52680fd7
80004fa8:	4906                	.insn	2, 0x4906
80004faa:	526d                	.insn	2, 0x526d
80004fac:	9a3e                	.insn	2, 0x9a3e
80004fae:	adf35273          	csrrwi	tp,0xadf,6
80004fb2:	5278                	.insn	2, 0x5278
80004fb4:	5282f6af          	.insn	4, 0x5282f6af
80004fb8:	b9a9                	.insn	2, 0xb9a9
80004fba:	9ede5297          	auipc	t0,0x9ede5
80004fbe:	52a0                	.insn	2, 0x52a0
80004fc0:	47ea                	.insn	2, 0x47ea
80004fc2:	52a2                	.insn	2, 0x52a2
80004fc4:	8c68                	.insn	2, 0x8c68
80004fc6:	52ac                	.insn	2, 0x52ac
80004fc8:	2390                	.insn	2, 0x2390
80004fca:	52b9                	.insn	2, 0x52b9
80004fcc:	cb54                	.insn	2, 0xcb54
80004fce:	52c6                	.insn	2, 0x52c6
80004fd0:	52d6793b          	.insn	4, 0x52d6793b
80004fd4:	52d9061b          	.insn	4, 0x52d9061b
80004fd8:	52da5463          	bge	s4,a3,80005500 <verify_data+0x19e4>
80004fdc:	e6d4                	.insn	2, 0xe6d4
80004fde:	52dd                	.insn	2, 0x52dd
80004fe0:	6649                	.insn	2, 0x6649
80004fe2:	52de                	.insn	2, 0x52de
80004fe4:	02a1                	.insn	2, 0x02a1
80004fe6:	52e1                	.insn	2, 0x52e1
80004fe8:	bc78                	.insn	2, 0xbc78
80004fea:	70bb52e3          	bge	s6,a1,80005eee <input_data+0x3d2>
80004fee:	52ea                	.insn	2, 0x52ea
80004ff0:	9892                	.insn	2, 0x9892
80004ff2:	52f5                	.insn	2, 0x52f5
80004ff4:	b766                	.insn	2, 0xb766
80004ff6:	52fa                	.insn	2, 0x52fa
80004ff8:	5324eef7          	.insn	4, 0x5324eef7
80004ffc:	5328610f          	.insn	4, 0x5328610f
80005000:	6e6c                	.insn	2, 0x6e6c
80005002:	532a                	.insn	2, 0x532a
80005004:	5f7c                	.insn	2, 0x5f7c
80005006:	50f6533f 167d536d 	.insn	8, 0x167d536d50f6533f
8000500e:	5370                	.insn	2, 0x5370
80005010:	537361cf          	.insn	4, 0x537361cf
80005014:	53807c37          	lui	s8,0x53807
80005018:	538275d3          	.insn	4, 0x538275d3
8000501c:	8780                	.insn	2, 0x8780
8000501e:	5390                	.insn	2, 0x5390
80005020:	099e                	.insn	2, 0x099e
80005022:	539c                	.insn	2, 0x539c
80005024:	53a33aef          	jal	s5,8003855e <_tbss_end+0x2e9da>
80005028:	da66                	.insn	2, 0xda66
8000502a:	70b553ab          	.insn	4, 0x70b553ab
8000502e:	53ba                	.insn	2, 0x53ba
80005030:	53c8cb9b          	.insn	4, 0x53c8cb9b
80005034:	53ca3e2f          	.insn	4, 0x53ca3e2f
80005038:	8d40                	.insn	2, 0x8d40
8000503a:	53de                	.insn	2, 0x53de
8000503c:	53f8a88b          	.insn	4, 0x53f8a88b
80005040:	a9d0                	.insn	2, 0xa9d0
80005042:	a88853fb          	.insn	4, 0xa88853fb
80005046:	5431                	.insn	2, 0x5431
80005048:	ce4c                	.insn	2, 0xce4c
8000504a:	5445                	.insn	2, 0x5445
8000504c:	148d                	.insn	2, 0x148d
8000504e:	544a                	.insn	2, 0x544a
80005050:	6075                	.insn	2, 0x6075
80005052:	544a                	.insn	2, 0x544a
80005054:	2416                	.insn	2, 0x2416
80005056:	545d                	.insn	2, 0x545d
80005058:	0c00                	.insn	2, 0x0c00
8000505a:	547c                	.insn	2, 0x547c
8000505c:	e13c                	.insn	2, 0xe13c
8000505e:	547e                	.insn	2, 0x547e
80005060:	d742                	.insn	2, 0xd742
80005062:	af9c54af          	.insn	4, 0xaf9c54af
80005066:	54ec                	.insn	2, 0x54ec
80005068:	a2b4                	.insn	2, 0xa2b4
8000506a:	54ed                	.insn	2, 0x54ed
8000506c:	6adf 5506 fc8e      	.insn	6, 0xfc8e55066adf
80005072:	5515                	.insn	2, 0x5515
80005074:	f601                	.insn	2, 0xf601
80005076:	5520                	.insn	2, 0x5520
80005078:	9b08                	.insn	2, 0x9b08
8000507a:	5548                	.insn	2, 0x5548
8000507c:	5552d8af          	.insn	4, 0x5552d8af
80005080:	5557c007          	.insn	4, 0x5557c007
80005084:	5579cfa7          	.insn	4, 0x5579cfa7
80005088:	5582c697          	auipc	a3,0x5582c
8000508c:	7b2e                	.insn	2, 0x7b2e
8000508e:	5595                	.insn	2, 0x5595
80005090:	1f9c                	.insn	2, 0x1f9c
80005092:	55a9                	.insn	2, 0x55a9
80005094:	e12a                	.insn	2, 0xe12a
80005096:	55d6                	.insn	2, 0x55d6
80005098:	4c62                	.insn	2, 0x4c62
8000509a:	55f0                	.insn	2, 0x55f0
8000509c:	56126e87          	.insn	4, 0x56126e87
800050a0:	ddb0                	.insn	2, 0xddb0
800050a2:	5612                	.insn	2, 0x5612
800050a4:	657f 5624 35e2 5625 	.insn	22, 0xdc38564cd7805646a03f562654c2562535e25624657f
800050ac:	54c2 5626 a03f 5646 
800050b4:	d780 564c dc38 
800050ba:	567a                	.insn	2, 0x567a
800050bc:	5680bd3f 56834290 	.insn	8, 0x568342905680bd3f
800050c4:	17e6                	.insn	2, 0x17e6
800050c6:	56a1                	.insn	2, 0x56a1
800050c8:	56be5ff3          	csrrwi	t6,0x56b,28
800050cc:	16b2                	.insn	2, 0x16b2
800050ce:	56c5                	.insn	2, 0x56c5
800050d0:	263e                	.insn	2, 0x263e
800050d2:	56df 1c4d 56f8      	.insn	6, 0x56f81c4d56df
800050d8:	b0b9                	.insn	2, 0xb0b9
800050da:	56f8                	.insn	2, 0x56f8
800050dc:	3468                	.insn	2, 0x3468
800050de:	56fe                	.insn	2, 0x56fe
800050e0:	0bc1                	.insn	2, 0x0bc1
800050e2:	5700                	.insn	2, 0x5700
800050e4:	4838                	.insn	2, 0x4838
800050e6:	02115727          	.insn	4, 0x02115727
800050ea:	572c                	.insn	2, 0x572c
800050ec:	3a00                	.insn	2, 0x3a00
800050ee:	5730                	.insn	2, 0x5730
800050f0:	6a81                	.insn	2, 0x6a81
800050f2:	5732                	.insn	2, 0x5732
800050f4:	5737b9e3          	.insn	4, 0x5737b9e3
800050f8:	08ff 576b c149 576b 	.insn	10, 0x6483576bc149576b08ff
80005100:	6483 
80005102:	5776                	.insn	2, 0x5776
80005104:	5511                	.insn	2, 0x5511
80005106:	c65d5787          	.insn	4, 0xc65d5787
8000510a:	57a2                	.insn	2, 0x57a2
8000510c:	b06e                	.insn	2, 0xb06e
8000510e:	b82b57af          	.insn	4, 0xb82b57af
80005112:	57b4                	.insn	2, 0x57b4
80005114:	ceb2                	.insn	2, 0xceb2
80005116:	57b6                	.insn	2, 0x57b6
80005118:	973c                	.insn	2, 0x973c
8000511a:	57c5                	.insn	2, 0x57c5
8000511c:	57cebc73          	csrrc	s8,0x57c,t4
80005120:	6a2e                	.insn	2, 0x6a2e
80005122:	73e657d7          	.insn	4, 0x73e657d7
80005126:	57f4                	.insn	2, 0x57f4
80005128:	2e9a                	.insn	2, 0x2e9a
8000512a:	f556583b          	.insn	4, 0xf556583b
8000512e:	b0c8583b          	.insn	4, 0xb0c8583b
80005132:	583d                	.insn	2, 0x583d
80005134:	86a0                	.insn	2, 0x86a0
80005136:	5864                	.insn	2, 0x5864
80005138:	9850                	.insn	2, 0x9850
8000513a:	588e                	.insn	2, 0x588e
8000513c:	a0ea                	.insn	2, 0xa0ea
8000513e:	4ae3589b          	.insn	4, 0x4ae3589b
80005142:	01ab58ab          	.insn	4, 0x01ab58ab
80005146:	236f58cb          	.insn	4, 0x236f58cb
8000514a:	58e6                	.insn	2, 0x58e6
8000514c:	3434                	.insn	2, 0x3434
8000514e:	917d58ef          	jal	a7,7ffdaa64 <buflen.1+0x7ffdaa24>
80005152:	58f5                	.insn	2, 0x58f5
80005154:	592c584b          	.insn	4, 0x592c584b
80005158:	62d6                	.insn	2, 0x62d6
8000515a:	ca9b592f          	.insn	4, 0xca9b592f
8000515e:	5944                	.insn	2, 0x5944
80005160:	8add                	.insn	2, 0x8add
80005162:	5948                	.insn	2, 0x5948
80005164:	1fe2                	.insn	2, 0x1fe2
80005166:	5952                	.insn	2, 0x5952
80005168:	5969bfbf 597a35f0 	.insn	8, 0x597a35f05969bfbf
80005170:	c412                	.insn	2, 0xc412
80005172:	598a                	.insn	2, 0x598a
80005174:	09c4                	.insn	2, 0x09c4
80005176:	598e                	.insn	2, 0x598e
80005178:	359a                	.insn	2, 0x359a
8000517a:	930e598f          	.insn	4, 0x930e598f
8000517e:	59a5                	.insn	2, 0x59a5
80005180:	d140                	.insn	2, 0xd140
80005182:	59b4                	.insn	2, 0x59b4
80005184:	59bbba97          	auipc	s5,0x59bbb
80005188:	ad26                	.insn	2, 0xad26
8000518a:	59ce                	.insn	2, 0x59ce
8000518c:	9a45                	.insn	2, 0x9a45
8000518e:	59d9                	.insn	2, 0x59d9
80005190:	0492                	.insn	2, 0x0492
80005192:	59ed                	.insn	2, 0x59ed
80005194:	ce14                	.insn	2, 0xce14
80005196:	5a02                	.insn	2, 0x5a02
80005198:	5c31                	.insn	2, 0x5c31
8000519a:	5a21                	.insn	2, 0x5a21
8000519c:	ca46                	.insn	2, 0xca46
8000519e:	5a21                	.insn	2, 0x5a21
800051a0:	7271                	.insn	2, 0x7271
800051a2:	5a32                	.insn	2, 0x5a32
800051a4:	0f8e                	.insn	2, 0x0f8e
800051a6:	5a42                	.insn	2, 0x5a42
800051a8:	5a46b2c3          	.insn	4, 0x5a46b2c3
800051ac:	e44c                	.insn	2, 0xe44c
800051ae:	5a49                	.insn	2, 0x5a49
800051b0:	11fa                	.insn	2, 0x11fa
800051b2:	5a51                	.insn	2, 0x5a51
800051b4:	2220                	.insn	2, 0x2220
800051b6:	5a55                	.insn	2, 0x5a55
800051b8:	50ec                	.insn	2, 0x50ec
800051ba:	5d345a5b          	.insn	4, 0x5d345a5b
800051be:	5a8a                	.insn	2, 0x5a8a
800051c0:	8bfd                	.insn	2, 0x8bfd
800051c2:	e4a25aa3          	.insn	4, 0xe4a25aa3
800051c6:	5aa6                	.insn	2, 0x5aa6
800051c8:	5aadf643          	.insn	4, 0x5aadf643
800051cc:	b38c                	.insn	2, 0xb38c
800051ce:	5abc                	.insn	2, 0x5abc
800051d0:	7ebd                	.insn	2, 0x7ebd
800051d2:	5ad6                	.insn	2, 0x5ad6
800051d4:	e652                	.insn	2, 0xe652
800051d6:	5add                	.insn	2, 0x5add
800051d8:	8a1a                	.insn	2, 0x8a1a
800051da:	5aec                	.insn	2, 0x5aec
800051dc:	8572                	.insn	2, 0x8572
800051de:	5b04                	.insn	2, 0x5b04
800051e0:	5b13e84b          	.insn	4, 0x5b13e84b
800051e4:	5b668c23          	sb	s6,1464(a3) # d5831640 <_tbss_end+0x55827abc>
800051e8:	4e8e                	.insn	2, 0x4e8e
800051ea:	085b5b67          	.insn	4, 0x085b5b67
800051ee:	5b74                	.insn	2, 0x5b74
800051f0:	c33a                	.insn	2, 0xc33a
800051f2:	5b90                	.insn	2, 0x5b90
800051f4:	c554                	.insn	2, 0xc554
800051f6:	13985ba3          	.insn	4, 0x13985ba3
800051fa:	5bad                	.insn	2, 0x5bad
800051fc:	fea1                	.insn	2, 0xfea1
800051fe:	5bb1                	.insn	2, 0x5bb1
80005200:	5bc3d43b          	.insn	4, 0x5bc3d43b
80005204:	5bdbb757          	.insn	4, 0x5bdbb757
80005208:	d285                	.insn	2, 0xd285
8000520a:	20625bdb          	.insn	4, 0x20625bdb
8000520e:	5be2                	.insn	2, 0x5be2
80005210:	4fe1                	.insn	2, 0x4fe1
80005212:	5c1f f7b7 5c26      	.insn	6, 0x5c26f7b75c1f
80005218:	ae74                	.insn	2, 0xae74
8000521a:	754a5c27          	.insn	4, 0x754a5c27
8000521e:	96b35c3f e1405c4d 	.insn	8, 0xe1405c4d96b35c3f
80005226:	5c50                	.insn	2, 0x5c50
80005228:	4f7e                	.insn	2, 0x4f7e
8000522a:	8f185c63          	bge	a6,a7,80004322 <verify_data+0x806>
8000522e:	5c65                	.insn	2, 0x5c65
80005230:	5c6b23e3          	.insn	4, 0x5c6b23e3
80005234:	21b4                	.insn	2, 0x21b4
80005236:	5c6e                	.insn	2, 0x5c6e
80005238:	5c7c7ae7          	.insn	4, 0x5c7c7ae7
8000523c:	4274                	.insn	2, 0x4274
8000523e:	5c99                	.insn	2, 0x5c99
80005240:	c924                	.insn	2, 0xc924
80005242:	5ca1                	.insn	2, 0x5ca1
80005244:	6251                	.insn	2, 0x6251
80005246:	5cb4                	.insn	2, 0x5cb4
80005248:	7dfd                	.insn	2, 0x7dfd
8000524a:	5cb9                	.insn	2, 0x5cb9
8000524c:	ecf0                	.insn	2, 0xecf0
8000524e:	5ce0                	.insn	2, 0x5ce0
80005250:	cf1d                	.insn	2, 0xcf1d
80005252:	e2f05ce7          	.insn	4, 0xe2f05ce7
80005256:	5cfd                	.insn	2, 0x5cfd
80005258:	5d0e34db          	.insn	4, 0x5d0e34db
8000525c:	cf00                	.insn	2, 0xcf00
8000525e:	5d0e                	.insn	2, 0x5d0e
80005260:	6bb9                	.insn	2, 0x6bb9
80005262:	5d11                	.insn	2, 0x5d11
80005264:	5d161ea7          	.insn	4, 0x5d161ea7
80005268:	5d347033          	.insn	4, 0x5d347033
8000526c:	5d39ae3b          	.insn	4, 0x5d39ae3b
80005270:	52b6                	.insn	2, 0x52b6
80005272:	5d51                	.insn	2, 0x5d51
80005274:	5d52b08f          	.insn	4, 0x5d52b08f
80005278:	acbd                	.insn	2, 0xacbd
8000527a:	5d64                	.insn	2, 0x5d64
8000527c:	791e                	.insn	2, 0x791e
8000527e:	5d78                	.insn	2, 0x5d78
80005280:	d049                	.insn	2, 0xd049
80005282:	861e5d7b          	.insn	4, 0x861e5d7b
80005286:	5cf85d83          	lhu	s11,1487(a6)
8000528a:	5d8c                	.insn	2, 0x5d8c
8000528c:	2534                	.insn	2, 0x2534
8000528e:	5d9e                	.insn	2, 0x5d9e
80005290:	af35                	.insn	2, 0xaf35
80005292:	5dac                	.insn	2, 0x5dac
80005294:	5db6107f 5de66704 	.insn	12, 0x5dffa3b25de667045db6107f
8000529c:	5dffa3b2 
800052a0:	b1aa                	.insn	2, 0xb1aa
800052a2:	5e0d                	.insn	2, 0x5e0d
800052a4:	b1a2                	.insn	2, 0xb1a2
800052a6:	5e28                	.insn	2, 0x5e28
800052a8:	1801                	.insn	2, 0x1801
800052aa:	5e3d                	.insn	2, 0x5e3d
800052ac:	f449                	.insn	2, 0xf449
800052ae:	5e3d                	.insn	2, 0x5e3d
800052b0:	5f29                	.insn	2, 0x5f29
800052b2:	5e48                	.insn	2, 0x5e48
800052b4:	2640                	.insn	2, 0x2640
800052b6:	5e70                	.insn	2, 0x5e70
800052b8:	f286                	.insn	2, 0xf286
800052ba:	5e79                	.insn	2, 0x5e79
800052bc:	58ce                	.insn	2, 0x58ce
800052be:	5eaa                	.insn	2, 0x5eaa
800052c0:	5eb1deab          	.insn	4, 0x5eb1deab
800052c4:	2f60                	.insn	2, 0x2f60
800052c6:	5eb9                	.insn	2, 0x5eb9
800052c8:	859f 5ecc 3d98      	.insn	6, 0x3d985ecc859f
800052ce:	5ed1                	.insn	2, 0x5ed1
800052d0:	babe                	.insn	2, 0xbabe
800052d2:	5ef8                	.insn	2, 0x5ef8
800052d4:	5f000727          	.insn	4, 0x5f000727
800052d8:	fee2                	.insn	2, 0xfee2
800052da:	ae285f0b          	.insn	4, 0xae285f0b
800052de:	5f21                	.insn	2, 0x5f21
800052e0:	5f2d8e87          	.insn	4, 0x5f2d8e87
800052e4:	0230                	.insn	2, 0x0230
800052e6:	5f38                	.insn	2, 0x5f38
800052e8:	3635                	.insn	2, 0x3635
800052ea:	5f46                	.insn	2, 0x5f46
800052ec:	5f5770ab          	.insn	4, 0x5f5770ab
800052f0:	2df2                	.insn	2, 0x2df2
800052f2:	5f5c                	.insn	2, 0x5f5c
800052f4:	6aa2                	.insn	2, 0x6aa2
800052f6:	5f5e                	.insn	2, 0x5f5e
800052f8:	9731                	.insn	2, 0x9731
800052fa:	5f65                	.insn	2, 0x5f65
800052fc:	5ea0                	.insn	2, 0x5ea0
800052fe:	183e5f6f          	jal	t5,800eac80 <_tbss_end+0xe10fc>
80005302:	5f71                	.insn	2, 0x5f71
80005304:	bf85                	.insn	2, 0xbf85
80005306:	5f76                	.insn	2, 0x5f76
80005308:	796a                	.insn	2, 0x796a
8000530a:	5f84                	.insn	2, 0x5f84
8000530c:	3495                	.insn	2, 0x3495
8000530e:	5f89                	.insn	2, 0x5f89
80005310:	5f8b586b          	.insn	4, 0x5f8b586b
80005314:	5ed6                	.insn	2, 0x5ed6
80005316:	5f92                	.insn	2, 0x5f92
80005318:	25c2                	.insn	2, 0x25c2
8000531a:	5fa0                	.insn	2, 0x5fa0
8000531c:	8e1a                	.insn	2, 0x8e1a
8000531e:	5fa0                	.insn	2, 0x5fa0
80005320:	5faed877          	.insn	4, 0x5faed877
80005324:	5faffcaf          	.insn	4, 0x5faffcaf
80005328:	fdc5                	.insn	2, 0xfdc5
8000532a:	beb65fcb          	.insn	4, 0xbeb65fcb
8000532e:	5fd0                	.insn	2, 0x5fd0
80005330:	7672                	.insn	2, 0x7672
80005332:	5fd2                	.insn	2, 0x5fd2
80005334:	378e                	.insn	2, 0x378e
80005336:	f9555fd3          	.insn	4, 0xf9555fd3
8000533a:	5ff5                	.insn	2, 0x5ff5
8000533c:	5ffa6057          	.insn	4, 0x5ffa6057
80005340:	e246                	.insn	2, 0xe246
80005342:	5ffe                	.insn	2, 0x5ffe
80005344:	8c4e                	.insn	2, 0x8c4e
80005346:	600d                	.insn	2, 0x600d
80005348:	6f54                	.insn	2, 0x6f54
8000534a:	600e                	.insn	2, 0x600e
8000534c:	4a40                	.insn	2, 0x4a40
8000534e:	6010                	.insn	2, 0x6010
80005350:	3b49                	.insn	2, 0x3b49
80005352:	601e                	.insn	2, 0x601e
80005354:	601e79bb          	.insn	4, 0x601e79bb
80005358:	9910                	.insn	2, 0x9910
8000535a:	f51e603f 804f6064 	.insn	8, 0x804f6064f51e603f
80005362:	6076                	.insn	2, 0x6076
80005364:	1c78                	.insn	2, 0x1c78
80005366:	6089                	.insn	2, 0x6089
80005368:	c63a                	.insn	2, 0xc63a
8000536a:	6089                	.insn	2, 0x6089
8000536c:	d200                	.insn	2, 0xd200
8000536e:	7ef86097          	auipc	ra,0x7ef86
80005372:	540c609b          	.insn	4, 0x540c609b
80005376:	60b8                	.insn	2, 0x60b8
80005378:	52a1                	.insn	2, 0x52a1
8000537a:	60b9                	.insn	2, 0x60b9
8000537c:	3d99                	.insn	2, 0x3d99
8000537e:	60d6                	.insn	2, 0x60d6
80005380:	7a9e                	.insn	2, 0x7a9e
80005382:	60ff 3a28 610f 407d 	.insn	22, 0x612c4ec4612686e061223bea610f407d610f3a2860ff
8000538a:	610f 3bea 6122 86e0 
80005392:	6126 4ec4 612c 
80005398:	6133ac8b          	.insn	4, 0x6133ac8b
8000539c:	4569                	.insn	2, 0x4569
8000539e:	613d                	.insn	2, 0x613d
800053a0:	5b08                	.insn	2, 0x5b08
800053a2:	6145                	.insn	2, 0x6145
800053a4:	6ca9                	.insn	2, 0x6ca9
800053a6:	615d                	.insn	2, 0x615d
800053a8:	a80d                	.insn	2, 0xa80d
800053aa:	a6ab616b          	.insn	4, 0xa6ab616b
800053ae:	6182                	.insn	2, 0x6182
800053b0:	7cc8                	.insn	2, 0x7cc8
800053b2:	6186                	.insn	2, 0x6186
800053b4:	8322                	.insn	2, 0x8322
800053b6:	6190                	.insn	2, 0x6190
800053b8:	f3c1                	.insn	2, 0xf3c1
800053ba:	61ce                	.insn	2, 0x61ce
800053bc:	19ad                	.insn	2, 0x19ad
800053be:	61e4                	.insn	2, 0x61e4
800053c0:	6d64                	.insn	2, 0x6d64
800053c2:	61ec                	.insn	2, 0x61ec
800053c4:	52ca                	.insn	2, 0x52ca
800053c6:	61fd                	.insn	2, 0x61fd
800053c8:	d948                	.insn	2, 0xd948
800053ca:	6202                	.insn	2, 0x6202
800053cc:	800e                	.insn	2, 0x800e
800053ce:	b61d621b          	.insn	4, 0xb61d621b
800053d2:	6226                	.insn	2, 0x6226
800053d4:	4380                	.insn	2, 0x4380
800053d6:	fe036243          	.insn	4, 0xfe036243
800053da:	624e                	.insn	2, 0x624e
800053dc:	b9e0                	.insn	2, 0xb9e0
800053de:	bb78624f          	.insn	4, 0xbb78624f
800053e2:	6266                	.insn	2, 0x6266
800053e4:	2af9                	.insn	2, 0x2af9
800053e6:	6279                	.insn	2, 0x6279
800053e8:	628bd913          	.insn	4, 0x628bd913
800053ec:	62a986eb          	.insn	4, 0x62a986eb
800053f0:	9932                	.insn	2, 0x9932
800053f2:	62bc                	.insn	2, 0x62bc
800053f4:	62c3d607          	.insn	4, 0x62c3d607
800053f8:	a545                	.insn	2, 0xa545
800053fa:	8bab62d3          	.insn	4, 0x8bab62d3
800053fe:	6d6f62e3          	bltu	t5,s6,800062c2 <input_data+0x7a6>
80005402:	62e4                	.insn	2, 0x62e4
80005404:	f09c                	.insn	2, 0xf09c
80005406:	e6d262fb          	.insn	4, 0xe6d262fb
8000540a:	6320                	.insn	2, 0x6320
8000540c:	632cf297          	auipc	t0,0x632cf
80005410:	d69d                	.insn	2, 0xd69d
80005412:	463a634b          	.insn	4, 0x463a634b
80005416:	634e                	.insn	2, 0x634e
80005418:	f658                	.insn	2, 0xf658
8000541a:	635d                	.insn	2, 0x635d
8000541c:	c3dd                	.insn	2, 0xc3dd
8000541e:	6366                	.insn	2, 0x6366
80005420:	a131                	.insn	2, 0xa131
80005422:	c12363ab          	.insn	4, 0xc12363ab
80005426:	63bc                	.insn	2, 0x63bc
80005428:	e759                	.insn	2, 0xe759
8000542a:	0cb163c7          	.insn	4, 0x0cb163c7
8000542e:	032663db          	.insn	4, 0x032663db
80005432:	63de                	.insn	2, 0x63de
80005434:	da45                	.insn	2, 0xda45
80005436:	036f63fb          	.insn	4, 0x036f63fb
8000543a:	748b6413          	ori	s0,s6,1864
8000543e:	6418                	.insn	2, 0x6418
80005440:	5eb2                	.insn	2, 0x5eb2
80005442:	641f 9a25 6426      	.insn	6, 0x64269a25641f
80005448:	4216                	.insn	2, 0x4216
8000544a:	3fdd6427          	.insn	4, 0x3fdd6427
8000544e:	f9ef643f 83b4644b 	.insn	8, 0x83b4644bf9ef643f
80005456:	645e                	.insn	2, 0x645e
80005458:	1629                	.insn	2, 0x1629
8000545a:	6460                	.insn	2, 0x6460
8000545c:	6941                	.insn	2, 0x6941
8000545e:	6474                	.insn	2, 0x6474
80005460:	7cc8                	.insn	2, 0x7cc8
80005462:	647c                	.insn	2, 0x647c
80005464:	9cdc                	.insn	2, 0x9cdc
80005466:	6481                	.insn	2, 0x6481
80005468:	a0ff 6485 071f 6487 	.insn	14, 0xf0a06495d2ea6487071f6485a0ff
80005470:	d2ea 6495 f0a0 
80005476:	c97d649b          	.insn	4, 0xc97d649b
8000547a:	64a6                	.insn	2, 0x64a6
8000547c:	8b6a                	.insn	2, 0x8b6a
8000547e:	64ba                	.insn	2, 0x64ba
80005480:	e9f0                	.insn	2, 0xe9f0
80005482:	64bd                	.insn	2, 0x64bd
80005484:	0924                	.insn	2, 0x0924
80005486:	64d2                	.insn	2, 0x64d2
80005488:	ef6e                	.insn	2, 0xef6e
8000548a:	64d4                	.insn	2, 0x64d4
8000548c:	938e                	.insn	2, 0x938e
8000548e:	650a                	.insn	2, 0x650a
80005490:	1121                	.insn	2, 0x1121
80005492:	6511                	.insn	2, 0x6511
80005494:	a2b8                	.insn	2, 0xa2b8
80005496:	6530                	.insn	2, 0x6530
80005498:	f2a1                	.insn	2, 0xf2a1
8000549a:	6578                	.insn	2, 0x6578
8000549c:	8ac2                	.insn	2, 0x8ac2
8000549e:	6599                	.insn	2, 0x6599
800054a0:	65a60287          	.insn	4, 0x65a60287
800054a4:	0f15                	.insn	2, 0x0f15
800054a6:	65ae                	.insn	2, 0x65ae
800054a8:	8f02                	.insn	2, 0x8f02
800054aa:	0e4c65b7          	lui	a1,0xe4c6
800054ae:	65ce                	.insn	2, 0x65ce
800054b0:	a371                	.insn	2, 0xa371
800054b2:	ef3e65cf          	.insn	4, 0xef3e65cf
800054b6:	924f65cf          	.insn	4, 0x924f65cf
800054ba:	65dd                	.insn	2, 0x65dd
800054bc:	eb55                	.insn	2, 0xeb55
800054be:	d54865e7          	.insn	4, 0xd54865e7
800054c2:	65e9                	.insn	2, 0x65e9
800054c4:	31f2                	.insn	2, 0x31f2
800054c6:	65f1                	.insn	2, 0x65f1
800054c8:	660479c3          	.insn	4, 0x660479c3
800054cc:	c086                	.insn	2, 0xc086
800054ce:	6606                	.insn	2, 0x6606
800054d0:	66076677          	.insn	4, 0x66076677
800054d4:	77b2                	.insn	2, 0x77b2
800054d6:	27536607          	.insn	4, 0x27536607
800054da:	436d660f          	.insn	4, 0x436d660f
800054de:	6610                	.insn	2, 0x6610
800054e0:	661d2f27          	.insn	4, 0x661d2f27
800054e4:	8e36                	.insn	2, 0x8e36
800054e6:	6621                	.insn	2, 0x6621
800054e8:	12f4                	.insn	2, 0x12f4
800054ea:	662e                	.insn	2, 0x662e
800054ec:	160e                	.insn	2, 0x160e
800054ee:	663d                	.insn	2, 0x663d
800054f0:	9be5                	.insn	2, 0x9be5
800054f2:	663e                	.insn	2, 0x663e
800054f4:	663ef68b          	.insn	4, 0x663ef68b
800054f8:	192a                	.insn	2, 0x192a
800054fa:	6655                	.insn	2, 0x6655
800054fc:	02a2                	.insn	2, 0x02a2
800054fe:	6676                	.insn	2, 0x6676
80005500:	667e9cb3          	.insn	4, 0x667e9cb3
80005504:	66a01657          	.insn	4, 0x66a01657
80005508:	152e                	.insn	2, 0x152e
8000550a:	66b5                	.insn	2, 0x66b5
8000550c:	ac6e                	.insn	2, 0xac6e
8000550e:	66d9                	.insn	2, 0x66d9
80005510:	bcfc                	.insn	2, 0xbcfc
80005512:	d44c66ef          	jal	a3,7ffcba56 <buflen.1+0x7ffcba16>
80005516:	66f8                	.insn	2, 0x66f8
80005518:	ca7a                	.insn	2, 0xca7a
8000551a:	6722                	.insn	2, 0x6722
8000551c:	b5d9                	.insn	2, 0xb5d9
8000551e:	6728                	.insn	2, 0x6728
80005520:	72c2                	.insn	2, 0x72c2
80005522:	a6b0673b          	.insn	4, 0xa6b0673b
80005526:	673c                	.insn	2, 0x673c
80005528:	1266                	.insn	2, 0x1266
8000552a:	6751                	.insn	2, 0x6751
8000552c:	79cd                	.insn	2, 0x79cd
8000552e:	675a                	.insn	2, 0x675a
80005530:	6796bc67          	.insn	4, 0x6796bc67
80005534:	2ace                	.insn	2, 0x2ace
80005536:	679d                	.insn	2, 0x679d
80005538:	67b7ceef          	jal	t4,800823b2 <_tbss_end+0x7882e>
8000553c:	2ddd                	.insn	2, 0x2ddd
8000553e:	67c2                	.insn	2, 0x67c2
80005540:	3ffd                	.insn	2, 0x3ffd
80005542:	67c2                	.insn	2, 0x67c2
80005544:	67d54dcb          	.insn	4, 0x67d54dcb
80005548:	6f8c                	.insn	2, 0x6f8c
8000554a:	5d2467db          	.insn	4, 0x5d2467db
8000554e:	6806                	.insn	2, 0x6806
80005550:	96cd                	.insn	2, 0x96cd
80005552:	6808                	.insn	2, 0x6808
80005554:	680ae06b          	.insn	4, 0x680ae06b
80005558:	68160343          	.insn	4, 0x68160343
8000555c:	1e9a                	.insn	2, 0x1e9a
8000555e:	6819                	.insn	2, 0x6819
80005560:	a664                	.insn	2, 0xa664
80005562:	681f 3f29 682e      	.insn	6, 0x682e3f29681f
80005568:	778c                	.insn	2, 0x778c
8000556a:	684e                	.insn	2, 0x684e
8000556c:	e6c8                	.insn	2, 0xe6c8
8000556e:	6851                	.insn	2, 0x6851
80005570:	a4ba                	.insn	2, 0xa4ba
80005572:	6855                	.insn	2, 0x6855
80005574:	685d77c3          	.insn	4, 0x685d77c3
80005578:	686ebe97          	auipc	t4,0x686eb
8000557c:	42d6                	.insn	2, 0x42d6
8000557e:	6872                	.insn	2, 0x6872
80005580:	86aa                	.insn	2, 0x86aa
80005582:	6876                	.insn	2, 0x6876
80005584:	9209                	.insn	2, 0x9209
80005586:	687e                	.insn	2, 0x687e
80005588:	6892be83          	.insn	4, 0x6892be83
8000558c:	4cb0                	.insn	2, 0x4cb0
8000558e:	689e                	.insn	2, 0x689e
80005590:	1f5a                	.insn	2, 0x1f5a
80005592:	68ba                	.insn	2, 0x68ba
80005594:	6041                	.insn	2, 0x6041
80005596:	68d4                	.insn	2, 0x68d4
80005598:	68f47697          	auipc	a3,0x68f47
8000559c:	24b9                	.insn	2, 0x24b9
8000559e:	3a4f68fb          	.insn	4, 0x3a4f68fb
800055a2:	6921                	.insn	2, 0x6921
800055a4:	29f1                	.insn	2, 0x29f1
800055a6:	2dd1692b          	.insn	4, 0x2dd1692b
800055aa:	6939                	.insn	2, 0x6939
800055ac:	6e7e                	.insn	2, 0x6e7e
800055ae:	6940                	.insn	2, 0x6940
800055b0:	1426                	.insn	2, 0x1426
800055b2:	6958                	.insn	2, 0x6958
800055b4:	ac82                	.insn	2, 0xac82
800055b6:	696d                	.insn	2, 0x696d
800055b8:	a53a                	.insn	2, 0xa53a
800055ba:	b03a6987          	.insn	4, 0xb03a6987
800055be:	6998                	.insn	2, 0x6998
800055c0:	6b32                	.insn	2, 0x6b32
800055c2:	699d                	.insn	2, 0x699d
800055c4:	2da4                	.insn	2, 0x2da4
800055c6:	69aa                	.insn	2, 0x69aa
800055c8:	69c06c73          	csrrsi	s8,0x69c,0
800055cc:	0ac0                	.insn	2, 0x0ac0
800055ce:	404869c7          	.insn	4, 0x404869c7
800055d2:	69c9                	.insn	2, 0x69c9
800055d4:	679c                	.insn	2, 0x679c
800055d6:	69d1                	.insn	2, 0x69d1
800055d8:	a229                	.insn	2, 0xa229
800055da:	69d5                	.insn	2, 0x69d5
800055dc:	a2f9                	.insn	2, 0xa2f9
800055de:	69d8                	.insn	2, 0x69d8
800055e0:	cf72                	.insn	2, 0xcf72
800055e2:	69e2                	.insn	2, 0x69e2
800055e4:	bb2a                	.insn	2, 0xbb2a
800055e6:	6e2669e7          	.insn	4, 0x6e2669e7
800055ea:	6a02                	.insn	2, 0x6a02
800055ec:	7850                	.insn	2, 0x7850
800055ee:	809e6a2b          	.insn	4, 0x809e6a2b
800055f2:	6a35                	.insn	2, 0x6a35
800055f4:	fa95                	.insn	2, 0xfa95
800055f6:	6a49                	.insn	2, 0x6a49
800055f8:	cfe1                	.insn	2, 0xcfe1
800055fa:	6a54                	.insn	2, 0x6a54
800055fc:	182e                	.insn	2, 0x182e
800055fe:	6a60                	.insn	2, 0x6a60
80005600:	9f9f 6a88 6f2a      	.insn	6, 0x6f2a6a889f9f
80005606:	6a89                	.insn	2, 0x6a89
80005608:	6a98a6bb          	.insn	4, 0x6a98a6bb
8000560c:	bdbc                	.insn	2, 0xbdbc
8000560e:	6ab9                	.insn	2, 0x6ab9
80005610:	4a64                	.insn	2, 0x4a64
80005612:	ec2c6adb          	.insn	4, 0xec2c6adb
80005616:	6ae1                	.insn	2, 0x6ae1
80005618:	6a98                	.insn	2, 0x6a98
8000561a:	6aea                	.insn	2, 0x6aea
8000561c:	d36e                	.insn	2, 0xd36e
8000561e:	6b25                	.insn	2, 0x6b25
80005620:	c5fc                	.insn	2, 0xc5fc
80005622:	6b3d                	.insn	2, 0x6b3d
80005624:	a94d                	.insn	2, 0xa94d
80005626:	6b4c                	.insn	2, 0x6b4c
80005628:	6b51cb4f          	.insn	4, 0x6b51cb4f
8000562c:	6b6b5947          	.insn	4, 0x6b6b5947
80005630:	56e2                	.insn	2, 0x56e2
80005632:	6b6d                	.insn	2, 0x6b6d
80005634:	6522                	.insn	2, 0x6522
80005636:	6b7a                	.insn	2, 0x6b7a
80005638:	5071                	.insn	2, 0x5071
8000563a:	6ba6                	.insn	2, 0x6ba6
8000563c:	f150                	.insn	2, 0xf150
8000563e:	6bb5                	.insn	2, 0x6bb5
80005640:	6bb744cb          	.insn	4, 0x6bb744cb
80005644:	845e                	.insn	2, 0x845e
80005646:	02a06bc7          	.insn	4, 0x02a06bc7
8000564a:	f0ee6bf3          	csrrsi	s7,0xf0e,28
8000564e:	6c34                	.insn	2, 0x6c34
80005650:	6c47c04b          	.insn	4, 0x6c47c04b
80005654:	9a26                	.insn	2, 0x9a26
80005656:	4a886c4f          	.insn	4, 0x4a886c4f
8000565a:	6c7f 9de8 6c91 cb9d 	.insn	22, 0x6ca995026ca2da286c9dc8546c92cb9d6c919de86c7f
80005662:	6c92 c854 6c9d da28 
8000566a:	6ca2 9502 6ca9 
80005670:	8e32                	.insn	2, 0x8e32
80005672:	6cdf 2228 6ce0      	.insn	6, 0x6ce022286cdf
80005678:	6ce3fc13          	andi	s8,t2,1742
8000567c:	c129                	.insn	2, 0xc129
8000567e:	a8146cef          	jal	s9,7ff4c0fe <buflen.1+0x7ff4c0be>
80005682:	6d49                	.insn	2, 0x6d49
80005684:	929f 6d4a 14f7      	.insn	6, 0x14f76d4a929f
8000568a:	82826d53          	.insn	4, 0x82826d53
8000568e:	6d54                	.insn	2, 0x6d54
80005690:	6d54fafb          	.insn	4, 0x6d54fafb
80005694:	7909                	.insn	2, 0x7909
80005696:	6d55                	.insn	2, 0x6d55
80005698:	8b9f 6d56 a105      	.insn	6, 0xa1056d568b9f
8000569e:	6d5d                	.insn	2, 0x6d5d
800056a0:	fa38                	.insn	2, 0xfa38
800056a2:	6d62                	.insn	2, 0x6d62
800056a4:	003e                	.insn	2, 0x003e
800056a6:	6d6d                	.insn	2, 0x6d6d
800056a8:	ccb2                	.insn	2, 0xccb2
800056aa:	6d6e                	.insn	2, 0x6d6e
800056ac:	f5ee                	.insn	2, 0xf5ee
800056ae:	6d70                	.insn	2, 0x6d70
800056b0:	ac1f 6d82 fbd7      	.insn	6, 0xfbd76d82ac1f
800056b6:	6d90                	.insn	2, 0x6d90
800056b8:	6d9de20f          	.insn	4, 0x6d9de20f
800056bc:	6db9d8c7          	.insn	4, 0x6db9d8c7
800056c0:	f7a0                	.insn	2, 0xf7a0
800056c2:	6e10                	.insn	2, 0x6e10
800056c4:	6e24d8eb          	.insn	4, 0x6e24d8eb
800056c8:	a2ea                	.insn	2, 0xa2ea
800056ca:	6e30                	.insn	2, 0x6e30
800056cc:	6e3d0eeb          	.insn	4, 0x6e3d0eeb
800056d0:	6e3f8a0b          	.insn	4, 0x6e3f8a0b
800056d4:	d051                	.insn	2, 0xd051
800056d6:	0dc06e3f 89186e66 	.insn	8, 0x89186e660dc06e3f
800056de:	6e96                	.insn	2, 0x6e96
800056e0:	8f2e                	.insn	2, 0x8f2e
800056e2:	6ec8                	.insn	2, 0x6ec8
800056e4:	1281                	.insn	2, 0x1281
800056e6:	6ecd                	.insn	2, 0x6ecd
800056e8:	82f5                	.insn	2, 0x82f5
800056ea:	6ed8                	.insn	2, 0x6ed8
800056ec:	fea4                	.insn	2, 0xfea4
800056ee:	28036ee3          	bltu	t1,zero,8000618a <input_data+0x66e>
800056f2:	6eea                	.insn	2, 0x6eea
800056f4:	3c64                	.insn	2, 0x3c64
800056f6:	6f09                	.insn	2, 0x6f09
800056f8:	ec4e                	.insn	2, 0xec4e
800056fa:	6f28                	.insn	2, 0x6f28
800056fc:	6f3a5657          	.insn	4, 0x6f3a5657
80005700:	bc8d                	.insn	2, 0xbc8d
80005702:	6f59                	.insn	2, 0x6f59
80005704:	d541                	.insn	2, 0xd541
80005706:	b5926f5b          	.insn	4, 0xb5926f5b
8000570a:	6f6a                	.insn	2, 0x6f6a
8000570c:	6f793433          	.insn	4, 0x6f793433
80005710:	0ec2                	.insn	2, 0x0ec2
80005712:	1d7a6f83          	.insn	4, 0x1d7a6f83
80005716:	6f86                	.insn	2, 0x6f86
80005718:	a3d2                	.insn	2, 0xa3d2
8000571a:	73bb6f8f          	.insn	4, 0x73bb6f8f
8000571e:	6fb1                	.insn	2, 0x6fb1
80005720:	6fb360db          	.insn	4, 0x6fb360db
80005724:	6fc00817          	auipc	a6,0x6fc00
80005728:	6241                	.insn	2, 0x6241
8000572a:	6fd5                	.insn	2, 0x6fd5
8000572c:	e188                	.insn	2, 0xe188
8000572e:	a4ac6ff3          	csrrsi	t6,0xa4a,24
80005732:	6ff6                	.insn	2, 0x6ff6
80005734:	7008f7cb          	.insn	4, 0x7008f7cb
80005738:	e7fa                	.insn	2, 0xe7fa
8000573a:	7015                	.insn	2, 0x7015
8000573c:	701755cb          	.insn	4, 0x701755cb
80005740:	a7de                	.insn	2, 0xa7de
80005742:	7021                	.insn	2, 0x7021
80005744:	e0a1                	.insn	2, 0xe0a1
80005746:	703e                	.insn	2, 0x703e
80005748:	8c1c                	.insn	2, 0x8c1c
8000574a:	ed6c704b          	.insn	4, 0xed6c704b
8000574e:	706e                	.insn	2, 0x706e
80005750:	70b4af37          	lui	t5,0x70b4a
80005754:	6f0e                	.insn	2, 0x6f0e
80005756:	70b5                	.insn	2, 0x70b5
80005758:	fc69                	.insn	2, 0xfc69
8000575a:	2dc170bf 482e70c4 	.insn	8, 0x482e70c42dc170bf
80005762:	584070cb          	.insn	4, 0x584070cb
80005766:	70d6                	.insn	2, 0x70d6
80005768:	3381                	.insn	2, 0x3381
8000576a:	7111                	.insn	2, 0x7111
8000576c:	711c785b          	.insn	4, 0x711c785b
80005770:	c500                	.insn	2, 0xc500
80005772:	711f 12ec 712a      	.insn	6, 0x712a12ec711f
80005778:	71422f0f          	.insn	4, 0x71422f0f
8000577c:	71490dbf 7157291f 	.insn	8, 0x7157291f71490dbf
80005784:	df4c                	.insn	2, 0xdf4c
80005786:	7165                	.insn	2, 0x7165
80005788:	4d82                	.insn	2, 0x4d82
8000578a:	74f47167          	.insn	4, 0x74f47167
8000578e:	7180                	.insn	2, 0x7180
80005790:	94e1                	.insn	2, 0x94e1
80005792:	7184                	.insn	2, 0x7184
80005794:	88e1                	.insn	2, 0x88e1
80005796:	7185                	.insn	2, 0x7185
80005798:	7f30                	.insn	2, 0x7f30
8000579a:	7188                	.insn	2, 0x7188
8000579c:	420c                	.insn	2, 0x420c
8000579e:	7190                	.insn	2, 0x7190
800057a0:	86fc                	.insn	2, 0x86fc
800057a2:	71a0                	.insn	2, 0x71a0
800057a4:	9e52                	.insn	2, 0x9e52
800057a6:	71b6                	.insn	2, 0x71b6
800057a8:	328d                	.insn	2, 0x328d
800057aa:	6c2a71bb          	.insn	4, 0x6c2a71bb
800057ae:	364471d3          	.insn	4, 0x364471d3
800057b2:	ceae71e7          	.insn	4, 0xceae71e7
800057b6:	887a71f7          	.insn	4, 0x887a71f7
800057ba:	720d                	.insn	2, 0x720d
800057bc:	ee24                	.insn	2, 0xee24
800057be:	720e                	.insn	2, 0x720e
800057c0:	32b5                	.insn	2, 0x32b5
800057c2:	7214                	.insn	2, 0x7214
800057c4:	7220fd73          	csrrci	s10,minstretcfgh,1
800057c8:	adc9                	.insn	2, 0xadc9
800057ca:	7221                	.insn	2, 0x7221
800057cc:	3950                	.insn	2, 0x3950
800057ce:	06f2722b          	.insn	4, 0x06f2722b
800057d2:	723d                	.insn	2, 0x723d
800057d4:	c58d                	.insn	2, 0xc58d
800057d6:	a9257257          	.insn	4, 0xa9257257
800057da:	1f647273          	csrrci	tp,0x1f6,8
800057de:	5fea72b7          	lui	t0,0x5fea7
800057e2:	496172d7          	.insn	4, 0x496172d7
800057e6:	72e1                	.insn	2, 0x72e1
800057e8:	ac02                	.insn	2, 0xac02
800057ea:	58a272ef          	jal	t0,8002cd74 <_tbss_end+0x231f0>
800057ee:	90f072f3          	csrrci	t0,0x90f,0
800057f2:	e6287313          	andi	t1,a6,-414
800057f6:	7316                	.insn	2, 0x7316
800057f8:	0655                	.insn	2, 0x0655
800057fa:	731d                	.insn	2, 0x731d
800057fc:	4038                	.insn	2, 0x4038
800057fe:	7320                	.insn	2, 0x7320
80005800:	a425                	.insn	2, 0xa425
80005802:	7329                	.insn	2, 0x7329
80005804:	5cd4                	.insn	2, 0x5cd4
80005806:	53ad733f e6707345 	.insn	8, 0xe670734553ad733f
8000580e:	7359                	.insn	2, 0x7359
80005810:	736f35b7          	lui	a1,0x736f3
80005814:	73877afb          	.insn	4, 0x73877afb
80005818:	739d378b          	.insn	4, 0x739d378b
8000581c:	eeb2                	.insn	2, 0xeeb2
8000581e:	73c1                	.insn	2, 0x73c1
80005820:	ee10                	.insn	2, 0xee10
80005822:	73d1                	.insn	2, 0x73d1
80005824:	73d9c2c7          	.insn	4, 0x73d9c2c7
80005828:	73e9750b          	.insn	4, 0x73e9750b
8000582c:	0760                	.insn	2, 0x0760
8000582e:	73f0                	.insn	2, 0x73f0
80005830:	aae2                	.insn	2, 0xaae2
80005832:	73fd                	.insn	2, 0x73fd
80005834:	fa75                	.insn	2, 0xfa75
80005836:	741d                	.insn	2, 0x741d
80005838:	1086                	.insn	2, 0x1086
8000583a:	7439                	.insn	2, 0x7439
8000583c:	8909                	.insn	2, 0x8909
8000583e:	743c                	.insn	2, 0x743c
80005840:	744d6397          	auipc	t2,0x744d6
80005844:	dd6a                	.insn	2, 0xdd6a
80005846:	b729745b          	.insn	4, 0xb729745b
8000584a:	745e                	.insn	2, 0x745e
8000584c:	7465                	.insn	2, 0x7465
8000584e:	7465                	.insn	2, 0x7465
80005850:	4bc0                	.insn	2, 0x4bc0
80005852:	7398746f          	jal	s0,8008d78a <_tbss_end+0x83c06>
80005856:	7476                	.insn	2, 0x7476
80005858:	748d9613          	.insn	4, 0x748d9613
8000585c:	8ffa                	.insn	2, 0x8ffa
8000585e:	74b0                	.insn	2, 0x74b0
80005860:	d7c8                	.insn	2, 0xd7c8
80005862:	74b2                	.insn	2, 0x74b2
80005864:	74bac3d7          	.insn	4, 0x74bac3d7
80005868:	5bd8                	.insn	2, 0x5bd8
8000586a:	6dec74c7          	.insn	4, 0x6dec74c7
8000586e:	74c8                	.insn	2, 0x74c8
80005870:	f214                	.insn	2, 0xf214
80005872:	5c8374eb          	.insn	4, 0x5c8374eb
80005876:	74ec                	.insn	2, 0x74ec
80005878:	43cd                	.insn	2, 0x43cd
8000587a:	74fc                	.insn	2, 0x74fc
8000587c:	d010                	.insn	2, 0xd010
8000587e:	7501                	.insn	2, 0x7501
80005880:	ff5d                	.insn	2, 0xff5d
80005882:	7524                	.insn	2, 0x7524
80005884:	91ec                	.insn	2, 0x91ec
80005886:	752c                	.insn	2, 0x752c
80005888:	cea2                	.insn	2, 0xcea2
8000588a:	7548                	.insn	2, 0x7548
8000588c:	7556939b          	.insn	4, 0x7556939b
80005890:	ce81                	.insn	2, 0xce81
80005892:	7556                	.insn	2, 0x7556
80005894:	ae6e                	.insn	2, 0xae6e
80005896:	fa5f7567          	.insn	4, 0xfa5f7567
8000589a:	76de7577          	.insn	4, 0x76de7577
8000589e:	7582                	.insn	2, 0x7582
800058a0:	10d0                	.insn	2, 0x10d0
800058a2:	7585                	.insn	2, 0x7585
800058a4:	d4b4                	.insn	2, 0xd4b4
800058a6:	803b75e3          	bgeu	s6,gp,800050b0 <verify_data+0x1594>
800058aa:	7612                	.insn	2, 0x7612
800058ac:	01e6                	.insn	2, 0x01e6
800058ae:	f891761b          	.insn	4, 0xf891761b
800058b2:	a0507637          	lui	a2,0xa0507
800058b6:	c41b7643          	.insn	4, 0xc41b7643
800058ba:	5c327643          	.insn	4, 0x5c327643
800058be:	765e                	.insn	2, 0x765e
800058c0:	039c                	.insn	2, 0x039c
800058c2:	766e                	.insn	2, 0x766e
800058c4:	66c4                	.insn	2, 0x66c4
800058c6:	7691                	.insn	2, 0x7691
800058c8:	76c9de3b          	.insn	4, 0x76c9de3b
800058cc:	76e02b87          	.insn	4, 0x76e02b87
800058d0:	770d9d97          	auipc	s11,0x770d9
800058d4:	b4d1                	.insn	2, 0xb4d1
800058d6:	7745                	.insn	2, 0x7745
800058d8:	8a60                	.insn	2, 0x8a60
800058da:	7761                	.insn	2, 0x7761
800058dc:	c005                	.insn	2, 0xc005
800058de:	777c                	.insn	2, 0x777c
800058e0:	5dbc                	.insn	2, 0x5dbc
800058e2:	777e                	.insn	2, 0x777e
800058e4:	3159                	.insn	2, 0x3159
800058e6:	7782                	.insn	2, 0x7782
800058e8:	d711                	.insn	2, 0xd711
800058ea:	56c3778b          	.insn	4, 0x56c3778b
800058ee:	778e                	.insn	2, 0x778e
800058f0:	0736                	.insn	2, 0x0736
800058f2:	7796                	.insn	2, 0x7796
800058f4:	779e33eb          	.insn	4, 0x779e33eb
800058f8:	a4f9                	.insn	2, 0xa4f9
800058fa:	77c2                	.insn	2, 0x77c2
800058fc:	8b1a                	.insn	2, 0x8b1a
800058fe:	77d6                	.insn	2, 0x77d6
80005900:	0db6                	.insn	2, 0x0db6
80005902:	77ea                	.insn	2, 0x77ea
80005904:	96b1                	.insn	2, 0x96b1
80005906:	780c                	.insn	2, 0x780c
80005908:	2c8c                	.insn	2, 0x2c8c
8000590a:	780d                	.insn	2, 0x780d
8000590c:	78276307          	.insn	4, 0x78276307
80005910:	3012                	.insn	2, 0x3012
80005912:	782c                	.insn	2, 0x782c
80005914:	d041                	.insn	2, 0xd041
80005916:	7830                	.insn	2, 0x7830
80005918:	783be667          	.insn	4, 0x783be667
8000591c:	5ebc                	.insn	2, 0x5ebc
8000591e:	784d                	.insn	2, 0x784d
80005920:	b865                	.insn	2, 0xb865
80005922:	7889                	.insn	2, 0x7889
80005924:	1f55                	.insn	2, 0x1f55
80005926:	7894                	.insn	2, 0x7894
80005928:	23fa                	.insn	2, 0x23fa
8000592a:	789c                	.insn	2, 0x789c
8000592c:	d08a                	.insn	2, 0xd08a
8000592e:	78b0                	.insn	2, 0x78b0
80005930:	5dae                	.insn	2, 0x5dae
80005932:	78d8                	.insn	2, 0x78d8
80005934:	fd24                	.insn	2, 0xfd24
80005936:	78dd                	.insn	2, 0x78dd
80005938:	35aa                	.insn	2, 0x35aa
8000593a:	78de                	.insn	2, 0x78de
8000593c:	7171                	.insn	2, 0x7171
8000593e:	78df 9a07 78e2      	.insn	6, 0x78e29a0778df
80005944:	78f220af          	.insn	4, 0x78f220af
80005948:	f786                	.insn	2, 0xf786
8000594a:	78fd                	.insn	2, 0x78fd
8000594c:	2c44                	.insn	2, 0x2c44
8000594e:	792d                	.insn	2, 0x792d
80005950:	c459                	.insn	2, 0xc459
80005952:	7939                	.insn	2, 0x7939
80005954:	1798                	.insn	2, 0x1798
80005956:	7948                	.insn	2, 0x7948
80005958:	d530                	.insn	2, 0xd530
8000595a:	574d795b          	.insn	4, 0x574d795b
8000595e:	7966                	.insn	2, 0x7966
80005960:	ee36                	.insn	2, 0xee36
80005962:	796c                	.insn	2, 0x796c
80005964:	89e9                	.insn	2, 0x89e9
80005966:	de277987          	.insn	4, 0xde277987
8000596a:	7988                	.insn	2, 0x7988
8000596c:	79b5933b          	.insn	4, 0x79b5933b
80005970:	79c39977          	.insn	4, 0x79c39977
80005974:	35d0                	.insn	2, 0x35d0
80005976:	79d5                	.insn	2, 0x79d5
80005978:	79ea714f          	.insn	4, 0x79ea714f
8000597c:	c122                	.insn	2, 0xc122
8000597e:	79f0                	.insn	2, 0x79f0
80005980:	135a                	.insn	2, 0x135a
80005982:	79ff                	.insn	2, 0x79ff
80005984:	7a02d7ff 7a0e7c57 	.insn	20, 0x7a2bec617a1a8d0d7a1523997a0e7c577a02d7ff
8000598c:	7a152399 7a1a8d0d 
80005994:	7a2bec61 
80005998:	f0f9                	.insn	2, 0xf0f9
8000599a:	0e127a53          	.insn	4, 0x0e127a53
8000599e:	7a54                	.insn	2, 0x7a54
800059a0:	7a54488b          	.insn	4, 0x7a54488b
800059a4:	039a                	.insn	2, 0x039a
800059a6:	7a6c                	.insn	2, 0x7a6c
800059a8:	cbd4                	.insn	2, 0xcbd4
800059aa:	7a70                	.insn	2, 0x7a70
800059ac:	c442                	.insn	2, 0xc442
800059ae:	7a88                	.insn	2, 0x7a88
800059b0:	e546                	.insn	2, 0xe546
800059b2:	939c7ad7          	.insn	4, 0x939c7ad7
800059b6:	7ada                	.insn	2, 0x7ada
800059b8:	7afd1cd3          	.insn	4, 0x7afd1cd3
800059bc:	5c90                	.insn	2, 0x5c90
800059be:	7b08                	.insn	2, 0x7b08
800059c0:	d916                	.insn	2, 0xd916
800059c2:	7b0a                	.insn	2, 0x7b0a
800059c4:	7b2b5f8b          	.insn	4, 0x7b2b5f8b
800059c8:	de31                	.insn	2, 0xde31
800059ca:	7b31                	.insn	2, 0x7b31
800059cc:	7b35733f 7b3b8ae9 	.insn	8, 0x7b3b8ae97b35733f
800059d4:	69d2                	.insn	2, 0x69d2
800059d6:	7b48                	.insn	2, 0x7b48
800059d8:	84c1                	.insn	2, 0x84c1
800059da:	7b4e                	.insn	2, 0x7b4e
800059dc:	26e9                	.insn	2, 0x26e9
800059de:	7b55                	.insn	2, 0x7b55
800059e0:	d215                	.insn	2, 0xd215
800059e2:	7b68                	.insn	2, 0x7b68
800059e4:	7b86eff3          	csrrsi	t6,0x7b8,13
800059e8:	d676                	.insn	2, 0xd676
800059ea:	7b96                	.insn	2, 0x7b96
800059ec:	8d3a                	.insn	2, 0x8d3a
800059ee:	678e7bab          	.insn	4, 0x678e7bab
800059f2:	7bac                	.insn	2, 0x7bac
800059f4:	7bc697fb          	.insn	4, 0x7bc697fb
800059f8:	b108                	.insn	2, 0xb108
800059fa:	7bd6                	.insn	2, 0x7bd6
800059fc:	7be3d2d7          	.insn	4, 0x7be3d2d7
80005a00:	8a2c                	.insn	2, 0x8a2c
80005a02:	7bf2                	.insn	2, 0x7bf2
80005a04:	80f5                	.insn	2, 0x80f5
80005a06:	7c05                	.insn	2, 0x7c05
80005a08:	da01                	.insn	2, 0xda01
80005a0a:	7c11                	.insn	2, 0x7c11
80005a0c:	67a4                	.insn	2, 0x67a4
80005a0e:	7c24                	.insn	2, 0x7c24
80005a10:	7c45df3b          	.insn	4, 0x7c45df3b
80005a14:	8234                	.insn	2, 0x8234
80005a16:	2dab7c4b          	.insn	4, 0x2dab7c4b
80005a1a:	27d67c6f          	jal	s8,8006d496 <_tbss_end+0x63912>
80005a1e:	7c7d                	.insn	2, 0x7c7d
80005a20:	5be8                	.insn	2, 0x5be8
80005a22:	7c80                	.insn	2, 0x7c80
80005a24:	ee66                	.insn	2, 0xee66
80005a26:	7c82                	.insn	2, 0x7c82
80005a28:	7c9296e3          	bne	t0,s1,800069f4 <input_data+0xed8>
80005a2c:	7c93425b          	.insn	4, 0x7c93425b
80005a30:	29ad                	.insn	2, 0x29ad
80005a32:	91207c9b          	.insn	4, 0x91207c9b
80005a36:	4ee17c9b          	.insn	4, 0x4ee17c9b
80005a3a:	7c9d                	.insn	2, 0x7c9d
80005a3c:	ae2c                	.insn	2, 0xae2c
80005a3e:	da267cab          	.insn	4, 0xda267cab
80005a42:	35837cc7          	.insn	4, 0x35837cc7
80005a46:	7cd1                	.insn	2, 0x7cd1
80005a48:	5531                	.insn	2, 0x5531
80005a4a:	7cd2                	.insn	2, 0x7cd2
80005a4c:	ed64                	.insn	2, 0xed64
80005a4e:	7cd8                	.insn	2, 0x7cd8
80005a50:	172d                	.insn	2, 0x172d
80005a52:	7cdd                	.insn	2, 0x7cdd
80005a54:	8ed0                	.insn	2, 0x8ed0
80005a56:	7cfe                	.insn	2, 0x7cfe
80005a58:	7d199933          	.insn	4, 0x7d199933
80005a5c:	0d94                	.insn	2, 0x0d94
80005a5e:	d9767d33          	.insn	4, 0xd9767d33
80005a62:	7d5c                	.insn	2, 0x7d5c
80005a64:	a826                	.insn	2, 0xa826
80005a66:	7d7c                	.insn	2, 0x7d7c
80005a68:	7dc1                	.insn	2, 0x7dc1
80005a6a:	7d81                	.insn	2, 0x7d81
80005a6c:	b7c8                	.insn	2, 0xb7c8
80005a6e:	7d82                	.insn	2, 0x7d82
80005a70:	2f96                	.insn	2, 0x2f96
80005a72:	7d84                	.insn	2, 0x7d84
80005a74:	3b66                	.insn	2, 0x3b66
80005a76:	7dac                	.insn	2, 0x7dac
80005a78:	97d6                	.insn	2, 0x97d6
80005a7a:	7db5                	.insn	2, 0x7db5
80005a7c:	7dbce1f7          	.insn	4, 0x7dbce1f7
80005a80:	c751                	.insn	2, 0xc751
80005a82:	7dc1                	.insn	2, 0x7dc1
80005a84:	7558                	.insn	2, 0x7558
80005a86:	7df8                	.insn	2, 0x7df8
80005a88:	7e0a0b8f          	.insn	4, 0x7e0a0b8f
80005a8c:	7e1723f7          	.insn	4, 0x7e1723f7
80005a90:	287c                	.insn	2, 0x287c
80005a92:	48c77e27          	.insn	4, 0x48c77e27
80005a96:	7e3c                	.insn	2, 0x7e3c
80005a98:	3888                	.insn	2, 0x3888
80005a9a:	7e41                	.insn	2, 0x7e41
80005a9c:	b8ee                	.insn	2, 0xb8ee
80005a9e:	7e44                	.insn	2, 0x7e44
80005aa0:	69c4                	.insn	2, 0x69c4
80005aa2:	7e4a                	.insn	2, 0x7e4a
80005aa4:	a6bd                	.insn	2, 0xa6bd
80005aa6:	7e4a                	.insn	2, 0x7e4a
80005aa8:	de88                	.insn	2, 0xde88
80005aaa:	282b7e53          	.insn	4, 0x282b7e53
80005aae:	7e7f                	.insn	2, 0x7e7f
80005ab0:	2a5f 7e88 3314      	.insn	6, 0x33147e882a5f
80005ab6:	7e90                	.insn	2, 0x7e90
80005ab8:	1b69                	.insn	2, 0x1b69
80005aba:	7ea5                	.insn	2, 0x7ea5
80005abc:	8eb9                	.insn	2, 0x8eb9
80005abe:	a1f87eb7          	lui	t4,0xa1f87
80005ac2:	7eb8                	.insn	2, 0x7eb8
80005ac4:	8b3e                	.insn	2, 0x8b3e
80005ac6:	7ec6                	.insn	2, 0x7ec6
80005ac8:	7ec6e397          	auipc	t2,0x7ec6e
80005acc:	e55e                	.insn	2, 0xe55e
80005ace:	50687ed7          	.insn	4, 0x50687ed7
80005ad2:	cc317ee3          	bgeu	sp,gp,800057ae <verify_data+0x1c92>
80005ad6:	7eed                	.insn	2, 0x7eed
80005ad8:	2954                	.insn	2, 0x2954
80005ada:	7ef4                	.insn	2, 0x7ef4
80005adc:	7ef912b7          	lui	t0,0x7ef91
80005ae0:	a5cd                	.insn	2, 0xa5cd
80005ae2:	7f02                	.insn	2, 0x7f02
80005ae4:	1831                	.insn	2, 0x1831
80005ae6:	7f10                	.insn	2, 0x7f10
80005ae8:	a605                	.insn	2, 0xa605
80005aea:	7f10                	.insn	2, 0x7f10
80005aec:	0434                	.insn	2, 0x0434
80005aee:	7f24                	.insn	2, 0x7f24
80005af0:	c95e                	.insn	2, 0xc95e
80005af2:	731f7f4b          	.insn	4, 0x731f7f4b
80005af6:	7f8d                	.insn	2, 0x7f8d
80005af8:	3385                	.insn	2, 0x3385
80005afa:	58997f8f          	.insn	4, 0x58997f8f
80005afe:	7f99                	.insn	2, 0x7f99
80005b00:	1715                	.insn	2, 0x1715
80005b02:	7fa6                	.insn	2, 0x7fa6
80005b04:	c8f2                	.insn	2, 0xc8f2
80005b06:	7fb1                	.insn	2, 0x7fb1
80005b08:	8976                	.insn	2, 0x8976
80005b0a:	7fc0                	.insn	2, 0x7fc0
80005b0c:	d2d0                	.insn	2, 0xd2d0
80005b0e:	7fc0                	.insn	2, 0x7fc0
80005b10:	7fca5d7f 7fdb3900 	.insn	20, 0x3a2ccef4055424a47fe84e467fdb39007fca5d7f
80005b18:	7fe84e46  
80005b20:	 

80005b1c <input_data>:
80005b1c:	24a4                	.insn	2, 0x24a4
80005b1e:	0554                	.insn	2, 0x0554
80005b20:	cef4                	.insn	2, 0xcef4
80005b22:	3a2c                	.insn	2, 0x3a2c
80005b24:	4a64                	.insn	2, 0x4a64
80005b26:	97196adb          	.insn	4, 0x97196adb
80005b2a:	2b01                	.insn	2, 0x2b01
80005b2c:	f4ee                	.insn	2, 0xf4ee
80005b2e:	4861                	.insn	2, 0x4861
80005b30:	0039e5ef          	jal	a1,800a4332 <_tbss_end+0x9a7ae>
80005b34:	eeec                	.insn	2, 0xeeec
80005b36:	1802                	.insn	2, 0x1802
80005b38:	8b3e                	.insn	2, 0x8b3e
80005b3a:	7ec6                	.insn	2, 0x7ec6
80005b3c:	4a40                	.insn	2, 0x4a40
80005b3e:	6010                	.insn	2, 0x6010
80005b40:	0df8                	.insn	2, 0x0df8
80005b42:	2ee2                	.insn	2, 0x2ee2
80005b44:	6b72                	.insn	2, 0x6b72
80005b46:	2cf4                	.insn	2, 0x2cf4
80005b48:	49635f53          	.insn	4, 0x49635f53
80005b4c:	8979                	.insn	2, 0x8979
80005b4e:	9b6810f7          	.insn	4, 0x9b6810f7
80005b52:	0836                	.insn	2, 0x0836
80005b54:	79b5933b          	.insn	4, 0x79b5933b
80005b58:	db86                	.insn	2, 0xdb86
80005b5a:	ca5913a7          	.insn	4, 0xca5913a7
80005b5e:	4ad5                	.insn	2, 0x4ad5
80005b60:	28d5                	.insn	2, 0x28d5
80005b62:	1bb9                	.insn	2, 0x1bb9
80005b64:	72c2                	.insn	2, 0x72c2
80005b66:	04bd673b          	.insn	4, 0x04bd673b
80005b6a:	9f1011fb          	.insn	4, 0x9f1011fb
80005b6e:	4f9f 88d5 1afe      	.insn	6, 0x1afe88d54f9f
80005b74:	8b4c                	.insn	2, 0x8b4c
80005b76:	d92d00d7          	.insn	4, 0xd92d00d7
80005b7a:	4961                	.insn	2, 0x4961
80005b7c:	8a60                	.insn	2, 0x8a60
80005b7e:	7761                	.insn	2, 0x7761
80005b80:	d1e1                	.insn	2, 0xd1e1
80005b82:	ee242b8f          	.insn	4, 0xee242b8f
80005b86:	720e                	.insn	2, 0x720e
80005b88:	040c                	.insn	2, 0x040c
80005b8a:	4c04                	.insn	2, 0x4c04
80005b8c:	6e71                	.insn	2, 0x6e71
80005b8e:	324a                	.insn	2, 0x324a
80005b90:	0655                	.insn	2, 0x0655
80005b92:	731d                	.insn	2, 0x731d
80005b94:	917d                	.insn	2, 0x917d
80005b96:	58f5                	.insn	2, 0x58f5
80005b98:	da5f 1d42 de31      	.insn	6, 0xde311d42da5f
80005b9e:	7b31                	.insn	2, 0x7b31
80005ba0:	fa95                	.insn	2, 0xfa95
80005ba2:	018a                	.insn	2, 0x018a
80005ba4:	d8e0                	.insn	2, 0xd8e0
80005ba6:	12ec0e33          	.insn	4, 0x12ec0e33
80005baa:	712a                	.insn	2, 0x712a
80005bac:	db66                	.insn	2, 0xdb66
80005bae:	0ef1                	.insn	2, 0x0ef1
80005bb0:	3b49                	.insn	2, 0x3b49
80005bb2:	601e                	.insn	2, 0x601e
80005bb4:	2601eb4f          	.insn	4, 0x2601eb4f
80005bb8:	cb54                	.insn	2, 0xcb54
80005bba:	52c6                	.insn	2, 0x52c6
80005bbc:	2b51                	.insn	2, 0x2b51
80005bbe:	369a                	.insn	2, 0x369a
80005bc0:	d5c8                	.insn	2, 0xd5c8
80005bc2:	401e                	.insn	2, 0x401e
80005bc4:	10f8                	.insn	2, 0x10f8
80005bc6:	2844                	.insn	2, 0x2844
80005bc8:	8c39                	.insn	2, 0x8c39
80005bca:	37e8                	.insn	2, 0x37e8
80005bcc:	0c00                	.insn	2, 0x0c00
80005bce:	547c                	.insn	2, 0x547c
80005bd0:	0492                	.insn	2, 0x0492
80005bd2:	59ed                	.insn	2, 0x59ed
80005bd4:	632cf297          	auipc	t0,0x632cf
80005bd8:	1e9a                	.insn	2, 0x1e9a
80005bda:	6819                	.insn	2, 0x6819
80005bdc:	b431                	.insn	2, 0xb431
80005bde:	e1f728ef          	jal	a7,7ff789fc <buflen.1+0x7ff789bc>
80005be2:	7dbc                	.insn	2, 0x7dbc
80005be4:	3468                	.insn	2, 0x3468
80005be6:	56fe                	.insn	2, 0x56fe
80005be8:	2441                	.insn	2, 0x2441
80005bea:	a7de1353          	.insn	4, 0xa7de1353
80005bee:	7021                	.insn	2, 0x7021
80005bf0:	62d6                	.insn	2, 0x62d6
80005bf2:	86c8592f          	.insn	4, 0x86c8592f
80005bf6:	304d                	.insn	2, 0x304d
80005bf8:	8551                	.insn	2, 0x8551
80005bfa:	484c                	.insn	2, 0x484c
80005bfc:	8b6a                	.insn	2, 0x8b6a
80005bfe:	3ccc                	.insn	2, 0x3ccc
80005c00:	fb81                	.insn	2, 0xfb81
80005c02:	22e0                	.insn	2, 0x22e0
80005c04:	783be667          	.insn	4, 0x783be667
80005c08:	2128e503          	.insn	4, 0x2128e503
80005c0c:	bf66                	.insn	2, 0xbf66
80005c0e:	4524                	.insn	2, 0x4524
80005c10:	52ea70bb          	.insn	4, 0x52ea70bb
80005c14:	662c                	.insn	2, 0x662c
80005c16:	48ee                	.insn	2, 0x48ee
80005c18:	6f6a                	.insn	2, 0x6f6a
80005c1a:	4139                	.insn	2, 0x4139
80005c1c:	af00                	.insn	2, 0xaf00
80005c1e:	1a05                	.insn	2, 0x1a05
80005c20:	0b5676e3          	bgeu	a2,s5,800064cc <input_data+0x9b0>
80005c24:	7ca6                	.insn	2, 0x7ca6
80005c26:	727123f3          	csrrs	t2,mhpmevent7h,sp
80005c2a:	5a32                	.insn	2, 0x5a32
80005c2c:	5b08                	.insn	2, 0x5b08
80005c2e:	6145                	.insn	2, 0x6145
80005c30:	e12a                	.insn	2, 0xe12a
80005c32:	55d6                	.insn	2, 0x55d6
80005c34:	6f29                	.insn	2, 0x6f29
80005c36:	4db5                	.insn	2, 0x4db5
80005c38:	301453e7          	.insn	4, 0x301453e7
80005c3c:	4ba0                	.insn	2, 0x4ba0
80005c3e:	4191                	.insn	2, 0x4191
80005c40:	42ff 46ae 148d 544a 	.insn	18, 0x058c1900b280780c96b1544a148d46ae42ff
80005c48:	96b1 780c b280 1900 
80005c50:	058c 
80005c52:	c97f4bef          	jal	s7,7fffa8e8 <buflen.1+0x7fffa8a8>
80005c56:	0a79                	.insn	2, 0x0a79
80005c58:	c11e                	.insn	2, 0xc11e
80005c5a:	48ec                	.insn	2, 0x48ec
80005c5c:	27e4                	.insn	2, 0x27e4
80005c5e:	223a                	.insn	2, 0x223a
80005c60:	135a                	.insn	2, 0x135a
80005c62:	79ff                	.insn	2, 0x79ff
80005c64:	1082                	.insn	2, 0x1082
80005c66:	16571d5b          	.insn	4, 0x16571d5b
80005c6a:	66a0                	.insn	2, 0x66a0
80005c6c:	0c12                	.insn	2, 0x0c12
80005c6e:	2b48                	.insn	2, 0x2b48
80005c70:	5c10                	.insn	2, 0x5c10
80005c72:	4adf f786 78fd      	.insn	6, 0x78fdf7864adf
80005c78:	34f5                	.insn	2, 0x34f5
80005c7a:	5266                	.insn	2, 0x5266
80005c7c:	739d378b          	.insn	4, 0x739d378b
80005c80:	9259                	.insn	2, 0x9259
80005c82:	2f28                	.insn	2, 0x2f28
80005c84:	1ef9fd23          	.insn	4, 0x1ef9fd23
80005c88:	ccad                	.insn	2, 0xccad
80005c8a:	43cd3ea7          	.insn	4, 0x43cd3ea7
80005c8e:	74fc                	.insn	2, 0x74fc
80005c90:	2a22a5e3          	.insn	4, 0x2a22a5e3
80005c94:	cf72                	.insn	2, 0xcf72
80005c96:	69e2                	.insn	2, 0x69e2
80005c98:	281bbd27          	.insn	4, 0x281bbd27
80005c9c:	778e56c3          	.insn	4, 0x778e56c3
80005ca0:	4bf29b83          	lh	s7,1215(t0) # e32d5093 <_tbss_end+0x632cb50f>
80005ca4:	de88                	.insn	2, 0xde88
80005ca6:	0fec7e53          	.insn	4, 0x0fec7e53
80005caa:	31c6                	.insn	2, 0x31c6
80005cac:	191afacb          	.insn	4, 0x191afacb
80005cb0:	8575                	.insn	2, 0x8575
80005cb2:	45b2                	.insn	2, 0x45b2
80005cb4:	5c90                	.insn	2, 0x5c90
80005cb6:	7b08                	.insn	2, 0x7b08
80005cb8:	5f7c                	.insn	2, 0x5f7c
80005cba:	2d61533f 7dc148a1 	.insn	8, 0x7dc148a12d61533f
80005cc2:	7d81                	.insn	2, 0x7d81
80005cc4:	e584                	.insn	2, 0xe584
80005cc6:	2cf4                	.insn	2, 0x2cf4
80005cc8:	7fca5d7f 532a6e6c 	.insn	20, 0x0a264a155431a8886855a4ba532a6e6c7fca5d7f
80005cd0:	6855a4ba 5431a888 
80005cd8:	0a264a15 
80005cdc:	3a26                	.insn	2, 0x3a26
80005cde:	45a11733          	.insn	4, 0x45a11733
80005ce2:	1ab8                	.insn	2, 0x1ab8
80005ce4:	0e578ce3          	beq	a5,t0,800065dc <input_data+0xac0>
80005ce8:	4e46                	.insn	2, 0x4e46
80005cea:	7fe8                	.insn	2, 0x7fe8
80005cec:	f7a0                	.insn	2, 0xf7a0
80005cee:	6e10                	.insn	2, 0x6e10
80005cf0:	6366                	.insn	2, 0x6366
80005cf2:	50b4                	.insn	2, 0x50b4
80005cf4:	08606c9b          	.insn	4, 0x08606c9b
80005cf8:	cb9d                	.insn	2, 0xcb9d
80005cfa:	6c92                	.insn	2, 0x6c92
80005cfc:	05f9                	.insn	2, 0x05f9
80005cfe:	24f4                	.insn	2, 0x24f4
80005d00:	0f8e                	.insn	2, 0x0f8e
80005d02:	5a42                	.insn	2, 0x5a42
80005d04:	2cc21eab          	.insn	4, 0x2cc21eab
80005d08:	d2d0                	.insn	2, 0xd2d0
80005d0a:	7fc0                	.insn	2, 0x7fc0
80005d0c:	321c                	.insn	2, 0x321c
80005d0e:	1225                	.insn	2, 0x1225
80005d10:	0d30                	.insn	2, 0x0d30
80005d12:	207d                	.insn	2, 0x207d
80005d14:	aae2                	.insn	2, 0xaae2
80005d16:	73fd                	.insn	2, 0x73fd
80005d18:	1398                	.insn	2, 0x1398
80005d1a:	5bad                	.insn	2, 0x5bad
80005d1c:	7f30                	.insn	2, 0x7f30
80005d1e:	7188                	.insn	2, 0x7188
80005d20:	6219                	.insn	2, 0x6219
80005d22:	a15d371b          	.insn	4, 0xa15d371b
80005d26:	b79f21d7          	.insn	4, 0xb79f21d7
80005d2a:	353e                	.insn	2, 0x353e
80005d2c:	cba1                	.insn	2, 0xcba1
80005d2e:	980f49e3          	bltz	t5,800056c0 <verify_data+0x1ba4>
80005d32:	4500                	.insn	2, 0x4500
80005d34:	2f96                	.insn	2, 0x2f96
80005d36:	7d84                	.insn	2, 0x7d84
80005d38:	59bbba97          	auipc	s5,0x59bbb
80005d3c:	7cc8                	.insn	2, 0x7cc8
80005d3e:	6186                	.insn	2, 0x6186
80005d40:	00949033          	sll	zero,s1,s1
80005d44:	2d32                	.insn	2, 0x2d32
80005d46:	1ee1                	.insn	2, 0x1ee1
80005d48:	7168                	.insn	2, 0x7168
80005d4a:	fb3a3f67          	.insn	4, 0xfb3a3f67
80005d4e:	ea803d57          	.insn	4, 0xea803d57
80005d52:	0cd0                	.insn	2, 0x0cd0
80005d54:	fa46                	.insn	2, 0xfa46
80005d56:	4001                	.insn	2, 0x4001
80005d58:	1281                	.insn	2, 0x1281
80005d5a:	6ecd                	.insn	2, 0x6ecd
80005d5c:	69aa                	.insn	2, 0x69aa
80005d5e:	33a5                	.insn	2, 0x33a5
80005d60:	58e6236f          	jal	t1,800682ee <_tbss_end+0x5e76a>
80005d64:	a960                	.insn	2, 0xa960
80005d66:	1c74                	.insn	2, 0x1c74
80005d68:	3150                	.insn	2, 0x3150
80005d6a:	3561                	.insn	2, 0x3561
80005d6c:	a07c                	.insn	2, 0xa07c
80005d6e:	a9bd38e3          	.insn	4, 0xa9bd38e3
80005d72:	2609                	.insn	2, 0x2609
80005d74:	8f18                	.insn	2, 0x8f18
80005d76:	5c65                	.insn	2, 0x5c65
80005d78:	3ecd                	.insn	2, 0x3ecd
80005d7a:	24a2                	.insn	2, 0x24a2
80005d7c:	17e6                	.insn	2, 0x17e6
80005d7e:	56a1                	.insn	2, 0x56a1
80005d80:	4e44                	.insn	2, 0x4e44
80005d82:	4f90                	.insn	2, 0x4f90
80005d84:	28bdf153          	.insn	4, 0x28bdf153
80005d88:	4130                	.insn	2, 0x4130
80005d8a:	0ac50a0f          	.insn	4, 0x0ac50a0f
80005d8e:	1cb4                	.insn	2, 0x1cb4
80005d90:	9006                	.insn	2, 0x9006
80005d92:	2d0c                	.insn	2, 0x2d0c
80005d94:	3012                	.insn	2, 0x3012
80005d96:	782c                	.insn	2, 0x782c
80005d98:	14c2                	.insn	2, 0x14c2
80005d9a:	454d                	.insn	2, 0x454d
80005d9c:	bbfa                	.insn	2, 0xbbfa
80005d9e:	664924eb          	.insn	4, 0x664924eb
80005da2:	52de                	.insn	2, 0x52de
80005da4:	61f6                	.insn	2, 0x61f6
80005da6:	a7d10f4f          	.insn	4, 0xa7d10f4f
80005daa:	15c5                	.insn	2, 0x15c5
80005dac:	687e                	.insn	2, 0x687e
80005dae:	4ed0                	.insn	2, 0x4ed0
80005db0:	4adc                	.insn	2, 0x4adc
80005db2:	439a                	.insn	2, 0x439a
80005db4:	fe51                	.insn	2, 0xfe51
80005db6:	4da5                	.insn	2, 0x4da5
80005db8:	c3bd                	.insn	2, 0xc3bd
80005dba:	2511                	.insn	2, 0x2511
80005dbc:	100a                	.insn	2, 0x100a
80005dbe:	31ec                	.insn	2, 0x31ec
80005dc0:	66076677          	.insn	4, 0x66076677
80005dc4:	ceea                	.insn	2, 0xceea
80005dc6:	2cfe                	.insn	2, 0x2cfe
80005dc8:	152e                	.insn	2, 0x152e
80005dca:	66b5                	.insn	2, 0x66b5
80005dcc:	de5c                	.insn	2, 0xde5c
80005dce:	3a4e                	.insn	2, 0x3a4e
80005dd0:	e140                	.insn	2, 0xe140
80005dd2:	5c50                	.insn	2, 0x5c50
80005dd4:	034d                	.insn	2, 0x034d
80005dd6:	23a5                	.insn	2, 0x23a5
80005dd8:	4569                	.insn	2, 0x4569
80005dda:	613d                	.insn	2, 0x613d
80005ddc:	9f26                	.insn	2, 0x9f26
80005dde:	2f24                	.insn	2, 0x2f24
80005de0:	796a                	.insn	2, 0x796a
80005de2:	5f84                	.insn	2, 0x5f84
80005de4:	2df3dfcb          	.insn	4, 0x2df3dfcb
80005de8:	16b9                	.insn	2, 0x16b9
80005dea:	0bd0                	.insn	2, 0x0bd0
80005dec:	4699                	.insn	2, 0x4699
80005dee:	4add                	.insn	2, 0x4add
80005df0:	a1f8                	.insn	2, 0xa1f8
80005df2:	7eb8                	.insn	2, 0x7eb8
80005df4:	2215                	.insn	2, 0x2215
80005df6:	080c                	.insn	2, 0x080c
80005df8:	9608                	.insn	2, 0x9608
80005dfa:	22c1                	.insn	2, 0x22c1
80005dfc:	3888                	.insn	2, 0x3888
80005dfe:	7e41                	.insn	2, 0x7e41
80005e00:	8b9f 6d56 d570      	.insn	6, 0xd5706d568b9f
80005e06:	33ac                	.insn	2, 0x33ac
80005e08:	938e                	.insn	2, 0x938e
80005e0a:	650a                	.insn	2, 0x650a
80005e0c:	983d                	.insn	2, 0x983d
80005e0e:	2c6a                	.insn	2, 0x2c6a
80005e10:	99ca                	.insn	2, 0x99ca
80005e12:	4428                	.insn	2, 0x4428
80005e14:	f095                	.insn	2, 0xf095
80005e16:	4252                	.insn	2, 0x4252
80005e18:	b4a9                	.insn	2, 0xb4a9
80005e1a:	1c88                	.insn	2, 0x1c88
80005e1c:	8ad5                	.insn	2, 0x8ad5
80005e1e:	e5b747a7          	.insn	4, 0xe5b747a7
80005e22:	b7293b13          	sltiu	s6,s2,-1166
80005e26:	745e                	.insn	2, 0x745e
80005e28:	1ef490c3          	.insn	4, 0x1ef490c3
80005e2c:	f658                	.insn	2, 0xf658
80005e2e:	635d                	.insn	2, 0x635d
80005e30:	2deb91bf 20b378d4 	.insn	8, 0x20b378d42deb91bf
80005e38:	2a8f6b6f          	jal	s6,800fc0e0 <_tbss_end+0xf255c>
80005e3c:	e759                	.insn	2, 0xe759
80005e3e:	ceb263c7          	.insn	4, 0xceb263c7
80005e42:	57b6                	.insn	2, 0x57b6
80005e44:	e800                	.insn	2, 0xe800
80005e46:	4cb5                	.insn	2, 0x4cb5
80005e48:	3d98                	.insn	2, 0x3d98
80005e4a:	5ed1                	.insn	2, 0x5ed1
80005e4c:	6746                	.insn	2, 0x6746
80005e4e:	1268                	.insn	2, 0x1268
80005e50:	9561                	.insn	2, 0x9561
80005e52:	392e                	.insn	2, 0x392e
80005e54:	e231                	.insn	2, 0xe231
80005e56:	0456                	.insn	2, 0x0456
80005e58:	dfd0                	.insn	2, 0xdfd0
80005e5a:	27f8                	.insn	2, 0x27f8
80005e5c:	2d4e                	.insn	2, 0x2d4e
80005e5e:	3635100b          	.insn	4, 0x3635100b
80005e62:	5f46                	.insn	2, 0x5f46
80005e64:	23fa                	.insn	2, 0x23fa
80005e66:	789c                	.insn	2, 0x789c
80005e68:	47c5                	.insn	2, 0x47c5
80005e6a:	33eb476b          	.insn	4, 0x33eb476b
80005e6e:	779e                	.insn	2, 0x779e
80005e70:	00fc                	.insn	2, 0x00fc
80005e72:	3d62                	.insn	2, 0x3d62
80005e74:	02a2                	.insn	2, 0x02a2
80005e76:	6676                	.insn	2, 0x6676
80005e78:	476bead3          	.insn	4, 0x476bead3
80005e7c:	46dadd13          	.insn	4, 0x46dadd13
80005e80:	66c4                	.insn	2, 0x66c4
80005e82:	7691                	.insn	2, 0x7691
80005e84:	e555                	.insn	2, 0xe555
80005e86:	3748                	.insn	2, 0x3748
80005e88:	77b2                	.insn	2, 0x77b2
80005e8a:	eef76607          	.insn	4, 0xeef76607
80005e8e:	5324                	.insn	2, 0x5324
80005e90:	17e0                	.insn	2, 0x17e0
80005e92:	2dd6                	.insn	2, 0x2dd6
80005e94:	7a02d7ff 722b3950 	.insn	20, 0x028131ca5557c00724e05376722b39507a02d7ff
80005e9c:	24e05376 5557c007 
80005ea4:	028131ca 
80005ea8:	94ba                	.insn	2, 0x94ba
80005eaa:	41f6                	.insn	2, 0x41f6
80005eac:	2422                	.insn	2, 0x2422
80005eae:	229c0663          	beq	s8,s1,800060da <input_data+0x5be>
80005eb2:	477c                	.insn	2, 0x477c
80005eb4:	0b0fe933          	.insn	4, 0x0b0fe933
80005eb8:	6f793433          	.insn	4, 0x6f793433
80005ebc:	2cec                	.insn	2, 0x2cec
80005ebe:	0c38                	.insn	2, 0x0c38
80005ec0:	7909                	.insn	2, 0x7909
80005ec2:	6d55                	.insn	2, 0x6d55
80005ec4:	cfc9                	.insn	2, 0xcfc9
80005ec6:	9167388b          	.insn	4, 0x9167388b
80005eca:	af6d3867          	.insn	4, 0xaf6d3867
80005ece:	4b3e                	.insn	2, 0x4b3e
80005ed0:	1545                	.insn	2, 0x1545
80005ed2:	07d5                	.insn	2, 0x07d5
80005ed4:	8f85                	.insn	2, 0x8f85
80005ed6:	4eca                	.insn	2, 0x4eca
80005ed8:	b0b9                	.insn	2, 0xb0b9
80005eda:	56f8                	.insn	2, 0x56f8
80005edc:	d0d4                	.insn	2, 0xd0d4
80005ede:	30f6                	.insn	2, 0x30f6
80005ee0:	6a74                	.insn	2, 0x6a74
80005ee2:	32ce                	.insn	2, 0x32ce
80005ee4:	e3c1                	.insn	2, 0xe3c1
80005ee6:	23fe                	.insn	2, 0x23fe
80005ee8:	ffb9                	.insn	2, 0xffb9
80005eea:	013a                	.insn	2, 0x013a
80005eec:	6796bc67          	.insn	4, 0x6796bc67
80005ef0:	bdad                	.insn	2, 0xbdad
80005ef2:	0236                	.insn	2, 0x0236
80005ef4:	27d6                	.insn	2, 0x27d6
80005ef6:	7c7d                	.insn	2, 0x7c7d
80005ef8:	68b2                	.insn	2, 0x68b2
80005efa:	24b915db          	.insn	4, 0x24b915db
80005efe:	e0d668fb          	.insn	4, 0xe0d668fb
80005f02:	f557254f          	.insn	4, 0xf557254f
80005f06:	cd5f2c2b          	.insn	4, 0xcd5f2c2b
80005f0a:	30b8                	.insn	2, 0x30b8
80005f0c:	6d68                	.insn	2, 0x6d68
80005f0e:	39c6                	.insn	2, 0x39c6
80005f10:	44b079ab          	.insn	4, 0x44b079ab
80005f14:	2be4                	.insn	2, 0x2be4
80005f16:	41ae                	.insn	2, 0x41ae
80005f18:	3abd                	.insn	2, 0x3abd
80005f1a:	678e17cf          	.insn	4, 0x678e17cf
80005f1e:	7bac                	.insn	2, 0x7bac
80005f20:	76de                	.insn	2, 0x76de
80005f22:	7582                	.insn	2, 0x7582
80005f24:	2c8f5cab          	.insn	4, 0x2c8f5cab
80005f28:	452947fb          	.insn	4, 0x452947fb
80005f2c:	2ace                	.insn	2, 0x2ace
80005f2e:	679d                	.insn	2, 0x679d
80005f30:	7558                	.insn	2, 0x7558
80005f32:	7df8                	.insn	2, 0x7df8
80005f34:	3381                	.insn	2, 0x3381
80005f36:	7111                	.insn	2, 0x7111
80005f38:	328d                	.insn	2, 0x328d
80005f3a:	34f371bb          	.insn	4, 0x34f371bb
80005f3e:	44e0                	.insn	2, 0x44e0
80005f40:	f79f 0704 1798      	.insn	6, 0x17980704f79f
80005f46:	7948                	.insn	2, 0x7948
80005f48:	6961                	.insn	2, 0x6961
80005f4a:	4e72                	.insn	2, 0x4e72
80005f4c:	9a45                	.insn	2, 0x9a45
80005f4e:	59d9                	.insn	2, 0x59d9
80005f50:	79ea714f          	.insn	4, 0x79ea714f
80005f54:	ddde                	.insn	2, 0xddde
80005f56:	2d9e                	.insn	2, 0x2d9e
80005f58:	592a                	.insn	2, 0x592a
80005f5a:	3d7d                	.insn	2, 0x3d7d
80005f5c:	b06d                	.insn	2, 0xb06d
80005f5e:	48c5                	.insn	2, 0x48c5
80005f60:	136948cb          	.insn	4, 0x136948cb
80005f64:	06f2                	.insn	2, 0x06f2
80005f66:	723d                	.insn	2, 0x723d
80005f68:	6bd8                	.insn	2, 0x6bd8
80005f6a:	00fa                	.insn	2, 0x00fa
80005f6c:	3e02                	.insn	2, 0x3e02
80005f6e:	02d4                	.insn	2, 0x02d4
80005f70:	10ed                	.insn	2, 0x10ed
80005f72:	5241                	.insn	2, 0x5241
80005f74:	a2c4                	.insn	2, 0xa2c4
80005f76:	48c8                	.insn	2, 0x48c8
80005f78:	4d28                	.insn	2, 0x4d28
80005f7a:	2afa                	.insn	2, 0x2afa
80005f7c:	5552d8af          	.insn	4, 0x5552d8af
80005f80:	5cf8                	.insn	2, 0x5cf8
80005f82:	5d8c                	.insn	2, 0x5d8c
80005f84:	93c9                	.insn	2, 0x93c9
80005f86:	3634                	.insn	2, 0x3634
80005f88:	0c30a657          	.insn	4, 0x0c30a657
80005f8c:	37a6bc03          	.insn	4, 0x37a6bc03
80005f90:	5d52b08f          	.insn	4, 0x5d52b08f
80005f94:	145d8bd7          	.insn	4, 0x145d8bd7
80005f98:	a2f2                	.insn	2, 0xa2f2
80005f9a:	02d623ef          	jal	t2,800687c6 <_tbss_end+0x5ec42>
80005f9e:	0051                	.insn	2, 0x0051
80005fa0:	2dde                	.insn	2, 0x2dde
80005fa2:	32a2                	.insn	2, 0x32a2
80005fa4:	0ac3bca3          	.insn	4, 0x0ac3bca3
80005fa8:	b0c8                	.insn	2, 0xb0c8
80005faa:	583d                	.insn	2, 0x583d
80005fac:	1fbccd53          	.insn	4, 0x1fbccd53
80005fb0:	74bac3d7          	.insn	4, 0x74bac3d7
80005fb4:	d5d4                	.insn	2, 0xd5d4
80005fb6:	0654                	.insn	2, 0x0654
80005fb8:	0d01                	.insn	2, 0x0d01
80005fba:	3d1a                	.insn	2, 0x3d1a
80005fbc:	7da5                	.insn	2, 0x7da5
80005fbe:	37c5                	.insn	2, 0x37c5
80005fc0:	686ebe97          	auipc	t4,0x686eb
80005fc4:	8ac2                	.insn	2, 0x8ac2
80005fc6:	6599                	.insn	2, 0x6599
80005fc8:	d049                	.insn	2, 0xd049
80005fca:	d5415d7b          	.insn	4, 0xd5415d7b
80005fce:	bbe76f5b          	.insn	4, 0xbbe76f5b
80005fd2:	21f8                	.insn	2, 0x21f8
80005fd4:	79d1                	.insn	2, 0x79d1
80005fd6:	4c253e53          	.insn	4, 0x4c253e53
80005fda:	1060                	.insn	2, 0x1060
80005fdc:	5cce                	.insn	2, 0x5cce
80005fde:	25de3513          	sltiu	a0,t3,605
80005fe2:	1e45                	.insn	2, 0x1e45
80005fe4:	ef64                	.insn	2, 0xef64
80005fe6:	ab662f4b          	.insn	4, 0xab662f4b
80005fea:	1b78                	.insn	2, 0x1b78
80005fec:	20ae                	.insn	2, 0x20ae
80005fee:	464e                	.insn	2, 0x464e
80005ff0:	172d75a3          	.insn	4, 0x172d75a3
80005ff4:	9e80                	.insn	2, 0x9e80
80005ff6:	4261                	.insn	2, 0x4261
80005ff8:	00d3e7bb          	.insn	4, 0x00d3e7bb
80005ffc:	6c2a                	.insn	2, 0x6c2a
80005ffe:	a05071d3          	.insn	4, 0xa05071d3
80006002:	4085                	.insn	2, 0x4085
80006004:	08ff 576b 465f 4c61 	.insn	10, 0xcd3e4c61465f576b08ff
8000600c:	cd3e 
8000600e:	247e                	.insn	2, 0x247e
80006010:	2ff2                	.insn	2, 0x2ff2
80006012:	1640                	.insn	2, 0x1640
80006014:	f16e                	.insn	2, 0xf16e
80006016:	21e4                	.insn	2, 0x21e4
80006018:	5278adf3          	csrrs	s11,0x527,a7
8000601c:	4afd                	.insn	2, 0x4afd
8000601e:	aaad3fff d0832c73 	.insn	16, 0x58a24cd94768253fd0832c73aaad3fff
80006026:	4768253f 58a24cd9 
8000602e:	09fd72f3          	csrrci	t0,0x9f,26
80006032:	08d4                	.insn	2, 0x08d4
80006034:	e83e                	.insn	2, 0xe83e
80006036:	1b94                	.insn	2, 0x1b94
80006038:	6ce3fc13          	andi	s8,t2,1742
8000603c:	af35                	.insn	2, 0xaf35
8000603e:	5dac                	.insn	2, 0x5dac
80006040:	2416                	.insn	2, 0x2416
80006042:	545d                	.insn	2, 0x545d
80006044:	2e9a                	.insn	2, 0x2e9a
80006046:	82e3583b          	.insn	4, 0x82e3583b
8000604a:	4f5e                	.insn	2, 0x4f5e
8000604c:	202fd7d7          	.insn	4, 0x202fd7d7
80006050:	096e                	.insn	2, 0x096e
80006052:	e9f00f97          	auipc	t6,0xe9f00
80006056:	64bd                	.insn	2, 0x64bd
80006058:	10e4ceaf          	.insn	4, 0x10e4ceaf
8000605c:	d0aa                	.insn	2, 0xd0aa
8000605e:	4735                	.insn	2, 0x4735
80006060:	7850                	.insn	2, 0x7850
80006062:	78e96a2b          	.insn	4, 0x78e96a2b
80006066:	26ba                	.insn	2, 0x26ba
80006068:	5579cfa7          	.insn	4, 0x5579cfa7
8000606c:	d65f 43b2 a8b1      	.insn	6, 0xa8b143b2d65f
80006072:	601e3793          	sltiu	a5,t3,1537
80006076:	45c8                	.insn	2, 0x45c8
80006078:	99ec                	.insn	2, 0x99ec
8000607a:	3e85                	.insn	2, 0x3e85
8000607c:	fc5d                	.insn	2, 0xfc5d
8000607e:	d200294b          	.insn	4, 0xd200294b
80006082:	574d6097          	auipc	ra,0x574d6
80006086:	7966                	.insn	2, 0x7966
80006088:	233d                	.insn	2, 0x233d
8000608a:	101e                	.insn	2, 0x101e
8000608c:	24d5dd8b          	.insn	4, 0x24d5dd8b
80006090:	ed35                	.insn	2, 0xed35
80006092:	504d                	.insn	2, 0x504d
80006094:	b03a                	.insn	2, 0xb03a
80006096:	6998                	.insn	2, 0x6998
80006098:	01d8e9c7          	.insn	4, 0x01d8e9c7
8000609c:	4fba                	.insn	2, 0x4fba
8000609e:	2711                	.insn	2, 0x2711
800060a0:	54ee                	.insn	2, 0x54ee
800060a2:	1121015b          	.insn	4, 0x1121015b
800060a6:	6511                	.insn	2, 0x6511
800060a8:	f61d                	.insn	2, 0xf61d
800060aa:	33b6                	.insn	2, 0x33b6
800060ac:	a3b2                	.insn	2, 0xa3b2
800060ae:	05ac5dff 1cd30d95 	.insn	20, 0x60412ef69bd85a21ca467afd1cd30d9505ac5dff
800060b6:	ca467afd 9bd85a21 
800060be:	60412ef6 
800060c2:	68d4                	.insn	2, 0x68d4
800060c4:	4274                	.insn	2, 0x4274
800060c6:	5c99                	.insn	2, 0x5c99
800060c8:	7b86eff3          	csrrsi	t6,0x7b8,13
800060cc:	e378                	.insn	2, 0xe378
800060ce:	25b4                	.insn	2, 0x25b4
800060d0:	34127047          	.insn	4, 0x34127047
800060d4:	8ed0                	.insn	2, 0x8ed0
800060d6:	7cfe                	.insn	2, 0x7cfe
800060d8:	7008f7cb          	.insn	4, 0x7008f7cb
800060dc:	70b5                	.insn	2, 0x70b5
800060de:	53ba                	.insn	2, 0x53ba
800060e0:	6db9d8c7          	.insn	4, 0x6db9d8c7
800060e4:	f955                	.insn	2, 0xf955
800060e6:	5ff5                	.insn	2, 0x5ff5
800060e8:	dbe0                	.insn	2, 0xdbe0
800060ea:	db0a0b17          	auipc	s6,0xdb0a0
800060ee:	0bb4                	.insn	2, 0x0bb4
800060f0:	a8fc                	.insn	2, 0xa8fc
800060f2:	46b207bf d7423089 	.insn	8, 0xd742308946b207bf
800060fa:	507c54af          	.insn	4, 0x507c54af
800060fe:	0d86                	.insn	2, 0x0d86
80006100:	7b2e                	.insn	2, 0x7b2e
80006102:	5595                	.insn	2, 0x5595
80006104:	3b0a                	.insn	2, 0x3b0a
80006106:	0d31                	.insn	2, 0x0d31
80006108:	e4b2                	.insn	2, 0xe4b2
8000610a:	139c                	.insn	2, 0x139c
8000610c:	735e                	.insn	2, 0x735e
8000610e:	30ee                	.insn	2, 0x30ee
80006110:	0f8b5fbf 538275d3 	.insn	8, 0x538275d30f8b5fbf
80006118:	366e                	.insn	2, 0x366e
8000611a:	0c92                	.insn	2, 0x0c92
8000611c:	0ac0                	.insn	2, 0x0ac0
8000611e:	364469c7          	.insn	4, 0x364469c7
80006122:	34de                	.insn	2, 0x34de
80006124:	f150                	.insn	2, 0xf150
80006126:	6bb5                	.insn	2, 0x6bb5
80006128:	1e48192b          	.insn	4, 0x1e48192b
8000612c:	0f76                	.insn	2, 0x0f76
8000612e:	36cb2dbb          	.insn	4, 0x36cb2dbb
80006132:	bfaa0197          	auipc	gp,0xbfaa0
80006136:	d42012ff 3fc03647 	.insn	12, 0x8d3a06fd3fc03647d42012ff
8000613e:	8d3a06fd 
80006142:	3fa67bab          	.insn	4, 0x3fa67bab
80006146:	11f6                	.insn	2, 0x11f6
80006148:	1bb4383f 7a6c039a 	.insn	8, 0x7a6c039a1bb4383f
80006150:	08d9                	.insn	2, 0x08d9
80006152:	a3054f97          	auipc	t6,0xa3054
80006156:	2bf5                	.insn	2, 0x2bf5
80006158:	2e56b07f 44630ba3 	.insn	16, 0x610f407d761b01e644630ba32e56b07f
80006160:	761b01e6 610f407d 
80006168:	c554                	.insn	2, 0xc554
8000616a:	b4a35ba3          	.insn	4, 0xb4a35ba3
8000616e:	b76642d7          	.insn	4, 0xb76642d7
80006172:	52fa                	.insn	2, 0x52fa
80006174:	6b51cb4f          	.insn	4, 0x6b51cb4f
80006178:	2540                	.insn	2, 0x2540
8000617a:	d9bb2667          	.insn	4, 0xd9bb2667
8000617e:	86fc4be3          	blt	s8,a5,800059f4 <verify_data+0x1ed8>
80006182:	71a0                	.insn	2, 0x71a0
80006184:	2a85                	.insn	2, 0x2a85
80006186:	648301af          	.insn	4, 0x648301af
8000618a:	5776                	.insn	2, 0x5776
8000618c:	5f2d                	.insn	2, 0x5f2d
8000618e:	80f21633          	.insn	4, 0x80f21633
80006192:	49ca04ab          	.insn	4, 0x49ca04ab
80006196:	0816                	.insn	2, 0x0816
80006198:	c5ee                	.insn	2, 0xc5ee
8000619a:	3f4a                	.insn	2, 0x3f4a
8000619c:	5fc4                	.insn	2, 0x5fc4
8000619e:	fa540f83          	lb	t6,-91(s0)
800061a2:	469a                	.insn	2, 0x469a
800061a4:	dde6                	.insn	2, 0xdde6
800061a6:	1122                	.insn	2, 0x1122
800061a8:	7ed5                	.insn	2, 0x7ed5
800061aa:	44d5                	.insn	2, 0x44d5
800061ac:	86e0                	.insn	2, 0x86e0
800061ae:	6126                	.insn	2, 0x6126
800061b0:	7c45df3b          	.insn	4, 0x7c45df3b
800061b4:	b6d4                	.insn	2, 0xb6d4
800061b6:	2faa                	.insn	2, 0x2faa
800061b8:	52670823          	sb	t1,1328(a4)
800061bc:	c122                	.insn	2, 0xc122
800061be:	79f0                	.insn	2, 0x79f0
800061c0:	37a5a727          	.insn	4, 0x37a5a727
800061c4:	d981                	.insn	2, 0xd981
800061c6:	2e88050f          	.insn	4, 0x2e88050f
800061ca:	3539                	.insn	2, 0x3539
800061cc:	0db2                	.insn	2, 0x0db2
800061ce:	10a5                	.insn	2, 0x10a5
800061d0:	ed86                	.insn	2, 0xed86
800061d2:	26d8                	.insn	2, 0x26d8
800061d4:	3b24                	.insn	2, 0x3b24
800061d6:	0e38                	.insn	2, 0x0e38
800061d8:	b3cd                	.insn	2, 0xb3cd
800061da:	3834                	.insn	2, 0x3834
800061dc:	da28                	.insn	2, 0xda28
800061de:	6ca2                	.insn	2, 0x6ca2
800061e0:	d051                	.insn	2, 0xd051
800061e2:	98346e3f 734737ff 	.insn	8, 0x734737ff98346e3f
800061ea:	1a06                	.insn	2, 0x1a06
800061ec:	f31d                	.insn	2, 0xf31d
800061ee:	20bc                	.insn	2, 0x20bc
800061f0:	56d6                	.insn	2, 0x56d6
800061f2:	3d54                	.insn	2, 0x3d54
800061f4:	810a                	.insn	2, 0x810a
800061f6:	2285                	.insn	2, 0x2285
800061f8:	1b69                	.insn	2, 0x1b69
800061fa:	7ea5                	.insn	2, 0x7ea5
800061fc:	b34e                	.insn	2, 0xb34e
800061fe:	347a                	.insn	2, 0x347a
80006200:	4290                	.insn	2, 0x4290
80006202:	56155683          	lhu	a3,1377(a0)
80006206:	5081                	.insn	2, 0x5081
80006208:	ae74                	.insn	2, 0xae74
8000620a:	bb695c27          	.insn	4, 0xbb695c27
8000620e:	3324                	.insn	2, 0x3324
80006210:	cc31                	.insn	2, 0xcc31
80006212:	7eed                	.insn	2, 0x7eed
80006214:	8db4                	.insn	2, 0x8db4
80006216:	1c4b4667          	.insn	4, 0x1c4b4667
8000621a:	2b5e                	.insn	2, 0x2b5e
8000621c:	1c78                	.insn	2, 0x1c78
8000621e:	6089                	.insn	2, 0x6089
80006220:	39c2eec3          	.insn	4, 0x39c2eec3
80006224:	48473db3          	.insn	4, 0x48473db3
80006228:	6762                	.insn	2, 0x6762
8000622a:	5120                	.insn	2, 0x5120
8000622c:	15f77ee7          	.insn	4, 0x15f77ee7
80006230:	13e702e3          	beq	a4,t5,80006b54 <input_data+0x1038>
80006234:	8266                	.insn	2, 0x8266
80006236:	027c                	.insn	2, 0x027c
80006238:	e6d4                	.insn	2, 0xe6d4
8000623a:	52dd                	.insn	2, 0x52dd
8000623c:	5d347033          	.insn	4, 0x5d347033
80006240:	3a0a8c2b          	.insn	4, 0x3a0a8c2b
80006244:	4043fd5b          	.insn	4, 0x4043fd5b
80006248:	36bd5793          	.insn	4, 0x36bd5793
8000624c:	a131                	.insn	2, 0xa131
8000624e:	3ab263ab          	.insn	4, 0x3ab263ab
80006252:	413d                	.insn	2, 0x413d
80006254:	058545bf 7eb78eb9 	.insn	8, 0x7eb78eb9058545bf
8000625c:	7ef8                	.insn	2, 0x7ef8
8000625e:	42ad609b          	.insn	4, 0x42ad609b
80006262:	3698                	.insn	2, 0x3698
80006264:	0a6dc44f          	.insn	4, 0x0a6dc44f
80006268:	befe                	.insn	2, 0xbefe
8000626a:	01a1                	.insn	2, 0x01a1
8000626c:	306d                	.insn	2, 0x306d
8000626e:	19f1                	.insn	2, 0x19f1
80006270:	4c2e                	.insn	2, 0x4c2e
80006272:	14f73deb          	.insn	4, 0x14f73deb
80006276:	63436d53          	.insn	4, 0x63436d53
8000627a:	1239                	.insn	2, 0x1239
8000627c:	a26a                	.insn	2, 0xa26a
8000627e:	13b2                	.insn	2, 0x13b2
80006280:	5d0d                	.insn	2, 0x5d0d
80006282:	2b89                	.insn	2, 0x2b89
80006284:	a80d                	.insn	2, 0xa80d
80006286:	004b616b          	.insn	4, 0x004b616b
8000628a:	ec893213          	sltiu	tp,s2,-312
8000628e:	2dc4                	.insn	2, 0x2dc4
80006290:	3ee4                	.insn	2, 0x3ee4
80006292:	fd240687          	.insn	4, 0xfd240687
80006296:	78dd                	.insn	2, 0x78dd
80006298:	0f89                	.insn	2, 0x0f89
8000629a:	15ee                	.insn	2, 0x15ee
8000629c:	f891                	.insn	2, 0xf891
8000629e:	03337637          	lui	a2,0x3337
800062a2:	718f4d13          	xori	s10,t5,1816
800062a6:	2a12                	.insn	2, 0x2a12
800062a8:	8514                	.insn	2, 0x8514
800062aa:	f67d0d83          	lb	s11,-153(s10)
800062ae:	3fa4                	.insn	2, 0x3fa4
800062b0:	67a4                	.insn	2, 0x67a4
800062b2:	7c24                	.insn	2, 0x7c24
800062b4:	38b93c73          	csrrc	s8,0x38b,s2
800062b8:	0f8982b7          	lui	t0,0xf898
800062bc:	c726                	.insn	2, 0xc726
800062be:	fc69423b          	.insn	4, 0xfc69423b
800062c2:	d28770bf ea255235 	.insn	8, 0xea255235d28770bf
800062ca:	0a7d                	.insn	2, 0x0a7d
800062cc:	278e                	.insn	2, 0x278e
800062ce:	2374                	.insn	2, 0x2374
800062d0:	0ec2                	.insn	2, 0x0ec2
800062d2:	8b6a6f83          	.insn	4, 0x8b6a6f83
800062d6:	64ba                	.insn	2, 0x64ba
800062d8:	a049                	.insn	2, 0xa049
800062da:	4cf2                	.insn	2, 0x4cf2
800062dc:	06c9                	.insn	2, 0x06c9
800062de:	0e9a                	.insn	2, 0x0e9a
800062e0:	4d4c799b          	.insn	4, 0x4d4c799b
800062e4:	02a0                	.insn	2, 0x02a0
800062e6:	73bb6bf3          	csrrsi	s7,mhpmevent27h,22
800062ea:	6fb1                	.insn	2, 0x6fb1
800062ec:	1086                	.insn	2, 0x1086
800062ee:	7439                	.insn	2, 0x7439
800062f0:	9e52                	.insn	2, 0x9e52
800062f2:	71b6                	.insn	2, 0x71b6
800062f4:	23494e2b          	.insn	4, 0x23494e2b
800062f8:	b850                	.insn	2, 0xb850
800062fa:	4e3a                	.insn	2, 0x4e3a
800062fc:	1641                	.insn	2, 0x1641
800062fe:	1e62                	.insn	2, 0x1e62
80006300:	e796                	.insn	2, 0xe796
80006302:	33d8                	.insn	2, 0x33d8
80006304:	c4c2                	.insn	2, 0xc4c2
80006306:	0439                	.insn	2, 0x0439
80006308:	c9c9                	.insn	2, 0xc9c9
8000630a:	1e00                	.insn	2, 0x1e00
8000630c:	a0ff 6485 586b 5f8b 	.insn	14, 0xc7ab486aadb05f8b586b6485a0ff
80006314:	adb0 486a c7ab 
8000631a:	95c44373          	.insn	4, 0x95c44373
8000631e:	2dc9                	.insn	2, 0x2dc9
80006320:	c94a                	.insn	2, 0xc94a
80006322:	234c                	.insn	2, 0x234c
80006324:	d44c                	.insn	2, 0xd44c
80006326:	66f8                	.insn	2, 0x66f8
80006328:	3893fc2f          	.insn	4, 0x3893fc2f
8000632c:	68f47697          	auipc	a3,0x68f47
80006330:	9565                	.insn	2, 0x9565
80006332:	1d14                	.insn	2, 0x1d14
80006334:	9910                	.insn	2, 0x9910
80006336:	804f603f 6a306076 	.insn	8, 0x6a306076804f603f
8000633e:	9a0723e7          	.insn	4, 0x9a0723e7
80006342:	78e2                	.insn	2, 0x78e2
80006344:	ba5a                	.insn	2, 0xba5a
80006346:	0af2                	.insn	2, 0x0af2
80006348:	cf00                	.insn	2, 0xcf00
8000634a:	5d0e                	.insn	2, 0x5d0e
8000634c:	3ac8d43b          	.insn	4, 0x3ac8d43b
80006350:	8a1a                	.insn	2, 0x8a1a
80006352:	5aec                	.insn	2, 0x5aec
80006354:	3a49aebb          	.insn	4, 0x3a49aebb
80006358:	1980                	.insn	2, 0x1980
8000635a:	19c9                	.insn	2, 0x19c9
8000635c:	5b13e84b          	.insn	4, 0x5b13e84b
80006360:	06f5b7c3          	.insn	4, 0x06f5b7c3
80006364:	0afe                	.insn	2, 0x0afe
80006366:	3ae0                	.insn	2, 0x3ae0
80006368:	4ec4                	.insn	2, 0x4ec4
8000636a:	612c                	.insn	2, 0x612c
8000636c:	415f 055e 9628      	.insn	6, 0x9628055e415f
80006372:	06ce                	.insn	2, 0x06ce
80006374:	0db8                	.insn	2, 0x0db8
80006376:	206c                	.insn	2, 0x206c
80006378:	e815                	.insn	2, 0xe815
8000637a:	280932f7          	.insn	4, 0x280932f7
8000637e:	5552306b          	.insn	4, 0x5552306b
80006382:	0a87054b          	.insn	4, 0x0a87054b
80006386:	4124                	.insn	2, 0x4124
80006388:	acb4                	.insn	2, 0xacb4
8000638a:	1220                	.insn	2, 0x1220
8000638c:	d140                	.insn	2, 0xd140
8000638e:	59b4                	.insn	2, 0x59b4
80006390:	1a2c                	.insn	2, 0x1a2c
80006392:	3555                	.insn	2, 0x3555
80006394:	6e3d0eeb          	.insn	4, 0x6e3d0eeb
80006398:	beb6                	.insn	2, 0xbeb6
8000639a:	5fd0                	.insn	2, 0x5fd0
8000639c:	7fc4                	.insn	2, 0x7fc4
8000639e:	3d8e                	.insn	2, 0x3d8e
800063a0:	1c2f74ab          	.insn	4, 0x1c2f74ab
800063a4:	babe                	.insn	2, 0xbabe
800063a6:	5ef8                	.insn	2, 0x5ef8
800063a8:	3d4262f7          	.insn	4, 0x3d4262f7
800063ac:	1229                	.insn	2, 0x1229
800063ae:	d6074007          	.insn	4, 0xd6074007
800063b2:	e65262c3          	.insn	4, 0xe65262c3
800063b6:	5add                	.insn	2, 0x5add
800063b8:	1621                	.insn	2, 0x1621
800063ba:	1712                	.insn	2, 0x1712
800063bc:	06622783          	lw	a5,102(tp) # bc989a8a <_tbss_end+0x3c97ff06>
800063c0:	e928                	.insn	2, 0xe928
800063c2:	3dde                	.insn	2, 0x3dde
800063c4:	5026                	.insn	2, 0x5026
800063c6:	a0ea2f97          	auipc	t6,0xa0ea2
800063ca:	a4ac589b          	.insn	4, 0xa4ac589b
800063ce:	6ff6                	.insn	2, 0x6ff6
800063d0:	cf1d                	.insn	2, 0xcf1d
800063d2:	2c445ce7          	.insn	4, 0x2c445ce7
800063d6:	792d                	.insn	2, 0x792d
800063d8:	fd61                	.insn	2, 0xfd61
800063da:	163e                	.insn	2, 0x163e
800063dc:	0434                	.insn	2, 0x0434
800063de:	7f24                	.insn	2, 0x7f24
800063e0:	61c6                	.insn	2, 0x61c6
800063e2:	0f3a17d7          	.insn	4, 0x0f3a17d7
800063e6:	4382                	.insn	2, 0x4382
800063e8:	ff5d                	.insn	2, 0xff5d
800063ea:	7524                	.insn	2, 0x7524
800063ec:	5c7c7ae7          	.insn	4, 0x5c7c7ae7
800063f0:	be92                	.insn	2, 0xbe92
800063f2:	0035                	.insn	2, 0x0035
800063f4:	37c94eb3          	.insn	4, 0x37c94eb3
800063f8:	d215                	.insn	2, 0xd215
800063fa:	7b68                	.insn	2, 0x7b68
800063fc:	9af5                	.insn	2, 0x9af5
800063fe:	1dd8                	.insn	2, 0x1dd8
80006400:	7b61                	.insn	2, 0x7b61
80006402:	1fc6                	.insn	2, 0x1fc6
80006404:	91b1                	.insn	2, 0x91b1
80006406:	3fb4                	.insn	2, 0x3fb4
80006408:	7cce                	.insn	2, 0x7cce
8000640a:	3b8a                	.insn	2, 0x3b8a
8000640c:	5969bfbf 2e70078a 	.insn	8, 0x2e70078a5969bfbf
80006414:	ea69                	.insn	2, 0xea69
80006416:	c0af03f7          	.insn	4, 0xc0af03f7
8000641a:	42df 2c45 2cab      	.insn	6, 0x2cab2c4542df
80006420:	daf9                	.insn	2, 0xdaf9
80006422:	1df0                	.insn	2, 0x1df0
80006424:	201f73bb          	.insn	4, 0x201f73bb
80006428:	c1b1                	.insn	2, 0xc1b1
8000642a:	66270f7b          	.insn	4, 0x66270f7b
8000642e:	2ce6                	.insn	2, 0x2ce6
80006430:	3571                	.insn	2, 0x3571
80006432:	053d                	.insn	2, 0x053d
80006434:	0c4c                	.insn	2, 0x0c4c
80006436:	0cb12027          	.insn	4, 0x0cb12027
8000643a:	f75463db          	.insn	4, 0xf75463db
8000643e:	497d                	.insn	2, 0x497d
80006440:	4ff0                	.insn	2, 0x4ff0
80006442:	190a                	.insn	2, 0x190a
80006444:	6941                	.insn	2, 0x6941
80006446:	6474                	.insn	2, 0x6474
80006448:	14a8aca7          	.insn	4, 0x14a8aca7
8000644c:	5ffa6057          	.insn	4, 0x5ffa6057
80006450:	0230                	.insn	2, 0x0230
80006452:	5f38                	.insn	2, 0x5f38
80006454:	405d5a9b          	.insn	4, 0x405d5a9b
80006458:	20f1                	.insn	2, 0x20f1
8000645a:	384a                	.insn	2, 0x384a
8000645c:	a53a                	.insn	2, 0xa53a
8000645e:	fe496987          	.insn	4, 0xfe496987
80006462:	bb2a2d97          	auipc	s11,0xbb2a2
80006466:	26c969e7          	.insn	4, 0x26c969e7
8000646a:	7f1633ab          	.insn	4, 0x7f1633ab
8000646e:	15ce                	.insn	2, 0x15ce
80006470:	e474                	.insn	2, 0xe474
80006472:	1221                	.insn	2, 0x1221
80006474:	2630                	.insn	2, 0x2630
80006476:	148e                	.insn	2, 0x148e
80006478:	67d5                	.insn	2, 0x67d5
8000647a:	511f dc38 567a      	.insn	6, 0x567adc38511f
80006480:	90ea                	.insn	2, 0x90ea
80006482:	2515                	.insn	2, 0x2515
80006484:	042c2c93          	slti	s9,s8,66
80006488:	3fdd                	.insn	2, 0x3fdd
8000648a:	f8f2643f 25ea19f1 	.insn	8, 0x25ea19f1f8f2643f
80006492:	2901                	.insn	2, 0x2901
80006494:	63be                	.insn	2, 0x63be
80006496:	1266                	.insn	2, 0x1266
80006498:	eb98                	.insn	2, 0xeb98
8000649a:	5185                	.insn	2, 0x5185
8000649c:	6d54fafb          	.insn	4, 0x6d54fafb
800064a0:	73da                	.insn	2, 0x73da
800064a2:	0f36                	.insn	2, 0x0f36
800064a4:	4814                	.insn	2, 0x4814
800064a6:	0b8e                	.insn	2, 0x0b8e
800064a8:	929f 6d4a 9983      	.insn	6, 0x99836d4a929f
800064ae:	3291                	.insn	2, 0x3291
800064b0:	8185                	.insn	2, 0x8185
800064b2:	8d110913          	addi	s2,sp,-1839 # 4f72f8d1 <buflen.1+0x4f72f891>
800064b6:	be830dc7          	.insn	4, 0xbe830dc7
800064ba:	6892                	.insn	2, 0x6892
800064bc:	6d90fbd7          	.insn	4, 0x6d90fbd7
800064c0:	31bc1683          	lh	a3,795(s8) # 5380731b <buflen.1+0x538072db>
800064c4:	1500                	.insn	2, 0x1500
800064c6:	0db4                	.insn	2, 0x0db4
800064c8:	f0f9                	.insn	2, 0xf0f9
800064ca:	98ae7a53          	.insn	4, 0x98ae7a53
800064ce:	142d                	.insn	2, 0x142d
800064d0:	49b6                	.insn	2, 0x49b6
800064d2:	049e                	.insn	2, 0x049e
800064d4:	00c56a53          	.insn	4, 0x00c56a53
800064d8:	2b34                	.insn	2, 0x2b34
800064da:	800e0223          	sb	zero,-2044(t3) # 204868a <buflen.1+0x204864a>
800064de:	35f0621b          	.insn	4, 0x35f0621b
800064e2:	597a                	.insn	2, 0x597a
800064e4:	34a2                	.insn	2, 0x34a2
800064e6:	1a26                	.insn	2, 0x1a26
800064e8:	592c584b          	.insn	4, 0x592c584b
800064ec:	19de                	.insn	2, 0x19de
800064ee:	16b218fb          	.insn	4, 0x16b218fb
800064f2:	56c5                	.insn	2, 0x56c5
800064f4:	c342                	.insn	2, 0xc342
800064f6:	acda499b          	.insn	4, 0xacda499b
800064fa:	4cb8                	.insn	2, 0x4cb8
800064fc:	0309                	.insn	2, 0x0309
800064fe:	1c05                	.insn	2, 0x1c05
80006500:	71422f0f          	.insn	4, 0x71422f0f
80006504:	6781                	.insn	2, 0x6781
80006506:	2da44367          	.insn	4, 0x2da44367
8000650a:	69aa                	.insn	2, 0x69aa
8000650c:	16be534b          	.insn	4, 0x16be534b
80006510:	5faffcaf          	.insn	4, 0x5faffcaf
80006514:	f87d                	.insn	2, 0xf87d
80006516:	1eb0                	.insn	2, 0x1eb0
80006518:	af76                	.insn	2, 0xaf76
8000651a:	359a3b43          	.insn	4, 0x359a3b43
8000651e:	58f0598f          	.insn	4, 0x58f0598f
80006522:	418e                	.insn	2, 0x418e
80006524:	7a9e                	.insn	2, 0x7a9e
80006526:	60ff c207 4477 5d34 	.insn	22, 0x36ee181a065a84b7386a4a275a8a5d344477c20760ff
8000652e:	5a8a 4a27 386a 84b7 
80006536:	065a 181a 36ee 
8000653c:	8142                	.insn	2, 0x8142
8000653e:	0ad2                	.insn	2, 0x0ad2
80006540:	6704                	.insn	2, 0x6704
80006542:	5de6                	.insn	2, 0x5de6
80006544:	667e9cb3          	.insn	4, 0x667e9cb3
80006548:	5d161ea7          	.insn	4, 0x5d161ea7
8000654c:	a925                	.insn	2, 0xa925
8000654e:	ce147273          	csrrci	tp,0xce1,8
80006552:	5a02                	.insn	2, 0x5a02
80006554:	65ff 41b8 952d 4616 	.insn	22, 0x192a3f1e1b750b15d3602fd8b3664616952d41b865ff
8000655c:	b366 2fd8 d360 0b15 
80006564:	1b75 3f1e 192a 
8000656a:	6655                	.insn	2, 0x6655
8000656c:	2134                	.insn	2, 0x2134
8000656e:	01e2                	.insn	2, 0x01e2
80006570:	a632                	.insn	2, 0xa632
80006572:	1b96                	.insn	2, 0x1b96
80006574:	6eff 4f9c b6a6 02cd 	.insn	22, 0xafe90d4388d1536d50f60aa9d09902cdb6a64f9c6eff
8000657c:	d099 0aa9 50f6 536d 
80006584:	88d1 0d43 afe9 
8000658a:	07a1                	.insn	2, 0x07a1
8000658c:	ef3e                	.insn	2, 0xef3e
8000658e:	953f65cf          	.insn	4, 0x953f65cf
80006592:	803b370f          	.insn	4, 0x803b370f
80006596:	7612                	.insn	2, 0x7612
80006598:	ce4c                	.insn	2, 0xce4c
8000659a:	5445                	.insn	2, 0x5445
8000659c:	52680fd7          	.insn	4, 0x52680fd7
800065a0:	45e2                	.insn	2, 0x45e2
800065a2:	0c68                	.insn	2, 0x0c68
800065a4:	482e                	.insn	2, 0x482e
800065a6:	ae2c70cb          	.insn	4, 0xae2c70cb
800065aa:	ec2c7cab          	.insn	4, 0xec2c7cab
800065ae:	6ae1                	.insn	2, 0x6ae1
800065b0:	e13c                	.insn	2, 0xe13c
800065b2:	547e                	.insn	2, 0x547e
800065b4:	a950                	.insn	2, 0xa950
800065b6:	1ebe                	.insn	2, 0x1ebe
800065b8:	7bc697fb          	.insn	4, 0x7bc697fb
800065bc:	fdc5                	.insn	2, 0xfdc5
800065be:	4d993b37          	lui	s6,0x4d993
800065c2:	83b2432f          	.insn	4, 0x83b2432f
800065c6:	0e9f 9873 0803      	.insn	6, 0x080398730e9f
800065cc:	b732                	.insn	2, 0xb732
800065ce:	47e6                	.insn	2, 0x47e6
800065d0:	b9ad                	.insn	2, 0xb9ad
800065d2:	501d                	.insn	2, 0x501d
800065d4:	3234                	.insn	2, 0x3234
800065d6:	43e6                	.insn	2, 0x43e6
800065d8:	a9e2                	.insn	2, 0xa9e2
800065da:	26d5                	.insn	2, 0x26d5
800065dc:	c7f5                	.insn	2, 0xc7f5
800065de:	0151                	.insn	2, 0x0151
800065e0:	c33a                	.insn	2, 0xc33a
800065e2:	5b90                	.insn	2, 0x5b90
800065e4:	8976                	.insn	2, 0x8976
800065e6:	7fc0                	.insn	2, 0x7fc0
800065e8:	e0a8                	.insn	2, 0xe0a8
800065ea:	3471                	.insn	2, 0x3471
800065ec:	73e9750b          	.insn	4, 0x73e9750b
800065f0:	25d6                	.insn	2, 0x25d6
800065f2:	071c                	.insn	2, 0x071c
800065f4:	8c7a                	.insn	2, 0x8c7a
800065f6:	3198                	.insn	2, 0x3198
800065f8:	acbd                	.insn	2, 0xacbd
800065fa:	5d64                	.insn	2, 0x5d64
800065fc:	b01d                	.insn	2, 0xb01d
800065fe:	3438                	.insn	2, 0x3438
80006600:	53c2                	.insn	2, 0x53c2
80006602:	2728                	.insn	2, 0x2728
80006604:	90d4                	.insn	2, 0x90d4
80006606:	626c0d83          	lb	s11,1574(s8)
8000660a:	37e8                	.insn	2, 0x37e8
8000660c:	3740                	.insn	2, 0x3740
8000660e:	47a5                	.insn	2, 0x47a5
80006610:	73877afb          	.insn	4, 0x73877afb
80006614:	2c8c                	.insn	2, 0x2c8c
80006616:	780d                	.insn	2, 0x780d
80006618:	5c1f 4bf6 a764      	.insn	6, 0xa7644bf65c1f
8000661e:	41b5                	.insn	2, 0x41b5
80006620:	9850                	.insn	2, 0x9850
80006622:	588e                	.insn	2, 0x588e
80006624:	e798                	.insn	2, 0xe798
80006626:	346c                	.insn	2, 0x346c
80006628:	660f2753          	.insn	4, 0x660f2753
8000662c:	0b60                	.insn	2, 0x0b60
8000662e:	26c6                	.insn	2, 0x26c6
80006630:	5aa8                	.insn	2, 0x5aa8
80006632:	3fb1                	.insn	2, 0x3fb1
80006634:	4af1                	.insn	2, 0x4af1
80006636:	4eab19eb          	.insn	4, 0x4eab19eb
8000663a:	119716cb          	.insn	4, 0x119716cb
8000663e:	36d2                	.insn	2, 0x36d2
80006640:	b865                	.insn	2, 0xb865
80006642:	7889                	.insn	2, 0x7889
80006644:	4eaa874f          	.insn	4, 0x4eaa874f
80006648:	731f 7f8d b247      	.insn	6, 0xb2477f8d731f
8000664e:	2e04                	.insn	2, 0x2e04
80006650:	38e6                	.insn	2, 0x38e6
80006652:	3da0                	.insn	2, 0x3da0
80006654:	8d86                	.insn	2, 0x8d86
80006656:	42d0                	.insn	2, 0x42d0
80006658:	8655                	.insn	2, 0x8655
8000665a:	b06e1447          	.insn	4, 0xb06e1447
8000665e:	142657af          	.insn	4, 0x142657af
80006662:	6958                	.insn	2, 0x6958
80006664:	127d                	.insn	2, 0x127d
80006666:	02d4                	.insn	2, 0x02d4
80006668:	1808                	.insn	2, 0x1808
8000666a:	4e50                	.insn	2, 0x4e50
8000666c:	ff59                	.insn	2, 0xff59
8000666e:	17c9                	.insn	2, 0x17c9
80006670:	6a81                	.insn	2, 0x6a81
80006672:	5732                	.insn	2, 0x5732
80006674:	280b98c7          	.insn	4, 0x280b98c7
80006678:	c8a5                	.insn	2, 0xc8a5
8000667a:	01e1                	.insn	2, 0x01e1
8000667c:	b6ca                	.insn	2, 0xb6ca
8000667e:	0dba                	.insn	2, 0x0dba
80006680:	f698                	.insn	2, 0xf698
80006682:	0e4d                	.insn	2, 0x0e4d
80006684:	39df 2335 12f4      	.insn	6, 0x12f4233539df
8000668a:	662e                	.insn	2, 0x662e
8000668c:	dfc5                	.insn	2, 0xdfc5
8000668e:	31a6                	.insn	2, 0x31a6
80006690:	bb4a                	.insn	2, 0xbb4a
80006692:	17bc                	.insn	2, 0x17bc
80006694:	8905                	.insn	2, 0x8905
80006696:	1f1f bef4 000d      	.insn	6, 0x000dbef41f1f
8000669c:	3e5303f7          	.insn	4, 0x3e5303f7
800066a0:	4fe1                	.insn	2, 0x4fe1
800066a2:	5c1f 89af 0d87      	.insn	6, 0x0d8789af5c1f
800066a8:	6fc0                	.insn	2, 0x6fc0
800066aa:	0c6c                	.insn	2, 0x0c6c
800066ac:	09c4                	.insn	2, 0x09c4
800066ae:	598e                	.insn	2, 0x598e
800066b0:	8c4e                	.insn	2, 0x8c4e
800066b2:	600d                	.insn	2, 0x600d
800066b4:	53ad                	.insn	2, 0x53ad
800066b6:	7345                	.insn	2, 0x7345
800066b8:	5eb1deab          	.insn	4, 0x5eb1deab
800066bc:	62a986eb          	.insn	4, 0x62a986eb
800066c0:	778c                	.insn	2, 0x778c
800066c2:	684e                	.insn	2, 0x684e
800066c4:	9ede                	.insn	2, 0x9ede
800066c6:	52a0                	.insn	2, 0x52a0
800066c8:	7574                	.insn	2, 0x7574
800066ca:	37c2                	.insn	2, 0x37c2
800066cc:	53d9                	.insn	2, 0x53d9
800066ce:	0a5c                	.insn	2, 0x0a5c
800066d0:	7a22                	.insn	2, 0x7a22
800066d2:	29dd                	.insn	2, 0x29dd
800066d4:	108a                	.insn	2, 0x108a
800066d6:	14c0                	.insn	2, 0x14c0
800066d8:	04da198b          	.insn	4, 0x04da198b
800066dc:	342ec987          	.insn	4, 0x342ec987
800066e0:	f6c6                	.insn	2, 0xf6c6
800066e2:	0458                	.insn	2, 0x0458
800066e4:	c459                	.insn	2, 0xc459
800066e6:	7939                	.insn	2, 0x7939
800066e8:	1a90                	.insn	2, 0x1a90
800066ea:	4d9f b410 03dc      	.insn	6, 0x03dcb4104d9f
800066f0:	8b1a                	.insn	2, 0x8b1a
800066f2:	77d6                	.insn	2, 0x77d6
800066f4:	2af9                	.insn	2, 0x2af9
800066f6:	6279                	.insn	2, 0x6279
800066f8:	55e0                	.insn	2, 0x55e0
800066fa:	0378                	.insn	2, 0x0378
800066fc:	a3d2                	.insn	2, 0xa3d2
800066fe:	5a9a6f8f          	.insn	4, 0x5a9a6f8f
80006702:	f8480b5b          	.insn	4, 0xf8480b5b
80006706:	0e95                	.insn	2, 0x0e95
80006708:	c145                	.insn	2, 0xc145
8000670a:	3890                	.insn	2, 0x3890
8000670c:	e741                	.insn	2, 0xe741
8000670e:	1314                	.insn	2, 0x1314
80006710:	e58d                	.insn	2, 0xe58d
80006712:	2b7a                	.insn	2, 0x2b7a
80006714:	7b38                	.insn	2, 0x7b38
80006716:	07f9                	.insn	2, 0x07f9
80006718:	aecc                	.insn	2, 0xaecc
8000671a:	17442c23          	sw	s4,376(s0)
8000671e:	12dd                	.insn	2, 0x12dd
80006720:	0e38                	.insn	2, 0x0e38
80006722:	4705                	.insn	2, 0x4705
80006724:	6b6b5947          	.insn	4, 0x6b6b5947
80006728:	3bb4                	.insn	2, 0x3bb4
8000672a:	2ed0                	.insn	2, 0x2ed0
8000672c:	6c47c04b          	.insn	4, 0x6c47c04b
80006730:	0e12                	.insn	2, 0x0e12
80006732:	7a54                	.insn	2, 0x7a54
80006734:	3774479b          	.insn	4, 0x3774479b
80006738:	7c82                	.insn	2, 0x7c82
8000673a:	51f651e7          	.insn	4, 0x51f651e7
8000673e:	121c                	.insn	2, 0x121c
80006740:	3d32                	.insn	2, 0x3d32
80006742:	32d5                	.insn	2, 0x32d5
80006744:	fbb4                	.insn	2, 0xfbb4
80006746:	1b14                	.insn	2, 0x1b14
80006748:	1831                	.insn	2, 0x1831
8000674a:	7f10                	.insn	2, 0x7f10
8000674c:	1f5a                	.insn	2, 0x1f5a
8000674e:	68ba                	.insn	2, 0x68ba
80006750:	adc6                	.insn	2, 0xadc6
80006752:	2dd11ff3          	csrrw	t6,0x2dd,sp
80006756:	6939                	.insn	2, 0x6939
80006758:	2488                	.insn	2, 0x2488
8000675a:	d9f32b53          	.insn	4, 0xd9f32b53
8000675e:	bdbc481b          	.insn	4, 0xbdbc481b
80006762:	6ab9                	.insn	2, 0x6ab9
80006764:	26e2                	.insn	2, 0x26e2
80006766:	2eb2                	.insn	2, 0x2eb2
80006768:	7cd13583          	.insn	4, 0x7cd13583
8000676c:	9124                	.insn	2, 0x9124
8000676e:	e0844ee7          	.insn	4, 0xe0844ee7
80006772:	326e                	.insn	2, 0x326e
80006774:	f425                	.insn	2, 0xf425
80006776:	3f81                	.insn	2, 0x3f81
80006778:	221bb1f3          	csrrc	gp,0x221,s7
8000677c:	680ae06b          	.insn	4, 0x680ae06b
80006780:	02ec                	.insn	2, 0x02ec
80006782:	3c49                	.insn	2, 0x3c49
80006784:	fa5f 7577 9f22      	.insn	6, 0x9f227577fa5f
8000678a:	2c9d                	.insn	2, 0x2c9d
8000678c:	14739627          	.insn	4, 0x14739627
80006790:	0b2a                	.insn	2, 0x0b2a
80006792:	2b1d                	.insn	2, 0x2b1d
80006794:	42b9                	.insn	2, 0x42b9
80006796:	3731                	.insn	2, 0x3731
80006798:	35ae                	.insn	2, 0x35ae
8000679a:	35c0                	.insn	2, 0x35c0
8000679c:	bcfc                	.insn	2, 0xbcfc
8000679e:	16f966ef          	jal	a3,8009d10c <_tbss_end+0x93588>
800067a2:	1ff0                	.insn	2, 0x1ff0
800067a4:	7b35                	.insn	2, 0x7b35
800067a6:	171a                	.insn	2, 0x171a
800067a8:	1baab177          	.insn	4, 0x1baab177
800067ac:	91ea                	.insn	2, 0x91ea
800067ae:	45c4                	.insn	2, 0x45c4
800067b0:	39da                	.insn	2, 0x39da
800067b2:	44cb4583          	lbu	a1,1100(s6) # 4d99344c <buflen.1+0x4d99340c>
800067b6:	eeb26bb7          	lui	s7,0xeeb26
800067ba:	73c1                	.insn	2, 0x73c1
800067bc:	3aba90eb          	.insn	4, 0x3aba90eb
800067c0:	518d9d7b          	.insn	4, 0x518d9d7b
800067c4:	0924                	.insn	2, 0x0924
800067c6:	64d2                	.insn	2, 0x64d2
800067c8:	861e                	.insn	2, 0x861e
800067ca:	62415d83          	lhu	s11,1572(sp)
800067ce:	6fd5                	.insn	2, 0x6fd5
800067d0:	0635                	.insn	2, 0x0635
800067d2:	4a75                	.insn	2, 0x4a75
800067d4:	31f2                	.insn	2, 0x31f2
800067d6:	65f1                	.insn	2, 0x65f1
800067d8:	69213a4f          	.insn	4, 0x69213a4f
800067dc:	1266                	.insn	2, 0x1266
800067de:	6751                	.insn	2, 0x6751
800067e0:	ddb0                	.insn	2, 0xddb0
800067e2:	5612                	.insn	2, 0x5612
800067e4:	3bea                	.insn	2, 0x3bea
800067e6:	6122                	.insn	2, 0x6122
800067e8:	a826                	.insn	2, 0xa826
800067ea:	7d7c                	.insn	2, 0x7d7c
800067ec:	0d6a9e8b          	.insn	4, 0x0d6a9e8b
800067f0:	05a2                	.insn	2, 0x05a2
800067f2:	3594                	.insn	2, 0x3594
800067f4:	bf5f 3378 4c62      	.insn	6, 0x4c623378bf5f
800067fa:	55f0                	.insn	2, 0x55f0
800067fc:	7fc9                	.insn	2, 0x7fc9
800067fe:	2090                	.insn	2, 0x2090
80006800:	d4b4                	.insn	2, 0xd4b4
80006802:	287c75e3          	bgeu	s8,t2,8000728c <input_data+0x1770>
80006806:	104f7e27          	.insn	4, 0x104f7e27
8000680a:	48d2                	.insn	2, 0x48d2
8000680c:	7eec                	.insn	2, 0x7eec
8000680e:	1178                	.insn	2, 0x1178
80006810:	bf85                	.insn	2, 0xbf85
80006812:	5f76                	.insn	2, 0x5f76
80006814:	791e                	.insn	2, 0x791e
80006816:	5d78                	.insn	2, 0x5d78
80006818:	af9c                	.insn	2, 0xaf9c
8000681a:	54ec                	.insn	2, 0x54ec
8000681c:	bad6                	.insn	2, 0xbad6
8000681e:	4ae2                	.insn	2, 0x4ae2
80006820:	4fc8                	.insn	2, 0x4fc8
80006822:	0e4c11cf          	.insn	4, 0x0e4c11cf
80006826:	65ce                	.insn	2, 0x65ce
80006828:	3170694b          	.insn	4, 0x3170694b
8000682c:	6b95                	.insn	2, 0x6b95
8000682e:	3526                	.insn	2, 0x3526
80006830:	76e02b87          	.insn	4, 0x76e02b87
80006834:	0354                	.insn	2, 0x0354
80006836:	43ba                	.insn	2, 0x43ba
80006838:	8dc1                	.insn	2, 0x8dc1
8000683a:	1630                	.insn	2, 0x1630
8000683c:	8bfd                	.insn	2, 0x8bfd
8000683e:	0e8b5aa3          	.insn	4, 0x0e8b5aa3
80006842:	3a98                	.insn	2, 0x3a98
80006844:	46fe6c83          	.insn	4, 0x46fe6c83
80006848:	9bfd                	.insn	2, 0x9bfd
8000684a:	288a                	.insn	2, 0x288a
8000684c:	3401                	.insn	2, 0x3401
8000684e:	307d                	.insn	2, 0x307d
80006850:	b7d5                	.insn	2, 0xb7d5
80006852:	1790                	.insn	2, 0x1790
80006854:	4380                	.insn	2, 0x4380
80006856:	bfe56243          	.insn	4, 0xbfe56243
8000685a:	3d2c                	.insn	2, 0x3d2c
8000685c:	0d94                	.insn	2, 0x0d94
8000685e:	ed447d33          	.insn	4, 0xed447d33
80006862:	7f461927          	.insn	4, 0x7f461927
80006866:	1e58                	.insn	2, 0x1e58
80006868:	a3bc                	.insn	2, 0xa3bc
8000686a:	333c                	.insn	2, 0x333c
8000686c:	ee36                	.insn	2, 0xee36
8000686e:	796c                	.insn	2, 0x796c
80006870:	d758                	.insn	2, 0xd758
80006872:	3559                	.insn	2, 0x3559
80006874:	71bc                	.insn	2, 0x71bc
80006876:	a6b01d77          	.insn	4, 0xa6b01d77
8000687a:	673c                	.insn	2, 0x673c
8000687c:	3f1e                	.insn	2, 0x3f1e
8000687e:	1532                	.insn	2, 0x1532
80006880:	1715                	.insn	2, 0x1715
80006882:	7fa6                	.insn	2, 0x7fa6
80006884:	24f2                	.insn	2, 0x24f2
80006886:	40ce                	.insn	2, 0x40ce
80006888:	aa91                	.insn	2, 0xaa91
8000688a:	229c                	.insn	2, 0x229c
8000688c:	0d777e03          	.insn	4, 0x0d777e03
80006890:	1801                	.insn	2, 0x1801
80006892:	5e3d                	.insn	2, 0x5e3d
80006894:	11fa                	.insn	2, 0x11fa
80006896:	5a51                	.insn	2, 0x5a51
80006898:	5944ca9b          	.insn	4, 0x5944ca9b
8000689c:	c086                	.insn	2, 0xc086
8000689e:	6606                	.insn	2, 0x6606
800068a0:	4048                	.insn	2, 0x4048
800068a2:	69c9                	.insn	2, 0x69c9
800068a4:	2b61                	.insn	2, 0x2b61
800068a6:	6d7411fb          	.insn	4, 0x6d7411fb
800068aa:	c43f43bb          	.insn	4, 0xc43f43bb
800068ae:	26ec                	.insn	2, 0x26ec
800068b0:	c100                	.insn	2, 0xc100
800068b2:	067f d548 65e9 4431 	.insn	10, 0x4fed443165e9d548067f
800068ba:	4fed 
800068bc:	b562                	.insn	2, 0xb562
800068be:	5162                	.insn	2, 0x5162
800068c0:	e886                	.insn	2, 0xe886
800068c2:	44de                	.insn	2, 0x44de
800068c4:	0524                	.insn	2, 0x0524
800068c6:	47c2                	.insn	2, 0x47c2
800068c8:	e892                	.insn	2, 0xe892
800068ca:	0b34                	.insn	2, 0x0b34
800068cc:	760e                	.insn	2, 0x760e
800068ce:	0f45                	.insn	2, 0x0f45
800068d0:	25bbf907          	.insn	4, 0x25bbf907
800068d4:	0125630f          	.insn	4, 0x0125630f
800068d8:	ec4e                	.insn	2, 0xec4e
800068da:	6f28                	.insn	2, 0x6f28
800068dc:	d032                	.insn	2, 0xd032
800068de:	442d                	.insn	2, 0x442d
800068e0:	0e20a51b          	.insn	4, 0x0e20a51b
800068e4:	e6c8                	.insn	2, 0xe6c8
800068e6:	6851                	.insn	2, 0x6851
800068e8:	4b8a                	.insn	2, 0x4b8a
800068ea:	3312                	.insn	2, 0x3312
800068ec:	9c1c                	.insn	2, 0x9c1c
800068ee:	04c9                	.insn	2, 0x04c9
800068f0:	6418748b          	.insn	4, 0x6418748b
800068f4:	0a4e                	.insn	2, 0x0a4e
800068f6:	4af4                	.insn	2, 0x4af4
800068f8:	52da5463          	bge	s4,a3,80006e20 <input_data+0x1304>
800068fc:	859f 5ecc 7333      	.insn	6, 0x73335ecc859f
80006902:	3010                	.insn	2, 0x3010
80006904:	4c14                	.insn	2, 0x4c14
80006906:	35aa4f5b          	.insn	4, 0x35aa4f5b
8000690a:	78de                	.insn	2, 0x78de
8000690c:	b9e0                	.insn	2, 0xb9e0
8000690e:	ac02624f          	.insn	4, 0xac02624f
80006912:	5ae172ef          	jal	t0,8001dec0 <_tbss_end+0x1433c>
80006916:	3d42                	.insn	2, 0x3d42
80006918:	4b8786af          	.insn	4, 0x4b8786af
8000691c:	076267bf 05b51220 	.insn	8, 0x05b51220076267bf
80006924:	e546                	.insn	2, 0xe546
80006926:	3a367ad7          	.insn	4, 0x3a367ad7
8000692a:	24ec                	.insn	2, 0x24ec
8000692c:	9cdc                	.insn	2, 0x9cdc
8000692e:	6481                	.insn	2, 0x6481
80006930:	9a26                	.insn	2, 0x9a26
80006932:	a6bd6c4f          	.insn	4, 0xa6bd6c4f
80006936:	7e4a                	.insn	2, 0x7e4a
80006938:	5f2d8e87          	.insn	4, 0x5f2d8e87
8000693c:	a94d                	.insn	2, 0xa94d
8000693e:	6b4c                	.insn	2, 0x6b4c
80006940:	6591                	.insn	2, 0x6591
80006942:	ec5c0caf          	.insn	4, 0xec5c0caf
80006946:	276a                	.insn	2, 0x276a
80006948:	aca1                	.insn	2, 0xaca1
8000694a:	42f4                	.insn	2, 0x42f4
8000694c:	08b3d3db          	.insn	4, 0x08b3d3db
80006950:	0231                	.insn	2, 0x0231
80006952:	6b3238db          	.insn	4, 0x6b3238db
80006956:	699d                	.insn	2, 0x699d
80006958:	c88e                	.insn	2, 0xc88e
8000695a:	3764                	.insn	2, 0x3764
8000695c:	c8f2                	.insn	2, 0xc8f2
8000695e:	7fb1                	.insn	2, 0x7fb1
80006960:	1541dfdb          	.insn	4, 0x1541dfdb
80006964:	e246                	.insn	2, 0xe246
80006966:	5ffe                	.insn	2, 0x5ffe
80006968:	b4d1                	.insn	2, 0xb4d1
8000696a:	7745                	.insn	2, 0x7745
8000696c:	15fcce2f          	.insn	4, 0x15fcce2f
80006970:	3e1f 03b5 a229      	.insn	6, 0xa22903b53e1f
80006976:	69d5                	.insn	2, 0x69d5
80006978:	fafd                	.insn	2, 0xfafd
8000697a:	3b26                	.insn	2, 0x3b26
8000697c:	6481                	.insn	2, 0x6481
8000697e:	f4324fa3          	.insn	4, 0xf4324fa3
80006982:	2982                	.insn	2, 0x2982
80006984:	b436                	.insn	2, 0xb436
80006986:	13e5                	.insn	2, 0x13e5
80006988:	ab60                	.insn	2, 0xab60
8000698a:	22ea                	.insn	2, 0x22ea
8000698c:	a2f9                	.insn	2, 0xa2f9
8000698e:	69d8                	.insn	2, 0x69d8
80006990:	94ee                	.insn	2, 0x94ee
80006992:	3041                	.insn	2, 0x3041
80006994:	058dfb67          	.insn	4, 0x058dfb67
80006998:	35dc                	.insn	2, 0x35dc
8000699a:	2ba8                	.insn	2, 0x2ba8
8000699c:	3434                	.insn	2, 0x3434
8000699e:	90f058ef          	jal	a7,7ff0c2ac <buflen.1+0x7ff0c26c>
800069a2:	48d27313          	andi	t1,tp,1165
800069a6:	0a60                	.insn	2, 0x0a60
800069a8:	bdd6                	.insn	2, 0xbdd6
800069aa:	144a                	.insn	2, 0x144a
800069ac:	8062                	.insn	2, 0x8062
800069ae:	1e46                	.insn	2, 0x1e46
800069b0:	18e0                	.insn	2, 0x18e0
800069b2:	159f fdc5 5fcb      	.insn	6, 0x5fcbfdc5159f
800069b8:	7b46                	.insn	2, 0x7b46
800069ba:	2df238d3          	.insn	4, 0x2df238d3
800069be:	5f5c                	.insn	2, 0x5f5c
800069c0:	a1ce                	.insn	2, 0xa1ce
800069c2:	18d2                	.insn	2, 0x18d2
800069c4:	757d                	.insn	2, 0x757d
800069c6:	2212                	.insn	2, 0x2212
800069c8:	50dfdaef          	jal	s5,801046d4 <_tbss_end+0xfab50>
800069cc:	c2dc                	.insn	2, 0xc2dc
800069ce:	0fec                	.insn	2, 0x0fec
800069d0:	0db6                	.insn	2, 0x0db6
800069d2:	77ea                	.insn	2, 0x77ea
800069d4:	5db6107f 231c2fa9 	.insn	12, 0x78b0d08a231c2fa95db6107f
800069dc:	78b0d08a 
800069e0:	9a25                	.insn	2, 0x9a25
800069e2:	6426                	.insn	2, 0x6426
800069e4:	5b94                	.insn	2, 0x5b94
800069e6:	3688                	.insn	2, 0x3688
800069e8:	e6da                	.insn	2, 0xe6da
800069ea:	17c6                	.insn	2, 0x17c6
800069ec:	b464                	.insn	2, 0xb464
800069ee:	2f70                	.insn	2, 0x2f70
800069f0:	d6f6                	.insn	2, 0xd6f6
800069f2:	6c644f6b          	.insn	4, 0x6c644f6b
800069f6:	2909                	.insn	2, 0x2909
800069f8:	25755203          	lhu	tp,599(a0)
800069fc:	227f96f7          	.insn	4, 0x227f96f7
80006a00:	0736                	.insn	2, 0x0736
80006a02:	7796                	.insn	2, 0x7796
80006a04:	2dac                	.insn	2, 0x2dac
80006a06:	4592                	.insn	2, 0x4592
80006a08:	140a3777          	.insn	4, 0x140a3777
80006a0c:	f3c1                	.insn	2, 0xf3c1
80006a0e:	61ce                	.insn	2, 0x61ce
80006a10:	6e26                	.insn	2, 0x6e26
80006a12:	6a02                	.insn	2, 0x6a02
80006a14:	f51e                	.insn	2, 0xf51e
80006a16:	6064                	.insn	2, 0x6064
80006a18:	7c26                	.insn	2, 0x7c26
80006a1a:	0b5f 939b 7556      	.insn	6, 0x7556939b0b5f
80006a20:	2a5f 7e88 5cd7      	.insn	6, 0x5cd77e882a5f
80006a26:	589601db          	.insn	4, 0x589601db
80006a2a:	83c450a7          	.insn	4, 0x83c450a7
80006a2e:	0021                	.insn	2, 0x0021
80006a30:	5328610f          	.insn	4, 0x5328610f
80006a34:	fa75                	.insn	2, 0xfa75
80006a36:	741d                	.insn	2, 0x741d
80006a38:	aaf4                	.insn	2, 0xaaf4
80006a3a:	041e                	.insn	2, 0x041e
80006a3c:	3385                	.insn	2, 0x3385
80006a3e:	9b627f8f          	.insn	4, 0x9b627f8f
80006a42:	0026                	.insn	2, 0x0026
80006a44:	2ddd                	.insn	2, 0x2ddd
80006a46:	67c2                	.insn	2, 0x67c2
80006a48:	183e                	.insn	2, 0x183e
80006a4a:	5f71                	.insn	2, 0x5f71
80006a4c:	8286                	.insn	2, 0x8286
80006a4e:	47e0                	.insn	2, 0x47e0
80006a50:	57fc                	.insn	2, 0x57fc
80006a52:	3326                	.insn	2, 0x3326
80006a54:	e188                	.insn	2, 0xe188
80006a56:	cea26ff3          	csrrsi	t6,0xcea,4
80006a5a:	7548                	.insn	2, 0x7548
80006a5c:	29ad                	.insn	2, 0x29ad
80006a5e:	f2a17c9b          	.insn	4, 0xf2a17c9b
80006a62:	6578                	.insn	2, 0x6578
80006a64:	b685                	.insn	2, 0xb685
80006a66:	2514                	.insn	2, 0x2514
80006a68:	dae5                	.insn	2, 0xdae5
80006a6a:	470e                	.insn	2, 0x470e
80006a6c:	88ae                	.insn	2, 0x88ae
80006a6e:	414a                	.insn	2, 0x414a
80006a70:	7e1723f7          	.insn	4, 0x7e1723f7
80006a74:	4797b60f          	.insn	4, 0x4797b60f
80006a78:	22f9                	.insn	2, 0x22f9
80006a7a:	43fe                	.insn	2, 0x43fe
80006a7c:	8234                	.insn	2, 0x8234
80006a7e:	7b647c4b          	.insn	4, 0x7b647c4b
80006a82:	42cb4cf3          	.insn	4, 0x42cb4cf3
80006a86:	33f8                	.insn	2, 0x33f8
80006a88:	37b1                	.insn	2, 0x37b1
80006a8a:	337a                	.insn	2, 0x337a
80006a8c:	4a41b0ab          	.insn	4, 0x4a41b0ab
80006a90:	5511                	.insn	2, 0x5511
80006a92:	a39e5787          	.insn	4, 0xa39e5787
80006a96:	259c                	.insn	2, 0x259c
80006a98:	4f90                	.insn	2, 0x4f90
80006a9a:	453c                	.insn	2, 0x453c
80006a9c:	202edda7          	.insn	4, 0x202edda7
80006aa0:	ee10                	.insn	2, 0xee10
80006aa2:	73d1                	.insn	2, 0x73d1
80006aa4:	2228                	.insn	2, 0x2228
80006aa6:	6ce0                	.insn	2, 0x6ce0
80006aa8:	dcbd                	.insn	2, 0xdcbd
80006aaa:	45f50f7b          	.insn	4, 0x45f50f7b
80006aae:	108a                	.insn	2, 0x108a
80006ab0:	5899                	.insn	2, 0x5899
80006ab2:	7f99                	.insn	2, 0x7f99
80006ab4:	56e2                	.insn	2, 0x56e2
80006ab6:	3a06                	.insn	2, 0x3a06
80006ab8:	42dd5013          	srai	zero,s10,0x2d
80006abc:	5bc3d43b          	.insn	4, 0x5bc3d43b
80006ac0:	3271                	.insn	2, 0x3271
80006ac2:	dcd04fb7          	lui	t6,0xdcd04
80006ac6:	0b18                	.insn	2, 0x0b18
80006ac8:	bb55                	.insn	2, 0xbb55
80006aca:	1cc8                	.insn	2, 0x1cc8
80006acc:	1c4d                	.insn	2, 0x1c4d
80006ace:	56f8                	.insn	2, 0x56f8
80006ad0:	1f64                	.insn	2, 0x1f64
80006ad2:	46e372b7          	lui	t0,0x46e37
80006ad6:	174a                	.insn	2, 0x174a
80006ad8:	247f 43f3 8110 1edc 	.insn	14, 0xd0ed692b29f11edc811043f3247f
80006ae0:	29f1 692b d0ed 
80006ae6:	2b0c                	.insn	2, 0x2b0c
80006ae8:	53807c37          	lui	s8,0x53807
80006aec:	8f02                	.insn	2, 0x8f02
80006aee:	4c0565b7          	lui	a1,0x4c056
80006af2:	1cfa                	.insn	2, 0x1cfa
80006af4:	e641                	.insn	2, 0xe641
80006af6:	5238                	.insn	2, 0x5238
80006af8:	0c514963          	blt	sp,t0,80006bca <input_data+0x10ae>
80006afc:	0030356f          	jal	a0,8000a2fe <_tbss_end+0x77a>
80006b00:	81de                	.insn	2, 0x81de
80006b02:	37e721af          	.insn	4, 0x37e721af
80006b06:	3bd32907          	.insn	4, 0x3bd32907
80006b0a:	48ee                	.insn	2, 0x48ee
80006b0c:	7e7f282b          	.insn	4, 0x7e7f282b
80006b10:	e911                	.insn	2, 0xe911
80006b12:	bc781e93          	.insn	4, 0xbc781e93
80006b16:	f81f52e3          	bge	t5,ra,80006a9a <input_data+0xf7e>
80006b1a:	1034                	.insn	2, 0x1034
80006b1c:	540c                	.insn	2, 0x540c
80006b1e:	60b8                	.insn	2, 0x60b8
80006b20:	4e448da7          	.insn	4, 0x4e448da7
80006b24:	939c                	.insn	2, 0x939c
80006b26:	7ada                	.insn	2, 0x7ada
80006b28:	8e8d                	.insn	2, 0x8e8d
80006b2a:	188c                	.insn	2, 0x188c
80006b2c:	efe9                	.insn	2, 0xefe9
80006b2e:	1a16                	.insn	2, 0x1a16
80006b30:	1e9ca763          	.insn	4, 0x1e9ca763
80006b34:	671f 1235 2f27      	.insn	6, 0x2f271235671f
80006b3a:	661d                	.insn	2, 0x661d
80006b3c:	17155447          	.insn	4, 0x17155447
80006b40:	291f 7157 83a9      	.insn	6, 0x83a97157291f
80006b46:	ccf5266f          	jal	a2,7ff59814 <buflen.1+0x7ff597d4>
80006b4a:	496d                	.insn	2, 0x496d
80006b4c:	63a5                	.insn	2, 0x63a5
80006b4e:	1542                	.insn	2, 0x1542
80006b50:	a455                	.insn	2, 0xa455
80006b52:	0dd6                	.insn	2, 0x0dd6
80006b54:	8322                	.insn	2, 0x8322
80006b56:	6190                	.insn	2, 0x6190
80006b58:	8242                	.insn	2, 0x8242
80006b5a:	ed641203          	lh	tp,-298(s0)
80006b5e:	7cd8                	.insn	2, 0x7cd8
80006b60:	a2b8                	.insn	2, 0xa2b8
80006b62:	6530                	.insn	2, 0x6530
80006b64:	02a1                	.insn	2, 0x02a1
80006b66:	52e1                	.insn	2, 0x52e1
80006b68:	a814                	.insn	2, 0xa814
80006b6a:	6d49                	.insn	2, 0x6d49
80006b6c:	1554                	.insn	2, 0x1554
80006b6e:	47ba                	.insn	2, 0x47ba
80006b70:	b802                	.insn	2, 0xb802
80006b72:	0309                	.insn	2, 0x0309
80006b74:	7e0c                	.insn	2, 0x7e0c
80006b76:	4f6a                	.insn	2, 0x4f6a
80006b78:	5a46b2c3          	.insn	4, 0x5a46b2c3
80006b7c:	69d9                	.insn	2, 0x69d9
80006b7e:	3632                	.insn	2, 0x3632
80006b80:	adc9                	.insn	2, 0xadc9
80006b82:	7221                	.insn	2, 0x7221
80006b84:	0b52                	.insn	2, 0x0b52
80006b86:	05a3216b          	.insn	4, 0x05a3216b
80006b8a:	3d91                	.insn	2, 0x3d91
80006b8c:	4881f2b7          	lui	t0,0x4881f
80006b90:	06c34b8b          	.insn	4, 0x06c34b8b
80006b94:	4f41                	.insn	2, 0x4f41
80006b96:	0fd74577          	.insn	4, 0x0fd74577
80006b9a:	2fb8                	.insn	2, 0x2fb8
80006b9c:	227f 3f1a 5cc9 19c1 	.insn	14, 0x24497f10a60519c15cc93f1a227f
80006ba4:	a605 7f10 2449 
80006baa:	4609                	.insn	2, 0x4609
80006bac:	3495                	.insn	2, 0x3495
80006bae:	5f89                	.insn	2, 0x5f89
80006bb0:	b74e                	.insn	2, 0xb74e
80006bb2:	3462                	.insn	2, 0x3462
80006bb4:	1a9b193f 0f5c9eb7 	.insn	8, 0x0f5c9eb71a9b193f
80006bbc:	21dc                	.insn	2, 0x21dc
80006bbe:	2fb9                	.insn	2, 0x2fb9
80006bc0:	2390                	.insn	2, 0x2390
80006bc2:	52b9                	.insn	2, 0x52b9
80006bc4:	5dbc                	.insn	2, 0x5dbc
80006bc6:	777e                	.insn	2, 0x777e
80006bc8:	07e4                	.insn	2, 0x07e4
80006bca:	f6013b8f          	.insn	4, 0xf6013b8f
80006bce:	5520                	.insn	2, 0x5520
80006bd0:	2930                	.insn	2, 0x2930
80006bd2:	b2da0a7b          	.insn	4, 0xb2da0a7b
80006bd6:	0476                	.insn	2, 0x0476
80006bd8:	0af0                	.insn	2, 0x0af0
80006bda:	ef612593          	slti	a1,sp,-266
80006bde:	4469                	.insn	2, 0x4469
80006be0:	e19d                	.insn	2, 0xe19d
80006be2:	06b6                	.insn	2, 0x06b6
80006be4:	1d74                	.insn	2, 0x1d74
80006be6:	3d4e                	.insn	2, 0x3d4e
80006be8:	2dc1                	.insn	2, 0x2dc1
80006bea:	70c4                	.insn	2, 0x70c4
80006bec:	7398                	.insn	2, 0x7398
80006bee:	7476                	.insn	2, 0x7476
80006bf0:	12d4                	.insn	2, 0x12d4
80006bf2:	1cb4                	.insn	2, 0x1cb4
80006bf4:	1886                	.insn	2, 0x1886
80006bf6:	1a04                	.insn	2, 0x1a04
80006bf8:	5ea0                	.insn	2, 0x5ea0
80006bfa:	82a85f6f          	jal	t5,7ff8bc24 <buflen.1+0x7ff8bbe4>
80006bfe:	f449044f          	.insn	4, 0xf449044f
80006c02:	5e3d                	.insn	2, 0x5e3d
80006c04:	1b717563          	bgeu	sp,s7,80006dae <input_data+0x1292>
80006c08:	88e1                	.insn	2, 0x88e1
80006c0a:	7185                	.insn	2, 0x7185
80006c0c:	f2c1                	.insn	2, 0xf2c1
80006c0e:	2edd                	.insn	2, 0x2edd
80006c10:	1fe2                	.insn	2, 0x1fe2
80006c12:	1571                	.insn	2, 0x1571
80006c14:	c58d                	.insn	2, 0xc58d
80006c16:	82bc7257          	.insn	4, 0x82bc7257
80006c1a:	003d                	.insn	2, 0x003d
80006c1c:	5eb2                	.insn	2, 0x5eb2
80006c1e:	641f 5118 4430      	.insn	6, 0x44305118641f
80006c24:	4838                	.insn	2, 0x4838
80006c26:	c6375727          	.insn	4, 0xc6375727
80006c2a:	292d                	.insn	2, 0x292d
80006c2c:	50ec                	.insn	2, 0x50ec
80006c2e:	b4405a5b          	.insn	4, 0xb4405a5b
80006c32:	15aa                	.insn	2, 0x15aa
80006c34:	f556                	.insn	2, 0xf556
80006c36:	8743583b          	.insn	4, 0x8743583b
80006c3a:	d5303e3b          	.insn	4, 0xd5303e3b
80006c3e:	a7e9795b          	.insn	4, 0xa7e9795b
80006c42:	0d08                	.insn	2, 0x0d08
80006c44:	e05e                	.insn	2, 0xe05e
80006c46:	3181                	.insn	2, 0x3181
80006c48:	d8e5                	.insn	2, 0xd8e5
80006c4a:	3ad616c3          	.insn	4, 0x3ad616c3
80006c4e:	0675                	.insn	2, 0x0675
80006c50:	f25c                	.insn	2, 0xf25c
80006c52:	057f cc9f 0cfa b38c 	.insn	10, 0x5abcb38c0cfacc9f057f
80006c5a:	5abc 
80006c5c:	71b9                	.insn	2, 0x71b9
80006c5e:	8d403cdb          	.insn	4, 0x8d403cdb
80006c62:	53de                	.insn	2, 0x53de
80006c64:	33226d3b          	.insn	4, 0x33226d3b
80006c68:	ce81                	.insn	2, 0xce81
80006c6a:	7556                	.insn	2, 0x7556
80006c6c:	0bc1                	.insn	2, 0x0bc1
80006c6e:	5700                	.insn	2, 0x5700
80006c70:	495f 502b 6ac2      	.insn	6, 0x6ac2502b495f
80006c76:	2a4c                	.insn	2, 0x2a4c
80006c78:	5e7e                	.insn	2, 0x5e7e
80006c7a:	1f06                	.insn	2, 0x1f06
80006c7c:	8d0d                	.insn	2, 0x8d0d
80006c7e:	7a1a                	.insn	2, 0x7a1a
80006c80:	ac82                	.insn	2, 0xac82
80006c82:	696d                	.insn	2, 0x696d
80006c84:	3c6ee86b          	.insn	4, 0x3c6ee86b
80006c88:	eb55                	.insn	2, 0xeb55
80006c8a:	54be65e7          	.insn	4, 0x54be65e7
80006c8e:	3d2d                	.insn	2, 0x3d2d
80006c90:	8b7a                	.insn	2, 0x8b7a
80006c92:	5222                	.insn	2, 0x5222
80006c94:	e2f0                	.insn	2, 0xe2f0
80006c96:	5cfd                	.insn	2, 0x5cfd
80006c98:	8ed1                	.insn	2, 0x8ed1
80006c9a:	085b2057          	.insn	4, 0x085b2057
80006c9e:	5b74                	.insn	2, 0x5b74
80006ca0:	0239                	.insn	2, 0x0239
80006ca2:	1f79                	.insn	2, 0x1f79
80006ca4:	78276307          	.insn	4, 0x78276307
80006ca8:	13640e9b          	.insn	4, 0x13640e9b
80006cac:	0be4                	.insn	2, 0x0be4
80006cae:	43cd                	.insn	2, 0x43cd
80006cb0:	8c1c                	.insn	2, 0x8c1c
80006cb2:	1d7a704b          	.insn	4, 0x1d7a704b
80006cb6:	6f86                	.insn	2, 0x6f86
80006cb8:	6351                	.insn	2, 0x6351
80006cba:	2aac                	.insn	2, 0x2aac
80006cbc:	09fe3077          	.insn	4, 0x09fe3077
80006cc0:	1e4c                	.insn	2, 0x1e4c
80006cc2:	bae34d03          	lbu	s10,-1106(t1)
80006cc6:	45df 5ebc 784d      	.insn	6, 0x784d5ebc45df
80006ccc:	744d6397          	auipc	t2,0x744d6
80006cd0:	463a                	.insn	2, 0x463a
80006cd2:	634e                	.insn	2, 0x634e
80006cd4:	a105                	.insn	2, 0xa105
80006cd6:	6d5d                	.insn	2, 0x6d5d
80006cd8:	32ee431b          	.insn	4, 0x32ee431b
80006cdc:	c920                	.insn	2, 0xc920
80006cde:	1268                	.insn	2, 0x1268
80006ce0:	6e48                	.insn	2, 0x6e48
80006ce2:	1df4                	.insn	2, 0x1df4
80006ce4:	b7c8                	.insn	2, 0xb7c8
80006ce6:	7d82                	.insn	2, 0x7d82
80006ce8:	3d99                	.insn	2, 0x3d99
80006cea:	60d6                	.insn	2, 0x60d6
80006cec:	49c4                	.insn	2, 0x49c4
80006cee:	1ea6                	.insn	2, 0x1ea6
80006cf0:	8a86                	.insn	2, 0x8a86
80006cf2:	3a2d                	.insn	2, 0x3a2d
80006cf4:	0d8e43d3          	.insn	4, 0x0d8e43d3
80006cf8:	d5de                	.insn	2, 0xd5de
80006cfa:	3661                	.insn	2, 0x3661
80006cfc:	4040                	.insn	2, 0x4040
80006cfe:	2ed9                	.insn	2, 0x2ed9
80006d00:	8f99                	.insn	2, 0x8f99
80006d02:	1ae8                	.insn	2, 0x1ae8
80006d04:	90c0                	.insn	2, 0x90c0
80006d06:	84c10ca3          	sb	a2,-1959(sp)
80006d0a:	7b4e                	.insn	2, 0x7b4e
80006d0c:	8f21                	.insn	2, 0x8f21
80006d0e:	06fd                	.insn	2, 0x06fd
80006d10:	736f35b7          	lui	a1,0x736f3
80006d14:	c4ff 0c8f c41b 7643 	.insn	18, 0xd94853fba9d03862092d7643c41b0c8fc4ff
80006d1c:	092d 3862 a9d0 53fb 
80006d24:	d948 
80006d26:	6202                	.insn	2, 0x6202
80006d28:	43e409b7          	lui	s3,0x43e40
80006d2c:	2870b66f          	jal	a2,800127b2 <_tbss_end+0x8c2e>
80006d30:	4c3ceec7          	.insn	4, 0x4c3ceec7
80006d34:	4dbe                	.insn	2, 0x4dbe
80006d36:	2b26                	.insn	2, 0x2b26
80006d38:	3f66                	.insn	2, 0x3f66
80006d3a:	0ba5                	.insn	2, 0x0ba5
80006d3c:	1fe2                	.insn	2, 0x1fe2
80006d3e:	5952                	.insn	2, 0x5952
80006d40:	d0de                	.insn	2, 0xd0de
80006d42:	3b90                	.insn	2, 0x3b90
80006d44:	d69d                	.insn	2, 0xd69d
80006d46:	6a2e634b          	.insn	4, 0x6a2e634b
80006d4a:	6bb957d7          	.insn	4, 0x6bb957d7
80006d4e:	5d11                	.insn	2, 0x5d11
80006d50:	6d30                	.insn	2, 0x6d30
80006d52:	0906                	.insn	2, 0x0906
80006d54:	daa0                	.insn	2, 0xdaa0
80006d56:	52a12997          	auipc	s3,0x52a12
80006d5a:	60b9                	.insn	2, 0x60b9
80006d5c:	b44a                	.insn	2, 0xb44a
80006d5e:	2439                	.insn	2, 0x2439
80006d60:	6f58                	.insn	2, 0x6f58
80006d62:	042a                	.insn	2, 0x042a
80006d64:	3cf2                	.insn	2, 0x3cf2
80006d66:	204c44af          	.insn	4, 0x204c44af
80006d6a:	3f66                	.insn	2, 0x3f66
80006d6c:	a394                	.insn	2, 0xa394
80006d6e:	4fc1                	.insn	2, 0x4fc1
80006d70:	472e                	.insn	2, 0x472e
80006d72:	034e                	.insn	2, 0x034e
80006d74:	8cce                	.insn	2, 0x8cce
80006d76:	4c2d                	.insn	2, 0x4c2d
80006d78:	31e3fa47          	.insn	4, 0x31e3fa47
80006d7c:	7220fd73          	csrrci	s10,minstretcfgh,1
80006d80:	b8b0                	.insn	2, 0xb8b0
80006d82:	3e8d                	.insn	2, 0x3e8d
80006d84:	54b6                	.insn	2, 0x54b6
80006d86:	09a0                	.insn	2, 0x09a0
80006d88:	deea                	.insn	2, 0xdeea
80006d8a:	04ca                	.insn	2, 0x04ca
80006d8c:	625f 253c 47ff      	.insn	6, 0x47ff253c625f
80006d92:	346a                	.insn	2, 0x346a
80006d94:	3f95e34b          	.insn	4, 0x3f95e34b
80006d98:	049e                	.insn	2, 0x049e
80006d9a:	51fc                	.insn	2, 0x51fc
80006d9c:	5d0e34db          	.insn	4, 0x5d0e34db
80006da0:	2382                	.insn	2, 0x2382
80006da2:	038a                	.insn	2, 0x038a
80006da4:	399987cf          	.insn	4, 0x399987cf
80006da8:	35d0                	.insn	2, 0x35d0
80006daa:	79d5                	.insn	2, 0x79d5
80006dac:	2b82                	.insn	2, 0x2b82
80006dae:	4638                	.insn	2, 0x4638
80006db0:	4e25                	.insn	2, 0x4e25
80006db2:	4520                	.insn	2, 0x4520
80006db4:	dc36                	.insn	2, 0xdc36
80006db6:	115c                	.insn	2, 0x115c
80006db8:	0a50ba03          	.insn	4, 0x0a50ba03
80006dbc:	b9a9                	.insn	2, 0xb9a9
80006dbe:	ebc45297          	auipc	t0,0xebc45
80006dc2:	26dd                	.insn	2, 0x26dd
80006dc4:	56e2                	.insn	2, 0x56e2
80006dc6:	6b6d                	.insn	2, 0x6b6d
80006dc8:	7dfd                	.insn	2, 0x7dfd
80006dca:	5cb9                	.insn	2, 0x5cb9
80006dcc:	18b0                	.insn	2, 0x18b0
80006dce:	2530                	.insn	2, 0x2530
80006dd0:	b1a2                	.insn	2, 0xb1a2
80006dd2:	5e28                	.insn	2, 0x5e28
80006dd4:	624efe03          	.insn	4, 0x624efe03
80006dd8:	10244d23          	.insn	4, 0x10244d23
80006ddc:	14df5beb          	.insn	4, 0x14df5beb
80006de0:	46d09d13          	.insn	4, 0x46d09d13
80006de4:	3548b68b          	.insn	4, 0x3548b68b
80006de8:	0dde                	.insn	2, 0x0dde
80006dea:	1fda                	.insn	2, 0x1fda
80006dec:	9926                	.insn	2, 0x9926
80006dee:	3f00                	.insn	2, 0x3f00
80006df0:	323a                	.insn	2, 0x323a
80006df2:	48c70dbf 133b7e3c 	.insn	8, 0x133b7e3c48c70dbf
80006dfa:	2e6c                	.insn	2, 0x2e6c
80006dfc:	cfda                	.insn	2, 0xcfda
80006dfe:	a4ed0ef3          	.insn	4, 0xa4ed0ef3
80006e02:	063c                	.insn	2, 0x063c
80006e04:	d49f 4f2b b592      	.insn	6, 0xb5924f2bd49f
80006e0a:	6f6a                	.insn	2, 0x6f6a
80006e0c:	6e24d8eb          	.insn	4, 0x6e24d8eb
80006e10:	6db5                	.insn	2, 0x6db5
80006e12:	0f6b128b          	.insn	4, 0x0f6b128b
80006e16:	1e30                	.insn	2, 0x1e30
80006e18:	845e                	.insn	2, 0x845e
80006e1a:	491c6bc7          	.insn	4, 0x491c6bc7
80006e1e:	2435                	.insn	2, 0x2435
80006e20:	ecf0                	.insn	2, 0xecf0
80006e22:	5ce0                	.insn	2, 0x5ce0
80006e24:	493e456f          	jal	a0,800ebab6 <_tbss_end+0xe1f32>
80006e28:	832c                	.insn	2, 0x832c
80006e2a:	d0102aef          	jal	s5,7ff09b2a <buflen.1+0x7ff09aea>
80006e2e:	7501                	.insn	2, 0x7501
80006e30:	de19                	.insn	2, 0xde19
80006e32:	3c49                	.insn	2, 0x3c49
80006e34:	b8f5                	.insn	2, 0xb8f5
80006e36:	47d2                	.insn	2, 0x47d2
80006e38:	21bf03af          	.insn	4, 0x21bf03af
80006e3c:	3dfe                	.insn	2, 0x3dfe
80006e3e:	18fa                	.insn	2, 0x18fa
80006e40:	7d20                	.insn	2, 0x7d20
80006e42:	99062bf3          	csrrs	s7,0x990,a2
80006e46:	ceef1f03          	lh	t5,-786(t5) # 70b49cee <buflen.1+0x70b49cae>
80006e4a:	f9ef67b7          	lui	a5,0xf9ef6
80006e4e:	5ff3644b          	.insn	4, 0x5ff3644b
80006e52:	56be                	.insn	2, 0x56be
80006e54:	69c4                	.insn	2, 0x69c4
80006e56:	7e4a                	.insn	2, 0x7e4a
80006e58:	6fa2                	.insn	2, 0x6fa2
80006e5a:	52b62b7b          	.insn	4, 0x52b62b7b
80006e5e:	5d51                	.insn	2, 0x5d51
80006e60:	261f 2b0e 5867      	.insn	6, 0x58672b0e261f
80006e66:	2c15                	.insn	2, 0x2c15
80006e68:	34968f93          	addi	t6,a3,841 # e8f4d675 <_tbss_end+0x68f43af1>
80006e6c:	b46e                	.insn	2, 0xb46e
80006e6e:	3734                	.insn	2, 0x3734
80006e70:	3b99408f          	.insn	4, 0x3b99408f
80006e74:	94d2                	.insn	2, 0x94d2
80006e76:	7a3f4e8f          	.insn	4, 0x7a3f4e8f
80006e7a:	6ca90747          	.insn	4, 0x6ca90747
80006e7e:	615d                	.insn	2, 0x615d
80006e80:	3372                	.insn	2, 0x3372
80006e82:	4bae                	.insn	2, 0x4bae
80006e84:	6ad2                	.insn	2, 0x6ad2
80006e86:	f67f16a7          	.insn	4, 0xf67f16a7
80006e8a:	3e38                	.insn	2, 0x3e38
80006e8c:	27ac473b          	.insn	4, 0x27ac473b
80006e90:	3417d43b          	.insn	4, 0x3417d43b
80006e94:	74f2                	.insn	2, 0x74f2
80006e96:	2aca                	.insn	2, 0x2aca
80006e98:	c95e                	.insn	2, 0xc95e
80006e9a:	eda17f4b          	.insn	4, 0xeda17f4b
80006e9e:	2d68                	.insn	2, 0x2d68
80006ea0:	25c2                	.insn	2, 0x25c2
80006ea2:	5fa0                	.insn	2, 0x5fa0
80006ea4:	e2fd                	.insn	2, 0xe2fd
80006ea6:	540d27bb          	.insn	4, 0x540d27bb
80006eaa:	1e9c                	.insn	2, 0x1e9c
80006eac:	930e                	.insn	2, 0x930e
80006eae:	59a5                	.insn	2, 0x59a5
80006eb0:	9488                	.insn	2, 0x9488
80006eb2:	4349                	.insn	2, 0x4349
80006eb4:	6e11                	.insn	2, 0x6e11
80006eb6:	05ee                	.insn	2, 0x05ee
80006eb8:	deec                	.insn	2, 0xdeec
80006eba:	2b16                	.insn	2, 0x2b16
80006ebc:	1714                	.insn	2, 0x1714
80006ebe:	3e6d                	.insn	2, 0x3e6d
80006ec0:	7518                	.insn	2, 0x7518
80006ec2:	20d0                	.insn	2, 0x20d0
80006ec4:	345c                	.insn	2, 0x345c
80006ec6:	43c8408b          	.insn	4, 0x43c8408b
80006eca:	1144                	.insn	2, 0x1144
80006ecc:	68ec                	.insn	2, 0x68ec
80006ece:	0ce8                	.insn	2, 0x0ce8
80006ed0:	c688                	.insn	2, 0xc688
80006ed2:	4602                	.insn	2, 0x4602
80006ed4:	5676                	.insn	2, 0x5676
80006ed6:	3268                	.insn	2, 0x3268
80006ed8:	c924                	.insn	2, 0xc924
80006eda:	5ca1                	.insn	2, 0x5ca1
80006edc:	9562                	.insn	2, 0x9562
80006ede:	226a                	.insn	2, 0x226a
80006ee0:	5b1f 2f1a d05b      	.insn	6, 0xd05b2f1a5b1f
80006ee6:	2845                	.insn	2, 0x2845
80006ee8:	78f220af          	.insn	4, 0x78f220af
80006eec:	8960                	.insn	2, 0x8960
80006eee:	099f a911 0da5      	.insn	6, 0x0da5a911099f
80006ef4:	2c54a803          	lw	a6,709(s1) # bcf28eef <_tbss_end+0x3cf1f36b>
80006ef8:	9ad6                	.insn	2, 0x9ad6
80006efa:	50a2                	.insn	2, 0x50a2
80006efc:	3314                	.insn	2, 0x3314
80006efe:	7e90                	.insn	2, 0x7e90
80006f00:	a565                	.insn	2, 0xa565
80006f02:	32cd                	.insn	2, 0x32cd
80006f04:	2ba0                	.insn	2, 0x2ba0
80006f06:	4cf4                	.insn	2, 0x4cf4
80006f08:	c174                	.insn	2, 0xc174
80006f0a:	1abe                	.insn	2, 0x1abe
80006f0c:	4bc0                	.insn	2, 0x4bc0
80006f0e:	2af7746f          	jal	s0,8007e9bc <_tbss_end+0x74e38>
80006f12:	9973370b          	.insn	4, 0x9973370b
80006f16:	3152                	.insn	2, 0x3152
80006f18:	aba4                	.insn	2, 0xaba4
80006f1a:	431d                	.insn	2, 0x431d
80006f1c:	b420                	.insn	2, 0xb420
80006f1e:	0bcc                	.insn	2, 0x0bcc
80006f20:	8f9a                	.insn	2, 0x8f9a
80006f22:	10c4                	.insn	2, 0x10c4
80006f24:	45da2b4b          	.insn	4, 0x45da2b4b
80006f28:	7cb6                	.insn	2, 0x7cb6
80006f2a:	ed702d97          	auipc	s11,0xed702
80006f2e:	2381                	.insn	2, 0x2381
80006f30:	2954                	.insn	2, 0x2954
80006f32:	7ef4                	.insn	2, 0x7ef4
80006f34:	1f9c                	.insn	2, 0x1f9c
80006f36:	55a9                	.insn	2, 0x55a9
80006f38:	5646a03f 2d08d921 	.insn	8, 0x2d08d9215646a03f
80006f40:	a5cd                	.insn	2, 0xa5cd
80006f42:	7f02                	.insn	2, 0x7f02
80006f44:	fa38                	.insn	2, 0xfa38
80006f46:	6d62                	.insn	2, 0x6d62
80006f48:	754a                	.insn	2, 0x754a
80006f4a:	89185c3f 35c46e96 	.insn	8, 0x35c46e9689185c3f
80006f52:	398c                	.insn	2, 0x398c
80006f54:	d6ad                	.insn	2, 0xd6ad
80006f56:	2812                	.insn	2, 0x2812
80006f58:	3aae                	.insn	2, 0x3aae
80006f5a:	0ae2                	.insn	2, 0x0ae2
80006f5c:	8aa1                	.insn	2, 0x8aa1
80006f5e:	0ce6                	.insn	2, 0x0ce6
80006f60:	aeb6                	.insn	2, 0xaeb6
80006f62:	4ef5                	.insn	2, 0x4ef5
80006f64:	463a                	.insn	2, 0x463a
80006f66:	443a                	.insn	2, 0x443a
80006f68:	2e78                	.insn	2, 0x2e78
80006f6a:	1b16                	.insn	2, 0x1b16
80006f6c:	48bfb5ef          	jal	a1,80102bf6 <_tbss_end+0xf9072>
80006f70:	e4a2                	.insn	2, 0xe4a2
80006f72:	5aa6                	.insn	2, 0x5aa6
80006f74:	d36e                	.insn	2, 0xd36e
80006f76:	6b25                	.insn	2, 0x6b25
80006f78:	f286                	.insn	2, 0xf286
80006f7a:	5e79                	.insn	2, 0x5e79
80006f7c:	2c50                	.insn	2, 0x2c50
80006f7e:	2f82                	.insn	2, 0x2f82
80006f80:	9de8                	.insn	2, 0x9de8
80006f82:	6c91                	.insn	2, 0x6c91
80006f84:	e55e                	.insn	2, 0xe55e
80006f86:	68357ed7          	.insn	4, 0x68357ed7
80006f8a:	3a04                	.insn	2, 0x3a04
80006f8c:	cef1                	.insn	2, 0xcef1
80006f8e:	3b1e                	.insn	2, 0x3b1e
80006f90:	a34d                	.insn	2, 0xa34d
80006f92:	2880                	.insn	2, 0x2880
80006f94:	74ec5c83          	lhu	s9,1870(s8) # 5380774e <buflen.1+0x5380770e>
80006f98:	5531                	.insn	2, 0x5531
80006f9a:	7cd2                	.insn	2, 0x7cd2
80006f9c:	1753184b          	.insn	4, 0x1753184b
80006fa0:	8e1a                	.insn	2, 0x8e1a
80006fa2:	5fa0                	.insn	2, 0x5fa0
80006fa4:	e330                	.insn	2, 0xe330
80006fa6:	2262                	.insn	2, 0x2262
80006fa8:	436d                	.insn	2, 0x436d
80006faa:	6610                	.insn	2, 0x6610
80006fac:	e22a                	.insn	2, 0xe22a
80006fae:	1488                	.insn	2, 0x1488
80006fb0:	1664                	.insn	2, 0x1664
80006fb2:	42ec                	.insn	2, 0x42ec
80006fb4:	62e38bab          	.insn	4, 0x62e38bab
80006fb8:	2e2c                	.insn	2, 0x2e2c
80006fba:	4f35                	.insn	2, 0x4f35
80006fbc:	4258                	.insn	2, 0x4258
80006fbe:	02e8                	.insn	2, 0x02e8
80006fc0:	c368                	.insn	2, 0xc368
80006fc2:	f5ee0ebf ae3b6d70 	.insn	8, 0xae3b6d70f5ee0ebf
80006fca:	5d39                	.insn	2, 0x5d39
80006fcc:	47ea                	.insn	2, 0x47ea
80006fce:	52a2                	.insn	2, 0x52a2
80006fd0:	000d                	.insn	2, 0x000d
80006fd2:	1cf5                	.insn	2, 0x1cf5
80006fd4:	d6fc                	.insn	2, 0xd6fc
80006fd6:	0234                	.insn	2, 0x0234
80006fd8:	7742                	.insn	2, 0x7742
80006fda:	1540                	.insn	2, 0x1540
80006fdc:	0326                	.insn	2, 0x0326
80006fde:	63de                	.insn	2, 0x63de
80006fe0:	19a2b58b          	.insn	4, 0x19a2b58b
80006fe4:	5bd8                	.insn	2, 0x5bd8
80006fe6:	182e74c7          	.insn	4, 0x182e74c7
80006fea:	6a60                	.insn	2, 0x6a60
80006fec:	6d9de20f          	.insn	4, 0x6d9de20f
80006ff0:	ae28                	.insn	2, 0xae28
80006ff2:	5f21                	.insn	2, 0x5f21
80006ff4:	119f8227          	.insn	4, 0x119f8227
80006ff8:	10d2                	.insn	2, 0x10d2
80006ffa:	0b8f180b          	.insn	4, 0x0b8f180b
80006ffe:	7e0a                	.insn	2, 0x7e0a
80007000:	2220                	.insn	2, 0x2220
80007002:	5a55                	.insn	2, 0x5a55
80007004:	2062                	.insn	2, 0x2062
80007006:	5be2                	.insn	2, 0x5be2
80007008:	56126e87          	.insn	4, 0x56126e87
8000700c:	0341                	.insn	2, 0x0341
8000700e:	486d                	.insn	2, 0x486d
80007010:	f0a0                	.insn	2, 0xf0a0
80007012:	f7b7649b          	.insn	4, 0xf7b7649b
80007016:	5c26                	.insn	2, 0x5c26
80007018:	420c                	.insn	2, 0x420c
8000701a:	7190                	.insn	2, 0x7190
8000701c:	7fd8                	.insn	2, 0x7fd8
8000701e:	207a                	.insn	2, 0x207a
80007020:	26e9                	.insn	2, 0x26e9
80007022:	7b55                	.insn	2, 0x7b55
80007024:	c97d                	.insn	2, 0xc97d
80007026:	64a6                	.insn	2, 0x64a6
80007028:	6075                	.insn	2, 0x6075
8000702a:	544a                	.insn	2, 0x544a
8000702c:	13ccfe2f          	.insn	4, 0x13ccfe2f
80007030:	25aa979b          	.insn	4, 0x25aa979b
80007034:	193b0a53          	.insn	4, 0x193b0a53
80007038:	4f730137          	lui	sp,0x4f730
8000703c:	3aed                	.insn	2, 0x3aed
8000703e:	2085                	.insn	2, 0x2085
80007040:	6408                	.insn	2, 0x6408
80007042:	127e                	.insn	2, 0x127e
80007044:	6cd4                	.insn	2, 0x6cd4
80007046:	eb5f3947          	.insn	4, 0xeb5f3947
8000704a:	5cd41633          	.insn	4, 0x5cd41633
8000704e:	79c3733f 1df96604 	.insn	8, 0x1df9660479c3733f
80007056:	03e500af          	.insn	4, 0x03e500af
8000705a:	094a                	.insn	2, 0x094a
8000705c:	29c439a7          	.insn	4, 0x29c439a7
80007060:	263e                	.insn	2, 0x263e
80007062:	56df 2d0a 4efb      	.insn	6, 0x4efb2d0a56df
80007068:	2f1a                	.insn	2, 0x2f1a
8000706a:	0a42                	.insn	2, 0x0a42
8000706c:	bfb6                	.insn	2, 0xbfb6
8000706e:	2799                	.insn	2, 0x2799
80007070:	65a60287          	.insn	4, 0x65a60287
80007074:	3942                	.insn	2, 0x3942
80007076:	1675                	.insn	2, 0x1675
80007078:	973c                	.insn	2, 0x973c
8000707a:	57c5                	.insn	2, 0x57c5
8000707c:	2e08                	.insn	2, 0x2e08
8000707e:	147c                	.insn	2, 0x147c
80007080:	9932                	.insn	2, 0x9932
80007082:	51b0                	.insn	2, 0x51b0
80007084:	1efe                	.insn	2, 0x1efe
80007086:	0fd1                	.insn	2, 0x0fd1
80007088:	8a2c                	.insn	2, 0x8a2c
8000708a:	7bf2                	.insn	2, 0x7bf2
8000708c:	6522                	.insn	2, 0x6522
8000708e:	6b7a                	.insn	2, 0x6b7a
80007090:	4855                	.insn	2, 0x4855
80007092:	1ef2                	.insn	2, 0x1ef2
80007094:	fea1                	.insn	2, 0xfea1
80007096:	5bb1                	.insn	2, 0x5bb1
80007098:	4038                	.insn	2, 0x4038
8000709a:	7320                	.insn	2, 0x7320
8000709c:	3a7a                	.insn	2, 0x3a7a
8000709e:	468a                	.insn	2, 0x468a
800070a0:	58cb01ab          	.insn	4, 0x58cb01ab
800070a4:	9709                	.insn	2, 0x9709
800070a6:	1d82                	.insn	2, 0x1d82
800070a8:	2fbefe13          	andi	t3,t4,763
800070ac:	5874                	.insn	2, 0x5874
800070ae:	0a8e                	.insn	2, 0x0a8e
800070b0:	4d08aadb          	.insn	4, 0x4d08aadb
800070b4:	8da5                	.insn	2, 0x8da5
800070b6:	505e                	.insn	2, 0x505e
800070b8:	5c6b23e3          	.insn	4, 0x5c6b23e3
800070bc:	d515                	.insn	2, 0xd515
800070be:	2995                	.insn	2, 0x2995
800070c0:	ffd4                	.insn	2, 0xffd4
800070c2:	330e                	.insn	2, 0x330e
800070c4:	76c9de3b          	.insn	4, 0x76c9de3b
800070c8:	db78                	.insn	2, 0xdb78
800070ca:	46e0                	.insn	2, 0x46e0
800070cc:	0d36494b          	.insn	4, 0x0d36494b
800070d0:	0957f94f          	.insn	4, 0x0957f94f
800070d4:	4c36                	.insn	2, 0x4c36
800070d6:	024d                	.insn	2, 0x024d
800070d8:	379a                	.insn	2, 0x379a
800070da:	d2d71667          	.insn	4, 0xd2d71667
800070de:	d9767be3          	bgeu	a2,s7,80006e74 <input_data+0x1358>
800070e2:	7d5c                	.insn	2, 0x7d5c
800070e4:	14624fa3          	.insn	4, 0x14624fa3
800070e8:	29a4b67b          	.insn	4, 0x29a4b67b
800070ec:	0ad6                	.insn	2, 0x0ad6
800070ee:	20a316b7          	lui	a3,0x20a31
800070f2:	4798                	.insn	2, 0x4798
800070f4:	97d2                	.insn	2, 0x97d2
800070f6:	4c06                	.insn	2, 0x4c06
800070f8:	394c                	.insn	2, 0x394c
800070fa:	17bc                	.insn	2, 0x17bc
800070fc:	2fc79aeb          	.insn	4, 0x2fc79aeb
80007100:	cc41                	.insn	2, 0xcc41
80007102:	40d2                	.insn	2, 0x40d2
80007104:	dd86                	.insn	2, 0xdd86
80007106:	3276                	.insn	2, 0x3276
80007108:	a2ea                	.insn	2, 0xa2ea
8000710a:	6e30                	.insn	2, 0x6e30
8000710c:	4cc2bb0b          	.insn	4, 0x4cc2bb0b
80007110:	537361cf          	.insn	4, 0x537361cf
80007114:	5ed6                	.insn	2, 0x5ed6
80007116:	5f92                	.insn	2, 0x5f92
80007118:	6fb9                	.insn	2, 0x6fb9
8000711a:	497e                	.insn	2, 0x497e
8000711c:	81e5                	.insn	2, 0x81e5
8000711e:	6803304f          	.insn	4, 0x6803304f
80007122:	fea4292b          	.insn	4, 0xfea4292b
80007126:	b88a6ee3          	bltu	s4,s0,80006cc2 <input_data+0x11a6>
8000712a:	2cbd                	.insn	2, 0x2cbd
8000712c:	91ec                	.insn	2, 0x91ec
8000712e:	100b4bc7          	.insn	4, 0x100b4bc7
80007132:	3348                	.insn	2, 0x3348
80007134:	a1b8                	.insn	2, 0xa1b8
80007136:	32b546e3          	blt	a0,a1,80007c62 <scratch.0+0x136>
8000713a:	7214                	.insn	2, 0x7214
8000713c:	4d02                	.insn	2, 0x4d02
8000713e:	3869                	.insn	2, 0x3869
80007140:	f0ee                	.insn	2, 0xf0ee
80007142:	6c34                	.insn	2, 0x6c34
80007144:	0379                	.insn	2, 0x0379
80007146:	2c52                	.insn	2, 0x2c52
80007148:	df4c                	.insn	2, 0xdf4c
8000714a:	7165                	.insn	2, 0x7165
8000714c:	58c2                	.insn	2, 0x58c2
8000714e:	4c11                	.insn	2, 0x4c11
80007150:	d711                	.insn	2, 0xd711
80007152:	dc48778b          	.insn	4, 0xdc48778b
80007156:	253a                	.insn	2, 0x253a
80007158:	3b66                	.insn	2, 0x3b66
8000715a:	7dac                	.insn	2, 0x7dac
8000715c:	dd6a                	.insn	2, 0xdd6a
8000715e:	c9d6745b          	.insn	4, 0xc9d6745b
80007162:	397a                	.insn	2, 0x397a
80007164:	d378                	.insn	2, 0xd378
80007166:	45cc                	.insn	2, 0x45cc
80007168:	7ec6e397          	auipc	t2,0x7ec6e
8000716c:	8964                	.insn	2, 0x8964
8000716e:	306a                	.insn	2, 0x306a
80007170:	895f 0679 56ec      	.insn	6, 0x56ec0679895f
80007176:	3a74                	.insn	2, 0x3a74
80007178:	bc82                	.insn	2, 0xbc82
8000717a:	2a95                	.insn	2, 0x2a95
8000717c:	6413036f          	jal	t1,80037fbc <_tbss_end+0x2e438>
80007180:	e670                	.insn	2, 0xe670
80007182:	7359                	.insn	2, 0x7359
80007184:	0e1e124f          	.insn	4, 0x0e1e124f
80007188:	d285                	.insn	2, 0xd285
8000718a:	156e5bdb          	.insn	4, 0x156e5bdb
8000718e:	3f8a                	.insn	2, 0x3f8a
80007190:	7672                	.insn	2, 0x7672
80007192:	5fd2                	.insn	2, 0x5fd2
80007194:	5fea                	.insn	2, 0x5fea
80007196:	429272d7          	.insn	4, 0x429272d7
8000719a:	79cd38eb          	.insn	4, 0x79cd38eb
8000719e:	675a                	.insn	2, 0x675a
800071a0:	4595                	.insn	2, 0x4595
800071a2:	00d9                	.insn	2, 0x00d9
800071a4:	ad26                	.insn	2, 0xad26
800071a6:	59ce                	.insn	2, 0x59ce
800071a8:	9e1e                	.insn	2, 0x9e1e
800071aa:	328d                	.insn	2, 0x328d
800071ac:	d58c                	.insn	2, 0xd58c
800071ae:	463a                	.insn	2, 0x463a
800071b0:	490d                	.insn	2, 0x490d
800071b2:	249c                	.insn	2, 0x249c
800071b4:	6ca0                	.insn	2, 0x6ca0
800071b6:	5c312b9b          	.insn	4, 0x5c312b9b
800071ba:	5a21                	.insn	2, 0x5a21
800071bc:	08ea                	.insn	2, 0x08ea
800071be:	03c5                	.insn	2, 0x03c5
800071c0:	737c                	.insn	2, 0x737c
800071c2:	cfe139bf 099e6a54 	.insn	8, 0x099e6a54cfe139bf
800071ca:	539c                	.insn	2, 0x539c
800071cc:	a0ae                	.insn	2, 0xa0ae
800071ce:	50c9                	.insn	2, 0x50c9
800071d0:	62e46d6f          	jal	s10,8004d7fe <_tbss_end+0x43c7a>
800071d4:	22c2                	.insn	2, 0x22c2
800071d6:	45f8                	.insn	2, 0x45f8
800071d8:	0a4d                	.insn	2, 0x0a4d
800071da:	3e2a                	.insn	2, 0x3e2a
800071dc:	d214                	.insn	2, 0xd214
800071de:	4e9c                	.insn	2, 0x4e9c
800071e0:	1402                	.insn	2, 0x1402
800071e2:	447e                	.insn	2, 0x447e
800071e4:	7c93425b          	.insn	4, 0x7c93425b
800071e8:	ddb4                	.insn	2, 0xddb4
800071ea:	479f 0b53 0ee7      	.insn	6, 0x0ee70b53479f
800071f0:	ffa0                	.insn	2, 0xffa0
800071f2:	3db1                	.insn	2, 0x3db1
800071f4:	49a5                	.insn	2, 0x49a5
800071f6:	2835                	.insn	2, 0x2835
800071f8:	f865                	.insn	2, 0xf865
800071fa:	40fd                	.insn	2, 0x40fd
800071fc:	73d9c2c7          	.insn	4, 0x73d9c2c7
80007200:	74e5                	.insn	2, 0x74e5
80007202:	37ac                	.insn	2, 0x37ac
80007204:	7c6f2dab          	.insn	4, 0x7c6f2dab
80007208:	64c0                	.insn	2, 0x64c0
8000720a:	cec02c07          	.insn	4, 0xcec02c07
8000720e:	4dc9                	.insn	2, 0x4dc9
80007210:	41a4                	.insn	2, 0x41a4
80007212:	a371056f          	jal	a0,7ff17c48 <buflen.1+0x7ff17c08>
80007216:	7cc865cf          	.insn	4, 0x7cc865cf
8000721a:	647c                	.insn	2, 0x647c
8000721c:	15bb2fe7          	.insn	4, 0x15bb2fe7
80007220:	6eea2803          	lw	a6,1774(s4) # 5345446c <buflen.1+0x5345442c>
80007224:	4961                	.insn	2, 0x4961
80007226:	72e1                	.insn	2, 0x72e1
80007228:	360e2f13          	slti	t5,t3,864
8000722c:	40fed847          	.insn	4, 0x40fed847
80007230:	99c5                	.insn	2, 0x99c5
80007232:	ae6e3533          	.insn	4, 0xae6e3533
80007236:	60db7567          	.insn	4, 0x60db7567
8000723a:	98ff6fb3          	.insn	4, 0x98ff6fb3
8000723e:	3741                	.insn	2, 0x3741
80007240:	a5a0                	.insn	2, 0xa5a0
80007242:	4522                	.insn	2, 0x4522
80007244:	70c8                	.insn	2, 0x70c8
80007246:	1f332b87          	.insn	4, 0x1f332b87
8000724a:	14d1                	.insn	2, 0x14d1
8000724c:	12f40083          	lb	ra,303(s0)
80007250:	18cd                	.insn	2, 0x18cd
80007252:	4e3b0d77          	.insn	4, 0x4e3b0d77
80007256:	71531ccf          	.insn	4, 0x71531ccf
8000725a:	938a3dbf f69e0e65 	.insn	8, 0xf69e0e65938a3dbf
80007262:	4c4a                	.insn	2, 0x4c4a
80007264:	4a5ba023          	sw	t0,1184(s7) # eeb264a0 <_tbss_end+0x6eb1c91c>
80007268:	be14                	.insn	2, 0xbe14
8000726a:	6a980ebf 88496aea 	.insn	8, 0x88496aea6a980ebf
80007272:	2cd8                	.insn	2, 0x2cd8
80007274:	112b5d0f          	.insn	4, 0x112b5d0f
80007278:	d676                	.insn	2, 0xd676
8000727a:	7b96                	.insn	2, 0x7b96
8000727c:	7988de27          	.insn	4, 0x7988de27
80007280:	24d266c3          	.insn	4, 0x24d266c3
80007284:	59f1                	.insn	2, 0x59f1
80007286:	19d5                	.insn	2, 0x19d5
80007288:	d75f 1dcb 8b75      	.insn	6, 0x8b751dcbd75f
8000728e:	3e9d                	.insn	2, 0x3e9d
80007290:	13bf00c7          	.insn	4, 0x13bf00c7
80007294:	24ff 32be 345f 4d2e 	.insn	14, 0x3ef5663e9be54d2e345f32be24ff
8000729c:	9be5 663e 3ef5 
800072a2:	451f 742a 3d5a      	.insn	6, 0x3d5a742a451f
800072a8:	5dae                	.insn	2, 0x5dae
800072aa:	78d8                	.insn	2, 0x78d8
800072ac:	628bd913          	.insn	4, 0x628bd913
800072b0:	6fc00817          	auipc	a6,0x6fc00
800072b4:	c139                	.insn	2, 0xc139
800072b6:	9338498f          	.insn	4, 0x9338498f
800072ba:	0f89                	.insn	2, 0x0f89
800072bc:	3e27b777          	.insn	4, 0x3e27b777
800072c0:	8780                	.insn	2, 0x8780
800072c2:	5390                	.insn	2, 0x5390
800072c4:	4d81                	.insn	2, 0x4d81
800072c6:	2b84                	.insn	2, 0x2b84
800072c8:	96cd                	.insn	2, 0x96cd
800072ca:	6808                	.insn	2, 0x6808
800072cc:	21b4                	.insn	2, 0x21b4
800072ce:	5c6e                	.insn	2, 0x5c6e
800072d0:	378e                	.insn	2, 0x378e
800072d2:	67435fd3          	.insn	4, 0x67435fd3
800072d6:	39c9                	.insn	2, 0x39c9
800072d8:	0f7c                	.insn	2, 0x0f7c
800072da:	2e6a                	.insn	2, 0x2e6a
800072dc:	6e7e                	.insn	2, 0x6e7e
800072de:	6940                	.insn	2, 0x6940
800072e0:	d24e                	.insn	2, 0xd24e
800072e2:	2b9d                	.insn	2, 0x2b9d
800072e4:	6aa2                	.insn	2, 0x6aa2
800072e6:	5f5e                	.insn	2, 0x5f5e
800072e8:	8ffa                	.insn	2, 0x8ffa
800072ea:	74b0                	.insn	2, 0x74b0
800072ec:	000a8b27          	.insn	4, 0x000a8b27
800072f0:	6a3e                	.insn	2, 0x6a3e
800072f2:	1a7c                	.insn	2, 0x1a7c
800072f4:	4c38983f 4969523d 	.insn	8, 0x4969523d4c38983f
800072fc:	04c5                	.insn	2, 0x04c5
800072fe:	239c                	.insn	2, 0x239c
80007300:	0d2d                	.insn	2, 0x0d2d
80007302:	40ce                	.insn	2, 0x40ce
80007304:	0f637b73          	csrrci	s6,0xf6,6
80007308:	da26                	.insn	2, 0xda26
8000730a:	3a007cc7          	.insn	4, 0x3a007cc7
8000730e:	5730                	.insn	2, 0x5730
80007310:	7b35733f 610f3a28 	.insn	8, 0x610f3a287b35733f
80007318:	2d73d15b          	.insn	4, 0x2d73d15b
8000731c:	9f7d                	.insn	2, 0x9f7d
8000731e:	5c0d472b          	.insn	4, 0x5c0d472b
80007322:	505e                	.insn	2, 0x505e
80007324:	c854                	.insn	2, 0xc854
80007326:	6c9d                	.insn	2, 0x6c9d
80007328:	8e32                	.insn	2, 0x8e32
8000732a:	6cdf a0e2 4248      	.insn	6, 0x4248a0e26cdf
80007330:	5be8                	.insn	2, 0x5be8
80007332:	7c80                	.insn	2, 0x7c80
80007334:	9914                	.insn	2, 0x9914
80007336:	3095                	.insn	2, 0x3095
80007338:	d7c8                	.insn	2, 0xd7c8
8000733a:	74b2                	.insn	2, 0x74b2
8000733c:	4885                	.insn	2, 0x4885
8000733e:	40cd                	.insn	2, 0x40cd
80007340:	3491fb3f 73f00760 	.insn	8, 0x73f007603491fb3f
80007348:	9932                	.insn	2, 0x9932
8000734a:	62bc                	.insn	2, 0x62bc
8000734c:	1f8b77b7          	lui	a5,0x1f8b7
80007350:	082b2a17          	auipc	s4,0x82b2
80007354:	5071                	.insn	2, 0x5071
80007356:	55cb1f23          	sh	t3,1374(s6)
8000735a:	19a67017          	auipc	zero,0x19a67
8000735e:	3280                	.insn	2, 0x3280
80007360:	29b6                	.insn	2, 0x29b6
80007362:	32c4                	.insn	2, 0x32c4
80007364:	99ac                	.insn	2, 0x99ac
80007366:	50ad372b          	.insn	4, 0x50ad372b
8000736a:	5af33dd7          	.insn	4, 0x5af33dd7
8000736e:	1b82                	.insn	2, 0x1b82
80007370:	2e64                	.insn	2, 0x2e64
80007372:	4f6e                	.insn	2, 0x4f6e
80007374:	1c49                	.insn	2, 0x1c49
80007376:	1f54                	.insn	2, 0x1f54
80007378:	52d6793b          	.insn	4, 0x52d6793b
8000737c:	8fd1                	.insn	2, 0x8fd1
8000737e:	433a                	.insn	2, 0x433a
80007380:	1b49                	.insn	2, 0x1b49
80007382:	4775                	.insn	2, 0x4775
80007384:	3085                	.insn	2, 0x3085
80007386:	3339                	.insn	2, 0x3339
80007388:	4eda                	.insn	2, 0x4eda
8000738a:	2a21                	.insn	2, 0x2a21
8000738c:	12d6                	.insn	2, 0x12d6
8000738e:	1629                	.insn	2, 0x1629
80007390:	da71                	.insn	2, 0xda71
80007392:	08ad                	.insn	2, 0x08ad
80007394:	9280                	.insn	2, 0x9280
80007396:	270d                	.insn	2, 0x270d
80007398:	71490dbf 4f800661 	.insn	8, 0x4f80066171490dbf
800073a0:	41aaf2ef          	jal	t0,800b67ba <_tbss_end+0xacc36>
800073a4:	dab4                	.insn	2, 0xdab4
800073a6:	4c38                	.insn	2, 0x4c38
800073a8:	7c9296e3          	bne	t0,s1,80008374 <__global_pointer$+0x58>
800073ac:	82a8                	.insn	2, 0x82a8
800073ae:	1f1d4497          	auipc	s1,0x1f1d4
800073b2:	00c9                	.insn	2, 0x00c9
800073b4:	c412                	.insn	2, 0xc412
800073b6:	598a                	.insn	2, 0x598a
800073b8:	a514                	.insn	2, 0xa514
800073ba:	41be                	.insn	2, 0x41be
800073bc:	5a5e                	.insn	2, 0x5a5e
800073be:	1472                	.insn	2, 0x1472
800073c0:	c500                	.insn	2, 0xc500
800073c2:	711f 79bb 601e      	.insn	6, 0x601e79bb711f
800073c8:	0125                	.insn	2, 0x0125
800073ca:	481f 3ffd 67c2      	.insn	6, 0x67c23ffd481f
800073d0:	52ca                	.insn	2, 0x52ca
800073d2:	61fd                	.insn	2, 0x61fd
800073d4:	c658                	.insn	2, 0xc658
800073d6:	3a42                	.insn	2, 0x3a42
800073d8:	8746                	.insn	2, 0x8746
800073da:	2ef5                	.insn	2, 0x2ef5
800073dc:	b5b6                	.insn	2, 0xb5b6
800073de:	09bc                	.insn	2, 0x09bc
800073e0:	a17a                	.insn	2, 0xa17a
800073e2:	40d5                	.insn	2, 0x40d5
800073e4:	9f16                	.insn	2, 0x9f16
800073e6:	ef6e0bef          	jal	s7,7ffe7adc <buflen.1+0x7ffe7a9c>
800073ea:	64d4                	.insn	2, 0x64d4
800073ec:	d1f1                	.insn	2, 0xd1f1
800073ee:	157e                	.insn	2, 0x157e
800073f0:	9f9f 6a88 2442      	.insn	6, 0x24426a889f9f
800073f6:	021f 6af4 3108      	.insn	6, 0x31086af4021f
800073fc:	8282                	.insn	2, 0x8282
800073fe:	6d54                	.insn	2, 0x6d54
80007400:	a63a                	.insn	2, 0xa63a
80007402:	51c9                	.insn	2, 0x51c9
80007404:	d17c                	.insn	2, 0xd17c
80007406:	493e3f67          	.insn	4, 0x493e3f67
8000740a:	3a06                	.insn	2, 0x3a06
8000740c:	2998986b          	.insn	4, 0x2998986b
80007410:	f9c1                	.insn	2, 0xf9c1
80007412:	379b0953          	.insn	4, 0x379b0953
80007416:	f5910a17          	auipc	s4,0xf5910
8000741a:	0ac2                	.insn	2, 0x0ac2
8000741c:	8648                	.insn	2, 0x8648
8000741e:	06ad                	.insn	2, 0x06ad
80007420:	079f193f 0e683a1d 	.insn	8, 0x0e683a1d079f193f
80007428:	c005                	.insn	2, 0xc005
8000742a:	777c                	.insn	2, 0x777c
8000742c:	01635b5b          	.insn	4, 0x01635b5b
80007430:	770d9d97          	auipc	s11,0x770d9
80007434:	6a49                	.insn	2, 0x6a49
80007436:	2be5                	.insn	2, 0x2be5
80007438:	039c                	.insn	2, 0x039c
8000743a:	766e                	.insn	2, 0x766e
8000743c:	2534                	.insn	2, 0x2534
8000743e:	5d9e                	.insn	2, 0x5d9e
80007440:	8ae9                	.insn	2, 0x8ae9
80007442:	b9e37b3b          	.insn	4, 0xb9e37b3b
80007446:	5b6b5737          	lui	a4,0x5b6b5
8000744a:	08da                	.insn	2, 0x08da
8000744c:	81fd                	.insn	2, 0x81fd
8000744e:	24d8                	.insn	2, 0x24d8
80007450:	160e                	.insn	2, 0x160e
80007452:	663d                	.insn	2, 0x663d
80007454:	7b2b5f8b          	.insn	4, 0x7b2b5f8b
80007458:	b8ee                	.insn	2, 0xb8ee
8000745a:	7e44                	.insn	2, 0x7e44
8000745c:	cd60                	.insn	2, 0xcd60
8000745e:	0bd0                	.insn	2, 0x0bd0
80007460:	003e                	.insn	2, 0x003e
80007462:	6d6d                	.insn	2, 0x6d6d
80007464:	503866b3          	.insn	4, 0x503866b3
80007468:	4d82                	.insn	2, 0x4d82
8000746a:	f2147167          	.insn	4, 0xf2147167
8000746e:	cad274eb          	.insn	4, 0xcad274eb
80007472:	4cf9                	.insn	2, 0x4cf9
80007474:	4efa053b          	.insn	4, 0x4efa053b
80007478:	58ee                	.insn	2, 0x58ee
8000747a:	8a0b31e3          	.insn	4, 0x8a0b31e3
8000747e:	25246e3f 70ab1dd3 	.insn	8, 0x70ab1dd325246e3f
80007486:	0f155f57          	.insn	4, 0x0f155f57
8000748a:	65ae                	.insn	2, 0x65ae
8000748c:	9731                	.insn	2, 0x9731
8000748e:	5f65                	.insn	2, 0x5f65
80007490:	1692                	.insn	2, 0x1692
80007492:	170d                	.insn	2, 0x170d
80007494:	8d0c                	.insn	2, 0x8d0c
80007496:	3d52                	.insn	2, 0x3d52
80007498:	e6d2                	.insn	2, 0xe6d2
8000749a:	6320                	.insn	2, 0x6320
8000749c:	4ed6bee3          	.insn	4, 0x4ed6bee3
800074a0:	86a0                	.insn	2, 0x86a0
800074a2:	5864                	.insn	2, 0x5864
800074a4:	411c6f63          	bltu	s8,a7,800078c2 <input_data+0x1da6>
800074a8:	c3dd                	.insn	2, 0xc3dd
800074aa:	6366                	.insn	2, 0x6366
800074ac:	91ec                	.insn	2, 0x91ec
800074ae:	752c                	.insn	2, 0x752c
800074b0:	e53c                	.insn	2, 0xe53c
800074b2:	3f68                	.insn	2, 0x3f68
800074b4:	67d54dcb          	.insn	4, 0x67d54dcb
800074b8:	8de8                	.insn	2, 0x8de8
800074ba:	11e4                	.insn	2, 0x11e4
800074bc:	0b3d                	.insn	2, 0x0b3d
800074be:	24fc                	.insn	2, 0x24fc
800074c0:	d51d                	.insn	2, 0xd51d
800074c2:	1e08                	.insn	2, 0x1e08
800074c4:	172d                	.insn	2, 0x172d
800074c6:	7cdd                	.insn	2, 0x7cdd
800074c8:	3752e6c7          	.insn	4, 0x3752e6c7
800074cc:	0f29                	.insn	2, 0x0f29
800074ce:	1091                	.insn	2, 0x1091
800074d0:	da45                	.insn	2, 0xda45
800074d2:	8c9f63fb          	.insn	4, 0x8c9f63fb
800074d6:	d1cb4a73          	.insn	4, 0xd1cb4a73
800074da:	55582fa7          	.insn	4, 0x55582fa7
800074de:	4656                	.insn	2, 0x4656
800074e0:	02e12ea7          	.insn	4, 0x02e12ea7
800074e4:	6f3a5657          	.insn	4, 0x6f3a5657
800074e8:	53ca3e2f          	.insn	4, 0x53ca3e2f
800074ec:	c751                	.insn	2, 0xc751
800074ee:	7dc1                	.insn	2, 0x7dc1
800074f0:	fee2                	.insn	2, 0xfee2
800074f2:	2e4b5f0b          	.insn	4, 0x2e4b5f0b
800074f6:	2299                	.insn	2, 0x2299
800074f8:	86aa                	.insn	2, 0x86aa
800074fa:	6876                	.insn	2, 0x6876
800074fc:	fda0                	.insn	2, 0xfda0
800074fe:	712a4fd3          	.insn	4, 0x712a4fd3
80007502:	da6636f7          	.insn	4, 0xda6636f7
80007506:	182653ab          	.insn	4, 0x182653ab
8000750a:	11da                	.insn	2, 0x11da
8000750c:	259f 503a f848      	.insn	6, 0xf848503a259f
80007512:	4d60                	.insn	2, 0x4d60
80007514:	5068                	.insn	2, 0x5068
80007516:	91897ee3          	bgeu	s2,s8,80006e32 <input_data+0x1316>
8000751a:	285d                	.insn	2, 0x285d
8000751c:	318c39e7          	.insn	4, 0x318c39e7
80007520:	94b8                	.insn	2, 0x94b8
80007522:	2c2d                	.insn	2, 0x2c2d
80007524:	297efd5b          	.insn	4, 0x297efd5b
80007528:	ceae                	.insn	2, 0xceae
8000752a:	175271f7          	.insn	4, 0x175271f7
8000752e:	3c96                	.insn	2, 0x3c96
80007530:	c5f0                	.insn	2, 0xc5f0
80007532:	28a6                	.insn	2, 0x28a6
80007534:	caae                	.insn	2, 0xcaae
80007536:	1518                	.insn	2, 0x1518
80007538:	7078                	.insn	2, 0x7078
8000753a:	2159                	.insn	2, 0x2159
8000753c:	98ac                	.insn	2, 0x98ac
8000753e:	1eb8                	.insn	2, 0x1eb8
80007540:	0dc0                	.insn	2, 0x0dc0
80007542:	6e66                	.insn	2, 0x6e66
80007544:	184e1aef          	jal	s5,800e86c8 <_tbss_end+0xdeb44>
80007548:	93fd                	.insn	2, 0x93fd
8000754a:	82f53067          	.insn	4, 0x82f53067
8000754e:	6ed8                	.insn	2, 0x6ed8
80007550:	07d4                	.insn	2, 0x07d4
80007552:	4192                	.insn	2, 0x4192
80007554:	9829                	.insn	2, 0x9829
80007556:	1db9                	.insn	2, 0x1db9
80007558:	8add                	.insn	2, 0x8add
8000755a:	26f5                	.insn	2, 0x26f5
8000755c:	ac55                	.insn	2, 0xac55
8000755e:	37572da3          	sw	s5,891(a4) # 5b6b537b <buflen.1+0x5b6b533b>
80007562:	08fe                	.insn	2, 0x08fe
80007564:	4dd8                	.insn	2, 0x4dd8
80007566:	1395                	.insn	2, 0x1395
80007568:	86b6                	.insn	2, 0x86b6
8000756a:	0498                	.insn	2, 0x0498
8000756c:	679c                	.insn	2, 0x679c
8000756e:	69d1                	.insn	2, 0x69d1
80007570:	ccb2                	.insn	2, 0xccb2
80007572:	6d6e                	.insn	2, 0x6d6e
80007574:	2885                	.insn	2, 0x2885
80007576:	2a1a                	.insn	2, 0x2a1a
80007578:	49b0                	.insn	2, 0x49b0
8000757a:	49ed                	.insn	2, 0x49ed
8000757c:	de75                	.insn	2, 0xde75
8000757e:	3209                	.insn	2, 0x3209
80007580:	c572                	.insn	2, 0xc572
80007582:	95023ed3          	.insn	4, 0x95023ed3
80007586:	6ca9                	.insn	2, 0x6ca9
80007588:	29d70e33          	.insn	4, 0x29d70e33
8000758c:	a428                	.insn	2, 0xa428
8000758e:	04f0                	.insn	2, 0x04f0
80007590:	e848                	.insn	2, 0xe848
80007592:	26e2                	.insn	2, 0x26e2
80007594:	9944                	.insn	2, 0x9944
80007596:	339f f7b8 373f      	.insn	6, 0x373ff7b8339f
8000759c:	6b08                	.insn	2, 0x6b08
8000759e:	4f09                	.insn	2, 0x4f09
800075a0:	3f29                	.insn	2, 0x3f29
800075a2:	682e                	.insn	2, 0x682e
800075a4:	60d8                	.insn	2, 0x60d8
800075a6:	7ebd45f7          	.insn	4, 0x7ebd45f7
800075aa:	5ad6                	.insn	2, 0x5ad6
800075ac:	6680                	.insn	2, 0x6680
800075ae:	1a72                	.insn	2, 0x1a72
800075b0:	d196                	.insn	2, 0xd196
800075b2:	31cc                	.insn	2, 0x31cc
800075b4:	d704                	.insn	2, 0xd704
800075b6:	0051                	.insn	2, 0x0051
800075b8:	69d2                	.insn	2, 0x69d2
800075ba:	7b48                	.insn	2, 0x7b48
800075bc:	83b4                	.insn	2, 0x83b4
800075be:	645e                	.insn	2, 0x645e
800075c0:	80f5                	.insn	2, 0x80f5
800075c2:	7c05                	.insn	2, 0x7c05
800075c4:	887a                	.insn	2, 0x887a
800075c6:	720d                	.insn	2, 0x720d
800075c8:	05d1                	.insn	2, 0x05d1
800075ca:	42d638b3          	.insn	4, 0x42d638b3
800075ce:	6872                	.insn	2, 0x6872
800075d0:	091f 0648 a6bb      	.insn	6, 0xa6bb0648091f
800075d6:	6a98                	.insn	2, 0x6a98
800075d8:	6f2a                	.insn	2, 0x6f2a
800075da:	6a89                	.insn	2, 0x6a89
800075dc:	9b08                	.insn	2, 0x9b08
800075de:	5548                	.insn	2, 0x5548
800075e0:	46f4                	.insn	2, 0x46f4
800075e2:	203e                	.insn	2, 0x203e
800075e4:	3499a707          	.insn	4, 0x3499a707
800075e8:	de5d                	.insn	2, 0xde5d
800075ea:	292c                	.insn	2, 0x292c
800075ec:	f2ea                	.insn	2, 0xf2ea
800075ee:	0c11                	.insn	2, 0x0c11
800075f0:	5f000727          	.insn	4, 0x5f000727
800075f4:	96fd                	.insn	2, 0x96fd
800075f6:	1f98                	.insn	2, 0x1f98
800075f8:	0981                	.insn	2, 0x0981
800075fa:	1700                	.insn	2, 0x1700
800075fc:	3615d7bf 1695bf1f 	.insn	8, 0x1695bf1f3615d7bf
80007604:	1b1ae0d3          	.insn	4, 0x1b1ae0d3
80007608:	cd00                	.insn	2, 0xcd00
8000760a:	0efd                	.insn	2, 0x0efd
8000760c:	5680bd3f 431ab1f5 	.insn	8, 0x431ab1f55680bd3f
80007614:	d932                	.insn	2, 0xd932
80007616:	0144                	.insn	2, 0x0144
80007618:	6d64                	.insn	2, 0x6d64
8000761a:	61ec                	.insn	2, 0x61ec
8000761c:	2ff1affb          	.insn	4, 0x2ff1affb
80007620:	2399                	.insn	2, 0x2399
80007622:	7a15                	.insn	2, 0x7a15
80007624:	10ae                	.insn	2, 0x10ae
80007626:	36b0                	.insn	2, 0x36b0
80007628:	e44c                	.insn	2, 0xe44c
8000762a:	5a49                	.insn	2, 0x5a49
8000762c:	8469                	.insn	2, 0x8469
8000762e:	0850                	.insn	2, 0x0850
80007630:	5c12                	.insn	2, 0x5c12
80007632:	02e24423          	.insn	4, 0x02e24423
80007636:	ca7a06db          	.insn	4, 0xca7a06db
8000763a:	6722                	.insn	2, 0x6722
8000763c:	6133ac8b          	.insn	4, 0x6133ac8b
80007640:	03065ce3          	bge	a2,a6,80007e78 <scratch.0+0x34c>
80007644:	5d24                	.insn	2, 0x5d24
80007646:	6806                	.insn	2, 0x6806
80007648:	4e4c9107          	.insn	4, 0x4e4c9107
8000764c:	7e40                	.insn	2, 0x7e40
8000764e:	4025                	.insn	2, 0x4025
80007650:	4a88                	.insn	2, 0x4a88
80007652:	6c7f b6ea 381d dbb7 	.insn	22, 0x2a0d35ba6d82ac1f2b0b54273014dbb7381db6ea6c7f
8000765a:	3014 5427 2b0b ac1f 
80007662:	6d82 35ba 2a0d 
80007668:	ee66                	.insn	2, 0xee66
8000766a:	7c82                	.insn	2, 0x7c82
8000766c:	932c                	.insn	2, 0x932c
8000766e:	1e6d                	.insn	2, 0x1e6d
80007670:	c325                	.insn	2, 0xc325
80007672:	0314                	.insn	2, 0x0314
80007674:	36c6                	.insn	2, 0x36c6
80007676:	3fa13543          	.insn	4, 0x3fa13543
8000767a:	51e5                	.insn	2, 0x51e5
8000767c:	3eb0                	.insn	2, 0x3eb0
8000767e:	3c06                	.insn	2, 0x3c06
80007680:	5d55                	.insn	2, 0x5d55
80007682:	28d4                	.insn	2, 0x28d4
80007684:	57b4b82b          	.insn	4, 0x57b4b82b
80007688:	6251                	.insn	2, 0x6251
8000768a:	5cb4                	.insn	2, 0x5cb4
8000768c:	6559                	.insn	2, 0x6559
8000768e:	486c                	.insn	2, 0x486c
80007690:	a2b4                	.insn	2, 0xa2b4
80007692:	54ed                	.insn	2, 0x54ed
80007694:	272cdbc7          	.insn	4, 0x272cdbc7
80007698:	9892                	.insn	2, 0x9892
8000769a:	52f5                	.insn	2, 0x52f5
8000769c:	398d5073          	csrwi	0x398,26
800076a0:	240481ab          	.insn	4, 0x240481ab
800076a4:	7db2                	.insn	2, 0x7db2
800076a6:	81a24c9b          	.insn	4, 0x81a24c9b
800076aa:	145a                	.insn	2, 0x145a
800076ac:	0002                	.insn	2, 0x0002
800076ae:	1189                	.insn	2, 0x1189
800076b0:	7b4a                	.insn	2, 0x7b4a
800076b2:	25be                	.insn	2, 0x25be
800076b4:	711c785b          	.insn	4, 0x711c785b
800076b8:	74f4                	.insn	2, 0x74f4
800076ba:	7180                	.insn	2, 0x7180
800076bc:	1d65                	.insn	2, 0x1d65
800076be:	3116                	.insn	2, 0x3116
800076c0:	b1aa                	.insn	2, 0xb1aa
800076c2:	5e0d                	.insn	2, 0x5e0d
800076c4:	d041                	.insn	2, 0xd041
800076c6:	7830                	.insn	2, 0x7830
800076c8:	3c64                	.insn	2, 0x3c64
800076ca:	6f09                	.insn	2, 0x6f09
800076cc:	226a2ea7          	.insn	4, 0x226a2ea7
800076d0:	3a76                	.insn	2, 0x3a76
800076d2:	a14b3c5b          	.insn	4, 0xa14b3c5b
800076d6:	0ebc                	.insn	2, 0x0ebc
800076d8:	ff86                	.insn	2, 0xff86
800076da:	746525ef          	jal	a1,80059e20 <_tbss_end+0x5029c>
800076de:	7465                	.insn	2, 0x7465
800076e0:	d780                	.insn	2, 0xd780
800076e2:	564c                	.insn	2, 0x564c
800076e4:	47c4                	.insn	2, 0x47c4
800076e6:	0670                	.insn	2, 0x0670
800076e8:	3c985217          	auipc	tp,0x3c985
800076ec:	7a0e7c57          	.insn	4, 0x7a0e7c57
800076f0:	578e                	.insn	2, 0x578e
800076f2:	3842                	.insn	2, 0x3842
800076f4:	def5                	.insn	2, 0xdef5
800076f6:	2ef0                	.insn	2, 0x2ef0
800076f8:	7796                	.insn	2, 0x7796
800076fa:	00c2                	.insn	2, 0x00c2
800076fc:	127e                	.insn	2, 0x127e
800076fe:	32e0                	.insn	2, 0x32e0
80007700:	0138                	.insn	2, 0x0138
80007702:	13e9                	.insn	2, 0x13e9
80007704:	cf61                	.insn	2, 0xcf61
80007706:	0dea20fb          	.insn	4, 0x0dea20fb
8000770a:	daea40ef          	jal	7ffabcb8 <buflen.1+0x7ffabc78>
8000770e:	1dac                	.insn	2, 0x1dac
80007710:	89e9                	.insn	2, 0x89e9
80007712:	c6977987          	.insn	4, 0xc6977987
80007716:	5582                	.insn	2, 0x5582
80007718:	4ced7143          	.insn	4, 0x4ced7143
8000771c:	7e24                	.insn	2, 0x7e24
8000771e:	0486                	.insn	2, 0x0486
80007720:	390b3b03          	.insn	4, 0x390b3b03
80007724:	7ef912b7          	lui	t0,0x7ef91
80007728:	4b00                	.insn	2, 0x4b00
8000772a:	f23d1c73          	csrrw	s8,0xf23,s10
8000772e:	38ca                	.insn	2, 0x38ca
80007730:	071f 6487 fb86      	.insn	6, 0xfb866487071f
80007736:	1b60                	.insn	2, 0x1b60
80007738:	ddc4                	.insn	2, 0xddc4
8000773a:	2cd0                	.insn	2, 0x2cd0
8000773c:	0a74                	.insn	2, 0x0a74
8000773e:	31d9                	.insn	2, 0x31d9
80007740:	7171                	.insn	2, 0x7171
80007742:	78df 5324 01b7      	.insn	6, 0x01b7532478df
80007748:	c0ac                	.insn	2, 0xc0ac
8000774a:	133c                	.insn	2, 0x133c
8000774c:	177e                	.insn	2, 0x177e
8000774e:	4f96                	.insn	2, 0x4f96
80007750:	2eea494b          	.insn	4, 0x2eea494b
80007754:	1870                	.insn	2, 0x1870
80007756:	06c5                	.insn	2, 0x06c5
80007758:	db9c                	.insn	2, 0xdb9c
8000775a:	38ea                	.insn	2, 0x38ea
8000775c:	0276                	.insn	2, 0x0276
8000775e:	4e81                	.insn	2, 0x4e81
80007760:	5bb8                	.insn	2, 0x5bb8
80007762:	a4f94d77          	.insn	4, 0xa4f94d77
80007766:	77c2                	.insn	2, 0x77c2
80007768:	5c4d96b3          	.insn	4, 0x5c4d96b3
8000776c:	ec61                	.insn	2, 0xec61
8000776e:	5d497a2b          	.insn	4, 0x5d497a2b
80007772:	809e2ba7          	.insn	4, 0x809e2ba7
80007776:	6a35                	.insn	2, 0x6a35
80007778:	4ee1                	.insn	2, 0x4ee1
8000777a:	7c9d                	.insn	2, 0x7c9d
8000777c:	fc5c                	.insn	2, 0xfc5c
8000777e:	6dec3b3b          	.insn	4, 0x6dec3b3b
80007782:	74c8                	.insn	2, 0x74c8
80007784:	94c6                	.insn	2, 0x94c6
80007786:	4fa9                	.insn	2, 0x4fa9
80007788:	4190                	.insn	2, 0x4190
8000778a:	2931                	.insn	2, 0x2931
8000778c:	a664                	.insn	2, 0xa664
8000778e:	681f b8f7 37c3      	.insn	6, 0x37c3b8f7681f
80007794:	1936                	.insn	2, 0x1936
80007796:	42f8                	.insn	2, 0x42f8
80007798:	417f 0676 54c2 5626 	.insn	18, 0xa6ab075a34930a1dd345562654c20676417f
800077a0:	d345 0a1d 3493 075a 
800077a8:	a6ab 
800077aa:	6182                	.insn	2, 0x6182
800077ac:	fe11                	.insn	2, 0xfe11
800077ae:	2828                	.insn	2, 0x2828
800077b0:	79c39977          	.insn	4, 0x79c39977
800077b4:	2d2aea73          	csrrsi	s4,0x2d2,21
800077b8:	0b6e                	.insn	2, 0x0b6e
800077ba:	1e8c                	.insn	2, 0x1e8c
800077bc:	d1ee                	.insn	2, 0xd1ee
800077be:	0721                	.insn	2, 0x0721
800077c0:	705c                	.insn	2, 0x705c
800077c2:	91200377          	.insn	4, 0x91200377
800077c6:	88a17c9b          	.insn	4, 0x88a17c9b
800077ca:	1cfa                	.insn	2, 0x1cfa
800077cc:	c63a                	.insn	2, 0xc63a
800077ce:	6089                	.insn	2, 0x6089
800077d0:	19cee96b          	.insn	4, 0x19cee96b
800077d4:	a8ed                	.insn	2, 0xa8ed
800077d6:	42fc3557          	.insn	4, 0x42fc3557
800077da:	169e                	.insn	2, 0x169e
800077dc:	6f0e                	.insn	2, 0x6f0e
800077de:	70b5                	.insn	2, 0x70b5
800077e0:	ed6c                	.insn	2, 0xed6c
800077e2:	706e                	.insn	2, 0x706e
800077e4:	8f2e                	.insn	2, 0x8f2e
800077e6:	6ec8                	.insn	2, 0x6ec8
800077e8:	39c73b7f 49572b3c 	.insn	16, 0x14f726d670b4af3749572b3c39c73b7f
800077f0:	70b4af37 14f726d6 
800077f8:	7509                	.insn	2, 0x7509
800077fa:	0ccc                	.insn	2, 0x0ccc
800077fc:	4f7e                	.insn	2, 0x4f7e
800077fe:	c8955c63          	bge	a0,s1,80006c96 <input_data+0x117a>
80007802:	30b0125b          	.insn	4, 0x30b0125b
80007806:	0191                	.insn	2, 0x0191
80007808:	040ea107          	.insn	4, 0x040ea107
8000780c:	9a3e                	.insn	2, 0x9a3e
8000780e:	03435273          	csrrwi	tp,0x34,6
80007812:	6816                	.insn	2, 0x6816
80007814:	ad38                	.insn	2, 0xad38
80007816:	40f9                	.insn	2, 0x40f9
80007818:	a545                	.insn	2, 0xa545
8000781a:	da0162d3          	.insn	4, 0xda0162d3
8000781e:	7c11                	.insn	2, 0x7c11
80007820:	7015                	.insn	2, 0x7015
80007822:	4216438f          	.insn	4, 0x4216438f
80007826:	6ce86427          	.insn	4, 0x6ce86427
8000782a:	50713e9b          	.insn	4, 0x50713e9b
8000782e:	6ba6                	.insn	2, 0x6ba6
80007830:	8e36                	.insn	2, 0x8e36
80007832:	6621                	.insn	2, 0x6621
80007834:	3d39                	.insn	2, 0x3d39
80007836:	1f09                	.insn	2, 0x1f09
80007838:	9675                	.insn	2, 0x9675
8000783a:	fc0518e3          	bnez	a0,8000780a <input_data+0x1cee>
8000783e:	50c4                	.insn	2, 0x50c4
80007840:	648d                	.insn	2, 0x648d
80007842:	25a2                	.insn	2, 0x25a2
80007844:	6f8c                	.insn	2, 0x6f8c
80007846:	b10867db          	.insn	4, 0xb10867db
8000784a:	7bd6                	.insn	2, 0x7bd6
8000784c:	65dd924f          	.insn	4, 0x65dd924f
80007850:	23688f3b          	.insn	4, 0x23688f3b
80007854:	b958                	.insn	2, 0xb958
80007856:	37da                	.insn	2, 0x37da
80007858:	2c3cdaab          	.insn	4, 0x2c3cdaab
8000785c:	94e1                	.insn	2, 0x94e1
8000785e:	7184                	.insn	2, 0x7184
80007860:	6341                	.insn	2, 0x6341
80007862:	c23634eb          	.insn	4, 0xc23634eb
80007866:	b1bf4ccf          	.insn	4, 0xb1bf4ccf
8000786a:	194e                	.insn	2, 0x194e
8000786c:	8add                	.insn	2, 0x8add
8000786e:	5948                	.insn	2, 0x5948
80007870:	31766a3f 5282f6af 	.insn	8, 0x5282f6af31766a3f
80007878:	ab91                	.insn	2, 0xab91
8000787a:	0ee8                	.insn	2, 0x0ee8
8000787c:	0919                	.insn	2, 0x0919
8000787e:	0bed                	.insn	2, 0x0bed
80007880:	29599857          	.insn	4, 0x29599857
80007884:	8572                	.insn	2, 0x8572
80007886:	5b04                	.insn	2, 0x5b04
80007888:	0211                	.insn	2, 0x0211
8000788a:	572c                	.insn	2, 0x572c
8000788c:	d2ea                	.insn	2, 0xd2ea
8000788e:	6495                	.insn	2, 0x6495
80007890:	be30                	.insn	2, 0xbe30
80007892:	b63144f3          	.insn	4, 0xb63144f3
80007896:	0e64                	.insn	2, 0x0e64
80007898:	8a9e                	.insn	2, 0x8a9e
8000789a:	fd9646fb          	.insn	4, 0xfd9646fb
8000789e:	4a86                	.insn	2, 0x4a86
800078a0:	d916                	.insn	2, 0xd916
800078a2:	7b0a                	.insn	2, 0x7b0a
800078a4:	9418                	.insn	2, 0x9418
800078a6:	01a4                	.insn	2, 0x01a4
800078a8:	e7fa                	.insn	2, 0xe7fa
800078aa:	7015                	.insn	2, 0x7015
800078ac:	a050                	.insn	2, 0xa050
800078ae:	03407643          	.insn	4, 0x03407643
800078b2:	063e                	.insn	2, 0x063e
800078b4:	85ea                	.insn	2, 0x85ea
800078b6:	4eec                	.insn	2, 0x4eec
800078b8:	a95e                	.insn	2, 0xa95e
800078ba:	3aef40f3          	.insn	4, 0x3aef40f3
800078be:	e62853a3          	.insn	4, 0xe62853a3
800078c2:	7316                	.insn	2, 0x7316
800078c4:	2e160dbb          	.insn	4, 0x2e160dbb
800078c8:	452708a7          	.insn	4, 0x452708a7
800078cc:	9d30                	.insn	2, 0x9d30
800078ce:	218e                	.insn	2, 0x218e
800078d0:	b11e                	.insn	2, 0xb11e
800078d2:	3f7c                	.insn	2, 0x3f7c
800078d4:	8a44                	.insn	2, 0x8a44
800078d6:	19ad1def          	jal	s11,800d8a70 <_tbss_end+0xceeec>
800078da:	61e4                	.insn	2, 0x61e4
800078dc:	b8a4                	.insn	2, 0xb8a4
800078de:	b5d94e17          	auipc	t3,0xb5d94
800078e2:	6728                	.insn	2, 0x6728
800078e4:	73e6                	.insn	2, 0x73e6
800078e6:	57f4                	.insn	2, 0x57f4
800078e8:	5cb5                	.insn	2, 0x5cb5
800078ea:	673824b3          	.insn	4, 0x673824b3
800078ee:	452c                	.insn	2, 0x452c
800078f0:	375ced43          	.insn	4, 0x375ced43
800078f4:	2f3e                	.insn	2, 0x2f3e
800078f6:	0f22                	.insn	2, 0x0f22
800078f8:	c5fc                	.insn	2, 0xc5fc
800078fa:	6b3d                	.insn	2, 0x6b3d
800078fc:	d05f 47da c656      	.insn	6, 0xc65647dad05f
80007902:	189e                	.insn	2, 0x189e
80007904:	2f60                	.insn	2, 0x2f60
80007906:	5eb9                	.insn	2, 0x5eb9
80007908:	69c06c73          	csrrsi	s8,0x69c,0
8000790c:	b6de                	.insn	2, 0xb6de
8000790e:	029e                	.insn	2, 0x029e
80007910:	63bcc123          	.insn	4, 0x63bcc123
80007914:	c1b4                	.insn	2, 0xc1b4
80007916:	318b28bb          	.insn	4, 0x318b28bb
8000791a:	99334b27          	.insn	4, 0x99334b27
8000791e:	7d19                	.insn	2, 0x7d19
80007920:	2e0b77ef          	jal	a5,800bec00 <_tbss_end+0xb507c>
80007924:	49777d6b          	.insn	4, 0x49777d6b
80007928:	d426                	.insn	2, 0xd426
8000792a:	2d30                	.insn	2, 0x2d30
8000792c:	318c2ea3          	sw	s8,797(s8)
80007930:	5faed877          	.insn	4, 0x5faed877
80007934:	f09c                	.insn	2, 0xf09c
80007936:	00ad62fb          	.insn	4, 0x00ad62fb
8000793a:	0174                	.insn	2, 0x0174
8000793c:	6adf 5506 6f54      	.insn	6, 0x6f5455066adf
80007942:	600e                	.insn	2, 0x600e
80007944:	c4ff 40b0 1040 00c4 	.insn	18, 0x3644345fc77a1b2bd25200c4104040b0c4ff
8000794c:	d252 1b2b c77a 345f 
80007954:	3644 
80007956:	490671e7          	.insn	4, 0x490671e7
8000795a:	526d                	.insn	2, 0x526d
8000795c:	8909                	.insn	2, 0x8909
8000795e:	743c                	.insn	2, 0x743c
80007960:	ffda                	.insn	2, 0xffda
80007962:	389f 5411 35e6      	.insn	6, 0x35e65411389f
80007968:	91a6                	.insn	2, 0x91a6
8000796a:	26402f2b          	.insn	4, 0x26402f2b
8000796e:	5e70                	.insn	2, 0x5e70
80007970:	d928                	.insn	2, 0xd928
80007972:	0c85                	.insn	2, 0x0c85
80007974:	422f2997          	auipc	s3,0x422f2
80007978:	a9d0                	.insn	2, 0xa9d0
8000797a:	f68615bb          	.insn	4, 0xf68615bb
8000797e:	0335                	.insn	2, 0x0335
80007980:	9db6                	.insn	2, 0x9db6
80007982:	84d02e07          	.insn	4, 0x84d02e07
80007986:	1c2d                	.insn	2, 0x1c2d
80007988:	19f2                	.insn	2, 0x19f2
8000798a:	4396                	.insn	2, 0x4396
8000798c:	663ef68b          	.insn	4, 0x663ef68b
80007990:	657f 5624 b757 5bdb 	.insn	22, 0x4ae370d6584039f0708e08e42c115bdbb7575624657f
80007998:	2c11 08e4 708e 39f0 
800079a0:	5840 70d6 4ae3 
800079a6:	5fae58ab          	.insn	4, 0x5fae58ab
800079aa:	2632                	.insn	2, 0x2632
800079ac:	c65d                	.insn	2, 0xc65d
800079ae:	57a2                	.insn	2, 0x57a2
800079b0:	afc1                	.insn	2, 0xafc1
800079b2:	4361268b          	.insn	4, 0x4361268b
800079b6:	3aea                	.insn	2, 0x3aea
800079b8:	eae5                	.insn	2, 0xeae5
800079ba:	29e8                	.insn	2, 0x29e8
800079bc:	9209                	.insn	2, 0x9209
800079be:	687e                	.insn	2, 0x687e
800079c0:	5c32                	.insn	2, 0x5c32
800079c2:	765e                	.insn	2, 0x765e
800079c4:	28ae                	.insn	2, 0x28ae
800079c6:	297c                	.insn	2, 0x297c
800079c8:	fa95                	.insn	2, 0xfa95
800079ca:	6a49                	.insn	2, 0x6a49
800079cc:	e729                	.insn	2, 0xe729
800079ce:	4e82                	.insn	2, 0x4e82
800079d0:	4cb0                	.insn	2, 0x4cb0
800079d2:	689e                	.insn	2, 0x689e
800079d4:	b1ee                	.insn	2, 0xb1ee
800079d6:	83ba1fb7          	lui	t6,0x83ba1
800079da:	3fbe                	.insn	2, 0x3fbe
800079dc:	0ee21ec7          	.insn	4, 0x0ee21ec7
800079e0:	1f407de7          	.insn	4, 0x1f407de7
800079e4:	8c8c                	.insn	2, 0x8c8c
800079e6:	2d2d                	.insn	2, 0x2d2d
800079e8:	97d6                	.insn	2, 0x97d6
800079ea:	7db5                	.insn	2, 0x7db5
800079ec:	37ea                	.insn	2, 0x37ea
800079ee:	10d0240f          	.insn	4, 0x10d0240f
800079f2:	7585                	.insn	2, 0x7585
800079f4:	58ce                	.insn	2, 0x58ce
800079f6:	5eaa                	.insn	2, 0x5eaa
800079f8:	4e8e                	.insn	2, 0x4e8e
800079fa:	76c05b67          	.insn	4, 0x76c05b67
800079fe:	252c                	.insn	2, 0x252c
80007a00:	53c8cb9b          	.insn	4, 0x53c8cb9b
80007a04:	748d9613          	.insn	4, 0x748d9613
80007a08:	7651                	.insn	2, 0x7651
80007a0a:	8c68408b          	.insn	4, 0x8c68408b
80007a0e:	52ac                	.insn	2, 0x52ac
80007a10:	86a9                	.insn	2, 0x86a9
80007a12:	341a                	.insn	2, 0x341a
80007a14:	d8ac                	.insn	2, 0xd8ac
80007a16:	5030                	.insn	2, 0x5030
80007a18:	45a55e33          	.insn	4, 0x45a55e33
80007a1c:	3159                	.insn	2, 0x3159
80007a1e:	7782                	.insn	2, 0x7782
80007a20:	27b1                	.insn	2, 0x27b1
80007a22:	43550df3          	.insn	4, 0x43550df3
80007a26:	1c36                	.insn	2, 0x1c36
80007a28:	2ad8                	.insn	2, 0x2ad8
80007a2a:	2709                	.insn	2, 0x2709
80007a2c:	57cebc73          	csrrc	s8,0x57c,t4
80007a30:	ed02                	.insn	2, 0xed02
80007a32:	3b76                	.insn	2, 0x3b76
80007a34:	2fcade4f          	.insn	4, 0x2fcade4f
80007a38:	7a54488b          	.insn	4, 0x7a54488b
80007a3c:	e0a1                	.insn	2, 0xe0a1
80007a3e:	703e                	.insn	2, 0x703e
80007a40:	eae8                	.insn	2, 0xeae8
80007a42:	0b10                	.insn	2, 0x0b10
80007a44:	52d9061b          	.insn	4, 0x52d9061b
80007a48:	ac6e                	.insn	2, 0xac6e
80007a4a:	66d9                	.insn	2, 0x66d9
80007a4c:	5b28                	.insn	2, 0x5b28
80007a4e:	34cd                	.insn	2, 0x34cd
80007a50:	bd26                	.insn	2, 0xbd26
80007a52:	3925                	.insn	2, 0x3925
80007a54:	cbd4                	.insn	2, 0xcbd4
80007a56:	7a70                	.insn	2, 0x7a70
80007a58:	b6cd                	.insn	2, 0xb6cd
80007a5a:	fc8e039b          	.insn	4, 0xfc8e039b
80007a5e:	5515                	.insn	2, 0x5515
80007a60:	45288ea3          	sb	s2,1117(a7)
80007a64:	c129                	.insn	2, 0xc129
80007a66:	a88b6cef          	jal	s9,7ffbdcee <buflen.1+0x7ffbdcae>
80007a6a:	53f8                	.insn	2, 0x53f8
80007a6c:	1629                	.insn	2, 0x1629
80007a6e:	6460                	.insn	2, 0x6460
80007a70:	b922                	.insn	2, 0xb922
80007a72:	03ad                	.insn	2, 0x03ad
80007a74:	324f49f7          	.insn	4, 0x324f49f7
80007a78:	bdbd                	.insn	2, 0xbdbd
80007a7a:	f6433c4b          	.insn	4, 0xf6433c4b
80007a7e:	5aad                	.insn	2, 0x5aad
80007a80:	5f29                	.insn	2, 0x5f29
80007a82:	5e48                	.insn	2, 0x5e48
80007a84:	2d7f 3618 1f55 7894 	.insn	14, 0x8204430fbce778941f5536182d7f
80007a8c:	bce7 430f 8204 
80007a92:	4e34                	.insn	2, 0x4e34
80007a94:	c149                	.insn	2, 0xc149
80007a96:	fdf6576b          	.insn	4, 0xfdf6576b
80007a9a:	734b39d3          	.insn	4, 0x734b39d3
80007a9e:	04d2                	.insn	2, 0x04d2
80007aa0:	35e2                	.insn	2, 0x35e2
80007aa2:	5625                	.insn	2, 0x5625
80007aa4:	a794                	.insn	2, 0xa794
80007aa6:	13fe                	.insn	2, 0x13fe
80007aa8:	47e8                	.insn	2, 0x47e8
80007aaa:	1e6d                	.insn	2, 0x1e6d
80007aac:	efda                	.insn	2, 0xefda
80007aae:	0588                	.insn	2, 0x0588
80007ab0:	b61d                	.insn	2, 0xb61d
80007ab2:	6226                	.insn	2, 0x6226
80007ab4:	bb78                	.insn	2, 0xbb78
80007ab6:	6266                	.insn	2, 0x6266
80007ab8:	5b668c23          	sb	s6,1464(a3) # 20a315b8 <buflen.1+0x20a31578>
80007abc:	b0dc                	.insn	2, 0xb0dc
80007abe:	0ffa                	.insn	2, 0x0ffa
80007ac0:	347e3b97          	auipc	s7,0x347e3
80007ac4:	465d649b          	.insn	4, 0x465d649b
80007ac8:	bc8d                	.insn	2, 0xbc8d
80007aca:	6f59                	.insn	2, 0x6f59
80007acc:	685d77c3          	.insn	4, 0x685d77c3
80007ad0:	9740                	.insn	2, 0x9740
80007ad2:	17ed                	.insn	2, 0x17ed
80007ad4:	2c8c                	.insn	2, 0x2c8c
80007ad6:	2031                	.insn	2, 0x2031
80007ad8:	a141                	.insn	2, 0xa141
80007ada:	0f163cf7          	.insn	4, 0x0f163cf7
80007ade:	1b81                	.insn	2, 0x1b81
80007ae0:	48deb2b3          	.insn	4, 0x48deb2b3
80007ae4:	1b350fbf 05a5ef07 	.insn	8, 0x05a5ef071b350fbf
80007aec:	44f2                	.insn	2, 0x44f2
80007aee:	4961                	.insn	2, 0x4961
80007af0:	3900                	.insn	2, 0x3900
80007af2:	a4257fdb          	.insn	4, 0xa4257fdb
80007af6:	7329                	.insn	2, 0x7329
80007af8:	12e0                	.insn	2, 0x12e0
80007afa:	c44211eb          	.insn	4, 0xc44211eb
80007afe:	7a88                	.insn	2, 0x7a88
80007b00:	c985                	.insn	2, 0xc985
80007b02:	3a76                	.insn	2, 0x3a76
80007b04:	4e03cf67          	.insn	4, 0x4e03cf67
80007b08:	e4c1                	.insn	2, 0xe4c1
80007b0a:	3c39                	.insn	2, 0x3c39
80007b0c:	167d                	.insn	2, 0x167d
80007b0e:	5370                	.insn	2, 0x5370
80007b10:	36f5                	.insn	2, 0x36f5
80007b12:	4896                	.insn	2, 0x4896
80007b14:	66c0                	.insn	2, 0x66c0
80007b16:	37b6                	.insn	2, 0x37b6
80007b18:	935e                	.insn	2, 0x935e
80007b1a:	3460                	.insn	2, 0x3460
