
spmv.riscv:     file format elf32-littleriscv


Disassembly of section .text.init:

80000000 <_start>:
80000000:	00000093          	li	ra,0
80000004:	00000113          	li	sp,0
80000008:	00000193          	li	gp,0
8000000c:	00000213          	li	tp,0
80000010:	00000293          	li	t0,0
80000014:	00000313          	li	t1,0
80000018:	00000393          	li	t2,0
8000001c:	00000413          	li	s0,0
80000020:	00000493          	li	s1,0
80000024:	00000513          	li	a0,0
80000028:	00000593          	li	a1,0
8000002c:	00000613          	li	a2,0
80000030:	00000693          	li	a3,0
80000034:	00000713          	li	a4,0
80000038:	00000793          	li	a5,0
8000003c:	00000813          	li	a6,0
80000040:	00000893          	li	a7,0
80000044:	00000913          	li	s2,0
80000048:	00000993          	li	s3,0
8000004c:	00000a13          	li	s4,0
80000050:	00000a93          	li	s5,0
80000054:	00000b13          	li	s6,0
80000058:	00000b93          	li	s7,0
8000005c:	00000c13          	li	s8,0
80000060:	00000c93          	li	s9,0
80000064:	00000d13          	li	s10,0
80000068:	00000d93          	li	s11,0
8000006c:	00000e13          	li	t3,0
80000070:	00000e93          	li	t4,0
80000074:	00000f13          	li	t5,0
80000078:	00000f93          	li	t6,0
8000007c:	0181e2b7          	lui	t0,0x181e
80000080:	3002a073          	csrs	mstatus,t0
80000084:	00100293          	li	t0,1
80000088:	01f29293          	slli	t0,t0,0x1f
8000008c:	0002ca63          	bltz	t0,800000a0 <_start+0xa0>
80000090:	00100513          	li	a0,1
80000094:	00001297          	auipc	t0,0x1
80000098:	f6a2a623          	sw	a0,-148(t0) # 80001000 <tohost>
8000009c:	ff5ff06f          	j	80000090 <_start+0x90>
800000a0:	00000297          	auipc	t0,0x0
800000a4:	04028293          	addi	t0,t0,64 # 800000e0 <trap_entry>
800000a8:	30529073          	csrw	mtvec,t0
800000ac:	0000f197          	auipc	gp,0xf
800000b0:	97c18193          	addi	gp,gp,-1668 # 8000ea28 <__global_pointer$>
800000b4:	85718213          	addi	tp,gp,-1961 # 8000e27f <_end+0x3f>
800000b8:	fc027213          	andi	tp,tp,-64
800000bc:	f1402573          	csrr	a0,mhartid
800000c0:	00100593          	li	a1,1
800000c4:	00b57063          	bgeu	a0,a1,800000c4 <_start+0xc4>
800000c8:	00150113          	addi	sp,a0,1
800000cc:	01111113          	slli	sp,sp,0x11
800000d0:	00410133          	add	sp,sp,tp
800000d4:	01151613          	slli	a2,a0,0x11
800000d8:	00c20233          	add	tp,tp,a2
800000dc:	4fd0206f          	j	80002dd8 <_init>

800000e0 <trap_entry>:
800000e0:	ef010113          	addi	sp,sp,-272
800000e4:	00112223          	sw	ra,4(sp)
800000e8:	00212423          	sw	sp,8(sp)
800000ec:	00312623          	sw	gp,12(sp)
800000f0:	00412823          	sw	tp,16(sp)
800000f4:	00512a23          	sw	t0,20(sp)
800000f8:	00612c23          	sw	t1,24(sp)
800000fc:	00712e23          	sw	t2,28(sp)
80000100:	02812023          	sw	s0,32(sp)
80000104:	02912223          	sw	s1,36(sp)
80000108:	02a12423          	sw	a0,40(sp)
8000010c:	02b12623          	sw	a1,44(sp)
80000110:	02c12823          	sw	a2,48(sp)
80000114:	02d12a23          	sw	a3,52(sp)
80000118:	02e12c23          	sw	a4,56(sp)
8000011c:	02f12e23          	sw	a5,60(sp)
80000120:	05012023          	sw	a6,64(sp)
80000124:	05112223          	sw	a7,68(sp)
80000128:	05212423          	sw	s2,72(sp)
8000012c:	05312623          	sw	s3,76(sp)
80000130:	05412823          	sw	s4,80(sp)
80000134:	05512a23          	sw	s5,84(sp)
80000138:	05612c23          	sw	s6,88(sp)
8000013c:	05712e23          	sw	s7,92(sp)
80000140:	07812023          	sw	s8,96(sp)
80000144:	07912223          	sw	s9,100(sp)
80000148:	07a12423          	sw	s10,104(sp)
8000014c:	07b12623          	sw	s11,108(sp)
80000150:	07c12823          	sw	t3,112(sp)
80000154:	07d12a23          	sw	t4,116(sp)
80000158:	07e12c23          	sw	t5,120(sp)
8000015c:	07f12e23          	sw	t6,124(sp)
80000160:	34202573          	csrr	a0,mcause
80000164:	341025f3          	csrr	a1,mepc
80000168:	00010613          	mv	a2,sp
8000016c:	0dd020ef          	jal	80002a48 <handle_trap>
80000170:	34151073          	csrw	mepc,a0
80000174:	000022b7          	lui	t0,0x2
80000178:	80028293          	addi	t0,t0,-2048 # 1800 <buflen.1+0x17c0>
8000017c:	3002a073          	csrs	mstatus,t0
80000180:	00412083          	lw	ra,4(sp)
80000184:	00812103          	lw	sp,8(sp)
80000188:	00c12183          	lw	gp,12(sp)
8000018c:	01012203          	lw	tp,16(sp)
80000190:	01412283          	lw	t0,20(sp)
80000194:	01812303          	lw	t1,24(sp)
80000198:	01c12383          	lw	t2,28(sp)
8000019c:	02012403          	lw	s0,32(sp)
800001a0:	02412483          	lw	s1,36(sp)
800001a4:	02812503          	lw	a0,40(sp)
800001a8:	02c12583          	lw	a1,44(sp)
800001ac:	03012603          	lw	a2,48(sp)
800001b0:	03412683          	lw	a3,52(sp)
800001b4:	03812703          	lw	a4,56(sp)
800001b8:	03c12783          	lw	a5,60(sp)
800001bc:	04012803          	lw	a6,64(sp)
800001c0:	04412883          	lw	a7,68(sp)
800001c4:	04812903          	lw	s2,72(sp)
800001c8:	04c12983          	lw	s3,76(sp)
800001cc:	05012a03          	lw	s4,80(sp)
800001d0:	05412a83          	lw	s5,84(sp)
800001d4:	05812b03          	lw	s6,88(sp)
800001d8:	05c12b83          	lw	s7,92(sp)
800001dc:	06012c03          	lw	s8,96(sp)
800001e0:	06412c83          	lw	s9,100(sp)
800001e4:	06812d03          	lw	s10,104(sp)
800001e8:	06c12d83          	lw	s11,108(sp)
800001ec:	07012e03          	lw	t3,112(sp)
800001f0:	07412e83          	lw	t4,116(sp)
800001f4:	07812f03          	lw	t5,120(sp)
800001f8:	07c12f83          	lw	t6,124(sp)
800001fc:	11010113          	addi	sp,sp,272
80000200:	30200073          	mret

Disassembly of section .text:

80002000 <spmv>:
80002000:	40a05263          	blez	a0,80002404 <spmv+0x404>
80002004:	f3010113          	addi	sp,sp,-208
80002008:	0b412c23          	sw	s4,184(sp)
8000200c:	0b512a23          	sw	s5,180(sp)
80002010:	00251513          	slli	a0,a0,0x2
80002014:	01012a03          	lw	s4,16(sp)
80002018:	01412a83          	lw	s5,20(sp)
8000201c:	02e12e23          	sw	a4,60(sp)
80002020:	06f12423          	sw	a5,104(sp)
80002024:	00a70733          	add	a4,a4,a0
80002028:	02058793          	addi	a5,a1,32
8000202c:	0b812423          	sw	s8,168(sp)
80002030:	0c112623          	sw	ra,204(sp)
80002034:	0c812423          	sw	s0,200(sp)
80002038:	0c912223          	sw	s1,196(sp)
8000203c:	0d212023          	sw	s2,192(sp)
80002040:	0b312e23          	sw	s3,188(sp)
80002044:	0b612823          	sw	s6,176(sp)
80002048:	0b712623          	sw	s7,172(sp)
8000204c:	0b912223          	sw	s9,164(sp)
80002050:	0ba12023          	sw	s10,160(sp)
80002054:	09b12e23          	sw	s11,156(sp)
80002058:	00068c13          	mv	s8,a3
8000205c:	08e12423          	sw	a4,136(sp)
80002060:	08f12623          	sw	a5,140(sp)
80002064:	06b12c23          	sw	a1,120(sp)
80002068:	06c12e23          	sw	a2,124(sp)
8000206c:	03c12783          	lw	a5,60(sp)
80002070:	0047a883          	lw	a7,4(a5)
80002074:	0007a803          	lw	a6,0(a5)
80002078:	ffd88793          	addi	a5,a7,-3
8000207c:	36f85a63          	bge	a6,a5,800023f0 <spmv+0x3f0>
80002080:	ffc88793          	addi	a5,a7,-4
80002084:	410787b3          	sub	a5,a5,a6
80002088:	ffc7ff13          	andi	t5,a5,-4
8000208c:	08c12683          	lw	a3,140(sp)
80002090:	010f0733          	add	a4,t5,a6
80002094:	00371713          	slli	a4,a4,0x3
80002098:	00d70733          	add	a4,a4,a3
8000209c:	02e12c23          	sw	a4,56(sp)
800020a0:	07812703          	lw	a4,120(sp)
800020a4:	00381413          	slli	s0,a6,0x3
800020a8:	00000793          	li	a5,0
800020ac:	00870433          	add	s0,a4,s0
800020b0:	07c12703          	lw	a4,124(sp)
800020b4:	00000c93          	li	s9,0
800020b8:	00281493          	slli	s1,a6,0x2
800020bc:	07112623          	sw	a7,108(sp)
800020c0:	009704b3          	add	s1,a4,s1
800020c4:	00078993          	mv	s3,a5
800020c8:	000c8913          	mv	s2,s9
800020cc:	07012823          	sw	a6,112(sp)
800020d0:	07e12a23          	sw	t5,116(sp)
800020d4:	00f12823          	sw	a5,16(sp)
800020d8:	00f12c23          	sw	a5,24(sp)
800020dc:	03912023          	sw	s9,32(sp)
800020e0:	000c8893          	mv	a7,s9
800020e4:	0004a583          	lw	a1,0(s1)
800020e8:	00042603          	lw	a2,0(s0)
800020ec:	00442683          	lw	a3,4(s0)
800020f0:	00359593          	slli	a1,a1,0x3
800020f4:	00bc05b3          	add	a1,s8,a1
800020f8:	0005a503          	lw	a0,0(a1)
800020fc:	0045a583          	lw	a1,4(a1)
80002100:	03112a23          	sw	a7,52(sp)
80002104:	02f12423          	sw	a5,40(sp)
80002108:	725010ef          	jal	8000402c <__muldf3>
8000210c:	00050613          	mv	a2,a0
80002110:	00058693          	mv	a3,a1
80002114:	00098513          	mv	a0,s3
80002118:	00090593          	mv	a1,s2
8000211c:	704010ef          	jal	80003820 <__adddf3>
80002120:	00090d93          	mv	s11,s2
80002124:	00058913          	mv	s2,a1
80002128:	0044a583          	lw	a1,4(s1)
8000212c:	00842603          	lw	a2,8(s0)
80002130:	00c42683          	lw	a3,12(s0)
80002134:	00359593          	slli	a1,a1,0x3
80002138:	00bc05b3          	add	a1,s8,a1
8000213c:	00098d13          	mv	s10,s3
80002140:	00050993          	mv	s3,a0
80002144:	0005a503          	lw	a0,0(a1)
80002148:	0045a583          	lw	a1,4(a1)
8000214c:	02040413          	addi	s0,s0,32
80002150:	01048493          	addi	s1,s1,16
80002154:	6d9010ef          	jal	8000402c <__muldf3>
80002158:	01012783          	lw	a5,16(sp)
8000215c:	01912623          	sw	s9,12(sp)
80002160:	00050613          	mv	a2,a0
80002164:	00f12423          	sw	a5,8(sp)
80002168:	00058693          	mv	a3,a1
8000216c:	00812503          	lw	a0,8(sp)
80002170:	00c12583          	lw	a1,12(sp)
80002174:	6ac010ef          	jal	80003820 <__adddf3>
80002178:	ff84a803          	lw	a6,-8(s1)
8000217c:	ff042603          	lw	a2,-16(s0)
80002180:	ff442683          	lw	a3,-12(s0)
80002184:	00381813          	slli	a6,a6,0x3
80002188:	010c0833          	add	a6,s8,a6
8000218c:	00a12823          	sw	a0,16(sp)
80002190:	00058c93          	mv	s9,a1
80002194:	00082503          	lw	a0,0(a6)
80002198:	00482583          	lw	a1,4(a6)
8000219c:	691010ef          	jal	8000402c <__muldf3>
800021a0:	01812a03          	lw	s4,24(sp)
800021a4:	02012a83          	lw	s5,32(sp)
800021a8:	00050613          	mv	a2,a0
800021ac:	00058693          	mv	a3,a1
800021b0:	000a0513          	mv	a0,s4
800021b4:	000a8593          	mv	a1,s5
800021b8:	668010ef          	jal	80003820 <__adddf3>
800021bc:	ffc4a803          	lw	a6,-4(s1)
800021c0:	00058313          	mv	t1,a1
800021c4:	ff842603          	lw	a2,-8(s0)
800021c8:	00381813          	slli	a6,a6,0x3
800021cc:	010c0833          	add	a6,s8,a6
800021d0:	ffc42683          	lw	a3,-4(s0)
800021d4:	00482583          	lw	a1,4(a6)
800021d8:	00a12c23          	sw	a0,24(sp)
800021dc:	00082503          	lw	a0,0(a6)
800021e0:	02612023          	sw	t1,32(sp)
800021e4:	649010ef          	jal	8000402c <__muldf3>
800021e8:	02812783          	lw	a5,40(sp)
800021ec:	03412883          	lw	a7,52(sp)
800021f0:	00050613          	mv	a2,a0
800021f4:	00058693          	mv	a3,a1
800021f8:	00078513          	mv	a0,a5
800021fc:	00088593          	mv	a1,a7
80002200:	00078b13          	mv	s6,a5
80002204:	00088b93          	mv	s7,a7
80002208:	618010ef          	jal	80003820 <__adddf3>
8000220c:	03812703          	lw	a4,56(sp)
80002210:	00050793          	mv	a5,a0
80002214:	00058893          	mv	a7,a1
80002218:	ec8716e3          	bne	a4,s0,800020e4 <spmv+0xe4>
8000221c:	01012e03          	lw	t3,16(sp)
80002220:	01812e83          	lw	t4,24(sp)
80002224:	02012303          	lw	t1,32(sp)
80002228:	000c8713          	mv	a4,s9
8000222c:	07012803          	lw	a6,112(sp)
80002230:	07412f03          	lw	t5,116(sp)
80002234:	05d12823          	sw	t4,80(sp)
80002238:	05c12c23          	sw	t3,88(sp)
8000223c:	04612a23          	sw	t1,84(sp)
80002240:	04e12e23          	sw	a4,92(sp)
80002244:	06c12883          	lw	a7,108(sp)
80002248:	05012603          	lw	a2,80(sp)
8000224c:	05412683          	lw	a3,84(sp)
80002250:	02a12023          	sw	a0,32(sp)
80002254:	00058c93          	mv	s9,a1
80002258:	05812503          	lw	a0,88(sp)
8000225c:	05c12583          	lw	a1,92(sp)
80002260:	00480813          	addi	a6,a6,4
80002264:	01e80833          	add	a6,a6,t5
80002268:	01112c23          	sw	a7,24(sp)
8000226c:	01012823          	sw	a6,16(sp)
80002270:	5b0010ef          	jal	80003820 <__adddf3>
80002274:	02012783          	lw	a5,32(sp)
80002278:	07912223          	sw	s9,100(sp)
8000227c:	06412683          	lw	a3,100(sp)
80002280:	06f12023          	sw	a5,96(sp)
80002284:	06012603          	lw	a2,96(sp)
80002288:	598010ef          	jal	80003820 <__adddf3>
8000228c:	01012803          	lw	a6,16(sp)
80002290:	01812883          	lw	a7,24(sp)
80002294:	00058793          	mv	a5,a1
80002298:	0d185863          	bge	a6,a7,80002368 <spmv+0x368>
8000229c:	07812703          	lw	a4,120(sp)
800022a0:	00381493          	slli	s1,a6,0x3
800022a4:	00389893          	slli	a7,a7,0x3
800022a8:	01170433          	add	s0,a4,a7
800022ac:	009704b3          	add	s1,a4,s1
800022b0:	07c12703          	lw	a4,124(sp)
800022b4:	00281813          	slli	a6,a6,0x2
800022b8:	01b12e23          	sw	s11,28(sp)
800022bc:	01070cb3          	add	s9,a4,a6
800022c0:	00098d93          	mv	s11,s3
800022c4:	03512223          	sw	s5,36(sp)
800022c8:	03712623          	sw	s7,44(sp)
800022cc:	000c8a93          	mv	s5,s9
800022d0:	00a12823          	sw	a0,16(sp)
800022d4:	01a12c23          	sw	s10,24(sp)
800022d8:	00078993          	mv	s3,a5
800022dc:	03412023          	sw	s4,32(sp)
800022e0:	00040c93          	mv	s9,s0
800022e4:	03612423          	sw	s6,40(sp)
800022e8:	00048b93          	mv	s7,s1
800022ec:	000aa783          	lw	a5,0(s5)
800022f0:	000ba603          	lw	a2,0(s7)
800022f4:	004ba683          	lw	a3,4(s7)
800022f8:	00379793          	slli	a5,a5,0x3
800022fc:	00fc07b3          	add	a5,s8,a5
80002300:	0007a503          	lw	a0,0(a5)
80002304:	0047a583          	lw	a1,4(a5)
80002308:	008b8b93          	addi	s7,s7,8
8000230c:	000d8413          	mv	s0,s11
80002310:	51d010ef          	jal	8000402c <__muldf3>
80002314:	00050613          	mv	a2,a0
80002318:	00058693          	mv	a3,a1
8000231c:	000d8513          	mv	a0,s11
80002320:	00090593          	mv	a1,s2
80002324:	4fc010ef          	jal	80003820 <__adddf3>
80002328:	00090493          	mv	s1,s2
8000232c:	004a8a93          	addi	s5,s5,4
80002330:	00050d93          	mv	s11,a0
80002334:	00058913          	mv	s2,a1
80002338:	fb7c9ae3          	bne	s9,s7,800022ec <spmv+0x2ec>
8000233c:	00098793          	mv	a5,s3
80002340:	01012503          	lw	a0,16(sp)
80002344:	000d8993          	mv	s3,s11
80002348:	01812d03          	lw	s10,24(sp)
8000234c:	01c12d83          	lw	s11,28(sp)
80002350:	02012a03          	lw	s4,32(sp)
80002354:	02412a83          	lw	s5,36(sp)
80002358:	02812b03          	lw	s6,40(sp)
8000235c:	02c12b83          	lw	s7,44(sp)
80002360:	08812023          	sw	s0,128(sp)
80002364:	08912223          	sw	s1,132(sp)
80002368:	04a12023          	sw	a0,64(sp)
8000236c:	04f12223          	sw	a5,68(sp)
80002370:	05312423          	sw	s3,72(sp)
80002374:	05212623          	sw	s2,76(sp)
80002378:	04012603          	lw	a2,64(sp)
8000237c:	04412683          	lw	a3,68(sp)
80002380:	04812503          	lw	a0,72(sp)
80002384:	04c12583          	lw	a1,76(sp)
80002388:	498010ef          	jal	80003820 <__adddf3>
8000238c:	06812703          	lw	a4,104(sp)
80002390:	03c12783          	lw	a5,60(sp)
80002394:	00a72023          	sw	a0,0(a4)
80002398:	00b72223          	sw	a1,4(a4)
8000239c:	00870713          	addi	a4,a4,8
800023a0:	06e12423          	sw	a4,104(sp)
800023a4:	08812703          	lw	a4,136(sp)
800023a8:	00478793          	addi	a5,a5,4
800023ac:	02f12e23          	sw	a5,60(sp)
800023b0:	caf71ee3          	bne	a4,a5,8000206c <spmv+0x6c>
800023b4:	0cc12083          	lw	ra,204(sp)
800023b8:	0c812403          	lw	s0,200(sp)
800023bc:	0c412483          	lw	s1,196(sp)
800023c0:	0c012903          	lw	s2,192(sp)
800023c4:	0bc12983          	lw	s3,188(sp)
800023c8:	0b812a03          	lw	s4,184(sp)
800023cc:	0b412a83          	lw	s5,180(sp)
800023d0:	0b012b03          	lw	s6,176(sp)
800023d4:	0ac12b83          	lw	s7,172(sp)
800023d8:	0a812c03          	lw	s8,168(sp)
800023dc:	0a412c83          	lw	s9,164(sp)
800023e0:	0a012d03          	lw	s10,160(sp)
800023e4:	09c12d83          	lw	s11,156(sp)
800023e8:	0d010113          	addi	sp,sp,208
800023ec:	00008067          	ret
800023f0:	00000513          	li	a0,0
800023f4:	00000793          	li	a5,0
800023f8:	00050993          	mv	s3,a0
800023fc:	00078913          	mv	s2,a5
80002400:	e99ff06f          	j	80002298 <spmv+0x298>
80002404:	00008067          	ret

80002408 <vprintfmt>:
80002408:	eb010113          	addi	sp,sp,-336
8000240c:	14812423          	sw	s0,328(sp)
80002410:	15212023          	sw	s2,320(sp)
80002414:	13312e23          	sw	s3,316(sp)
80002418:	13512a23          	sw	s5,308(sp)
8000241c:	14112623          	sw	ra,332(sp)
80002420:	14912223          	sw	s1,324(sp)
80002424:	13412c23          	sw	s4,312(sp)
80002428:	13712623          	sw	s7,300(sp)
8000242c:	13812423          	sw	s8,296(sp)
80002430:	13912223          	sw	s9,292(sp)
80002434:	13a12023          	sw	s10,288(sp)
80002438:	00050993          	mv	s3,a0
8000243c:	00058913          	mv	s2,a1
80002440:	00060413          	mv	s0,a2
80002444:	00d12623          	sw	a3,12(sp)
80002448:	02500a93          	li	s5,37
8000244c:	0140006f          	j	80002460 <vprintfmt+0x58>
80002450:	06050463          	beqz	a0,800024b8 <vprintfmt+0xb0>
80002454:	00090593          	mv	a1,s2
80002458:	00140413          	addi	s0,s0,1
8000245c:	000980e7          	jalr	s3
80002460:	00044503          	lbu	a0,0(s0)
80002464:	ff5516e3          	bne	a0,s5,80002450 <vprintfmt+0x48>
80002468:	00144683          	lbu	a3,1(s0)
8000246c:	00140a13          	addi	s4,s0,1
80002470:	fff00493          	li	s1,-1
80002474:	02000793          	li	a5,32
80002478:	000a0713          	mv	a4,s4
8000247c:	00048c13          	mv	s8,s1
80002480:	00f12423          	sw	a5,8(sp)
80002484:	00000593          	li	a1,0
80002488:	fdd68793          	addi	a5,a3,-35
8000248c:	0ff7f793          	zext.b	a5,a5
80002490:	05500613          	li	a2,85
80002494:	00170413          	addi	s0,a4,1
80002498:	06f66a63          	bltu	a2,a5,8000250c <vprintfmt+0x104>
8000249c:	0000c617          	auipc	a2,0xc
800024a0:	ab460613          	addi	a2,a2,-1356 # 8000df50 <val+0x4af8>
800024a4:	00279793          	slli	a5,a5,0x2
800024a8:	00c787b3          	add	a5,a5,a2
800024ac:	0007a783          	lw	a5,0(a5)
800024b0:	00c787b3          	add	a5,a5,a2
800024b4:	00078067          	jr	a5
800024b8:	14c12083          	lw	ra,332(sp)
800024bc:	14812403          	lw	s0,328(sp)
800024c0:	14412483          	lw	s1,324(sp)
800024c4:	14012903          	lw	s2,320(sp)
800024c8:	13c12983          	lw	s3,316(sp)
800024cc:	13812a03          	lw	s4,312(sp)
800024d0:	13412a83          	lw	s5,308(sp)
800024d4:	12c12b83          	lw	s7,300(sp)
800024d8:	12812c03          	lw	s8,296(sp)
800024dc:	12412c83          	lw	s9,292(sp)
800024e0:	12012d03          	lw	s10,288(sp)
800024e4:	15010113          	addi	sp,sp,336
800024e8:	00008067          	ret
800024ec:	00d12423          	sw	a3,8(sp)
800024f0:	00174683          	lbu	a3,1(a4)
800024f4:	05500613          	li	a2,85
800024f8:	00040713          	mv	a4,s0
800024fc:	fdd68793          	addi	a5,a3,-35
80002500:	0ff7f793          	zext.b	a5,a5
80002504:	00170413          	addi	s0,a4,1
80002508:	f8f67ae3          	bgeu	a2,a5,8000249c <vprintfmt+0x94>
8000250c:	00090593          	mv	a1,s2
80002510:	02500513          	li	a0,37
80002514:	000980e7          	jalr	s3
80002518:	000a0413          	mv	s0,s4
8000251c:	f45ff06f          	j	80002460 <vprintfmt+0x58>
80002520:	00174603          	lbu	a2,1(a4)
80002524:	00900513          	li	a0,9
80002528:	fd068493          	addi	s1,a3,-48
8000252c:	fd060793          	addi	a5,a2,-48
80002530:	00060693          	mv	a3,a2
80002534:	00040713          	mv	a4,s0
80002538:	02f56663          	bltu	a0,a5,80002564 <vprintfmt+0x15c>
8000253c:	00249793          	slli	a5,s1,0x2
80002540:	009787b3          	add	a5,a5,s1
80002544:	00170713          	addi	a4,a4,1
80002548:	00179793          	slli	a5,a5,0x1
8000254c:	00c787b3          	add	a5,a5,a2
80002550:	00074603          	lbu	a2,0(a4)
80002554:	fd078493          	addi	s1,a5,-48
80002558:	fd060793          	addi	a5,a2,-48
8000255c:	00060693          	mv	a3,a2
80002560:	fcf57ee3          	bgeu	a0,a5,8000253c <vprintfmt+0x134>
80002564:	f20c52e3          	bgez	s8,80002488 <vprintfmt+0x80>
80002568:	00048c13          	mv	s8,s1
8000256c:	fff00493          	li	s1,-1
80002570:	f19ff06f          	j	80002488 <vprintfmt+0x80>
80002574:	00174683          	lbu	a3,1(a4)
80002578:	00040713          	mv	a4,s0
8000257c:	f0dff06f          	j	80002488 <vprintfmt+0x80>
80002580:	00090593          	mv	a1,s2
80002584:	02500513          	li	a0,37
80002588:	000980e7          	jalr	s3
8000258c:	ed5ff06f          	j	80002460 <vprintfmt+0x58>
80002590:	00c12783          	lw	a5,12(sp)
80002594:	00174683          	lbu	a3,1(a4)
80002598:	00040713          	mv	a4,s0
8000259c:	0007a483          	lw	s1,0(a5)
800025a0:	00478793          	addi	a5,a5,4
800025a4:	00f12623          	sw	a5,12(sp)
800025a8:	fbdff06f          	j	80002564 <vprintfmt+0x15c>
800025ac:	00090593          	mv	a1,s2
800025b0:	03000513          	li	a0,48
800025b4:	13612823          	sw	s6,304(sp)
800025b8:	000980e7          	jalr	s3
800025bc:	00090593          	mv	a1,s2
800025c0:	07800513          	li	a0,120
800025c4:	000980e7          	jalr	s3
800025c8:	00c12783          	lw	a5,12(sp)
800025cc:	01000b93          	li	s7,16
800025d0:	00000d13          	li	s10,0
800025d4:	00478713          	addi	a4,a5,4
800025d8:	00c12783          	lw	a5,12(sp)
800025dc:	00000c93          	li	s9,0
800025e0:	0007a483          	lw	s1,0(a5)
800025e4:	00e12623          	sw	a4,12(sp)
800025e8:	000b8613          	mv	a2,s7
800025ec:	00000693          	li	a3,0
800025f0:	00048513          	mv	a0,s1
800025f4:	000c8593          	mv	a1,s9
800025f8:	649000ef          	jal	80003440 <__umoddi3>
800025fc:	00a12823          	sw	a0,16(sp)
80002600:	279d0863          	beq	s10,s9,80002870 <vprintfmt+0x468>
80002604:	11b12e23          	sw	s11,284(sp)
80002608:	00100b13          	li	s6,1
8000260c:	01410d93          	addi	s11,sp,20
80002610:	00048513          	mv	a0,s1
80002614:	000c8593          	mv	a1,s9
80002618:	000b8613          	mv	a2,s7
8000261c:	00000693          	li	a3,0
80002620:	1f5000ef          	jal	80003014 <__udivdi3>
80002624:	000b8613          	mv	a2,s7
80002628:	00000693          	li	a3,0
8000262c:	00050493          	mv	s1,a0
80002630:	00058c93          	mv	s9,a1
80002634:	60d000ef          	jal	80003440 <__umoddi3>
80002638:	00ada023          	sw	a0,0(s11)
8000263c:	000b0a13          	mv	s4,s6
80002640:	004d8d93          	addi	s11,s11,4
80002644:	001b0b13          	addi	s6,s6,1
80002648:	fd9d14e3          	bne	s10,s9,80002610 <vprintfmt+0x208>
8000264c:	fd74f2e3          	bgeu	s1,s7,80002610 <vprintfmt+0x208>
80002650:	11c12d83          	lw	s11,284(sp)
80002654:	fffc0b93          	addi	s7,s8,-1
80002658:	fffb0493          	addi	s1,s6,-1
8000265c:	018b5c63          	bge	s6,s8,80002674 <vprintfmt+0x26c>
80002660:	00812503          	lw	a0,8(sp)
80002664:	00090593          	mv	a1,s2
80002668:	fffb8b93          	addi	s7,s7,-1
8000266c:	000980e7          	jalr	s3
80002670:	fe9b98e3          	bne	s7,s1,80002660 <vprintfmt+0x258>
80002674:	002a1a13          	slli	s4,s4,0x2
80002678:	01010493          	addi	s1,sp,16
8000267c:	01448a33          	add	s4,s1,s4
80002680:	00900b13          	li	s6,9
80002684:	0080006f          	j	8000268c <vprintfmt+0x284>
80002688:	00078a13          	mv	s4,a5
8000268c:	000a2783          	lw	a5,0(s4)
80002690:	03000513          	li	a0,48
80002694:	00fb7463          	bgeu	s6,a5,8000269c <vprintfmt+0x294>
80002698:	05700513          	li	a0,87
8000269c:	00a78533          	add	a0,a5,a0
800026a0:	00090593          	mv	a1,s2
800026a4:	000980e7          	jalr	s3
800026a8:	ffca0793          	addi	a5,s4,-4
800026ac:	fd449ee3          	bne	s1,s4,80002688 <vprintfmt+0x280>
800026b0:	13012b03          	lw	s6,304(sp)
800026b4:	dadff06f          	j	80002460 <vprintfmt+0x58>
800026b8:	13612823          	sw	s6,304(sp)
800026bc:	00100793          	li	a5,1
800026c0:	1cb7c063          	blt	a5,a1,80002880 <vprintfmt+0x478>
800026c4:	00c12783          	lw	a5,12(sp)
800026c8:	0007a483          	lw	s1,0(a5)
800026cc:	00478793          	addi	a5,a5,4
800026d0:	00f12623          	sw	a5,12(sp)
800026d4:	41f4dc93          	srai	s9,s1,0x1f
800026d8:	020cd063          	bgez	s9,800026f8 <vprintfmt+0x2f0>
800026dc:	00090593          	mv	a1,s2
800026e0:	02d00513          	li	a0,45
800026e4:	000980e7          	jalr	s3
800026e8:	00903733          	snez	a4,s1
800026ec:	419007b3          	neg	a5,s9
800026f0:	40e78cb3          	sub	s9,a5,a4
800026f4:	409004b3          	neg	s1,s1
800026f8:	00a00b93          	li	s7,10
800026fc:	00000d13          	li	s10,0
80002700:	ee9ff06f          	j	800025e8 <vprintfmt+0x1e0>
80002704:	00174683          	lbu	a3,1(a4)
80002708:	00158593          	addi	a1,a1,1
8000270c:	00040713          	mv	a4,s0
80002710:	d79ff06f          	j	80002488 <vprintfmt+0x80>
80002714:	13612823          	sw	s6,304(sp)
80002718:	01000b93          	li	s7,16
8000271c:	00000d13          	li	s10,0
80002720:	00100793          	li	a5,1
80002724:	12b7c663          	blt	a5,a1,80002850 <vprintfmt+0x448>
80002728:	00c12783          	lw	a5,12(sp)
8000272c:	00478713          	addi	a4,a5,4
80002730:	ea9ff06f          	j	800025d8 <vprintfmt+0x1d0>
80002734:	00c12783          	lw	a5,12(sp)
80002738:	0007aa03          	lw	s4,0(a5)
8000273c:	060a0a63          	beqz	s4,800027b0 <vprintfmt+0x3a8>
80002740:	0d805663          	blez	s8,8000280c <vprintfmt+0x404>
80002744:	00812703          	lw	a4,8(sp)
80002748:	02d00793          	li	a5,45
8000274c:	08f71063          	bne	a4,a5,800027cc <vprintfmt+0x3c4>
80002750:	000a4503          	lbu	a0,0(s4)
80002754:	02050c63          	beqz	a0,8000278c <vprintfmt+0x384>
80002758:	13612823          	sw	s6,304(sp)
8000275c:	fff00b13          	li	s6,-1
80002760:	0004c663          	bltz	s1,8000276c <vprintfmt+0x364>
80002764:	fff48493          	addi	s1,s1,-1
80002768:	01648e63          	beq	s1,s6,80002784 <vprintfmt+0x37c>
8000276c:	00090593          	mv	a1,s2
80002770:	000980e7          	jalr	s3
80002774:	001a4503          	lbu	a0,1(s4)
80002778:	001a0a13          	addi	s4,s4,1
8000277c:	fffc0c13          	addi	s8,s8,-1
80002780:	fe0510e3          	bnez	a0,80002760 <vprintfmt+0x358>
80002784:	13012b03          	lw	s6,304(sp)
80002788:	01805c63          	blez	s8,800027a0 <vprintfmt+0x398>
8000278c:	00090593          	mv	a1,s2
80002790:	02000513          	li	a0,32
80002794:	fffc0c13          	addi	s8,s8,-1
80002798:	000980e7          	jalr	s3
8000279c:	fe0c18e3          	bnez	s8,8000278c <vprintfmt+0x384>
800027a0:	00c12783          	lw	a5,12(sp)
800027a4:	00478793          	addi	a5,a5,4
800027a8:	00f12623          	sw	a5,12(sp)
800027ac:	cb5ff06f          	j	80002460 <vprintfmt+0x58>
800027b0:	11805863          	blez	s8,800028c0 <vprintfmt+0x4b8>
800027b4:	00812703          	lw	a4,8(sp)
800027b8:	02d00793          	li	a5,45
800027bc:	0000ca17          	auipc	s4,0xc
800027c0:	9eca0a13          	addi	s4,s4,-1556 # 8000e1a8 <__clz_tab+0x100>
800027c4:	02800513          	li	a0,40
800027c8:	f8f708e3          	beq	a4,a5,80002758 <vprintfmt+0x350>
800027cc:	000a0793          	mv	a5,s4
800027d0:	009a06b3          	add	a3,s4,s1
800027d4:	00049863          	bnez	s1,800027e4 <vprintfmt+0x3dc>
800027d8:	0200006f          	j	800027f8 <vprintfmt+0x3f0>
800027dc:	00178793          	addi	a5,a5,1
800027e0:	00d78663          	beq	a5,a3,800027ec <vprintfmt+0x3e4>
800027e4:	0007c703          	lbu	a4,0(a5)
800027e8:	fe071ae3          	bnez	a4,800027dc <vprintfmt+0x3d4>
800027ec:	414787b3          	sub	a5,a5,s4
800027f0:	40fc0c33          	sub	s8,s8,a5
800027f4:	01805c63          	blez	s8,8000280c <vprintfmt+0x404>
800027f8:	00812503          	lw	a0,8(sp)
800027fc:	00090593          	mv	a1,s2
80002800:	fffc0c13          	addi	s8,s8,-1
80002804:	000980e7          	jalr	s3
80002808:	fe0c18e3          	bnez	s8,800027f8 <vprintfmt+0x3f0>
8000280c:	000a4503          	lbu	a0,0(s4)
80002810:	f80508e3          	beqz	a0,800027a0 <vprintfmt+0x398>
80002814:	13612823          	sw	s6,304(sp)
80002818:	f45ff06f          	j	8000275c <vprintfmt+0x354>
8000281c:	fffc4793          	not	a5,s8
80002820:	41f7d793          	srai	a5,a5,0x1f
80002824:	00174683          	lbu	a3,1(a4)
80002828:	00fc7c33          	and	s8,s8,a5
8000282c:	00040713          	mv	a4,s0
80002830:	c59ff06f          	j	80002488 <vprintfmt+0x80>
80002834:	00c12783          	lw	a5,12(sp)
80002838:	00090593          	mv	a1,s2
8000283c:	0007a503          	lw	a0,0(a5)
80002840:	00478493          	addi	s1,a5,4
80002844:	000980e7          	jalr	s3
80002848:	00912623          	sw	s1,12(sp)
8000284c:	c15ff06f          	j	80002460 <vprintfmt+0x58>
80002850:	00c12783          	lw	a5,12(sp)
80002854:	00778793          	addi	a5,a5,7
80002858:	ff87f793          	andi	a5,a5,-8
8000285c:	00878713          	addi	a4,a5,8
80002860:	0007a483          	lw	s1,0(a5)
80002864:	0047ac83          	lw	s9,4(a5)
80002868:	00e12623          	sw	a4,12(sp)
8000286c:	d7dff06f          	j	800025e8 <vprintfmt+0x1e0>
80002870:	d974fae3          	bgeu	s1,s7,80002604 <vprintfmt+0x1fc>
80002874:	00000a13          	li	s4,0
80002878:	00100b13          	li	s6,1
8000287c:	dd9ff06f          	j	80002654 <vprintfmt+0x24c>
80002880:	00c12783          	lw	a5,12(sp)
80002884:	00778793          	addi	a5,a5,7
80002888:	ff87f793          	andi	a5,a5,-8
8000288c:	00878713          	addi	a4,a5,8
80002890:	0007a483          	lw	s1,0(a5)
80002894:	0047ac83          	lw	s9,4(a5)
80002898:	00e12623          	sw	a4,12(sp)
8000289c:	e3dff06f          	j	800026d8 <vprintfmt+0x2d0>
800028a0:	13612823          	sw	s6,304(sp)
800028a4:	00a00b93          	li	s7,10
800028a8:	00000d13          	li	s10,0
800028ac:	e75ff06f          	j	80002720 <vprintfmt+0x318>
800028b0:	13612823          	sw	s6,304(sp)
800028b4:	00800b93          	li	s7,8
800028b8:	00000d13          	li	s10,0
800028bc:	e65ff06f          	j	80002720 <vprintfmt+0x318>
800028c0:	13612823          	sw	s6,304(sp)
800028c4:	0000ca17          	auipc	s4,0xc
800028c8:	8e4a0a13          	addi	s4,s4,-1820 # 8000e1a8 <__clz_tab+0x100>
800028cc:	02800513          	li	a0,40
800028d0:	fff00b13          	li	s6,-1
800028d4:	e8dff06f          	j	80002760 <vprintfmt+0x358>

800028d8 <sprintf_putch.0>:
800028d8:	0005a783          	lw	a5,0(a1)
800028dc:	00a78023          	sb	a0,0(a5)
800028e0:	0005a783          	lw	a5,0(a1)
800028e4:	00178793          	addi	a5,a5,1
800028e8:	00f5a023          	sw	a5,0(a1)
800028ec:	00008067          	ret

800028f0 <putchar>:
800028f0:	04022783          	lw	a5,64(tp) # 40 <buflen.1>
800028f4:	00020713          	mv	a4,tp
800028f8:	f8010113          	addi	sp,sp,-128
800028fc:	00f70733          	add	a4,a4,a5
80002900:	00178793          	addi	a5,a5,1
80002904:	00a70023          	sb	a0,0(a4)
80002908:	04f22023          	sw	a5,64(tp) # 40 <buflen.1>
8000290c:	00a00713          	li	a4,10
80002910:	03f10693          	addi	a3,sp,63
80002914:	fc06f693          	andi	a3,a3,-64
80002918:	00e50c63          	beq	a0,a4,80002930 <putchar+0x40>
8000291c:	04000713          	li	a4,64
80002920:	00e78863          	beq	a5,a4,80002930 <putchar+0x40>
80002924:	00000513          	li	a0,0
80002928:	08010113          	addi	sp,sp,128
8000292c:	00008067          	ret
80002930:	04000813          	li	a6,64
80002934:	0106a023          	sw	a6,0(a3)
80002938:	00000893          	li	a7,0
8000293c:	0116a223          	sw	a7,4(a3)
80002940:	00100e13          	li	t3,1
80002944:	01c6a423          	sw	t3,8(a3)
80002948:	00000e93          	li	t4,0
8000294c:	01d6a623          	sw	t4,12(a3)
80002950:	00020313          	mv	t1,tp
80002954:	0066a823          	sw	t1,16(a3)
80002958:	00000393          	li	t2,0
8000295c:	0076aa23          	sw	t2,20(a3)
80002960:	00f6ac23          	sw	a5,24(a3)
80002964:	41f7d893          	srai	a7,a5,0x1f
80002968:	0116ae23          	sw	a7,28(a3)
8000296c:	0330000f          	fence	rw,rw
80002970:	ffffe617          	auipc	a2,0xffffe
80002974:	69060613          	addi	a2,a2,1680 # 80001000 <tohost>
80002978:	00d62023          	sw	a3,0(a2)
8000297c:	00000793          	li	a5,0
80002980:	00f62223          	sw	a5,4(a2)
80002984:	ffffe617          	auipc	a2,0xffffe
80002988:	6bc60613          	addi	a2,a2,1724 # 80001040 <fromhost>
8000298c:	00062703          	lw	a4,0(a2)
80002990:	00462783          	lw	a5,4(a2)
80002994:	00f76733          	or	a4,a4,a5
80002998:	fe070ae3          	beqz	a4,8000298c <putchar+0x9c>
8000299c:	00000793          	li	a5,0
800029a0:	00f62023          	sw	a5,0(a2)
800029a4:	00000813          	li	a6,0
800029a8:	01062223          	sw	a6,4(a2)
800029ac:	0330000f          	fence	rw,rw
800029b0:	04022023          	sw	zero,64(tp) # 40 <buflen.1>
800029b4:	0006a703          	lw	a4,0(a3)
800029b8:	00000513          	li	a0,0
800029bc:	0046a783          	lw	a5,4(a3)
800029c0:	08010113          	addi	sp,sp,128
800029c4:	00008067          	ret

800029c8 <setStats>:
800029c8:	b0002773          	csrr	a4,mcycle
800029cc:	0000c797          	auipc	a5,0xc
800029d0:	86478793          	addi	a5,a5,-1948 # 8000e230 <counters>
800029d4:	00050a63          	beqz	a0,800029e8 <setStats+0x20>
800029d8:	00e7a023          	sw	a4,0(a5)
800029dc:	b0202773          	csrr	a4,minstret
800029e0:	00e7a223          	sw	a4,4(a5)
800029e4:	00008067          	ret
800029e8:	0007a583          	lw	a1,0(a5)
800029ec:	0000c697          	auipc	a3,0xc
800029f0:	83c68693          	addi	a3,a3,-1988 # 8000e228 <counter_names>
800029f4:	0000b617          	auipc	a2,0xb
800029f8:	7c060613          	addi	a2,a2,1984 # 8000e1b4 <__clz_tab+0x10c>
800029fc:	40b70733          	sub	a4,a4,a1
80002a00:	00e7a023          	sw	a4,0(a5)
80002a04:	00c6a023          	sw	a2,0(a3)
80002a08:	b0202773          	csrr	a4,minstret
80002a0c:	0047a603          	lw	a2,4(a5)
80002a10:	0000b597          	auipc	a1,0xb
80002a14:	7ac58593          	addi	a1,a1,1964 # 8000e1bc <__clz_tab+0x114>
80002a18:	00b6a223          	sw	a1,4(a3)
80002a1c:	40c70733          	sub	a4,a4,a2
80002a20:	00e7a223          	sw	a4,4(a5)
80002a24:	00008067          	ret

80002a28 <tohost_exit>:
80002a28:	00151693          	slli	a3,a0,0x1
80002a2c:	0016e713          	ori	a4,a3,1
80002a30:	ffffe697          	auipc	a3,0xffffe
80002a34:	5d068693          	addi	a3,a3,1488 # 80001000 <tohost>
80002a38:	00000793          	li	a5,0
80002a3c:	00e6a023          	sw	a4,0(a3)
80002a40:	00f6a223          	sw	a5,4(a3)
80002a44:	0000006f          	j	80002a44 <tohost_exit+0x1c>

80002a48 <handle_trap>:
80002a48:	00001637          	lui	a2,0x1
80002a4c:	ffffe797          	auipc	a5,0xffffe
80002a50:	5b478793          	addi	a5,a5,1460 # 80001000 <tohost>
80002a54:	a7360613          	addi	a2,a2,-1421 # a73 <buflen.1+0xa33>
80002a58:	00000693          	li	a3,0
80002a5c:	00c7a023          	sw	a2,0(a5)
80002a60:	00d7a223          	sw	a3,4(a5)
80002a64:	0000006f          	j	80002a64 <handle_trap+0x1c>

80002a68 <exit>:
80002a68:	ff010113          	addi	sp,sp,-16
80002a6c:	00112623          	sw	ra,12(sp)
80002a70:	fb9ff0ef          	jal	80002a28 <tohost_exit>

80002a74 <abort>:
80002a74:	ffffe797          	auipc	a5,0xffffe
80002a78:	58c78793          	addi	a5,a5,1420 # 80001000 <tohost>
80002a7c:	10d00613          	li	a2,269
80002a80:	00000693          	li	a3,0
80002a84:	00c7a023          	sw	a2,0(a5)
80002a88:	00d7a223          	sw	a3,4(a5)
80002a8c:	0000006f          	j	80002a8c <abort+0x18>

80002a90 <printstr>:
80002a90:	00054783          	lbu	a5,0(a0)
80002a94:	f8010113          	addi	sp,sp,-128
80002a98:	03f10613          	addi	a2,sp,63
80002a9c:	00050813          	mv	a6,a0
80002aa0:	00000893          	li	a7,0
80002aa4:	fc067613          	andi	a2,a2,-64
80002aa8:	0a078063          	beqz	a5,80002b48 <printstr+0xb8>
80002aac:	00050793          	mv	a5,a0
80002ab0:	0017c703          	lbu	a4,1(a5)
80002ab4:	00178793          	addi	a5,a5,1
80002ab8:	fe071ce3          	bnez	a4,80002ab0 <printstr+0x20>
80002abc:	40a78333          	sub	t1,a5,a0
80002ac0:	00000393          	li	t2,0
80002ac4:	04000713          	li	a4,64
80002ac8:	00e62023          	sw	a4,0(a2)
80002acc:	00000793          	li	a5,0
80002ad0:	00f62223          	sw	a5,4(a2)
80002ad4:	00100713          	li	a4,1
80002ad8:	00e62423          	sw	a4,8(a2)
80002adc:	00000793          	li	a5,0
80002ae0:	00f62623          	sw	a5,12(a2)
80002ae4:	01062823          	sw	a6,16(a2)
80002ae8:	01162a23          	sw	a7,20(a2)
80002aec:	00662c23          	sw	t1,24(a2)
80002af0:	00762e23          	sw	t2,28(a2)
80002af4:	0330000f          	fence	rw,rw
80002af8:	ffffe697          	auipc	a3,0xffffe
80002afc:	50868693          	addi	a3,a3,1288 # 80001000 <tohost>
80002b00:	00c6a023          	sw	a2,0(a3)
80002b04:	00000793          	li	a5,0
80002b08:	00f6a223          	sw	a5,4(a3)
80002b0c:	ffffe697          	auipc	a3,0xffffe
80002b10:	53468693          	addi	a3,a3,1332 # 80001040 <fromhost>
80002b14:	0006a703          	lw	a4,0(a3)
80002b18:	0046a783          	lw	a5,4(a3)
80002b1c:	00f76733          	or	a4,a4,a5
80002b20:	fe070ae3          	beqz	a4,80002b14 <printstr+0x84>
80002b24:	00000793          	li	a5,0
80002b28:	00f6a023          	sw	a5,0(a3)
80002b2c:	00000813          	li	a6,0
80002b30:	0106a223          	sw	a6,4(a3)
80002b34:	0330000f          	fence	rw,rw
80002b38:	00062703          	lw	a4,0(a2)
80002b3c:	00462783          	lw	a5,4(a2)
80002b40:	08010113          	addi	sp,sp,128
80002b44:	00008067          	ret
80002b48:	00000313          	li	t1,0
80002b4c:	00000393          	li	t2,0
80002b50:	f75ff06f          	j	80002ac4 <printstr+0x34>

80002b54 <thread_entry>:
80002b54:	00051463          	bnez	a0,80002b5c <thread_entry+0x8>
80002b58:	00008067          	ret
80002b5c:	0000006f          	j	80002b5c <thread_entry+0x8>

80002b60 <printhex>:
80002b60:	fd010113          	addi	sp,sp,-48
80002b64:	00050713          	mv	a4,a0
80002b68:	02112623          	sw	ra,44(sp)
80002b6c:	00c10513          	addi	a0,sp,12
80002b70:	01b10613          	addi	a2,sp,27
80002b74:	00900813          	li	a6,9
80002b78:	0080006f          	j	80002b80 <printhex+0x20>
80002b7c:	00078613          	mv	a2,a5
80002b80:	00f77793          	andi	a5,a4,15
80002b84:	00f837b3          	sltu	a5,a6,a5
80002b88:	40f007b3          	neg	a5,a5
80002b8c:	0277f793          	andi	a5,a5,39
80002b90:	00f77693          	andi	a3,a4,15
80002b94:	03078793          	addi	a5,a5,48
80002b98:	00f687b3          	add	a5,a3,a5
80002b9c:	00f60023          	sb	a5,0(a2)
80002ba0:	00475713          	srli	a4,a4,0x4
80002ba4:	01c59793          	slli	a5,a1,0x1c
80002ba8:	00e7e733          	or	a4,a5,a4
80002bac:	0045d593          	srli	a1,a1,0x4
80002bb0:	fff60793          	addi	a5,a2,-1
80002bb4:	fcc514e3          	bne	a0,a2,80002b7c <printhex+0x1c>
80002bb8:	00010e23          	sb	zero,28(sp)
80002bbc:	ed5ff0ef          	jal	80002a90 <printstr>
80002bc0:	02c12083          	lw	ra,44(sp)
80002bc4:	03010113          	addi	sp,sp,48
80002bc8:	00008067          	ret

80002bcc <printf>:
80002bcc:	fc010113          	addi	sp,sp,-64
80002bd0:	02410313          	addi	t1,sp,36
80002bd4:	02b12223          	sw	a1,36(sp)
80002bd8:	02c12423          	sw	a2,40(sp)
80002bdc:	02d12623          	sw	a3,44(sp)
80002be0:	00050613          	mv	a2,a0
80002be4:	00030693          	mv	a3,t1
80002be8:	00000517          	auipc	a0,0x0
80002bec:	d0850513          	addi	a0,a0,-760 # 800028f0 <putchar>
80002bf0:	00000593          	li	a1,0
80002bf4:	00112e23          	sw	ra,28(sp)
80002bf8:	02e12823          	sw	a4,48(sp)
80002bfc:	02f12a23          	sw	a5,52(sp)
80002c00:	03012c23          	sw	a6,56(sp)
80002c04:	03112e23          	sw	a7,60(sp)
80002c08:	00612623          	sw	t1,12(sp)
80002c0c:	ffcff0ef          	jal	80002408 <vprintfmt>
80002c10:	01c12083          	lw	ra,28(sp)
80002c14:	00000513          	li	a0,0
80002c18:	04010113          	addi	sp,sp,64
80002c1c:	00008067          	ret

80002c20 <sprintf>:
80002c20:	fb010113          	addi	sp,sp,-80
80002c24:	03810313          	addi	t1,sp,56
80002c28:	02812423          	sw	s0,40(sp)
80002c2c:	00a12623          	sw	a0,12(sp)
80002c30:	02c12c23          	sw	a2,56(sp)
80002c34:	02d12e23          	sw	a3,60(sp)
80002c38:	00050413          	mv	s0,a0
80002c3c:	00058613          	mv	a2,a1
80002c40:	00000517          	auipc	a0,0x0
80002c44:	c9850513          	addi	a0,a0,-872 # 800028d8 <sprintf_putch.0>
80002c48:	00c10593          	addi	a1,sp,12
80002c4c:	00030693          	mv	a3,t1
80002c50:	02112623          	sw	ra,44(sp)
80002c54:	04f12223          	sw	a5,68(sp)
80002c58:	04e12023          	sw	a4,64(sp)
80002c5c:	05012423          	sw	a6,72(sp)
80002c60:	05112623          	sw	a7,76(sp)
80002c64:	00612e23          	sw	t1,28(sp)
80002c68:	fa0ff0ef          	jal	80002408 <vprintfmt>
80002c6c:	00c12783          	lw	a5,12(sp)
80002c70:	00078023          	sb	zero,0(a5)
80002c74:	00c12503          	lw	a0,12(sp)
80002c78:	02c12083          	lw	ra,44(sp)
80002c7c:	40850533          	sub	a0,a0,s0
80002c80:	02812403          	lw	s0,40(sp)
80002c84:	05010113          	addi	sp,sp,80
80002c88:	00008067          	ret

80002c8c <memcpy>:
80002c8c:	00c5e7b3          	or	a5,a1,a2
80002c90:	00f567b3          	or	a5,a0,a5
80002c94:	0037f793          	andi	a5,a5,3
80002c98:	00058393          	mv	t2,a1
80002c9c:	00c506b3          	add	a3,a0,a2
80002ca0:	02078463          	beqz	a5,80002cc8 <memcpy+0x3c>
80002ca4:	00c58633          	add	a2,a1,a2
80002ca8:	00050793          	mv	a5,a0
80002cac:	0ad57263          	bgeu	a0,a3,80002d50 <memcpy+0xc4>
80002cb0:	0005c703          	lbu	a4,0(a1)
80002cb4:	00158593          	addi	a1,a1,1
80002cb8:	00178793          	addi	a5,a5,1
80002cbc:	fee78fa3          	sb	a4,-1(a5)
80002cc0:	fec598e3          	bne	a1,a2,80002cb0 <memcpy+0x24>
80002cc4:	00008067          	ret
80002cc8:	02050713          	addi	a4,a0,32
80002ccc:	08d77463          	bgeu	a4,a3,80002d54 <memcpy+0xc8>
80002cd0:	00070793          	mv	a5,a4
80002cd4:	0005a283          	lw	t0,0(a1)
80002cd8:	0045af83          	lw	t6,4(a1)
80002cdc:	0085af03          	lw	t5,8(a1)
80002ce0:	00c5ae83          	lw	t4,12(a1)
80002ce4:	0105ae03          	lw	t3,16(a1)
80002ce8:	0145a303          	lw	t1,20(a1)
80002cec:	0185a883          	lw	a7,24(a1)
80002cf0:	01c5a803          	lw	a6,28(a1)
80002cf4:	02078793          	addi	a5,a5,32
80002cf8:	fc57a023          	sw	t0,-64(a5)
80002cfc:	fdf7a223          	sw	t6,-60(a5)
80002d00:	fde7a423          	sw	t5,-56(a5)
80002d04:	fdd7a623          	sw	t4,-52(a5)
80002d08:	fdc7a823          	sw	t3,-48(a5)
80002d0c:	fc67aa23          	sw	t1,-44(a5)
80002d10:	fd17ac23          	sw	a7,-40(a5)
80002d14:	fd07ae23          	sw	a6,-36(a5)
80002d18:	02058593          	addi	a1,a1,32
80002d1c:	fad7ece3          	bltu	a5,a3,80002cd4 <memcpy+0x48>
80002d20:	fdf60613          	addi	a2,a2,-33
80002d24:	fe067613          	andi	a2,a2,-32
80002d28:	02038393          	addi	t2,t2,32
80002d2c:	00c707b3          	add	a5,a4,a2
80002d30:	00c385b3          	add	a1,t2,a2
80002d34:	f8d7f8e3          	bgeu	a5,a3,80002cc4 <memcpy+0x38>
80002d38:	0005a703          	lw	a4,0(a1)
80002d3c:	00478793          	addi	a5,a5,4
80002d40:	00458593          	addi	a1,a1,4
80002d44:	fee7ae23          	sw	a4,-4(a5)
80002d48:	fed7e8e3          	bltu	a5,a3,80002d38 <memcpy+0xac>
80002d4c:	00008067          	ret
80002d50:	00008067          	ret
80002d54:	00050793          	mv	a5,a0
80002d58:	fddff06f          	j	80002d34 <memcpy+0xa8>

80002d5c <memset>:
80002d5c:	ff010113          	addi	sp,sp,-16
80002d60:	00c567b3          	or	a5,a0,a2
80002d64:	00812423          	sw	s0,8(sp)
80002d68:	00112623          	sw	ra,12(sp)
80002d6c:	0037f793          	andi	a5,a5,3
80002d70:	00050413          	mv	s0,a0
80002d74:	00c50733          	add	a4,a0,a2
80002d78:	02078263          	beqz	a5,80002d9c <memset+0x40>
80002d7c:	00e57663          	bgeu	a0,a4,80002d88 <memset+0x2c>
80002d80:	0ff5f593          	zext.b	a1,a1
80002d84:	fd9ff0ef          	jal	80002d5c <memset>
80002d88:	00c12083          	lw	ra,12(sp)
80002d8c:	00040513          	mv	a0,s0
80002d90:	00812403          	lw	s0,8(sp)
80002d94:	01010113          	addi	sp,sp,16
80002d98:	00008067          	ret
80002d9c:	0ff5f593          	zext.b	a1,a1
80002da0:	00859693          	slli	a3,a1,0x8
80002da4:	00b686b3          	add	a3,a3,a1
80002da8:	01069793          	slli	a5,a3,0x10
80002dac:	00f686b3          	add	a3,a3,a5
80002db0:	fce57ce3          	bgeu	a0,a4,80002d88 <memset+0x2c>
80002db4:	00050793          	mv	a5,a0
80002db8:	00478793          	addi	a5,a5,4
80002dbc:	fed7ae23          	sw	a3,-4(a5)
80002dc0:	fee7ece3          	bltu	a5,a4,80002db8 <memset+0x5c>
80002dc4:	00c12083          	lw	ra,12(sp)
80002dc8:	00040513          	mv	a0,s0
80002dcc:	00812403          	lw	s0,8(sp)
80002dd0:	01010113          	addi	sp,sp,16
80002dd4:	00008067          	ret

80002dd8 <_init>:
80002dd8:	f6010113          	addi	sp,sp,-160
80002ddc:	0000b797          	auipc	a5,0xb
80002de0:	45c78793          	addi	a5,a5,1116 # 8000e238 <_tdata_begin>
80002de4:	09312623          	sw	s3,140(sp)
80002de8:	0000b997          	auipc	s3,0xb
80002dec:	45098993          	addi	s3,s3,1104 # 8000e238 <_tdata_begin>
80002df0:	09412423          	sw	s4,136(sp)
80002df4:	40f98a33          	sub	s4,s3,a5
80002df8:	08912a23          	sw	s1,148(sp)
80002dfc:	09212823          	sw	s2,144(sp)
80002e00:	00050493          	mv	s1,a0
80002e04:	00058913          	mv	s2,a1
80002e08:	00020513          	mv	a0,tp
80002e0c:	00078593          	mv	a1,a5
80002e10:	000a0613          	mv	a2,s4
80002e14:	08112e23          	sw	ra,156(sp)
80002e18:	08812c23          	sw	s0,152(sp)
80002e1c:	09512223          	sw	s5,132(sp)
80002e20:	00020a93          	mv	s5,tp
80002e24:	e69ff0ef          	jal	80002c8c <memcpy>
80002e28:	85c18613          	addi	a2,gp,-1956 # 8000e284 <_tbss_end>
80002e2c:	41360633          	sub	a2,a2,s3
80002e30:	00000593          	li	a1,0
80002e34:	014a8533          	add	a0,s5,s4
80002e38:	f25ff0ef          	jal	80002d5c <memset>
80002e3c:	00090593          	mv	a1,s2
80002e40:	00048513          	mv	a0,s1
80002e44:	d11ff0ef          	jal	80002b54 <thread_entry>
80002e48:	00000593          	li	a1,0
80002e4c:	00000513          	li	a0,0
80002e50:	01d010ef          	jal	8000466c <main>
80002e54:	0000b917          	auipc	s2,0xb
80002e58:	3dc90913          	addi	s2,s2,988 # 8000e230 <counters>
80002e5c:	00092683          	lw	a3,0(s2)
80002e60:	03f10413          	addi	s0,sp,63
80002e64:	fc047413          	andi	s0,s0,-64
80002e68:	00050493          	mv	s1,a0
80002e6c:	04069463          	bnez	a3,80002eb4 <_init+0xdc>
80002e70:	00492683          	lw	a3,4(s2)
80002e74:	00069663          	bnez	a3,80002e80 <_init+0xa8>
80002e78:	00048513          	mv	a0,s1
80002e7c:	badff0ef          	jal	80002a28 <tohost_exit>
80002e80:	00040913          	mv	s2,s0
80002e84:	0000b997          	auipc	s3,0xb
80002e88:	3a498993          	addi	s3,s3,932 # 8000e228 <counter_names>
80002e8c:	0049a603          	lw	a2,4(s3)
80002e90:	00090513          	mv	a0,s2
80002e94:	0000b597          	auipc	a1,0xb
80002e98:	34c58593          	addi	a1,a1,844 # 8000e1e0 <__clz_tab+0x138>
80002e9c:	d85ff0ef          	jal	80002c20 <sprintf>
80002ea0:	00a90933          	add	s2,s2,a0
80002ea4:	fd240ae3          	beq	s0,s2,80002e78 <_init+0xa0>
80002ea8:	00040513          	mv	a0,s0
80002eac:	be5ff0ef          	jal	80002a90 <printstr>
80002eb0:	fc9ff06f          	j	80002e78 <_init+0xa0>
80002eb4:	0000b997          	auipc	s3,0xb
80002eb8:	37498993          	addi	s3,s3,884 # 8000e228 <counter_names>
80002ebc:	0009a603          	lw	a2,0(s3)
80002ec0:	0000b597          	auipc	a1,0xb
80002ec4:	32058593          	addi	a1,a1,800 # 8000e1e0 <__clz_tab+0x138>
80002ec8:	00040513          	mv	a0,s0
80002ecc:	d55ff0ef          	jal	80002c20 <sprintf>
80002ed0:	00492683          	lw	a3,4(s2)
80002ed4:	00a40933          	add	s2,s0,a0
80002ed8:	fc0686e3          	beqz	a3,80002ea4 <_init+0xcc>
80002edc:	fb1ff06f          	j	80002e8c <_init+0xb4>

80002ee0 <strlen>:
80002ee0:	00054783          	lbu	a5,0(a0)
80002ee4:	00078e63          	beqz	a5,80002f00 <strlen+0x20>
80002ee8:	00050793          	mv	a5,a0
80002eec:	0017c703          	lbu	a4,1(a5)
80002ef0:	00178793          	addi	a5,a5,1
80002ef4:	fe071ce3          	bnez	a4,80002eec <strlen+0xc>
80002ef8:	40a78533          	sub	a0,a5,a0
80002efc:	00008067          	ret
80002f00:	00000513          	li	a0,0
80002f04:	00008067          	ret

80002f08 <strnlen>:
80002f08:	00b506b3          	add	a3,a0,a1
80002f0c:	00050793          	mv	a5,a0
80002f10:	00059863          	bnez	a1,80002f20 <strnlen+0x18>
80002f14:	01c0006f          	j	80002f30 <strnlen+0x28>
80002f18:	00178793          	addi	a5,a5,1
80002f1c:	00d78663          	beq	a5,a3,80002f28 <strnlen+0x20>
80002f20:	0007c703          	lbu	a4,0(a5)
80002f24:	fe071ae3          	bnez	a4,80002f18 <strnlen+0x10>
80002f28:	40a78533          	sub	a0,a5,a0
80002f2c:	00008067          	ret
80002f30:	00000513          	li	a0,0
80002f34:	00008067          	ret

80002f38 <strcmp>:
80002f38:	00054783          	lbu	a5,0(a0)
80002f3c:	00150513          	addi	a0,a0,1
80002f40:	00158593          	addi	a1,a1,1
80002f44:	fff5c703          	lbu	a4,-1(a1)
80002f48:	00078863          	beqz	a5,80002f58 <strcmp+0x20>
80002f4c:	fee786e3          	beq	a5,a4,80002f38 <strcmp>
80002f50:	40e78533          	sub	a0,a5,a4
80002f54:	00008067          	ret
80002f58:	00000793          	li	a5,0
80002f5c:	ff5ff06f          	j	80002f50 <strcmp+0x18>

80002f60 <strcpy>:
80002f60:	00050793          	mv	a5,a0
80002f64:	0005c703          	lbu	a4,0(a1)
80002f68:	00158593          	addi	a1,a1,1
80002f6c:	00178793          	addi	a5,a5,1
80002f70:	fee78fa3          	sb	a4,-1(a5)
80002f74:	fe0718e3          	bnez	a4,80002f64 <strcpy+0x4>
80002f78:	00008067          	ret

80002f7c <atol>:
80002f7c:	00054703          	lbu	a4,0(a0)
80002f80:	02000693          	li	a3,32
80002f84:	00050793          	mv	a5,a0
80002f88:	00d71a63          	bne	a4,a3,80002f9c <atol+0x20>
80002f8c:	00070693          	mv	a3,a4
80002f90:	0017c703          	lbu	a4,1(a5)
80002f94:	00178793          	addi	a5,a5,1
80002f98:	fed70ce3          	beq	a4,a3,80002f90 <atol+0x14>
80002f9c:	02d00693          	li	a3,45
80002fa0:	04d70e63          	beq	a4,a3,80002ffc <atol+0x80>
80002fa4:	02b00693          	li	a3,43
80002fa8:	04d70063          	beq	a4,a3,80002fe8 <atol+0x6c>
80002fac:	0007c683          	lbu	a3,0(a5)
80002fb0:	00000593          	li	a1,0
80002fb4:	04068c63          	beqz	a3,8000300c <atol+0x90>
80002fb8:	00000513          	li	a0,0
80002fbc:	00178793          	addi	a5,a5,1
80002fc0:	fd068613          	addi	a2,a3,-48
80002fc4:	00251713          	slli	a4,a0,0x2
80002fc8:	0007c683          	lbu	a3,0(a5)
80002fcc:	00a70733          	add	a4,a4,a0
80002fd0:	00171713          	slli	a4,a4,0x1
80002fd4:	00e60533          	add	a0,a2,a4
80002fd8:	fe0692e3          	bnez	a3,80002fbc <atol+0x40>
80002fdc:	02058a63          	beqz	a1,80003010 <atol+0x94>
80002fe0:	40a00533          	neg	a0,a0
80002fe4:	00008067          	ret
80002fe8:	0017c683          	lbu	a3,1(a5)
80002fec:	00178793          	addi	a5,a5,1
80002ff0:	00068e63          	beqz	a3,8000300c <atol+0x90>
80002ff4:	00000593          	li	a1,0
80002ff8:	fc1ff06f          	j	80002fb8 <atol+0x3c>
80002ffc:	0017c683          	lbu	a3,1(a5)
80003000:	00100593          	li	a1,1
80003004:	00b787b3          	add	a5,a5,a1
80003008:	fa0698e3          	bnez	a3,80002fb8 <atol+0x3c>
8000300c:	00000513          	li	a0,0
80003010:	00008067          	ret

80003014 <__udivdi3>:
80003014:	00050893          	mv	a7,a0
80003018:	00058313          	mv	t1,a1
8000301c:	00060713          	mv	a4,a2
80003020:	00050813          	mv	a6,a0
80003024:	00058793          	mv	a5,a1
80003028:	28069263          	bnez	a3,800032ac <__udivdi3+0x298>
8000302c:	8000e5b7          	lui	a1,0x8000e
80003030:	0a858593          	addi	a1,a1,168 # 8000e0a8 <__clz_tab>
80003034:	0ec37663          	bgeu	t1,a2,80003120 <__udivdi3+0x10c>
80003038:	000106b7          	lui	a3,0x10
8000303c:	0cd67863          	bgeu	a2,a3,8000310c <__udivdi3+0xf8>
80003040:	10063693          	sltiu	a3,a2,256
80003044:	0016b693          	seqz	a3,a3
80003048:	00369693          	slli	a3,a3,0x3
8000304c:	00d65533          	srl	a0,a2,a3
80003050:	00a585b3          	add	a1,a1,a0
80003054:	0005c583          	lbu	a1,0(a1)
80003058:	02000513          	li	a0,32
8000305c:	00d586b3          	add	a3,a1,a3
80003060:	40d505b3          	sub	a1,a0,a3
80003064:	00d50c63          	beq	a0,a3,8000307c <__udivdi3+0x68>
80003068:	00b317b3          	sll	a5,t1,a1
8000306c:	00d8d6b3          	srl	a3,a7,a3
80003070:	00b61733          	sll	a4,a2,a1
80003074:	00f6e7b3          	or	a5,a3,a5
80003078:	00b89833          	sll	a6,a7,a1
8000307c:	01075593          	srli	a1,a4,0x10
80003080:	02b7d333          	divu	t1,a5,a1
80003084:	01071613          	slli	a2,a4,0x10
80003088:	01065613          	srli	a2,a2,0x10
8000308c:	02b7f7b3          	remu	a5,a5,a1
80003090:	00030513          	mv	a0,t1
80003094:	026608b3          	mul	a7,a2,t1
80003098:	01079693          	slli	a3,a5,0x10
8000309c:	01085793          	srli	a5,a6,0x10
800030a0:	00d7e7b3          	or	a5,a5,a3
800030a4:	0117fe63          	bgeu	a5,a7,800030c0 <__udivdi3+0xac>
800030a8:	00f707b3          	add	a5,a4,a5
800030ac:	fff30513          	addi	a0,t1,-1
800030b0:	00e7e863          	bltu	a5,a4,800030c0 <__udivdi3+0xac>
800030b4:	0117f663          	bgeu	a5,a7,800030c0 <__udivdi3+0xac>
800030b8:	ffe30513          	addi	a0,t1,-2
800030bc:	00e787b3          	add	a5,a5,a4
800030c0:	411787b3          	sub	a5,a5,a7
800030c4:	02b7d8b3          	divu	a7,a5,a1
800030c8:	01081813          	slli	a6,a6,0x10
800030cc:	01085813          	srli	a6,a6,0x10
800030d0:	02b7f7b3          	remu	a5,a5,a1
800030d4:	031606b3          	mul	a3,a2,a7
800030d8:	01079793          	slli	a5,a5,0x10
800030dc:	00f86833          	or	a6,a6,a5
800030e0:	00088793          	mv	a5,a7
800030e4:	00d87c63          	bgeu	a6,a3,800030fc <__udivdi3+0xe8>
800030e8:	01070833          	add	a6,a4,a6
800030ec:	fff88793          	addi	a5,a7,-1
800030f0:	00e86663          	bltu	a6,a4,800030fc <__udivdi3+0xe8>
800030f4:	00d87463          	bgeu	a6,a3,800030fc <__udivdi3+0xe8>
800030f8:	ffe88793          	addi	a5,a7,-2
800030fc:	01051513          	slli	a0,a0,0x10
80003100:	00f56533          	or	a0,a0,a5
80003104:	00000593          	li	a1,0
80003108:	00008067          	ret
8000310c:	01000537          	lui	a0,0x1000
80003110:	01800693          	li	a3,24
80003114:	f2a67ce3          	bgeu	a2,a0,8000304c <__udivdi3+0x38>
80003118:	01000693          	li	a3,16
8000311c:	f31ff06f          	j	8000304c <__udivdi3+0x38>
80003120:	00000693          	li	a3,0
80003124:	00060c63          	beqz	a2,8000313c <__udivdi3+0x128>
80003128:	000107b7          	lui	a5,0x10
8000312c:	0cf67063          	bgeu	a2,a5,800031ec <__udivdi3+0x1d8>
80003130:	10063693          	sltiu	a3,a2,256
80003134:	0016b693          	seqz	a3,a3
80003138:	00369693          	slli	a3,a3,0x3
8000313c:	00d657b3          	srl	a5,a2,a3
80003140:	00f585b3          	add	a1,a1,a5
80003144:	0005c783          	lbu	a5,0(a1)
80003148:	00d787b3          	add	a5,a5,a3
8000314c:	02000693          	li	a3,32
80003150:	40f685b3          	sub	a1,a3,a5
80003154:	0af69663          	bne	a3,a5,80003200 <__udivdi3+0x1ec>
80003158:	40c307b3          	sub	a5,t1,a2
8000315c:	00100593          	li	a1,1
80003160:	01075893          	srli	a7,a4,0x10
80003164:	0317de33          	divu	t3,a5,a7
80003168:	01071613          	slli	a2,a4,0x10
8000316c:	01065613          	srli	a2,a2,0x10
80003170:	01085693          	srli	a3,a6,0x10
80003174:	0317f7b3          	remu	a5,a5,a7
80003178:	000e0513          	mv	a0,t3
8000317c:	03c60333          	mul	t1,a2,t3
80003180:	01079793          	slli	a5,a5,0x10
80003184:	00f6e7b3          	or	a5,a3,a5
80003188:	0067fe63          	bgeu	a5,t1,800031a4 <__udivdi3+0x190>
8000318c:	00f707b3          	add	a5,a4,a5
80003190:	fffe0513          	addi	a0,t3,-1
80003194:	00e7e863          	bltu	a5,a4,800031a4 <__udivdi3+0x190>
80003198:	0067f663          	bgeu	a5,t1,800031a4 <__udivdi3+0x190>
8000319c:	ffee0513          	addi	a0,t3,-2
800031a0:	00e787b3          	add	a5,a5,a4
800031a4:	406787b3          	sub	a5,a5,t1
800031a8:	0317d333          	divu	t1,a5,a7
800031ac:	01081813          	slli	a6,a6,0x10
800031b0:	01085813          	srli	a6,a6,0x10
800031b4:	0317f7b3          	remu	a5,a5,a7
800031b8:	026606b3          	mul	a3,a2,t1
800031bc:	01079793          	slli	a5,a5,0x10
800031c0:	00f86833          	or	a6,a6,a5
800031c4:	00030793          	mv	a5,t1
800031c8:	00d87c63          	bgeu	a6,a3,800031e0 <__udivdi3+0x1cc>
800031cc:	01070833          	add	a6,a4,a6
800031d0:	fff30793          	addi	a5,t1,-1
800031d4:	00e86663          	bltu	a6,a4,800031e0 <__udivdi3+0x1cc>
800031d8:	00d87463          	bgeu	a6,a3,800031e0 <__udivdi3+0x1cc>
800031dc:	ffe30793          	addi	a5,t1,-2
800031e0:	01051513          	slli	a0,a0,0x10
800031e4:	00f56533          	or	a0,a0,a5
800031e8:	00008067          	ret
800031ec:	010007b7          	lui	a5,0x1000
800031f0:	01800693          	li	a3,24
800031f4:	f4f674e3          	bgeu	a2,a5,8000313c <__udivdi3+0x128>
800031f8:	01000693          	li	a3,16
800031fc:	f41ff06f          	j	8000313c <__udivdi3+0x128>
80003200:	00b61733          	sll	a4,a2,a1
80003204:	00f356b3          	srl	a3,t1,a5
80003208:	01075513          	srli	a0,a4,0x10
8000320c:	00b31333          	sll	t1,t1,a1
80003210:	00f8d7b3          	srl	a5,a7,a5
80003214:	0067e7b3          	or	a5,a5,t1
80003218:	02a6d333          	divu	t1,a3,a0
8000321c:	01071613          	slli	a2,a4,0x10
80003220:	01065613          	srli	a2,a2,0x10
80003224:	00b89833          	sll	a6,a7,a1
80003228:	02a6f6b3          	remu	a3,a3,a0
8000322c:	026608b3          	mul	a7,a2,t1
80003230:	01069593          	slli	a1,a3,0x10
80003234:	0107d693          	srli	a3,a5,0x10
80003238:	00b6e6b3          	or	a3,a3,a1
8000323c:	00030593          	mv	a1,t1
80003240:	0116fe63          	bgeu	a3,a7,8000325c <__udivdi3+0x248>
80003244:	00d706b3          	add	a3,a4,a3
80003248:	fff30593          	addi	a1,t1,-1
8000324c:	00e6e863          	bltu	a3,a4,8000325c <__udivdi3+0x248>
80003250:	0116f663          	bgeu	a3,a7,8000325c <__udivdi3+0x248>
80003254:	ffe30593          	addi	a1,t1,-2
80003258:	00e686b3          	add	a3,a3,a4
8000325c:	411686b3          	sub	a3,a3,a7
80003260:	02a6d8b3          	divu	a7,a3,a0
80003264:	01079793          	slli	a5,a5,0x10
80003268:	0107d793          	srli	a5,a5,0x10
8000326c:	02a6f6b3          	remu	a3,a3,a0
80003270:	03160633          	mul	a2,a2,a7
80003274:	01069693          	slli	a3,a3,0x10
80003278:	00d7e7b3          	or	a5,a5,a3
8000327c:	00088693          	mv	a3,a7
80003280:	00c7fe63          	bgeu	a5,a2,8000329c <__udivdi3+0x288>
80003284:	00f707b3          	add	a5,a4,a5
80003288:	fff88693          	addi	a3,a7,-1
8000328c:	00e7e863          	bltu	a5,a4,8000329c <__udivdi3+0x288>
80003290:	00c7f663          	bgeu	a5,a2,8000329c <__udivdi3+0x288>
80003294:	ffe88693          	addi	a3,a7,-2
80003298:	00e787b3          	add	a5,a5,a4
8000329c:	01059593          	slli	a1,a1,0x10
800032a0:	40c787b3          	sub	a5,a5,a2
800032a4:	00d5e5b3          	or	a1,a1,a3
800032a8:	eb9ff06f          	j	80003160 <__udivdi3+0x14c>
800032ac:	18d5e463          	bltu	a1,a3,80003434 <__udivdi3+0x420>
800032b0:	000107b7          	lui	a5,0x10
800032b4:	04f6f463          	bgeu	a3,a5,800032fc <__udivdi3+0x2e8>
800032b8:	1006b793          	sltiu	a5,a3,256
800032bc:	0017b793          	seqz	a5,a5
800032c0:	00379793          	slli	a5,a5,0x3
800032c4:	8000e737          	lui	a4,0x8000e
800032c8:	00f6d5b3          	srl	a1,a3,a5
800032cc:	0a870713          	addi	a4,a4,168 # 8000e0a8 <__clz_tab>
800032d0:	00b70733          	add	a4,a4,a1
800032d4:	00074703          	lbu	a4,0(a4)
800032d8:	00f70733          	add	a4,a4,a5
800032dc:	02000793          	li	a5,32
800032e0:	40e785b3          	sub	a1,a5,a4
800032e4:	02e79663          	bne	a5,a4,80003310 <__udivdi3+0x2fc>
800032e8:	00100513          	li	a0,1
800032ec:	e066eee3          	bltu	a3,t1,80003108 <__udivdi3+0xf4>
800032f0:	00c8b533          	sltu	a0,a7,a2
800032f4:	00153513          	seqz	a0,a0
800032f8:	00008067          	ret
800032fc:	01000737          	lui	a4,0x1000
80003300:	01800793          	li	a5,24
80003304:	fce6f0e3          	bgeu	a3,a4,800032c4 <__udivdi3+0x2b0>
80003308:	01000793          	li	a5,16
8000330c:	fb9ff06f          	j	800032c4 <__udivdi3+0x2b0>
80003310:	00e65533          	srl	a0,a2,a4
80003314:	00b696b3          	sll	a3,a3,a1
80003318:	00e357b3          	srl	a5,t1,a4
8000331c:	00d56533          	or	a0,a0,a3
80003320:	00b31333          	sll	t1,t1,a1
80003324:	00e8d733          	srl	a4,a7,a4
80003328:	00676733          	or	a4,a4,t1
8000332c:	01055313          	srli	t1,a0,0x10
80003330:	0267deb3          	divu	t4,a5,t1
80003334:	01051813          	slli	a6,a0,0x10
80003338:	01085813          	srli	a6,a6,0x10
8000333c:	01075693          	srli	a3,a4,0x10
80003340:	00b61633          	sll	a2,a2,a1
80003344:	0267f7b3          	remu	a5,a5,t1
80003348:	03d80e33          	mul	t3,a6,t4
8000334c:	01079793          	slli	a5,a5,0x10
80003350:	00f6e6b3          	or	a3,a3,a5
80003354:	000e8793          	mv	a5,t4
80003358:	01c6fe63          	bgeu	a3,t3,80003374 <__udivdi3+0x360>
8000335c:	00d506b3          	add	a3,a0,a3
80003360:	fffe8793          	addi	a5,t4,-1
80003364:	00a6e863          	bltu	a3,a0,80003374 <__udivdi3+0x360>
80003368:	01c6f663          	bgeu	a3,t3,80003374 <__udivdi3+0x360>
8000336c:	ffee8793          	addi	a5,t4,-2
80003370:	00a686b3          	add	a3,a3,a0
80003374:	41c686b3          	sub	a3,a3,t3
80003378:	0266de33          	divu	t3,a3,t1
8000337c:	01071713          	slli	a4,a4,0x10
80003380:	01075713          	srli	a4,a4,0x10
80003384:	0266f6b3          	remu	a3,a3,t1
80003388:	03c80833          	mul	a6,a6,t3
8000338c:	01069693          	slli	a3,a3,0x10
80003390:	00d76733          	or	a4,a4,a3
80003394:	000e0693          	mv	a3,t3
80003398:	01077e63          	bgeu	a4,a6,800033b4 <__udivdi3+0x3a0>
8000339c:	00e50733          	add	a4,a0,a4
800033a0:	fffe0693          	addi	a3,t3,-1
800033a4:	00a76863          	bltu	a4,a0,800033b4 <__udivdi3+0x3a0>
800033a8:	01077663          	bgeu	a4,a6,800033b4 <__udivdi3+0x3a0>
800033ac:	ffee0693          	addi	a3,t3,-2
800033b0:	00a70733          	add	a4,a4,a0
800033b4:	01079793          	slli	a5,a5,0x10
800033b8:	00d7e533          	or	a0,a5,a3
800033bc:	01061313          	slli	t1,a2,0x10
800033c0:	01069693          	slli	a3,a3,0x10
800033c4:	0106d693          	srli	a3,a3,0x10
800033c8:	01035313          	srli	t1,t1,0x10
800033cc:	01065613          	srli	a2,a2,0x10
800033d0:	41070733          	sub	a4,a4,a6
800033d4:	01055813          	srli	a6,a0,0x10
800033d8:	02668e33          	mul	t3,a3,t1
800033dc:	02680333          	mul	t1,a6,t1
800033e0:	010e5793          	srli	a5,t3,0x10
800033e4:	02c686b3          	mul	a3,a3,a2
800033e8:	006686b3          	add	a3,a3,t1
800033ec:	00d787b3          	add	a5,a5,a3
800033f0:	02c80833          	mul	a6,a6,a2
800033f4:	0067f663          	bgeu	a5,t1,80003400 <__udivdi3+0x3ec>
800033f8:	000106b7          	lui	a3,0x10
800033fc:	00d80833          	add	a6,a6,a3
80003400:	0107d693          	srli	a3,a5,0x10
80003404:	010686b3          	add	a3,a3,a6
80003408:	02d76263          	bltu	a4,a3,8000342c <__udivdi3+0x418>
8000340c:	ced71ce3          	bne	a4,a3,80003104 <__udivdi3+0xf0>
80003410:	010e1e13          	slli	t3,t3,0x10
80003414:	01079793          	slli	a5,a5,0x10
80003418:	010e5e13          	srli	t3,t3,0x10
8000341c:	00b898b3          	sll	a7,a7,a1
80003420:	01c787b3          	add	a5,a5,t3
80003424:	00000593          	li	a1,0
80003428:	cef8f0e3          	bgeu	a7,a5,80003108 <__udivdi3+0xf4>
8000342c:	fff50513          	addi	a0,a0,-1 # ffffff <buflen.1+0xffffbf>
80003430:	cd5ff06f          	j	80003104 <__udivdi3+0xf0>
80003434:	00000593          	li	a1,0
80003438:	00000513          	li	a0,0
8000343c:	00008067          	ret

80003440 <__umoddi3>:
80003440:	00060813          	mv	a6,a2
80003444:	00050793          	mv	a5,a0
80003448:	00058713          	mv	a4,a1
8000344c:	20069663          	bnez	a3,80003658 <__umoddi3+0x218>
80003450:	8000e8b7          	lui	a7,0x8000e
80003454:	0a888893          	addi	a7,a7,168 # 8000e0a8 <__clz_tab>
80003458:	0cc5fc63          	bgeu	a1,a2,80003530 <__umoddi3+0xf0>
8000345c:	000106b7          	lui	a3,0x10
80003460:	0ad67e63          	bgeu	a2,a3,8000351c <__umoddi3+0xdc>
80003464:	10063693          	sltiu	a3,a2,256
80003468:	0016b693          	seqz	a3,a3
8000346c:	00369693          	slli	a3,a3,0x3
80003470:	00d65333          	srl	t1,a2,a3
80003474:	006888b3          	add	a7,a7,t1
80003478:	0008c883          	lbu	a7,0(a7)
8000347c:	02000313          	li	t1,32
80003480:	00d886b3          	add	a3,a7,a3
80003484:	40d308b3          	sub	a7,t1,a3
80003488:	00d30c63          	beq	t1,a3,800034a0 <__umoddi3+0x60>
8000348c:	01159733          	sll	a4,a1,a7
80003490:	00d556b3          	srl	a3,a0,a3
80003494:	01161833          	sll	a6,a2,a7
80003498:	00e6e733          	or	a4,a3,a4
8000349c:	011517b3          	sll	a5,a0,a7
800034a0:	01085613          	srli	a2,a6,0x10
800034a4:	02c756b3          	divu	a3,a4,a2
800034a8:	01081513          	slli	a0,a6,0x10
800034ac:	01055513          	srli	a0,a0,0x10
800034b0:	02c77733          	remu	a4,a4,a2
800034b4:	02a686b3          	mul	a3,a3,a0
800034b8:	01071593          	slli	a1,a4,0x10
800034bc:	0107d713          	srli	a4,a5,0x10
800034c0:	00b76733          	or	a4,a4,a1
800034c4:	00d77a63          	bgeu	a4,a3,800034d8 <__umoddi3+0x98>
800034c8:	00e80733          	add	a4,a6,a4
800034cc:	01076663          	bltu	a4,a6,800034d8 <__umoddi3+0x98>
800034d0:	00d77463          	bgeu	a4,a3,800034d8 <__umoddi3+0x98>
800034d4:	01070733          	add	a4,a4,a6
800034d8:	40d70733          	sub	a4,a4,a3
800034dc:	02c756b3          	divu	a3,a4,a2
800034e0:	02c77733          	remu	a4,a4,a2
800034e4:	02a686b3          	mul	a3,a3,a0
800034e8:	01079793          	slli	a5,a5,0x10
800034ec:	01071713          	slli	a4,a4,0x10
800034f0:	0107d793          	srli	a5,a5,0x10
800034f4:	00e7e7b3          	or	a5,a5,a4
800034f8:	00d7fa63          	bgeu	a5,a3,8000350c <__umoddi3+0xcc>
800034fc:	00f807b3          	add	a5,a6,a5
80003500:	0107e663          	bltu	a5,a6,8000350c <__umoddi3+0xcc>
80003504:	00d7f463          	bgeu	a5,a3,8000350c <__umoddi3+0xcc>
80003508:	010787b3          	add	a5,a5,a6
8000350c:	40d787b3          	sub	a5,a5,a3
80003510:	0117d533          	srl	a0,a5,a7
80003514:	00000593          	li	a1,0
80003518:	00008067          	ret
8000351c:	01000337          	lui	t1,0x1000
80003520:	01800693          	li	a3,24
80003524:	f46676e3          	bgeu	a2,t1,80003470 <__umoddi3+0x30>
80003528:	01000693          	li	a3,16
8000352c:	f45ff06f          	j	80003470 <__umoddi3+0x30>
80003530:	00000693          	li	a3,0
80003534:	00060c63          	beqz	a2,8000354c <__umoddi3+0x10c>
80003538:	00010737          	lui	a4,0x10
8000353c:	06e67e63          	bgeu	a2,a4,800035b8 <__umoddi3+0x178>
80003540:	10063693          	sltiu	a3,a2,256
80003544:	0016b693          	seqz	a3,a3
80003548:	00369693          	slli	a3,a3,0x3
8000354c:	00d65733          	srl	a4,a2,a3
80003550:	00e888b3          	add	a7,a7,a4
80003554:	0008c703          	lbu	a4,0(a7)
80003558:	00d70733          	add	a4,a4,a3
8000355c:	02000693          	li	a3,32
80003560:	40e688b3          	sub	a7,a3,a4
80003564:	06e69463          	bne	a3,a4,800035cc <__umoddi3+0x18c>
80003568:	40c58733          	sub	a4,a1,a2
8000356c:	01085593          	srli	a1,a6,0x10
80003570:	02b75633          	divu	a2,a4,a1
80003574:	01081513          	slli	a0,a6,0x10
80003578:	01055513          	srli	a0,a0,0x10
8000357c:	0107d693          	srli	a3,a5,0x10
80003580:	02b77733          	remu	a4,a4,a1
80003584:	02a60633          	mul	a2,a2,a0
80003588:	01071713          	slli	a4,a4,0x10
8000358c:	00e6e733          	or	a4,a3,a4
80003590:	00c77a63          	bgeu	a4,a2,800035a4 <__umoddi3+0x164>
80003594:	00e80733          	add	a4,a6,a4
80003598:	01076663          	bltu	a4,a6,800035a4 <__umoddi3+0x164>
8000359c:	00c77463          	bgeu	a4,a2,800035a4 <__umoddi3+0x164>
800035a0:	01070733          	add	a4,a4,a6
800035a4:	40c70733          	sub	a4,a4,a2
800035a8:	02b756b3          	divu	a3,a4,a1
800035ac:	02b77733          	remu	a4,a4,a1
800035b0:	02a686b3          	mul	a3,a3,a0
800035b4:	f35ff06f          	j	800034e8 <__umoddi3+0xa8>
800035b8:	01000737          	lui	a4,0x1000
800035bc:	01800693          	li	a3,24
800035c0:	f8e676e3          	bgeu	a2,a4,8000354c <__umoddi3+0x10c>
800035c4:	01000693          	li	a3,16
800035c8:	f85ff06f          	j	8000354c <__umoddi3+0x10c>
800035cc:	01161833          	sll	a6,a2,a7
800035d0:	00e5d6b3          	srl	a3,a1,a4
800035d4:	011517b3          	sll	a5,a0,a7
800035d8:	011595b3          	sll	a1,a1,a7
800035dc:	00e55733          	srl	a4,a0,a4
800035e0:	01085513          	srli	a0,a6,0x10
800035e4:	00b76733          	or	a4,a4,a1
800035e8:	02a6d5b3          	divu	a1,a3,a0
800035ec:	01081313          	slli	t1,a6,0x10
800035f0:	01035313          	srli	t1,t1,0x10
800035f4:	02a6f6b3          	remu	a3,a3,a0
800035f8:	026585b3          	mul	a1,a1,t1
800035fc:	01069613          	slli	a2,a3,0x10
80003600:	01075693          	srli	a3,a4,0x10
80003604:	00c6e6b3          	or	a3,a3,a2
80003608:	00b6fa63          	bgeu	a3,a1,8000361c <__umoddi3+0x1dc>
8000360c:	00d806b3          	add	a3,a6,a3
80003610:	0106e663          	bltu	a3,a6,8000361c <__umoddi3+0x1dc>
80003614:	00b6f463          	bgeu	a3,a1,8000361c <__umoddi3+0x1dc>
80003618:	010686b3          	add	a3,a3,a6
8000361c:	40b686b3          	sub	a3,a3,a1
80003620:	02a6d633          	divu	a2,a3,a0
80003624:	01071713          	slli	a4,a4,0x10
80003628:	01075713          	srli	a4,a4,0x10
8000362c:	02a6f6b3          	remu	a3,a3,a0
80003630:	02660633          	mul	a2,a2,t1
80003634:	01069693          	slli	a3,a3,0x10
80003638:	00d76733          	or	a4,a4,a3
8000363c:	00c77a63          	bgeu	a4,a2,80003650 <__umoddi3+0x210>
80003640:	00e80733          	add	a4,a6,a4
80003644:	01076663          	bltu	a4,a6,80003650 <__umoddi3+0x210>
80003648:	00c77463          	bgeu	a4,a2,80003650 <__umoddi3+0x210>
8000364c:	01070733          	add	a4,a4,a6
80003650:	40c70733          	sub	a4,a4,a2
80003654:	f19ff06f          	j	8000356c <__umoddi3+0x12c>
80003658:	1cd5e263          	bltu	a1,a3,8000381c <__umoddi3+0x3dc>
8000365c:	00010837          	lui	a6,0x10
80003660:	0506fe63          	bgeu	a3,a6,800036bc <__umoddi3+0x27c>
80003664:	1006b813          	sltiu	a6,a3,256
80003668:	00183813          	seqz	a6,a6
8000366c:	00381813          	slli	a6,a6,0x3
80003670:	8000e8b7          	lui	a7,0x8000e
80003674:	0106d333          	srl	t1,a3,a6
80003678:	0a888893          	addi	a7,a7,168 # 8000e0a8 <__clz_tab>
8000367c:	006888b3          	add	a7,a7,t1
80003680:	0008c883          	lbu	a7,0(a7)
80003684:	02000313          	li	t1,32
80003688:	010888b3          	add	a7,a7,a6
8000368c:	41130833          	sub	a6,t1,a7
80003690:	05131063          	bne	t1,a7,800036d0 <__umoddi3+0x290>
80003694:	00b6e463          	bltu	a3,a1,8000369c <__umoddi3+0x25c>
80003698:	00c56c63          	bltu	a0,a2,800036b0 <__umoddi3+0x270>
8000369c:	40c50633          	sub	a2,a0,a2
800036a0:	40d586b3          	sub	a3,a1,a3
800036a4:	00c53733          	sltu	a4,a0,a2
800036a8:	00060793          	mv	a5,a2
800036ac:	40e68733          	sub	a4,a3,a4
800036b0:	00078513          	mv	a0,a5
800036b4:	00070593          	mv	a1,a4
800036b8:	00008067          	ret
800036bc:	010008b7          	lui	a7,0x1000
800036c0:	01800813          	li	a6,24
800036c4:	fb16f6e3          	bgeu	a3,a7,80003670 <__umoddi3+0x230>
800036c8:	01000813          	li	a6,16
800036cc:	fa5ff06f          	j	80003670 <__umoddi3+0x230>
800036d0:	011657b3          	srl	a5,a2,a7
800036d4:	010696b3          	sll	a3,a3,a6
800036d8:	00d7e6b3          	or	a3,a5,a3
800036dc:	0115d733          	srl	a4,a1,a7
800036e0:	0106d313          	srli	t1,a3,0x10
800036e4:	02675f33          	divu	t5,a4,t1
800036e8:	01069e13          	slli	t3,a3,0x10
800036ec:	010e5e13          	srli	t3,t3,0x10
800036f0:	010597b3          	sll	a5,a1,a6
800036f4:	011555b3          	srl	a1,a0,a7
800036f8:	00f5e5b3          	or	a1,a1,a5
800036fc:	0105d793          	srli	a5,a1,0x10
80003700:	01061633          	sll	a2,a2,a6
80003704:	01051533          	sll	a0,a0,a6
80003708:	02677733          	remu	a4,a4,t1
8000370c:	03ee0eb3          	mul	t4,t3,t5
80003710:	01071713          	slli	a4,a4,0x10
80003714:	00e7e7b3          	or	a5,a5,a4
80003718:	000f0713          	mv	a4,t5
8000371c:	01d7fe63          	bgeu	a5,t4,80003738 <__umoddi3+0x2f8>
80003720:	00f687b3          	add	a5,a3,a5
80003724:	ffff0713          	addi	a4,t5,-1
80003728:	00d7e863          	bltu	a5,a3,80003738 <__umoddi3+0x2f8>
8000372c:	01d7f663          	bgeu	a5,t4,80003738 <__umoddi3+0x2f8>
80003730:	ffef0713          	addi	a4,t5,-2
80003734:	00d787b3          	add	a5,a5,a3
80003738:	41d787b3          	sub	a5,a5,t4
8000373c:	0267deb3          	divu	t4,a5,t1
80003740:	01059593          	slli	a1,a1,0x10
80003744:	0105d593          	srli	a1,a1,0x10
80003748:	0267f7b3          	remu	a5,a5,t1
8000374c:	000e8313          	mv	t1,t4
80003750:	03de0e33          	mul	t3,t3,t4
80003754:	01079793          	slli	a5,a5,0x10
80003758:	00f5e5b3          	or	a1,a1,a5
8000375c:	01c5fe63          	bgeu	a1,t3,80003778 <__umoddi3+0x338>
80003760:	00b685b3          	add	a1,a3,a1
80003764:	fffe8313          	addi	t1,t4,-1
80003768:	00d5e863          	bltu	a1,a3,80003778 <__umoddi3+0x338>
8000376c:	01c5f663          	bgeu	a1,t3,80003778 <__umoddi3+0x338>
80003770:	ffee8313          	addi	t1,t4,-2
80003774:	00d585b3          	add	a1,a1,a3
80003778:	01071793          	slli	a5,a4,0x10
8000377c:	0067e7b3          	or	a5,a5,t1
80003780:	41c585b3          	sub	a1,a1,t3
80003784:	01031313          	slli	t1,t1,0x10
80003788:	01061e13          	slli	t3,a2,0x10
8000378c:	01065713          	srli	a4,a2,0x10
80003790:	01035313          	srli	t1,t1,0x10
80003794:	0107d793          	srli	a5,a5,0x10
80003798:	010e5e13          	srli	t3,t3,0x10
8000379c:	03c30eb3          	mul	t4,t1,t3
800037a0:	03c78e33          	mul	t3,a5,t3
800037a4:	02e30333          	mul	t1,t1,a4
800037a8:	02e787b3          	mul	a5,a5,a4
800037ac:	01c30333          	add	t1,t1,t3
800037b0:	010ed713          	srli	a4,t4,0x10
800037b4:	00670733          	add	a4,a4,t1
800037b8:	01c77663          	bgeu	a4,t3,800037c4 <__umoddi3+0x384>
800037bc:	00010337          	lui	t1,0x10
800037c0:	006787b3          	add	a5,a5,t1
800037c4:	01075313          	srli	t1,a4,0x10
800037c8:	010e9e93          	slli	t4,t4,0x10
800037cc:	01071713          	slli	a4,a4,0x10
800037d0:	010ede93          	srli	t4,t4,0x10
800037d4:	00f307b3          	add	a5,t1,a5
800037d8:	01d70733          	add	a4,a4,t4
800037dc:	00f5e663          	bltu	a1,a5,800037e8 <__umoddi3+0x3a8>
800037e0:	00f59e63          	bne	a1,a5,800037fc <__umoddi3+0x3bc>
800037e4:	00e57c63          	bgeu	a0,a4,800037fc <__umoddi3+0x3bc>
800037e8:	40c70633          	sub	a2,a4,a2
800037ec:	00c73333          	sltu	t1,a4,a2
800037f0:	00d306b3          	add	a3,t1,a3
800037f4:	00060713          	mv	a4,a2
800037f8:	40d787b3          	sub	a5,a5,a3
800037fc:	40e50733          	sub	a4,a0,a4
80003800:	00e53533          	sltu	a0,a0,a4
80003804:	40f585b3          	sub	a1,a1,a5
80003808:	40a585b3          	sub	a1,a1,a0
8000380c:	011598b3          	sll	a7,a1,a7
80003810:	01075733          	srl	a4,a4,a6
80003814:	00e8e533          	or	a0,a7,a4
80003818:	0105d5b3          	srl	a1,a1,a6
8000381c:	00008067          	ret

80003820 <__adddf3>:
80003820:	00100837          	lui	a6,0x100
80003824:	fff80813          	addi	a6,a6,-1 # fffff <buflen.1+0xfffbf>
80003828:	fe010113          	addi	sp,sp,-32
8000382c:	00b878b3          	and	a7,a6,a1
80003830:	0145d713          	srli	a4,a1,0x14
80003834:	00d87833          	and	a6,a6,a3
80003838:	01412423          	sw	s4,8(sp)
8000383c:	7ff77a13          	andi	s4,a4,2047
80003840:	00389713          	slli	a4,a7,0x3
80003844:	0146d893          	srli	a7,a3,0x14
80003848:	01d55793          	srli	a5,a0,0x1d
8000384c:	00381813          	slli	a6,a6,0x3
80003850:	01312623          	sw	s3,12(sp)
80003854:	7ff8f893          	andi	a7,a7,2047
80003858:	01f5d993          	srli	s3,a1,0x1f
8000385c:	00112e23          	sw	ra,28(sp)
80003860:	01d65593          	srli	a1,a2,0x1d
80003864:	00812c23          	sw	s0,24(sp)
80003868:	00912a23          	sw	s1,20(sp)
8000386c:	01212823          	sw	s2,16(sp)
80003870:	01512223          	sw	s5,4(sp)
80003874:	01f6d693          	srli	a3,a3,0x1f
80003878:	0105e5b3          	or	a1,a1,a6
8000387c:	00e7e7b3          	or	a5,a5,a4
80003880:	00351513          	slli	a0,a0,0x3
80003884:	00361613          	slli	a2,a2,0x3
80003888:	411a0833          	sub	a6,s4,a7
8000388c:	7ff00313          	li	t1,2047
80003890:	32d99863          	bne	s3,a3,80003bc0 <__adddf3+0x3a0>
80003894:	17005e63          	blez	a6,80003a10 <__adddf3+0x1f0>
80003898:	0a089863          	bnez	a7,80003948 <__adddf3+0x128>
8000389c:	00c5e733          	or	a4,a1,a2
800038a0:	02070663          	beqz	a4,800038cc <__adddf3+0xac>
800038a4:	fffa0813          	addi	a6,s4,-1
800038a8:	02081063          	bnez	a6,800038c8 <__adddf3+0xa8>
800038ac:	00c50633          	add	a2,a0,a2
800038b0:	00a63733          	sltu	a4,a2,a0
800038b4:	00b785b3          	add	a1,a5,a1
800038b8:	00060513          	mv	a0,a2
800038bc:	00e587b3          	add	a5,a1,a4
800038c0:	00100a13          	li	s4,1
800038c4:	0d40006f          	j	80003998 <__adddf3+0x178>
800038c8:	086a1663          	bne	s4,t1,80003954 <__adddf3+0x134>
800038cc:	01d79693          	slli	a3,a5,0x1d
800038d0:	00355513          	srli	a0,a0,0x3
800038d4:	7ff00713          	li	a4,2047
800038d8:	00a6e6b3          	or	a3,a3,a0
800038dc:	0037d793          	srli	a5,a5,0x3
800038e0:	00ea1e63          	bne	s4,a4,800038fc <__adddf3+0xdc>
800038e4:	00f6e6b3          	or	a3,a3,a5
800038e8:	00000793          	li	a5,0
800038ec:	00068863          	beqz	a3,800038fc <__adddf3+0xdc>
800038f0:	000807b7          	lui	a5,0x80
800038f4:	00000693          	li	a3,0
800038f8:	00000993          	li	s3,0
800038fc:	014a1713          	slli	a4,s4,0x14
80003900:	7ff00637          	lui	a2,0x7ff00
80003904:	00c79793          	slli	a5,a5,0xc
80003908:	00c77733          	and	a4,a4,a2
8000390c:	01c12083          	lw	ra,28(sp)
80003910:	01812403          	lw	s0,24(sp)
80003914:	00c7d793          	srli	a5,a5,0xc
80003918:	00f767b3          	or	a5,a4,a5
8000391c:	01f99713          	slli	a4,s3,0x1f
80003920:	00e7e633          	or	a2,a5,a4
80003924:	01412483          	lw	s1,20(sp)
80003928:	01012903          	lw	s2,16(sp)
8000392c:	00c12983          	lw	s3,12(sp)
80003930:	00812a03          	lw	s4,8(sp)
80003934:	00412a83          	lw	s5,4(sp)
80003938:	00068513          	mv	a0,a3
8000393c:	00060593          	mv	a1,a2
80003940:	02010113          	addi	sp,sp,32
80003944:	00008067          	ret
80003948:	f86a02e3          	beq	s4,t1,800038cc <__adddf3+0xac>
8000394c:	00800737          	lui	a4,0x800
80003950:	00e5e5b3          	or	a1,a1,a4
80003954:	03800713          	li	a4,56
80003958:	0b074663          	blt	a4,a6,80003a04 <__adddf3+0x1e4>
8000395c:	01f00713          	li	a4,31
80003960:	02000893          	li	a7,32
80003964:	07074863          	blt	a4,a6,800039d4 <__adddf3+0x1b4>
80003968:	410888b3          	sub	a7,a7,a6
8000396c:	01159733          	sll	a4,a1,a7
80003970:	010656b3          	srl	a3,a2,a6
80003974:	011618b3          	sll	a7,a2,a7
80003978:	00d76733          	or	a4,a4,a3
8000397c:	011038b3          	snez	a7,a7
80003980:	01176733          	or	a4,a4,a7
80003984:	0105d833          	srl	a6,a1,a6
80003988:	00a70533          	add	a0,a4,a0
8000398c:	00f80833          	add	a6,a6,a5
80003990:	00e53733          	sltu	a4,a0,a4
80003994:	00e807b3          	add	a5,a6,a4
80003998:	00879713          	slli	a4,a5,0x8
8000399c:	1c075e63          	bgez	a4,80003b78 <__adddf3+0x358>
800039a0:	001a0a13          	addi	s4,s4,1
800039a4:	7ff00713          	li	a4,2047
800039a8:	5cea0863          	beq	s4,a4,80003f78 <__adddf3+0x758>
800039ac:	ff800737          	lui	a4,0xff800
800039b0:	fff70713          	addi	a4,a4,-1 # ff7fffff <__global_pointer$+0x7f7f15d7>
800039b4:	00e7f7b3          	and	a5,a5,a4
800039b8:	00155713          	srli	a4,a0,0x1
800039bc:	00157513          	andi	a0,a0,1
800039c0:	00a76733          	or	a4,a4,a0
800039c4:	01f79513          	slli	a0,a5,0x1f
800039c8:	00e56533          	or	a0,a0,a4
800039cc:	0017d793          	srli	a5,a5,0x1
800039d0:	1a80006f          	j	80003b78 <__adddf3+0x358>
800039d4:	fe080713          	addi	a4,a6,-32
800039d8:	00e5d733          	srl	a4,a1,a4
800039dc:	00000693          	li	a3,0
800039e0:	01180863          	beq	a6,a7,800039f0 <__adddf3+0x1d0>
800039e4:	04000693          	li	a3,64
800039e8:	410686b3          	sub	a3,a3,a6
800039ec:	00d596b3          	sll	a3,a1,a3
800039f0:	00c6e6b3          	or	a3,a3,a2
800039f4:	00d036b3          	snez	a3,a3
800039f8:	00d76733          	or	a4,a4,a3
800039fc:	00000813          	li	a6,0
80003a00:	f89ff06f          	j	80003988 <__adddf3+0x168>
80003a04:	00c5e733          	or	a4,a1,a2
80003a08:	00e03733          	snez	a4,a4
80003a0c:	ff1ff06f          	j	800039fc <__adddf3+0x1dc>
80003a10:	0c080663          	beqz	a6,80003adc <__adddf3+0x2bc>
80003a14:	41488733          	sub	a4,a7,s4
80003a18:	020a1463          	bnez	s4,80003a40 <__adddf3+0x220>
80003a1c:	00a7e6b3          	or	a3,a5,a0
80003a20:	00068863          	beqz	a3,80003a30 <__adddf3+0x210>
80003a24:	fff70693          	addi	a3,a4,-1
80003a28:	e80682e3          	beqz	a3,800038ac <__adddf3+0x8c>
80003a2c:	02671263          	bne	a4,t1,80003a50 <__adddf3+0x230>
80003a30:	00058793          	mv	a5,a1
80003a34:	00060513          	mv	a0,a2
80003a38:	00070a13          	mv	s4,a4
80003a3c:	e91ff06f          	j	800038cc <__adddf3+0xac>
80003a40:	54688263          	beq	a7,t1,80003f84 <__adddf3+0x764>
80003a44:	008006b7          	lui	a3,0x800
80003a48:	00d7e7b3          	or	a5,a5,a3
80003a4c:	00070693          	mv	a3,a4
80003a50:	03800713          	li	a4,56
80003a54:	06d74e63          	blt	a4,a3,80003ad0 <__adddf3+0x2b0>
80003a58:	01f00713          	li	a4,31
80003a5c:	02000313          	li	t1,32
80003a60:	04d74063          	blt	a4,a3,80003aa0 <__adddf3+0x280>
80003a64:	40d30333          	sub	t1,t1,a3
80003a68:	00679733          	sll	a4,a5,t1
80003a6c:	00d55833          	srl	a6,a0,a3
80003a70:	00651333          	sll	t1,a0,t1
80003a74:	01076733          	or	a4,a4,a6
80003a78:	00603333          	snez	t1,t1
80003a7c:	00676733          	or	a4,a4,t1
80003a80:	00d7d6b3          	srl	a3,a5,a3
80003a84:	00c70633          	add	a2,a4,a2
80003a88:	00b686b3          	add	a3,a3,a1
80003a8c:	00e63733          	sltu	a4,a2,a4
80003a90:	00060513          	mv	a0,a2
80003a94:	00e687b3          	add	a5,a3,a4
80003a98:	00088a13          	mv	s4,a7
80003a9c:	efdff06f          	j	80003998 <__adddf3+0x178>
80003aa0:	fe068713          	addi	a4,a3,-32 # 7fffe0 <buflen.1+0x7fffa0>
80003aa4:	00e7d733          	srl	a4,a5,a4
80003aa8:	00000813          	li	a6,0
80003aac:	00668863          	beq	a3,t1,80003abc <__adddf3+0x29c>
80003ab0:	04000813          	li	a6,64
80003ab4:	40d80833          	sub	a6,a6,a3
80003ab8:	01079833          	sll	a6,a5,a6
80003abc:	00a86833          	or	a6,a6,a0
80003ac0:	01003833          	snez	a6,a6
80003ac4:	01076733          	or	a4,a4,a6
80003ac8:	00000693          	li	a3,0
80003acc:	fb9ff06f          	j	80003a84 <__adddf3+0x264>
80003ad0:	00a7e733          	or	a4,a5,a0
80003ad4:	00e03733          	snez	a4,a4
80003ad8:	ff1ff06f          	j	80003ac8 <__adddf3+0x2a8>
80003adc:	001a0713          	addi	a4,s4,1
80003ae0:	7fe77693          	andi	a3,a4,2046
80003ae4:	06069663          	bnez	a3,80003b50 <__adddf3+0x330>
80003ae8:	00a7e733          	or	a4,a5,a0
80003aec:	040a1263          	bnez	s4,80003b30 <__adddf3+0x310>
80003af0:	46070263          	beqz	a4,80003f54 <__adddf3+0x734>
80003af4:	00c5e733          	or	a4,a1,a2
80003af8:	46070263          	beqz	a4,80003f5c <__adddf3+0x73c>
80003afc:	00c50733          	add	a4,a0,a2
80003b00:	00b785b3          	add	a1,a5,a1
80003b04:	00a737b3          	sltu	a5,a4,a0
80003b08:	00f587b3          	add	a5,a1,a5
80003b0c:	00879693          	slli	a3,a5,0x8
80003b10:	00070613          	mv	a2,a4
80003b14:	2c06de63          	bgez	a3,80003df0 <__adddf3+0x5d0>
80003b18:	ff8006b7          	lui	a3,0xff800
80003b1c:	fff68693          	addi	a3,a3,-1 # ff7fffff <__global_pointer$+0x7f7f15d7>
80003b20:	00d7f7b3          	and	a5,a5,a3
80003b24:	00070513          	mv	a0,a4
80003b28:	00100a13          	li	s4,1
80003b2c:	da1ff06f          	j	800038cc <__adddf3+0xac>
80003b30:	42070a63          	beqz	a4,80003f64 <__adddf3+0x744>
80003b34:	00c5e633          	or	a2,a1,a2
80003b38:	00030a13          	mv	s4,t1
80003b3c:	d80608e3          	beqz	a2,800038cc <__adddf3+0xac>
80003b40:	00000993          	li	s3,0
80003b44:	004007b7          	lui	a5,0x400
80003b48:	00000513          	li	a0,0
80003b4c:	d81ff06f          	j	800038cc <__adddf3+0xac>
80003b50:	42670263          	beq	a4,t1,80003f74 <__adddf3+0x754>
80003b54:	00c50633          	add	a2,a0,a2
80003b58:	00a63533          	sltu	a0,a2,a0
80003b5c:	00b785b3          	add	a1,a5,a1
80003b60:	00a585b3          	add	a1,a1,a0
80003b64:	01f59513          	slli	a0,a1,0x1f
80003b68:	00165613          	srli	a2,a2,0x1
80003b6c:	00c56533          	or	a0,a0,a2
80003b70:	0015d793          	srli	a5,a1,0x1
80003b74:	00070a13          	mv	s4,a4
80003b78:	00757713          	andi	a4,a0,7
80003b7c:	02070063          	beqz	a4,80003b9c <__adddf3+0x37c>
80003b80:	00f57713          	andi	a4,a0,15
80003b84:	00400693          	li	a3,4
80003b88:	00d70a63          	beq	a4,a3,80003b9c <__adddf3+0x37c>
80003b8c:	00d50733          	add	a4,a0,a3
80003b90:	00a736b3          	sltu	a3,a4,a0
80003b94:	00d787b3          	add	a5,a5,a3
80003b98:	00070513          	mv	a0,a4
80003b9c:	00879713          	slli	a4,a5,0x8
80003ba0:	d20756e3          	bgez	a4,800038cc <__adddf3+0xac>
80003ba4:	001a0a13          	addi	s4,s4,1
80003ba8:	7ff00713          	li	a4,2047
80003bac:	3cea0663          	beq	s4,a4,80003f78 <__adddf3+0x758>
80003bb0:	ff800737          	lui	a4,0xff800
80003bb4:	fff70713          	addi	a4,a4,-1 # ff7fffff <__global_pointer$+0x7f7f15d7>
80003bb8:	00e7f7b3          	and	a5,a5,a4
80003bbc:	d11ff06f          	j	800038cc <__adddf3+0xac>
80003bc0:	0f005463          	blez	a6,80003ca8 <__adddf3+0x488>
80003bc4:	08089c63          	bnez	a7,80003c5c <__adddf3+0x43c>
80003bc8:	00c5e733          	or	a4,a1,a2
80003bcc:	d00700e3          	beqz	a4,800038cc <__adddf3+0xac>
80003bd0:	fffa0813          	addi	a6,s4,-1
80003bd4:	02081063          	bnez	a6,80003bf4 <__adddf3+0x3d4>
80003bd8:	40c50633          	sub	a2,a0,a2
80003bdc:	00c53733          	sltu	a4,a0,a2
80003be0:	40b785b3          	sub	a1,a5,a1
80003be4:	00060513          	mv	a0,a2
80003be8:	40e587b3          	sub	a5,a1,a4
80003bec:	00100a13          	li	s4,1
80003bf0:	0500006f          	j	80003c40 <__adddf3+0x420>
80003bf4:	cc6a0ce3          	beq	s4,t1,800038cc <__adddf3+0xac>
80003bf8:	03800713          	li	a4,56
80003bfc:	0b074063          	blt	a4,a6,80003c9c <__adddf3+0x47c>
80003c00:	01f00713          	li	a4,31
80003c04:	02000893          	li	a7,32
80003c08:	07074263          	blt	a4,a6,80003c6c <__adddf3+0x44c>
80003c0c:	410888b3          	sub	a7,a7,a6
80003c10:	01159733          	sll	a4,a1,a7
80003c14:	010656b3          	srl	a3,a2,a6
80003c18:	011618b3          	sll	a7,a2,a7
80003c1c:	00d76733          	or	a4,a4,a3
80003c20:	011038b3          	snez	a7,a7
80003c24:	01176733          	or	a4,a4,a7
80003c28:	0105d833          	srl	a6,a1,a6
80003c2c:	40e50733          	sub	a4,a0,a4
80003c30:	00e536b3          	sltu	a3,a0,a4
80003c34:	41078833          	sub	a6,a5,a6
80003c38:	00070513          	mv	a0,a4
80003c3c:	40d807b3          	sub	a5,a6,a3
80003c40:	00879713          	slli	a4,a5,0x8
80003c44:	f2075ae3          	bgez	a4,80003b78 <__adddf3+0x358>
80003c48:	00800937          	lui	s2,0x800
80003c4c:	fff90913          	addi	s2,s2,-1 # 7fffff <buflen.1+0x7fffbf>
80003c50:	0127f933          	and	s2,a5,s2
80003c54:	00050a93          	mv	s5,a0
80003c58:	2180006f          	j	80003e70 <__adddf3+0x650>
80003c5c:	c66a08e3          	beq	s4,t1,800038cc <__adddf3+0xac>
80003c60:	00800737          	lui	a4,0x800
80003c64:	00e5e5b3          	or	a1,a1,a4
80003c68:	f91ff06f          	j	80003bf8 <__adddf3+0x3d8>
80003c6c:	fe080713          	addi	a4,a6,-32
80003c70:	00e5d733          	srl	a4,a1,a4
80003c74:	00000693          	li	a3,0
80003c78:	01180863          	beq	a6,a7,80003c88 <__adddf3+0x468>
80003c7c:	04000693          	li	a3,64
80003c80:	410686b3          	sub	a3,a3,a6
80003c84:	00d596b3          	sll	a3,a1,a3
80003c88:	00c6e6b3          	or	a3,a3,a2
80003c8c:	00d036b3          	snez	a3,a3
80003c90:	00d76733          	or	a4,a4,a3
80003c94:	00000813          	li	a6,0
80003c98:	f95ff06f          	j	80003c2c <__adddf3+0x40c>
80003c9c:	00c5e733          	or	a4,a1,a2
80003ca0:	00e03733          	snez	a4,a4
80003ca4:	ff1ff06f          	j	80003c94 <__adddf3+0x474>
80003ca8:	0e080463          	beqz	a6,80003d90 <__adddf3+0x570>
80003cac:	41488833          	sub	a6,a7,s4
80003cb0:	040a1263          	bnez	s4,80003cf4 <__adddf3+0x4d4>
80003cb4:	00a7e733          	or	a4,a5,a0
80003cb8:	02070463          	beqz	a4,80003ce0 <__adddf3+0x4c0>
80003cbc:	fff80713          	addi	a4,a6,-1
80003cc0:	00071e63          	bnez	a4,80003cdc <__adddf3+0x4bc>
80003cc4:	40a60533          	sub	a0,a2,a0
80003cc8:	40f585b3          	sub	a1,a1,a5
80003ccc:	00a63633          	sltu	a2,a2,a0
80003cd0:	40c587b3          	sub	a5,a1,a2
80003cd4:	00068993          	mv	s3,a3
80003cd8:	f15ff06f          	j	80003bec <__adddf3+0x3cc>
80003cdc:	02681463          	bne	a6,t1,80003d04 <__adddf3+0x4e4>
80003ce0:	00068993          	mv	s3,a3
80003ce4:	00058793          	mv	a5,a1
80003ce8:	00060513          	mv	a0,a2
80003cec:	00080a13          	mv	s4,a6
80003cf0:	bddff06f          	j	800038cc <__adddf3+0xac>
80003cf4:	28688663          	beq	a7,t1,80003f80 <__adddf3+0x760>
80003cf8:	00800737          	lui	a4,0x800
80003cfc:	00e7e7b3          	or	a5,a5,a4
80003d00:	00080713          	mv	a4,a6
80003d04:	03800813          	li	a6,56
80003d08:	06e84e63          	blt	a6,a4,80003d84 <__adddf3+0x564>
80003d0c:	01f00813          	li	a6,31
80003d10:	02000e13          	li	t3,32
80003d14:	04e84063          	blt	a6,a4,80003d54 <__adddf3+0x534>
80003d18:	40ee0e33          	sub	t3,t3,a4
80003d1c:	00e55333          	srl	t1,a0,a4
80003d20:	01c79833          	sll	a6,a5,t3
80003d24:	01c51e33          	sll	t3,a0,t3
80003d28:	00686833          	or	a6,a6,t1
80003d2c:	01c03e33          	snez	t3,t3
80003d30:	01c86533          	or	a0,a6,t3
80003d34:	00e7d733          	srl	a4,a5,a4
80003d38:	40a60533          	sub	a0,a2,a0
80003d3c:	40e58733          	sub	a4,a1,a4
80003d40:	00a63633          	sltu	a2,a2,a0
80003d44:	40c707b3          	sub	a5,a4,a2
80003d48:	00088a13          	mv	s4,a7
80003d4c:	00068993          	mv	s3,a3
80003d50:	ef1ff06f          	j	80003c40 <__adddf3+0x420>
80003d54:	fe070813          	addi	a6,a4,-32 # 7fffe0 <buflen.1+0x7fffa0>
80003d58:	0107d833          	srl	a6,a5,a6
80003d5c:	00000313          	li	t1,0
80003d60:	01c70863          	beq	a4,t3,80003d70 <__adddf3+0x550>
80003d64:	04000313          	li	t1,64
80003d68:	40e30333          	sub	t1,t1,a4
80003d6c:	00679333          	sll	t1,a5,t1
80003d70:	00a36333          	or	t1,t1,a0
80003d74:	00603333          	snez	t1,t1
80003d78:	00686533          	or	a0,a6,t1
80003d7c:	00000713          	li	a4,0
80003d80:	fb9ff06f          	j	80003d38 <__adddf3+0x518>
80003d84:	00a7e533          	or	a0,a5,a0
80003d88:	00a03533          	snez	a0,a0
80003d8c:	ff1ff06f          	j	80003d7c <__adddf3+0x55c>
80003d90:	001a0713          	addi	a4,s4,1
80003d94:	7fe77713          	andi	a4,a4,2046
80003d98:	0a071463          	bnez	a4,80003e40 <__adddf3+0x620>
80003d9c:	00a7e833          	or	a6,a5,a0
80003da0:	00c5e733          	or	a4,a1,a2
80003da4:	060a1a63          	bnez	s4,80003e18 <__adddf3+0x5f8>
80003da8:	00081a63          	bnez	a6,80003dbc <__adddf3+0x59c>
80003dac:	00058793          	mv	a5,a1
80003db0:	02071e63          	bnez	a4,80003dec <__adddf3+0x5cc>
80003db4:	00000993          	li	s3,0
80003db8:	1c00006f          	j	80003f78 <__adddf3+0x758>
80003dbc:	1a070063          	beqz	a4,80003f5c <__adddf3+0x73c>
80003dc0:	40c50833          	sub	a6,a0,a2
80003dc4:	010538b3          	sltu	a7,a0,a6
80003dc8:	40b78733          	sub	a4,a5,a1
80003dcc:	41170733          	sub	a4,a4,a7
80003dd0:	00871893          	slli	a7,a4,0x8
80003dd4:	0208d863          	bgez	a7,80003e04 <__adddf3+0x5e4>
80003dd8:	40a60533          	sub	a0,a2,a0
80003ddc:	00a63733          	sltu	a4,a2,a0
80003de0:	40f585b3          	sub	a1,a1,a5
80003de4:	00050613          	mv	a2,a0
80003de8:	40e587b3          	sub	a5,a1,a4
80003dec:	00068993          	mv	s3,a3
80003df0:	00c7e533          	or	a0,a5,a2
80003df4:	0e050663          	beqz	a0,80003ee0 <__adddf3+0x6c0>
80003df8:	00060513          	mv	a0,a2
80003dfc:	00000a13          	li	s4,0
80003e00:	d79ff06f          	j	80003b78 <__adddf3+0x358>
80003e04:	00e86533          	or	a0,a6,a4
80003e08:	18050663          	beqz	a0,80003f94 <__adddf3+0x774>
80003e0c:	00070793          	mv	a5,a4
80003e10:	00080613          	mv	a2,a6
80003e14:	fddff06f          	j	80003df0 <__adddf3+0x5d0>
80003e18:	00081e63          	bnez	a6,80003e34 <__adddf3+0x614>
80003e1c:	00068993          	mv	s3,a3
80003e20:	14071263          	bnez	a4,80003f64 <__adddf3+0x744>
80003e24:	00000993          	li	s3,0
80003e28:	004007b7          	lui	a5,0x400
80003e2c:	00000513          	li	a0,0
80003e30:	13c0006f          	j	80003f6c <__adddf3+0x74c>
80003e34:	00030a13          	mv	s4,t1
80003e38:	a8070ae3          	beqz	a4,800038cc <__adddf3+0xac>
80003e3c:	d05ff06f          	j	80003b40 <__adddf3+0x320>
80003e40:	40c50733          	sub	a4,a0,a2
80003e44:	00e53833          	sltu	a6,a0,a4
80003e48:	40b78933          	sub	s2,a5,a1
80003e4c:	41090933          	sub	s2,s2,a6
80003e50:	00891813          	slli	a6,s2,0x8
80003e54:	00070a93          	mv	s5,a4
80003e58:	06085e63          	bgez	a6,80003ed4 <__adddf3+0x6b4>
80003e5c:	40a60ab3          	sub	s5,a2,a0
80003e60:	40f58933          	sub	s2,a1,a5
80003e64:	01563633          	sltu	a2,a2,s5
80003e68:	40c90933          	sub	s2,s2,a2
80003e6c:	00068993          	mv	s3,a3
80003e70:	06090e63          	beqz	s2,80003eec <__adddf3+0x6cc>
80003e74:	00090513          	mv	a0,s2
80003e78:	7a8000ef          	jal	80004620 <__clzsi2>
80003e7c:	ff850613          	addi	a2,a0,-8
80003e80:	02000793          	li	a5,32
80003e84:	40c787b3          	sub	a5,a5,a2
80003e88:	00c91933          	sll	s2,s2,a2
80003e8c:	00fad7b3          	srl	a5,s5,a5
80003e90:	0127e7b3          	or	a5,a5,s2
80003e94:	00ca9933          	sll	s2,s5,a2
80003e98:	0b464263          	blt	a2,s4,80003f3c <__adddf3+0x71c>
80003e9c:	41460633          	sub	a2,a2,s4
80003ea0:	00160593          	addi	a1,a2,1 # 7ff00001 <buflen.1+0x7fefffc1>
80003ea4:	01f00713          	li	a4,31
80003ea8:	02000693          	li	a3,32
80003eac:	06b74063          	blt	a4,a1,80003f0c <__adddf3+0x6ec>
80003eb0:	40b686b3          	sub	a3,a3,a1
80003eb4:	00d79633          	sll	a2,a5,a3
80003eb8:	00b95733          	srl	a4,s2,a1
80003ebc:	00d916b3          	sll	a3,s2,a3
80003ec0:	00e66633          	or	a2,a2,a4
80003ec4:	00d036b3          	snez	a3,a3
80003ec8:	00d66633          	or	a2,a2,a3
80003ecc:	00b7d7b3          	srl	a5,a5,a1
80003ed0:	f21ff06f          	j	80003df0 <__adddf3+0x5d0>
80003ed4:	01276533          	or	a0,a4,s2
80003ed8:	f8051ce3          	bnez	a0,80003e70 <__adddf3+0x650>
80003edc:	00000993          	li	s3,0
80003ee0:	00000793          	li	a5,0
80003ee4:	00000a13          	li	s4,0
80003ee8:	9e5ff06f          	j	800038cc <__adddf3+0xac>
80003eec:	000a8513          	mv	a0,s5
80003ef0:	730000ef          	jal	80004620 <__clzsi2>
80003ef4:	01850613          	addi	a2,a0,24
80003ef8:	01f00793          	li	a5,31
80003efc:	f8c7d2e3          	bge	a5,a2,80003e80 <__adddf3+0x660>
80003f00:	ff850793          	addi	a5,a0,-8
80003f04:	00fa97b3          	sll	a5,s5,a5
80003f08:	f91ff06f          	j	80003e98 <__adddf3+0x678>
80003f0c:	fe160613          	addi	a2,a2,-31
80003f10:	00c7d633          	srl	a2,a5,a2
80003f14:	00000713          	li	a4,0
80003f18:	00d58863          	beq	a1,a3,80003f28 <__adddf3+0x708>
80003f1c:	04000713          	li	a4,64
80003f20:	40b70733          	sub	a4,a4,a1
80003f24:	00e79733          	sll	a4,a5,a4
80003f28:	00e96733          	or	a4,s2,a4
80003f2c:	00e03733          	snez	a4,a4
80003f30:	00e66633          	or	a2,a2,a4
80003f34:	00000793          	li	a5,0
80003f38:	eb9ff06f          	j	80003df0 <__adddf3+0x5d0>
80003f3c:	ff800737          	lui	a4,0xff800
80003f40:	fff70713          	addi	a4,a4,-1 # ff7fffff <__global_pointer$+0x7f7f15d7>
80003f44:	40ca0a33          	sub	s4,s4,a2
80003f48:	00e7f7b3          	and	a5,a5,a4
80003f4c:	00090513          	mv	a0,s2
80003f50:	c29ff06f          	j	80003b78 <__adddf3+0x358>
80003f54:	00058793          	mv	a5,a1
80003f58:	e99ff06f          	j	80003df0 <__adddf3+0x5d0>
80003f5c:	00050613          	mv	a2,a0
80003f60:	e91ff06f          	j	80003df0 <__adddf3+0x5d0>
80003f64:	00058793          	mv	a5,a1
80003f68:	00060513          	mv	a0,a2
80003f6c:	00030a13          	mv	s4,t1
80003f70:	95dff06f          	j	800038cc <__adddf3+0xac>
80003f74:	00070a13          	mv	s4,a4
80003f78:	00000793          	li	a5,0
80003f7c:	bcdff06f          	j	80003b48 <__adddf3+0x328>
80003f80:	00068993          	mv	s3,a3
80003f84:	00058793          	mv	a5,a1
80003f88:	00060513          	mv	a0,a2
80003f8c:	00088a13          	mv	s4,a7
80003f90:	93dff06f          	j	800038cc <__adddf3+0xac>
80003f94:	00000993          	li	s3,0
80003f98:	00000793          	li	a5,0
80003f9c:	931ff06f          	j	800038cc <__adddf3+0xac>

80003fa0 <__eqdf2>:
80003fa0:	0145d713          	srli	a4,a1,0x14
80003fa4:	001007b7          	lui	a5,0x100
80003fa8:	fff78793          	addi	a5,a5,-1 # fffff <buflen.1+0xfffbf>
80003fac:	0146d813          	srli	a6,a3,0x14
80003fb0:	00050313          	mv	t1,a0
80003fb4:	00050e93          	mv	t4,a0
80003fb8:	7ff77713          	andi	a4,a4,2047
80003fbc:	7ff00513          	li	a0,2047
80003fc0:	00b7f8b3          	and	a7,a5,a1
80003fc4:	00060f13          	mv	t5,a2
80003fc8:	00d7f7b3          	and	a5,a5,a3
80003fcc:	01f5d593          	srli	a1,a1,0x1f
80003fd0:	7ff87813          	andi	a6,a6,2047
80003fd4:	01f6d693          	srli	a3,a3,0x1f
80003fd8:	00a71c63          	bne	a4,a0,80003ff0 <__eqdf2+0x50>
80003fdc:	0068ee33          	or	t3,a7,t1
80003fe0:	00100513          	li	a0,1
80003fe4:	000e1463          	bnez	t3,80003fec <__eqdf2+0x4c>
80003fe8:	00e80663          	beq	a6,a4,80003ff4 <__eqdf2+0x54>
80003fec:	00008067          	ret
80003ff0:	00a81863          	bne	a6,a0,80004000 <__eqdf2+0x60>
80003ff4:	00c7e633          	or	a2,a5,a2
80003ff8:	00100513          	li	a0,1
80003ffc:	fe0618e3          	bnez	a2,80003fec <__eqdf2+0x4c>
80004000:	00100513          	li	a0,1
80004004:	ff0714e3          	bne	a4,a6,80003fec <__eqdf2+0x4c>
80004008:	fef892e3          	bne	a7,a5,80003fec <__eqdf2+0x4c>
8000400c:	ffee90e3          	bne	t4,t5,80003fec <__eqdf2+0x4c>
80004010:	00d58a63          	beq	a1,a3,80004024 <__eqdf2+0x84>
80004014:	fc071ce3          	bnez	a4,80003fec <__eqdf2+0x4c>
80004018:	0068e8b3          	or	a7,a7,t1
8000401c:	01103533          	snez	a0,a7
80004020:	00008067          	ret
80004024:	00000513          	li	a0,0
80004028:	00008067          	ret

8000402c <__muldf3>:
8000402c:	fd010113          	addi	sp,sp,-48
80004030:	01712623          	sw	s7,12(sp)
80004034:	0145db93          	srli	s7,a1,0x14
80004038:	02812423          	sw	s0,40(sp)
8000403c:	02912223          	sw	s1,36(sp)
80004040:	01512a23          	sw	s5,20(sp)
80004044:	01612823          	sw	s6,16(sp)
80004048:	01812423          	sw	s8,8(sp)
8000404c:	00c59493          	slli	s1,a1,0xc
80004050:	02112623          	sw	ra,44(sp)
80004054:	03212023          	sw	s2,32(sp)
80004058:	01312e23          	sw	s3,28(sp)
8000405c:	01412c23          	sw	s4,24(sp)
80004060:	01912223          	sw	s9,4(sp)
80004064:	7ffbfb93          	andi	s7,s7,2047
80004068:	00050413          	mv	s0,a0
8000406c:	00060c13          	mv	s8,a2
80004070:	00068a93          	mv	s5,a3
80004074:	00c4d493          	srli	s1,s1,0xc
80004078:	01f5db13          	srli	s6,a1,0x1f
8000407c:	0c0b8263          	beqz	s7,80004140 <__muldf3+0x114>
80004080:	7ff00793          	li	a5,2047
80004084:	12fb8463          	beq	s7,a5,800041ac <__muldf3+0x180>
80004088:	00349493          	slli	s1,s1,0x3
8000408c:	01d55793          	srli	a5,a0,0x1d
80004090:	0097e7b3          	or	a5,a5,s1
80004094:	008004b7          	lui	s1,0x800
80004098:	0097e4b3          	or	s1,a5,s1
8000409c:	00351a13          	slli	s4,a0,0x3
800040a0:	c01b8b93          	addi	s7,s7,-1023
800040a4:	00000c93          	li	s9,0
800040a8:	014ad693          	srli	a3,s5,0x14
800040ac:	00ca9413          	slli	s0,s5,0xc
800040b0:	7ff6f693          	andi	a3,a3,2047
800040b4:	00c45413          	srli	s0,s0,0xc
800040b8:	01fada93          	srli	s5,s5,0x1f
800040bc:	12068063          	beqz	a3,800041dc <__muldf3+0x1b0>
800040c0:	7ff00793          	li	a5,2047
800040c4:	18f68463          	beq	a3,a5,8000424c <__muldf3+0x220>
800040c8:	00341413          	slli	s0,s0,0x3
800040cc:	01dc5793          	srli	a5,s8,0x1d
800040d0:	0087e7b3          	or	a5,a5,s0
800040d4:	00800437          	lui	s0,0x800
800040d8:	0087e433          	or	s0,a5,s0
800040dc:	c0168693          	addi	a3,a3,-1023
800040e0:	003c1793          	slli	a5,s8,0x3
800040e4:	00000513          	li	a0,0
800040e8:	002c9713          	slli	a4,s9,0x2
800040ec:	00db8bb3          	add	s7,s7,a3
800040f0:	00a76733          	or	a4,a4,a0
800040f4:	00a00693          	li	a3,10
800040f8:	001b8593          	addi	a1,s7,1
800040fc:	1ae6c263          	blt	a3,a4,800042a0 <__muldf3+0x274>
80004100:	00200813          	li	a6,2
80004104:	015b4633          	xor	a2,s6,s5
80004108:	00100693          	li	a3,1
8000410c:	16e84863          	blt	a6,a4,8000427c <__muldf3+0x250>
80004110:	fff70713          	addi	a4,a4,-1
80004114:	1ae6e663          	bltu	a3,a4,800042c0 <__muldf3+0x294>
80004118:	00050c93          	mv	s9,a0
8000411c:	00200713          	li	a4,2
80004120:	4eec8063          	beq	s9,a4,80004600 <__muldf3+0x5d4>
80004124:	00300713          	li	a4,3
80004128:	4cec8663          	beq	s9,a4,800045f4 <__muldf3+0x5c8>
8000412c:	00100713          	li	a4,1
80004130:	34ec9463          	bne	s9,a4,80004478 <__muldf3+0x44c>
80004134:	00000413          	li	s0,0
80004138:	00000693          	li	a3,0
8000413c:	46c0006f          	j	800045a8 <__muldf3+0x57c>
80004140:	00a4ea33          	or	s4,s1,a0
80004144:	060a0e63          	beqz	s4,800041c0 <__muldf3+0x194>
80004148:	04048063          	beqz	s1,80004188 <__muldf3+0x15c>
8000414c:	00048513          	mv	a0,s1
80004150:	4d0000ef          	jal	80004620 <__clzsi2>
80004154:	ff550713          	addi	a4,a0,-11
80004158:	01d00793          	li	a5,29
8000415c:	ff850693          	addi	a3,a0,-8
80004160:	40e787b3          	sub	a5,a5,a4
80004164:	00d494b3          	sll	s1,s1,a3
80004168:	00f457b3          	srl	a5,s0,a5
8000416c:	0097e7b3          	or	a5,a5,s1
80004170:	00d414b3          	sll	s1,s0,a3
80004174:	c0d00b93          	li	s7,-1011
80004178:	00048a13          	mv	s4,s1
8000417c:	40ab8bb3          	sub	s7,s7,a0
80004180:	00078493          	mv	s1,a5
80004184:	f21ff06f          	j	800040a4 <__muldf3+0x78>
80004188:	498000ef          	jal	80004620 <__clzsi2>
8000418c:	00050793          	mv	a5,a0
80004190:	01578713          	addi	a4,a5,21
80004194:	01c00693          	li	a3,28
80004198:	02050513          	addi	a0,a0,32
8000419c:	fae6dee3          	bge	a3,a4,80004158 <__muldf3+0x12c>
800041a0:	ff878793          	addi	a5,a5,-8
800041a4:	00f417b3          	sll	a5,s0,a5
800041a8:	fcdff06f          	j	80004174 <__muldf3+0x148>
800041ac:	00a4ea33          	or	s4,s1,a0
800041b0:	020a1063          	bnez	s4,800041d0 <__muldf3+0x1a4>
800041b4:	00000493          	li	s1,0
800041b8:	00200c93          	li	s9,2
800041bc:	eedff06f          	j	800040a8 <__muldf3+0x7c>
800041c0:	00000493          	li	s1,0
800041c4:	00000b93          	li	s7,0
800041c8:	00100c93          	li	s9,1
800041cc:	eddff06f          	j	800040a8 <__muldf3+0x7c>
800041d0:	00050a13          	mv	s4,a0
800041d4:	00300c93          	li	s9,3
800041d8:	ed1ff06f          	j	800040a8 <__muldf3+0x7c>
800041dc:	018467b3          	or	a5,s0,s8
800041e0:	08078063          	beqz	a5,80004260 <__muldf3+0x234>
800041e4:	04040063          	beqz	s0,80004224 <__muldf3+0x1f8>
800041e8:	00040513          	mv	a0,s0
800041ec:	434000ef          	jal	80004620 <__clzsi2>
800041f0:	ff550693          	addi	a3,a0,-11
800041f4:	01d00713          	li	a4,29
800041f8:	ff850793          	addi	a5,a0,-8
800041fc:	40d70733          	sub	a4,a4,a3
80004200:	00f41433          	sll	s0,s0,a5
80004204:	00ec5733          	srl	a4,s8,a4
80004208:	00876733          	or	a4,a4,s0
8000420c:	00fc1433          	sll	s0,s8,a5
80004210:	c0d00693          	li	a3,-1011
80004214:	00040793          	mv	a5,s0
80004218:	40a686b3          	sub	a3,a3,a0
8000421c:	00070413          	mv	s0,a4
80004220:	ec5ff06f          	j	800040e4 <__muldf3+0xb8>
80004224:	000c0513          	mv	a0,s8
80004228:	3f8000ef          	jal	80004620 <__clzsi2>
8000422c:	00050793          	mv	a5,a0
80004230:	01578693          	addi	a3,a5,21
80004234:	01c00713          	li	a4,28
80004238:	02050513          	addi	a0,a0,32
8000423c:	fad75ce3          	bge	a4,a3,800041f4 <__muldf3+0x1c8>
80004240:	ff878793          	addi	a5,a5,-8
80004244:	00fc1733          	sll	a4,s8,a5
80004248:	fc9ff06f          	j	80004210 <__muldf3+0x1e4>
8000424c:	018467b3          	or	a5,s0,s8
80004250:	02079063          	bnez	a5,80004270 <__muldf3+0x244>
80004254:	00000413          	li	s0,0
80004258:	00200513          	li	a0,2
8000425c:	e8dff06f          	j	800040e8 <__muldf3+0xbc>
80004260:	00000413          	li	s0,0
80004264:	00000693          	li	a3,0
80004268:	00100513          	li	a0,1
8000426c:	e7dff06f          	j	800040e8 <__muldf3+0xbc>
80004270:	000c0793          	mv	a5,s8
80004274:	00300513          	li	a0,3
80004278:	e71ff06f          	j	800040e8 <__muldf3+0xbc>
8000427c:	00e69733          	sll	a4,a3,a4
80004280:	53077693          	andi	a3,a4,1328
80004284:	02069863          	bnez	a3,800042b4 <__muldf3+0x288>
80004288:	24077813          	andi	a6,a4,576
8000428c:	34081c63          	bnez	a6,800045e4 <__muldf3+0x5b8>
80004290:	08877713          	andi	a4,a4,136
80004294:	02070663          	beqz	a4,800042c0 <__muldf3+0x294>
80004298:	000a8613          	mv	a2,s5
8000429c:	e7dff06f          	j	80004118 <__muldf3+0xec>
800042a0:	00f00693          	li	a3,15
800042a4:	34d70863          	beq	a4,a3,800045f4 <__muldf3+0x5c8>
800042a8:	00b00693          	li	a3,11
800042ac:	000b0613          	mv	a2,s6
800042b0:	fed704e3          	beq	a4,a3,80004298 <__muldf3+0x26c>
800042b4:	00048413          	mv	s0,s1
800042b8:	000a0793          	mv	a5,s4
800042bc:	e61ff06f          	j	8000411c <__muldf3+0xf0>
800042c0:	010a5693          	srli	a3,s4,0x10
800042c4:	0107d893          	srli	a7,a5,0x10
800042c8:	010a1a13          	slli	s4,s4,0x10
800042cc:	01079793          	slli	a5,a5,0x10
800042d0:	010a5a13          	srli	s4,s4,0x10
800042d4:	0107d793          	srli	a5,a5,0x10
800042d8:	02fa0533          	mul	a0,s4,a5
800042dc:	02f68e33          	mul	t3,a3,a5
800042e0:	01055813          	srli	a6,a0,0x10
800042e4:	03488333          	mul	t1,a7,s4
800042e8:	01c30333          	add	t1,t1,t3
800042ec:	00680833          	add	a6,a6,t1
800042f0:	03168733          	mul	a4,a3,a7
800042f4:	01c87663          	bgeu	a6,t3,80004300 <__muldf3+0x2d4>
800042f8:	00010337          	lui	t1,0x10
800042fc:	00670733          	add	a4,a4,t1
80004300:	01051513          	slli	a0,a0,0x10
80004304:	01055513          	srli	a0,a0,0x10
80004308:	01085f93          	srli	t6,a6,0x10
8000430c:	01081813          	slli	a6,a6,0x10
80004310:	00a80833          	add	a6,a6,a0
80004314:	01045513          	srli	a0,s0,0x10
80004318:	01041413          	slli	s0,s0,0x10
8000431c:	01045413          	srli	s0,s0,0x10
80004320:	028a0e33          	mul	t3,s4,s0
80004324:	02868eb3          	mul	t4,a3,s0
80004328:	010e5313          	srli	t1,t3,0x10
8000432c:	03450a33          	mul	s4,a0,s4
80004330:	01da0a33          	add	s4,s4,t4
80004334:	01430333          	add	t1,t1,s4
80004338:	02a686b3          	mul	a3,a3,a0
8000433c:	01d37663          	bgeu	t1,t4,80004348 <__muldf3+0x31c>
80004340:	00010eb7          	lui	t4,0x10
80004344:	01d686b3          	add	a3,a3,t4
80004348:	01035f13          	srli	t5,t1,0x10
8000434c:	00df0f33          	add	t5,t5,a3
80004350:	01031693          	slli	a3,t1,0x10
80004354:	0104d313          	srli	t1,s1,0x10
80004358:	01049493          	slli	s1,s1,0x10
8000435c:	0104d493          	srli	s1,s1,0x10
80004360:	02f48eb3          	mul	t4,s1,a5
80004364:	010e1e13          	slli	t3,t3,0x10
80004368:	010e5e13          	srli	t3,t3,0x10
8000436c:	01c686b3          	add	a3,a3,t3
80004370:	00df8fb3          	add	t6,t6,a3
80004374:	02f307b3          	mul	a5,t1,a5
80004378:	010ede13          	srli	t3,t4,0x10
8000437c:	026882b3          	mul	t0,a7,t1
80004380:	029888b3          	mul	a7,a7,s1
80004384:	00f888b3          	add	a7,a7,a5
80004388:	011e08b3          	add	a7,t3,a7
8000438c:	00f8f663          	bgeu	a7,a5,80004398 <__muldf3+0x36c>
80004390:	000107b7          	lui	a5,0x10
80004394:	00f282b3          	add	t0,t0,a5
80004398:	028487b3          	mul	a5,s1,s0
8000439c:	010e9e93          	slli	t4,t4,0x10
800043a0:	0108de13          	srli	t3,a7,0x10
800043a4:	010ede93          	srli	t4,t4,0x10
800043a8:	01089893          	slli	a7,a7,0x10
800043ac:	01d888b3          	add	a7,a7,t4
800043b0:	005e0e33          	add	t3,t3,t0
800043b4:	02830433          	mul	s0,t1,s0
800043b8:	0107de93          	srli	t4,a5,0x10
800043bc:	02650333          	mul	t1,a0,t1
800043c0:	02950533          	mul	a0,a0,s1
800043c4:	00850533          	add	a0,a0,s0
800043c8:	00ae8eb3          	add	t4,t4,a0
800043cc:	008ef663          	bgeu	t4,s0,800043d8 <__muldf3+0x3ac>
800043d0:	00010537          	lui	a0,0x10
800043d4:	00a30333          	add	t1,t1,a0
800043d8:	01079793          	slli	a5,a5,0x10
800043dc:	010e9513          	slli	a0,t4,0x10
800043e0:	0107d793          	srli	a5,a5,0x10
800043e4:	01f70733          	add	a4,a4,t6
800043e8:	00f50533          	add	a0,a0,a5
800043ec:	01e50f33          	add	t5,a0,t5
800043f0:	00d737b3          	sltu	a5,a4,a3
800043f4:	00ff07b3          	add	a5,t5,a5
800043f8:	011708b3          	add	a7,a4,a7
800043fc:	01c78e33          	add	t3,a5,t3
80004400:	00e8b6b3          	sltu	a3,a7,a4
80004404:	00de06b3          	add	a3,t3,a3
80004408:	00af3533          	sltu	a0,t5,a0
8000440c:	01e7bf33          	sltu	t5,a5,t5
80004410:	00fe3733          	sltu	a4,t3,a5
80004414:	01e56533          	or	a0,a0,t5
80004418:	01c6be33          	sltu	t3,a3,t3
8000441c:	010ede93          	srli	t4,t4,0x10
80004420:	00989793          	slli	a5,a7,0x9
80004424:	01d50533          	add	a0,a0,t4
80004428:	01c76733          	or	a4,a4,t3
8000442c:	00a70733          	add	a4,a4,a0
80004430:	0107e7b3          	or	a5,a5,a6
80004434:	00670733          	add	a4,a4,t1
80004438:	00f037b3          	snez	a5,a5
8000443c:	0178d893          	srli	a7,a7,0x17
80004440:	00971713          	slli	a4,a4,0x9
80004444:	0176d413          	srli	s0,a3,0x17
80004448:	0117e7b3          	or	a5,a5,a7
8000444c:	00969693          	slli	a3,a3,0x9
80004450:	00d7e7b3          	or	a5,a5,a3
80004454:	00771693          	slli	a3,a4,0x7
80004458:	00876433          	or	s0,a4,s0
8000445c:	0c06d663          	bgez	a3,80004528 <__muldf3+0x4fc>
80004460:	0017d713          	srli	a4,a5,0x1
80004464:	0017f793          	andi	a5,a5,1
80004468:	00f76733          	or	a4,a4,a5
8000446c:	01f41793          	slli	a5,s0,0x1f
80004470:	00f767b3          	or	a5,a4,a5
80004474:	00145413          	srli	s0,s0,0x1
80004478:	3ff58713          	addi	a4,a1,1023
8000447c:	0ae05a63          	blez	a4,80004530 <__muldf3+0x504>
80004480:	0077f693          	andi	a3,a5,7
80004484:	02068063          	beqz	a3,800044a4 <__muldf3+0x478>
80004488:	00f7f693          	andi	a3,a5,15
8000448c:	00400513          	li	a0,4
80004490:	00a68a63          	beq	a3,a0,800044a4 <__muldf3+0x478>
80004494:	00a786b3          	add	a3,a5,a0
80004498:	00f6b533          	sltu	a0,a3,a5
8000449c:	00a40433          	add	s0,s0,a0
800044a0:	00068793          	mv	a5,a3
800044a4:	00741693          	slli	a3,s0,0x7
800044a8:	0006da63          	bgez	a3,800044bc <__muldf3+0x490>
800044ac:	ff000737          	lui	a4,0xff000
800044b0:	fff70713          	addi	a4,a4,-1 # feffffff <__global_pointer$+0x7eff15d7>
800044b4:	00e47433          	and	s0,s0,a4
800044b8:	40058713          	addi	a4,a1,1024
800044bc:	7fe00693          	li	a3,2046
800044c0:	14e6c063          	blt	a3,a4,80004600 <__muldf3+0x5d4>
800044c4:	01d41693          	slli	a3,s0,0x1d
800044c8:	0037d793          	srli	a5,a5,0x3
800044cc:	00f6e6b3          	or	a3,a3,a5
800044d0:	00345413          	srli	s0,s0,0x3
800044d4:	00c41413          	slli	s0,s0,0xc
800044d8:	00c45413          	srli	s0,s0,0xc
800044dc:	01471713          	slli	a4,a4,0x14
800044e0:	02c12083          	lw	ra,44(sp)
800044e4:	00876733          	or	a4,a4,s0
800044e8:	02812403          	lw	s0,40(sp)
800044ec:	01f61613          	slli	a2,a2,0x1f
800044f0:	00c767b3          	or	a5,a4,a2
800044f4:	02412483          	lw	s1,36(sp)
800044f8:	02012903          	lw	s2,32(sp)
800044fc:	01c12983          	lw	s3,28(sp)
80004500:	01812a03          	lw	s4,24(sp)
80004504:	01412a83          	lw	s5,20(sp)
80004508:	01012b03          	lw	s6,16(sp)
8000450c:	00c12b83          	lw	s7,12(sp)
80004510:	00812c03          	lw	s8,8(sp)
80004514:	00412c83          	lw	s9,4(sp)
80004518:	00068513          	mv	a0,a3
8000451c:	00078593          	mv	a1,a5
80004520:	03010113          	addi	sp,sp,48
80004524:	00008067          	ret
80004528:	000b8593          	mv	a1,s7
8000452c:	f4dff06f          	j	80004478 <__muldf3+0x44c>
80004530:	00100513          	li	a0,1
80004534:	00070c63          	beqz	a4,8000454c <__muldf3+0x520>
80004538:	40e50533          	sub	a0,a0,a4
8000453c:	03800693          	li	a3,56
80004540:	bea6cae3          	blt	a3,a0,80004134 <__muldf3+0x108>
80004544:	01f00693          	li	a3,31
80004548:	06a6c463          	blt	a3,a0,800045b0 <__muldf3+0x584>
8000454c:	41e58593          	addi	a1,a1,1054
80004550:	00a7d733          	srl	a4,a5,a0
80004554:	00b797b3          	sll	a5,a5,a1
80004558:	00f037b3          	snez	a5,a5
8000455c:	00b415b3          	sll	a1,s0,a1
80004560:	00b7e7b3          	or	a5,a5,a1
80004564:	00f767b3          	or	a5,a4,a5
80004568:	00a45433          	srl	s0,s0,a0
8000456c:	0077f713          	andi	a4,a5,7
80004570:	02070063          	beqz	a4,80004590 <__muldf3+0x564>
80004574:	00f7f713          	andi	a4,a5,15
80004578:	00400693          	li	a3,4
8000457c:	00d70a63          	beq	a4,a3,80004590 <__muldf3+0x564>
80004580:	00d78733          	add	a4,a5,a3
80004584:	00f736b3          	sltu	a3,a4,a5
80004588:	00d40433          	add	s0,s0,a3
8000458c:	00070793          	mv	a5,a4
80004590:	00841713          	slli	a4,s0,0x8
80004594:	06074e63          	bltz	a4,80004610 <__muldf3+0x5e4>
80004598:	01d41693          	slli	a3,s0,0x1d
8000459c:	0037d793          	srli	a5,a5,0x3
800045a0:	00f6e6b3          	or	a3,a3,a5
800045a4:	00345413          	srli	s0,s0,0x3
800045a8:	00000713          	li	a4,0
800045ac:	f29ff06f          	j	800044d4 <__muldf3+0x4a8>
800045b0:	fe100693          	li	a3,-31
800045b4:	40e68733          	sub	a4,a3,a4
800045b8:	02000813          	li	a6,32
800045bc:	00e45733          	srl	a4,s0,a4
800045c0:	00000693          	li	a3,0
800045c4:	01050663          	beq	a0,a6,800045d0 <__muldf3+0x5a4>
800045c8:	43e58593          	addi	a1,a1,1086
800045cc:	00b416b3          	sll	a3,s0,a1
800045d0:	00f6e6b3          	or	a3,a3,a5
800045d4:	00d036b3          	snez	a3,a3
800045d8:	00d767b3          	or	a5,a4,a3
800045dc:	00000413          	li	s0,0
800045e0:	f8dff06f          	j	8000456c <__muldf3+0x540>
800045e4:	00080437          	lui	s0,0x80
800045e8:	7ff00713          	li	a4,2047
800045ec:	00000613          	li	a2,0
800045f0:	ee5ff06f          	j	800044d4 <__muldf3+0x4a8>
800045f4:	00080437          	lui	s0,0x80
800045f8:	00000693          	li	a3,0
800045fc:	fedff06f          	j	800045e8 <__muldf3+0x5bc>
80004600:	00000413          	li	s0,0
80004604:	00000693          	li	a3,0
80004608:	7ff00713          	li	a4,2047
8000460c:	ec9ff06f          	j	800044d4 <__muldf3+0x4a8>
80004610:	00000413          	li	s0,0
80004614:	00000693          	li	a3,0
80004618:	00100713          	li	a4,1
8000461c:	eb9ff06f          	j	800044d4 <__muldf3+0x4a8>

80004620 <__clzsi2>:
80004620:	000107b7          	lui	a5,0x10
80004624:	02f57a63          	bgeu	a0,a5,80004658 <__clzsi2+0x38>
80004628:	10053793          	sltiu	a5,a0,256
8000462c:	0017b793          	seqz	a5,a5
80004630:	00379793          	slli	a5,a5,0x3
80004634:	8000e737          	lui	a4,0x8000e
80004638:	02000693          	li	a3,32
8000463c:	40f686b3          	sub	a3,a3,a5
80004640:	00f55533          	srl	a0,a0,a5
80004644:	0a870793          	addi	a5,a4,168 # 8000e0a8 <__clz_tab>
80004648:	00a787b3          	add	a5,a5,a0
8000464c:	0007c503          	lbu	a0,0(a5) # 10000 <buflen.1+0xffc0>
80004650:	40a68533          	sub	a0,a3,a0
80004654:	00008067          	ret
80004658:	01000737          	lui	a4,0x1000
8000465c:	01800793          	li	a5,24
80004660:	fce57ae3          	bgeu	a0,a4,80004634 <__clzsi2+0x14>
80004664:	01000793          	li	a5,16
80004668:	fcdff06f          	j	80004634 <__clzsi2+0x14>

Disassembly of section .text.startup:

8000466c <main>:
8000466c:	81010113          	addi	sp,sp,-2032
80004670:	7e112623          	sw	ra,2028(sp)
80004674:	7e812423          	sw	s0,2024(sp)
80004678:	7f212023          	sw	s2,2016(sp)
8000467c:	7d312e23          	sw	s3,2012(sp)
80004680:	7d612823          	sw	s6,2000(sp)
80004684:	7e912223          	sw	s1,2020(sp)
80004688:	7d412c23          	sw	s4,2008(sp)
8000468c:	7d512a23          	sw	s5,2004(sp)
80004690:	83010113          	addi	sp,sp,-2000
80004694:	00010793          	mv	a5,sp
80004698:	00000717          	auipc	a4,0x0
8000469c:	12870713          	addi	a4,a4,296 # 800047c0 <ptr>
800046a0:	00002697          	auipc	a3,0x2
800046a4:	89868693          	addi	a3,a3,-1896 # 80005f38 <x>
800046a8:	00003617          	auipc	a2,0x3
800046ac:	83060613          	addi	a2,a2,-2000 # 80006ed8 <idx>
800046b0:	00005597          	auipc	a1,0x5
800046b4:	da858593          	addi	a1,a1,-600 # 80009458 <val>
800046b8:	1f400513          	li	a0,500
800046bc:	945fd0ef          	jal	80002000 <spmv>
800046c0:	00100513          	li	a0,1
800046c4:	b04fe0ef          	jal	800029c8 <setStats>
800046c8:	00010793          	mv	a5,sp
800046cc:	00000717          	auipc	a4,0x0
800046d0:	0f470713          	addi	a4,a4,244 # 800047c0 <ptr>
800046d4:	00002697          	auipc	a3,0x2
800046d8:	86468693          	addi	a3,a3,-1948 # 80005f38 <x>
800046dc:	00002617          	auipc	a2,0x2
800046e0:	7fc60613          	addi	a2,a2,2044 # 80006ed8 <idx>
800046e4:	00005597          	auipc	a1,0x5
800046e8:	d7458593          	addi	a1,a1,-652 # 80009458 <val>
800046ec:	1f400513          	li	a0,500
800046f0:	911fd0ef          	jal	80002000 <spmv>
800046f4:	00000513          	li	a0,0
800046f8:	00010413          	mv	s0,sp
800046fc:	accfe0ef          	jal	800029c8 <setStats>
80004700:	00001917          	auipc	s2,0x1
80004704:	89890913          	addi	s2,s2,-1896 # 80004f98 <verify_data>
80004708:	00000993          	li	s3,0
8000470c:	1f400b13          	li	s6,500
80004710:	00042603          	lw	a2,0(s0) # 80000 <buflen.1+0x7ffc0>
80004714:	00492583          	lw	a1,4(s2)
80004718:	00442683          	lw	a3,4(s0)
8000471c:	00092503          	lw	a0,0(s2)
80004720:	00842a03          	lw	s4,8(s0)
80004724:	00c42a83          	lw	s5,12(s0)
80004728:	879ff0ef          	jal	80003fa0 <__eqdf2>
8000472c:	00050493          	mv	s1,a0
80004730:	00c92583          	lw	a1,12(s2)
80004734:	00892503          	lw	a0,8(s2)
80004738:	000a0613          	mv	a2,s4
8000473c:	000a8693          	mv	a3,s5
80004740:	0014b493          	seqz	s1,s1
80004744:	85dff0ef          	jal	80003fa0 <__eqdf2>
80004748:	02050c63          	beqz	a0,80004780 <main+0x114>
8000474c:	00198513          	addi	a0,s3,1
80004750:	00950533          	add	a0,a0,s1
80004754:	7d010113          	addi	sp,sp,2000
80004758:	7ec12083          	lw	ra,2028(sp)
8000475c:	7e812403          	lw	s0,2024(sp)
80004760:	7e412483          	lw	s1,2020(sp)
80004764:	7e012903          	lw	s2,2016(sp)
80004768:	7dc12983          	lw	s3,2012(sp)
8000476c:	7d812a03          	lw	s4,2008(sp)
80004770:	7d412a83          	lw	s5,2004(sp)
80004774:	7d012b03          	lw	s6,2000(sp)
80004778:	7f010113          	addi	sp,sp,2032
8000477c:	00008067          	ret
80004780:	fc0486e3          	beqz	s1,8000474c <main+0xe0>
80004784:	00298993          	addi	s3,s3,2
80004788:	01040413          	addi	s0,s0,16
8000478c:	01090913          	addi	s2,s2,16
80004790:	f96990e3          	bne	s3,s6,80004710 <main+0xa4>
80004794:	00000513          	li	a0,0
80004798:	fbdff06f          	j	80004754 <main+0xe8>
8000479c:	ff010113          	addi	sp,sp,-16
800047a0:	0000a517          	auipc	a0,0xa
800047a4:	a2850513          	addi	a0,a0,-1496 # 8000e1c8 <__clz_tab+0x120>
800047a8:	00112623          	sw	ra,12(sp)
800047ac:	ae4fe0ef          	jal	80002a90 <printstr>
800047b0:	00c12083          	lw	ra,12(sp)
800047b4:	fff00513          	li	a0,-1
800047b8:	01010113          	addi	sp,sp,16
800047bc:	00008067          	ret
