
vvadd.riscv:     file format elf32-littleriscv


Disassembly of section .text.init:

80000000 <_start>:
80000000:	00000093          	li	ra,0
80000004:	00000113          	li	sp,0
80000008:	00000193          	li	gp,0
8000000c:	00000213          	li	tp,0
80000010:	00000293          	li	t0,0
80000014:	00000313          	li	t1,0
80000018:	00000393          	li	t2,0
8000001c:	00000413          	li	s0,0
80000020:	00000493          	li	s1,0
80000024:	00000513          	li	a0,0
80000028:	00000593          	li	a1,0
8000002c:	00000613          	li	a2,0
80000030:	00000693          	li	a3,0
80000034:	00000713          	li	a4,0
80000038:	00000793          	li	a5,0
8000003c:	00000813          	li	a6,0
80000040:	00000893          	li	a7,0
80000044:	00000913          	li	s2,0
80000048:	00000993          	li	s3,0
8000004c:	00000a13          	li	s4,0
80000050:	00000a93          	li	s5,0
80000054:	00000b13          	li	s6,0
80000058:	00000b93          	li	s7,0
8000005c:	00000c13          	li	s8,0
80000060:	00000c93          	li	s9,0
80000064:	00000d13          	li	s10,0
80000068:	00000d93          	li	s11,0
8000006c:	00000e13          	li	t3,0
80000070:	00000e93          	li	t4,0
80000074:	00000f13          	li	t5,0
80000078:	00000f93          	li	t6,0
8000007c:	0181e2b7          	lui	t0,0x181e
80000080:	3002a073          	csrs	mstatus,t0
80000084:	00100293          	li	t0,1
80000088:	01f29293          	slli	t0,t0,0x1f
8000008c:	0002ca63          	bltz	t0,800000a0 <_start+0xa0>
80000090:	00100513          	li	a0,1
80000094:	00001297          	auipc	t0,0x1
80000098:	f6a2a623          	sw	a0,-148(t0) # 80001000 <tohost>
8000009c:	ff5ff06f          	j	80000090 <_start+0x90>
800000a0:	00000297          	auipc	t0,0x0
800000a4:	04028293          	addi	t0,t0,64 # 800000e0 <trap_entry>
800000a8:	30529073          	csrw	mtvec,t0
800000ac:	00005197          	auipc	gp,0x5
800000b0:	d9818193          	addi	gp,gp,-616 # 80004e44 <__global_pointer$>
800000b4:	87b18213          	addi	tp,gp,-1925 # 800046bf <_end+0x3f>
800000b8:	fc027213          	andi	tp,tp,-64
800000bc:	f1402573          	csrr	a0,mhartid
800000c0:	00100593          	li	a1,1
800000c4:	00b57063          	bgeu	a0,a1,800000c4 <_start+0xc4>
800000c8:	00150113          	addi	sp,a0,1
800000cc:	01111113          	slli	sp,sp,0x11
800000d0:	00410133          	add	sp,sp,tp
800000d4:	01151613          	slli	a2,a0,0x11
800000d8:	00c20233          	add	tp,tp,a2
800000dc:	1250206f          	j	80002a00 <_init>

800000e0 <trap_entry>:
800000e0:	ef010113          	addi	sp,sp,-272
800000e4:	00112223          	sw	ra,4(sp)
800000e8:	00212423          	sw	sp,8(sp)
800000ec:	00312623          	sw	gp,12(sp)
800000f0:	00412823          	sw	tp,16(sp)
800000f4:	00512a23          	sw	t0,20(sp)
800000f8:	00612c23          	sw	t1,24(sp)
800000fc:	00712e23          	sw	t2,28(sp)
80000100:	02812023          	sw	s0,32(sp)
80000104:	02912223          	sw	s1,36(sp)
80000108:	02a12423          	sw	a0,40(sp)
8000010c:	02b12623          	sw	a1,44(sp)
80000110:	02c12823          	sw	a2,48(sp)
80000114:	02d12a23          	sw	a3,52(sp)
80000118:	02e12c23          	sw	a4,56(sp)
8000011c:	02f12e23          	sw	a5,60(sp)
80000120:	05012023          	sw	a6,64(sp)
80000124:	05112223          	sw	a7,68(sp)
80000128:	05212423          	sw	s2,72(sp)
8000012c:	05312623          	sw	s3,76(sp)
80000130:	05412823          	sw	s4,80(sp)
80000134:	05512a23          	sw	s5,84(sp)
80000138:	05612c23          	sw	s6,88(sp)
8000013c:	05712e23          	sw	s7,92(sp)
80000140:	07812023          	sw	s8,96(sp)
80000144:	07912223          	sw	s9,100(sp)
80000148:	07a12423          	sw	s10,104(sp)
8000014c:	07b12623          	sw	s11,108(sp)
80000150:	07c12823          	sw	t3,112(sp)
80000154:	07d12a23          	sw	t4,116(sp)
80000158:	07e12c23          	sw	t5,120(sp)
8000015c:	07f12e23          	sw	t6,124(sp)
80000160:	34202573          	csrr	a0,mcause
80000164:	341025f3          	csrr	a1,mepc
80000168:	00010613          	mv	a2,sp
8000016c:	504020ef          	jal	80002670 <handle_trap>
80000170:	34151073          	csrw	mepc,a0
80000174:	000022b7          	lui	t0,0x2
80000178:	80028293          	addi	t0,t0,-2048 # 1800 <buflen.1+0x17c0>
8000017c:	3002a073          	csrs	mstatus,t0
80000180:	00412083          	lw	ra,4(sp)
80000184:	00812103          	lw	sp,8(sp)
80000188:	00c12183          	lw	gp,12(sp)
8000018c:	01012203          	lw	tp,16(sp)
80000190:	01412283          	lw	t0,20(sp)
80000194:	01812303          	lw	t1,24(sp)
80000198:	01c12383          	lw	t2,28(sp)
8000019c:	02012403          	lw	s0,32(sp)
800001a0:	02412483          	lw	s1,36(sp)
800001a4:	02812503          	lw	a0,40(sp)
800001a8:	02c12583          	lw	a1,44(sp)
800001ac:	03012603          	lw	a2,48(sp)
800001b0:	03412683          	lw	a3,52(sp)
800001b4:	03812703          	lw	a4,56(sp)
800001b8:	03c12783          	lw	a5,60(sp)
800001bc:	04012803          	lw	a6,64(sp)
800001c0:	04412883          	lw	a7,68(sp)
800001c4:	04812903          	lw	s2,72(sp)
800001c8:	04c12983          	lw	s3,76(sp)
800001cc:	05012a03          	lw	s4,80(sp)
800001d0:	05412a83          	lw	s5,84(sp)
800001d4:	05812b03          	lw	s6,88(sp)
800001d8:	05c12b83          	lw	s7,92(sp)
800001dc:	06012c03          	lw	s8,96(sp)
800001e0:	06412c83          	lw	s9,100(sp)
800001e4:	06812d03          	lw	s10,104(sp)
800001e8:	06c12d83          	lw	s11,108(sp)
800001ec:	07012e03          	lw	t3,112(sp)
800001f0:	07412e83          	lw	t4,116(sp)
800001f4:	07812f03          	lw	t5,120(sp)
800001f8:	07c12f83          	lw	t6,124(sp)
800001fc:	11010113          	addi	sp,sp,272
80000200:	30200073          	mret

Disassembly of section .text:

80002000 <vvadd>:
80002000:	02a05663          	blez	a0,8000202c <vvadd+0x2c>
80002004:	00251513          	slli	a0,a0,0x2
80002008:	00a58533          	add	a0,a1,a0
8000200c:	0005a783          	lw	a5,0(a1)
80002010:	00062703          	lw	a4,0(a2)
80002014:	00458593          	addi	a1,a1,4
80002018:	00460613          	addi	a2,a2,4
8000201c:	00e787b3          	add	a5,a5,a4
80002020:	00f6a023          	sw	a5,0(a3)
80002024:	00468693          	addi	a3,a3,4
80002028:	fea592e3          	bne	a1,a0,8000200c <vvadd+0xc>
8000202c:	00008067          	ret

80002030 <vprintfmt>:
80002030:	eb010113          	addi	sp,sp,-336
80002034:	14812423          	sw	s0,328(sp)
80002038:	15212023          	sw	s2,320(sp)
8000203c:	13312e23          	sw	s3,316(sp)
80002040:	13512a23          	sw	s5,308(sp)
80002044:	14112623          	sw	ra,332(sp)
80002048:	14912223          	sw	s1,324(sp)
8000204c:	13412c23          	sw	s4,312(sp)
80002050:	13712623          	sw	s7,300(sp)
80002054:	13812423          	sw	s8,296(sp)
80002058:	13912223          	sw	s9,292(sp)
8000205c:	13a12023          	sw	s10,288(sp)
80002060:	00050993          	mv	s3,a0
80002064:	00058913          	mv	s2,a1
80002068:	00060413          	mv	s0,a2
8000206c:	00d12623          	sw	a3,12(sp)
80002070:	02500a93          	li	s5,37
80002074:	0140006f          	j	80002088 <vprintfmt+0x58>
80002078:	06050463          	beqz	a0,800020e0 <vprintfmt+0xb0>
8000207c:	00090593          	mv	a1,s2
80002080:	00140413          	addi	s0,s0,1
80002084:	000980e7          	jalr	s3
80002088:	00044503          	lbu	a0,0(s0)
8000208c:	ff5516e3          	bne	a0,s5,80002078 <vprintfmt+0x48>
80002090:	00144683          	lbu	a3,1(s0)
80002094:	00140a13          	addi	s4,s0,1
80002098:	fff00493          	li	s1,-1
8000209c:	02000793          	li	a5,32
800020a0:	000a0713          	mv	a4,s4
800020a4:	00048c13          	mv	s8,s1
800020a8:	00f12423          	sw	a5,8(sp)
800020ac:	00000593          	li	a1,0
800020b0:	fdd68793          	addi	a5,a3,-35
800020b4:	0ff7f793          	zext.b	a5,a5
800020b8:	05500613          	li	a2,85
800020bc:	00170413          	addi	s0,a4,1
800020c0:	06f66a63          	bltu	a2,a5,80002134 <vprintfmt+0x104>
800020c4:	00001617          	auipc	a2,0x1
800020c8:	4dc60613          	addi	a2,a2,1244 # 800035a0 <main+0x158>
800020cc:	00279793          	slli	a5,a5,0x2
800020d0:	00c787b3          	add	a5,a5,a2
800020d4:	0007a783          	lw	a5,0(a5)
800020d8:	00c787b3          	add	a5,a5,a2
800020dc:	00078067          	jr	a5
800020e0:	14c12083          	lw	ra,332(sp)
800020e4:	14812403          	lw	s0,328(sp)
800020e8:	14412483          	lw	s1,324(sp)
800020ec:	14012903          	lw	s2,320(sp)
800020f0:	13c12983          	lw	s3,316(sp)
800020f4:	13812a03          	lw	s4,312(sp)
800020f8:	13412a83          	lw	s5,308(sp)
800020fc:	12c12b83          	lw	s7,300(sp)
80002100:	12812c03          	lw	s8,296(sp)
80002104:	12412c83          	lw	s9,292(sp)
80002108:	12012d03          	lw	s10,288(sp)
8000210c:	15010113          	addi	sp,sp,336
80002110:	00008067          	ret
80002114:	00d12423          	sw	a3,8(sp)
80002118:	00174683          	lbu	a3,1(a4)
8000211c:	05500613          	li	a2,85
80002120:	00040713          	mv	a4,s0
80002124:	fdd68793          	addi	a5,a3,-35
80002128:	0ff7f793          	zext.b	a5,a5
8000212c:	00170413          	addi	s0,a4,1
80002130:	f8f67ae3          	bgeu	a2,a5,800020c4 <vprintfmt+0x94>
80002134:	00090593          	mv	a1,s2
80002138:	02500513          	li	a0,37
8000213c:	000980e7          	jalr	s3
80002140:	000a0413          	mv	s0,s4
80002144:	f45ff06f          	j	80002088 <vprintfmt+0x58>
80002148:	00174603          	lbu	a2,1(a4)
8000214c:	00900513          	li	a0,9
80002150:	fd068493          	addi	s1,a3,-48
80002154:	fd060793          	addi	a5,a2,-48
80002158:	00060693          	mv	a3,a2
8000215c:	00040713          	mv	a4,s0
80002160:	02f56663          	bltu	a0,a5,8000218c <vprintfmt+0x15c>
80002164:	00249793          	slli	a5,s1,0x2
80002168:	009787b3          	add	a5,a5,s1
8000216c:	00170713          	addi	a4,a4,1
80002170:	00179793          	slli	a5,a5,0x1
80002174:	00c787b3          	add	a5,a5,a2
80002178:	00074603          	lbu	a2,0(a4)
8000217c:	fd078493          	addi	s1,a5,-48
80002180:	fd060793          	addi	a5,a2,-48
80002184:	00060693          	mv	a3,a2
80002188:	fcf57ee3          	bgeu	a0,a5,80002164 <vprintfmt+0x134>
8000218c:	f20c52e3          	bgez	s8,800020b0 <vprintfmt+0x80>
80002190:	00048c13          	mv	s8,s1
80002194:	fff00493          	li	s1,-1
80002198:	f19ff06f          	j	800020b0 <vprintfmt+0x80>
8000219c:	00174683          	lbu	a3,1(a4)
800021a0:	00040713          	mv	a4,s0
800021a4:	f0dff06f          	j	800020b0 <vprintfmt+0x80>
800021a8:	00090593          	mv	a1,s2
800021ac:	02500513          	li	a0,37
800021b0:	000980e7          	jalr	s3
800021b4:	ed5ff06f          	j	80002088 <vprintfmt+0x58>
800021b8:	00c12783          	lw	a5,12(sp)
800021bc:	00174683          	lbu	a3,1(a4)
800021c0:	00040713          	mv	a4,s0
800021c4:	0007a483          	lw	s1,0(a5)
800021c8:	00478793          	addi	a5,a5,4
800021cc:	00f12623          	sw	a5,12(sp)
800021d0:	fbdff06f          	j	8000218c <vprintfmt+0x15c>
800021d4:	00090593          	mv	a1,s2
800021d8:	03000513          	li	a0,48
800021dc:	13612823          	sw	s6,304(sp)
800021e0:	000980e7          	jalr	s3
800021e4:	00090593          	mv	a1,s2
800021e8:	07800513          	li	a0,120
800021ec:	000980e7          	jalr	s3
800021f0:	00c12783          	lw	a5,12(sp)
800021f4:	01000b93          	li	s7,16
800021f8:	00000d13          	li	s10,0
800021fc:	00478713          	addi	a4,a5,4
80002200:	00c12783          	lw	a5,12(sp)
80002204:	00000c93          	li	s9,0
80002208:	0007a483          	lw	s1,0(a5)
8000220c:	00e12623          	sw	a4,12(sp)
80002210:	000b8613          	mv	a2,s7
80002214:	00000693          	li	a3,0
80002218:	00048513          	mv	a0,s1
8000221c:	000c8593          	mv	a1,s9
80002220:	649000ef          	jal	80003068 <__umoddi3>
80002224:	00a12823          	sw	a0,16(sp)
80002228:	279d0863          	beq	s10,s9,80002498 <vprintfmt+0x468>
8000222c:	11b12e23          	sw	s11,284(sp)
80002230:	00100b13          	li	s6,1
80002234:	01410d93          	addi	s11,sp,20
80002238:	00048513          	mv	a0,s1
8000223c:	000c8593          	mv	a1,s9
80002240:	000b8613          	mv	a2,s7
80002244:	00000693          	li	a3,0
80002248:	1f5000ef          	jal	80002c3c <__udivdi3>
8000224c:	000b8613          	mv	a2,s7
80002250:	00000693          	li	a3,0
80002254:	00050493          	mv	s1,a0
80002258:	00058c93          	mv	s9,a1
8000225c:	60d000ef          	jal	80003068 <__umoddi3>
80002260:	00ada023          	sw	a0,0(s11)
80002264:	000b0a13          	mv	s4,s6
80002268:	004d8d93          	addi	s11,s11,4
8000226c:	001b0b13          	addi	s6,s6,1
80002270:	fd9d14e3          	bne	s10,s9,80002238 <vprintfmt+0x208>
80002274:	fd74f2e3          	bgeu	s1,s7,80002238 <vprintfmt+0x208>
80002278:	11c12d83          	lw	s11,284(sp)
8000227c:	fffc0b93          	addi	s7,s8,-1
80002280:	fffb0493          	addi	s1,s6,-1
80002284:	018b5c63          	bge	s6,s8,8000229c <vprintfmt+0x26c>
80002288:	00812503          	lw	a0,8(sp)
8000228c:	00090593          	mv	a1,s2
80002290:	fffb8b93          	addi	s7,s7,-1
80002294:	000980e7          	jalr	s3
80002298:	fe9b98e3          	bne	s7,s1,80002288 <vprintfmt+0x258>
8000229c:	002a1a13          	slli	s4,s4,0x2
800022a0:	01010493          	addi	s1,sp,16
800022a4:	01448a33          	add	s4,s1,s4
800022a8:	00900b13          	li	s6,9
800022ac:	0080006f          	j	800022b4 <vprintfmt+0x284>
800022b0:	00078a13          	mv	s4,a5
800022b4:	000a2783          	lw	a5,0(s4)
800022b8:	03000513          	li	a0,48
800022bc:	00fb7463          	bgeu	s6,a5,800022c4 <vprintfmt+0x294>
800022c0:	05700513          	li	a0,87
800022c4:	00a78533          	add	a0,a5,a0
800022c8:	00090593          	mv	a1,s2
800022cc:	000980e7          	jalr	s3
800022d0:	ffca0793          	addi	a5,s4,-4
800022d4:	fd449ee3          	bne	s1,s4,800022b0 <vprintfmt+0x280>
800022d8:	13012b03          	lw	s6,304(sp)
800022dc:	dadff06f          	j	80002088 <vprintfmt+0x58>
800022e0:	13612823          	sw	s6,304(sp)
800022e4:	00100793          	li	a5,1
800022e8:	1cb7c063          	blt	a5,a1,800024a8 <vprintfmt+0x478>
800022ec:	00c12783          	lw	a5,12(sp)
800022f0:	0007a483          	lw	s1,0(a5)
800022f4:	00478793          	addi	a5,a5,4
800022f8:	00f12623          	sw	a5,12(sp)
800022fc:	41f4dc93          	srai	s9,s1,0x1f
80002300:	020cd063          	bgez	s9,80002320 <vprintfmt+0x2f0>
80002304:	00090593          	mv	a1,s2
80002308:	02d00513          	li	a0,45
8000230c:	000980e7          	jalr	s3
80002310:	00903733          	snez	a4,s1
80002314:	419007b3          	neg	a5,s9
80002318:	40e78cb3          	sub	s9,a5,a4
8000231c:	409004b3          	neg	s1,s1
80002320:	00a00b93          	li	s7,10
80002324:	00000d13          	li	s10,0
80002328:	ee9ff06f          	j	80002210 <vprintfmt+0x1e0>
8000232c:	00174683          	lbu	a3,1(a4)
80002330:	00158593          	addi	a1,a1,1
80002334:	00040713          	mv	a4,s0
80002338:	d79ff06f          	j	800020b0 <vprintfmt+0x80>
8000233c:	13612823          	sw	s6,304(sp)
80002340:	01000b93          	li	s7,16
80002344:	00000d13          	li	s10,0
80002348:	00100793          	li	a5,1
8000234c:	12b7c663          	blt	a5,a1,80002478 <vprintfmt+0x448>
80002350:	00c12783          	lw	a5,12(sp)
80002354:	00478713          	addi	a4,a5,4
80002358:	ea9ff06f          	j	80002200 <vprintfmt+0x1d0>
8000235c:	00c12783          	lw	a5,12(sp)
80002360:	0007aa03          	lw	s4,0(a5)
80002364:	060a0a63          	beqz	s4,800023d8 <vprintfmt+0x3a8>
80002368:	0d805663          	blez	s8,80002434 <vprintfmt+0x404>
8000236c:	00812703          	lw	a4,8(sp)
80002370:	02d00793          	li	a5,45
80002374:	08f71063          	bne	a4,a5,800023f4 <vprintfmt+0x3c4>
80002378:	000a4503          	lbu	a0,0(s4)
8000237c:	02050c63          	beqz	a0,800023b4 <vprintfmt+0x384>
80002380:	13612823          	sw	s6,304(sp)
80002384:	fff00b13          	li	s6,-1
80002388:	0004c663          	bltz	s1,80002394 <vprintfmt+0x364>
8000238c:	fff48493          	addi	s1,s1,-1
80002390:	01648e63          	beq	s1,s6,800023ac <vprintfmt+0x37c>
80002394:	00090593          	mv	a1,s2
80002398:	000980e7          	jalr	s3
8000239c:	001a4503          	lbu	a0,1(s4)
800023a0:	001a0a13          	addi	s4,s4,1
800023a4:	fffc0c13          	addi	s8,s8,-1
800023a8:	fe0510e3          	bnez	a0,80002388 <vprintfmt+0x358>
800023ac:	13012b03          	lw	s6,304(sp)
800023b0:	01805c63          	blez	s8,800023c8 <vprintfmt+0x398>
800023b4:	00090593          	mv	a1,s2
800023b8:	02000513          	li	a0,32
800023bc:	fffc0c13          	addi	s8,s8,-1
800023c0:	000980e7          	jalr	s3
800023c4:	fe0c18e3          	bnez	s8,800023b4 <vprintfmt+0x384>
800023c8:	00c12783          	lw	a5,12(sp)
800023cc:	00478793          	addi	a5,a5,4
800023d0:	00f12623          	sw	a5,12(sp)
800023d4:	cb5ff06f          	j	80002088 <vprintfmt+0x58>
800023d8:	11805863          	blez	s8,800024e8 <vprintfmt+0x4b8>
800023dc:	00812703          	lw	a4,8(sp)
800023e0:	02d00793          	li	a5,45
800023e4:	00001a17          	auipc	s4,0x1
800023e8:	178a0a13          	addi	s4,s4,376 # 8000355c <main+0x114>
800023ec:	02800513          	li	a0,40
800023f0:	f8f708e3          	beq	a4,a5,80002380 <vprintfmt+0x350>
800023f4:	000a0793          	mv	a5,s4
800023f8:	009a06b3          	add	a3,s4,s1
800023fc:	00049863          	bnez	s1,8000240c <vprintfmt+0x3dc>
80002400:	0200006f          	j	80002420 <vprintfmt+0x3f0>
80002404:	00178793          	addi	a5,a5,1
80002408:	00d78663          	beq	a5,a3,80002414 <vprintfmt+0x3e4>
8000240c:	0007c703          	lbu	a4,0(a5)
80002410:	fe071ae3          	bnez	a4,80002404 <vprintfmt+0x3d4>
80002414:	414787b3          	sub	a5,a5,s4
80002418:	40fc0c33          	sub	s8,s8,a5
8000241c:	01805c63          	blez	s8,80002434 <vprintfmt+0x404>
80002420:	00812503          	lw	a0,8(sp)
80002424:	00090593          	mv	a1,s2
80002428:	fffc0c13          	addi	s8,s8,-1
8000242c:	000980e7          	jalr	s3
80002430:	fe0c18e3          	bnez	s8,80002420 <vprintfmt+0x3f0>
80002434:	000a4503          	lbu	a0,0(s4)
80002438:	f80508e3          	beqz	a0,800023c8 <vprintfmt+0x398>
8000243c:	13612823          	sw	s6,304(sp)
80002440:	f45ff06f          	j	80002384 <vprintfmt+0x354>
80002444:	fffc4793          	not	a5,s8
80002448:	41f7d793          	srai	a5,a5,0x1f
8000244c:	00174683          	lbu	a3,1(a4)
80002450:	00fc7c33          	and	s8,s8,a5
80002454:	00040713          	mv	a4,s0
80002458:	c59ff06f          	j	800020b0 <vprintfmt+0x80>
8000245c:	00c12783          	lw	a5,12(sp)
80002460:	00090593          	mv	a1,s2
80002464:	0007a503          	lw	a0,0(a5)
80002468:	00478493          	addi	s1,a5,4
8000246c:	000980e7          	jalr	s3
80002470:	00912623          	sw	s1,12(sp)
80002474:	c15ff06f          	j	80002088 <vprintfmt+0x58>
80002478:	00c12783          	lw	a5,12(sp)
8000247c:	00778793          	addi	a5,a5,7
80002480:	ff87f793          	andi	a5,a5,-8
80002484:	00878713          	addi	a4,a5,8
80002488:	0007a483          	lw	s1,0(a5)
8000248c:	0047ac83          	lw	s9,4(a5)
80002490:	00e12623          	sw	a4,12(sp)
80002494:	d7dff06f          	j	80002210 <vprintfmt+0x1e0>
80002498:	d974fae3          	bgeu	s1,s7,8000222c <vprintfmt+0x1fc>
8000249c:	00000a13          	li	s4,0
800024a0:	00100b13          	li	s6,1
800024a4:	dd9ff06f          	j	8000227c <vprintfmt+0x24c>
800024a8:	00c12783          	lw	a5,12(sp)
800024ac:	00778793          	addi	a5,a5,7
800024b0:	ff87f793          	andi	a5,a5,-8
800024b4:	00878713          	addi	a4,a5,8
800024b8:	0007a483          	lw	s1,0(a5)
800024bc:	0047ac83          	lw	s9,4(a5)
800024c0:	00e12623          	sw	a4,12(sp)
800024c4:	e3dff06f          	j	80002300 <vprintfmt+0x2d0>
800024c8:	13612823          	sw	s6,304(sp)
800024cc:	00a00b93          	li	s7,10
800024d0:	00000d13          	li	s10,0
800024d4:	e75ff06f          	j	80002348 <vprintfmt+0x318>
800024d8:	13612823          	sw	s6,304(sp)
800024dc:	00800b93          	li	s7,8
800024e0:	00000d13          	li	s10,0
800024e4:	e65ff06f          	j	80002348 <vprintfmt+0x318>
800024e8:	13612823          	sw	s6,304(sp)
800024ec:	00001a17          	auipc	s4,0x1
800024f0:	070a0a13          	addi	s4,s4,112 # 8000355c <main+0x114>
800024f4:	02800513          	li	a0,40
800024f8:	fff00b13          	li	s6,-1
800024fc:	e8dff06f          	j	80002388 <vprintfmt+0x358>

80002500 <sprintf_putch.0>:
80002500:	0005a783          	lw	a5,0(a1)
80002504:	00a78023          	sb	a0,0(a5)
80002508:	0005a783          	lw	a5,0(a1)
8000250c:	00178793          	addi	a5,a5,1
80002510:	00f5a023          	sw	a5,0(a1)
80002514:	00008067          	ret

80002518 <putchar>:
80002518:	04022783          	lw	a5,64(tp) # 40 <buflen.1>
8000251c:	00020713          	mv	a4,tp
80002520:	f8010113          	addi	sp,sp,-128
80002524:	00f70733          	add	a4,a4,a5
80002528:	00178793          	addi	a5,a5,1
8000252c:	00a70023          	sb	a0,0(a4)
80002530:	04f22023          	sw	a5,64(tp) # 40 <buflen.1>
80002534:	00a00713          	li	a4,10
80002538:	03f10693          	addi	a3,sp,63
8000253c:	fc06f693          	andi	a3,a3,-64
80002540:	00e50c63          	beq	a0,a4,80002558 <putchar+0x40>
80002544:	04000713          	li	a4,64
80002548:	00e78863          	beq	a5,a4,80002558 <putchar+0x40>
8000254c:	00000513          	li	a0,0
80002550:	08010113          	addi	sp,sp,128
80002554:	00008067          	ret
80002558:	04000813          	li	a6,64
8000255c:	0106a023          	sw	a6,0(a3)
80002560:	00000893          	li	a7,0
80002564:	0116a223          	sw	a7,4(a3)
80002568:	00100e13          	li	t3,1
8000256c:	01c6a423          	sw	t3,8(a3)
80002570:	00000e93          	li	t4,0
80002574:	01d6a623          	sw	t4,12(a3)
80002578:	00020313          	mv	t1,tp
8000257c:	0066a823          	sw	t1,16(a3)
80002580:	00000393          	li	t2,0
80002584:	0076aa23          	sw	t2,20(a3)
80002588:	00f6ac23          	sw	a5,24(a3)
8000258c:	41f7d893          	srai	a7,a5,0x1f
80002590:	0116ae23          	sw	a7,28(a3)
80002594:	0330000f          	fence	rw,rw
80002598:	fffff617          	auipc	a2,0xfffff
8000259c:	a6860613          	addi	a2,a2,-1432 # 80001000 <tohost>
800025a0:	00d62023          	sw	a3,0(a2)
800025a4:	00000793          	li	a5,0
800025a8:	00f62223          	sw	a5,4(a2)
800025ac:	fffff617          	auipc	a2,0xfffff
800025b0:	a9460613          	addi	a2,a2,-1388 # 80001040 <fromhost>
800025b4:	00062703          	lw	a4,0(a2)
800025b8:	00462783          	lw	a5,4(a2)
800025bc:	00f76733          	or	a4,a4,a5
800025c0:	fe070ae3          	beqz	a4,800025b4 <putchar+0x9c>
800025c4:	00000793          	li	a5,0
800025c8:	00f62023          	sw	a5,0(a2)
800025cc:	00000813          	li	a6,0
800025d0:	01062223          	sw	a6,4(a2)
800025d4:	0330000f          	fence	rw,rw
800025d8:	04022023          	sw	zero,64(tp) # 40 <buflen.1>
800025dc:	0006a703          	lw	a4,0(a3)
800025e0:	00000513          	li	a0,0
800025e4:	0046a783          	lw	a5,4(a3)
800025e8:	08010113          	addi	sp,sp,128
800025ec:	00008067          	ret

800025f0 <setStats>:
800025f0:	b0002773          	csrr	a4,mcycle
800025f4:	00002797          	auipc	a5,0x2
800025f8:	05878793          	addi	a5,a5,88 # 8000464c <counters>
800025fc:	00050a63          	beqz	a0,80002610 <setStats+0x20>
80002600:	00e7a023          	sw	a4,0(a5)
80002604:	b0202773          	csrr	a4,minstret
80002608:	00e7a223          	sw	a4,4(a5)
8000260c:	00008067          	ret
80002610:	0007a583          	lw	a1,0(a5)
80002614:	00002697          	auipc	a3,0x2
80002618:	03068693          	addi	a3,a3,48 # 80004644 <counter_names>
8000261c:	00001617          	auipc	a2,0x1
80002620:	f4c60613          	addi	a2,a2,-180 # 80003568 <main+0x120>
80002624:	40b70733          	sub	a4,a4,a1
80002628:	00e7a023          	sw	a4,0(a5)
8000262c:	00c6a023          	sw	a2,0(a3)
80002630:	b0202773          	csrr	a4,minstret
80002634:	0047a603          	lw	a2,4(a5)
80002638:	00001597          	auipc	a1,0x1
8000263c:	f3858593          	addi	a1,a1,-200 # 80003570 <main+0x128>
80002640:	00b6a223          	sw	a1,4(a3)
80002644:	40c70733          	sub	a4,a4,a2
80002648:	00e7a223          	sw	a4,4(a5)
8000264c:	00008067          	ret

80002650 <tohost_exit>:
80002650:	00151693          	slli	a3,a0,0x1
80002654:	0016e713          	ori	a4,a3,1
80002658:	fffff697          	auipc	a3,0xfffff
8000265c:	9a868693          	addi	a3,a3,-1624 # 80001000 <tohost>
80002660:	00000793          	li	a5,0
80002664:	00e6a023          	sw	a4,0(a3)
80002668:	00f6a223          	sw	a5,4(a3)
8000266c:	0000006f          	j	8000266c <tohost_exit+0x1c>

80002670 <handle_trap>:
80002670:	00001637          	lui	a2,0x1
80002674:	fffff797          	auipc	a5,0xfffff
80002678:	98c78793          	addi	a5,a5,-1652 # 80001000 <tohost>
8000267c:	a7360613          	addi	a2,a2,-1421 # a73 <buflen.1+0xa33>
80002680:	00000693          	li	a3,0
80002684:	00c7a023          	sw	a2,0(a5)
80002688:	00d7a223          	sw	a3,4(a5)
8000268c:	0000006f          	j	8000268c <handle_trap+0x1c>

80002690 <exit>:
80002690:	ff010113          	addi	sp,sp,-16
80002694:	00112623          	sw	ra,12(sp)
80002698:	fb9ff0ef          	jal	80002650 <tohost_exit>

8000269c <abort>:
8000269c:	fffff797          	auipc	a5,0xfffff
800026a0:	96478793          	addi	a5,a5,-1692 # 80001000 <tohost>
800026a4:	10d00613          	li	a2,269
800026a8:	00000693          	li	a3,0
800026ac:	00c7a023          	sw	a2,0(a5)
800026b0:	00d7a223          	sw	a3,4(a5)
800026b4:	0000006f          	j	800026b4 <abort+0x18>

800026b8 <printstr>:
800026b8:	00054783          	lbu	a5,0(a0)
800026bc:	f8010113          	addi	sp,sp,-128
800026c0:	03f10613          	addi	a2,sp,63
800026c4:	00050813          	mv	a6,a0
800026c8:	00000893          	li	a7,0
800026cc:	fc067613          	andi	a2,a2,-64
800026d0:	0a078063          	beqz	a5,80002770 <printstr+0xb8>
800026d4:	00050793          	mv	a5,a0
800026d8:	0017c703          	lbu	a4,1(a5)
800026dc:	00178793          	addi	a5,a5,1
800026e0:	fe071ce3          	bnez	a4,800026d8 <printstr+0x20>
800026e4:	40a78333          	sub	t1,a5,a0
800026e8:	00000393          	li	t2,0
800026ec:	04000713          	li	a4,64
800026f0:	00e62023          	sw	a4,0(a2)
800026f4:	00000793          	li	a5,0
800026f8:	00f62223          	sw	a5,4(a2)
800026fc:	00100713          	li	a4,1
80002700:	00e62423          	sw	a4,8(a2)
80002704:	00000793          	li	a5,0
80002708:	00f62623          	sw	a5,12(a2)
8000270c:	01062823          	sw	a6,16(a2)
80002710:	01162a23          	sw	a7,20(a2)
80002714:	00662c23          	sw	t1,24(a2)
80002718:	00762e23          	sw	t2,28(a2)
8000271c:	0330000f          	fence	rw,rw
80002720:	fffff697          	auipc	a3,0xfffff
80002724:	8e068693          	addi	a3,a3,-1824 # 80001000 <tohost>
80002728:	00c6a023          	sw	a2,0(a3)
8000272c:	00000793          	li	a5,0
80002730:	00f6a223          	sw	a5,4(a3)
80002734:	fffff697          	auipc	a3,0xfffff
80002738:	90c68693          	addi	a3,a3,-1780 # 80001040 <fromhost>
8000273c:	0006a703          	lw	a4,0(a3)
80002740:	0046a783          	lw	a5,4(a3)
80002744:	00f76733          	or	a4,a4,a5
80002748:	fe070ae3          	beqz	a4,8000273c <printstr+0x84>
8000274c:	00000793          	li	a5,0
80002750:	00f6a023          	sw	a5,0(a3)
80002754:	00000813          	li	a6,0
80002758:	0106a223          	sw	a6,4(a3)
8000275c:	0330000f          	fence	rw,rw
80002760:	00062703          	lw	a4,0(a2)
80002764:	00462783          	lw	a5,4(a2)
80002768:	08010113          	addi	sp,sp,128
8000276c:	00008067          	ret
80002770:	00000313          	li	t1,0
80002774:	00000393          	li	t2,0
80002778:	f75ff06f          	j	800026ec <printstr+0x34>

8000277c <thread_entry>:
8000277c:	00051463          	bnez	a0,80002784 <thread_entry+0x8>
80002780:	00008067          	ret
80002784:	0000006f          	j	80002784 <thread_entry+0x8>

80002788 <printhex>:
80002788:	fd010113          	addi	sp,sp,-48
8000278c:	00050713          	mv	a4,a0
80002790:	02112623          	sw	ra,44(sp)
80002794:	00c10513          	addi	a0,sp,12
80002798:	01b10613          	addi	a2,sp,27
8000279c:	00900813          	li	a6,9
800027a0:	0080006f          	j	800027a8 <printhex+0x20>
800027a4:	00078613          	mv	a2,a5
800027a8:	00f77793          	andi	a5,a4,15
800027ac:	00f837b3          	sltu	a5,a6,a5
800027b0:	40f007b3          	neg	a5,a5
800027b4:	0277f793          	andi	a5,a5,39
800027b8:	00f77693          	andi	a3,a4,15
800027bc:	03078793          	addi	a5,a5,48
800027c0:	00f687b3          	add	a5,a3,a5
800027c4:	00f60023          	sb	a5,0(a2)
800027c8:	00475713          	srli	a4,a4,0x4
800027cc:	01c59793          	slli	a5,a1,0x1c
800027d0:	00e7e733          	or	a4,a5,a4
800027d4:	0045d593          	srli	a1,a1,0x4
800027d8:	fff60793          	addi	a5,a2,-1
800027dc:	fcc514e3          	bne	a0,a2,800027a4 <printhex+0x1c>
800027e0:	00010e23          	sb	zero,28(sp)
800027e4:	ed5ff0ef          	jal	800026b8 <printstr>
800027e8:	02c12083          	lw	ra,44(sp)
800027ec:	03010113          	addi	sp,sp,48
800027f0:	00008067          	ret

800027f4 <printf>:
800027f4:	fc010113          	addi	sp,sp,-64
800027f8:	02410313          	addi	t1,sp,36
800027fc:	02b12223          	sw	a1,36(sp)
80002800:	02c12423          	sw	a2,40(sp)
80002804:	02d12623          	sw	a3,44(sp)
80002808:	00050613          	mv	a2,a0
8000280c:	00030693          	mv	a3,t1
80002810:	00000517          	auipc	a0,0x0
80002814:	d0850513          	addi	a0,a0,-760 # 80002518 <putchar>
80002818:	00000593          	li	a1,0
8000281c:	00112e23          	sw	ra,28(sp)
80002820:	02e12823          	sw	a4,48(sp)
80002824:	02f12a23          	sw	a5,52(sp)
80002828:	03012c23          	sw	a6,56(sp)
8000282c:	03112e23          	sw	a7,60(sp)
80002830:	00612623          	sw	t1,12(sp)
80002834:	ffcff0ef          	jal	80002030 <vprintfmt>
80002838:	01c12083          	lw	ra,28(sp)
8000283c:	00000513          	li	a0,0
80002840:	04010113          	addi	sp,sp,64
80002844:	00008067          	ret

80002848 <sprintf>:
80002848:	fb010113          	addi	sp,sp,-80
8000284c:	03810313          	addi	t1,sp,56
80002850:	02812423          	sw	s0,40(sp)
80002854:	00a12623          	sw	a0,12(sp)
80002858:	02c12c23          	sw	a2,56(sp)
8000285c:	02d12e23          	sw	a3,60(sp)
80002860:	00050413          	mv	s0,a0
80002864:	00058613          	mv	a2,a1
80002868:	00000517          	auipc	a0,0x0
8000286c:	c9850513          	addi	a0,a0,-872 # 80002500 <sprintf_putch.0>
80002870:	00c10593          	addi	a1,sp,12
80002874:	00030693          	mv	a3,t1
80002878:	02112623          	sw	ra,44(sp)
8000287c:	04f12223          	sw	a5,68(sp)
80002880:	04e12023          	sw	a4,64(sp)
80002884:	05012423          	sw	a6,72(sp)
80002888:	05112623          	sw	a7,76(sp)
8000288c:	00612e23          	sw	t1,28(sp)
80002890:	fa0ff0ef          	jal	80002030 <vprintfmt>
80002894:	00c12783          	lw	a5,12(sp)
80002898:	00078023          	sb	zero,0(a5)
8000289c:	00c12503          	lw	a0,12(sp)
800028a0:	02c12083          	lw	ra,44(sp)
800028a4:	40850533          	sub	a0,a0,s0
800028a8:	02812403          	lw	s0,40(sp)
800028ac:	05010113          	addi	sp,sp,80
800028b0:	00008067          	ret

800028b4 <memcpy>:
800028b4:	00c5e7b3          	or	a5,a1,a2
800028b8:	00f567b3          	or	a5,a0,a5
800028bc:	0037f793          	andi	a5,a5,3
800028c0:	00058393          	mv	t2,a1
800028c4:	00c506b3          	add	a3,a0,a2
800028c8:	02078463          	beqz	a5,800028f0 <memcpy+0x3c>
800028cc:	00c58633          	add	a2,a1,a2
800028d0:	00050793          	mv	a5,a0
800028d4:	0ad57263          	bgeu	a0,a3,80002978 <memcpy+0xc4>
800028d8:	0005c703          	lbu	a4,0(a1)
800028dc:	00158593          	addi	a1,a1,1
800028e0:	00178793          	addi	a5,a5,1
800028e4:	fee78fa3          	sb	a4,-1(a5)
800028e8:	fec598e3          	bne	a1,a2,800028d8 <memcpy+0x24>
800028ec:	00008067          	ret
800028f0:	02050713          	addi	a4,a0,32
800028f4:	08d77463          	bgeu	a4,a3,8000297c <memcpy+0xc8>
800028f8:	00070793          	mv	a5,a4
800028fc:	0005a283          	lw	t0,0(a1)
80002900:	0045af83          	lw	t6,4(a1)
80002904:	0085af03          	lw	t5,8(a1)
80002908:	00c5ae83          	lw	t4,12(a1)
8000290c:	0105ae03          	lw	t3,16(a1)
80002910:	0145a303          	lw	t1,20(a1)
80002914:	0185a883          	lw	a7,24(a1)
80002918:	01c5a803          	lw	a6,28(a1)
8000291c:	02078793          	addi	a5,a5,32
80002920:	fc57a023          	sw	t0,-64(a5)
80002924:	fdf7a223          	sw	t6,-60(a5)
80002928:	fde7a423          	sw	t5,-56(a5)
8000292c:	fdd7a623          	sw	t4,-52(a5)
80002930:	fdc7a823          	sw	t3,-48(a5)
80002934:	fc67aa23          	sw	t1,-44(a5)
80002938:	fd17ac23          	sw	a7,-40(a5)
8000293c:	fd07ae23          	sw	a6,-36(a5)
80002940:	02058593          	addi	a1,a1,32
80002944:	fad7ece3          	bltu	a5,a3,800028fc <memcpy+0x48>
80002948:	fdf60613          	addi	a2,a2,-33
8000294c:	fe067613          	andi	a2,a2,-32
80002950:	02038393          	addi	t2,t2,32
80002954:	00c707b3          	add	a5,a4,a2
80002958:	00c385b3          	add	a1,t2,a2
8000295c:	f8d7f8e3          	bgeu	a5,a3,800028ec <memcpy+0x38>
80002960:	0005a703          	lw	a4,0(a1)
80002964:	00478793          	addi	a5,a5,4
80002968:	00458593          	addi	a1,a1,4
8000296c:	fee7ae23          	sw	a4,-4(a5)
80002970:	fed7e8e3          	bltu	a5,a3,80002960 <memcpy+0xac>
80002974:	00008067          	ret
80002978:	00008067          	ret
8000297c:	00050793          	mv	a5,a0
80002980:	fddff06f          	j	8000295c <memcpy+0xa8>

80002984 <memset>:
80002984:	ff010113          	addi	sp,sp,-16
80002988:	00c567b3          	or	a5,a0,a2
8000298c:	00812423          	sw	s0,8(sp)
80002990:	00112623          	sw	ra,12(sp)
80002994:	0037f793          	andi	a5,a5,3
80002998:	00050413          	mv	s0,a0
8000299c:	00c50733          	add	a4,a0,a2
800029a0:	02078263          	beqz	a5,800029c4 <memset+0x40>
800029a4:	00e57663          	bgeu	a0,a4,800029b0 <memset+0x2c>
800029a8:	0ff5f593          	zext.b	a1,a1
800029ac:	fd9ff0ef          	jal	80002984 <memset>
800029b0:	00c12083          	lw	ra,12(sp)
800029b4:	00040513          	mv	a0,s0
800029b8:	00812403          	lw	s0,8(sp)
800029bc:	01010113          	addi	sp,sp,16
800029c0:	00008067          	ret
800029c4:	0ff5f593          	zext.b	a1,a1
800029c8:	00859693          	slli	a3,a1,0x8
800029cc:	00b686b3          	add	a3,a3,a1
800029d0:	01069793          	slli	a5,a3,0x10
800029d4:	00f686b3          	add	a3,a3,a5
800029d8:	fce57ce3          	bgeu	a0,a4,800029b0 <memset+0x2c>
800029dc:	00050793          	mv	a5,a0
800029e0:	00478793          	addi	a5,a5,4
800029e4:	fed7ae23          	sw	a3,-4(a5)
800029e8:	fee7ece3          	bltu	a5,a4,800029e0 <memset+0x5c>
800029ec:	00c12083          	lw	ra,12(sp)
800029f0:	00040513          	mv	a0,s0
800029f4:	00812403          	lw	s0,8(sp)
800029f8:	01010113          	addi	sp,sp,16
800029fc:	00008067          	ret

80002a00 <_init>:
80002a00:	f6010113          	addi	sp,sp,-160
80002a04:	00002797          	auipc	a5,0x2
80002a08:	c5078793          	addi	a5,a5,-944 # 80004654 <_tdata_begin>
80002a0c:	09312623          	sw	s3,140(sp)
80002a10:	00002997          	auipc	s3,0x2
80002a14:	c4498993          	addi	s3,s3,-956 # 80004654 <_tdata_begin>
80002a18:	09412423          	sw	s4,136(sp)
80002a1c:	40f98a33          	sub	s4,s3,a5
80002a20:	08912a23          	sw	s1,148(sp)
80002a24:	09212823          	sw	s2,144(sp)
80002a28:	00050493          	mv	s1,a0
80002a2c:	00058913          	mv	s2,a1
80002a30:	00020513          	mv	a0,tp
80002a34:	00078593          	mv	a1,a5
80002a38:	000a0613          	mv	a2,s4
80002a3c:	08112e23          	sw	ra,156(sp)
80002a40:	08812c23          	sw	s0,152(sp)
80002a44:	09512223          	sw	s5,132(sp)
80002a48:	00020a93          	mv	s5,tp
80002a4c:	e69ff0ef          	jal	800028b4 <memcpy>
80002a50:	88018613          	addi	a2,gp,-1920 # 800046c4 <_tbss_end>
80002a54:	41360633          	sub	a2,a2,s3
80002a58:	00000593          	li	a1,0
80002a5c:	014a8533          	add	a0,s5,s4
80002a60:	f25ff0ef          	jal	80002984 <memset>
80002a64:	00090593          	mv	a1,s2
80002a68:	00048513          	mv	a0,s1
80002a6c:	d11ff0ef          	jal	8000277c <thread_entry>
80002a70:	00000593          	li	a1,0
80002a74:	00000513          	li	a0,0
80002a78:	1d1000ef          	jal	80003448 <main>
80002a7c:	00002917          	auipc	s2,0x2
80002a80:	bd090913          	addi	s2,s2,-1072 # 8000464c <counters>
80002a84:	00092683          	lw	a3,0(s2)
80002a88:	03f10413          	addi	s0,sp,63
80002a8c:	fc047413          	andi	s0,s0,-64
80002a90:	00050493          	mv	s1,a0
80002a94:	04069463          	bnez	a3,80002adc <_init+0xdc>
80002a98:	00492683          	lw	a3,4(s2)
80002a9c:	00069663          	bnez	a3,80002aa8 <_init+0xa8>
80002aa0:	00048513          	mv	a0,s1
80002aa4:	badff0ef          	jal	80002650 <tohost_exit>
80002aa8:	00040913          	mv	s2,s0
80002aac:	00002997          	auipc	s3,0x2
80002ab0:	b9898993          	addi	s3,s3,-1128 # 80004644 <counter_names>
80002ab4:	0049a603          	lw	a2,4(s3)
80002ab8:	00090513          	mv	a0,s2
80002abc:	00001597          	auipc	a1,0x1
80002ac0:	ad858593          	addi	a1,a1,-1320 # 80003594 <main+0x14c>
80002ac4:	d85ff0ef          	jal	80002848 <sprintf>
80002ac8:	00a90933          	add	s2,s2,a0
80002acc:	fd240ae3          	beq	s0,s2,80002aa0 <_init+0xa0>
80002ad0:	00040513          	mv	a0,s0
80002ad4:	be5ff0ef          	jal	800026b8 <printstr>
80002ad8:	fc9ff06f          	j	80002aa0 <_init+0xa0>
80002adc:	00002997          	auipc	s3,0x2
80002ae0:	b6898993          	addi	s3,s3,-1176 # 80004644 <counter_names>
80002ae4:	0009a603          	lw	a2,0(s3)
80002ae8:	00001597          	auipc	a1,0x1
80002aec:	aac58593          	addi	a1,a1,-1364 # 80003594 <main+0x14c>
80002af0:	00040513          	mv	a0,s0
80002af4:	d55ff0ef          	jal	80002848 <sprintf>
80002af8:	00492683          	lw	a3,4(s2)
80002afc:	00a40933          	add	s2,s0,a0
80002b00:	fc0686e3          	beqz	a3,80002acc <_init+0xcc>
80002b04:	fb1ff06f          	j	80002ab4 <_init+0xb4>

80002b08 <strlen>:
80002b08:	00054783          	lbu	a5,0(a0)
80002b0c:	00078e63          	beqz	a5,80002b28 <strlen+0x20>
80002b10:	00050793          	mv	a5,a0
80002b14:	0017c703          	lbu	a4,1(a5)
80002b18:	00178793          	addi	a5,a5,1
80002b1c:	fe071ce3          	bnez	a4,80002b14 <strlen+0xc>
80002b20:	40a78533          	sub	a0,a5,a0
80002b24:	00008067          	ret
80002b28:	00000513          	li	a0,0
80002b2c:	00008067          	ret

80002b30 <strnlen>:
80002b30:	00b506b3          	add	a3,a0,a1
80002b34:	00050793          	mv	a5,a0
80002b38:	00059863          	bnez	a1,80002b48 <strnlen+0x18>
80002b3c:	01c0006f          	j	80002b58 <strnlen+0x28>
80002b40:	00178793          	addi	a5,a5,1
80002b44:	00d78663          	beq	a5,a3,80002b50 <strnlen+0x20>
80002b48:	0007c703          	lbu	a4,0(a5)
80002b4c:	fe071ae3          	bnez	a4,80002b40 <strnlen+0x10>
80002b50:	40a78533          	sub	a0,a5,a0
80002b54:	00008067          	ret
80002b58:	00000513          	li	a0,0
80002b5c:	00008067          	ret

80002b60 <strcmp>:
80002b60:	00054783          	lbu	a5,0(a0)
80002b64:	00150513          	addi	a0,a0,1
80002b68:	00158593          	addi	a1,a1,1
80002b6c:	fff5c703          	lbu	a4,-1(a1)
80002b70:	00078863          	beqz	a5,80002b80 <strcmp+0x20>
80002b74:	fee786e3          	beq	a5,a4,80002b60 <strcmp>
80002b78:	40e78533          	sub	a0,a5,a4
80002b7c:	00008067          	ret
80002b80:	00000793          	li	a5,0
80002b84:	ff5ff06f          	j	80002b78 <strcmp+0x18>

80002b88 <strcpy>:
80002b88:	00050793          	mv	a5,a0
80002b8c:	0005c703          	lbu	a4,0(a1)
80002b90:	00158593          	addi	a1,a1,1
80002b94:	00178793          	addi	a5,a5,1
80002b98:	fee78fa3          	sb	a4,-1(a5)
80002b9c:	fe0718e3          	bnez	a4,80002b8c <strcpy+0x4>
80002ba0:	00008067          	ret

80002ba4 <atol>:
80002ba4:	00054703          	lbu	a4,0(a0)
80002ba8:	02000693          	li	a3,32
80002bac:	00050793          	mv	a5,a0
80002bb0:	00d71a63          	bne	a4,a3,80002bc4 <atol+0x20>
80002bb4:	00070693          	mv	a3,a4
80002bb8:	0017c703          	lbu	a4,1(a5)
80002bbc:	00178793          	addi	a5,a5,1
80002bc0:	fed70ce3          	beq	a4,a3,80002bb8 <atol+0x14>
80002bc4:	02d00693          	li	a3,45
80002bc8:	04d70e63          	beq	a4,a3,80002c24 <atol+0x80>
80002bcc:	02b00693          	li	a3,43
80002bd0:	04d70063          	beq	a4,a3,80002c10 <atol+0x6c>
80002bd4:	0007c683          	lbu	a3,0(a5)
80002bd8:	00000593          	li	a1,0
80002bdc:	04068c63          	beqz	a3,80002c34 <atol+0x90>
80002be0:	00000513          	li	a0,0
80002be4:	00178793          	addi	a5,a5,1
80002be8:	fd068613          	addi	a2,a3,-48
80002bec:	00251713          	slli	a4,a0,0x2
80002bf0:	0007c683          	lbu	a3,0(a5)
80002bf4:	00a70733          	add	a4,a4,a0
80002bf8:	00171713          	slli	a4,a4,0x1
80002bfc:	00e60533          	add	a0,a2,a4
80002c00:	fe0692e3          	bnez	a3,80002be4 <atol+0x40>
80002c04:	02058a63          	beqz	a1,80002c38 <atol+0x94>
80002c08:	40a00533          	neg	a0,a0
80002c0c:	00008067          	ret
80002c10:	0017c683          	lbu	a3,1(a5)
80002c14:	00178793          	addi	a5,a5,1
80002c18:	00068e63          	beqz	a3,80002c34 <atol+0x90>
80002c1c:	00000593          	li	a1,0
80002c20:	fc1ff06f          	j	80002be0 <atol+0x3c>
80002c24:	0017c683          	lbu	a3,1(a5)
80002c28:	00100593          	li	a1,1
80002c2c:	00b787b3          	add	a5,a5,a1
80002c30:	fa0698e3          	bnez	a3,80002be0 <atol+0x3c>
80002c34:	00000513          	li	a0,0
80002c38:	00008067          	ret

80002c3c <__udivdi3>:
80002c3c:	00050893          	mv	a7,a0
80002c40:	00058313          	mv	t1,a1
80002c44:	00060713          	mv	a4,a2
80002c48:	00050813          	mv	a6,a0
80002c4c:	00058793          	mv	a5,a1
80002c50:	28069263          	bnez	a3,80002ed4 <__udivdi3+0x298>
80002c54:	800035b7          	lui	a1,0x80003
80002c58:	6f858593          	addi	a1,a1,1784 # 800036f8 <__clz_tab>
80002c5c:	0ec37663          	bgeu	t1,a2,80002d48 <__udivdi3+0x10c>
80002c60:	000106b7          	lui	a3,0x10
80002c64:	0cd67863          	bgeu	a2,a3,80002d34 <__udivdi3+0xf8>
80002c68:	10063693          	sltiu	a3,a2,256
80002c6c:	0016b693          	seqz	a3,a3
80002c70:	00369693          	slli	a3,a3,0x3
80002c74:	00d65533          	srl	a0,a2,a3
80002c78:	00a585b3          	add	a1,a1,a0
80002c7c:	0005c583          	lbu	a1,0(a1)
80002c80:	02000513          	li	a0,32
80002c84:	00d586b3          	add	a3,a1,a3
80002c88:	40d505b3          	sub	a1,a0,a3
80002c8c:	00d50c63          	beq	a0,a3,80002ca4 <__udivdi3+0x68>
80002c90:	00b317b3          	sll	a5,t1,a1
80002c94:	00d8d6b3          	srl	a3,a7,a3
80002c98:	00b61733          	sll	a4,a2,a1
80002c9c:	00f6e7b3          	or	a5,a3,a5
80002ca0:	00b89833          	sll	a6,a7,a1
80002ca4:	01075593          	srli	a1,a4,0x10
80002ca8:	02b7d333          	divu	t1,a5,a1
80002cac:	01071613          	slli	a2,a4,0x10
80002cb0:	01065613          	srli	a2,a2,0x10
80002cb4:	02b7f7b3          	remu	a5,a5,a1
80002cb8:	00030513          	mv	a0,t1
80002cbc:	026608b3          	mul	a7,a2,t1
80002cc0:	01079693          	slli	a3,a5,0x10
80002cc4:	01085793          	srli	a5,a6,0x10
80002cc8:	00d7e7b3          	or	a5,a5,a3
80002ccc:	0117fe63          	bgeu	a5,a7,80002ce8 <__udivdi3+0xac>
80002cd0:	00f707b3          	add	a5,a4,a5
80002cd4:	fff30513          	addi	a0,t1,-1
80002cd8:	00e7e863          	bltu	a5,a4,80002ce8 <__udivdi3+0xac>
80002cdc:	0117f663          	bgeu	a5,a7,80002ce8 <__udivdi3+0xac>
80002ce0:	ffe30513          	addi	a0,t1,-2
80002ce4:	00e787b3          	add	a5,a5,a4
80002ce8:	411787b3          	sub	a5,a5,a7
80002cec:	02b7d8b3          	divu	a7,a5,a1
80002cf0:	01081813          	slli	a6,a6,0x10
80002cf4:	01085813          	srli	a6,a6,0x10
80002cf8:	02b7f7b3          	remu	a5,a5,a1
80002cfc:	031606b3          	mul	a3,a2,a7
80002d00:	01079793          	slli	a5,a5,0x10
80002d04:	00f86833          	or	a6,a6,a5
80002d08:	00088793          	mv	a5,a7
80002d0c:	00d87c63          	bgeu	a6,a3,80002d24 <__udivdi3+0xe8>
80002d10:	01070833          	add	a6,a4,a6
80002d14:	fff88793          	addi	a5,a7,-1
80002d18:	00e86663          	bltu	a6,a4,80002d24 <__udivdi3+0xe8>
80002d1c:	00d87463          	bgeu	a6,a3,80002d24 <__udivdi3+0xe8>
80002d20:	ffe88793          	addi	a5,a7,-2
80002d24:	01051513          	slli	a0,a0,0x10
80002d28:	00f56533          	or	a0,a0,a5
80002d2c:	00000593          	li	a1,0
80002d30:	00008067          	ret
80002d34:	01000537          	lui	a0,0x1000
80002d38:	01800693          	li	a3,24
80002d3c:	f2a67ce3          	bgeu	a2,a0,80002c74 <__udivdi3+0x38>
80002d40:	01000693          	li	a3,16
80002d44:	f31ff06f          	j	80002c74 <__udivdi3+0x38>
80002d48:	00000693          	li	a3,0
80002d4c:	00060c63          	beqz	a2,80002d64 <__udivdi3+0x128>
80002d50:	000107b7          	lui	a5,0x10
80002d54:	0cf67063          	bgeu	a2,a5,80002e14 <__udivdi3+0x1d8>
80002d58:	10063693          	sltiu	a3,a2,256
80002d5c:	0016b693          	seqz	a3,a3
80002d60:	00369693          	slli	a3,a3,0x3
80002d64:	00d657b3          	srl	a5,a2,a3
80002d68:	00f585b3          	add	a1,a1,a5
80002d6c:	0005c783          	lbu	a5,0(a1)
80002d70:	00d787b3          	add	a5,a5,a3
80002d74:	02000693          	li	a3,32
80002d78:	40f685b3          	sub	a1,a3,a5
80002d7c:	0af69663          	bne	a3,a5,80002e28 <__udivdi3+0x1ec>
80002d80:	40c307b3          	sub	a5,t1,a2
80002d84:	00100593          	li	a1,1
80002d88:	01075893          	srli	a7,a4,0x10
80002d8c:	0317de33          	divu	t3,a5,a7
80002d90:	01071613          	slli	a2,a4,0x10
80002d94:	01065613          	srli	a2,a2,0x10
80002d98:	01085693          	srli	a3,a6,0x10
80002d9c:	0317f7b3          	remu	a5,a5,a7
80002da0:	000e0513          	mv	a0,t3
80002da4:	03c60333          	mul	t1,a2,t3
80002da8:	01079793          	slli	a5,a5,0x10
80002dac:	00f6e7b3          	or	a5,a3,a5
80002db0:	0067fe63          	bgeu	a5,t1,80002dcc <__udivdi3+0x190>
80002db4:	00f707b3          	add	a5,a4,a5
80002db8:	fffe0513          	addi	a0,t3,-1
80002dbc:	00e7e863          	bltu	a5,a4,80002dcc <__udivdi3+0x190>
80002dc0:	0067f663          	bgeu	a5,t1,80002dcc <__udivdi3+0x190>
80002dc4:	ffee0513          	addi	a0,t3,-2
80002dc8:	00e787b3          	add	a5,a5,a4
80002dcc:	406787b3          	sub	a5,a5,t1
80002dd0:	0317d333          	divu	t1,a5,a7
80002dd4:	01081813          	slli	a6,a6,0x10
80002dd8:	01085813          	srli	a6,a6,0x10
80002ddc:	0317f7b3          	remu	a5,a5,a7
80002de0:	026606b3          	mul	a3,a2,t1
80002de4:	01079793          	slli	a5,a5,0x10
80002de8:	00f86833          	or	a6,a6,a5
80002dec:	00030793          	mv	a5,t1
80002df0:	00d87c63          	bgeu	a6,a3,80002e08 <__udivdi3+0x1cc>
80002df4:	01070833          	add	a6,a4,a6
80002df8:	fff30793          	addi	a5,t1,-1
80002dfc:	00e86663          	bltu	a6,a4,80002e08 <__udivdi3+0x1cc>
80002e00:	00d87463          	bgeu	a6,a3,80002e08 <__udivdi3+0x1cc>
80002e04:	ffe30793          	addi	a5,t1,-2
80002e08:	01051513          	slli	a0,a0,0x10
80002e0c:	00f56533          	or	a0,a0,a5
80002e10:	00008067          	ret
80002e14:	010007b7          	lui	a5,0x1000
80002e18:	01800693          	li	a3,24
80002e1c:	f4f674e3          	bgeu	a2,a5,80002d64 <__udivdi3+0x128>
80002e20:	01000693          	li	a3,16
80002e24:	f41ff06f          	j	80002d64 <__udivdi3+0x128>
80002e28:	00b61733          	sll	a4,a2,a1
80002e2c:	00f356b3          	srl	a3,t1,a5
80002e30:	01075513          	srli	a0,a4,0x10
80002e34:	00b31333          	sll	t1,t1,a1
80002e38:	00f8d7b3          	srl	a5,a7,a5
80002e3c:	0067e7b3          	or	a5,a5,t1
80002e40:	02a6d333          	divu	t1,a3,a0
80002e44:	01071613          	slli	a2,a4,0x10
80002e48:	01065613          	srli	a2,a2,0x10
80002e4c:	00b89833          	sll	a6,a7,a1
80002e50:	02a6f6b3          	remu	a3,a3,a0
80002e54:	026608b3          	mul	a7,a2,t1
80002e58:	01069593          	slli	a1,a3,0x10
80002e5c:	0107d693          	srli	a3,a5,0x10
80002e60:	00b6e6b3          	or	a3,a3,a1
80002e64:	00030593          	mv	a1,t1
80002e68:	0116fe63          	bgeu	a3,a7,80002e84 <__udivdi3+0x248>
80002e6c:	00d706b3          	add	a3,a4,a3
80002e70:	fff30593          	addi	a1,t1,-1
80002e74:	00e6e863          	bltu	a3,a4,80002e84 <__udivdi3+0x248>
80002e78:	0116f663          	bgeu	a3,a7,80002e84 <__udivdi3+0x248>
80002e7c:	ffe30593          	addi	a1,t1,-2
80002e80:	00e686b3          	add	a3,a3,a4
80002e84:	411686b3          	sub	a3,a3,a7
80002e88:	02a6d8b3          	divu	a7,a3,a0
80002e8c:	01079793          	slli	a5,a5,0x10
80002e90:	0107d793          	srli	a5,a5,0x10
80002e94:	02a6f6b3          	remu	a3,a3,a0
80002e98:	03160633          	mul	a2,a2,a7
80002e9c:	01069693          	slli	a3,a3,0x10
80002ea0:	00d7e7b3          	or	a5,a5,a3
80002ea4:	00088693          	mv	a3,a7
80002ea8:	00c7fe63          	bgeu	a5,a2,80002ec4 <__udivdi3+0x288>
80002eac:	00f707b3          	add	a5,a4,a5
80002eb0:	fff88693          	addi	a3,a7,-1
80002eb4:	00e7e863          	bltu	a5,a4,80002ec4 <__udivdi3+0x288>
80002eb8:	00c7f663          	bgeu	a5,a2,80002ec4 <__udivdi3+0x288>
80002ebc:	ffe88693          	addi	a3,a7,-2
80002ec0:	00e787b3          	add	a5,a5,a4
80002ec4:	01059593          	slli	a1,a1,0x10
80002ec8:	40c787b3          	sub	a5,a5,a2
80002ecc:	00d5e5b3          	or	a1,a1,a3
80002ed0:	eb9ff06f          	j	80002d88 <__udivdi3+0x14c>
80002ed4:	18d5e463          	bltu	a1,a3,8000305c <__udivdi3+0x420>
80002ed8:	000107b7          	lui	a5,0x10
80002edc:	04f6f463          	bgeu	a3,a5,80002f24 <__udivdi3+0x2e8>
80002ee0:	1006b793          	sltiu	a5,a3,256
80002ee4:	0017b793          	seqz	a5,a5
80002ee8:	00379793          	slli	a5,a5,0x3
80002eec:	80003737          	lui	a4,0x80003
80002ef0:	00f6d5b3          	srl	a1,a3,a5
80002ef4:	6f870713          	addi	a4,a4,1784 # 800036f8 <__clz_tab>
80002ef8:	00b70733          	add	a4,a4,a1
80002efc:	00074703          	lbu	a4,0(a4)
80002f00:	00f70733          	add	a4,a4,a5
80002f04:	02000793          	li	a5,32
80002f08:	40e785b3          	sub	a1,a5,a4
80002f0c:	02e79663          	bne	a5,a4,80002f38 <__udivdi3+0x2fc>
80002f10:	00100513          	li	a0,1
80002f14:	e066eee3          	bltu	a3,t1,80002d30 <__udivdi3+0xf4>
80002f18:	00c8b533          	sltu	a0,a7,a2
80002f1c:	00153513          	seqz	a0,a0
80002f20:	00008067          	ret
80002f24:	01000737          	lui	a4,0x1000
80002f28:	01800793          	li	a5,24
80002f2c:	fce6f0e3          	bgeu	a3,a4,80002eec <__udivdi3+0x2b0>
80002f30:	01000793          	li	a5,16
80002f34:	fb9ff06f          	j	80002eec <__udivdi3+0x2b0>
80002f38:	00e65533          	srl	a0,a2,a4
80002f3c:	00b696b3          	sll	a3,a3,a1
80002f40:	00e357b3          	srl	a5,t1,a4
80002f44:	00d56533          	or	a0,a0,a3
80002f48:	00b31333          	sll	t1,t1,a1
80002f4c:	00e8d733          	srl	a4,a7,a4
80002f50:	00676733          	or	a4,a4,t1
80002f54:	01055313          	srli	t1,a0,0x10
80002f58:	0267deb3          	divu	t4,a5,t1
80002f5c:	01051813          	slli	a6,a0,0x10
80002f60:	01085813          	srli	a6,a6,0x10
80002f64:	01075693          	srli	a3,a4,0x10
80002f68:	00b61633          	sll	a2,a2,a1
80002f6c:	0267f7b3          	remu	a5,a5,t1
80002f70:	03d80e33          	mul	t3,a6,t4
80002f74:	01079793          	slli	a5,a5,0x10
80002f78:	00f6e6b3          	or	a3,a3,a5
80002f7c:	000e8793          	mv	a5,t4
80002f80:	01c6fe63          	bgeu	a3,t3,80002f9c <__udivdi3+0x360>
80002f84:	00d506b3          	add	a3,a0,a3
80002f88:	fffe8793          	addi	a5,t4,-1
80002f8c:	00a6e863          	bltu	a3,a0,80002f9c <__udivdi3+0x360>
80002f90:	01c6f663          	bgeu	a3,t3,80002f9c <__udivdi3+0x360>
80002f94:	ffee8793          	addi	a5,t4,-2
80002f98:	00a686b3          	add	a3,a3,a0
80002f9c:	41c686b3          	sub	a3,a3,t3
80002fa0:	0266de33          	divu	t3,a3,t1
80002fa4:	01071713          	slli	a4,a4,0x10
80002fa8:	01075713          	srli	a4,a4,0x10
80002fac:	0266f6b3          	remu	a3,a3,t1
80002fb0:	03c80833          	mul	a6,a6,t3
80002fb4:	01069693          	slli	a3,a3,0x10
80002fb8:	00d76733          	or	a4,a4,a3
80002fbc:	000e0693          	mv	a3,t3
80002fc0:	01077e63          	bgeu	a4,a6,80002fdc <__udivdi3+0x3a0>
80002fc4:	00e50733          	add	a4,a0,a4
80002fc8:	fffe0693          	addi	a3,t3,-1
80002fcc:	00a76863          	bltu	a4,a0,80002fdc <__udivdi3+0x3a0>
80002fd0:	01077663          	bgeu	a4,a6,80002fdc <__udivdi3+0x3a0>
80002fd4:	ffee0693          	addi	a3,t3,-2
80002fd8:	00a70733          	add	a4,a4,a0
80002fdc:	01079793          	slli	a5,a5,0x10
80002fe0:	00d7e533          	or	a0,a5,a3
80002fe4:	01061313          	slli	t1,a2,0x10
80002fe8:	01069693          	slli	a3,a3,0x10
80002fec:	0106d693          	srli	a3,a3,0x10
80002ff0:	01035313          	srli	t1,t1,0x10
80002ff4:	01065613          	srli	a2,a2,0x10
80002ff8:	41070733          	sub	a4,a4,a6
80002ffc:	01055813          	srli	a6,a0,0x10
80003000:	02668e33          	mul	t3,a3,t1
80003004:	02680333          	mul	t1,a6,t1
80003008:	010e5793          	srli	a5,t3,0x10
8000300c:	02c686b3          	mul	a3,a3,a2
80003010:	006686b3          	add	a3,a3,t1
80003014:	00d787b3          	add	a5,a5,a3
80003018:	02c80833          	mul	a6,a6,a2
8000301c:	0067f663          	bgeu	a5,t1,80003028 <__udivdi3+0x3ec>
80003020:	000106b7          	lui	a3,0x10
80003024:	00d80833          	add	a6,a6,a3
80003028:	0107d693          	srli	a3,a5,0x10
8000302c:	010686b3          	add	a3,a3,a6
80003030:	02d76263          	bltu	a4,a3,80003054 <__udivdi3+0x418>
80003034:	ced71ce3          	bne	a4,a3,80002d2c <__udivdi3+0xf0>
80003038:	010e1e13          	slli	t3,t3,0x10
8000303c:	01079793          	slli	a5,a5,0x10
80003040:	010e5e13          	srli	t3,t3,0x10
80003044:	00b898b3          	sll	a7,a7,a1
80003048:	01c787b3          	add	a5,a5,t3
8000304c:	00000593          	li	a1,0
80003050:	cef8f0e3          	bgeu	a7,a5,80002d30 <__udivdi3+0xf4>
80003054:	fff50513          	addi	a0,a0,-1 # ffffff <buflen.1+0xffffbf>
80003058:	cd5ff06f          	j	80002d2c <__udivdi3+0xf0>
8000305c:	00000593          	li	a1,0
80003060:	00000513          	li	a0,0
80003064:	00008067          	ret

80003068 <__umoddi3>:
80003068:	00060813          	mv	a6,a2
8000306c:	00050793          	mv	a5,a0
80003070:	00058713          	mv	a4,a1
80003074:	20069663          	bnez	a3,80003280 <__umoddi3+0x218>
80003078:	800038b7          	lui	a7,0x80003
8000307c:	6f888893          	addi	a7,a7,1784 # 800036f8 <__clz_tab>
80003080:	0cc5fc63          	bgeu	a1,a2,80003158 <__umoddi3+0xf0>
80003084:	000106b7          	lui	a3,0x10
80003088:	0ad67e63          	bgeu	a2,a3,80003144 <__umoddi3+0xdc>
8000308c:	10063693          	sltiu	a3,a2,256
80003090:	0016b693          	seqz	a3,a3
80003094:	00369693          	slli	a3,a3,0x3
80003098:	00d65333          	srl	t1,a2,a3
8000309c:	006888b3          	add	a7,a7,t1
800030a0:	0008c883          	lbu	a7,0(a7)
800030a4:	02000313          	li	t1,32
800030a8:	00d886b3          	add	a3,a7,a3
800030ac:	40d308b3          	sub	a7,t1,a3
800030b0:	00d30c63          	beq	t1,a3,800030c8 <__umoddi3+0x60>
800030b4:	01159733          	sll	a4,a1,a7
800030b8:	00d556b3          	srl	a3,a0,a3
800030bc:	01161833          	sll	a6,a2,a7
800030c0:	00e6e733          	or	a4,a3,a4
800030c4:	011517b3          	sll	a5,a0,a7
800030c8:	01085613          	srli	a2,a6,0x10
800030cc:	02c756b3          	divu	a3,a4,a2
800030d0:	01081513          	slli	a0,a6,0x10
800030d4:	01055513          	srli	a0,a0,0x10
800030d8:	02c77733          	remu	a4,a4,a2
800030dc:	02a686b3          	mul	a3,a3,a0
800030e0:	01071593          	slli	a1,a4,0x10
800030e4:	0107d713          	srli	a4,a5,0x10
800030e8:	00b76733          	or	a4,a4,a1
800030ec:	00d77a63          	bgeu	a4,a3,80003100 <__umoddi3+0x98>
800030f0:	00e80733          	add	a4,a6,a4
800030f4:	01076663          	bltu	a4,a6,80003100 <__umoddi3+0x98>
800030f8:	00d77463          	bgeu	a4,a3,80003100 <__umoddi3+0x98>
800030fc:	01070733          	add	a4,a4,a6
80003100:	40d70733          	sub	a4,a4,a3
80003104:	02c756b3          	divu	a3,a4,a2
80003108:	02c77733          	remu	a4,a4,a2
8000310c:	02a686b3          	mul	a3,a3,a0
80003110:	01079793          	slli	a5,a5,0x10
80003114:	01071713          	slli	a4,a4,0x10
80003118:	0107d793          	srli	a5,a5,0x10
8000311c:	00e7e7b3          	or	a5,a5,a4
80003120:	00d7fa63          	bgeu	a5,a3,80003134 <__umoddi3+0xcc>
80003124:	00f807b3          	add	a5,a6,a5
80003128:	0107e663          	bltu	a5,a6,80003134 <__umoddi3+0xcc>
8000312c:	00d7f463          	bgeu	a5,a3,80003134 <__umoddi3+0xcc>
80003130:	010787b3          	add	a5,a5,a6
80003134:	40d787b3          	sub	a5,a5,a3
80003138:	0117d533          	srl	a0,a5,a7
8000313c:	00000593          	li	a1,0
80003140:	00008067          	ret
80003144:	01000337          	lui	t1,0x1000
80003148:	01800693          	li	a3,24
8000314c:	f46676e3          	bgeu	a2,t1,80003098 <__umoddi3+0x30>
80003150:	01000693          	li	a3,16
80003154:	f45ff06f          	j	80003098 <__umoddi3+0x30>
80003158:	00000693          	li	a3,0
8000315c:	00060c63          	beqz	a2,80003174 <__umoddi3+0x10c>
80003160:	00010737          	lui	a4,0x10
80003164:	06e67e63          	bgeu	a2,a4,800031e0 <__umoddi3+0x178>
80003168:	10063693          	sltiu	a3,a2,256
8000316c:	0016b693          	seqz	a3,a3
80003170:	00369693          	slli	a3,a3,0x3
80003174:	00d65733          	srl	a4,a2,a3
80003178:	00e888b3          	add	a7,a7,a4
8000317c:	0008c703          	lbu	a4,0(a7)
80003180:	00d70733          	add	a4,a4,a3
80003184:	02000693          	li	a3,32
80003188:	40e688b3          	sub	a7,a3,a4
8000318c:	06e69463          	bne	a3,a4,800031f4 <__umoddi3+0x18c>
80003190:	40c58733          	sub	a4,a1,a2
80003194:	01085593          	srli	a1,a6,0x10
80003198:	02b75633          	divu	a2,a4,a1
8000319c:	01081513          	slli	a0,a6,0x10
800031a0:	01055513          	srli	a0,a0,0x10
800031a4:	0107d693          	srli	a3,a5,0x10
800031a8:	02b77733          	remu	a4,a4,a1
800031ac:	02a60633          	mul	a2,a2,a0
800031b0:	01071713          	slli	a4,a4,0x10
800031b4:	00e6e733          	or	a4,a3,a4
800031b8:	00c77a63          	bgeu	a4,a2,800031cc <__umoddi3+0x164>
800031bc:	00e80733          	add	a4,a6,a4
800031c0:	01076663          	bltu	a4,a6,800031cc <__umoddi3+0x164>
800031c4:	00c77463          	bgeu	a4,a2,800031cc <__umoddi3+0x164>
800031c8:	01070733          	add	a4,a4,a6
800031cc:	40c70733          	sub	a4,a4,a2
800031d0:	02b756b3          	divu	a3,a4,a1
800031d4:	02b77733          	remu	a4,a4,a1
800031d8:	02a686b3          	mul	a3,a3,a0
800031dc:	f35ff06f          	j	80003110 <__umoddi3+0xa8>
800031e0:	01000737          	lui	a4,0x1000
800031e4:	01800693          	li	a3,24
800031e8:	f8e676e3          	bgeu	a2,a4,80003174 <__umoddi3+0x10c>
800031ec:	01000693          	li	a3,16
800031f0:	f85ff06f          	j	80003174 <__umoddi3+0x10c>
800031f4:	01161833          	sll	a6,a2,a7
800031f8:	00e5d6b3          	srl	a3,a1,a4
800031fc:	011517b3          	sll	a5,a0,a7
80003200:	011595b3          	sll	a1,a1,a7
80003204:	00e55733          	srl	a4,a0,a4
80003208:	01085513          	srli	a0,a6,0x10
8000320c:	00b76733          	or	a4,a4,a1
80003210:	02a6d5b3          	divu	a1,a3,a0
80003214:	01081313          	slli	t1,a6,0x10
80003218:	01035313          	srli	t1,t1,0x10
8000321c:	02a6f6b3          	remu	a3,a3,a0
80003220:	026585b3          	mul	a1,a1,t1
80003224:	01069613          	slli	a2,a3,0x10
80003228:	01075693          	srli	a3,a4,0x10
8000322c:	00c6e6b3          	or	a3,a3,a2
80003230:	00b6fa63          	bgeu	a3,a1,80003244 <__umoddi3+0x1dc>
80003234:	00d806b3          	add	a3,a6,a3
80003238:	0106e663          	bltu	a3,a6,80003244 <__umoddi3+0x1dc>
8000323c:	00b6f463          	bgeu	a3,a1,80003244 <__umoddi3+0x1dc>
80003240:	010686b3          	add	a3,a3,a6
80003244:	40b686b3          	sub	a3,a3,a1
80003248:	02a6d633          	divu	a2,a3,a0
8000324c:	01071713          	slli	a4,a4,0x10
80003250:	01075713          	srli	a4,a4,0x10
80003254:	02a6f6b3          	remu	a3,a3,a0
80003258:	02660633          	mul	a2,a2,t1
8000325c:	01069693          	slli	a3,a3,0x10
80003260:	00d76733          	or	a4,a4,a3
80003264:	00c77a63          	bgeu	a4,a2,80003278 <__umoddi3+0x210>
80003268:	00e80733          	add	a4,a6,a4
8000326c:	01076663          	bltu	a4,a6,80003278 <__umoddi3+0x210>
80003270:	00c77463          	bgeu	a4,a2,80003278 <__umoddi3+0x210>
80003274:	01070733          	add	a4,a4,a6
80003278:	40c70733          	sub	a4,a4,a2
8000327c:	f19ff06f          	j	80003194 <__umoddi3+0x12c>
80003280:	1cd5e263          	bltu	a1,a3,80003444 <__umoddi3+0x3dc>
80003284:	00010837          	lui	a6,0x10
80003288:	0506fe63          	bgeu	a3,a6,800032e4 <__umoddi3+0x27c>
8000328c:	1006b813          	sltiu	a6,a3,256
80003290:	00183813          	seqz	a6,a6
80003294:	00381813          	slli	a6,a6,0x3
80003298:	800038b7          	lui	a7,0x80003
8000329c:	0106d333          	srl	t1,a3,a6
800032a0:	6f888893          	addi	a7,a7,1784 # 800036f8 <__clz_tab>
800032a4:	006888b3          	add	a7,a7,t1
800032a8:	0008c883          	lbu	a7,0(a7)
800032ac:	02000313          	li	t1,32
800032b0:	010888b3          	add	a7,a7,a6
800032b4:	41130833          	sub	a6,t1,a7
800032b8:	05131063          	bne	t1,a7,800032f8 <__umoddi3+0x290>
800032bc:	00b6e463          	bltu	a3,a1,800032c4 <__umoddi3+0x25c>
800032c0:	00c56c63          	bltu	a0,a2,800032d8 <__umoddi3+0x270>
800032c4:	40c50633          	sub	a2,a0,a2
800032c8:	40d586b3          	sub	a3,a1,a3
800032cc:	00c53733          	sltu	a4,a0,a2
800032d0:	00060793          	mv	a5,a2
800032d4:	40e68733          	sub	a4,a3,a4
800032d8:	00078513          	mv	a0,a5
800032dc:	00070593          	mv	a1,a4
800032e0:	00008067          	ret
800032e4:	010008b7          	lui	a7,0x1000
800032e8:	01800813          	li	a6,24
800032ec:	fb16f6e3          	bgeu	a3,a7,80003298 <__umoddi3+0x230>
800032f0:	01000813          	li	a6,16
800032f4:	fa5ff06f          	j	80003298 <__umoddi3+0x230>
800032f8:	011657b3          	srl	a5,a2,a7
800032fc:	010696b3          	sll	a3,a3,a6
80003300:	00d7e6b3          	or	a3,a5,a3
80003304:	0115d733          	srl	a4,a1,a7
80003308:	0106d313          	srli	t1,a3,0x10
8000330c:	02675f33          	divu	t5,a4,t1
80003310:	01069e13          	slli	t3,a3,0x10
80003314:	010e5e13          	srli	t3,t3,0x10
80003318:	010597b3          	sll	a5,a1,a6
8000331c:	011555b3          	srl	a1,a0,a7
80003320:	00f5e5b3          	or	a1,a1,a5
80003324:	0105d793          	srli	a5,a1,0x10
80003328:	01061633          	sll	a2,a2,a6
8000332c:	01051533          	sll	a0,a0,a6
80003330:	02677733          	remu	a4,a4,t1
80003334:	03ee0eb3          	mul	t4,t3,t5
80003338:	01071713          	slli	a4,a4,0x10
8000333c:	00e7e7b3          	or	a5,a5,a4
80003340:	000f0713          	mv	a4,t5
80003344:	01d7fe63          	bgeu	a5,t4,80003360 <__umoddi3+0x2f8>
80003348:	00f687b3          	add	a5,a3,a5
8000334c:	ffff0713          	addi	a4,t5,-1
80003350:	00d7e863          	bltu	a5,a3,80003360 <__umoddi3+0x2f8>
80003354:	01d7f663          	bgeu	a5,t4,80003360 <__umoddi3+0x2f8>
80003358:	ffef0713          	addi	a4,t5,-2
8000335c:	00d787b3          	add	a5,a5,a3
80003360:	41d787b3          	sub	a5,a5,t4
80003364:	0267deb3          	divu	t4,a5,t1
80003368:	01059593          	slli	a1,a1,0x10
8000336c:	0105d593          	srli	a1,a1,0x10
80003370:	0267f7b3          	remu	a5,a5,t1
80003374:	000e8313          	mv	t1,t4
80003378:	03de0e33          	mul	t3,t3,t4
8000337c:	01079793          	slli	a5,a5,0x10
80003380:	00f5e5b3          	or	a1,a1,a5
80003384:	01c5fe63          	bgeu	a1,t3,800033a0 <__umoddi3+0x338>
80003388:	00b685b3          	add	a1,a3,a1
8000338c:	fffe8313          	addi	t1,t4,-1
80003390:	00d5e863          	bltu	a1,a3,800033a0 <__umoddi3+0x338>
80003394:	01c5f663          	bgeu	a1,t3,800033a0 <__umoddi3+0x338>
80003398:	ffee8313          	addi	t1,t4,-2
8000339c:	00d585b3          	add	a1,a1,a3
800033a0:	01071793          	slli	a5,a4,0x10
800033a4:	0067e7b3          	or	a5,a5,t1
800033a8:	41c585b3          	sub	a1,a1,t3
800033ac:	01031313          	slli	t1,t1,0x10
800033b0:	01061e13          	slli	t3,a2,0x10
800033b4:	01065713          	srli	a4,a2,0x10
800033b8:	01035313          	srli	t1,t1,0x10
800033bc:	0107d793          	srli	a5,a5,0x10
800033c0:	010e5e13          	srli	t3,t3,0x10
800033c4:	03c30eb3          	mul	t4,t1,t3
800033c8:	03c78e33          	mul	t3,a5,t3
800033cc:	02e30333          	mul	t1,t1,a4
800033d0:	02e787b3          	mul	a5,a5,a4
800033d4:	01c30333          	add	t1,t1,t3
800033d8:	010ed713          	srli	a4,t4,0x10
800033dc:	00670733          	add	a4,a4,t1
800033e0:	01c77663          	bgeu	a4,t3,800033ec <__umoddi3+0x384>
800033e4:	00010337          	lui	t1,0x10
800033e8:	006787b3          	add	a5,a5,t1
800033ec:	01075313          	srli	t1,a4,0x10
800033f0:	010e9e93          	slli	t4,t4,0x10
800033f4:	01071713          	slli	a4,a4,0x10
800033f8:	010ede93          	srli	t4,t4,0x10
800033fc:	00f307b3          	add	a5,t1,a5
80003400:	01d70733          	add	a4,a4,t4
80003404:	00f5e663          	bltu	a1,a5,80003410 <__umoddi3+0x3a8>
80003408:	00f59e63          	bne	a1,a5,80003424 <__umoddi3+0x3bc>
8000340c:	00e57c63          	bgeu	a0,a4,80003424 <__umoddi3+0x3bc>
80003410:	40c70633          	sub	a2,a4,a2
80003414:	00c73333          	sltu	t1,a4,a2
80003418:	00d306b3          	add	a3,t1,a3
8000341c:	00060713          	mv	a4,a2
80003420:	40d787b3          	sub	a5,a5,a3
80003424:	40e50733          	sub	a4,a0,a4
80003428:	00e53533          	sltu	a0,a0,a4
8000342c:	40f585b3          	sub	a1,a1,a5
80003430:	40a585b3          	sub	a1,a1,a0
80003434:	011598b3          	sll	a7,a1,a7
80003438:	01075733          	srl	a4,a4,a6
8000343c:	00e8e533          	or	a0,a7,a4
80003440:	0105d5b3          	srl	a1,a1,a6
80003444:	00008067          	ret

Disassembly of section .text.startup:

80003448 <main>:
80003448:	b3010113          	addi	sp,sp,-1232
8000344c:	4c912223          	sw	s1,1220(sp)
80003450:	4d212023          	sw	s2,1216(sp)
80003454:	00000497          	auipc	s1,0x0
80003458:	3e048493          	addi	s1,s1,992 # 80003834 <input1_data>
8000345c:	00001917          	auipc	s2,0x1
80003460:	88890913          	addi	s2,s2,-1912 # 80003ce4 <input2_data>
80003464:	4c812423          	sw	s0,1224(sp)
80003468:	4b312e23          	sw	s3,1212(sp)
8000346c:	4c112623          	sw	ra,1228(sp)
80003470:	00010413          	mv	s0,sp
80003474:	00048793          	mv	a5,s1
80003478:	00090993          	mv	s3,s2
8000347c:	00090613          	mv	a2,s2
80003480:	00010693          	mv	a3,sp
80003484:	0007a703          	lw	a4,0(a5) # 10000 <buflen.1+0xffc0>
80003488:	00062583          	lw	a1,0(a2)
8000348c:	00478793          	addi	a5,a5,4
80003490:	00460613          	addi	a2,a2,4
80003494:	00b70733          	add	a4,a4,a1
80003498:	00e6a023          	sw	a4,0(a3) # 10000 <buflen.1+0xffc0>
8000349c:	00468693          	addi	a3,a3,4
800034a0:	ff3792e3          	bne	a5,s3,80003484 <main+0x3c>
800034a4:	00100513          	li	a0,1
800034a8:	948ff0ef          	jal	800025f0 <setStats>
800034ac:	00040713          	mv	a4,s0
800034b0:	0004a783          	lw	a5,0(s1)
800034b4:	00092683          	lw	a3,0(s2)
800034b8:	00448493          	addi	s1,s1,4
800034bc:	00490913          	addi	s2,s2,4
800034c0:	00d787b3          	add	a5,a5,a3
800034c4:	00f72023          	sw	a5,0(a4) # 1000000 <buflen.1+0xffffc0>
800034c8:	00470713          	addi	a4,a4,4
800034cc:	ff3492e3          	bne	s1,s3,800034b0 <main+0x68>
800034d0:	00000513          	li	a0,0
800034d4:	91cff0ef          	jal	800025f0 <setStats>
800034d8:	00001797          	auipc	a5,0x1
800034dc:	cbc78793          	addi	a5,a5,-836 # 80004194 <verify_data>
800034e0:	00000513          	li	a0,0
800034e4:	12c00813          	li	a6,300
800034e8:	00042683          	lw	a3,0(s0)
800034ec:	0007a703          	lw	a4,0(a5)
800034f0:	00442583          	lw	a1,4(s0)
800034f4:	0047a603          	lw	a2,4(a5)
800034f8:	02e69c63          	bne	a3,a4,80003530 <main+0xe8>
800034fc:	00250513          	addi	a0,a0,2
80003500:	00c59a63          	bne	a1,a2,80003514 <main+0xcc>
80003504:	00840413          	addi	s0,s0,8
80003508:	00878793          	addi	a5,a5,8
8000350c:	fd051ee3          	bne	a0,a6,800034e8 <main+0xa0>
80003510:	00000513          	li	a0,0
80003514:	4cc12083          	lw	ra,1228(sp)
80003518:	4c812403          	lw	s0,1224(sp)
8000351c:	4c412483          	lw	s1,1220(sp)
80003520:	4c012903          	lw	s2,1216(sp)
80003524:	4bc12983          	lw	s3,1212(sp)
80003528:	4d010113          	addi	sp,sp,1232
8000352c:	00008067          	ret
80003530:	00150513          	addi	a0,a0,1
80003534:	fe1ff06f          	j	80003514 <main+0xcc>
80003538:	ff010113          	addi	sp,sp,-16
8000353c:	00000517          	auipc	a0,0x0
80003540:	04050513          	addi	a0,a0,64 # 8000357c <main+0x134>
80003544:	00112623          	sw	ra,12(sp)
80003548:	970ff0ef          	jal	800026b8 <printstr>
8000354c:	00c12083          	lw	ra,12(sp)
80003550:	fff00513          	li	a0,-1
80003554:	01010113          	addi	sp,sp,16
80003558:	00008067          	ret

Disassembly of section .data:

80003834 <input1_data>:
80003834:	0029                	.insn	2, 0x0029
80003836:	0000                	.insn	2, 0x
80003838:	0341                	.insn	2, 0x0341
8000383a:	0000                	.insn	2, 0x
8000383c:	0234                	.insn	2, 0x0234
8000383e:	0000                	.insn	2, 0x
80003840:	000000bb          	.insn	4, 0x00bb
80003844:	02ed                	.insn	2, 0x02ed
80003846:	0000                	.insn	2, 0x
80003848:	015e                	.insn	2, 0x015e
8000384a:	0000                	.insn	2, 0x
8000384c:	0084                	.insn	2, 0x0084
8000384e:	0000                	.insn	2, 0x
80003850:	03b5                	.insn	2, 0x03b5
80003852:	0000                	.insn	2, 0x
80003854:	0248                	.insn	2, 0x0248
80003856:	0000                	.insn	2, 0x
80003858:	0325                	.insn	2, 0x0325
8000385a:	0000                	.insn	2, 0x
8000385c:	026d                	.insn	2, 0x026d
8000385e:	0000                	.insn	2, 0x
80003860:	0006                	.insn	2, 0x0006
80003862:	0000                	.insn	2, 0x
80003864:	000003a3          	sb	zero,7(zero) # 7 <buf.2+0x7>
80003868:	037a                	.insn	2, 0x037a
8000386a:	0000                	.insn	2, 0x
8000386c:	0188                	.insn	2, 0x0188
8000386e:	0000                	.insn	2, 0x
80003870:	02b6                	.insn	2, 0x02b6
80003872:	0000                	.insn	2, 0x
80003874:	03c1                	.insn	2, 0x03c1
80003876:	0000                	.insn	2, 0x
80003878:	006e                	.insn	2, 0x006e
8000387a:	0000                	.insn	2, 0x
8000387c:	0074                	.insn	2, 0x0074
8000387e:	0000                	.insn	2, 0x
80003880:	0128                	.insn	2, 0x0128
80003882:	0000                	.insn	2, 0x
80003884:	01aa                	.insn	2, 0x01aa
80003886:	0000                	.insn	2, 0x
80003888:	013a                	.insn	2, 0x013a
8000388a:	0000                	.insn	2, 0x
8000388c:	00000293          	li	t0,0
80003890:	0306                	.insn	2, 0x0306
80003892:	0000                	.insn	2, 0x
80003894:	0000013f 000002a6 	.insn	8, 0x02a60000013f
8000389c:	0000036b          	.insn	4, 0x036b
800038a0:	0178                	.insn	2, 0x0178
800038a2:	0000                	.insn	2, 0x
800038a4:	01da                	.insn	2, 0x01da
800038a6:	0000                	.insn	2, 0x
800038a8:	03aa                	.insn	2, 0x03aa
800038aa:	0000                	.insn	2, 0x
800038ac:	0000021b          	.insn	4, 0x021b
800038b0:	0239                	.insn	2, 0x0239
800038b2:	0000                	.insn	2, 0x
800038b4:	000000cb          	.insn	4, 0x00cb
800038b8:	0118                	.insn	2, 0x0118
800038ba:	0000                	.insn	2, 0x
800038bc:	000002f7          	.insn	4, 0x02f7
800038c0:	025e                	.insn	2, 0x025e
800038c2:	0000                	.insn	2, 0x
800038c4:	01ff 0000 0291 0000 	.insn	10, 0x00c300000291000001ff
800038cc:	00c3 
800038ce:	0000                	.insn	2, 0x
800038d0:	0051                	.insn	2, 0x0051
800038d2:	0000                	.insn	2, 0x
800038d4:	0000010b          	.insn	4, 0x010b
800038d8:	00e5                	.insn	2, 0x00e5
800038da:	0000                	.insn	2, 0x
800038dc:	0151                	.insn	2, 0x0151
800038de:	0000                	.insn	2, 0x
800038e0:	03b0                	.insn	2, 0x03b0
800038e2:	0000                	.insn	2, 0x
800038e4:	0386                	.insn	2, 0x0386
800038e6:	0000                	.insn	2, 0x
800038e8:	00f1                	.insn	2, 0x00f1
800038ea:	0000                	.insn	2, 0x
800038ec:	0391                	.insn	2, 0x0391
800038ee:	0000                	.insn	2, 0x
800038f0:	033a                	.insn	2, 0x033a
800038f2:	0000                	.insn	2, 0x
800038f4:	03a5                	.insn	2, 0x03a5
800038f6:	0000                	.insn	2, 0x
800038f8:	03d9                	.insn	2, 0x03d9
800038fa:	0000                	.insn	2, 0x
800038fc:	000000c3          	.insn	4, 0x00c3
80003900:	03c0                	.insn	2, 0x03c0
80003902:	0000                	.insn	2, 0x
80003904:	0236                	.insn	2, 0x0236
80003906:	0000                	.insn	2, 0x
80003908:	015e                	.insn	2, 0x015e
8000390a:	0000                	.insn	2, 0x
8000390c:	0289                	.insn	2, 0x0289
8000390e:	0000                	.insn	2, 0x
80003910:	0291                	.insn	2, 0x0291
80003912:	0000                	.insn	2, 0x
80003914:	00b5                	.insn	2, 0x00b5
80003916:	0000                	.insn	2, 0x
80003918:	0000006f          	j	80003918 <input1_data+0xe4>
8000391c:	0000035b          	.insn	4, 0x035b
80003920:	0041                	.insn	2, 0x0041
80003922:	0000                	.insn	2, 0x
80003924:	0120                	.insn	2, 0x0120
80003926:	0000                	.insn	2, 0x
80003928:	015d                	.insn	2, 0x015d
8000392a:	0000                	.insn	2, 0x
8000392c:	008d                	.insn	2, 0x008d
8000392e:	0000                	.insn	2, 0x
80003930:	0389                	.insn	2, 0x0389
80003932:	0000                	.insn	2, 0x
80003934:	0376                	.insn	2, 0x0376
80003936:	0000                	.insn	2, 0x
80003938:	0108                	.insn	2, 0x0108
8000393a:	0000                	.insn	2, 0x
8000393c:	0240                	.insn	2, 0x0240
8000393e:	0000                	.insn	2, 0x
80003940:	000003d3          	.insn	4, 0x03d3
80003944:	02f9                	.insn	2, 0x02f9
80003946:	0000                	.insn	2, 0x
80003948:	00f1                	.insn	2, 0x00f1
8000394a:	0000                	.insn	2, 0x
8000394c:	01de                	.insn	2, 0x01de
8000394e:	0000                	.insn	2, 0x
80003950:	000001f3          	.insn	4, 0x01f3
80003954:	00000193          	li	gp,0
80003958:	00de                	.insn	2, 0x00de
8000395a:	0000                	.insn	2, 0x
8000395c:	01bc                	.insn	2, 0x01bc
8000395e:	0000                	.insn	2, 0x
80003960:	02d1                	.insn	2, 0x02d1
80003962:	0000                	.insn	2, 0x
80003964:	02a4                	.insn	2, 0x02a4
80003966:	0000                	.insn	2, 0x
80003968:	013d                	.insn	2, 0x013d
8000396a:	0000                	.insn	2, 0x
8000396c:	00e0                	.insn	2, 0x00e0
8000396e:	0000                	.insn	2, 0x
80003970:	03a9                	.insn	2, 0x03a9
80003972:	0000                	.insn	2, 0x
80003974:	0120                	.insn	2, 0x0120
80003976:	0000                	.insn	2, 0x
80003978:	00000077          	.insn	4, 0x0077
8000397c:	00000267          	jalr	tp,zero # 0 <buf.2>
80003980:	025e                	.insn	2, 0x025e
80003982:	0000                	.insn	2, 0x
80003984:	0185                	.insn	2, 0x0185
80003986:	0000                	.insn	2, 0x
80003988:	015f 0000 01c7      	.insn	6, 0x01c70000015f
8000398e:	0000                	.insn	2, 0x
80003990:	0116                	.insn	2, 0x0116
80003992:	0000                	.insn	2, 0x
80003994:	0000016f          	jal	sp,80003994 <input1_data+0x160>
80003998:	0166                	.insn	2, 0x0166
8000399a:	0000                	.insn	2, 0x
8000399c:	0248                	.insn	2, 0x0248
8000399e:	0000                	.insn	2, 0x
800039a0:	003e                	.insn	2, 0x003e
800039a2:	0000                	.insn	2, 0x
800039a4:	03d9                	.insn	2, 0x03d9
800039a6:	0000                	.insn	2, 0x
800039a8:	00000193          	li	gp,0
800039ac:	015a                	.insn	2, 0x015a
800039ae:	0000                	.insn	2, 0x
800039b0:	0205                	.insn	2, 0x0205
800039b2:	0000                	.insn	2, 0x
800039b4:	0000022f          	.insn	4, 0x022f
800039b8:	038c                	.insn	2, 0x038c
800039ba:	0000                	.insn	2, 0x
800039bc:	00000307          	.insn	4, 0x0307
800039c0:	00ff 0000 030a 0000 	.insn	10, 0x02560000030a000000ff
800039c8:	0256 
800039ca:	0000                	.insn	2, 0x
800039cc:	0000008f          	.insn	4, 0x008f
800039d0:	0021                	.insn	2, 0x0021
800039d2:	0000                	.insn	2, 0x
800039d4:	007d                	.insn	2, 0x007d
800039d6:	0000                	.insn	2, 0x
800039d8:	03ad                	.insn	2, 0x03ad
800039da:	0000                	.insn	2, 0x
800039dc:	03a5                	.insn	2, 0x03a5
800039de:	0000                	.insn	2, 0x
800039e0:	031f 0000 0229      	.insn	6, 0x02290000031f
800039e6:	0000                	.insn	2, 0x
800039e8:	000001af          	.insn	4, 0x01af
800039ec:	0288                	.insn	2, 0x0288
800039ee:	0000                	.insn	2, 0x
800039f0:	03b8                	.insn	2, 0x03b8
800039f2:	0000                	.insn	2, 0x
800039f4:	011f 0000 0013      	.insn	6, 0x00130000011f
800039fa:	0000                	.insn	2, 0x
800039fc:	0031                	.insn	2, 0x0031
800039fe:	0000                	.insn	2, 0x
80003a00:	0056                	.insn	2, 0x0056
80003a02:	0000                	.insn	2, 0x
80003a04:	005f 0000 01b9      	.insn	6, 0x01b90000005f
80003a0a:	0000                	.insn	2, 0x
80003a0c:	0000024b          	.insn	4, 0x024b
80003a10:	0266                	.insn	2, 0x0266
80003a12:	0000                	.insn	2, 0x
80003a14:	017e                	.insn	2, 0x017e
80003a16:	0000                	.insn	2, 0x
80003a18:	0118                	.insn	2, 0x0118
80003a1a:	0000                	.insn	2, 0x
80003a1c:	0328                	.insn	2, 0x0328
80003a1e:	0000                	.insn	2, 0x
80003a20:	000003cb          	.insn	4, 0x03cb
80003a24:	00000333          	add	t1,zero,zero
80003a28:	0158                	.insn	2, 0x0158
80003a2a:	0000                	.insn	2, 0x
80003a2c:	01c2                	.insn	2, 0x01c2
80003a2e:	0000                	.insn	2, 0x
80003a30:	0200                	.insn	2, 0x0200
80003a32:	0000                	.insn	2, 0x
80003a34:	03c5                	.insn	2, 0x03c5
80003a36:	0000                	.insn	2, 0x
80003a38:	0000015b          	.insn	4, 0x015b
80003a3c:	0328                	.insn	2, 0x0328
80003a3e:	0000                	.insn	2, 0x
80003a40:	0372                	.insn	2, 0x0372
80003a42:	0000                	.insn	2, 0x
80003a44:	0219                	.insn	2, 0x0219
80003a46:	0000                	.insn	2, 0x
80003a48:	03b2                	.insn	2, 0x03b2
80003a4a:	0000                	.insn	2, 0x
80003a4c:	02bd                	.insn	2, 0x02bd
80003a4e:	0000                	.insn	2, 0x
80003a50:	0164                	.insn	2, 0x0164
80003a52:	0000                	.insn	2, 0x
80003a54:	00000237          	lui	tp,0x0
80003a58:	0000037b          	.insn	4, 0x037b
80003a5c:	0016                	.insn	2, 0x0016
80003a5e:	0000                	.insn	2, 0x
80003a60:	0238                	.insn	2, 0x0238
80003a62:	0000                	.insn	2, 0x
80003a64:	0299                	.insn	2, 0x0299
80003a66:	0000                	.insn	2, 0x
80003a68:	000001a7          	.insn	4, 0x01a7
80003a6c:	01b2                	.insn	2, 0x01b2
80003a6e:	0000                	.insn	2, 0x
80003a70:	009e                	.insn	2, 0x009e
80003a72:	0000                	.insn	2, 0x
80003a74:	0002                	.insn	2, 0x0002
80003a76:	0000                	.insn	2, 0x
80003a78:	0054                	.insn	2, 0x0054
80003a7a:	0000                	.insn	2, 0x
80003a7c:	000000f7          	.insn	4, 0x00f7
80003a80:	0031                	.insn	2, 0x0031
80003a82:	0000                	.insn	2, 0x
80003a84:	000001b3          	add	gp,zero,zero
80003a88:	0318                	.insn	2, 0x0318
80003a8a:	0000                	.insn	2, 0x
80003a8c:	0365                	.insn	2, 0x0365
80003a8e:	0000                	.insn	2, 0x
80003a90:	01e6                	.insn	2, 0x01e6
80003a92:	0000                	.insn	2, 0x
80003a94:	019e                	.insn	2, 0x019e
80003a96:	0000                	.insn	2, 0x
80003a98:	0171                	.insn	2, 0x0171
80003a9a:	0000                	.insn	2, 0x
80003a9c:	0224                	.insn	2, 0x0224
80003a9e:	0000                	.insn	2, 0x
80003aa0:	0206                	.insn	2, 0x0206
80003aa2:	0000                	.insn	2, 0x
80003aa4:	0378                	.insn	2, 0x0378
80003aa6:	0000                	.insn	2, 0x
80003aa8:	02aa                	.insn	2, 0x02aa
80003aaa:	0000                	.insn	2, 0x
80003aac:	011c                	.insn	2, 0x011c
80003aae:	0000                	.insn	2, 0x
80003ab0:	0108                	.insn	2, 0x0108
80003ab2:	0000                	.insn	2, 0x
80003ab4:	000001f3          	.insn	4, 0x01f3
80003ab8:	0122                	.insn	2, 0x0122
80003aba:	0000                	.insn	2, 0x
80003abc:	0381                	.insn	2, 0x0381
80003abe:	0000                	.insn	2, 0x
80003ac0:	000000d7          	.insn	4, 0x00d7
80003ac4:	000002db          	.insn	4, 0x02db
80003ac8:	02b0                	.insn	2, 0x02b0
80003aca:	0000                	.insn	2, 0x
80003acc:	000000fb          	.insn	4, 0x00fb
80003ad0:	0312                	.insn	2, 0x0312
80003ad2:	0000                	.insn	2, 0x
80003ad4:	0000022b          	.insn	4, 0x022b
80003ad8:	012e                	.insn	2, 0x012e
80003ada:	0000                	.insn	2, 0x
80003adc:	0210                	.insn	2, 0x0210
80003ade:	0000                	.insn	2, 0x
80003ae0:	0220                	.insn	2, 0x0220
80003ae2:	0000                	.insn	2, 0x
80003ae4:	0142                	.insn	2, 0x0142
80003ae6:	0000                	.insn	2, 0x
80003ae8:	000003b3          	add	t2,zero,zero
80003aec:	011f 0000 0338      	.insn	6, 0x03380000011f
80003af2:	0000                	.insn	2, 0x
80003af4:	0130                	.insn	2, 0x0130
80003af6:	0000                	.insn	2, 0x
80003af8:	0314                	.insn	2, 0x0314
80003afa:	0000                	.insn	2, 0x
80003afc:	02dd                	.insn	2, 0x02dd
80003afe:	0000                	.insn	2, 0x
80003b00:	000003bf 0000016e 	.insn	8, 0x016e000003bf
80003b08:	02d2                	.insn	2, 0x02d2
80003b0a:	0000                	.insn	2, 0x
80003b0c:	0126                	.insn	2, 0x0126
80003b0e:	0000                	.insn	2, 0x
80003b10:	000003cf          	.insn	4, 0x03cf
80003b14:	028d                	.insn	2, 0x028d
80003b16:	0000                	.insn	2, 0x
80003b18:	02ec                	.insn	2, 0x02ec
80003b1a:	0000                	.insn	2, 0x
80003b1c:	0000005b          	.insn	4, 0x005b
80003b20:	017a                	.insn	2, 0x017a
80003b22:	0000                	.insn	2, 0x
80003b24:	0069                	.insn	2, 0x0069
80003b26:	0000                	.insn	2, 0x
80003b28:	0066                	.insn	2, 0x0066
80003b2a:	0000                	.insn	2, 0x
80003b2c:	017d                	.insn	2, 0x017d
80003b2e:	0000                	.insn	2, 0x
80003b30:	0000028b          	.insn	4, 0x028b
80003b34:	0339                	.insn	2, 0x0339
80003b36:	0000                	.insn	2, 0x
80003b38:	0348                	.insn	2, 0x0348
80003b3a:	0000                	.insn	2, 0x
80003b3c:	0164                	.insn	2, 0x0164
80003b3e:	0000                	.insn	2, 0x
80003b40:	0094                	.insn	2, 0x0094
80003b42:	0000                	.insn	2, 0x
80003b44:	0036                	.insn	2, 0x0036
80003b46:	0000                	.insn	2, 0x
80003b48:	008c                	.insn	2, 0x008c
80003b4a:	0000                	.insn	2, 0x
80003b4c:	000003bb          	.insn	4, 0x03bb
80003b50:	00000157          	.insn	4, 0x0157
80003b54:	0215                	.insn	2, 0x0215
80003b56:	0000                	.insn	2, 0x
80003b58:	02f5                	.insn	2, 0x02f5
80003b5a:	0000                	.insn	2, 0x
80003b5c:	0209                	.insn	2, 0x0209
80003b5e:	0000                	.insn	2, 0x
80003b60:	0345                	.insn	2, 0x0345
80003b62:	0000                	.insn	2, 0x
80003b64:	0250                	.insn	2, 0x0250
80003b66:	0000                	.insn	2, 0x
80003b68:	000d                	.insn	2, 0x000d
80003b6a:	0000                	.insn	2, 0x
80003b6c:	00ad                	.insn	2, 0x00ad
80003b6e:	0000                	.insn	2, 0x
80003b70:	0000003f 00000079 	.insn	8, 0x00790000003f
80003b78:	0085                	.insn	2, 0x0085
80003b7a:	0000                	.insn	2, 0x
80003b7c:	02f6                	.insn	2, 0x02f6
80003b7e:	0000                	.insn	2, 0x
80003b80:	0174                	.insn	2, 0x0174
80003b82:	0000                	.insn	2, 0x
80003b84:	000003b7          	lui	t2,0x0
80003b88:	00000027          	.insn	4, 0x0027
80003b8c:	0081                	.insn	2, 0x0081
80003b8e:	0000                	.insn	2, 0x
80003b90:	006e                	.insn	2, 0x006e
80003b92:	0000                	.insn	2, 0x
80003b94:	0000034f          	.insn	4, 0x034f
80003b98:	01b5                	.insn	2, 0x01b5
80003b9a:	0000                	.insn	2, 0x
80003b9c:	00ff 0000 010d 0000 	.insn	10, 0x01990000010d000000ff
80003ba4:	0199 
80003ba6:	0000                	.insn	2, 0x
80003ba8:	0274                	.insn	2, 0x0274
80003baa:	0000                	.insn	2, 0x
80003bac:	0000018f          	.insn	4, 0x018f
80003bb0:	0225                	.insn	2, 0x0225
80003bb2:	0000                	.insn	2, 0x
80003bb4:	02f1                	.insn	2, 0x02f1
80003bb6:	0000                	.insn	2, 0x
80003bb8:	0234                	.insn	2, 0x0234
80003bba:	0000                	.insn	2, 0x
80003bbc:	000000ab          	.insn	4, 0x00ab
80003bc0:	00000013          	nop
80003bc4:	000002d7          	.insn	4, 0x02d7
80003bc8:	01f5                	.insn	2, 0x01f5
80003bca:	0000                	.insn	2, 0x
80003bcc:	0309                	.insn	2, 0x0309
80003bce:	0000                	.insn	2, 0x
80003bd0:	0000002b          	.insn	4, 0x002b
80003bd4:	02f1                	.insn	2, 0x02f1
80003bd6:	0000                	.insn	2, 0x
80003bd8:	0051                	.insn	2, 0x0051
80003bda:	0000                	.insn	2, 0x
80003bdc:	00ca                	.insn	2, 0x00ca
80003bde:	0000                	.insn	2, 0x
80003be0:	0355                	.insn	2, 0x0355
80003be2:	0000                	.insn	2, 0x
80003be4:	0099                	.insn	2, 0x0099
80003be6:	0000                	.insn	2, 0x
80003be8:	02f8                	.insn	2, 0x02f8
80003bea:	0000                	.insn	2, 0x
80003bec:	0165                	.insn	2, 0x0165
80003bee:	0000                	.insn	2, 0x
80003bf0:	000003af          	.insn	4, 0x03af
80003bf4:	039a                	.insn	2, 0x039a
80003bf6:	0000                	.insn	2, 0x
80003bf8:	0148                	.insn	2, 0x0148
80003bfa:	0000                	.insn	2, 0x
80003bfc:	01f0                	.insn	2, 0x01f0
80003bfe:	0000                	.insn	2, 0x
80003c00:	01ba                	.insn	2, 0x01ba
80003c02:	0000                	.insn	2, 0x
80003c04:	0204                	.insn	2, 0x0204
80003c06:	0000                	.insn	2, 0x
80003c08:	0281                	.insn	2, 0x0281
80003c0a:	0000                	.insn	2, 0x
80003c0c:	0114                	.insn	2, 0x0114
80003c0e:	0000                	.insn	2, 0x
80003c10:	0312                	.insn	2, 0x0312
80003c12:	0000                	.insn	2, 0x
80003c14:	0071                	.insn	2, 0x0071
80003c16:	0000                	.insn	2, 0x
80003c18:	034a                	.insn	2, 0x034a
80003c1a:	0000                	.insn	2, 0x
80003c1c:	0000038b          	.insn	4, 0x038b
80003c20:	00000113          	li	sp,0
80003c24:	00ed                	.insn	2, 0x00ed
80003c26:	0000                	.insn	2, 0x
80003c28:	0020                	.insn	2, 0x0020
80003c2a:	0000                	.insn	2, 0x
80003c2c:	0310                	.insn	2, 0x0310
80003c2e:	0000                	.insn	2, 0x
80003c30:	0235                	.insn	2, 0x0235
80003c32:	0000                	.insn	2, 0x
80003c34:	0165                	.insn	2, 0x0165
80003c36:	0000                	.insn	2, 0x
80003c38:	00000323          	sb	zero,6(zero) # 6 <buf.2+0x6>
80003c3c:	00000333          	add	t1,zero,zero
80003c40:	000002ef          	jal	t0,80003c40 <input1_data+0x40c>
80003c44:	0118                	.insn	2, 0x0118
80003c46:	0000                	.insn	2, 0x
80003c48:	0055                	.insn	2, 0x0055
80003c4a:	0000                	.insn	2, 0x
80003c4c:	01ca                	.insn	2, 0x01ca
80003c4e:	0000                	.insn	2, 0x
80003c50:	01c6                	.insn	2, 0x01c6
80003c52:	0000                	.insn	2, 0x
80003c54:	02c6                	.insn	2, 0x02c6
80003c56:	0000                	.insn	2, 0x
80003c58:	000001cb          	.insn	4, 0x01cb
80003c5c:	0029                	.insn	2, 0x0029
80003c5e:	0000                	.insn	2, 0x
80003c60:	00fd                	.insn	2, 0x00fd
80003c62:	0000                	.insn	2, 0x
80003c64:	0179                	.insn	2, 0x0179
80003c66:	0000                	.insn	2, 0x
80003c68:	01fc                	.insn	2, 0x01fc
80003c6a:	0000                	.insn	2, 0x
80003c6c:	02bc                	.insn	2, 0x02bc
80003c6e:	0000                	.insn	2, 0x
80003c70:	035c                	.insn	2, 0x035c
80003c72:	0000                	.insn	2, 0x
80003c74:	01e0                	.insn	2, 0x01e0
80003c76:	0000                	.insn	2, 0x
80003c78:	02e5                	.insn	2, 0x02e5
80003c7a:	0000                	.insn	2, 0x
80003c7c:	000001f3          	.insn	4, 0x01f3
80003c80:	02c5                	.insn	2, 0x02c5
80003c82:	0000                	.insn	2, 0x
80003c84:	0031                	.insn	2, 0x0031
80003c86:	0000                	.insn	2, 0x
80003c88:	00000173          	.insn	4, 0x0173
80003c8c:	0369                	.insn	2, 0x0369
80003c8e:	0000                	.insn	2, 0x
80003c90:	03b1                	.insn	2, 0x03b1
80003c92:	0000                	.insn	2, 0x
80003c94:	03e0                	.insn	2, 0x03e0
80003c96:	0000                	.insn	2, 0x
80003c98:	020e                	.insn	2, 0x020e
80003c9a:	0000                	.insn	2, 0x
80003c9c:	02d1                	.insn	2, 0x02d1
80003c9e:	0000                	.insn	2, 0x
80003ca0:	000001b3          	add	gp,zero,zero
80003ca4:	00e8                	.insn	2, 0x00e8
80003ca6:	0000                	.insn	2, 0x
80003ca8:	01f1                	.insn	2, 0x01f1
80003caa:	0000                	.insn	2, 0x
80003cac:	02b9                	.insn	2, 0x02b9
80003cae:	0000                	.insn	2, 0x
80003cb0:	001e                	.insn	2, 0x001e
80003cb2:	0000                	.insn	2, 0x
80003cb4:	015c                	.insn	2, 0x015c
80003cb6:	0000                	.insn	2, 0x
80003cb8:	00fa                	.insn	2, 0x00fa
80003cba:	0000                	.insn	2, 0x
80003cbc:	015e                	.insn	2, 0x015e
80003cbe:	0000                	.insn	2, 0x
80003cc0:	00fa                	.insn	2, 0x00fa
80003cc2:	0000                	.insn	2, 0x
80003cc4:	023d                	.insn	2, 0x023d
80003cc6:	0000                	.insn	2, 0x
80003cc8:	0310                	.insn	2, 0x0310
80003cca:	0000                	.insn	2, 0x
80003ccc:	02ed                	.insn	2, 0x02ed
80003cce:	0000                	.insn	2, 0x
80003cd0:	01f6                	.insn	2, 0x01f6
80003cd2:	0000                	.insn	2, 0x
80003cd4:	00000337          	lui	t1,0x0
80003cd8:	033a                	.insn	2, 0x033a
80003cda:	0000                	.insn	2, 0x
80003cdc:	00aa                	.insn	2, 0x00aa
80003cde:	0000                	.insn	2, 0x
80003ce0:	00a0                	.insn	2, 0x00a0
80003ce2:	0000                	.insn	2, 0x

80003ce4 <input2_data>:
80003ce4:	01c6                	.insn	2, 0x01c6
80003ce6:	0000                	.insn	2, 0x
80003ce8:	0000014f          	.insn	4, 0x014f
80003cec:	0001                	.insn	2, 0x0001
80003cee:	0000                	.insn	2, 0x
80003cf0:	03dd                	.insn	2, 0x03dd
80003cf2:	0000                	.insn	2, 0x
80003cf4:	016d                	.insn	2, 0x016d
80003cf6:	0000                	.insn	2, 0x
80003cf8:	023c                	.insn	2, 0x023c
80003cfa:	0000                	.insn	2, 0x
80003cfc:	0040                	.insn	2, 0x0040
80003cfe:	0000                	.insn	2, 0x
80003d00:	0099                	.insn	2, 0x0099
80003d02:	0000                	.insn	2, 0x
80003d04:	00d8                	.insn	2, 0x00d8
80003d06:	0000                	.insn	2, 0x
80003d08:	008c                	.insn	2, 0x008c
80003d0a:	0000                	.insn	2, 0x
80003d0c:	00d2                	.insn	2, 0x00d2
80003d0e:	0000                	.insn	2, 0x
80003d10:	023c                	.insn	2, 0x023c
80003d12:	0000                	.insn	2, 0x
80003d14:	00000153          	.insn	4, 0x0153
80003d18:	0251                	.insn	2, 0x0251
80003d1a:	0000                	.insn	2, 0x
80003d1c:	0382                	.insn	2, 0x0382
80003d1e:	0000                	.insn	2, 0x
80003d20:	00e4                	.insn	2, 0x00e4
80003d22:	0000                	.insn	2, 0x
80003d24:	000c                	.insn	2, 0x000c
80003d26:	0000                	.insn	2, 0x
80003d28:	00000373          	.insn	4, 0x0373
80003d2c:	02ee                	.insn	2, 0x02ee
80003d2e:	0000                	.insn	2, 0x
80003d30:	0286                	.insn	2, 0x0286
80003d32:	0000                	.insn	2, 0x
80003d34:	01f4                	.insn	2, 0x01f4
80003d36:	0000                	.insn	2, 0x
80003d38:	01b4                	.insn	2, 0x01b4
80003d3a:	0000                	.insn	2, 0x
80003d3c:	02bd                	.insn	2, 0x02bd
80003d3e:	0000                	.insn	2, 0x
80003d40:	032c                	.insn	2, 0x032c
80003d42:	0000                	.insn	2, 0x
80003d44:	03d5                	.insn	2, 0x03d5
80003d46:	0000                	.insn	2, 0x
80003d48:	0096                	.insn	2, 0x0096
80003d4a:	0000                	.insn	2, 0x
80003d4c:	02b8                	.insn	2, 0x02b8
80003d4e:	0000                	.insn	2, 0x
80003d50:	0234                	.insn	2, 0x0234
80003d52:	0000                	.insn	2, 0x
80003d54:	0110                	.insn	2, 0x0110
80003d56:	0000                	.insn	2, 0x
80003d58:	0102                	.insn	2, 0x0102
80003d5a:	0000                	.insn	2, 0x
80003d5c:	00000287          	.insn	4, 0x0287
80003d60:	01fd                	.insn	2, 0x01fd
80003d62:	0000                	.insn	2, 0x
80003d64:	0058                	.insn	2, 0x0058
80003d66:	0000                	.insn	2, 0x
80003d68:	000002bf 0000029d 	.insn	8, 0x029d000002bf
80003d70:	00000177          	.insn	4, 0x0177
80003d74:	00000227          	.insn	4, 0x0227
80003d78:	03a8                	.insn	2, 0x03a8
80003d7a:	0000                	.insn	2, 0x
80003d7c:	0250                	.insn	2, 0x0250
80003d7e:	0000                	.insn	2, 0x
80003d80:	0239                	.insn	2, 0x0239
80003d82:	0000                	.insn	2, 0x
80003d84:	03b8                	.insn	2, 0x03b8
80003d86:	0000                	.insn	2, 0x
80003d88:	0320                	.insn	2, 0x0320
80003d8a:	0000                	.insn	2, 0x
80003d8c:	0248                	.insn	2, 0x0248
80003d8e:	0000                	.insn	2, 0x
80003d90:	00000283          	lb	t0,0(zero) # 0 <buf.2>
80003d94:	0170                	.insn	2, 0x0170
80003d96:	0000                	.insn	2, 0x
80003d98:	01e9                	.insn	2, 0x01e9
80003d9a:	0000                	.insn	2, 0x
80003d9c:	0148                	.insn	2, 0x0148
80003d9e:	0000                	.insn	2, 0x
80003da0:	0139                	.insn	2, 0x0139
80003da2:	0000                	.insn	2, 0x
80003da4:	0250                	.insn	2, 0x0250
80003da6:	0000                	.insn	2, 0x
80003da8:	0184                	.insn	2, 0x0184
80003daa:	0000                	.insn	2, 0x
80003dac:	021f 0000 0289      	.insn	6, 0x02890000021f
80003db2:	0000                	.insn	2, 0x
80003db4:	000003d3          	.insn	4, 0x03d3
80003db8:	03e5                	.insn	2, 0x03e5
80003dba:	0000                	.insn	2, 0x
80003dbc:	032e                	.insn	2, 0x032e
80003dbe:	0000                	.insn	2, 0x
80003dc0:	0000004f          	.insn	4, 0x004f
80003dc4:	00d0                	.insn	2, 0x00d0
80003dc6:	0000                	.insn	2, 0x
80003dc8:	03e6                	.insn	2, 0x03e6
80003dca:	0000                	.insn	2, 0x
80003dcc:	0275                	.insn	2, 0x0275
80003dce:	0000                	.insn	2, 0x
80003dd0:	0000034f          	.insn	4, 0x034f
80003dd4:	02c0                	.insn	2, 0x02c0
80003dd6:	0000                	.insn	2, 0x
80003dd8:	03e5                	.insn	2, 0x03e5
80003dda:	0000                	.insn	2, 0x
80003ddc:	00fd                	.insn	2, 0x00fd
80003dde:	0000                	.insn	2, 0x
80003de0:	000002cb          	.insn	4, 0x02cb
80003de4:	01ae                	.insn	2, 0x01ae
80003de6:	0000                	.insn	2, 0x
80003de8:	019f 0000 021a      	.insn	6, 0x021a0000019f
80003dee:	0000                	.insn	2, 0x
80003df0:	02bc                	.insn	2, 0x02bc
80003df2:	0000                	.insn	2, 0x
80003df4:	0004                	.insn	2, 0x0004
80003df6:	0000                	.insn	2, 0x
80003df8:	01ee                	.insn	2, 0x01ee
80003dfa:	0000                	.insn	2, 0x
80003dfc:	0064                	.insn	2, 0x0064
80003dfe:	0000                	.insn	2, 0x
80003e00:	0360                	.insn	2, 0x0360
80003e02:	0000                	.insn	2, 0x
80003e04:	02b5                	.insn	2, 0x02b5
80003e06:	0000                	.insn	2, 0x
80003e08:	01a0                	.insn	2, 0x01a0
80003e0a:	0000                	.insn	2, 0x
80003e0c:	0128                	.insn	2, 0x0128
80003e0e:	0000                	.insn	2, 0x
80003e10:	011d                	.insn	2, 0x011d
80003e12:	0000                	.insn	2, 0x
80003e14:	026c                	.insn	2, 0x026c
80003e16:	0000                	.insn	2, 0x
80003e18:	004e                	.insn	2, 0x004e
80003e1a:	0000                	.insn	2, 0x
80003e1c:	015f 0000 021c      	.insn	6, 0x021c0000015f
80003e22:	0000                	.insn	2, 0x
80003e24:	0286                	.insn	2, 0x0286
80003e26:	0000                	.insn	2, 0x
80003e28:	00a9                	.insn	2, 0x00a9
80003e2a:	0000                	.insn	2, 0x
80003e2c:	0000020f          	.insn	4, 0x020f
80003e30:	0121                	.insn	2, 0x0121
80003e32:	0000                	.insn	2, 0x
80003e34:	031c                	.insn	2, 0x031c
80003e36:	0000                	.insn	2, 0x
80003e38:	0321                	.insn	2, 0x0321
80003e3a:	0000                	.insn	2, 0x
80003e3c:	02d0                	.insn	2, 0x02d0
80003e3e:	0000                	.insn	2, 0x
80003e40:	02f6                	.insn	2, 0x02f6
80003e42:	0000                	.insn	2, 0x
80003e44:	02e9                	.insn	2, 0x02e9
80003e46:	0000                	.insn	2, 0x
80003e48:	005c                	.insn	2, 0x005c
80003e4a:	0000                	.insn	2, 0x
80003e4c:	03dd                	.insn	2, 0x03dd
80003e4e:	0000                	.insn	2, 0x
80003e50:	0000010f          	.insn	4, 0x010f
80003e54:	0355                	.insn	2, 0x0355
80003e56:	0000                	.insn	2, 0x
80003e58:	0314                	.insn	2, 0x0314
80003e5a:	0000                	.insn	2, 0x
80003e5c:	00000213          	li	tp,0
80003e60:	00de                	.insn	2, 0x00de
80003e62:	0000                	.insn	2, 0x
80003e64:	01cd                	.insn	2, 0x01cd
80003e66:	0000                	.insn	2, 0x
80003e68:	00f1                	.insn	2, 0x00f1
80003e6a:	0000                	.insn	2, 0x
80003e6c:	0166                	.insn	2, 0x0166
80003e6e:	0000                	.insn	2, 0x
80003e70:	014c                	.insn	2, 0x014c
80003e72:	0000                	.insn	2, 0x
80003e74:	02ac                	.insn	2, 0x02ac
80003e76:	0000                	.insn	2, 0x
80003e78:	02e4                	.insn	2, 0x02e4
80003e7a:	0000                	.insn	2, 0x
80003e7c:	01be                	.insn	2, 0x01be
80003e7e:	0000                	.insn	2, 0x
80003e80:	00000137          	lui	sp,0x0
80003e84:	000002e7          	jalr	t0,zero # 0 <buf.2>
80003e88:	022d                	.insn	2, 0x022d
80003e8a:	0000                	.insn	2, 0x
80003e8c:	01df 0000 022d      	.insn	6, 0x022d000001df
80003e92:	0000                	.insn	2, 0x
80003e94:	039d                	.insn	2, 0x039d
80003e96:	0000                	.insn	2, 0x
80003e98:	031c                	.insn	2, 0x031c
80003e9a:	0000                	.insn	2, 0x
80003e9c:	0165                	.insn	2, 0x0165
80003e9e:	0000                	.insn	2, 0x
80003ea0:	0000037b          	.insn	4, 0x037b
80003ea4:	029a                	.insn	2, 0x029a
80003ea6:	0000                	.insn	2, 0x
80003ea8:	0202                	.insn	2, 0x0202
80003eaa:	0000                	.insn	2, 0x
80003eac:	022d                	.insn	2, 0x022d
80003eae:	0000                	.insn	2, 0x
80003eb0:	0366                	.insn	2, 0x0366
80003eb2:	0000                	.insn	2, 0x
80003eb4:	0355                	.insn	2, 0x0355
80003eb6:	0000                	.insn	2, 0x
80003eb8:	01b8                	.insn	2, 0x01b8
80003eba:	0000                	.insn	2, 0x
80003ebc:	003d                	.insn	2, 0x003d
80003ebe:	0000                	.insn	2, 0x
80003ec0:	02a6                	.insn	2, 0x02a6
80003ec2:	0000                	.insn	2, 0x
80003ec4:	018c                	.insn	2, 0x018c
80003ec6:	0000                	.insn	2, 0x
80003ec8:	0009                	.insn	2, 0x0009
80003eca:	0000                	.insn	2, 0x
80003ecc:	0011                	.insn	2, 0x0011
80003ece:	0000                	.insn	2, 0x
80003ed0:	00aa                	.insn	2, 0x00aa
80003ed2:	0000                	.insn	2, 0x
80003ed4:	00000123          	sb	zero,2(zero) # 2 <buf.2+0x2>
80003ed8:	017c                	.insn	2, 0x017c
80003eda:	0000                	.insn	2, 0x
80003edc:	0218                	.insn	2, 0x0218
80003ede:	0000                	.insn	2, 0x
80003ee0:	00b9                	.insn	2, 0x00b9
80003ee2:	0000                	.insn	2, 0x
80003ee4:	0395                	.insn	2, 0x0395
80003ee6:	0000                	.insn	2, 0x
80003ee8:	0000021b          	.insn	4, 0x021b
80003eec:	000003d7          	.insn	4, 0x03d7
80003ef0:	00000377          	.insn	4, 0x0377
80003ef4:	0036                	.insn	2, 0x0036
80003ef6:	0000                	.insn	2, 0x
80003ef8:	0264                	.insn	2, 0x0264
80003efa:	0000                	.insn	2, 0x
80003efc:	000003b7          	lui	t2,0x0
80003f00:	01df 0000 0097      	.insn	6, 0x0097000001df
80003f06:	0000                	.insn	2, 0x
80003f08:	00000007          	.insn	4, 0x0007
80003f0c:	0281                	.insn	2, 0x0281
80003f0e:	0000                	.insn	2, 0x
80003f10:	0000014f          	.insn	4, 0x014f
80003f14:	02da                	.insn	2, 0x02da
80003f16:	0000                	.insn	2, 0x
80003f18:	005f 0000 02d8      	.insn	6, 0x02d80000005f
80003f1e:	0000                	.insn	2, 0x
80003f20:	0118                	.insn	2, 0x0118
80003f22:	0000                	.insn	2, 0x
80003f24:	0000018b          	.insn	4, 0x018b
80003f28:	02b0                	.insn	2, 0x02b0
80003f2a:	0000                	.insn	2, 0x
80003f2c:	0000038f          	.insn	4, 0x038f
80003f30:	01dc                	.insn	2, 0x01dc
80003f32:	0000                	.insn	2, 0x
80003f34:	0000032f          	.insn	4, 0x032f
80003f38:	02d9                	.insn	2, 0x02d9
80003f3a:	0000                	.insn	2, 0x
80003f3c:	0109                	.insn	2, 0x0109
80003f3e:	0000                	.insn	2, 0x
80003f40:	007f 0000 00ec 0000 	.insn	10, 0x00d6000000ec0000007f
80003f48:	00d6 
80003f4a:	0000                	.insn	2, 0x
80003f4c:	00b4                	.insn	2, 0x00b4
80003f4e:	0000                	.insn	2, 0x
80003f50:	0006                	.insn	2, 0x0006
80003f52:	0000                	.insn	2, 0x
80003f54:	000001f7          	.insn	4, 0x01f7
80003f58:	0254                	.insn	2, 0x0254
80003f5a:	0000                	.insn	2, 0x
80003f5c:	00ad                	.insn	2, 0x00ad
80003f5e:	0000                	.insn	2, 0x
80003f60:	00000283          	lb	t0,0(zero) # 0 <buf.2>
80003f64:	015a                	.insn	2, 0x015a
80003f66:	0000                	.insn	2, 0x
80003f68:	00000257          	.insn	4, 0x0257
80003f6c:	0044                	.insn	2, 0x0044
80003f6e:	0000                	.insn	2, 0x
80003f70:	0351                	.insn	2, 0x0351
80003f72:	0000                	.insn	2, 0x
80003f74:	0292                	.insn	2, 0x0292
80003f76:	0000                	.insn	2, 0x
80003f78:	0000026b          	.insn	4, 0x026b
80003f7c:	0079                	.insn	2, 0x0079
80003f7e:	0000                	.insn	2, 0x
80003f80:	00000083          	lb	ra,0(zero) # 0 <buf.2>
80003f84:	033c                	.insn	2, 0x033c
80003f86:	0000                	.insn	2, 0x
80003f88:	0000029b          	.insn	4, 0x029b
80003f8c:	01b1                	.insn	2, 0x01b1
80003f8e:	0000                	.insn	2, 0x
80003f90:	000001e7          	jalr	gp,zero # 0 <buf.2>
80003f94:	02f1                	.insn	2, 0x02f1
80003f96:	0000                	.insn	2, 0x
80003f98:	007d                	.insn	2, 0x007d
80003f9a:	0000                	.insn	2, 0x
80003f9c:	0272                	.insn	2, 0x0272
80003f9e:	0000                	.insn	2, 0x
80003fa0:	000e                	.insn	2, 0x000e
80003fa2:	0000                	.insn	2, 0x
80003fa4:	000a                	.insn	2, 0x000a
80003fa6:	0000                	.insn	2, 0x
80003fa8:	00000193          	li	gp,0
80003fac:	006a                	.insn	2, 0x006a
80003fae:	0000                	.insn	2, 0x
80003fb0:	000002bf 00000332 	.insn	8, 0x0332000002bf
80003fb8:	03c4                	.insn	2, 0x03c4
80003fba:	0000                	.insn	2, 0x
80003fbc:	0196                	.insn	2, 0x0196
80003fbe:	0000                	.insn	2, 0x
80003fc0:	036a                	.insn	2, 0x036a
80003fc2:	0000                	.insn	2, 0x
80003fc4:	0358                	.insn	2, 0x0358
80003fc6:	0000                	.insn	2, 0x
80003fc8:	0056                	.insn	2, 0x0056
80003fca:	0000                	.insn	2, 0x
80003fcc:	003c                	.insn	2, 0x003c
80003fce:	0000                	.insn	2, 0x
80003fd0:	0294                	.insn	2, 0x0294
80003fd2:	0000                	.insn	2, 0x
80003fd4:	0000029b          	.insn	4, 0x029b
80003fd8:	0099                	.insn	2, 0x0099
80003fda:	0000                	.insn	2, 0x
80003fdc:	0079                	.insn	2, 0x0079
80003fde:	0000                	.insn	2, 0x
80003fe0:	0062                	.insn	2, 0x0062
80003fe2:	0000                	.insn	2, 0x
80003fe4:	019c                	.insn	2, 0x019c
80003fe6:	0000                	.insn	2, 0x
80003fe8:	00ec                	.insn	2, 0x00ec
80003fea:	0000                	.insn	2, 0x
80003fec:	000c                	.insn	2, 0x000c
80003fee:	0000                	.insn	2, 0x
80003ff0:	000001a7          	.insn	4, 0x01a7
80003ff4:	03c5                	.insn	2, 0x03c5
80003ff6:	0000                	.insn	2, 0x
80003ff8:	00d8                	.insn	2, 0x00d8
80003ffa:	0000                	.insn	2, 0x
80003ffc:	026d                	.insn	2, 0x026d
80003ffe:	0000                	.insn	2, 0x
80004000:	0169                	.insn	2, 0x0169
80004002:	0000                	.insn	2, 0x
80004004:	0399                	.insn	2, 0x0399
80004006:	0000                	.insn	2, 0x
80004008:	000002cb          	.insn	4, 0x02cb
8000400c:	00000287          	.insn	4, 0x0287
80004010:	0000012b          	.insn	4, 0x012b
80004014:	0376                	.insn	2, 0x0376
80004016:	0000                	.insn	2, 0x
80004018:	02aa                	.insn	2, 0x02aa
8000401a:	0000                	.insn	2, 0x
8000401c:	0024                	.insn	2, 0x0024
8000401e:	0000                	.insn	2, 0x
80004020:	01ed                	.insn	2, 0x01ed
80004022:	0000                	.insn	2, 0x
80004024:	00000227          	.insn	4, 0x0227
80004028:	0219                	.insn	2, 0x0219
8000402a:	0000                	.insn	2, 0x
8000402c:	03c9                	.insn	2, 0x03c9
8000402e:	0000                	.insn	2, 0x
80004030:	00000283          	lb	t0,0(zero) # 0 <buf.2>
80004034:	01b2                	.insn	2, 0x01b2
80004036:	0000                	.insn	2, 0x
80004038:	019f 0000 012f      	.insn	6, 0x012f0000019f
8000403e:	0000                	.insn	2, 0x
80004040:	01b6                	.insn	2, 0x01b6
80004042:	0000                	.insn	2, 0x
80004044:	035c                	.insn	2, 0x035c
80004046:	0000                	.insn	2, 0x
80004048:	000000cb          	.insn	4, 0x00cb
8000404c:	01de                	.insn	2, 0x01de
8000404e:	0000                	.insn	2, 0x
80004050:	03dc                	.insn	2, 0x03dc
80004052:	0000                	.insn	2, 0x
80004054:	000002a3          	sb	zero,5(zero) # 5 <buf.2+0x5>
80004058:	000002cf          	.insn	4, 0x02cf
8000405c:	03de                	.insn	2, 0x03de
8000405e:	0000                	.insn	2, 0x
80004060:	0152                	.insn	2, 0x0152
80004062:	0000                	.insn	2, 0x
80004064:	01c2                	.insn	2, 0x01c2
80004066:	0000                	.insn	2, 0x
80004068:	0279                	.insn	2, 0x0279
8000406a:	0000                	.insn	2, 0x
8000406c:	0000009b          	.insn	4, 0x009b
80004070:	0286                	.insn	2, 0x0286
80004072:	0000                	.insn	2, 0x
80004074:	01c4                	.insn	2, 0x01c4
80004076:	0000                	.insn	2, 0x
80004078:	000001ab          	.insn	4, 0x01ab
8000407c:	01fd                	.insn	2, 0x01fd
8000407e:	0000                	.insn	2, 0x
80004080:	03dc                	.insn	2, 0x03dc
80004082:	0000                	.insn	2, 0x
80004084:	01aa                	.insn	2, 0x01aa
80004086:	0000                	.insn	2, 0x
80004088:	000c                	.insn	2, 0x000c
8000408a:	0000                	.insn	2, 0x
8000408c:	000001e3          	beqz	zero,8000488e <_tbss_end+0x1ca>
80004090:	008e                	.insn	2, 0x008e
80004092:	0000                	.insn	2, 0x
80004094:	00000153          	.insn	4, 0x0153
80004098:	0186                	.insn	2, 0x0186
8000409a:	0000                	.insn	2, 0x
8000409c:	0032                	.insn	2, 0x0032
8000409e:	0000                	.insn	2, 0x
800040a0:	000000ab          	.insn	4, 0x00ab
800040a4:	0259                	.insn	2, 0x0259
800040a6:	0000                	.insn	2, 0x
800040a8:	0069                	.insn	2, 0x0069
800040aa:	0000                	.insn	2, 0x
800040ac:	03c8                	.insn	2, 0x03c8
800040ae:	0000                	.insn	2, 0x
800040b0:	0079                	.insn	2, 0x0079
800040b2:	0000                	.insn	2, 0x
800040b4:	0000036f          	jal	t1,800040b4 <input2_data+0x3d0>
800040b8:	0051                	.insn	2, 0x0051
800040ba:	0000                	.insn	2, 0x
800040bc:	0366                	.insn	2, 0x0366
800040be:	0000                	.insn	2, 0x
800040c0:	0258                	.insn	2, 0x0258
800040c2:	0000                	.insn	2, 0x
800040c4:	0000025b          	.insn	4, 0x025b
800040c8:	00000367          	jalr	t1,zero # 0 <buf.2>
800040cc:	00000377          	.insn	4, 0x0377
800040d0:	0262                	.insn	2, 0x0262
800040d2:	0000                	.insn	2, 0x
800040d4:	0194                	.insn	2, 0x0194
800040d6:	0000                	.insn	2, 0x
800040d8:	00ea                	.insn	2, 0x00ea
800040da:	0000                	.insn	2, 0x
800040dc:	02e9                	.insn	2, 0x02e9
800040de:	0000                	.insn	2, 0x
800040e0:	020e                	.insn	2, 0x020e
800040e2:	0000                	.insn	2, 0x
800040e4:	00000113          	li	sp,0
800040e8:	01b9                	.insn	2, 0x01b9
800040ea:	0000                	.insn	2, 0x
800040ec:	00e2                	.insn	2, 0x00e2
800040ee:	0000                	.insn	2, 0x
800040f0:	02f0                	.insn	2, 0x02f0
800040f2:	0000                	.insn	2, 0x
800040f4:	000003af          	.insn	4, 0x03af
800040f8:	02d6                	.insn	2, 0x02d6
800040fa:	0000                	.insn	2, 0x
800040fc:	02c5                	.insn	2, 0x02c5
800040fe:	0000                	.insn	2, 0x
80004100:	00c9                	.insn	2, 0x00c9
80004102:	0000                	.insn	2, 0x
80004104:	0036                	.insn	2, 0x0036
80004106:	0000                	.insn	2, 0x
80004108:	02f6                	.insn	2, 0x02f6
8000410a:	0000                	.insn	2, 0x
8000410c:	0035                	.insn	2, 0x0035
8000410e:	0000                	.insn	2, 0x
80004110:	018d                	.insn	2, 0x018d
80004112:	0000                	.insn	2, 0x
80004114:	0029                	.insn	2, 0x0029
80004116:	0000                	.insn	2, 0x
80004118:	008d                	.insn	2, 0x008d
8000411a:	0000                	.insn	2, 0x
8000411c:	01a0                	.insn	2, 0x01a0
8000411e:	0000                	.insn	2, 0x
80004120:	000002eb          	.insn	4, 0x02eb
80004124:	000000db          	.insn	4, 0x00db
80004128:	01de                	.insn	2, 0x01de
8000412a:	0000                	.insn	2, 0x
8000412c:	0302                	.insn	2, 0x0302
8000412e:	0000                	.insn	2, 0x
80004130:	00b4                	.insn	2, 0x00b4
80004132:	0000                	.insn	2, 0x
80004134:	01e2                	.insn	2, 0x01e2
80004136:	0000                	.insn	2, 0x
80004138:	000002b3          	add	t0,zero,zero
8000413c:	02d5                	.insn	2, 0x02d5
8000413e:	0000                	.insn	2, 0x
80004140:	00ad                	.insn	2, 0x00ad
80004142:	0000                	.insn	2, 0x
80004144:	00ba                	.insn	2, 0x00ba
80004146:	0000                	.insn	2, 0x
80004148:	0392                	.insn	2, 0x0392
8000414a:	0000                	.insn	2, 0x
8000414c:	0001                	.insn	2, 0x0001
8000414e:	0000                	.insn	2, 0x
80004150:	000003c3          	.insn	4, 0x03c3
80004154:	000000f7          	.insn	4, 0x00f7
80004158:	01d0                	.insn	2, 0x01d0
8000415a:	0000                	.insn	2, 0x
8000415c:	016a                	.insn	2, 0x016a
8000415e:	0000                	.insn	2, 0x
80004160:	0209                	.insn	2, 0x0209
80004162:	0000                	.insn	2, 0x
80004164:	00e9                	.insn	2, 0x00e9
80004166:	0000                	.insn	2, 0x
80004168:	0078                	.insn	2, 0x0078
8000416a:	0000                	.insn	2, 0x
8000416c:	0028                	.insn	2, 0x0028
8000416e:	0000                	.insn	2, 0x
80004170:	0000030b          	.insn	4, 0x030b
80004174:	000000c3          	.insn	4, 0x00c3
80004178:	00a1                	.insn	2, 0x00a1
8000417a:	0000                	.insn	2, 0x
8000417c:	000002e7          	jalr	t0,zero # 0 <buf.2>
80004180:	000001b7          	lui	gp,0x0
80004184:	00000163          	beqz	zero,80004186 <input2_data+0x4a2>
80004188:	00000193          	li	gp,0
8000418c:	008d                	.insn	2, 0x008d
8000418e:	0000                	.insn	2, 0x
80004190:	0279                	.insn	2, 0x0279
80004192:	0000                	.insn	2, 0x

80004194 <verify_data>:
80004194:	000001ef          	jal	gp,80004194 <verify_data>
80004198:	0490                	.insn	2, 0x0490
8000419a:	0000                	.insn	2, 0x
8000419c:	0235                	.insn	2, 0x0235
8000419e:	0000                	.insn	2, 0x
800041a0:	0498                	.insn	2, 0x0498
800041a2:	0000                	.insn	2, 0x
800041a4:	045a                	.insn	2, 0x045a
800041a6:	0000                	.insn	2, 0x
800041a8:	039a                	.insn	2, 0x039a
800041aa:	0000                	.insn	2, 0x
800041ac:	00c4                	.insn	2, 0x00c4
800041ae:	0000                	.insn	2, 0x
800041b0:	044e                	.insn	2, 0x044e
800041b2:	0000                	.insn	2, 0x
800041b4:	0320                	.insn	2, 0x0320
800041b6:	0000                	.insn	2, 0x
800041b8:	03b1                	.insn	2, 0x03b1
800041ba:	0000                	.insn	2, 0x
800041bc:	0000033f 00000242 	.insn	8, 0x02420000033f
800041c4:	04f6                	.insn	2, 0x04f6
800041c6:	0000                	.insn	2, 0x
800041c8:	000005cb          	.insn	4, 0x05cb
800041cc:	050a                	.insn	2, 0x050a
800041ce:	0000                	.insn	2, 0x
800041d0:	039a                	.insn	2, 0x039a
800041d2:	0000                	.insn	2, 0x
800041d4:	03cd                	.insn	2, 0x03cd
800041d6:	0000                	.insn	2, 0x
800041d8:	03e1                	.insn	2, 0x03e1
800041da:	0000                	.insn	2, 0x
800041dc:	0362                	.insn	2, 0x0362
800041de:	0000                	.insn	2, 0x
800041e0:	03ae                	.insn	2, 0x03ae
800041e2:	0000                	.insn	2, 0x
800041e4:	039e                	.insn	2, 0x039e
800041e6:	0000                	.insn	2, 0x
800041e8:	02ee                	.insn	2, 0x02ee
800041ea:	0000                	.insn	2, 0x
800041ec:	0550                	.insn	2, 0x0550
800041ee:	0000                	.insn	2, 0x
800041f0:	0632                	.insn	2, 0x0632
800041f2:	0000                	.insn	2, 0x
800041f4:	0514                	.insn	2, 0x0514
800041f6:	0000                	.insn	2, 0x
800041f8:	033c                	.insn	2, 0x033c
800041fa:	0000                	.insn	2, 0x
800041fc:	00000623          	sb	zero,12(zero) # c <buf.2+0xc>
80004200:	03ac                	.insn	2, 0x03ac
80004202:	0000                	.insn	2, 0x
80004204:	02ea                	.insn	2, 0x02ea
80004206:	0000                	.insn	2, 0x
80004208:	04ac                	.insn	2, 0x04ac
8000420a:	0000                	.insn	2, 0x
8000420c:	04a2                	.insn	2, 0x04a2
8000420e:	0000                	.insn	2, 0x
80004210:	0436                	.insn	2, 0x0436
80004212:	0000                	.insn	2, 0x
80004214:	00000123          	sb	zero,2(zero) # 2 <buf.2+0x2>
80004218:	000003d7          	.insn	4, 0x03d7
8000421c:	0594                	.insn	2, 0x0594
8000421e:	0000                	.insn	2, 0x
80004220:	03d5                	.insn	2, 0x03d5
80004222:	0000                	.insn	2, 0x
80004224:	0426                	.insn	2, 0x0426
80004226:	0000                	.insn	2, 0x
80004228:	0639                	.insn	2, 0x0639
8000422a:	0000                	.insn	2, 0x
8000422c:	00000313          	li	t1,0
80004230:	028a                	.insn	2, 0x028a
80004232:	0000                	.insn	2, 0x
80004234:	000004c3          	.insn	4, 0x04c3
80004238:	0405                	.insn	2, 0x0405
8000423a:	0000                	.insn	2, 0x
8000423c:	0399                	.insn	2, 0x0399
8000423e:	0000                	.insn	2, 0x
80004240:	00000633          	add	a2,zero,zero
80004244:	04f6                	.insn	2, 0x04f6
80004246:	0000                	.insn	2, 0x
80004248:	02da                	.insn	2, 0x02da
8000424a:	0000                	.insn	2, 0x
8000424c:	04d9                	.insn	2, 0x04d9
8000424e:	0000                	.insn	2, 0x
80004250:	00000473          	.insn	4, 0x0473
80004254:	05f5                	.insn	2, 0x05f5
80004256:	0000                	.insn	2, 0x
80004258:	055d                	.insn	2, 0x055d
8000425a:	0000                	.insn	2, 0x
8000425c:	02e2                	.insn	2, 0x02e2
8000425e:	0000                	.insn	2, 0x
80004260:	0649                	.insn	2, 0x0649
80004262:	0000                	.insn	2, 0x
80004264:	0609                	.insn	2, 0x0609
80004266:	0000                	.insn	2, 0x
80004268:	00000543          	.insn	4, 0x0543
8000426c:	000005b7          	lui	a1,0x0
80004270:	02e0                	.insn	2, 0x02e0
80004272:	0000                	.insn	2, 0x
80004274:	0185                	.insn	2, 0x0185
80004276:	0000                	.insn	2, 0x
80004278:	0455                	.insn	2, 0x0455
8000427a:	0000                	.insn	2, 0x
8000427c:	05d0                	.insn	2, 0x05d0
8000427e:	0000                	.insn	2, 0x
80004280:	0390                	.insn	2, 0x0390
80004282:	0000                	.insn	2, 0x
80004284:	03e0                	.insn	2, 0x03e0
80004286:	0000                	.insn	2, 0x
80004288:	0542                	.insn	2, 0x0542
8000428a:	0000                	.insn	2, 0x
8000428c:	018a                	.insn	2, 0x018a
8000428e:	0000                	.insn	2, 0x
80004290:	0654                	.insn	2, 0x0654
80004292:	0000                	.insn	2, 0x
80004294:	0524                	.insn	2, 0x0524
80004296:	0000                	.insn	2, 0x
80004298:	000002a7          	.insn	4, 0x02a7
8000429c:	045a                	.insn	2, 0x045a
8000429e:	0000                	.insn	2, 0x
800042a0:	0000068f          	.insn	4, 0x068f
800042a4:	02fd                	.insn	2, 0x02fd
800042a6:	0000                	.insn	2, 0x
800042a8:	02df 0000 0242      	.insn	6, 0x0242000002df
800042ae:	0000                	.insn	2, 0x
800042b0:	00000553          	.insn	4, 0x0553
800042b4:	0448                	.insn	2, 0x0448
800042b6:	0000                	.insn	2, 0x
800042b8:	027e                	.insn	2, 0x027e
800042ba:	0000                	.insn	2, 0x
800042bc:	02e4                	.insn	2, 0x02e4
800042be:	0000                	.insn	2, 0x
800042c0:	03ee                	.insn	2, 0x03ee
800042c2:	0000                	.insn	2, 0x
800042c4:	0510                	.insn	2, 0x0510
800042c6:	0000                	.insn	2, 0x
800042c8:	0000018b          	.insn	4, 0x018b
800042cc:	0000023f 000005c5 	.insn	8, 0x05c50000023f
800042d4:	03a6                	.insn	2, 0x03a6
800042d6:	0000                	.insn	2, 0x
800042d8:	0120                	.insn	2, 0x0120
800042da:	0000                	.insn	2, 0x
800042dc:	0476                	.insn	2, 0x0476
800042de:	0000                	.insn	2, 0x
800042e0:	037f 0000 04a1 0000 	.insn	10, 0x0480000004a10000037f
800042e8:	0480 
800042ea:	0000                	.insn	2, 0x
800042ec:	00000497          	auipc	s1,0x0
800042f0:	040c                	.insn	2, 0x040c
800042f2:	0000                	.insn	2, 0x
800042f4:	0458                	.insn	2, 0x0458
800042f6:	0000                	.insn	2, 0x
800042f8:	01c2                	.insn	2, 0x01c2
800042fa:	0000                	.insn	2, 0x
800042fc:	0625                	.insn	2, 0x0625
800042fe:	0000                	.insn	2, 0x
80004300:	014d                	.insn	2, 0x014d
80004302:	0000                	.insn	2, 0x
80004304:	072e                	.insn	2, 0x072e
80004306:	0000                	.insn	2, 0x
80004308:	000004a7          	.insn	4, 0x04a7
8000430c:	036d                	.insn	2, 0x036d
8000430e:	0000                	.insn	2, 0x
80004310:	000002e3          	beqz	zero,80004b14 <_tbss_end+0x450>
80004314:	03fc                	.insn	2, 0x03fc
80004316:	0000                	.insn	2, 0x
80004318:	047d                	.insn	2, 0x047d
8000431a:	0000                	.insn	2, 0x
8000431c:	046d                	.insn	2, 0x046d
8000431e:	0000                	.insn	2, 0x
80004320:	0000024b          	.insn	4, 0x024b
80004324:	05b6                	.insn	2, 0x05b6
80004326:	0000                	.insn	2, 0x
80004328:	053a                	.insn	2, 0x053a
8000432a:	0000                	.insn	2, 0x
8000432c:	024d                	.insn	2, 0x024d
8000432e:	0000                	.insn	2, 0x
80004330:	0158                	.insn	2, 0x0158
80004332:	0000                	.insn	2, 0x
80004334:	0364                	.insn	2, 0x0364
80004336:	0000                	.insn	2, 0x
80004338:	05da                	.insn	2, 0x05da
8000433a:	0000                	.insn	2, 0x
8000433c:	0584                	.insn	2, 0x0584
8000433e:	0000                	.insn	2, 0x
80004340:	054c                	.insn	2, 0x054c
80004342:	0000                	.insn	2, 0x
80004344:	05c6                	.insn	2, 0x05c6
80004346:	0000                	.insn	2, 0x
80004348:	000004cb          	.insn	4, 0x04cb
8000434c:	03ed                	.insn	2, 0x03ed
8000434e:	0000                	.insn	2, 0x
80004350:	00000733          	add	a4,zero,zero
80004354:	03b9                	.insn	2, 0x03b9
80004356:	0000                	.insn	2, 0x
80004358:	0215                	.insn	2, 0x0215
8000435a:	0000                	.insn	2, 0x
8000435c:	025e                	.insn	2, 0x025e
8000435e:	0000                	.insn	2, 0x
80004360:	03bc                	.insn	2, 0x03bc
80004362:	0000                	.insn	2, 0x
80004364:	03b4                	.insn	2, 0x03b4
80004366:	0000                	.insn	2, 0x
80004368:	0371                	.insn	2, 0x0371
8000436a:	0000                	.insn	2, 0x
8000436c:	0288                	.insn	2, 0x0288
8000436e:	0000                	.insn	2, 0x
80004370:	050c                	.insn	2, 0x050c
80004372:	0000                	.insn	2, 0x
80004374:	030a                	.insn	2, 0x030a
80004376:	0000                	.insn	2, 0x
80004378:	0121                	.insn	2, 0x0121
8000437a:	0000                	.insn	2, 0x
8000437c:	0339                	.insn	2, 0x0339
8000437e:	0000                	.insn	2, 0x
80004380:	0475                	.insn	2, 0x0475
80004382:	0000                	.insn	2, 0x
80004384:	0456                	.insn	2, 0x0456
80004386:	0000                	.insn	2, 0x
80004388:	02d4                	.insn	2, 0x02d4
8000438a:	0000                	.insn	2, 0x
8000438c:	03da                	.insn	2, 0x03da
8000438e:	0000                	.insn	2, 0x
80004390:	02b9                	.insn	2, 0x02b9
80004392:	0000                	.insn	2, 0x
80004394:	075a                	.insn	2, 0x075a
80004396:	0000                	.insn	2, 0x
80004398:	0376                	.insn	2, 0x0376
8000439a:	0000                	.insn	2, 0x
8000439c:	06ff 0000 06e9 0000 	.insn	10, 0x024f000006e9000006ff
800043a4:	024f 
800043a6:	0000                	.insn	2, 0x
800043a8:	0616                	.insn	2, 0x0616
800043aa:	0000                	.insn	2, 0x
800043ac:	0674                	.insn	2, 0x0674
800043ae:	0000                	.insn	2, 0x
800043b0:	00000343          	.insn	4, 0x0343
800043b4:	02ce                	.insn	2, 0x02ce
800043b6:	0000                	.insn	2, 0x
800043b8:	0382                	.insn	2, 0x0382
800043ba:	0000                	.insn	2, 0x
800043bc:	00000297          	auipc	t0,0x0
800043c0:	00000387          	.insn	4, 0x0387
800043c4:	00000573          	.insn	4, 0x0573
800043c8:	0206                	.insn	2, 0x0206
800043ca:	0000                	.insn	2, 0x
800043cc:	048a                	.insn	2, 0x048a
800043ce:	0000                	.insn	2, 0x
800043d0:	01b6                	.insn	2, 0x01b6
800043d2:	0000                	.insn	2, 0x
800043d4:	018d                	.insn	2, 0x018d
800043d6:	0000                	.insn	2, 0x
800043d8:	0304                	.insn	2, 0x0304
800043da:	0000                	.insn	2, 0x
800043dc:	0486                	.insn	2, 0x0486
800043de:	0000                	.insn	2, 0x
800043e0:	020d                	.insn	2, 0x020d
800043e2:	0000                	.insn	2, 0x
800043e4:	04e2                	.insn	2, 0x04e2
800043e6:	0000                	.insn	2, 0x
800043e8:	05f1                	.insn	2, 0x05f1
800043ea:	0000                	.insn	2, 0x
800043ec:	046e                	.insn	2, 0x046e
800043ee:	0000                	.insn	2, 0x
800043f0:	0265                	.insn	2, 0x0265
800043f2:	0000                	.insn	2, 0x
800043f4:	028a                	.insn	2, 0x028a
800043f6:	0000                	.insn	2, 0x
800043f8:	00000247          	.insn	4, 0x0247
800043fc:	02d8                	.insn	2, 0x02d8
800043fe:	0000                	.insn	2, 0x
80004400:	020c                	.insn	2, 0x020c
80004402:	0000                	.insn	2, 0x
80004404:	0000056f          	jal	a0,80004404 <verify_data+0x270>
80004408:	04fe                	.insn	2, 0x04fe
8000440a:	0000                	.insn	2, 0x
8000440c:	01c9                	.insn	2, 0x01c9
8000440e:	0000                	.insn	2, 0x
80004410:	0000038b          	.insn	4, 0x038b
80004414:	034d                	.insn	2, 0x034d
80004416:	0000                	.insn	2, 0x
80004418:	0379                	.insn	2, 0x0379
8000441a:	0000                	.insn	2, 0x
8000441c:	03c5                	.insn	2, 0x03c5
8000441e:	0000                	.insn	2, 0x
80004420:	0428                	.insn	2, 0x0428
80004422:	0000                	.insn	2, 0x
80004424:	056d                	.insn	2, 0x056d
80004426:	0000                	.insn	2, 0x
80004428:	0000051b          	.insn	4, 0x051b
8000442c:	0174                	.insn	2, 0x0174
8000442e:	0000                	.insn	2, 0x
80004430:	0395                	.insn	2, 0x0395
80004432:	0000                	.insn	2, 0x
80004434:	00000567          	jalr	a0,zero # 0 <buf.2>
80004438:	03c9                	.insn	2, 0x03c9
8000443a:	0000                	.insn	2, 0x
8000443c:	03c1                	.insn	2, 0x03c1
8000443e:	0000                	.insn	2, 0x
80004440:	00000407          	.insn	4, 0x0407
80004444:	00000433          	add	s0,zero,zero
80004448:	0430                	.insn	2, 0x0430
8000444a:	0000                	.insn	2, 0x
8000444c:	0391                	.insn	2, 0x0391
8000444e:	0000                	.insn	2, 0x
80004450:	0346                	.insn	2, 0x0346
80004452:	0000                	.insn	2, 0x
80004454:	013a                	.insn	2, 0x013a
80004456:	0000                	.insn	2, 0x
80004458:	000004a7          	.insn	4, 0x04a7
8000445c:	00000347          	.insn	4, 0x0347
80004460:	067e                	.insn	2, 0x067e
80004462:	0000                	.insn	2, 0x
80004464:	04a0                	.insn	2, 0x04a0
80004466:	0000                	.insn	2, 0x
80004468:	0696                	.insn	2, 0x0696
8000446a:	0000                	.insn	2, 0x
8000446c:	02bc                	.insn	2, 0x02bc
8000446e:	0000                	.insn	2, 0x
80004470:	0739                	.insn	2, 0x0739
80004472:	0000                	.insn	2, 0x
80004474:	05e5                	.insn	2, 0x05e5
80004476:	0000                	.insn	2, 0x
80004478:	0342                	.insn	2, 0x0342
8000447a:	0000                	.insn	2, 0x
8000447c:	00000097          	auipc	ra,0x0
80004480:	040e                	.insn	2, 0x040e
80004482:	0000                	.insn	2, 0x
80004484:	0304                	.insn	2, 0x0304
80004486:	0000                	.insn	2, 0x
80004488:	00ff 0000 01f6 0000 	.insn	10, 0x02ed000001f6000000ff
80004490:	02ed 
80004492:	0000                	.insn	2, 0x
80004494:	04d5                	.insn	2, 0x04d5
80004496:	0000                	.insn	2, 0x
80004498:	0434                	.insn	2, 0x0434
8000449a:	0000                	.insn	2, 0x
8000449c:	0170                	.insn	2, 0x0170
8000449e:	0000                	.insn	2, 0x
800044a0:	0000023b          	.insn	4, 0x023b
800044a4:	000003fb          	.insn	4, 0x03fb
800044a8:	0164                	.insn	2, 0x0164
800044aa:	0000                	.insn	2, 0x
800044ac:	0628                	.insn	2, 0x0628
800044ae:	0000                	.insn	2, 0x
800044b0:	02c0                	.insn	2, 0x02c0
800044b2:	0000                	.insn	2, 0x
800044b4:	05ae                	.insn	2, 0x05ae
800044b6:	0000                	.insn	2, 0x
800044b8:	05c0                	.insn	2, 0x05c0
800044ba:	0000                	.insn	2, 0x
800044bc:	0490                	.insn	2, 0x0490
800044be:	0000                	.insn	2, 0x
800044c0:	0470                	.insn	2, 0x0470
800044c2:	0000                	.insn	2, 0x
800044c4:	05c6                	.insn	2, 0x05c6
800044c6:	0000                	.insn	2, 0x
800044c8:	000002b7          	lui	t0,0x0
800044cc:	00d1                	.insn	2, 0x00d1
800044ce:	0000                	.insn	2, 0x
800044d0:	022c                	.insn	2, 0x022c
800044d2:	0000                	.insn	2, 0x
800044d4:	02a0                	.insn	2, 0x02a0
800044d6:	0000                	.insn	2, 0x
800044d8:	029e                	.insn	2, 0x029e
800044da:	0000                	.insn	2, 0x
800044dc:	000006bf 000003f7 	.insn	8, 0x03f7000006bf
800044e4:	0569                	.insn	2, 0x0569
800044e6:	0000                	.insn	2, 0x
800044e8:	01c6                	.insn	2, 0x01c6
800044ea:	0000                	.insn	2, 0x
800044ec:	01b0                	.insn	2, 0x01b0
800044ee:	0000                	.insn	2, 0x
800044f0:	0224                	.insn	2, 0x0224
800044f2:	0000                	.insn	2, 0x
800044f4:	000006ab          	.insn	4, 0x06ab
800044f8:	0280                	.insn	2, 0x0280
800044fa:	0000                	.insn	2, 0x
800044fc:	02dd                	.insn	2, 0x02dd
800044fe:	0000                	.insn	2, 0x
80004500:	04e9                	.insn	2, 0x04e9
80004502:	0000                	.insn	2, 0x
80004504:	043c                	.insn	2, 0x043c
80004506:	0000                	.insn	2, 0x
80004508:	00000543          	.insn	4, 0x0543
8000450c:	056d                	.insn	2, 0x056d
8000450e:	0000                	.insn	2, 0x
80004510:	00000377          	.insn	4, 0x0377
80004514:	000004b3          	add	s1,zero,zero
80004518:	04ad                	.insn	2, 0x04ad
8000451a:	0000                	.insn	2, 0x
8000451c:	0146                	.insn	2, 0x0146
8000451e:	0000                	.insn	2, 0x
80004520:	0299                	.insn	2, 0x0299
80004522:	0000                	.insn	2, 0x
80004524:	0000049b          	.insn	4, 0x049b
80004528:	03a0                	.insn	2, 0x03a0
8000452a:	0000                	.insn	2, 0x
8000452c:	0506                	.insn	2, 0x0506
8000452e:	0000                	.insn	2, 0x
80004530:	00000407          	.insn	4, 0x0407
80004534:	0000049b          	.insn	4, 0x049b
80004538:	005d                	.insn	2, 0x005d
8000453a:	0000                	.insn	2, 0x
8000453c:	02ad                	.insn	2, 0x02ad
8000453e:	0000                	.insn	2, 0x
80004540:	000003e3          	beqz	zero,80004d46 <_tbss_end+0x682>
80004544:	01ec                	.insn	2, 0x01ec
80004546:	0000                	.insn	2, 0x
80004548:	047e                	.insn	2, 0x047e
8000454a:	0000                	.insn	2, 0x
8000454c:	00000197          	auipc	gp,0x0
80004550:	045a                	.insn	2, 0x045a
80004552:	0000                	.insn	2, 0x
80004554:	000005f3          	.insn	4, 0x05f3
80004558:	01b1                	.insn	2, 0x01b1
8000455a:	0000                	.insn	2, 0x
8000455c:	05b8                	.insn	2, 0x05b8
8000455e:	0000                	.insn	2, 0x
80004560:	00000233          	add	tp,zero,zero
80004564:	00000573          	.insn	4, 0x0573
80004568:	02d2                	.insn	2, 0x02d2
8000456a:	0000                	.insn	2, 0x
8000456c:	047a                	.insn	2, 0x047a
8000456e:	0000                	.insn	2, 0x
80004570:	056a                	.insn	2, 0x056a
80004572:	0000                	.insn	2, 0x
80004574:	02cc                	.insn	2, 0x02cc
80004576:	0000                	.insn	2, 0x
80004578:	06b1                	.insn	2, 0x06b1
8000457a:	0000                	.insn	2, 0x
8000457c:	0702                	.insn	2, 0x0702
8000457e:	0000                	.insn	2, 0x
80004580:	0375                	.insn	2, 0x0375
80004582:	0000                	.insn	2, 0x
80004584:	0281                	.insn	2, 0x0281
80004586:	0000                	.insn	2, 0x
80004588:	010a                	.insn	2, 0x010a
8000458a:	0000                	.insn	2, 0x
8000458c:	05f9                	.insn	2, 0x05f9
8000458e:	0000                	.insn	2, 0x
80004590:	00000443          	.insn	4, 0x0443
80004594:	0278                	.insn	2, 0x0278
80004596:	0000                	.insn	2, 0x
80004598:	04dc                	.insn	2, 0x04dc
8000459a:	0000                	.insn	2, 0x
8000459c:	0415                	.insn	2, 0x0415
8000459e:	0000                	.insn	2, 0x
800045a0:	05df 0000 04c7      	.insn	6, 0x04c7000005df
800045a6:	0000                	.insn	2, 0x
800045a8:	0000032b          	.insn	4, 0x032b
800045ac:	0000048f          	.insn	4, 0x048f
800045b0:	0000028f          	.insn	4, 0x028f
800045b4:	02fc                	.insn	2, 0x02fc
800045b6:	0000                	.insn	2, 0x
800045b8:	04c1                	.insn	2, 0x04c1
800045ba:	0000                	.insn	2, 0x
800045bc:	005e                	.insn	2, 0x005e
800045be:	0000                	.insn	2, 0x
800045c0:	028a                	.insn	2, 0x028a
800045c2:	0000                	.insn	2, 0x
800045c4:	01a2                	.insn	2, 0x01a2
800045c6:	0000                	.insn	2, 0x
800045c8:	0289                	.insn	2, 0x0289
800045ca:	0000                	.insn	2, 0x
800045cc:	045c                	.insn	2, 0x045c
800045ce:	0000                	.insn	2, 0x
800045d0:	00000647          	.insn	4, 0x0647
800045d4:	000002bb          	.insn	4, 0x02bb
800045d8:	000004c3          	.insn	4, 0x04c3
800045dc:	04f5                	.insn	2, 0x04f5
800045de:	0000                	.insn	2, 0x
800045e0:	0379                	.insn	2, 0x0379
800045e2:	0000                	.insn	2, 0x
800045e4:	00000213          	li	tp,0
800045e8:	0426                	.insn	2, 0x0426
800045ea:	0000                	.insn	2, 0x
800045ec:	063e                	.insn	2, 0x063e
800045ee:	0000                	.insn	2, 0x
800045f0:	045e                	.insn	2, 0x045e
800045f2:	0000                	.insn	2, 0x
800045f4:	049a                	.insn	2, 0x049a
800045f6:	0000                	.insn	2, 0x
800045f8:	05a0                	.insn	2, 0x05a0
800045fa:	0000                	.insn	2, 0x
800045fc:	02d2                	.insn	2, 0x02d2
800045fe:	0000                	.insn	2, 0x
80004600:	0576                	.insn	2, 0x0576
80004602:	0000                	.insn	2, 0x
80004604:	01df 0000 03c1      	.insn	6, 0x03c1000001df
8000460a:	0000                	.insn	2, 0x
8000460c:	00000423          	sb	zero,8(zero) # 8 <buf.2+0x8>
80004610:	00000227          	.insn	4, 0x0227
80004614:	0245                	.insn	2, 0x0245
80004616:	0000                	.insn	2, 0x
80004618:	0172                	.insn	2, 0x0172
8000461a:	0000                	.insn	2, 0x
8000461c:	0186                	.insn	2, 0x0186
8000461e:	0000                	.insn	2, 0x
80004620:	0405                	.insn	2, 0x0405
80004622:	0000                	.insn	2, 0x
80004624:	0300                	.insn	2, 0x0300
80004626:	0000                	.insn	2, 0x
80004628:	03b1                	.insn	2, 0x03b1
8000462a:	0000                	.insn	2, 0x
8000462c:	05d4                	.insn	2, 0x05d4
8000462e:	0000                	.insn	2, 0x
80004630:	03ad                	.insn	2, 0x03ad
80004632:	0000                	.insn	2, 0x
80004634:	049a                	.insn	2, 0x049a
80004636:	0000                	.insn	2, 0x
80004638:	04cd                	.insn	2, 0x04cd
8000463a:	0000                	.insn	2, 0x
8000463c:	00000137          	lui	sp,0x0
80004640:	0319                	.insn	2, 0x0319
80004642:	0000                	.insn	2, 0x
