
dhrystone.riscv:     file format elf32-littleriscv


Disassembly of section .text.init:

80000000 <_start>:
80000000:	00000093          	li	ra,0
80000004:	00000113          	li	sp,0
80000008:	00000193          	li	gp,0
8000000c:	00000213          	li	tp,0
80000010:	00000293          	li	t0,0
80000014:	00000313          	li	t1,0
80000018:	00000393          	li	t2,0
8000001c:	00000413          	li	s0,0
80000020:	00000493          	li	s1,0
80000024:	00000513          	li	a0,0
80000028:	00000593          	li	a1,0
8000002c:	00000613          	li	a2,0
80000030:	00000693          	li	a3,0
80000034:	00000713          	li	a4,0
80000038:	00000793          	li	a5,0
8000003c:	00000813          	li	a6,0
80000040:	00000893          	li	a7,0
80000044:	00000913          	li	s2,0
80000048:	00000993          	li	s3,0
8000004c:	00000a13          	li	s4,0
80000050:	00000a93          	li	s5,0
80000054:	00000b13          	li	s6,0
80000058:	00000b93          	li	s7,0
8000005c:	00000c13          	li	s8,0
80000060:	00000c93          	li	s9,0
80000064:	00000d13          	li	s10,0
80000068:	00000d93          	li	s11,0
8000006c:	00000e13          	li	t3,0
80000070:	00000e93          	li	t4,0
80000074:	00000f13          	li	t5,0
80000078:	00000f93          	li	t6,0
8000007c:	0181e2b7          	lui	t0,0x181e
80000080:	3002a073          	csrs	mstatus,t0
80000084:	00100293          	li	t0,1
80000088:	01f29293          	slli	t0,t0,0x1f
8000008c:	0002ca63          	bltz	t0,800000a0 <_start+0xa0>
80000090:	00100513          	li	a0,1
80000094:	00001297          	auipc	t0,0x1
80000098:	f6a2a623          	sw	a0,-148(t0) # 80001000 <tohost>
8000009c:	ff5ff06f          	j	80000090 <_start+0x90>
800000a0:	00000297          	auipc	t0,0x0
800000a4:	04428293          	addi	t0,t0,68 # 800000e4 <trap_entry>
800000a8:	30529073          	csrw	mtvec,t0
800000ac:	00005197          	auipc	gp,0x5
800000b0:	3d418193          	addi	gp,gp,980 # 80005480 <__global_pointer$>
800000b4:	00007217          	auipc	tp,0x7
800000b8:	44b20213          	addi	tp,tp,1099 # 800074ff <_end+0x3f>
800000bc:	fc027213          	andi	tp,tp,-64
800000c0:	f1402573          	csrr	a0,mhartid
800000c4:	00100593          	li	a1,1
800000c8:	00b57063          	bgeu	a0,a1,800000c8 <_start+0xc8>
800000cc:	00150113          	addi	sp,a0,1
800000d0:	01111113          	slli	sp,sp,0x11
800000d4:	00410133          	add	sp,sp,tp
800000d8:	01151613          	slli	a2,a0,0x11
800000dc:	00c20233          	add	tp,tp,a2
800000e0:	4d90206f          	j	80002db8 <_init>

800000e4 <trap_entry>:
800000e4:	ef010113          	addi	sp,sp,-272
800000e8:	00112223          	sw	ra,4(sp)
800000ec:	00212423          	sw	sp,8(sp)
800000f0:	00312623          	sw	gp,12(sp)
800000f4:	00412823          	sw	tp,16(sp)
800000f8:	00512a23          	sw	t0,20(sp)
800000fc:	00612c23          	sw	t1,24(sp)
80000100:	00712e23          	sw	t2,28(sp)
80000104:	02812023          	sw	s0,32(sp)
80000108:	02912223          	sw	s1,36(sp)
8000010c:	02a12423          	sw	a0,40(sp)
80000110:	02b12623          	sw	a1,44(sp)
80000114:	02c12823          	sw	a2,48(sp)
80000118:	02d12a23          	sw	a3,52(sp)
8000011c:	02e12c23          	sw	a4,56(sp)
80000120:	02f12e23          	sw	a5,60(sp)
80000124:	05012023          	sw	a6,64(sp)
80000128:	05112223          	sw	a7,68(sp)
8000012c:	05212423          	sw	s2,72(sp)
80000130:	05312623          	sw	s3,76(sp)
80000134:	05412823          	sw	s4,80(sp)
80000138:	05512a23          	sw	s5,84(sp)
8000013c:	05612c23          	sw	s6,88(sp)
80000140:	05712e23          	sw	s7,92(sp)
80000144:	07812023          	sw	s8,96(sp)
80000148:	07912223          	sw	s9,100(sp)
8000014c:	07a12423          	sw	s10,104(sp)
80000150:	07b12623          	sw	s11,108(sp)
80000154:	07c12823          	sw	t3,112(sp)
80000158:	07d12a23          	sw	t4,116(sp)
8000015c:	07e12c23          	sw	t5,120(sp)
80000160:	07f12e23          	sw	t6,124(sp)
80000164:	34202573          	csrr	a0,mcause
80000168:	341025f3          	csrr	a1,mepc
8000016c:	00010613          	mv	a2,sp
80000170:	0b9020ef          	jal	80002a28 <handle_trap>
80000174:	34151073          	csrw	mepc,a0
80000178:	000022b7          	lui	t0,0x2
8000017c:	80028293          	addi	t0,t0,-2048 # 1800 <buflen.1+0x17c0>
80000180:	3002a073          	csrs	mstatus,t0
80000184:	00412083          	lw	ra,4(sp)
80000188:	00812103          	lw	sp,8(sp)
8000018c:	00c12183          	lw	gp,12(sp)
80000190:	01012203          	lw	tp,16(sp)
80000194:	01412283          	lw	t0,20(sp)
80000198:	01812303          	lw	t1,24(sp)
8000019c:	01c12383          	lw	t2,28(sp)
800001a0:	02012403          	lw	s0,32(sp)
800001a4:	02412483          	lw	s1,36(sp)
800001a8:	02812503          	lw	a0,40(sp)
800001ac:	02c12583          	lw	a1,44(sp)
800001b0:	03012603          	lw	a2,48(sp)
800001b4:	03412683          	lw	a3,52(sp)
800001b8:	03812703          	lw	a4,56(sp)
800001bc:	03c12783          	lw	a5,60(sp)
800001c0:	04012803          	lw	a6,64(sp)
800001c4:	04412883          	lw	a7,68(sp)
800001c8:	04812903          	lw	s2,72(sp)
800001cc:	04c12983          	lw	s3,76(sp)
800001d0:	05012a03          	lw	s4,80(sp)
800001d4:	05412a83          	lw	s5,84(sp)
800001d8:	05812b03          	lw	s6,88(sp)
800001dc:	05c12b83          	lw	s7,92(sp)
800001e0:	06012c03          	lw	s8,96(sp)
800001e4:	06412c83          	lw	s9,100(sp)
800001e8:	06812d03          	lw	s10,104(sp)
800001ec:	06c12d83          	lw	s11,108(sp)
800001f0:	07012e03          	lw	t3,112(sp)
800001f4:	07412e83          	lw	t4,116(sp)
800001f8:	07812f03          	lw	t5,120(sp)
800001fc:	07c12f83          	lw	t6,124(sp)
80000200:	11010113          	addi	sp,sp,272
80000204:	30200073          	mret

Disassembly of section .text:

80002000 <Proc_7>:
80002000:	00250513          	addi	a0,a0,2
80002004:	00b50533          	add	a0,a0,a1
80002008:	00a62023          	sw	a0,0(a2)
8000200c:	00008067          	ret

80002010 <Proc_8>:
80002010:	00560713          	addi	a4,a2,5
80002014:	00171793          	slli	a5,a4,0x1
80002018:	00e787b3          	add	a5,a5,a4
8000201c:	00379793          	slli	a5,a5,0x3
80002020:	00e787b3          	add	a5,a5,a4
80002024:	00261613          	slli	a2,a2,0x2
80002028:	00271813          	slli	a6,a4,0x2
8000202c:	00379793          	slli	a5,a5,0x3
80002030:	01050533          	add	a0,a0,a6
80002034:	00f60833          	add	a6,a2,a5
80002038:	00d52023          	sw	a3,0(a0)
8000203c:	00d52223          	sw	a3,4(a0)
80002040:	06e52c23          	sw	a4,120(a0)
80002044:	010586b3          	add	a3,a1,a6
80002048:	0106a803          	lw	a6,16(a3)
8000204c:	00e6aa23          	sw	a4,20(a3)
80002050:	00e6ac23          	sw	a4,24(a3)
80002054:	00180713          	addi	a4,a6,1
80002058:	00e6a823          	sw	a4,16(a3)
8000205c:	00052683          	lw	a3,0(a0)
80002060:	00c585b3          	add	a1,a1,a2
80002064:	00f585b3          	add	a1,a1,a5
80002068:	000017b7          	lui	a5,0x1
8000206c:	00b787b3          	add	a5,a5,a1
80002070:	00500713          	li	a4,5
80002074:	fad7aa23          	sw	a3,-76(a5) # fb4 <buflen.1+0xf74>
80002078:	82e1a223          	sw	a4,-2012(gp) # 80004ca4 <Int_Glob>
8000207c:	00008067          	ret

80002080 <Func_1>:
80002080:	0ff57513          	zext.b	a0,a0
80002084:	0ff5f593          	zext.b	a1,a1
80002088:	00b50663          	beq	a0,a1,80002094 <Func_1+0x14>
8000208c:	00000513          	li	a0,0
80002090:	00008067          	ret
80002094:	80a18ea3          	sb	a0,-2019(gp) # 80004c9d <Ch_1_Glob>
80002098:	00100513          	li	a0,1
8000209c:	00008067          	ret

800020a0 <Func_2>:
800020a0:	fe010113          	addi	sp,sp,-32
800020a4:	00812c23          	sw	s0,24(sp)
800020a8:	00912a23          	sw	s1,20(sp)
800020ac:	01212823          	sw	s2,16(sp)
800020b0:	01312623          	sw	s3,12(sp)
800020b4:	00112e23          	sw	ra,28(sp)
800020b8:	00050413          	mv	s0,a0
800020bc:	00058493          	mv	s1,a1
800020c0:	00300993          	li	s3,3
800020c4:	00200913          	li	s2,2
800020c8:	0034c583          	lbu	a1,3(s1)
800020cc:	00244503          	lbu	a0,2(s0)
800020d0:	fb1ff0ef          	jal	80002080 <Func_1>
800020d4:	40a98533          	sub	a0,s3,a0
800020d8:	ff2508e3          	beq	a0,s2,800020c8 <Func_2+0x28>
800020dc:	00048593          	mv	a1,s1
800020e0:	00040513          	mv	a0,s0
800020e4:	62d000ef          	jal	80002f10 <strcmp>
800020e8:	00000793          	li	a5,0
800020ec:	00a05863          	blez	a0,800020fc <Func_2+0x5c>
800020f0:	00a00793          	li	a5,10
800020f4:	82f1a223          	sw	a5,-2012(gp) # 80004ca4 <Int_Glob>
800020f8:	00100793          	li	a5,1
800020fc:	01c12083          	lw	ra,28(sp)
80002100:	01812403          	lw	s0,24(sp)
80002104:	01412483          	lw	s1,20(sp)
80002108:	01012903          	lw	s2,16(sp)
8000210c:	00c12983          	lw	s3,12(sp)
80002110:	00078513          	mv	a0,a5
80002114:	02010113          	addi	sp,sp,32
80002118:	00008067          	ret

8000211c <Func_3>:
8000211c:	ffe50513          	addi	a0,a0,-2
80002120:	00153513          	seqz	a0,a0
80002124:	00008067          	ret

80002128 <Proc_6>:
80002128:	ff010113          	addi	sp,sp,-16
8000212c:	00812423          	sw	s0,8(sp)
80002130:	00912223          	sw	s1,4(sp)
80002134:	00112623          	sw	ra,12(sp)
80002138:	00058493          	mv	s1,a1
8000213c:	00050413          	mv	s0,a0
80002140:	fddff0ef          	jal	8000211c <Func_3>
80002144:	00300793          	li	a5,3
80002148:	00050463          	beqz	a0,80002150 <Proc_6+0x28>
8000214c:	00040793          	mv	a5,s0
80002150:	00f4a023          	sw	a5,0(s1)
80002154:	00200793          	li	a5,2
80002158:	04f40863          	beq	s0,a5,800021a8 <Proc_6+0x80>
8000215c:	0287e663          	bltu	a5,s0,80002188 <Proc_6+0x60>
80002160:	00040863          	beqz	s0,80002170 <Proc_6+0x48>
80002164:	8241a703          	lw	a4,-2012(gp) # 80004ca4 <Int_Glob>
80002168:	06400793          	li	a5,100
8000216c:	04e7dc63          	bge	a5,a4,800021c4 <Proc_6+0x9c>
80002170:	00c12083          	lw	ra,12(sp)
80002174:	00812403          	lw	s0,8(sp)
80002178:	0004a023          	sw	zero,0(s1)
8000217c:	00412483          	lw	s1,4(sp)
80002180:	01010113          	addi	sp,sp,16
80002184:	00008067          	ret
80002188:	00400713          	li	a4,4
8000218c:	00e41463          	bne	s0,a4,80002194 <Proc_6+0x6c>
80002190:	00f4a023          	sw	a5,0(s1)
80002194:	00c12083          	lw	ra,12(sp)
80002198:	00812403          	lw	s0,8(sp)
8000219c:	00412483          	lw	s1,4(sp)
800021a0:	01010113          	addi	sp,sp,16
800021a4:	00008067          	ret
800021a8:	00c12083          	lw	ra,12(sp)
800021ac:	00812403          	lw	s0,8(sp)
800021b0:	00100793          	li	a5,1
800021b4:	00f4a023          	sw	a5,0(s1)
800021b8:	00412483          	lw	s1,4(sp)
800021bc:	01010113          	addi	sp,sp,16
800021c0:	00008067          	ret
800021c4:	00c12083          	lw	ra,12(sp)
800021c8:	00812403          	lw	s0,8(sp)
800021cc:	00300793          	li	a5,3
800021d0:	00f4a023          	sw	a5,0(s1)
800021d4:	00412483          	lw	s1,4(sp)
800021d8:	01010113          	addi	sp,sp,16
800021dc:	00008067          	ret

800021e0 <debug_printf>:
800021e0:	fe010113          	addi	sp,sp,-32
800021e4:	00b12223          	sw	a1,4(sp)
800021e8:	00c12423          	sw	a2,8(sp)
800021ec:	00d12623          	sw	a3,12(sp)
800021f0:	00e12823          	sw	a4,16(sp)
800021f4:	00f12a23          	sw	a5,20(sp)
800021f8:	01012c23          	sw	a6,24(sp)
800021fc:	01112e23          	sw	a7,28(sp)
80002200:	02010113          	addi	sp,sp,32
80002204:	00008067          	ret

80002208 <Proc_2>:
80002208:	81d1c703          	lbu	a4,-2019(gp) # 80004c9d <Ch_1_Glob>
8000220c:	04100793          	li	a5,65
80002210:	00f70463          	beq	a4,a5,80002218 <Proc_2+0x10>
80002214:	00008067          	ret
80002218:	00052783          	lw	a5,0(a0)
8000221c:	8241a703          	lw	a4,-2012(gp) # 80004ca4 <Int_Glob>
80002220:	00978793          	addi	a5,a5,9
80002224:	40e787b3          	sub	a5,a5,a4
80002228:	00f52023          	sw	a5,0(a0)
8000222c:	00008067          	ret

80002230 <Proc_3>:
80002230:	82c18793          	addi	a5,gp,-2004 # 80004cac <Ptr_Glob>
80002234:	0007a603          	lw	a2,0(a5)
80002238:	00060863          	beqz	a2,80002248 <Proc_3+0x18>
8000223c:	00062703          	lw	a4,0(a2)
80002240:	00e52023          	sw	a4,0(a0)
80002244:	0007a603          	lw	a2,0(a5)
80002248:	8241a583          	lw	a1,-2012(gp) # 80004ca4 <Int_Glob>
8000224c:	00c60613          	addi	a2,a2,12
80002250:	00a00513          	li	a0,10
80002254:	dadff06f          	j	80002000 <Proc_7>

80002258 <Proc_1>:
80002258:	ff010113          	addi	sp,sp,-16
8000225c:	01212023          	sw	s2,0(sp)
80002260:	82c18913          	addi	s2,gp,-2004 # 80004cac <Ptr_Glob>
80002264:	00092783          	lw	a5,0(s2)
80002268:	00812423          	sw	s0,8(sp)
8000226c:	00052403          	lw	s0,0(a0)
80002270:	0007a703          	lw	a4,0(a5)
80002274:	0047ae83          	lw	t4,4(a5)
80002278:	0087ae03          	lw	t3,8(a5)
8000227c:	0107a303          	lw	t1,16(a5)
80002280:	0147a883          	lw	a7,20(a5)
80002284:	0187a803          	lw	a6,24(a5)
80002288:	0207a583          	lw	a1,32(a5)
8000228c:	0247a603          	lw	a2,36(a5)
80002290:	0287a683          	lw	a3,40(a5)
80002294:	00112623          	sw	ra,12(sp)
80002298:	00912223          	sw	s1,4(sp)
8000229c:	00050493          	mv	s1,a0
800022a0:	01c7a503          	lw	a0,28(a5)
800022a4:	02c7a783          	lw	a5,44(a5)
800022a8:	00e42023          	sw	a4,0(s0)
800022ac:	0004a703          	lw	a4,0(s1)
800022b0:	01d42223          	sw	t4,4(s0)
800022b4:	01c42423          	sw	t3,8(s0)
800022b8:	00642823          	sw	t1,16(s0)
800022bc:	01142a23          	sw	a7,20(s0)
800022c0:	01042c23          	sw	a6,24(s0)
800022c4:	00a42e23          	sw	a0,28(s0)
800022c8:	02b42023          	sw	a1,32(s0)
800022cc:	02c42223          	sw	a2,36(s0)
800022d0:	02d42423          	sw	a3,40(s0)
800022d4:	02f42623          	sw	a5,44(s0)
800022d8:	00500793          	li	a5,5
800022dc:	00f4a623          	sw	a5,12(s1)
800022e0:	00e42023          	sw	a4,0(s0)
800022e4:	00040513          	mv	a0,s0
800022e8:	00f42623          	sw	a5,12(s0)
800022ec:	f45ff0ef          	jal	80002230 <Proc_3>
800022f0:	00442783          	lw	a5,4(s0)
800022f4:	08078063          	beqz	a5,80002374 <Proc_1+0x11c>
800022f8:	0004a783          	lw	a5,0(s1)
800022fc:	00c12083          	lw	ra,12(sp)
80002300:	00812403          	lw	s0,8(sp)
80002304:	0007af83          	lw	t6,0(a5)
80002308:	0047af03          	lw	t5,4(a5)
8000230c:	0087ae83          	lw	t4,8(a5)
80002310:	00c7ae03          	lw	t3,12(a5)
80002314:	0107a303          	lw	t1,16(a5)
80002318:	0147a883          	lw	a7,20(a5)
8000231c:	0187a803          	lw	a6,24(a5)
80002320:	01c7a583          	lw	a1,28(a5)
80002324:	0207a603          	lw	a2,32(a5)
80002328:	0247a683          	lw	a3,36(a5)
8000232c:	0287a703          	lw	a4,40(a5)
80002330:	02c7a783          	lw	a5,44(a5)
80002334:	01f4a023          	sw	t6,0(s1)
80002338:	01e4a223          	sw	t5,4(s1)
8000233c:	01d4a423          	sw	t4,8(s1)
80002340:	01c4a623          	sw	t3,12(s1)
80002344:	0064a823          	sw	t1,16(s1)
80002348:	0114aa23          	sw	a7,20(s1)
8000234c:	0104ac23          	sw	a6,24(s1)
80002350:	00b4ae23          	sw	a1,28(s1)
80002354:	02c4a023          	sw	a2,32(s1)
80002358:	02d4a223          	sw	a3,36(s1)
8000235c:	02e4a423          	sw	a4,40(s1)
80002360:	02f4a623          	sw	a5,44(s1)
80002364:	00012903          	lw	s2,0(sp)
80002368:	00412483          	lw	s1,4(sp)
8000236c:	01010113          	addi	sp,sp,16
80002370:	00008067          	ret
80002374:	0084a503          	lw	a0,8(s1)
80002378:	00600793          	li	a5,6
8000237c:	00f42623          	sw	a5,12(s0)
80002380:	00840593          	addi	a1,s0,8
80002384:	da5ff0ef          	jal	80002128 <Proc_6>
80002388:	00092783          	lw	a5,0(s2)
8000238c:	00c42503          	lw	a0,12(s0)
80002390:	00c40613          	addi	a2,s0,12
80002394:	0007a783          	lw	a5,0(a5)
80002398:	00c12083          	lw	ra,12(sp)
8000239c:	00412483          	lw	s1,4(sp)
800023a0:	00f42023          	sw	a5,0(s0)
800023a4:	00812403          	lw	s0,8(sp)
800023a8:	00012903          	lw	s2,0(sp)
800023ac:	00a00593          	li	a1,10
800023b0:	01010113          	addi	sp,sp,16
800023b4:	c4dff06f          	j	80002000 <Proc_7>

800023b8 <Proc_4>:
800023b8:	81d1c783          	lbu	a5,-2019(gp) # 80004c9d <Ch_1_Glob>
800023bc:	82018713          	addi	a4,gp,-2016 # 80004ca0 <Bool_Glob>
800023c0:	00072683          	lw	a3,0(a4)
800023c4:	fbf78793          	addi	a5,a5,-65
800023c8:	0017b793          	seqz	a5,a5
800023cc:	00d7e7b3          	or	a5,a5,a3
800023d0:	04200693          	li	a3,66
800023d4:	00f72023          	sw	a5,0(a4)
800023d8:	80d18e23          	sb	a3,-2020(gp) # 80004c9c <Ch_2_Glob>
800023dc:	00008067          	ret

800023e0 <Proc_5>:
800023e0:	04100793          	li	a5,65
800023e4:	8201a023          	sw	zero,-2016(gp) # 80004ca0 <Bool_Glob>
800023e8:	80f18ea3          	sb	a5,-2019(gp) # 80004c9d <Ch_1_Glob>
800023ec:	00008067          	ret

800023f0 <vprintfmt>:
800023f0:	eb010113          	addi	sp,sp,-336
800023f4:	14812423          	sw	s0,328(sp)
800023f8:	15212023          	sw	s2,320(sp)
800023fc:	13312e23          	sw	s3,316(sp)
80002400:	13512a23          	sw	s5,308(sp)
80002404:	14112623          	sw	ra,332(sp)
80002408:	14912223          	sw	s1,324(sp)
8000240c:	13412c23          	sw	s4,312(sp)
80002410:	13712623          	sw	s7,300(sp)
80002414:	13812423          	sw	s8,296(sp)
80002418:	13912223          	sw	s9,292(sp)
8000241c:	13a12023          	sw	s10,288(sp)
80002420:	00050993          	mv	s3,a0
80002424:	00058913          	mv	s2,a1
80002428:	00060413          	mv	s0,a2
8000242c:	00d12623          	sw	a3,12(sp)
80002430:	02500a93          	li	s5,37
80002434:	0140006f          	j	80002448 <vprintfmt+0x58>
80002438:	06050463          	beqz	a0,800024a0 <vprintfmt+0xb0>
8000243c:	00090593          	mv	a1,s2
80002440:	00140413          	addi	s0,s0,1
80002444:	000980e7          	jalr	s3
80002448:	00044503          	lbu	a0,0(s0)
8000244c:	ff5516e3          	bne	a0,s5,80002438 <vprintfmt+0x48>
80002450:	00144683          	lbu	a3,1(s0)
80002454:	00140a13          	addi	s4,s0,1
80002458:	fff00493          	li	s1,-1
8000245c:	02000793          	li	a5,32
80002460:	000a0713          	mv	a4,s4
80002464:	00048c13          	mv	s8,s1
80002468:	00f12423          	sw	a5,8(sp)
8000246c:	00000593          	li	a1,0
80002470:	fdd68793          	addi	a5,a3,-35
80002474:	0ff7f793          	zext.b	a5,a5
80002478:	05500613          	li	a2,85
8000247c:	00170413          	addi	s0,a4,1
80002480:	06f66a63          	bltu	a2,a5,800024f4 <vprintfmt+0x104>
80002484:	00002617          	auipc	a2,0x2
80002488:	4f060613          	addi	a2,a2,1264 # 80004974 <main+0xe18>
8000248c:	00279793          	slli	a5,a5,0x2
80002490:	00c787b3          	add	a5,a5,a2
80002494:	0007a783          	lw	a5,0(a5)
80002498:	00c787b3          	add	a5,a5,a2
8000249c:	00078067          	jr	a5
800024a0:	14c12083          	lw	ra,332(sp)
800024a4:	14812403          	lw	s0,328(sp)
800024a8:	14412483          	lw	s1,324(sp)
800024ac:	14012903          	lw	s2,320(sp)
800024b0:	13c12983          	lw	s3,316(sp)
800024b4:	13812a03          	lw	s4,312(sp)
800024b8:	13412a83          	lw	s5,308(sp)
800024bc:	12c12b83          	lw	s7,300(sp)
800024c0:	12812c03          	lw	s8,296(sp)
800024c4:	12412c83          	lw	s9,292(sp)
800024c8:	12012d03          	lw	s10,288(sp)
800024cc:	15010113          	addi	sp,sp,336
800024d0:	00008067          	ret
800024d4:	00d12423          	sw	a3,8(sp)
800024d8:	00174683          	lbu	a3,1(a4)
800024dc:	05500613          	li	a2,85
800024e0:	00040713          	mv	a4,s0
800024e4:	fdd68793          	addi	a5,a3,-35
800024e8:	0ff7f793          	zext.b	a5,a5
800024ec:	00170413          	addi	s0,a4,1
800024f0:	f8f67ae3          	bgeu	a2,a5,80002484 <vprintfmt+0x94>
800024f4:	00090593          	mv	a1,s2
800024f8:	02500513          	li	a0,37
800024fc:	000980e7          	jalr	s3
80002500:	000a0413          	mv	s0,s4
80002504:	f45ff06f          	j	80002448 <vprintfmt+0x58>
80002508:	00174603          	lbu	a2,1(a4)
8000250c:	00900513          	li	a0,9
80002510:	fd068493          	addi	s1,a3,-48
80002514:	fd060793          	addi	a5,a2,-48
80002518:	00060693          	mv	a3,a2
8000251c:	00040713          	mv	a4,s0
80002520:	02f56663          	bltu	a0,a5,8000254c <vprintfmt+0x15c>
80002524:	00249793          	slli	a5,s1,0x2
80002528:	009787b3          	add	a5,a5,s1
8000252c:	00170713          	addi	a4,a4,1
80002530:	00179793          	slli	a5,a5,0x1
80002534:	00c787b3          	add	a5,a5,a2
80002538:	00074603          	lbu	a2,0(a4)
8000253c:	fd078493          	addi	s1,a5,-48
80002540:	fd060793          	addi	a5,a2,-48
80002544:	00060693          	mv	a3,a2
80002548:	fcf57ee3          	bgeu	a0,a5,80002524 <vprintfmt+0x134>
8000254c:	f20c52e3          	bgez	s8,80002470 <vprintfmt+0x80>
80002550:	00048c13          	mv	s8,s1
80002554:	fff00493          	li	s1,-1
80002558:	f19ff06f          	j	80002470 <vprintfmt+0x80>
8000255c:	00174683          	lbu	a3,1(a4)
80002560:	00040713          	mv	a4,s0
80002564:	f0dff06f          	j	80002470 <vprintfmt+0x80>
80002568:	00090593          	mv	a1,s2
8000256c:	02500513          	li	a0,37
80002570:	000980e7          	jalr	s3
80002574:	ed5ff06f          	j	80002448 <vprintfmt+0x58>
80002578:	00c12783          	lw	a5,12(sp)
8000257c:	00174683          	lbu	a3,1(a4)
80002580:	00040713          	mv	a4,s0
80002584:	0007a483          	lw	s1,0(a5)
80002588:	00478793          	addi	a5,a5,4
8000258c:	00f12623          	sw	a5,12(sp)
80002590:	fbdff06f          	j	8000254c <vprintfmt+0x15c>
80002594:	00090593          	mv	a1,s2
80002598:	03000513          	li	a0,48
8000259c:	13612823          	sw	s6,304(sp)
800025a0:	000980e7          	jalr	s3
800025a4:	00090593          	mv	a1,s2
800025a8:	07800513          	li	a0,120
800025ac:	000980e7          	jalr	s3
800025b0:	00c12783          	lw	a5,12(sp)
800025b4:	01000b93          	li	s7,16
800025b8:	00000d13          	li	s10,0
800025bc:	00478713          	addi	a4,a5,4
800025c0:	00c12783          	lw	a5,12(sp)
800025c4:	00000c93          	li	s9,0
800025c8:	0007a483          	lw	s1,0(a5)
800025cc:	00e12623          	sw	a4,12(sp)
800025d0:	000b8613          	mv	a2,s7
800025d4:	00000693          	li	a3,0
800025d8:	00048513          	mv	a0,s1
800025dc:	000c8593          	mv	a1,s9
800025e0:	7d5000ef          	jal	800035b4 <__umoddi3>
800025e4:	00a12823          	sw	a0,16(sp)
800025e8:	279d0863          	beq	s10,s9,80002858 <vprintfmt+0x468>
800025ec:	11b12e23          	sw	s11,284(sp)
800025f0:	00100b13          	li	s6,1
800025f4:	01410d93          	addi	s11,sp,20
800025f8:	00048513          	mv	a0,s1
800025fc:	000c8593          	mv	a1,s9
80002600:	000b8613          	mv	a2,s7
80002604:	00000693          	li	a3,0
80002608:	1e5000ef          	jal	80002fec <__udivdi3>
8000260c:	000b8613          	mv	a2,s7
80002610:	00000693          	li	a3,0
80002614:	00050493          	mv	s1,a0
80002618:	00058c93          	mv	s9,a1
8000261c:	799000ef          	jal	800035b4 <__umoddi3>
80002620:	00ada023          	sw	a0,0(s11)
80002624:	000b0a13          	mv	s4,s6
80002628:	004d8d93          	addi	s11,s11,4
8000262c:	001b0b13          	addi	s6,s6,1
80002630:	fd9d14e3          	bne	s10,s9,800025f8 <vprintfmt+0x208>
80002634:	fd74f2e3          	bgeu	s1,s7,800025f8 <vprintfmt+0x208>
80002638:	11c12d83          	lw	s11,284(sp)
8000263c:	fffc0b93          	addi	s7,s8,-1
80002640:	fffb0493          	addi	s1,s6,-1
80002644:	018b5c63          	bge	s6,s8,8000265c <vprintfmt+0x26c>
80002648:	00812503          	lw	a0,8(sp)
8000264c:	00090593          	mv	a1,s2
80002650:	fffb8b93          	addi	s7,s7,-1
80002654:	000980e7          	jalr	s3
80002658:	fe9b98e3          	bne	s7,s1,80002648 <vprintfmt+0x258>
8000265c:	002a1a13          	slli	s4,s4,0x2
80002660:	01010493          	addi	s1,sp,16
80002664:	01448a33          	add	s4,s1,s4
80002668:	00900b13          	li	s6,9
8000266c:	0080006f          	j	80002674 <vprintfmt+0x284>
80002670:	00078a13          	mv	s4,a5
80002674:	000a2783          	lw	a5,0(s4)
80002678:	03000513          	li	a0,48
8000267c:	00fb7463          	bgeu	s6,a5,80002684 <vprintfmt+0x294>
80002680:	05700513          	li	a0,87
80002684:	00a78533          	add	a0,a5,a0
80002688:	00090593          	mv	a1,s2
8000268c:	000980e7          	jalr	s3
80002690:	ffca0793          	addi	a5,s4,-4
80002694:	fd449ee3          	bne	s1,s4,80002670 <vprintfmt+0x280>
80002698:	13012b03          	lw	s6,304(sp)
8000269c:	dadff06f          	j	80002448 <vprintfmt+0x58>
800026a0:	13612823          	sw	s6,304(sp)
800026a4:	00100793          	li	a5,1
800026a8:	1cb7c063          	blt	a5,a1,80002868 <vprintfmt+0x478>
800026ac:	00c12783          	lw	a5,12(sp)
800026b0:	0007a483          	lw	s1,0(a5)
800026b4:	00478793          	addi	a5,a5,4
800026b8:	00f12623          	sw	a5,12(sp)
800026bc:	41f4dc93          	srai	s9,s1,0x1f
800026c0:	020cd063          	bgez	s9,800026e0 <vprintfmt+0x2f0>
800026c4:	00090593          	mv	a1,s2
800026c8:	02d00513          	li	a0,45
800026cc:	000980e7          	jalr	s3
800026d0:	00903733          	snez	a4,s1
800026d4:	419007b3          	neg	a5,s9
800026d8:	40e78cb3          	sub	s9,a5,a4
800026dc:	409004b3          	neg	s1,s1
800026e0:	00a00b93          	li	s7,10
800026e4:	00000d13          	li	s10,0
800026e8:	ee9ff06f          	j	800025d0 <vprintfmt+0x1e0>
800026ec:	00174683          	lbu	a3,1(a4)
800026f0:	00158593          	addi	a1,a1,1
800026f4:	00040713          	mv	a4,s0
800026f8:	d79ff06f          	j	80002470 <vprintfmt+0x80>
800026fc:	13612823          	sw	s6,304(sp)
80002700:	01000b93          	li	s7,16
80002704:	00000d13          	li	s10,0
80002708:	00100793          	li	a5,1
8000270c:	12b7c663          	blt	a5,a1,80002838 <vprintfmt+0x448>
80002710:	00c12783          	lw	a5,12(sp)
80002714:	00478713          	addi	a4,a5,4
80002718:	ea9ff06f          	j	800025c0 <vprintfmt+0x1d0>
8000271c:	00c12783          	lw	a5,12(sp)
80002720:	0007aa03          	lw	s4,0(a5)
80002724:	060a0a63          	beqz	s4,80002798 <vprintfmt+0x3a8>
80002728:	0d805663          	blez	s8,800027f4 <vprintfmt+0x404>
8000272c:	00812703          	lw	a4,8(sp)
80002730:	02d00793          	li	a5,45
80002734:	08f71063          	bne	a4,a5,800027b4 <vprintfmt+0x3c4>
80002738:	000a4503          	lbu	a0,0(s4)
8000273c:	02050c63          	beqz	a0,80002774 <vprintfmt+0x384>
80002740:	13612823          	sw	s6,304(sp)
80002744:	fff00b13          	li	s6,-1
80002748:	0004c663          	bltz	s1,80002754 <vprintfmt+0x364>
8000274c:	fff48493          	addi	s1,s1,-1
80002750:	01648e63          	beq	s1,s6,8000276c <vprintfmt+0x37c>
80002754:	00090593          	mv	a1,s2
80002758:	000980e7          	jalr	s3
8000275c:	001a4503          	lbu	a0,1(s4)
80002760:	001a0a13          	addi	s4,s4,1
80002764:	fffc0c13          	addi	s8,s8,-1
80002768:	fe0510e3          	bnez	a0,80002748 <vprintfmt+0x358>
8000276c:	13012b03          	lw	s6,304(sp)
80002770:	01805c63          	blez	s8,80002788 <vprintfmt+0x398>
80002774:	00090593          	mv	a1,s2
80002778:	02000513          	li	a0,32
8000277c:	fffc0c13          	addi	s8,s8,-1
80002780:	000980e7          	jalr	s3
80002784:	fe0c18e3          	bnez	s8,80002774 <vprintfmt+0x384>
80002788:	00c12783          	lw	a5,12(sp)
8000278c:	00478793          	addi	a5,a5,4
80002790:	00f12623          	sw	a5,12(sp)
80002794:	cb5ff06f          	j	80002448 <vprintfmt+0x58>
80002798:	11805863          	blez	s8,800028a8 <vprintfmt+0x4b8>
8000279c:	00812703          	lw	a4,8(sp)
800027a0:	02d00793          	li	a5,45
800027a4:	00002a17          	auipc	s4,0x2
800027a8:	190a0a13          	addi	s4,s4,400 # 80004934 <main+0xdd8>
800027ac:	02800513          	li	a0,40
800027b0:	f8f708e3          	beq	a4,a5,80002740 <vprintfmt+0x350>
800027b4:	000a0793          	mv	a5,s4
800027b8:	009a06b3          	add	a3,s4,s1
800027bc:	00049863          	bnez	s1,800027cc <vprintfmt+0x3dc>
800027c0:	0200006f          	j	800027e0 <vprintfmt+0x3f0>
800027c4:	00178793          	addi	a5,a5,1
800027c8:	00d78663          	beq	a5,a3,800027d4 <vprintfmt+0x3e4>
800027cc:	0007c703          	lbu	a4,0(a5)
800027d0:	fe071ae3          	bnez	a4,800027c4 <vprintfmt+0x3d4>
800027d4:	414787b3          	sub	a5,a5,s4
800027d8:	40fc0c33          	sub	s8,s8,a5
800027dc:	01805c63          	blez	s8,800027f4 <vprintfmt+0x404>
800027e0:	00812503          	lw	a0,8(sp)
800027e4:	00090593          	mv	a1,s2
800027e8:	fffc0c13          	addi	s8,s8,-1
800027ec:	000980e7          	jalr	s3
800027f0:	fe0c18e3          	bnez	s8,800027e0 <vprintfmt+0x3f0>
800027f4:	000a4503          	lbu	a0,0(s4)
800027f8:	f80508e3          	beqz	a0,80002788 <vprintfmt+0x398>
800027fc:	13612823          	sw	s6,304(sp)
80002800:	f45ff06f          	j	80002744 <vprintfmt+0x354>
80002804:	fffc4793          	not	a5,s8
80002808:	41f7d793          	srai	a5,a5,0x1f
8000280c:	00174683          	lbu	a3,1(a4)
80002810:	00fc7c33          	and	s8,s8,a5
80002814:	00040713          	mv	a4,s0
80002818:	c59ff06f          	j	80002470 <vprintfmt+0x80>
8000281c:	00c12783          	lw	a5,12(sp)
80002820:	00090593          	mv	a1,s2
80002824:	0007a503          	lw	a0,0(a5)
80002828:	00478493          	addi	s1,a5,4
8000282c:	000980e7          	jalr	s3
80002830:	00912623          	sw	s1,12(sp)
80002834:	c15ff06f          	j	80002448 <vprintfmt+0x58>
80002838:	00c12783          	lw	a5,12(sp)
8000283c:	00778793          	addi	a5,a5,7
80002840:	ff87f793          	andi	a5,a5,-8
80002844:	00878713          	addi	a4,a5,8
80002848:	0007a483          	lw	s1,0(a5)
8000284c:	0047ac83          	lw	s9,4(a5)
80002850:	00e12623          	sw	a4,12(sp)
80002854:	d7dff06f          	j	800025d0 <vprintfmt+0x1e0>
80002858:	d974fae3          	bgeu	s1,s7,800025ec <vprintfmt+0x1fc>
8000285c:	00000a13          	li	s4,0
80002860:	00100b13          	li	s6,1
80002864:	dd9ff06f          	j	8000263c <vprintfmt+0x24c>
80002868:	00c12783          	lw	a5,12(sp)
8000286c:	00778793          	addi	a5,a5,7
80002870:	ff87f793          	andi	a5,a5,-8
80002874:	00878713          	addi	a4,a5,8
80002878:	0007a483          	lw	s1,0(a5)
8000287c:	0047ac83          	lw	s9,4(a5)
80002880:	00e12623          	sw	a4,12(sp)
80002884:	e3dff06f          	j	800026c0 <vprintfmt+0x2d0>
80002888:	13612823          	sw	s6,304(sp)
8000288c:	00a00b93          	li	s7,10
80002890:	00000d13          	li	s10,0
80002894:	e75ff06f          	j	80002708 <vprintfmt+0x318>
80002898:	13612823          	sw	s6,304(sp)
8000289c:	00800b93          	li	s7,8
800028a0:	00000d13          	li	s10,0
800028a4:	e65ff06f          	j	80002708 <vprintfmt+0x318>
800028a8:	13612823          	sw	s6,304(sp)
800028ac:	00002a17          	auipc	s4,0x2
800028b0:	088a0a13          	addi	s4,s4,136 # 80004934 <main+0xdd8>
800028b4:	02800513          	li	a0,40
800028b8:	fff00b13          	li	s6,-1
800028bc:	e8dff06f          	j	80002748 <vprintfmt+0x358>

800028c0 <sprintf_putch.0>:
800028c0:	0005a783          	lw	a5,0(a1)
800028c4:	00a78023          	sb	a0,0(a5)
800028c8:	0005a783          	lw	a5,0(a1)
800028cc:	00178793          	addi	a5,a5,1
800028d0:	00f5a023          	sw	a5,0(a1)
800028d4:	00008067          	ret

800028d8 <putchar>:
800028d8:	04022783          	lw	a5,64(tp) # 40 <buflen.1>
800028dc:	00020713          	mv	a4,tp
800028e0:	f8010113          	addi	sp,sp,-128
800028e4:	00f70733          	add	a4,a4,a5
800028e8:	00178793          	addi	a5,a5,1
800028ec:	00a70023          	sb	a0,0(a4)
800028f0:	04f22023          	sw	a5,64(tp) # 40 <buflen.1>
800028f4:	00a00713          	li	a4,10
800028f8:	03f10693          	addi	a3,sp,63
800028fc:	fc06f693          	andi	a3,a3,-64
80002900:	00e50c63          	beq	a0,a4,80002918 <putchar+0x40>
80002904:	04000713          	li	a4,64
80002908:	00e78863          	beq	a5,a4,80002918 <putchar+0x40>
8000290c:	00000513          	li	a0,0
80002910:	08010113          	addi	sp,sp,128
80002914:	00008067          	ret
80002918:	04000813          	li	a6,64
8000291c:	0106a023          	sw	a6,0(a3)
80002920:	00000893          	li	a7,0
80002924:	0116a223          	sw	a7,4(a3)
80002928:	00100e13          	li	t3,1
8000292c:	01c6a423          	sw	t3,8(a3)
80002930:	00000e93          	li	t4,0
80002934:	01d6a623          	sw	t4,12(a3)
80002938:	00020313          	mv	t1,tp
8000293c:	0066a823          	sw	t1,16(a3)
80002940:	00000393          	li	t2,0
80002944:	0076aa23          	sw	t2,20(a3)
80002948:	00f6ac23          	sw	a5,24(a3)
8000294c:	41f7d893          	srai	a7,a5,0x1f
80002950:	0116ae23          	sw	a7,28(a3)
80002954:	0330000f          	fence	rw,rw
80002958:	ffffe617          	auipc	a2,0xffffe
8000295c:	6a860613          	addi	a2,a2,1704 # 80001000 <tohost>
80002960:	00d62023          	sw	a3,0(a2)
80002964:	00000793          	li	a5,0
80002968:	00f62223          	sw	a5,4(a2)
8000296c:	ffffe617          	auipc	a2,0xffffe
80002970:	6d460613          	addi	a2,a2,1748 # 80001040 <fromhost>
80002974:	00062703          	lw	a4,0(a2)
80002978:	00462783          	lw	a5,4(a2)
8000297c:	00f76733          	or	a4,a4,a5
80002980:	fe070ae3          	beqz	a4,80002974 <putchar+0x9c>
80002984:	00000793          	li	a5,0
80002988:	00f62023          	sw	a5,0(a2)
8000298c:	00000813          	li	a6,0
80002990:	01062223          	sw	a6,4(a2)
80002994:	0330000f          	fence	rw,rw
80002998:	04022023          	sw	zero,64(tp) # 40 <buflen.1>
8000299c:	0006a703          	lw	a4,0(a3)
800029a0:	00000513          	li	a0,0
800029a4:	0046a783          	lw	a5,4(a3)
800029a8:	08010113          	addi	sp,sp,128
800029ac:	00008067          	ret

800029b0 <setStats>:
800029b0:	b0002773          	csrr	a4,mcycle
800029b4:	83818793          	addi	a5,gp,-1992 # 80004cb8 <counters>
800029b8:	00050a63          	beqz	a0,800029cc <setStats+0x1c>
800029bc:	00e7a023          	sw	a4,0(a5)
800029c0:	b0202773          	csrr	a4,minstret
800029c4:	00e7a223          	sw	a4,4(a5)
800029c8:	00008067          	ret
800029cc:	0007a583          	lw	a1,0(a5)
800029d0:	83018693          	addi	a3,gp,-2000 # 80004cb0 <counter_names>
800029d4:	00002617          	auipc	a2,0x2
800029d8:	f6860613          	addi	a2,a2,-152 # 8000493c <main+0xde0>
800029dc:	40b70733          	sub	a4,a4,a1
800029e0:	00e7a023          	sw	a4,0(a5)
800029e4:	00c6a023          	sw	a2,0(a3)
800029e8:	b0202773          	csrr	a4,minstret
800029ec:	0047a603          	lw	a2,4(a5)
800029f0:	00002597          	auipc	a1,0x2
800029f4:	f5458593          	addi	a1,a1,-172 # 80004944 <main+0xde8>
800029f8:	00b6a223          	sw	a1,4(a3)
800029fc:	40c70733          	sub	a4,a4,a2
80002a00:	00e7a223          	sw	a4,4(a5)
80002a04:	00008067          	ret

80002a08 <tohost_exit>:
80002a08:	00151693          	slli	a3,a0,0x1
80002a0c:	0016e713          	ori	a4,a3,1
80002a10:	ffffe697          	auipc	a3,0xffffe
80002a14:	5f068693          	addi	a3,a3,1520 # 80001000 <tohost>
80002a18:	00000793          	li	a5,0
80002a1c:	00e6a023          	sw	a4,0(a3)
80002a20:	00f6a223          	sw	a5,4(a3)
80002a24:	0000006f          	j	80002a24 <tohost_exit+0x1c>

80002a28 <handle_trap>:
80002a28:	00001637          	lui	a2,0x1
80002a2c:	ffffe797          	auipc	a5,0xffffe
80002a30:	5d478793          	addi	a5,a5,1492 # 80001000 <tohost>
80002a34:	a7360613          	addi	a2,a2,-1421 # a73 <buflen.1+0xa33>
80002a38:	00000693          	li	a3,0
80002a3c:	00c7a023          	sw	a2,0(a5)
80002a40:	00d7a223          	sw	a3,4(a5)
80002a44:	0000006f          	j	80002a44 <handle_trap+0x1c>

80002a48 <exit>:
80002a48:	ff010113          	addi	sp,sp,-16
80002a4c:	00112623          	sw	ra,12(sp)
80002a50:	fb9ff0ef          	jal	80002a08 <tohost_exit>

80002a54 <abort>:
80002a54:	ffffe797          	auipc	a5,0xffffe
80002a58:	5ac78793          	addi	a5,a5,1452 # 80001000 <tohost>
80002a5c:	10d00613          	li	a2,269
80002a60:	00000693          	li	a3,0
80002a64:	00c7a023          	sw	a2,0(a5)
80002a68:	00d7a223          	sw	a3,4(a5)
80002a6c:	0000006f          	j	80002a6c <abort+0x18>

80002a70 <printstr>:
80002a70:	00054783          	lbu	a5,0(a0)
80002a74:	f8010113          	addi	sp,sp,-128
80002a78:	03f10613          	addi	a2,sp,63
80002a7c:	00050813          	mv	a6,a0
80002a80:	00000893          	li	a7,0
80002a84:	fc067613          	andi	a2,a2,-64
80002a88:	0a078063          	beqz	a5,80002b28 <printstr+0xb8>
80002a8c:	00050793          	mv	a5,a0
80002a90:	0017c703          	lbu	a4,1(a5)
80002a94:	00178793          	addi	a5,a5,1
80002a98:	fe071ce3          	bnez	a4,80002a90 <printstr+0x20>
80002a9c:	40a78333          	sub	t1,a5,a0
80002aa0:	00000393          	li	t2,0
80002aa4:	04000713          	li	a4,64
80002aa8:	00e62023          	sw	a4,0(a2)
80002aac:	00000793          	li	a5,0
80002ab0:	00f62223          	sw	a5,4(a2)
80002ab4:	00100713          	li	a4,1
80002ab8:	00e62423          	sw	a4,8(a2)
80002abc:	00000793          	li	a5,0
80002ac0:	00f62623          	sw	a5,12(a2)
80002ac4:	01062823          	sw	a6,16(a2)
80002ac8:	01162a23          	sw	a7,20(a2)
80002acc:	00662c23          	sw	t1,24(a2)
80002ad0:	00762e23          	sw	t2,28(a2)
80002ad4:	0330000f          	fence	rw,rw
80002ad8:	ffffe697          	auipc	a3,0xffffe
80002adc:	52868693          	addi	a3,a3,1320 # 80001000 <tohost>
80002ae0:	00c6a023          	sw	a2,0(a3)
80002ae4:	00000793          	li	a5,0
80002ae8:	00f6a223          	sw	a5,4(a3)
80002aec:	ffffe697          	auipc	a3,0xffffe
80002af0:	55468693          	addi	a3,a3,1364 # 80001040 <fromhost>
80002af4:	0006a703          	lw	a4,0(a3)
80002af8:	0046a783          	lw	a5,4(a3)
80002afc:	00f76733          	or	a4,a4,a5
80002b00:	fe070ae3          	beqz	a4,80002af4 <printstr+0x84>
80002b04:	00000793          	li	a5,0
80002b08:	00f6a023          	sw	a5,0(a3)
80002b0c:	00000813          	li	a6,0
80002b10:	0106a223          	sw	a6,4(a3)
80002b14:	0330000f          	fence	rw,rw
80002b18:	00062703          	lw	a4,0(a2)
80002b1c:	00462783          	lw	a5,4(a2)
80002b20:	08010113          	addi	sp,sp,128
80002b24:	00008067          	ret
80002b28:	00000313          	li	t1,0
80002b2c:	00000393          	li	t2,0
80002b30:	f75ff06f          	j	80002aa4 <printstr+0x34>

80002b34 <thread_entry>:
80002b34:	00051463          	bnez	a0,80002b3c <thread_entry+0x8>
80002b38:	00008067          	ret
80002b3c:	0000006f          	j	80002b3c <thread_entry+0x8>

80002b40 <printhex>:
80002b40:	fd010113          	addi	sp,sp,-48
80002b44:	00050713          	mv	a4,a0
80002b48:	02112623          	sw	ra,44(sp)
80002b4c:	00c10513          	addi	a0,sp,12
80002b50:	01b10613          	addi	a2,sp,27
80002b54:	00900813          	li	a6,9
80002b58:	0080006f          	j	80002b60 <printhex+0x20>
80002b5c:	00078613          	mv	a2,a5
80002b60:	00f77793          	andi	a5,a4,15
80002b64:	00f837b3          	sltu	a5,a6,a5
80002b68:	40f007b3          	neg	a5,a5
80002b6c:	0277f793          	andi	a5,a5,39
80002b70:	00f77693          	andi	a3,a4,15
80002b74:	03078793          	addi	a5,a5,48
80002b78:	00f687b3          	add	a5,a3,a5
80002b7c:	00f60023          	sb	a5,0(a2)
80002b80:	00475713          	srli	a4,a4,0x4
80002b84:	01c59793          	slli	a5,a1,0x1c
80002b88:	00e7e733          	or	a4,a5,a4
80002b8c:	0045d593          	srli	a1,a1,0x4
80002b90:	fff60793          	addi	a5,a2,-1
80002b94:	fcc514e3          	bne	a0,a2,80002b5c <printhex+0x1c>
80002b98:	00010e23          	sb	zero,28(sp)
80002b9c:	ed5ff0ef          	jal	80002a70 <printstr>
80002ba0:	02c12083          	lw	ra,44(sp)
80002ba4:	03010113          	addi	sp,sp,48
80002ba8:	00008067          	ret

80002bac <printf>:
80002bac:	fc010113          	addi	sp,sp,-64
80002bb0:	02410313          	addi	t1,sp,36
80002bb4:	02b12223          	sw	a1,36(sp)
80002bb8:	02c12423          	sw	a2,40(sp)
80002bbc:	02d12623          	sw	a3,44(sp)
80002bc0:	00050613          	mv	a2,a0
80002bc4:	00030693          	mv	a3,t1
80002bc8:	00000517          	auipc	a0,0x0
80002bcc:	d1050513          	addi	a0,a0,-752 # 800028d8 <putchar>
80002bd0:	00000593          	li	a1,0
80002bd4:	00112e23          	sw	ra,28(sp)
80002bd8:	02e12823          	sw	a4,48(sp)
80002bdc:	02f12a23          	sw	a5,52(sp)
80002be0:	03012c23          	sw	a6,56(sp)
80002be4:	03112e23          	sw	a7,60(sp)
80002be8:	00612623          	sw	t1,12(sp)
80002bec:	805ff0ef          	jal	800023f0 <vprintfmt>
80002bf0:	01c12083          	lw	ra,28(sp)
80002bf4:	00000513          	li	a0,0
80002bf8:	04010113          	addi	sp,sp,64
80002bfc:	00008067          	ret

80002c00 <sprintf>:
80002c00:	fb010113          	addi	sp,sp,-80
80002c04:	03810313          	addi	t1,sp,56
80002c08:	02812423          	sw	s0,40(sp)
80002c0c:	00a12623          	sw	a0,12(sp)
80002c10:	02c12c23          	sw	a2,56(sp)
80002c14:	02d12e23          	sw	a3,60(sp)
80002c18:	00050413          	mv	s0,a0
80002c1c:	00058613          	mv	a2,a1
80002c20:	00000517          	auipc	a0,0x0
80002c24:	ca050513          	addi	a0,a0,-864 # 800028c0 <sprintf_putch.0>
80002c28:	00c10593          	addi	a1,sp,12
80002c2c:	00030693          	mv	a3,t1
80002c30:	02112623          	sw	ra,44(sp)
80002c34:	04f12223          	sw	a5,68(sp)
80002c38:	04e12023          	sw	a4,64(sp)
80002c3c:	05012423          	sw	a6,72(sp)
80002c40:	05112623          	sw	a7,76(sp)
80002c44:	00612e23          	sw	t1,28(sp)
80002c48:	fa8ff0ef          	jal	800023f0 <vprintfmt>
80002c4c:	00c12783          	lw	a5,12(sp)
80002c50:	00078023          	sb	zero,0(a5)
80002c54:	00c12503          	lw	a0,12(sp)
80002c58:	02c12083          	lw	ra,44(sp)
80002c5c:	40850533          	sub	a0,a0,s0
80002c60:	02812403          	lw	s0,40(sp)
80002c64:	05010113          	addi	sp,sp,80
80002c68:	00008067          	ret

80002c6c <memcpy>:
80002c6c:	00c5e7b3          	or	a5,a1,a2
80002c70:	00f567b3          	or	a5,a0,a5
80002c74:	0037f793          	andi	a5,a5,3
80002c78:	00058393          	mv	t2,a1
80002c7c:	00c506b3          	add	a3,a0,a2
80002c80:	02078463          	beqz	a5,80002ca8 <memcpy+0x3c>
80002c84:	00c58633          	add	a2,a1,a2
80002c88:	00050793          	mv	a5,a0
80002c8c:	0ad57263          	bgeu	a0,a3,80002d30 <memcpy+0xc4>
80002c90:	0005c703          	lbu	a4,0(a1)
80002c94:	00158593          	addi	a1,a1,1
80002c98:	00178793          	addi	a5,a5,1
80002c9c:	fee78fa3          	sb	a4,-1(a5)
80002ca0:	fec598e3          	bne	a1,a2,80002c90 <memcpy+0x24>
80002ca4:	00008067          	ret
80002ca8:	02050713          	addi	a4,a0,32
80002cac:	08d77463          	bgeu	a4,a3,80002d34 <memcpy+0xc8>
80002cb0:	00070793          	mv	a5,a4
80002cb4:	0005a283          	lw	t0,0(a1)
80002cb8:	0045af83          	lw	t6,4(a1)
80002cbc:	0085af03          	lw	t5,8(a1)
80002cc0:	00c5ae83          	lw	t4,12(a1)
80002cc4:	0105ae03          	lw	t3,16(a1)
80002cc8:	0145a303          	lw	t1,20(a1)
80002ccc:	0185a883          	lw	a7,24(a1)
80002cd0:	01c5a803          	lw	a6,28(a1)
80002cd4:	02078793          	addi	a5,a5,32
80002cd8:	fc57a023          	sw	t0,-64(a5)
80002cdc:	fdf7a223          	sw	t6,-60(a5)
80002ce0:	fde7a423          	sw	t5,-56(a5)
80002ce4:	fdd7a623          	sw	t4,-52(a5)
80002ce8:	fdc7a823          	sw	t3,-48(a5)
80002cec:	fc67aa23          	sw	t1,-44(a5)
80002cf0:	fd17ac23          	sw	a7,-40(a5)
80002cf4:	fd07ae23          	sw	a6,-36(a5)
80002cf8:	02058593          	addi	a1,a1,32
80002cfc:	fad7ece3          	bltu	a5,a3,80002cb4 <memcpy+0x48>
80002d00:	fdf60613          	addi	a2,a2,-33
80002d04:	fe067613          	andi	a2,a2,-32
80002d08:	02038393          	addi	t2,t2,32
80002d0c:	00c707b3          	add	a5,a4,a2
80002d10:	00c385b3          	add	a1,t2,a2
80002d14:	f8d7f8e3          	bgeu	a5,a3,80002ca4 <memcpy+0x38>
80002d18:	0005a703          	lw	a4,0(a1)
80002d1c:	00478793          	addi	a5,a5,4
80002d20:	00458593          	addi	a1,a1,4
80002d24:	fee7ae23          	sw	a4,-4(a5)
80002d28:	fed7e8e3          	bltu	a5,a3,80002d18 <memcpy+0xac>
80002d2c:	00008067          	ret
80002d30:	00008067          	ret
80002d34:	00050793          	mv	a5,a0
80002d38:	fddff06f          	j	80002d14 <memcpy+0xa8>

80002d3c <memset>:
80002d3c:	ff010113          	addi	sp,sp,-16
80002d40:	00c567b3          	or	a5,a0,a2
80002d44:	00812423          	sw	s0,8(sp)
80002d48:	00112623          	sw	ra,12(sp)
80002d4c:	0037f793          	andi	a5,a5,3
80002d50:	00050413          	mv	s0,a0
80002d54:	00c50733          	add	a4,a0,a2
80002d58:	02078263          	beqz	a5,80002d7c <memset+0x40>
80002d5c:	00e57663          	bgeu	a0,a4,80002d68 <memset+0x2c>
80002d60:	0ff5f593          	zext.b	a1,a1
80002d64:	fd9ff0ef          	jal	80002d3c <memset>
80002d68:	00c12083          	lw	ra,12(sp)
80002d6c:	00040513          	mv	a0,s0
80002d70:	00812403          	lw	s0,8(sp)
80002d74:	01010113          	addi	sp,sp,16
80002d78:	00008067          	ret
80002d7c:	0ff5f593          	zext.b	a1,a1
80002d80:	00859693          	slli	a3,a1,0x8
80002d84:	00b686b3          	add	a3,a3,a1
80002d88:	01069793          	slli	a5,a3,0x10
80002d8c:	00f686b3          	add	a3,a3,a5
80002d90:	fce57ce3          	bgeu	a0,a4,80002d68 <memset+0x2c>
80002d94:	00050793          	mv	a5,a0
80002d98:	00478793          	addi	a5,a5,4
80002d9c:	fed7ae23          	sw	a3,-4(a5)
80002da0:	fee7ece3          	bltu	a5,a4,80002d98 <memset+0x5c>
80002da4:	00c12083          	lw	ra,12(sp)
80002da8:	00040513          	mv	a0,s0
80002dac:	00812403          	lw	s0,8(sp)
80002db0:	01010113          	addi	sp,sp,16
80002db4:	00008067          	ret

80002db8 <_init>:
80002db8:	f6010113          	addi	sp,sp,-160
80002dbc:	00004797          	auipc	a5,0x4
80002dc0:	6dc78793          	addi	a5,a5,1756 # 80007498 <_tdata_begin>
80002dc4:	09312623          	sw	s3,140(sp)
80002dc8:	00004997          	auipc	s3,0x4
80002dcc:	6d098993          	addi	s3,s3,1744 # 80007498 <_tdata_begin>
80002dd0:	09412423          	sw	s4,136(sp)
80002dd4:	40f98a33          	sub	s4,s3,a5
80002dd8:	08912a23          	sw	s1,148(sp)
80002ddc:	09212823          	sw	s2,144(sp)
80002de0:	00050493          	mv	s1,a0
80002de4:	00058913          	mv	s2,a1
80002de8:	00020513          	mv	a0,tp
80002dec:	00078593          	mv	a1,a5
80002df0:	000a0613          	mv	a2,s4
80002df4:	08112e23          	sw	ra,156(sp)
80002df8:	08812c23          	sw	s0,152(sp)
80002dfc:	09512223          	sw	s5,132(sp)
80002e00:	00020a93          	mv	s5,tp
80002e04:	e69ff0ef          	jal	80002c6c <memcpy>
80002e08:	00004617          	auipc	a2,0x4
80002e0c:	6fc60613          	addi	a2,a2,1788 # 80007504 <_tbss_end>
80002e10:	41360633          	sub	a2,a2,s3
80002e14:	00000593          	li	a1,0
80002e18:	014a8533          	add	a0,s5,s4
80002e1c:	f21ff0ef          	jal	80002d3c <memset>
80002e20:	00090593          	mv	a1,s2
80002e24:	00048513          	mv	a0,s1
80002e28:	d0dff0ef          	jal	80002b34 <thread_entry>
80002e2c:	00000593          	li	a1,0
80002e30:	00000513          	li	a0,0
80002e34:	529000ef          	jal	80003b5c <main>
80002e38:	83818913          	addi	s2,gp,-1992 # 80004cb8 <counters>
80002e3c:	00092683          	lw	a3,0(s2)
80002e40:	03f10413          	addi	s0,sp,63
80002e44:	fc047413          	andi	s0,s0,-64
80002e48:	00050493          	mv	s1,a0
80002e4c:	04069263          	bnez	a3,80002e90 <_init+0xd8>
80002e50:	00492683          	lw	a3,4(s2)
80002e54:	00069663          	bnez	a3,80002e60 <_init+0xa8>
80002e58:	00048513          	mv	a0,s1
80002e5c:	badff0ef          	jal	80002a08 <tohost_exit>
80002e60:	00040913          	mv	s2,s0
80002e64:	83018993          	addi	s3,gp,-2000 # 80004cb0 <counter_names>
80002e68:	0049a603          	lw	a2,4(s3)
80002e6c:	00090513          	mv	a0,s2
80002e70:	00002597          	auipc	a1,0x2
80002e74:	af858593          	addi	a1,a1,-1288 # 80004968 <main+0xe0c>
80002e78:	d89ff0ef          	jal	80002c00 <sprintf>
80002e7c:	00a90933          	add	s2,s2,a0
80002e80:	fd240ce3          	beq	s0,s2,80002e58 <_init+0xa0>
80002e84:	00040513          	mv	a0,s0
80002e88:	be9ff0ef          	jal	80002a70 <printstr>
80002e8c:	fcdff06f          	j	80002e58 <_init+0xa0>
80002e90:	83018993          	addi	s3,gp,-2000 # 80004cb0 <counter_names>
80002e94:	0009a603          	lw	a2,0(s3)
80002e98:	00002597          	auipc	a1,0x2
80002e9c:	ad058593          	addi	a1,a1,-1328 # 80004968 <main+0xe0c>
80002ea0:	00040513          	mv	a0,s0
80002ea4:	d5dff0ef          	jal	80002c00 <sprintf>
80002ea8:	00492683          	lw	a3,4(s2)
80002eac:	00a40933          	add	s2,s0,a0
80002eb0:	fc0688e3          	beqz	a3,80002e80 <_init+0xc8>
80002eb4:	fb5ff06f          	j	80002e68 <_init+0xb0>

80002eb8 <strlen>:
80002eb8:	00054783          	lbu	a5,0(a0)
80002ebc:	00078e63          	beqz	a5,80002ed8 <strlen+0x20>
80002ec0:	00050793          	mv	a5,a0
80002ec4:	0017c703          	lbu	a4,1(a5)
80002ec8:	00178793          	addi	a5,a5,1
80002ecc:	fe071ce3          	bnez	a4,80002ec4 <strlen+0xc>
80002ed0:	40a78533          	sub	a0,a5,a0
80002ed4:	00008067          	ret
80002ed8:	00000513          	li	a0,0
80002edc:	00008067          	ret

80002ee0 <strnlen>:
80002ee0:	00b506b3          	add	a3,a0,a1
80002ee4:	00050793          	mv	a5,a0
80002ee8:	00059863          	bnez	a1,80002ef8 <strnlen+0x18>
80002eec:	01c0006f          	j	80002f08 <strnlen+0x28>
80002ef0:	00178793          	addi	a5,a5,1
80002ef4:	00d78663          	beq	a5,a3,80002f00 <strnlen+0x20>
80002ef8:	0007c703          	lbu	a4,0(a5)
80002efc:	fe071ae3          	bnez	a4,80002ef0 <strnlen+0x10>
80002f00:	40a78533          	sub	a0,a5,a0
80002f04:	00008067          	ret
80002f08:	00000513          	li	a0,0
80002f0c:	00008067          	ret

80002f10 <strcmp>:
80002f10:	00054783          	lbu	a5,0(a0)
80002f14:	00150513          	addi	a0,a0,1
80002f18:	00158593          	addi	a1,a1,1
80002f1c:	fff5c703          	lbu	a4,-1(a1)
80002f20:	00078863          	beqz	a5,80002f30 <strcmp+0x20>
80002f24:	fee786e3          	beq	a5,a4,80002f10 <strcmp>
80002f28:	40e78533          	sub	a0,a5,a4
80002f2c:	00008067          	ret
80002f30:	00000793          	li	a5,0
80002f34:	ff5ff06f          	j	80002f28 <strcmp+0x18>

80002f38 <strcpy>:
80002f38:	00050793          	mv	a5,a0
80002f3c:	0005c703          	lbu	a4,0(a1)
80002f40:	00158593          	addi	a1,a1,1
80002f44:	00178793          	addi	a5,a5,1
80002f48:	fee78fa3          	sb	a4,-1(a5)
80002f4c:	fe0718e3          	bnez	a4,80002f3c <strcpy+0x4>
80002f50:	00008067          	ret

80002f54 <atol>:
80002f54:	00054703          	lbu	a4,0(a0)
80002f58:	02000693          	li	a3,32
80002f5c:	00050793          	mv	a5,a0
80002f60:	00d71a63          	bne	a4,a3,80002f74 <atol+0x20>
80002f64:	00070693          	mv	a3,a4
80002f68:	0017c703          	lbu	a4,1(a5)
80002f6c:	00178793          	addi	a5,a5,1
80002f70:	fed70ce3          	beq	a4,a3,80002f68 <atol+0x14>
80002f74:	02d00693          	li	a3,45
80002f78:	04d70e63          	beq	a4,a3,80002fd4 <atol+0x80>
80002f7c:	02b00693          	li	a3,43
80002f80:	04d70063          	beq	a4,a3,80002fc0 <atol+0x6c>
80002f84:	0007c683          	lbu	a3,0(a5)
80002f88:	00000593          	li	a1,0
80002f8c:	04068c63          	beqz	a3,80002fe4 <atol+0x90>
80002f90:	00000513          	li	a0,0
80002f94:	00178793          	addi	a5,a5,1
80002f98:	fd068613          	addi	a2,a3,-48
80002f9c:	00251713          	slli	a4,a0,0x2
80002fa0:	0007c683          	lbu	a3,0(a5)
80002fa4:	00a70733          	add	a4,a4,a0
80002fa8:	00171713          	slli	a4,a4,0x1
80002fac:	00e60533          	add	a0,a2,a4
80002fb0:	fe0692e3          	bnez	a3,80002f94 <atol+0x40>
80002fb4:	02058a63          	beqz	a1,80002fe8 <atol+0x94>
80002fb8:	40a00533          	neg	a0,a0
80002fbc:	00008067          	ret
80002fc0:	0017c683          	lbu	a3,1(a5)
80002fc4:	00178793          	addi	a5,a5,1
80002fc8:	00068e63          	beqz	a3,80002fe4 <atol+0x90>
80002fcc:	00000593          	li	a1,0
80002fd0:	fc1ff06f          	j	80002f90 <atol+0x3c>
80002fd4:	0017c683          	lbu	a3,1(a5)
80002fd8:	00100593          	li	a1,1
80002fdc:	00b787b3          	add	a5,a5,a1
80002fe0:	fa0698e3          	bnez	a3,80002f90 <atol+0x3c>
80002fe4:	00000513          	li	a0,0
80002fe8:	00008067          	ret

80002fec <__udivdi3>:
80002fec:	fd010113          	addi	sp,sp,-48
80002ff0:	01412c23          	sw	s4,24(sp)
80002ff4:	02112623          	sw	ra,44(sp)
80002ff8:	02812423          	sw	s0,40(sp)
80002ffc:	02912223          	sw	s1,36(sp)
80003000:	03212023          	sw	s2,32(sp)
80003004:	01312e23          	sw	s3,28(sp)
80003008:	01512a23          	sw	s5,20(sp)
8000300c:	01612823          	sw	s6,16(sp)
80003010:	01712623          	sw	s7,12(sp)
80003014:	01812423          	sw	s8,8(sp)
80003018:	01912223          	sw	s9,4(sp)
8000301c:	01a12023          	sw	s10,0(sp)
80003020:	00050a13          	mv	s4,a0
80003024:	38069663          	bnez	a3,800033b0 <__udivdi3+0x3c4>
80003028:	800057b7          	lui	a5,0x80005
8000302c:	00060993          	mv	s3,a2
80003030:	00050493          	mv	s1,a0
80003034:	acc78793          	addi	a5,a5,-1332 # 80004acc <__clz_tab>
80003038:	12c5f863          	bgeu	a1,a2,80003168 <__udivdi3+0x17c>
8000303c:	00010737          	lui	a4,0x10
80003040:	00058913          	mv	s2,a1
80003044:	10e67863          	bgeu	a2,a4,80003154 <__udivdi3+0x168>
80003048:	10063713          	sltiu	a4,a2,256
8000304c:	00173713          	seqz	a4,a4
80003050:	00371713          	slli	a4,a4,0x3
80003054:	00e656b3          	srl	a3,a2,a4
80003058:	00d787b3          	add	a5,a5,a3
8000305c:	0007c783          	lbu	a5,0(a5)
80003060:	02000693          	li	a3,32
80003064:	00e787b3          	add	a5,a5,a4
80003068:	40f68733          	sub	a4,a3,a5
8000306c:	00f68c63          	beq	a3,a5,80003084 <__udivdi3+0x98>
80003070:	00e59933          	sll	s2,a1,a4
80003074:	00fa57b3          	srl	a5,s4,a5
80003078:	00e619b3          	sll	s3,a2,a4
8000307c:	0127e933          	or	s2,a5,s2
80003080:	00ea14b3          	sll	s1,s4,a4
80003084:	0109da93          	srli	s5,s3,0x10
80003088:	000a8593          	mv	a1,s5
8000308c:	00090513          	mv	a0,s2
80003090:	01099b13          	slli	s6,s3,0x10
80003094:	21d000ef          	jal	80003ab0 <__hidden___udivsi3>
80003098:	010b5b13          	srli	s6,s6,0x10
8000309c:	00050593          	mv	a1,a0
800030a0:	00050a13          	mv	s4,a0
800030a4:	000b0513          	mv	a0,s6
800030a8:	1dd000ef          	jal	80003a84 <__mulsi3>
800030ac:	00050413          	mv	s0,a0
800030b0:	000a8593          	mv	a1,s5
800030b4:	00090513          	mv	a0,s2
800030b8:	241000ef          	jal	80003af8 <__umodsi3>
800030bc:	01051513          	slli	a0,a0,0x10
800030c0:	0104d713          	srli	a4,s1,0x10
800030c4:	00a76733          	or	a4,a4,a0
800030c8:	000a0913          	mv	s2,s4
800030cc:	00877e63          	bgeu	a4,s0,800030e8 <__udivdi3+0xfc>
800030d0:	00e98733          	add	a4,s3,a4
800030d4:	fffa0913          	addi	s2,s4,-1
800030d8:	01376863          	bltu	a4,s3,800030e8 <__udivdi3+0xfc>
800030dc:	00877663          	bgeu	a4,s0,800030e8 <__udivdi3+0xfc>
800030e0:	ffea0913          	addi	s2,s4,-2
800030e4:	01370733          	add	a4,a4,s3
800030e8:	40870433          	sub	s0,a4,s0
800030ec:	000a8593          	mv	a1,s5
800030f0:	00040513          	mv	a0,s0
800030f4:	1bd000ef          	jal	80003ab0 <__hidden___udivsi3>
800030f8:	00050593          	mv	a1,a0
800030fc:	00050a13          	mv	s4,a0
80003100:	000b0513          	mv	a0,s6
80003104:	181000ef          	jal	80003a84 <__mulsi3>
80003108:	00050b13          	mv	s6,a0
8000310c:	000a8593          	mv	a1,s5
80003110:	00040513          	mv	a0,s0
80003114:	1e5000ef          	jal	80003af8 <__umodsi3>
80003118:	01049493          	slli	s1,s1,0x10
8000311c:	01051513          	slli	a0,a0,0x10
80003120:	0104d493          	srli	s1,s1,0x10
80003124:	00a4e4b3          	or	s1,s1,a0
80003128:	000a0713          	mv	a4,s4
8000312c:	0164fc63          	bgeu	s1,s6,80003144 <__udivdi3+0x158>
80003130:	009984b3          	add	s1,s3,s1
80003134:	fffa0713          	addi	a4,s4,-1
80003138:	0134e663          	bltu	s1,s3,80003144 <__udivdi3+0x158>
8000313c:	0164f463          	bgeu	s1,s6,80003144 <__udivdi3+0x158>
80003140:	ffea0713          	addi	a4,s4,-2
80003144:	01091793          	slli	a5,s2,0x10
80003148:	00e7e7b3          	or	a5,a5,a4
8000314c:	00000913          	li	s2,0
80003150:	1200006f          	j	80003270 <__udivdi3+0x284>
80003154:	010006b7          	lui	a3,0x1000
80003158:	01800713          	li	a4,24
8000315c:	eed67ce3          	bgeu	a2,a3,80003054 <__udivdi3+0x68>
80003160:	01000713          	li	a4,16
80003164:	ef1ff06f          	j	80003054 <__udivdi3+0x68>
80003168:	00000713          	li	a4,0
8000316c:	00060c63          	beqz	a2,80003184 <__udivdi3+0x198>
80003170:	00010737          	lui	a4,0x10
80003174:	12e67e63          	bgeu	a2,a4,800032b0 <__udivdi3+0x2c4>
80003178:	10063713          	sltiu	a4,a2,256
8000317c:	00173713          	seqz	a4,a4
80003180:	00371713          	slli	a4,a4,0x3
80003184:	00e656b3          	srl	a3,a2,a4
80003188:	00d787b3          	add	a5,a5,a3
8000318c:	0007c783          	lbu	a5,0(a5)
80003190:	02000693          	li	a3,32
80003194:	00e787b3          	add	a5,a5,a4
80003198:	40f68733          	sub	a4,a3,a5
8000319c:	12f69463          	bne	a3,a5,800032c4 <__udivdi3+0x2d8>
800031a0:	40c58a33          	sub	s4,a1,a2
800031a4:	00100913          	li	s2,1
800031a8:	0109db13          	srli	s6,s3,0x10
800031ac:	000b0593          	mv	a1,s6
800031b0:	000a0513          	mv	a0,s4
800031b4:	01099b93          	slli	s7,s3,0x10
800031b8:	0f9000ef          	jal	80003ab0 <__hidden___udivsi3>
800031bc:	010bdb93          	srli	s7,s7,0x10
800031c0:	00050593          	mv	a1,a0
800031c4:	00050c13          	mv	s8,a0
800031c8:	000b8513          	mv	a0,s7
800031cc:	0b9000ef          	jal	80003a84 <__mulsi3>
800031d0:	00050a93          	mv	s5,a0
800031d4:	000b0593          	mv	a1,s6
800031d8:	000a0513          	mv	a0,s4
800031dc:	11d000ef          	jal	80003af8 <__umodsi3>
800031e0:	01051513          	slli	a0,a0,0x10
800031e4:	0104d713          	srli	a4,s1,0x10
800031e8:	00a76733          	or	a4,a4,a0
800031ec:	000c0a13          	mv	s4,s8
800031f0:	01577e63          	bgeu	a4,s5,8000320c <__udivdi3+0x220>
800031f4:	00e98733          	add	a4,s3,a4
800031f8:	fffc0a13          	addi	s4,s8,-1
800031fc:	01376863          	bltu	a4,s3,8000320c <__udivdi3+0x220>
80003200:	01577663          	bgeu	a4,s5,8000320c <__udivdi3+0x220>
80003204:	ffec0a13          	addi	s4,s8,-2
80003208:	01370733          	add	a4,a4,s3
8000320c:	41570433          	sub	s0,a4,s5
80003210:	000b0593          	mv	a1,s6
80003214:	00040513          	mv	a0,s0
80003218:	099000ef          	jal	80003ab0 <__hidden___udivsi3>
8000321c:	00050593          	mv	a1,a0
80003220:	00050a93          	mv	s5,a0
80003224:	000b8513          	mv	a0,s7
80003228:	05d000ef          	jal	80003a84 <__mulsi3>
8000322c:	00050b93          	mv	s7,a0
80003230:	000b0593          	mv	a1,s6
80003234:	00040513          	mv	a0,s0
80003238:	0c1000ef          	jal	80003af8 <__umodsi3>
8000323c:	01049493          	slli	s1,s1,0x10
80003240:	01051513          	slli	a0,a0,0x10
80003244:	0104d493          	srli	s1,s1,0x10
80003248:	00a4e4b3          	or	s1,s1,a0
8000324c:	000a8713          	mv	a4,s5
80003250:	0174fc63          	bgeu	s1,s7,80003268 <__udivdi3+0x27c>
80003254:	009984b3          	add	s1,s3,s1
80003258:	fffa8713          	addi	a4,s5,-1
8000325c:	0134e663          	bltu	s1,s3,80003268 <__udivdi3+0x27c>
80003260:	0174f463          	bgeu	s1,s7,80003268 <__udivdi3+0x27c>
80003264:	ffea8713          	addi	a4,s5,-2
80003268:	010a1793          	slli	a5,s4,0x10
8000326c:	00e7e7b3          	or	a5,a5,a4
80003270:	02c12083          	lw	ra,44(sp)
80003274:	02812403          	lw	s0,40(sp)
80003278:	02412483          	lw	s1,36(sp)
8000327c:	01c12983          	lw	s3,28(sp)
80003280:	01812a03          	lw	s4,24(sp)
80003284:	01412a83          	lw	s5,20(sp)
80003288:	01012b03          	lw	s6,16(sp)
8000328c:	00c12b83          	lw	s7,12(sp)
80003290:	00812c03          	lw	s8,8(sp)
80003294:	00412c83          	lw	s9,4(sp)
80003298:	00012d03          	lw	s10,0(sp)
8000329c:	00090593          	mv	a1,s2
800032a0:	00078513          	mv	a0,a5
800032a4:	02012903          	lw	s2,32(sp)
800032a8:	03010113          	addi	sp,sp,48
800032ac:	00008067          	ret
800032b0:	010006b7          	lui	a3,0x1000
800032b4:	01800713          	li	a4,24
800032b8:	ecd676e3          	bgeu	a2,a3,80003184 <__udivdi3+0x198>
800032bc:	01000713          	li	a4,16
800032c0:	ec5ff06f          	j	80003184 <__udivdi3+0x198>
800032c4:	00e619b3          	sll	s3,a2,a4
800032c8:	00f5d933          	srl	s2,a1,a5
800032cc:	0109db93          	srli	s7,s3,0x10
800032d0:	00e595b3          	sll	a1,a1,a4
800032d4:	00fa57b3          	srl	a5,s4,a5
800032d8:	00b7eab3          	or	s5,a5,a1
800032dc:	00ea14b3          	sll	s1,s4,a4
800032e0:	000b8593          	mv	a1,s7
800032e4:	00090513          	mv	a0,s2
800032e8:	01099a13          	slli	s4,s3,0x10
800032ec:	7c4000ef          	jal	80003ab0 <__hidden___udivsi3>
800032f0:	010a5a13          	srli	s4,s4,0x10
800032f4:	00050593          	mv	a1,a0
800032f8:	00050b13          	mv	s6,a0
800032fc:	000a0513          	mv	a0,s4
80003300:	784000ef          	jal	80003a84 <__mulsi3>
80003304:	00050413          	mv	s0,a0
80003308:	000b8593          	mv	a1,s7
8000330c:	00090513          	mv	a0,s2
80003310:	7e8000ef          	jal	80003af8 <__umodsi3>
80003314:	01051513          	slli	a0,a0,0x10
80003318:	010ad713          	srli	a4,s5,0x10
8000331c:	00a76733          	or	a4,a4,a0
80003320:	000b0913          	mv	s2,s6
80003324:	00877e63          	bgeu	a4,s0,80003340 <__udivdi3+0x354>
80003328:	00e98733          	add	a4,s3,a4
8000332c:	fffb0913          	addi	s2,s6,-1
80003330:	01376863          	bltu	a4,s3,80003340 <__udivdi3+0x354>
80003334:	00877663          	bgeu	a4,s0,80003340 <__udivdi3+0x354>
80003338:	ffeb0913          	addi	s2,s6,-2
8000333c:	01370733          	add	a4,a4,s3
80003340:	40870433          	sub	s0,a4,s0
80003344:	000b8593          	mv	a1,s7
80003348:	00040513          	mv	a0,s0
8000334c:	764000ef          	jal	80003ab0 <__hidden___udivsi3>
80003350:	00050593          	mv	a1,a0
80003354:	00050b13          	mv	s6,a0
80003358:	000a0513          	mv	a0,s4
8000335c:	728000ef          	jal	80003a84 <__mulsi3>
80003360:	00050a13          	mv	s4,a0
80003364:	000b8593          	mv	a1,s7
80003368:	00040513          	mv	a0,s0
8000336c:	78c000ef          	jal	80003af8 <__umodsi3>
80003370:	010a9793          	slli	a5,s5,0x10
80003374:	01051513          	slli	a0,a0,0x10
80003378:	0107d793          	srli	a5,a5,0x10
8000337c:	00a7e7b3          	or	a5,a5,a0
80003380:	000b0713          	mv	a4,s6
80003384:	0147fe63          	bgeu	a5,s4,800033a0 <__udivdi3+0x3b4>
80003388:	00f987b3          	add	a5,s3,a5
8000338c:	fffb0713          	addi	a4,s6,-1
80003390:	0137e863          	bltu	a5,s3,800033a0 <__udivdi3+0x3b4>
80003394:	0147f663          	bgeu	a5,s4,800033a0 <__udivdi3+0x3b4>
80003398:	ffeb0713          	addi	a4,s6,-2
8000339c:	013787b3          	add	a5,a5,s3
800033a0:	01091913          	slli	s2,s2,0x10
800033a4:	41478a33          	sub	s4,a5,s4
800033a8:	00e96933          	or	s2,s2,a4
800033ac:	dfdff06f          	j	800031a8 <__udivdi3+0x1bc>
800033b0:	1ed5ec63          	bltu	a1,a3,800035a8 <__udivdi3+0x5bc>
800033b4:	000107b7          	lui	a5,0x10
800033b8:	04f6f463          	bgeu	a3,a5,80003400 <__udivdi3+0x414>
800033bc:	1006b713          	sltiu	a4,a3,256
800033c0:	00173713          	seqz	a4,a4
800033c4:	00371713          	slli	a4,a4,0x3
800033c8:	800057b7          	lui	a5,0x80005
800033cc:	00e6d533          	srl	a0,a3,a4
800033d0:	acc78793          	addi	a5,a5,-1332 # 80004acc <__clz_tab>
800033d4:	00a787b3          	add	a5,a5,a0
800033d8:	0007c803          	lbu	a6,0(a5)
800033dc:	02000793          	li	a5,32
800033e0:	00e80833          	add	a6,a6,a4
800033e4:	41078933          	sub	s2,a5,a6
800033e8:	03079663          	bne	a5,a6,80003414 <__udivdi3+0x428>
800033ec:	00100793          	li	a5,1
800033f0:	e8b6e0e3          	bltu	a3,a1,80003270 <__udivdi3+0x284>
800033f4:	00ca37b3          	sltu	a5,s4,a2
800033f8:	0017b793          	seqz	a5,a5
800033fc:	e75ff06f          	j	80003270 <__udivdi3+0x284>
80003400:	010007b7          	lui	a5,0x1000
80003404:	01800713          	li	a4,24
80003408:	fcf6f0e3          	bgeu	a3,a5,800033c8 <__udivdi3+0x3dc>
8000340c:	01000713          	li	a4,16
80003410:	fb9ff06f          	j	800033c8 <__udivdi3+0x3dc>
80003414:	012696b3          	sll	a3,a3,s2
80003418:	01065ab3          	srl	s5,a2,a6
8000341c:	00daeab3          	or	s5,s5,a3
80003420:	0105d9b3          	srl	s3,a1,a6
80003424:	010adc13          	srli	s8,s5,0x10
80003428:	010a5833          	srl	a6,s4,a6
8000342c:	012595b3          	sll	a1,a1,s2
80003430:	00b864b3          	or	s1,a6,a1
80003434:	010a9b93          	slli	s7,s5,0x10
80003438:	000c0593          	mv	a1,s8
8000343c:	00098513          	mv	a0,s3
80003440:	01261433          	sll	s0,a2,s2
80003444:	010bdb93          	srli	s7,s7,0x10
80003448:	668000ef          	jal	80003ab0 <__hidden___udivsi3>
8000344c:	00050593          	mv	a1,a0
80003450:	00050d13          	mv	s10,a0
80003454:	000b8513          	mv	a0,s7
80003458:	62c000ef          	jal	80003a84 <__mulsi3>
8000345c:	00050c93          	mv	s9,a0
80003460:	000c0593          	mv	a1,s8
80003464:	00098513          	mv	a0,s3
80003468:	690000ef          	jal	80003af8 <__umodsi3>
8000346c:	01051513          	slli	a0,a0,0x10
80003470:	0104d693          	srli	a3,s1,0x10
80003474:	00a6e6b3          	or	a3,a3,a0
80003478:	000d0b13          	mv	s6,s10
8000347c:	0196fe63          	bgeu	a3,s9,80003498 <__udivdi3+0x4ac>
80003480:	00da86b3          	add	a3,s5,a3
80003484:	fffd0b13          	addi	s6,s10,-1
80003488:	0156e863          	bltu	a3,s5,80003498 <__udivdi3+0x4ac>
8000348c:	0196f663          	bgeu	a3,s9,80003498 <__udivdi3+0x4ac>
80003490:	ffed0b13          	addi	s6,s10,-2
80003494:	015686b3          	add	a3,a3,s5
80003498:	419689b3          	sub	s3,a3,s9
8000349c:	000c0593          	mv	a1,s8
800034a0:	00098513          	mv	a0,s3
800034a4:	60c000ef          	jal	80003ab0 <__hidden___udivsi3>
800034a8:	00050593          	mv	a1,a0
800034ac:	00050c93          	mv	s9,a0
800034b0:	000b8513          	mv	a0,s7
800034b4:	5d0000ef          	jal	80003a84 <__mulsi3>
800034b8:	00050b93          	mv	s7,a0
800034bc:	000c0593          	mv	a1,s8
800034c0:	00098513          	mv	a0,s3
800034c4:	634000ef          	jal	80003af8 <__umodsi3>
800034c8:	01049713          	slli	a4,s1,0x10
800034cc:	01051513          	slli	a0,a0,0x10
800034d0:	01075713          	srli	a4,a4,0x10
800034d4:	00a76733          	or	a4,a4,a0
800034d8:	000c8693          	mv	a3,s9
800034dc:	01777e63          	bgeu	a4,s7,800034f8 <__udivdi3+0x50c>
800034e0:	00ea8733          	add	a4,s5,a4
800034e4:	fffc8693          	addi	a3,s9,-1
800034e8:	01576863          	bltu	a4,s5,800034f8 <__udivdi3+0x50c>
800034ec:	01777663          	bgeu	a4,s7,800034f8 <__udivdi3+0x50c>
800034f0:	ffec8693          	addi	a3,s9,-2
800034f4:	01570733          	add	a4,a4,s5
800034f8:	010b1793          	slli	a5,s6,0x10
800034fc:	01069813          	slli	a6,a3,0x10
80003500:	01041313          	slli	t1,s0,0x10
80003504:	00d7e7b3          	or	a5,a5,a3
80003508:	01085813          	srli	a6,a6,0x10
8000350c:	01035313          	srli	t1,t1,0x10
80003510:	41770733          	sub	a4,a4,s7
80003514:	0107de13          	srli	t3,a5,0x10
80003518:	01045413          	srli	s0,s0,0x10
8000351c:	00080513          	mv	a0,a6
80003520:	00030593          	mv	a1,t1
80003524:	560000ef          	jal	80003a84 <__mulsi3>
80003528:	00050893          	mv	a7,a0
8000352c:	00040593          	mv	a1,s0
80003530:	00080513          	mv	a0,a6
80003534:	550000ef          	jal	80003a84 <__mulsi3>
80003538:	00050813          	mv	a6,a0
8000353c:	00030593          	mv	a1,t1
80003540:	000e0513          	mv	a0,t3
80003544:	540000ef          	jal	80003a84 <__mulsi3>
80003548:	00050313          	mv	t1,a0
8000354c:	00040593          	mv	a1,s0
80003550:	000e0513          	mv	a0,t3
80003554:	530000ef          	jal	80003a84 <__mulsi3>
80003558:	0108d693          	srli	a3,a7,0x10
8000355c:	00680833          	add	a6,a6,t1
80003560:	010686b3          	add	a3,a3,a6
80003564:	00050613          	mv	a2,a0
80003568:	0066f663          	bgeu	a3,t1,80003574 <__udivdi3+0x588>
8000356c:	000105b7          	lui	a1,0x10
80003570:	00b50633          	add	a2,a0,a1
80003574:	0106d593          	srli	a1,a3,0x10
80003578:	00c58633          	add	a2,a1,a2
8000357c:	02c76263          	bltu	a4,a2,800035a0 <__udivdi3+0x5b4>
80003580:	bcc716e3          	bne	a4,a2,8000314c <__udivdi3+0x160>
80003584:	01089893          	slli	a7,a7,0x10
80003588:	01069693          	slli	a3,a3,0x10
8000358c:	0108d893          	srli	a7,a7,0x10
80003590:	012a1733          	sll	a4,s4,s2
80003594:	011686b3          	add	a3,a3,a7
80003598:	00000913          	li	s2,0
8000359c:	ccd77ae3          	bgeu	a4,a3,80003270 <__udivdi3+0x284>
800035a0:	fff78793          	addi	a5,a5,-1 # ffffff <buflen.1+0xffffbf>
800035a4:	ba9ff06f          	j	8000314c <__udivdi3+0x160>
800035a8:	00000913          	li	s2,0
800035ac:	00000793          	li	a5,0
800035b0:	cc1ff06f          	j	80003270 <__udivdi3+0x284>

800035b4 <__umoddi3>:
800035b4:	fd010113          	addi	sp,sp,-48
800035b8:	02812423          	sw	s0,40(sp)
800035bc:	02912223          	sw	s1,36(sp)
800035c0:	02112623          	sw	ra,44(sp)
800035c4:	03212023          	sw	s2,32(sp)
800035c8:	01312e23          	sw	s3,28(sp)
800035cc:	01412c23          	sw	s4,24(sp)
800035d0:	01512a23          	sw	s5,20(sp)
800035d4:	01612823          	sw	s6,16(sp)
800035d8:	01712623          	sw	s7,12(sp)
800035dc:	01812423          	sw	s8,8(sp)
800035e0:	01912223          	sw	s9,4(sp)
800035e4:	01a12023          	sw	s10,0(sp)
800035e8:	00050413          	mv	s0,a0
800035ec:	00058493          	mv	s1,a1
800035f0:	24069c63          	bnez	a3,80003848 <__umoddi3+0x294>
800035f4:	800057b7          	lui	a5,0x80005
800035f8:	00060993          	mv	s3,a2
800035fc:	acc78793          	addi	a5,a5,-1332 # 80004acc <__clz_tab>
80003600:	12c5fe63          	bgeu	a1,a2,8000373c <__umoddi3+0x188>
80003604:	00010737          	lui	a4,0x10
80003608:	12e67063          	bgeu	a2,a4,80003728 <__umoddi3+0x174>
8000360c:	10063713          	sltiu	a4,a2,256
80003610:	00173713          	seqz	a4,a4
80003614:	00371713          	slli	a4,a4,0x3
80003618:	00e656b3          	srl	a3,a2,a4
8000361c:	00d787b3          	add	a5,a5,a3
80003620:	0007c783          	lbu	a5,0(a5)
80003624:	00e787b3          	add	a5,a5,a4
80003628:	02000713          	li	a4,32
8000362c:	40f70933          	sub	s2,a4,a5
80003630:	00f70c63          	beq	a4,a5,80003648 <__umoddi3+0x94>
80003634:	012594b3          	sll	s1,a1,s2
80003638:	00f557b3          	srl	a5,a0,a5
8000363c:	012619b3          	sll	s3,a2,s2
80003640:	0097e4b3          	or	s1,a5,s1
80003644:	01251433          	sll	s0,a0,s2
80003648:	0109da93          	srli	s5,s3,0x10
8000364c:	000a8593          	mv	a1,s5
80003650:	01099b13          	slli	s6,s3,0x10
80003654:	00048513          	mv	a0,s1
80003658:	458000ef          	jal	80003ab0 <__hidden___udivsi3>
8000365c:	010b5b13          	srli	s6,s6,0x10
80003660:	000b0593          	mv	a1,s6
80003664:	420000ef          	jal	80003a84 <__mulsi3>
80003668:	00050a13          	mv	s4,a0
8000366c:	000a8593          	mv	a1,s5
80003670:	00048513          	mv	a0,s1
80003674:	484000ef          	jal	80003af8 <__umodsi3>
80003678:	01051513          	slli	a0,a0,0x10
8000367c:	01045793          	srli	a5,s0,0x10
80003680:	00a7e7b3          	or	a5,a5,a0
80003684:	0147fa63          	bgeu	a5,s4,80003698 <__umoddi3+0xe4>
80003688:	00f987b3          	add	a5,s3,a5
8000368c:	0137e663          	bltu	a5,s3,80003698 <__umoddi3+0xe4>
80003690:	0147f463          	bgeu	a5,s4,80003698 <__umoddi3+0xe4>
80003694:	013787b3          	add	a5,a5,s3
80003698:	414784b3          	sub	s1,a5,s4
8000369c:	000a8593          	mv	a1,s5
800036a0:	00048513          	mv	a0,s1
800036a4:	40c000ef          	jal	80003ab0 <__hidden___udivsi3>
800036a8:	000b0593          	mv	a1,s6
800036ac:	3d8000ef          	jal	80003a84 <__mulsi3>
800036b0:	00050a13          	mv	s4,a0
800036b4:	000a8593          	mv	a1,s5
800036b8:	00048513          	mv	a0,s1
800036bc:	43c000ef          	jal	80003af8 <__umodsi3>
800036c0:	01041413          	slli	s0,s0,0x10
800036c4:	01051513          	slli	a0,a0,0x10
800036c8:	01045413          	srli	s0,s0,0x10
800036cc:	00a46433          	or	s0,s0,a0
800036d0:	01447a63          	bgeu	s0,s4,800036e4 <__umoddi3+0x130>
800036d4:	00898433          	add	s0,s3,s0
800036d8:	01346663          	bltu	s0,s3,800036e4 <__umoddi3+0x130>
800036dc:	01447463          	bgeu	s0,s4,800036e4 <__umoddi3+0x130>
800036e0:	01340433          	add	s0,s0,s3
800036e4:	41440433          	sub	s0,s0,s4
800036e8:	01245533          	srl	a0,s0,s2
800036ec:	00000593          	li	a1,0
800036f0:	02c12083          	lw	ra,44(sp)
800036f4:	02812403          	lw	s0,40(sp)
800036f8:	02412483          	lw	s1,36(sp)
800036fc:	02012903          	lw	s2,32(sp)
80003700:	01c12983          	lw	s3,28(sp)
80003704:	01812a03          	lw	s4,24(sp)
80003708:	01412a83          	lw	s5,20(sp)
8000370c:	01012b03          	lw	s6,16(sp)
80003710:	00c12b83          	lw	s7,12(sp)
80003714:	00812c03          	lw	s8,8(sp)
80003718:	00412c83          	lw	s9,4(sp)
8000371c:	00012d03          	lw	s10,0(sp)
80003720:	03010113          	addi	sp,sp,48
80003724:	00008067          	ret
80003728:	010006b7          	lui	a3,0x1000
8000372c:	01800713          	li	a4,24
80003730:	eed674e3          	bgeu	a2,a3,80003618 <__umoddi3+0x64>
80003734:	01000713          	li	a4,16
80003738:	ee1ff06f          	j	80003618 <__umoddi3+0x64>
8000373c:	00000713          	li	a4,0
80003740:	00060c63          	beqz	a2,80003758 <__umoddi3+0x1a4>
80003744:	00010737          	lui	a4,0x10
80003748:	0ee67663          	bgeu	a2,a4,80003834 <__umoddi3+0x280>
8000374c:	10063713          	sltiu	a4,a2,256
80003750:	00173713          	seqz	a4,a4
80003754:	00371713          	slli	a4,a4,0x3
80003758:	00e656b3          	srl	a3,a2,a4
8000375c:	00d787b3          	add	a5,a5,a3
80003760:	0007c783          	lbu	a5,0(a5)
80003764:	40c584b3          	sub	s1,a1,a2
80003768:	00e787b3          	add	a5,a5,a4
8000376c:	02000713          	li	a4,32
80003770:	40f70933          	sub	s2,a4,a5
80003774:	ecf70ae3          	beq	a4,a5,80003648 <__umoddi3+0x94>
80003778:	012619b3          	sll	s3,a2,s2
8000377c:	00f5dbb3          	srl	s7,a1,a5
80003780:	0109db13          	srli	s6,s3,0x10
80003784:	00f557b3          	srl	a5,a0,a5
80003788:	012595b3          	sll	a1,a1,s2
8000378c:	00b7ea33          	or	s4,a5,a1
80003790:	01251433          	sll	s0,a0,s2
80003794:	000b0593          	mv	a1,s6
80003798:	01099a93          	slli	s5,s3,0x10
8000379c:	000b8513          	mv	a0,s7
800037a0:	310000ef          	jal	80003ab0 <__hidden___udivsi3>
800037a4:	010ada93          	srli	s5,s5,0x10
800037a8:	000a8593          	mv	a1,s5
800037ac:	2d8000ef          	jal	80003a84 <__mulsi3>
800037b0:	00050493          	mv	s1,a0
800037b4:	000b0593          	mv	a1,s6
800037b8:	000b8513          	mv	a0,s7
800037bc:	33c000ef          	jal	80003af8 <__umodsi3>
800037c0:	01051513          	slli	a0,a0,0x10
800037c4:	010a5713          	srli	a4,s4,0x10
800037c8:	00a76733          	or	a4,a4,a0
800037cc:	00977a63          	bgeu	a4,s1,800037e0 <__umoddi3+0x22c>
800037d0:	00e98733          	add	a4,s3,a4
800037d4:	01376663          	bltu	a4,s3,800037e0 <__umoddi3+0x22c>
800037d8:	00977463          	bgeu	a4,s1,800037e0 <__umoddi3+0x22c>
800037dc:	01370733          	add	a4,a4,s3
800037e0:	409704b3          	sub	s1,a4,s1
800037e4:	000b0593          	mv	a1,s6
800037e8:	00048513          	mv	a0,s1
800037ec:	2c4000ef          	jal	80003ab0 <__hidden___udivsi3>
800037f0:	000a8593          	mv	a1,s5
800037f4:	290000ef          	jal	80003a84 <__mulsi3>
800037f8:	00050a93          	mv	s5,a0
800037fc:	000b0593          	mv	a1,s6
80003800:	00048513          	mv	a0,s1
80003804:	2f4000ef          	jal	80003af8 <__umodsi3>
80003808:	010a1793          	slli	a5,s4,0x10
8000380c:	01051513          	slli	a0,a0,0x10
80003810:	0107d793          	srli	a5,a5,0x10
80003814:	00a7e7b3          	or	a5,a5,a0
80003818:	0157fa63          	bgeu	a5,s5,8000382c <__umoddi3+0x278>
8000381c:	00f987b3          	add	a5,s3,a5
80003820:	0137e663          	bltu	a5,s3,8000382c <__umoddi3+0x278>
80003824:	0157f463          	bgeu	a5,s5,8000382c <__umoddi3+0x278>
80003828:	013787b3          	add	a5,a5,s3
8000382c:	415784b3          	sub	s1,a5,s5
80003830:	e19ff06f          	j	80003648 <__umoddi3+0x94>
80003834:	010006b7          	lui	a3,0x1000
80003838:	01800713          	li	a4,24
8000383c:	f0d67ee3          	bgeu	a2,a3,80003758 <__umoddi3+0x1a4>
80003840:	01000713          	li	a4,16
80003844:	f15ff06f          	j	80003758 <__umoddi3+0x1a4>
80003848:	ead5e4e3          	bltu	a1,a3,800036f0 <__umoddi3+0x13c>
8000384c:	000107b7          	lui	a5,0x10
80003850:	04f6fe63          	bgeu	a3,a5,800038ac <__umoddi3+0x2f8>
80003854:	1006b793          	sltiu	a5,a3,256
80003858:	0017b793          	seqz	a5,a5
8000385c:	00379793          	slli	a5,a5,0x3
80003860:	80005737          	lui	a4,0x80005
80003864:	00f6d833          	srl	a6,a3,a5
80003868:	acc70713          	addi	a4,a4,-1332 # 80004acc <__clz_tab>
8000386c:	01070733          	add	a4,a4,a6
80003870:	00074a83          	lbu	s5,0(a4)
80003874:	00fa8ab3          	add	s5,s5,a5
80003878:	02000793          	li	a5,32
8000387c:	41578a33          	sub	s4,a5,s5
80003880:	05579063          	bne	a5,s5,800038c0 <__umoddi3+0x30c>
80003884:	00b6e463          	bltu	a3,a1,8000388c <__umoddi3+0x2d8>
80003888:	00c56c63          	bltu	a0,a2,800038a0 <__umoddi3+0x2ec>
8000388c:	40c50933          	sub	s2,a0,a2
80003890:	40d586b3          	sub	a3,a1,a3
80003894:	012534b3          	sltu	s1,a0,s2
80003898:	00090413          	mv	s0,s2
8000389c:	409684b3          	sub	s1,a3,s1
800038a0:	00040513          	mv	a0,s0
800038a4:	00048593          	mv	a1,s1
800038a8:	e49ff06f          	j	800036f0 <__umoddi3+0x13c>
800038ac:	01000737          	lui	a4,0x1000
800038b0:	01800793          	li	a5,24
800038b4:	fae6f6e3          	bgeu	a3,a4,80003860 <__umoddi3+0x2ac>
800038b8:	01000793          	li	a5,16
800038bc:	fa5ff06f          	j	80003860 <__umoddi3+0x2ac>
800038c0:	014696b3          	sll	a3,a3,s4
800038c4:	01565b33          	srl	s6,a2,s5
800038c8:	00db6b33          	or	s6,s6,a3
800038cc:	0155dbb3          	srl	s7,a1,s5
800038d0:	01555433          	srl	s0,a0,s5
800038d4:	014595b3          	sll	a1,a1,s4
800038d8:	010b5493          	srli	s1,s6,0x10
800038dc:	00b46433          	or	s0,s0,a1
800038e0:	014519b3          	sll	s3,a0,s4
800038e4:	00048593          	mv	a1,s1
800038e8:	000b8513          	mv	a0,s7
800038ec:	010b1c13          	slli	s8,s6,0x10
800038f0:	01461933          	sll	s2,a2,s4
800038f4:	010c5c13          	srli	s8,s8,0x10
800038f8:	1b8000ef          	jal	80003ab0 <__hidden___udivsi3>
800038fc:	00050593          	mv	a1,a0
80003900:	00050d13          	mv	s10,a0
80003904:	000c0513          	mv	a0,s8
80003908:	17c000ef          	jal	80003a84 <__mulsi3>
8000390c:	00050c93          	mv	s9,a0
80003910:	00048593          	mv	a1,s1
80003914:	000b8513          	mv	a0,s7
80003918:	1e0000ef          	jal	80003af8 <__umodsi3>
8000391c:	01051513          	slli	a0,a0,0x10
80003920:	01045793          	srli	a5,s0,0x10
80003924:	00a7e7b3          	or	a5,a5,a0
80003928:	000d0b93          	mv	s7,s10
8000392c:	0197fe63          	bgeu	a5,s9,80003948 <__umoddi3+0x394>
80003930:	00fb07b3          	add	a5,s6,a5
80003934:	fffd0b93          	addi	s7,s10,-1
80003938:	0167e863          	bltu	a5,s6,80003948 <__umoddi3+0x394>
8000393c:	0197f663          	bgeu	a5,s9,80003948 <__umoddi3+0x394>
80003940:	ffed0b93          	addi	s7,s10,-2
80003944:	016787b3          	add	a5,a5,s6
80003948:	41978cb3          	sub	s9,a5,s9
8000394c:	00048593          	mv	a1,s1
80003950:	000c8513          	mv	a0,s9
80003954:	15c000ef          	jal	80003ab0 <__hidden___udivsi3>
80003958:	00050593          	mv	a1,a0
8000395c:	00050d13          	mv	s10,a0
80003960:	000c0513          	mv	a0,s8
80003964:	120000ef          	jal	80003a84 <__mulsi3>
80003968:	00048593          	mv	a1,s1
8000396c:	00050c13          	mv	s8,a0
80003970:	000c8513          	mv	a0,s9
80003974:	184000ef          	jal	80003af8 <__umodsi3>
80003978:	01041593          	slli	a1,s0,0x10
8000397c:	01051513          	slli	a0,a0,0x10
80003980:	0105d593          	srli	a1,a1,0x10
80003984:	00a5e5b3          	or	a1,a1,a0
80003988:	000d0793          	mv	a5,s10
8000398c:	0185fe63          	bgeu	a1,s8,800039a8 <__umoddi3+0x3f4>
80003990:	00bb05b3          	add	a1,s6,a1
80003994:	fffd0793          	addi	a5,s10,-1
80003998:	0165e863          	bltu	a1,s6,800039a8 <__umoddi3+0x3f4>
8000399c:	0185f663          	bgeu	a1,s8,800039a8 <__umoddi3+0x3f4>
800039a0:	ffed0793          	addi	a5,s10,-2
800039a4:	016585b3          	add	a1,a1,s6
800039a8:	010b9b93          	slli	s7,s7,0x10
800039ac:	00fbebb3          	or	s7,s7,a5
800039b0:	01091893          	slli	a7,s2,0x10
800039b4:	01079793          	slli	a5,a5,0x10
800039b8:	0107d793          	srli	a5,a5,0x10
800039bc:	0108d893          	srli	a7,a7,0x10
800039c0:	418584b3          	sub	s1,a1,s8
800039c4:	010bdb93          	srli	s7,s7,0x10
800039c8:	01095713          	srli	a4,s2,0x10
800039cc:	00078513          	mv	a0,a5
800039d0:	00088593          	mv	a1,a7
800039d4:	0b0000ef          	jal	80003a84 <__mulsi3>
800039d8:	00050813          	mv	a6,a0
800039dc:	00070593          	mv	a1,a4
800039e0:	00078513          	mv	a0,a5
800039e4:	00070793          	mv	a5,a4
800039e8:	09c000ef          	jal	80003a84 <__mulsi3>
800039ec:	00050713          	mv	a4,a0
800039f0:	00088593          	mv	a1,a7
800039f4:	000b8513          	mv	a0,s7
800039f8:	08c000ef          	jal	80003a84 <__mulsi3>
800039fc:	00050893          	mv	a7,a0
80003a00:	00078593          	mv	a1,a5
80003a04:	000b8513          	mv	a0,s7
80003a08:	07c000ef          	jal	80003a84 <__mulsi3>
80003a0c:	01085793          	srli	a5,a6,0x10
80003a10:	01170733          	add	a4,a4,a7
80003a14:	00e787b3          	add	a5,a5,a4
80003a18:	00050693          	mv	a3,a0
80003a1c:	0117f663          	bgeu	a5,a7,80003a28 <__umoddi3+0x474>
80003a20:	00010737          	lui	a4,0x10
80003a24:	00e506b3          	add	a3,a0,a4
80003a28:	0107d713          	srli	a4,a5,0x10
80003a2c:	01081813          	slli	a6,a6,0x10
80003a30:	01079793          	slli	a5,a5,0x10
80003a34:	01085813          	srli	a6,a6,0x10
80003a38:	00d70733          	add	a4,a4,a3
80003a3c:	010787b3          	add	a5,a5,a6
80003a40:	00e4e663          	bltu	s1,a4,80003a4c <__umoddi3+0x498>
80003a44:	00e49e63          	bne	s1,a4,80003a60 <__umoddi3+0x4ac>
80003a48:	00f9fc63          	bgeu	s3,a5,80003a60 <__umoddi3+0x4ac>
80003a4c:	41278933          	sub	s2,a5,s2
80003a50:	0127b6b3          	sltu	a3,a5,s2
80003a54:	016686b3          	add	a3,a3,s6
80003a58:	00090793          	mv	a5,s2
80003a5c:	40d70733          	sub	a4,a4,a3
80003a60:	40f987b3          	sub	a5,s3,a5
80003a64:	00f9b9b3          	sltu	s3,s3,a5
80003a68:	40e485b3          	sub	a1,s1,a4
80003a6c:	413585b3          	sub	a1,a1,s3
80003a70:	01559ab3          	sll	s5,a1,s5
80003a74:	0147d7b3          	srl	a5,a5,s4
80003a78:	00fae533          	or	a0,s5,a5
80003a7c:	0145d5b3          	srl	a1,a1,s4
80003a80:	c71ff06f          	j	800036f0 <__umoddi3+0x13c>

80003a84 <__mulsi3>:
80003a84:	00050613          	mv	a2,a0
80003a88:	00000513          	li	a0,0
80003a8c:	0015f693          	andi	a3,a1,1
80003a90:	00068463          	beqz	a3,80003a98 <__mulsi3+0x14>
80003a94:	00c50533          	add	a0,a0,a2
80003a98:	0015d593          	srli	a1,a1,0x1
80003a9c:	00161613          	slli	a2,a2,0x1
80003aa0:	fe0596e3          	bnez	a1,80003a8c <__mulsi3+0x8>
80003aa4:	00008067          	ret

80003aa8 <__divsi3>:
80003aa8:	06054063          	bltz	a0,80003b08 <__umodsi3+0x10>
80003aac:	0605c663          	bltz	a1,80003b18 <__umodsi3+0x20>

80003ab0 <__hidden___udivsi3>:
80003ab0:	00058613          	mv	a2,a1
80003ab4:	00050593          	mv	a1,a0
80003ab8:	fff00513          	li	a0,-1
80003abc:	02060c63          	beqz	a2,80003af4 <__hidden___udivsi3+0x44>
80003ac0:	00100693          	li	a3,1
80003ac4:	00b67a63          	bgeu	a2,a1,80003ad8 <__hidden___udivsi3+0x28>
80003ac8:	00c05863          	blez	a2,80003ad8 <__hidden___udivsi3+0x28>
80003acc:	00161613          	slli	a2,a2,0x1
80003ad0:	00169693          	slli	a3,a3,0x1
80003ad4:	feb66ae3          	bltu	a2,a1,80003ac8 <__hidden___udivsi3+0x18>
80003ad8:	00000513          	li	a0,0
80003adc:	00c5e663          	bltu	a1,a2,80003ae8 <__hidden___udivsi3+0x38>
80003ae0:	40c585b3          	sub	a1,a1,a2
80003ae4:	00d56533          	or	a0,a0,a3
80003ae8:	0016d693          	srli	a3,a3,0x1
80003aec:	00165613          	srli	a2,a2,0x1
80003af0:	fe0696e3          	bnez	a3,80003adc <__hidden___udivsi3+0x2c>
80003af4:	00008067          	ret

80003af8 <__umodsi3>:
80003af8:	00008293          	mv	t0,ra
80003afc:	fb5ff0ef          	jal	80003ab0 <__hidden___udivsi3>
80003b00:	00058513          	mv	a0,a1
80003b04:	00028067          	jr	t0
80003b08:	40a00533          	neg	a0,a0
80003b0c:	00b04863          	bgtz	a1,80003b1c <__umodsi3+0x24>
80003b10:	40b005b3          	neg	a1,a1
80003b14:	f9dff06f          	j	80003ab0 <__hidden___udivsi3>
80003b18:	40b005b3          	neg	a1,a1
80003b1c:	00008293          	mv	t0,ra
80003b20:	f91ff0ef          	jal	80003ab0 <__hidden___udivsi3>
80003b24:	40a00533          	neg	a0,a0
80003b28:	00028067          	jr	t0

80003b2c <__modsi3>:
80003b2c:	00008293          	mv	t0,ra
80003b30:	0005ca63          	bltz	a1,80003b44 <__modsi3+0x18>
80003b34:	00054c63          	bltz	a0,80003b4c <__modsi3+0x20>
80003b38:	f79ff0ef          	jal	80003ab0 <__hidden___udivsi3>
80003b3c:	00058513          	mv	a0,a1
80003b40:	00028067          	jr	t0
80003b44:	40b005b3          	neg	a1,a1
80003b48:	fe0558e3          	bgez	a0,80003b38 <__modsi3+0xc>
80003b4c:	40a00533          	neg	a0,a0
80003b50:	f61ff0ef          	jal	80003ab0 <__hidden___udivsi3>
80003b54:	40b00533          	neg	a0,a1
80003b58:	00028067          	jr	t0

Disassembly of section .text.startup:

80003b5c <main>:
80003b5c:	f6010113          	addi	sp,sp,-160
80003b60:	08112e23          	sw	ra,156(sp)
80003b64:	08812c23          	sw	s0,152(sp)
80003b68:	07b12623          	sw	s11,108(sp)
80003b6c:	0a010413          	addi	s0,sp,160
80003b70:	08912a23          	sw	s1,148(sp)
80003b74:	09212823          	sw	s2,144(sp)
80003b78:	09312623          	sw	s3,140(sp)
80003b7c:	09412423          	sw	s4,136(sp)
80003b80:	09512223          	sw	s5,132(sp)
80003b84:	09612023          	sw	s6,128(sp)
80003b88:	07712e23          	sw	s7,124(sp)
80003b8c:	07812c23          	sw	s8,120(sp)
80003b90:	07912a23          	sw	s9,116(sp)
80003b94:	07a12823          	sw	s10,112(sp)
80003b98:	fc010113          	addi	sp,sp,-64
80003b9c:	00000717          	auipc	a4,0x0
80003ba0:	7e870713          	addi	a4,a4,2024 # 80004384 <main+0x828>
80003ba4:	00f10613          	addi	a2,sp,15
80003ba8:	fc010113          	addi	sp,sp,-64
80003bac:	00072683          	lw	a3,0(a4)
80003bb0:	00f10793          	addi	a5,sp,15
80003bb4:	ff07f793          	andi	a5,a5,-16
80003bb8:	00472f03          	lw	t5,4(a4)
80003bbc:	00872e83          	lw	t4,8(a4)
80003bc0:	00c72e03          	lw	t3,12(a4)
80003bc4:	01072303          	lw	t1,16(a4)
80003bc8:	01472883          	lw	a7,20(a4)
80003bcc:	01872803          	lw	a6,24(a4)
80003bd0:	00000517          	auipc	a0,0x0
80003bd4:	7d055503          	lhu	a0,2000(a0) # 800043a0 <main+0x844>
80003bd8:	00000597          	auipc	a1,0x0
80003bdc:	7ca5c583          	lbu	a1,1994(a1) # 800043a2 <main+0x846>
80003be0:	00200f93          	li	t6,2
80003be4:	ff067613          	andi	a2,a2,-16
80003be8:	01f7a423          	sw	t6,8(a5) # 10008 <buflen.1+0xffc8>
80003bec:	02800713          	li	a4,40
80003bf0:	82818f93          	addi	t6,gp,-2008 # 80004ca8 <Next_Ptr_Glob>
80003bf4:	00cfa023          	sw	a2,0(t6)
80003bf8:	00c7a023          	sw	a2,0(a5)
80003bfc:	00e7a623          	sw	a4,12(a5)
80003c00:	00d7a823          	sw	a3,16(a5)
80003c04:	0007a223          	sw	zero,4(a5)
80003c08:	82c18d93          	addi	s11,gp,-2004 # 80004cac <Ptr_Glob>
80003c0c:	01e7aa23          	sw	t5,20(a5)
80003c10:	00001697          	auipc	a3,0x1
80003c14:	cc468693          	addi	a3,a3,-828 # 800048d4 <main+0xd78>
80003c18:	01d7ac23          	sw	t4,24(a5)
80003c1c:	01c7ae23          	sw	t3,28(a5)
80003c20:	0267a023          	sw	t1,32(a5)
80003c24:	0317a223          	sw	a7,36(a5)
80003c28:	0307a423          	sw	a6,40(a5)
80003c2c:	02a79623          	sh	a0,44(a5)
80003c30:	02b78723          	sb	a1,46(a5)
80003c34:	00fda023          	sw	a5,0(s11)
80003c38:	00001797          	auipc	a5,0x1
80003c3c:	cba7c783          	lbu	a5,-838(a5) # 800048f2 <main+0xd96>
80003c40:	0006ae83          	lw	t4,0(a3)
80003c44:	0046ae03          	lw	t3,4(a3)
80003c48:	0086a303          	lw	t1,8(a3)
80003c4c:	00c6a883          	lw	a7,12(a3)
80003c50:	0106a803          	lw	a6,16(a3)
80003c54:	0146a583          	lw	a1,20(a3)
80003c58:	0186a603          	lw	a2,24(a3)
80003c5c:	00001717          	auipc	a4,0x1
80003c60:	c9475703          	lhu	a4,-876(a4) # 800048f0 <main+0xd94>
80003c64:	00a00693          	li	a3,10
80003c68:	00000517          	auipc	a0,0x0
80003c6c:	74050513          	addi	a0,a0,1856 # 800043a8 <main+0x84c>
80003c70:	f8f40f23          	sb	a5,-98(s0)
80003c74:	00001797          	auipc	a5,0x1
80003c78:	11478793          	addi	a5,a5,276 # 80004d88 <Arr_2_Glob>
80003c7c:	64d7ae23          	sw	a3,1628(a5)
80003c80:	f9d42023          	sw	t4,-128(s0)
80003c84:	f9c42223          	sw	t3,-124(s0)
80003c88:	f8642423          	sw	t1,-120(s0)
80003c8c:	f9142623          	sw	a7,-116(s0)
80003c90:	f9042823          	sw	a6,-112(s0)
80003c94:	f8b42a23          	sw	a1,-108(s0)
80003c98:	f8c42c23          	sw	a2,-104(s0)
80003c9c:	f8e41e23          	sh	a4,-100(s0)
80003ca0:	d40fe0ef          	jal	800021e0 <debug_printf>
80003ca4:	00000597          	auipc	a1,0x0
80003ca8:	70858593          	addi	a1,a1,1800 # 800043ac <main+0x850>
80003cac:	00000517          	auipc	a0,0x0
80003cb0:	71050513          	addi	a0,a0,1808 # 800043bc <main+0x860>
80003cb4:	d2cfe0ef          	jal	800021e0 <debug_printf>
80003cb8:	8181a783          	lw	a5,-2024(gp) # 80004c98 <Reg>
80003cbc:	68078a63          	beqz	a5,80004350 <main+0x7f4>
80003cc0:	00000517          	auipc	a0,0x0
80003cc4:	72050513          	addi	a0,a0,1824 # 800043e0 <main+0x884>
80003cc8:	d18fe0ef          	jal	800021e0 <debug_printf>
80003ccc:	000f4637          	lui	a2,0xf4
80003cd0:	24060613          	addi	a2,a2,576 # f4240 <buflen.1+0xf4200>
80003cd4:	00000597          	auipc	a1,0x0
80003cd8:	76858593          	addi	a1,a1,1896 # 8000443c <main+0x8e0>
80003cdc:	00000517          	auipc	a0,0x0
80003ce0:	76c50513          	addi	a0,a0,1900 # 80004448 <main+0x8ec>
80003ce4:	cfcfe0ef          	jal	800021e0 <debug_printf>
80003ce8:	00000517          	auipc	a0,0x0
80003cec:	6c050513          	addi	a0,a0,1728 # 800043a8 <main+0x84c>
80003cf0:	cf0fe0ef          	jal	800021e0 <debug_printf>
80003cf4:	00001797          	auipc	a5,0x1
80003cf8:	c1c7d783          	lhu	a5,-996(a5) # 80004910 <main+0xdb4>
80003cfc:	00001917          	auipc	s2,0x1
80003d00:	bf890913          	addi	s2,s2,-1032 # 800048f4 <main+0xd98>
80003d04:	82418b93          	addi	s7,gp,-2012 # 80004ca4 <Int_Glob>
80003d08:	f6f42623          	sw	a5,-148(s0)
80003d0c:	00001797          	auipc	a5,0x1
80003d10:	c067c783          	lbu	a5,-1018(a5) # 80004912 <main+0xdb6>
80003d14:	00001497          	auipc	s1,0x1
80003d18:	c0048493          	addi	s1,s1,-1024 # 80004914 <main+0xdb8>
80003d1c:	f6f42423          	sw	a5,-152(s0)
80003d20:	8001aa23          	sw	zero,-2028(gp) # 80004c94 <Done>
80003d24:	1f400793          	li	a5,500
80003d28:	f6f42223          	sw	a5,-156(s0)
80003d2c:	f6442a03          	lw	s4,-156(s0)
80003d30:	00000517          	auipc	a0,0x0
80003d34:	72c50513          	addi	a0,a0,1836 # 8000445c <main+0x900>
80003d38:	000a0593          	mv	a1,s4
80003d3c:	ca4fe0ef          	jal	800021e0 <debug_printf>
80003d40:	00100513          	li	a0,1
80003d44:	c6dfe0ef          	jal	800029b0 <setStats>
80003d48:	b00027f3          	csrr	a5,mcycle
80003d4c:	00100993          	li	s3,1
80003d50:	81018713          	addi	a4,gp,-2032 # 80004c90 <Begin_Time>
80003d54:	00f72023          	sw	a5,0(a4)
80003d58:	013a0d33          	add	s10,s4,s3
80003d5c:	00700c93          	li	s9,7
80003d60:	00300c13          	li	s8,3
80003d64:	e7cfe0ef          	jal	800023e0 <Proc_5>
80003d68:	e50fe0ef          	jal	800023b8 <Proc_4>
80003d6c:	f6c42803          	lw	a6,-148(s0)
80003d70:	00092783          	lw	a5,0(s2)
80003d74:	00492503          	lw	a0,4(s2)
80003d78:	00892583          	lw	a1,8(s2)
80003d7c:	fb041e23          	sh	a6,-68(s0)
80003d80:	f6842803          	lw	a6,-152(s0)
80003d84:	01092683          	lw	a3,16(s2)
80003d88:	00c92603          	lw	a2,12(s2)
80003d8c:	01492703          	lw	a4,20(s2)
80003d90:	faf42023          	sw	a5,-96(s0)
80003d94:	01892783          	lw	a5,24(s2)
80003d98:	fb040f23          	sb	a6,-66(s0)
80003d9c:	faa42223          	sw	a0,-92(s0)
80003da0:	00100813          	li	a6,1
80003da4:	fab42423          	sw	a1,-88(s0)
80003da8:	f8040513          	addi	a0,s0,-128
80003dac:	fa040593          	addi	a1,s0,-96
80003db0:	f7042e23          	sw	a6,-132(s0)
80003db4:	fad42823          	sw	a3,-80(s0)
80003db8:	fac42623          	sw	a2,-84(s0)
80003dbc:	fae42a23          	sw	a4,-76(s0)
80003dc0:	faf42c23          	sw	a5,-72(s0)
80003dc4:	adcfe0ef          	jal	800020a0 <Func_2>
80003dc8:	00153793          	seqz	a5,a0
80003dcc:	82018713          	addi	a4,gp,-2016 # 80004ca0 <Bool_Glob>
80003dd0:	f7840613          	addi	a2,s0,-136
80003dd4:	00300593          	li	a1,3
80003dd8:	00200513          	li	a0,2
80003ddc:	00f72023          	sw	a5,0(a4)
80003de0:	f7942c23          	sw	s9,-136(s0)
80003de4:	a1cfe0ef          	jal	80002000 <Proc_7>
80003de8:	f7842683          	lw	a3,-136(s0)
80003dec:	00300613          	li	a2,3
80003df0:	00001597          	auipc	a1,0x1
80003df4:	f9858593          	addi	a1,a1,-104 # 80004d88 <Arr_2_Glob>
80003df8:	84018513          	addi	a0,gp,-1984 # 80004cc0 <Arr_1_Glob>
80003dfc:	f7842a23          	sw	s8,-140(s0)
80003e00:	a10fe0ef          	jal	80002010 <Proc_8>
80003e04:	000da503          	lw	a0,0(s11)
80003e08:	c50fe0ef          	jal	80002258 <Proc_1>
80003e0c:	81c1c703          	lbu	a4,-2020(gp) # 80004c9c <Ch_2_Glob>
80003e10:	04000793          	li	a5,64
80003e14:	4ee7fc63          	bgeu	a5,a4,8000430c <main+0x7b0>
80003e18:	04100a93          	li	s5,65
80003e1c:	00300a13          	li	s4,3
80003e20:	0140006f          	j	80003e34 <main+0x2d8>
80003e24:	81c1c783          	lbu	a5,-2020(gp) # 80004c9c <Ch_2_Glob>
80003e28:	001a8a93          	addi	s5,s5,1
80003e2c:	0ffafa93          	zext.b	s5,s5
80003e30:	0957e663          	bltu	a5,s5,80003ebc <main+0x360>
80003e34:	04300593          	li	a1,67
80003e38:	000a8513          	mv	a0,s5
80003e3c:	a44fe0ef          	jal	80002080 <Func_1>
80003e40:	f7c42783          	lw	a5,-132(s0)
80003e44:	fef510e3          	bne	a0,a5,80003e24 <main+0x2c8>
80003e48:	f7c40593          	addi	a1,s0,-132
80003e4c:	00000513          	li	a0,0
80003e50:	ad8fe0ef          	jal	80002128 <Proc_6>
80003e54:	0004a783          	lw	a5,0(s1)
80003e58:	0044a603          	lw	a2,4(s1)
80003e5c:	0084a683          	lw	a3,8(s1)
80003e60:	faf42023          	sw	a5,-96(s0)
80003e64:	0104a783          	lw	a5,16(s1)
80003e68:	00c4a703          	lw	a4,12(s1)
80003e6c:	fac42223          	sw	a2,-92(s0)
80003e70:	faf42823          	sw	a5,-80(s0)
80003e74:	00001797          	auipc	a5,0x1
80003e78:	abe7c783          	lbu	a5,-1346(a5) # 80004932 <main+0xdd6>
80003e7c:	0144a603          	lw	a2,20(s1)
80003e80:	fad42423          	sw	a3,-88(s0)
80003e84:	fae42623          	sw	a4,-84(s0)
80003e88:	0184a683          	lw	a3,24(s1)
80003e8c:	00001717          	auipc	a4,0x1
80003e90:	aa475703          	lhu	a4,-1372(a4) # 80004930 <main+0xdd4>
80003e94:	faf40f23          	sb	a5,-66(s0)
80003e98:	81c1c783          	lbu	a5,-2020(gp) # 80004c9c <Ch_2_Glob>
80003e9c:	001a8a93          	addi	s5,s5,1
80003ea0:	013ba023          	sw	s3,0(s7)
80003ea4:	fac42a23          	sw	a2,-76(s0)
80003ea8:	fad42c23          	sw	a3,-72(s0)
80003eac:	fae41e23          	sh	a4,-68(s0)
80003eb0:	0ffafa93          	zext.b	s5,s5
80003eb4:	00098a13          	mv	s4,s3
80003eb8:	f757fee3          	bgeu	a5,s5,80003e34 <main+0x2d8>
80003ebc:	001a1a93          	slli	s5,s4,0x1
80003ec0:	014a8ab3          	add	s5,s5,s4
80003ec4:	f7842b03          	lw	s6,-136(s0)
80003ec8:	000a8513          	mv	a0,s5
80003ecc:	00198993          	addi	s3,s3,1
80003ed0:	000b0593          	mv	a1,s6
80003ed4:	bd5ff0ef          	jal	80003aa8 <__divsi3>
80003ed8:	00050a13          	mv	s4,a0
80003edc:	f7440513          	addi	a0,s0,-140
80003ee0:	f7442a23          	sw	s4,-140(s0)
80003ee4:	b24fe0ef          	jal	80002208 <Proc_2>
80003ee8:	e7a99ee3          	bne	s3,s10,80003d64 <main+0x208>
80003eec:	b00027f3          	csrr	a5,mcycle
80003ef0:	80c18713          	addi	a4,gp,-2036 # 80004c8c <End_Time>
80003ef4:	00000513          	li	a0,0
80003ef8:	00070993          	mv	s3,a4
80003efc:	00f72023          	sw	a5,0(a4)
80003f00:	ab1fe0ef          	jal	800029b0 <setStats>
80003f04:	81018713          	addi	a4,gp,-2032 # 80004c90 <Begin_Time>
80003f08:	00072703          	lw	a4,0(a4)
80003f0c:	0009a783          	lw	a5,0(s3)
80003f10:	40e787b3          	sub	a5,a5,a4
80003f14:	80818713          	addi	a4,gp,-2040 # 80004c88 <User_Time>
80003f18:	00f72023          	sw	a5,0(a4)
80003f1c:	3ef05c63          	blez	a5,80004314 <main+0x7b8>
80003f20:	00100793          	li	a5,1
80003f24:	81418713          	addi	a4,gp,-2028 # 80004c94 <Done>
80003f28:	00f72023          	sw	a5,0(a4)
80003f2c:	00000517          	auipc	a0,0x0
80003f30:	58c50513          	addi	a0,a0,1420 # 800044b8 <main+0x95c>
80003f34:	aacfe0ef          	jal	800021e0 <debug_printf>
80003f38:	00000517          	auipc	a0,0x0
80003f3c:	47050513          	addi	a0,a0,1136 # 800043a8 <main+0x84c>
80003f40:	aa0fe0ef          	jal	800021e0 <debug_printf>
80003f44:	000ba583          	lw	a1,0(s7)
80003f48:	00000517          	auipc	a0,0x0
80003f4c:	5a850513          	addi	a0,a0,1448 # 800044f0 <main+0x994>
80003f50:	82818493          	addi	s1,gp,-2008 # 80004ca8 <Next_Ptr_Glob>
80003f54:	a8cfe0ef          	jal	800021e0 <debug_printf>
80003f58:	00500593          	li	a1,5
80003f5c:	00000517          	auipc	a0,0x0
80003f60:	5b050513          	addi	a0,a0,1456 # 8000450c <main+0x9b0>
80003f64:	a7cfe0ef          	jal	800021e0 <debug_printf>
80003f68:	82018793          	addi	a5,gp,-2016 # 80004ca0 <Bool_Glob>
80003f6c:	0007a583          	lw	a1,0(a5)
80003f70:	00000517          	auipc	a0,0x0
80003f74:	5b850513          	addi	a0,a0,1464 # 80004528 <main+0x9cc>
80003f78:	416a8ab3          	sub	s5,s5,s6
80003f7c:	a64fe0ef          	jal	800021e0 <debug_printf>
80003f80:	00100593          	li	a1,1
80003f84:	00000517          	auipc	a0,0x0
80003f88:	58850513          	addi	a0,a0,1416 # 8000450c <main+0x9b0>
80003f8c:	a54fe0ef          	jal	800021e0 <debug_printf>
80003f90:	81d1c583          	lbu	a1,-2019(gp) # 80004c9d <Ch_1_Glob>
80003f94:	00000517          	auipc	a0,0x0
80003f98:	5b050513          	addi	a0,a0,1456 # 80004544 <main+0x9e8>
80003f9c:	a44fe0ef          	jal	800021e0 <debug_printf>
80003fa0:	04100593          	li	a1,65
80003fa4:	00000517          	auipc	a0,0x0
80003fa8:	5bc50513          	addi	a0,a0,1468 # 80004560 <main+0xa04>
80003fac:	a34fe0ef          	jal	800021e0 <debug_printf>
80003fb0:	81c1c583          	lbu	a1,-2020(gp) # 80004c9c <Ch_2_Glob>
80003fb4:	00000517          	auipc	a0,0x0
80003fb8:	5c850513          	addi	a0,a0,1480 # 8000457c <main+0xa20>
80003fbc:	a24fe0ef          	jal	800021e0 <debug_printf>
80003fc0:	04200593          	li	a1,66
80003fc4:	00000517          	auipc	a0,0x0
80003fc8:	59c50513          	addi	a0,a0,1436 # 80004560 <main+0xa04>
80003fcc:	a14fe0ef          	jal	800021e0 <debug_printf>
80003fd0:	8601a583          	lw	a1,-1952(gp) # 80004ce0 <Arr_1_Glob+0x20>
80003fd4:	00000517          	auipc	a0,0x0
80003fd8:	5c450513          	addi	a0,a0,1476 # 80004598 <main+0xa3c>
80003fdc:	a04fe0ef          	jal	800021e0 <debug_printf>
80003fe0:	00700593          	li	a1,7
80003fe4:	00000517          	auipc	a0,0x0
80003fe8:	52850513          	addi	a0,a0,1320 # 8000450c <main+0x9b0>
80003fec:	9f4fe0ef          	jal	800021e0 <debug_printf>
80003ff0:	00001797          	auipc	a5,0x1
80003ff4:	d9878793          	addi	a5,a5,-616 # 80004d88 <Arr_2_Glob>
80003ff8:	65c7a583          	lw	a1,1628(a5)
80003ffc:	00000517          	auipc	a0,0x0
80004000:	5b850513          	addi	a0,a0,1464 # 800045b4 <main+0xa58>
80004004:	9dcfe0ef          	jal	800021e0 <debug_printf>
80004008:	00000517          	auipc	a0,0x0
8000400c:	5c850513          	addi	a0,a0,1480 # 800045d0 <main+0xa74>
80004010:	9d0fe0ef          	jal	800021e0 <debug_printf>
80004014:	00000517          	auipc	a0,0x0
80004018:	5e850513          	addi	a0,a0,1512 # 800045fc <main+0xaa0>
8000401c:	9c4fe0ef          	jal	800021e0 <debug_printf>
80004020:	000da783          	lw	a5,0(s11)
80004024:	00000517          	auipc	a0,0x0
80004028:	5e450513          	addi	a0,a0,1508 # 80004608 <main+0xaac>
8000402c:	0007a583          	lw	a1,0(a5)
80004030:	9b0fe0ef          	jal	800021e0 <debug_printf>
80004034:	00000517          	auipc	a0,0x0
80004038:	5f050513          	addi	a0,a0,1520 # 80004624 <main+0xac8>
8000403c:	9a4fe0ef          	jal	800021e0 <debug_printf>
80004040:	000da783          	lw	a5,0(s11)
80004044:	00000517          	auipc	a0,0x0
80004048:	61450513          	addi	a0,a0,1556 # 80004658 <main+0xafc>
8000404c:	0047a583          	lw	a1,4(a5)
80004050:	990fe0ef          	jal	800021e0 <debug_printf>
80004054:	00000593          	li	a1,0
80004058:	00000517          	auipc	a0,0x0
8000405c:	4b450513          	addi	a0,a0,1204 # 8000450c <main+0x9b0>
80004060:	980fe0ef          	jal	800021e0 <debug_printf>
80004064:	000da783          	lw	a5,0(s11)
80004068:	00000517          	auipc	a0,0x0
8000406c:	60c50513          	addi	a0,a0,1548 # 80004674 <main+0xb18>
80004070:	0087a583          	lw	a1,8(a5)
80004074:	96cfe0ef          	jal	800021e0 <debug_printf>
80004078:	00200593          	li	a1,2
8000407c:	00000517          	auipc	a0,0x0
80004080:	49050513          	addi	a0,a0,1168 # 8000450c <main+0x9b0>
80004084:	95cfe0ef          	jal	800021e0 <debug_printf>
80004088:	000da783          	lw	a5,0(s11)
8000408c:	00000517          	auipc	a0,0x0
80004090:	60450513          	addi	a0,a0,1540 # 80004690 <main+0xb34>
80004094:	00c7a583          	lw	a1,12(a5)
80004098:	948fe0ef          	jal	800021e0 <debug_printf>
8000409c:	01100593          	li	a1,17
800040a0:	00000517          	auipc	a0,0x0
800040a4:	46c50513          	addi	a0,a0,1132 # 8000450c <main+0x9b0>
800040a8:	938fe0ef          	jal	800021e0 <debug_printf>
800040ac:	000da583          	lw	a1,0(s11)
800040b0:	00000517          	auipc	a0,0x0
800040b4:	5fc50513          	addi	a0,a0,1532 # 800046ac <main+0xb50>
800040b8:	01058593          	addi	a1,a1,16
800040bc:	924fe0ef          	jal	800021e0 <debug_printf>
800040c0:	00000517          	auipc	a0,0x0
800040c4:	60850513          	addi	a0,a0,1544 # 800046c8 <main+0xb6c>
800040c8:	918fe0ef          	jal	800021e0 <debug_printf>
800040cc:	00000517          	auipc	a0,0x0
800040d0:	63450513          	addi	a0,a0,1588 # 80004700 <main+0xba4>
800040d4:	90cfe0ef          	jal	800021e0 <debug_printf>
800040d8:	0004a783          	lw	a5,0(s1)
800040dc:	00000517          	auipc	a0,0x0
800040e0:	52c50513          	addi	a0,a0,1324 # 80004608 <main+0xaac>
800040e4:	0007a583          	lw	a1,0(a5)
800040e8:	8f8fe0ef          	jal	800021e0 <debug_printf>
800040ec:	00000517          	auipc	a0,0x0
800040f0:	62850513          	addi	a0,a0,1576 # 80004714 <main+0xbb8>
800040f4:	8ecfe0ef          	jal	800021e0 <debug_printf>
800040f8:	0004a783          	lw	a5,0(s1)
800040fc:	00000517          	auipc	a0,0x0
80004100:	55c50513          	addi	a0,a0,1372 # 80004658 <main+0xafc>
80004104:	0047a583          	lw	a1,4(a5)
80004108:	8d8fe0ef          	jal	800021e0 <debug_printf>
8000410c:	00000593          	li	a1,0
80004110:	00000517          	auipc	a0,0x0
80004114:	3fc50513          	addi	a0,a0,1020 # 8000450c <main+0x9b0>
80004118:	8c8fe0ef          	jal	800021e0 <debug_printf>
8000411c:	0004a783          	lw	a5,0(s1)
80004120:	00000517          	auipc	a0,0x0
80004124:	55450513          	addi	a0,a0,1364 # 80004674 <main+0xb18>
80004128:	0087a583          	lw	a1,8(a5)
8000412c:	8b4fe0ef          	jal	800021e0 <debug_printf>
80004130:	00100593          	li	a1,1
80004134:	00000517          	auipc	a0,0x0
80004138:	3d850513          	addi	a0,a0,984 # 8000450c <main+0x9b0>
8000413c:	8a4fe0ef          	jal	800021e0 <debug_printf>
80004140:	0004a783          	lw	a5,0(s1)
80004144:	00000517          	auipc	a0,0x0
80004148:	54c50513          	addi	a0,a0,1356 # 80004690 <main+0xb34>
8000414c:	00c7a583          	lw	a1,12(a5)
80004150:	890fe0ef          	jal	800021e0 <debug_printf>
80004154:	01200593          	li	a1,18
80004158:	00000517          	auipc	a0,0x0
8000415c:	3b450513          	addi	a0,a0,948 # 8000450c <main+0x9b0>
80004160:	880fe0ef          	jal	800021e0 <debug_printf>
80004164:	0004a583          	lw	a1,0(s1)
80004168:	00000517          	auipc	a0,0x0
8000416c:	54450513          	addi	a0,a0,1348 # 800046ac <main+0xb50>
80004170:	01058593          	addi	a1,a1,16
80004174:	86cfe0ef          	jal	800021e0 <debug_printf>
80004178:	00000517          	auipc	a0,0x0
8000417c:	55050513          	addi	a0,a0,1360 # 800046c8 <main+0xb6c>
80004180:	860fe0ef          	jal	800021e0 <debug_printf>
80004184:	f7442583          	lw	a1,-140(s0)
80004188:	00000517          	auipc	a0,0x0
8000418c:	5cc50513          	addi	a0,a0,1484 # 80004754 <main+0xbf8>
80004190:	850fe0ef          	jal	800021e0 <debug_printf>
80004194:	00500593          	li	a1,5
80004198:	00000517          	auipc	a0,0x0
8000419c:	37450513          	addi	a0,a0,884 # 8000450c <main+0x9b0>
800041a0:	840fe0ef          	jal	800021e0 <debug_printf>
800041a4:	003a9593          	slli	a1,s5,0x3
800041a8:	415585b3          	sub	a1,a1,s5
800041ac:	414585b3          	sub	a1,a1,s4
800041b0:	00000517          	auipc	a0,0x0
800041b4:	5c050513          	addi	a0,a0,1472 # 80004770 <main+0xc14>
800041b8:	828fe0ef          	jal	800021e0 <debug_printf>
800041bc:	00d00593          	li	a1,13
800041c0:	00000517          	auipc	a0,0x0
800041c4:	34c50513          	addi	a0,a0,844 # 8000450c <main+0x9b0>
800041c8:	818fe0ef          	jal	800021e0 <debug_printf>
800041cc:	f7842583          	lw	a1,-136(s0)
800041d0:	00000517          	auipc	a0,0x0
800041d4:	5bc50513          	addi	a0,a0,1468 # 8000478c <main+0xc30>
800041d8:	808fe0ef          	jal	800021e0 <debug_printf>
800041dc:	00700593          	li	a1,7
800041e0:	00000517          	auipc	a0,0x0
800041e4:	32c50513          	addi	a0,a0,812 # 8000450c <main+0x9b0>
800041e8:	ff9fd0ef          	jal	800021e0 <debug_printf>
800041ec:	f7c42583          	lw	a1,-132(s0)
800041f0:	00000517          	auipc	a0,0x0
800041f4:	5b850513          	addi	a0,a0,1464 # 800047a8 <main+0xc4c>
800041f8:	fe9fd0ef          	jal	800021e0 <debug_printf>
800041fc:	00100593          	li	a1,1
80004200:	00000517          	auipc	a0,0x0
80004204:	30c50513          	addi	a0,a0,780 # 8000450c <main+0x9b0>
80004208:	fd9fd0ef          	jal	800021e0 <debug_printf>
8000420c:	f8040593          	addi	a1,s0,-128
80004210:	00000517          	auipc	a0,0x0
80004214:	5b450513          	addi	a0,a0,1460 # 800047c4 <main+0xc68>
80004218:	fc9fd0ef          	jal	800021e0 <debug_printf>
8000421c:	00000517          	auipc	a0,0x0
80004220:	5c450513          	addi	a0,a0,1476 # 800047e0 <main+0xc84>
80004224:	fbdfd0ef          	jal	800021e0 <debug_printf>
80004228:	fa040593          	addi	a1,s0,-96
8000422c:	00000517          	auipc	a0,0x0
80004230:	5ec50513          	addi	a0,a0,1516 # 80004818 <main+0xcbc>
80004234:	fadfd0ef          	jal	800021e0 <debug_printf>
80004238:	00000517          	auipc	a0,0x0
8000423c:	5fc50513          	addi	a0,a0,1532 # 80004834 <main+0xcd8>
80004240:	fa1fd0ef          	jal	800021e0 <debug_printf>
80004244:	00000517          	auipc	a0,0x0
80004248:	16450513          	addi	a0,a0,356 # 800043a8 <main+0x84c>
8000424c:	f95fd0ef          	jal	800021e0 <debug_printf>
80004250:	80818793          	addi	a5,gp,-2040 # 80004c88 <User_Time>
80004254:	f6442903          	lw	s2,-156(s0)
80004258:	0007a483          	lw	s1,0(a5)
8000425c:	00090593          	mv	a1,s2
80004260:	00048513          	mv	a0,s1
80004264:	845ff0ef          	jal	80003aa8 <__divsi3>
80004268:	00591713          	slli	a4,s2,0x5
8000426c:	41270733          	sub	a4,a4,s2
80004270:	00671793          	slli	a5,a4,0x6
80004274:	40e787b3          	sub	a5,a5,a4
80004278:	00379793          	slli	a5,a5,0x3
8000427c:	012787b3          	add	a5,a5,s2
80004280:	00048593          	mv	a1,s1
80004284:	00050493          	mv	s1,a0
80004288:	00679513          	slli	a0,a5,0x6
8000428c:	00001797          	auipc	a5,0x1
80004290:	9e97ac23          	sw	s1,-1544(a5) # 80004c84 <Microseconds>
80004294:	815ff0ef          	jal	80003aa8 <__divsi3>
80004298:	00050793          	mv	a5,a0
8000429c:	00001917          	auipc	s2,0x1
800042a0:	9e490913          	addi	s2,s2,-1564 # 80004c80 <Dhrystones_Per_Second>
800042a4:	00048593          	mv	a1,s1
800042a8:	00000517          	auipc	a0,0x0
800042ac:	5c450513          	addi	a0,a0,1476 # 8000486c <main+0xd10>
800042b0:	00f92023          	sw	a5,0(s2)
800042b4:	8f9fe0ef          	jal	80002bac <printf>
800042b8:	00092583          	lw	a1,0(s2)
800042bc:	00000517          	auipc	a0,0x0
800042c0:	5e450513          	addi	a0,a0,1508 # 800048a0 <main+0xd44>
800042c4:	8e9fe0ef          	jal	80002bac <printf>
800042c8:	f6040113          	addi	sp,s0,-160
800042cc:	09c12083          	lw	ra,156(sp)
800042d0:	09812403          	lw	s0,152(sp)
800042d4:	09412483          	lw	s1,148(sp)
800042d8:	09012903          	lw	s2,144(sp)
800042dc:	08c12983          	lw	s3,140(sp)
800042e0:	08812a03          	lw	s4,136(sp)
800042e4:	08412a83          	lw	s5,132(sp)
800042e8:	08012b03          	lw	s6,128(sp)
800042ec:	07c12b83          	lw	s7,124(sp)
800042f0:	07812c03          	lw	s8,120(sp)
800042f4:	07412c83          	lw	s9,116(sp)
800042f8:	07012d03          	lw	s10,112(sp)
800042fc:	06c12d83          	lw	s11,108(sp)
80004300:	00000513          	li	a0,0
80004304:	0a010113          	addi	sp,sp,160
80004308:	00008067          	ret
8000430c:	00900a93          	li	s5,9
80004310:	bb5ff06f          	j	80003ec4 <main+0x368>
80004314:	00000517          	auipc	a0,0x0
80004318:	16c50513          	addi	a0,a0,364 # 80004480 <main+0x924>
8000431c:	891fe0ef          	jal	80002bac <printf>
80004320:	f6442703          	lw	a4,-156(s0)
80004324:	00000517          	auipc	a0,0x0
80004328:	08450513          	addi	a0,a0,132 # 800043a8 <main+0x84c>
8000432c:	00271793          	slli	a5,a4,0x2
80004330:	00e787b3          	add	a5,a5,a4
80004334:	00179793          	slli	a5,a5,0x1
80004338:	f6f42223          	sw	a5,-156(s0)
8000433c:	871fe0ef          	jal	80002bac <printf>
80004340:	81418793          	addi	a5,gp,-2028 # 80004c94 <Done>
80004344:	0007a783          	lw	a5,0(a5)
80004348:	9e0782e3          	beqz	a5,80003d2c <main+0x1d0>
8000434c:	be1ff06f          	j	80003f2c <main+0x3d0>
80004350:	00000517          	auipc	a0,0x0
80004354:	0bc50513          	addi	a0,a0,188 # 8000440c <main+0x8b0>
80004358:	e89fd0ef          	jal	800021e0 <debug_printf>
8000435c:	971ff06f          	j	80003ccc <main+0x170>
80004360:	ff010113          	addi	sp,sp,-16
80004364:	00000517          	auipc	a0,0x0
80004368:	5ec50513          	addi	a0,a0,1516 # 80004950 <main+0xdf4>
8000436c:	00112623          	sw	ra,12(sp)
80004370:	f00fe0ef          	jal	80002a70 <printstr>
80004374:	00c12083          	lw	ra,12(sp)
80004378:	fff00513          	li	a0,-1
8000437c:	01010113          	addi	sp,sp,16
80004380:	00008067          	ret
