
median.riscv:     file format elf32-littleriscv


Disassembly of section .text.init:

80000000 <_start>:
80000000:	00000093          	li	ra,0
80000004:	00000113          	li	sp,0
80000008:	00000193          	li	gp,0
8000000c:	00000213          	li	tp,0
80000010:	00000293          	li	t0,0
80000014:	00000313          	li	t1,0
80000018:	00000393          	li	t2,0
8000001c:	00000413          	li	s0,0
80000020:	00000493          	li	s1,0
80000024:	00000513          	li	a0,0
80000028:	00000593          	li	a1,0
8000002c:	00000613          	li	a2,0
80000030:	00000693          	li	a3,0
80000034:	00000713          	li	a4,0
80000038:	00000793          	li	a5,0
8000003c:	00000813          	li	a6,0
80000040:	00000893          	li	a7,0
80000044:	00000913          	li	s2,0
80000048:	00000993          	li	s3,0
8000004c:	00000a13          	li	s4,0
80000050:	00000a93          	li	s5,0
80000054:	00000b13          	li	s6,0
80000058:	00000b93          	li	s7,0
8000005c:	00000c13          	li	s8,0
80000060:	00000c93          	li	s9,0
80000064:	00000d13          	li	s10,0
80000068:	00000d93          	li	s11,0
8000006c:	00000e13          	li	t3,0
80000070:	00000e93          	li	t4,0
80000074:	00000f13          	li	t5,0
80000078:	00000f93          	li	t6,0
8000007c:	0181e2b7          	lui	t0,0x181e
80000080:	3002a073          	csrs	mstatus,t0
80000084:	00100293          	li	t0,1
80000088:	01f29293          	slli	t0,t0,0x1f
8000008c:	0002ca63          	bltz	t0,800000a0 <_start+0xa0>
80000090:	00100513          	li	a0,1
80000094:	00001297          	auipc	t0,0x1
80000098:	f6a2a623          	sw	a0,-148(t0) # 80001000 <tohost>
8000009c:	ff5ff06f          	j	80000090 <_start+0x90>
800000a0:	00000297          	auipc	t0,0x0
800000a4:	04028293          	addi	t0,t0,64 # 800000e0 <trap_entry>
800000a8:	30529073          	csrw	mtvec,t0
800000ac:	00005197          	auipc	gp,0x5
800000b0:	fe818193          	addi	gp,gp,-24 # 80005094 <__global_pointer$>
800000b4:	86b18213          	addi	tp,gp,-1941 # 800048ff <_end+0x3f>
800000b8:	fc027213          	andi	tp,tp,-64
800000bc:	f1402573          	csrr	a0,mhartid
800000c0:	00100593          	li	a1,1
800000c4:	00b57063          	bgeu	a0,a1,800000c4 <_start+0xc4>
800000c8:	00150113          	addi	sp,a0,1
800000cc:	01111113          	slli	sp,sp,0x11
800000d0:	00410133          	add	sp,sp,tp
800000d4:	01151613          	slli	a2,a0,0x11
800000d8:	00c20233          	add	tp,tp,a2
800000dc:	1850206f          	j	80002a60 <_init>

800000e0 <trap_entry>:
800000e0:	ef010113          	addi	sp,sp,-272
800000e4:	00112223          	sw	ra,4(sp)
800000e8:	00212423          	sw	sp,8(sp)
800000ec:	00312623          	sw	gp,12(sp)
800000f0:	00412823          	sw	tp,16(sp)
800000f4:	00512a23          	sw	t0,20(sp)
800000f8:	00612c23          	sw	t1,24(sp)
800000fc:	00712e23          	sw	t2,28(sp)
80000100:	02812023          	sw	s0,32(sp)
80000104:	02912223          	sw	s1,36(sp)
80000108:	02a12423          	sw	a0,40(sp)
8000010c:	02b12623          	sw	a1,44(sp)
80000110:	02c12823          	sw	a2,48(sp)
80000114:	02d12a23          	sw	a3,52(sp)
80000118:	02e12c23          	sw	a4,56(sp)
8000011c:	02f12e23          	sw	a5,60(sp)
80000120:	05012023          	sw	a6,64(sp)
80000124:	05112223          	sw	a7,68(sp)
80000128:	05212423          	sw	s2,72(sp)
8000012c:	05312623          	sw	s3,76(sp)
80000130:	05412823          	sw	s4,80(sp)
80000134:	05512a23          	sw	s5,84(sp)
80000138:	05612c23          	sw	s6,88(sp)
8000013c:	05712e23          	sw	s7,92(sp)
80000140:	07812023          	sw	s8,96(sp)
80000144:	07912223          	sw	s9,100(sp)
80000148:	07a12423          	sw	s10,104(sp)
8000014c:	07b12623          	sw	s11,108(sp)
80000150:	07c12823          	sw	t3,112(sp)
80000154:	07d12a23          	sw	t4,116(sp)
80000158:	07e12c23          	sw	t5,120(sp)
8000015c:	07f12e23          	sw	t6,124(sp)
80000160:	34202573          	csrr	a0,mcause
80000164:	341025f3          	csrr	a1,mepc
80000168:	00010613          	mv	a2,sp
8000016c:	564020ef          	jal	800026d0 <handle_trap>
80000170:	34151073          	csrw	mepc,a0
80000174:	000022b7          	lui	t0,0x2
80000178:	80028293          	addi	t0,t0,-2048 # 1800 <buflen.1+0x17c0>
8000017c:	3002a073          	csrs	mstatus,t0
80000180:	00412083          	lw	ra,4(sp)
80000184:	00812103          	lw	sp,8(sp)
80000188:	00c12183          	lw	gp,12(sp)
8000018c:	01012203          	lw	tp,16(sp)
80000190:	01412283          	lw	t0,20(sp)
80000194:	01812303          	lw	t1,24(sp)
80000198:	01c12383          	lw	t2,28(sp)
8000019c:	02012403          	lw	s0,32(sp)
800001a0:	02412483          	lw	s1,36(sp)
800001a4:	02812503          	lw	a0,40(sp)
800001a8:	02c12583          	lw	a1,44(sp)
800001ac:	03012603          	lw	a2,48(sp)
800001b0:	03412683          	lw	a3,52(sp)
800001b4:	03812703          	lw	a4,56(sp)
800001b8:	03c12783          	lw	a5,60(sp)
800001bc:	04012803          	lw	a6,64(sp)
800001c0:	04412883          	lw	a7,68(sp)
800001c4:	04812903          	lw	s2,72(sp)
800001c8:	04c12983          	lw	s3,76(sp)
800001cc:	05012a03          	lw	s4,80(sp)
800001d0:	05412a83          	lw	s5,84(sp)
800001d4:	05812b03          	lw	s6,88(sp)
800001d8:	05c12b83          	lw	s7,92(sp)
800001dc:	06012c03          	lw	s8,96(sp)
800001e0:	06412c83          	lw	s9,100(sp)
800001e4:	06812d03          	lw	s10,104(sp)
800001e8:	06c12d83          	lw	s11,108(sp)
800001ec:	07012e03          	lw	t3,112(sp)
800001f0:	07412e83          	lw	t4,116(sp)
800001f4:	07812f03          	lw	t5,120(sp)
800001f8:	07c12f83          	lw	t6,124(sp)
800001fc:	11010113          	addi	sp,sp,272
80000200:	30200073          	mret

Disassembly of section .text:

80002000 <median>:
80002000:	00251793          	slli	a5,a0,0x2
80002004:	ffc78793          	addi	a5,a5,-4
80002008:	00f60733          	add	a4,a2,a5
8000200c:	00062023          	sw	zero,0(a2)
80002010:	00072023          	sw	zero,0(a4)
80002014:	00200713          	li	a4,2
80002018:	02a75e63          	bge	a4,a0,80002054 <median+0x54>
8000201c:	00b78533          	add	a0,a5,a1
80002020:	ffc50513          	addi	a0,a0,-4
80002024:	00460613          	addi	a2,a2,4
80002028:	0005a703          	lw	a4,0(a1)
8000202c:	0045a783          	lw	a5,4(a1)
80002030:	0085a683          	lw	a3,8(a1)
80002034:	02f75263          	bge	a4,a5,80002058 <median+0x58>
80002038:	00d7c663          	blt	a5,a3,80002044 <median+0x44>
8000203c:	00070793          	mv	a5,a4
80002040:	02d74063          	blt	a4,a3,80002060 <median+0x60>
80002044:	00f62023          	sw	a5,0(a2)
80002048:	00458593          	addi	a1,a1,4
8000204c:	00460613          	addi	a2,a2,4
80002050:	fca59ce3          	bne	a1,a0,80002028 <median+0x28>
80002054:	00008067          	ret
80002058:	02d74063          	blt	a4,a3,80002078 <median+0x78>
8000205c:	fed7d4e3          	bge	a5,a3,80002044 <median+0x44>
80002060:	00068793          	mv	a5,a3
80002064:	00f62023          	sw	a5,0(a2)
80002068:	00458593          	addi	a1,a1,4
8000206c:	00460613          	addi	a2,a2,4
80002070:	faa59ce3          	bne	a1,a0,80002028 <median+0x28>
80002074:	00008067          	ret
80002078:	00070793          	mv	a5,a4
8000207c:	00f62023          	sw	a5,0(a2)
80002080:	00458593          	addi	a1,a1,4
80002084:	00460613          	addi	a2,a2,4
80002088:	faa590e3          	bne	a1,a0,80002028 <median+0x28>
8000208c:	00008067          	ret

80002090 <vprintfmt>:
80002090:	eb010113          	addi	sp,sp,-336
80002094:	14812423          	sw	s0,328(sp)
80002098:	15212023          	sw	s2,320(sp)
8000209c:	13312e23          	sw	s3,316(sp)
800020a0:	13512a23          	sw	s5,308(sp)
800020a4:	14112623          	sw	ra,332(sp)
800020a8:	14912223          	sw	s1,324(sp)
800020ac:	13412c23          	sw	s4,312(sp)
800020b0:	13712623          	sw	s7,300(sp)
800020b4:	13812423          	sw	s8,296(sp)
800020b8:	13912223          	sw	s9,292(sp)
800020bc:	13a12023          	sw	s10,288(sp)
800020c0:	00050993          	mv	s3,a0
800020c4:	00058913          	mv	s2,a1
800020c8:	00060413          	mv	s0,a2
800020cc:	00d12623          	sw	a3,12(sp)
800020d0:	02500a93          	li	s5,37
800020d4:	0140006f          	j	800020e8 <vprintfmt+0x58>
800020d8:	06050463          	beqz	a0,80002140 <vprintfmt+0xb0>
800020dc:	00090593          	mv	a1,s2
800020e0:	00140413          	addi	s0,s0,1
800020e4:	000980e7          	jalr	s3
800020e8:	00044503          	lbu	a0,0(s0)
800020ec:	ff5516e3          	bne	a0,s5,800020d8 <vprintfmt+0x48>
800020f0:	00144683          	lbu	a3,1(s0)
800020f4:	00140a13          	addi	s4,s0,1
800020f8:	fff00493          	li	s1,-1
800020fc:	02000793          	li	a5,32
80002100:	000a0713          	mv	a4,s4
80002104:	00048c13          	mv	s8,s1
80002108:	00f12423          	sw	a5,8(sp)
8000210c:	00000593          	li	a1,0
80002110:	fdd68793          	addi	a5,a3,-35
80002114:	0ff7f793          	zext.b	a5,a5
80002118:	05500613          	li	a2,85
8000211c:	00170413          	addi	s0,a4,1
80002120:	06f66a63          	bltu	a2,a5,80002194 <vprintfmt+0x104>
80002124:	00001617          	auipc	a2,0x1
80002128:	7e460613          	addi	a2,a2,2020 # 80003908 <main+0xfc>
8000212c:	00279793          	slli	a5,a5,0x2
80002130:	00c787b3          	add	a5,a5,a2
80002134:	0007a783          	lw	a5,0(a5)
80002138:	00c787b3          	add	a5,a5,a2
8000213c:	00078067          	jr	a5
80002140:	14c12083          	lw	ra,332(sp)
80002144:	14812403          	lw	s0,328(sp)
80002148:	14412483          	lw	s1,324(sp)
8000214c:	14012903          	lw	s2,320(sp)
80002150:	13c12983          	lw	s3,316(sp)
80002154:	13812a03          	lw	s4,312(sp)
80002158:	13412a83          	lw	s5,308(sp)
8000215c:	12c12b83          	lw	s7,300(sp)
80002160:	12812c03          	lw	s8,296(sp)
80002164:	12412c83          	lw	s9,292(sp)
80002168:	12012d03          	lw	s10,288(sp)
8000216c:	15010113          	addi	sp,sp,336
80002170:	00008067          	ret
80002174:	00d12423          	sw	a3,8(sp)
80002178:	00174683          	lbu	a3,1(a4)
8000217c:	05500613          	li	a2,85
80002180:	00040713          	mv	a4,s0
80002184:	fdd68793          	addi	a5,a3,-35
80002188:	0ff7f793          	zext.b	a5,a5
8000218c:	00170413          	addi	s0,a4,1
80002190:	f8f67ae3          	bgeu	a2,a5,80002124 <vprintfmt+0x94>
80002194:	00090593          	mv	a1,s2
80002198:	02500513          	li	a0,37
8000219c:	000980e7          	jalr	s3
800021a0:	000a0413          	mv	s0,s4
800021a4:	f45ff06f          	j	800020e8 <vprintfmt+0x58>
800021a8:	00174603          	lbu	a2,1(a4)
800021ac:	00900513          	li	a0,9
800021b0:	fd068493          	addi	s1,a3,-48
800021b4:	fd060793          	addi	a5,a2,-48
800021b8:	00060693          	mv	a3,a2
800021bc:	00040713          	mv	a4,s0
800021c0:	02f56663          	bltu	a0,a5,800021ec <vprintfmt+0x15c>
800021c4:	00249793          	slli	a5,s1,0x2
800021c8:	009787b3          	add	a5,a5,s1
800021cc:	00170713          	addi	a4,a4,1
800021d0:	00179793          	slli	a5,a5,0x1
800021d4:	00c787b3          	add	a5,a5,a2
800021d8:	00074603          	lbu	a2,0(a4)
800021dc:	fd078493          	addi	s1,a5,-48
800021e0:	fd060793          	addi	a5,a2,-48
800021e4:	00060693          	mv	a3,a2
800021e8:	fcf57ee3          	bgeu	a0,a5,800021c4 <vprintfmt+0x134>
800021ec:	f20c52e3          	bgez	s8,80002110 <vprintfmt+0x80>
800021f0:	00048c13          	mv	s8,s1
800021f4:	fff00493          	li	s1,-1
800021f8:	f19ff06f          	j	80002110 <vprintfmt+0x80>
800021fc:	00174683          	lbu	a3,1(a4)
80002200:	00040713          	mv	a4,s0
80002204:	f0dff06f          	j	80002110 <vprintfmt+0x80>
80002208:	00090593          	mv	a1,s2
8000220c:	02500513          	li	a0,37
80002210:	000980e7          	jalr	s3
80002214:	ed5ff06f          	j	800020e8 <vprintfmt+0x58>
80002218:	00c12783          	lw	a5,12(sp)
8000221c:	00174683          	lbu	a3,1(a4)
80002220:	00040713          	mv	a4,s0
80002224:	0007a483          	lw	s1,0(a5)
80002228:	00478793          	addi	a5,a5,4
8000222c:	00f12623          	sw	a5,12(sp)
80002230:	fbdff06f          	j	800021ec <vprintfmt+0x15c>
80002234:	00090593          	mv	a1,s2
80002238:	03000513          	li	a0,48
8000223c:	13612823          	sw	s6,304(sp)
80002240:	000980e7          	jalr	s3
80002244:	00090593          	mv	a1,s2
80002248:	07800513          	li	a0,120
8000224c:	000980e7          	jalr	s3
80002250:	00c12783          	lw	a5,12(sp)
80002254:	01000b93          	li	s7,16
80002258:	00000d13          	li	s10,0
8000225c:	00478713          	addi	a4,a5,4
80002260:	00c12783          	lw	a5,12(sp)
80002264:	00000c93          	li	s9,0
80002268:	0007a483          	lw	s1,0(a5)
8000226c:	00e12623          	sw	a4,12(sp)
80002270:	000b8613          	mv	a2,s7
80002274:	00000693          	li	a3,0
80002278:	00048513          	mv	a0,s1
8000227c:	000c8593          	mv	a1,s9
80002280:	7e5000ef          	jal	80003264 <__umoddi3>
80002284:	00a12823          	sw	a0,16(sp)
80002288:	279d0863          	beq	s10,s9,800024f8 <vprintfmt+0x468>
8000228c:	11b12e23          	sw	s11,284(sp)
80002290:	00100b13          	li	s6,1
80002294:	01410d93          	addi	s11,sp,20
80002298:	00048513          	mv	a0,s1
8000229c:	000c8593          	mv	a1,s9
800022a0:	000b8613          	mv	a2,s7
800022a4:	00000693          	li	a3,0
800022a8:	1f5000ef          	jal	80002c9c <__udivdi3>
800022ac:	000b8613          	mv	a2,s7
800022b0:	00000693          	li	a3,0
800022b4:	00050493          	mv	s1,a0
800022b8:	00058c93          	mv	s9,a1
800022bc:	7a9000ef          	jal	80003264 <__umoddi3>
800022c0:	00ada023          	sw	a0,0(s11)
800022c4:	000b0a13          	mv	s4,s6
800022c8:	004d8d93          	addi	s11,s11,4
800022cc:	001b0b13          	addi	s6,s6,1
800022d0:	fd9d14e3          	bne	s10,s9,80002298 <vprintfmt+0x208>
800022d4:	fd74f2e3          	bgeu	s1,s7,80002298 <vprintfmt+0x208>
800022d8:	11c12d83          	lw	s11,284(sp)
800022dc:	fffc0b93          	addi	s7,s8,-1
800022e0:	fffb0493          	addi	s1,s6,-1
800022e4:	018b5c63          	bge	s6,s8,800022fc <vprintfmt+0x26c>
800022e8:	00812503          	lw	a0,8(sp)
800022ec:	00090593          	mv	a1,s2
800022f0:	fffb8b93          	addi	s7,s7,-1
800022f4:	000980e7          	jalr	s3
800022f8:	fe9b98e3          	bne	s7,s1,800022e8 <vprintfmt+0x258>
800022fc:	002a1a13          	slli	s4,s4,0x2
80002300:	01010493          	addi	s1,sp,16
80002304:	01448a33          	add	s4,s1,s4
80002308:	00900b13          	li	s6,9
8000230c:	0080006f          	j	80002314 <vprintfmt+0x284>
80002310:	00078a13          	mv	s4,a5
80002314:	000a2783          	lw	a5,0(s4)
80002318:	03000513          	li	a0,48
8000231c:	00fb7463          	bgeu	s6,a5,80002324 <vprintfmt+0x294>
80002320:	05700513          	li	a0,87
80002324:	00a78533          	add	a0,a5,a0
80002328:	00090593          	mv	a1,s2
8000232c:	000980e7          	jalr	s3
80002330:	ffca0793          	addi	a5,s4,-4
80002334:	fd449ee3          	bne	s1,s4,80002310 <vprintfmt+0x280>
80002338:	13012b03          	lw	s6,304(sp)
8000233c:	dadff06f          	j	800020e8 <vprintfmt+0x58>
80002340:	13612823          	sw	s6,304(sp)
80002344:	00100793          	li	a5,1
80002348:	1cb7c063          	blt	a5,a1,80002508 <vprintfmt+0x478>
8000234c:	00c12783          	lw	a5,12(sp)
80002350:	0007a483          	lw	s1,0(a5)
80002354:	00478793          	addi	a5,a5,4
80002358:	00f12623          	sw	a5,12(sp)
8000235c:	41f4dc93          	srai	s9,s1,0x1f
80002360:	020cd063          	bgez	s9,80002380 <vprintfmt+0x2f0>
80002364:	00090593          	mv	a1,s2
80002368:	02d00513          	li	a0,45
8000236c:	000980e7          	jalr	s3
80002370:	00903733          	snez	a4,s1
80002374:	419007b3          	neg	a5,s9
80002378:	40e78cb3          	sub	s9,a5,a4
8000237c:	409004b3          	neg	s1,s1
80002380:	00a00b93          	li	s7,10
80002384:	00000d13          	li	s10,0
80002388:	ee9ff06f          	j	80002270 <vprintfmt+0x1e0>
8000238c:	00174683          	lbu	a3,1(a4)
80002390:	00158593          	addi	a1,a1,1
80002394:	00040713          	mv	a4,s0
80002398:	d79ff06f          	j	80002110 <vprintfmt+0x80>
8000239c:	13612823          	sw	s6,304(sp)
800023a0:	01000b93          	li	s7,16
800023a4:	00000d13          	li	s10,0
800023a8:	00100793          	li	a5,1
800023ac:	12b7c663          	blt	a5,a1,800024d8 <vprintfmt+0x448>
800023b0:	00c12783          	lw	a5,12(sp)
800023b4:	00478713          	addi	a4,a5,4
800023b8:	ea9ff06f          	j	80002260 <vprintfmt+0x1d0>
800023bc:	00c12783          	lw	a5,12(sp)
800023c0:	0007aa03          	lw	s4,0(a5)
800023c4:	060a0a63          	beqz	s4,80002438 <vprintfmt+0x3a8>
800023c8:	0d805663          	blez	s8,80002494 <vprintfmt+0x404>
800023cc:	00812703          	lw	a4,8(sp)
800023d0:	02d00793          	li	a5,45
800023d4:	08f71063          	bne	a4,a5,80002454 <vprintfmt+0x3c4>
800023d8:	000a4503          	lbu	a0,0(s4)
800023dc:	02050c63          	beqz	a0,80002414 <vprintfmt+0x384>
800023e0:	13612823          	sw	s6,304(sp)
800023e4:	fff00b13          	li	s6,-1
800023e8:	0004c663          	bltz	s1,800023f4 <vprintfmt+0x364>
800023ec:	fff48493          	addi	s1,s1,-1
800023f0:	01648e63          	beq	s1,s6,8000240c <vprintfmt+0x37c>
800023f4:	00090593          	mv	a1,s2
800023f8:	000980e7          	jalr	s3
800023fc:	001a4503          	lbu	a0,1(s4)
80002400:	001a0a13          	addi	s4,s4,1
80002404:	fffc0c13          	addi	s8,s8,-1
80002408:	fe0510e3          	bnez	a0,800023e8 <vprintfmt+0x358>
8000240c:	13012b03          	lw	s6,304(sp)
80002410:	01805c63          	blez	s8,80002428 <vprintfmt+0x398>
80002414:	00090593          	mv	a1,s2
80002418:	02000513          	li	a0,32
8000241c:	fffc0c13          	addi	s8,s8,-1
80002420:	000980e7          	jalr	s3
80002424:	fe0c18e3          	bnez	s8,80002414 <vprintfmt+0x384>
80002428:	00c12783          	lw	a5,12(sp)
8000242c:	00478793          	addi	a5,a5,4
80002430:	00f12623          	sw	a5,12(sp)
80002434:	cb5ff06f          	j	800020e8 <vprintfmt+0x58>
80002438:	11805863          	blez	s8,80002548 <vprintfmt+0x4b8>
8000243c:	00812703          	lw	a4,8(sp)
80002440:	02d00793          	li	a5,45
80002444:	00001a17          	auipc	s4,0x1
80002448:	480a0a13          	addi	s4,s4,1152 # 800038c4 <main+0xb8>
8000244c:	02800513          	li	a0,40
80002450:	f8f708e3          	beq	a4,a5,800023e0 <vprintfmt+0x350>
80002454:	000a0793          	mv	a5,s4
80002458:	009a06b3          	add	a3,s4,s1
8000245c:	00049863          	bnez	s1,8000246c <vprintfmt+0x3dc>
80002460:	0200006f          	j	80002480 <vprintfmt+0x3f0>
80002464:	00178793          	addi	a5,a5,1
80002468:	00d78663          	beq	a5,a3,80002474 <vprintfmt+0x3e4>
8000246c:	0007c703          	lbu	a4,0(a5)
80002470:	fe071ae3          	bnez	a4,80002464 <vprintfmt+0x3d4>
80002474:	414787b3          	sub	a5,a5,s4
80002478:	40fc0c33          	sub	s8,s8,a5
8000247c:	01805c63          	blez	s8,80002494 <vprintfmt+0x404>
80002480:	00812503          	lw	a0,8(sp)
80002484:	00090593          	mv	a1,s2
80002488:	fffc0c13          	addi	s8,s8,-1
8000248c:	000980e7          	jalr	s3
80002490:	fe0c18e3          	bnez	s8,80002480 <vprintfmt+0x3f0>
80002494:	000a4503          	lbu	a0,0(s4)
80002498:	f80508e3          	beqz	a0,80002428 <vprintfmt+0x398>
8000249c:	13612823          	sw	s6,304(sp)
800024a0:	f45ff06f          	j	800023e4 <vprintfmt+0x354>
800024a4:	fffc4793          	not	a5,s8
800024a8:	41f7d793          	srai	a5,a5,0x1f
800024ac:	00174683          	lbu	a3,1(a4)
800024b0:	00fc7c33          	and	s8,s8,a5
800024b4:	00040713          	mv	a4,s0
800024b8:	c59ff06f          	j	80002110 <vprintfmt+0x80>
800024bc:	00c12783          	lw	a5,12(sp)
800024c0:	00090593          	mv	a1,s2
800024c4:	0007a503          	lw	a0,0(a5)
800024c8:	00478493          	addi	s1,a5,4
800024cc:	000980e7          	jalr	s3
800024d0:	00912623          	sw	s1,12(sp)
800024d4:	c15ff06f          	j	800020e8 <vprintfmt+0x58>
800024d8:	00c12783          	lw	a5,12(sp)
800024dc:	00778793          	addi	a5,a5,7
800024e0:	ff87f793          	andi	a5,a5,-8
800024e4:	00878713          	addi	a4,a5,8
800024e8:	0007a483          	lw	s1,0(a5)
800024ec:	0047ac83          	lw	s9,4(a5)
800024f0:	00e12623          	sw	a4,12(sp)
800024f4:	d7dff06f          	j	80002270 <vprintfmt+0x1e0>
800024f8:	d974fae3          	bgeu	s1,s7,8000228c <vprintfmt+0x1fc>
800024fc:	00000a13          	li	s4,0
80002500:	00100b13          	li	s6,1
80002504:	dd9ff06f          	j	800022dc <vprintfmt+0x24c>
80002508:	00c12783          	lw	a5,12(sp)
8000250c:	00778793          	addi	a5,a5,7
80002510:	ff87f793          	andi	a5,a5,-8
80002514:	00878713          	addi	a4,a5,8
80002518:	0007a483          	lw	s1,0(a5)
8000251c:	0047ac83          	lw	s9,4(a5)
80002520:	00e12623          	sw	a4,12(sp)
80002524:	e3dff06f          	j	80002360 <vprintfmt+0x2d0>
80002528:	13612823          	sw	s6,304(sp)
8000252c:	00a00b93          	li	s7,10
80002530:	00000d13          	li	s10,0
80002534:	e75ff06f          	j	800023a8 <vprintfmt+0x318>
80002538:	13612823          	sw	s6,304(sp)
8000253c:	00800b93          	li	s7,8
80002540:	00000d13          	li	s10,0
80002544:	e65ff06f          	j	800023a8 <vprintfmt+0x318>
80002548:	13612823          	sw	s6,304(sp)
8000254c:	00001a17          	auipc	s4,0x1
80002550:	378a0a13          	addi	s4,s4,888 # 800038c4 <main+0xb8>
80002554:	02800513          	li	a0,40
80002558:	fff00b13          	li	s6,-1
8000255c:	e8dff06f          	j	800023e8 <vprintfmt+0x358>

80002560 <sprintf_putch.0>:
80002560:	0005a783          	lw	a5,0(a1)
80002564:	00a78023          	sb	a0,0(a5)
80002568:	0005a783          	lw	a5,0(a1)
8000256c:	00178793          	addi	a5,a5,1
80002570:	00f5a023          	sw	a5,0(a1)
80002574:	00008067          	ret

80002578 <putchar>:
80002578:	04022783          	lw	a5,64(tp) # 40 <buflen.1>
8000257c:	00020713          	mv	a4,tp
80002580:	f8010113          	addi	sp,sp,-128
80002584:	00f70733          	add	a4,a4,a5
80002588:	00178793          	addi	a5,a5,1
8000258c:	00a70023          	sb	a0,0(a4)
80002590:	04f22023          	sw	a5,64(tp) # 40 <buflen.1>
80002594:	00a00713          	li	a4,10
80002598:	03f10693          	addi	a3,sp,63
8000259c:	fc06f693          	andi	a3,a3,-64
800025a0:	00e50c63          	beq	a0,a4,800025b8 <putchar+0x40>
800025a4:	04000713          	li	a4,64
800025a8:	00e78863          	beq	a5,a4,800025b8 <putchar+0x40>
800025ac:	00000513          	li	a0,0
800025b0:	08010113          	addi	sp,sp,128
800025b4:	00008067          	ret
800025b8:	04000813          	li	a6,64
800025bc:	0106a023          	sw	a6,0(a3)
800025c0:	00000893          	li	a7,0
800025c4:	0116a223          	sw	a7,4(a3)
800025c8:	00100e13          	li	t3,1
800025cc:	01c6a423          	sw	t3,8(a3)
800025d0:	00000e93          	li	t4,0
800025d4:	01d6a623          	sw	t4,12(a3)
800025d8:	00020313          	mv	t1,tp
800025dc:	0066a823          	sw	t1,16(a3)
800025e0:	00000393          	li	t2,0
800025e4:	0076aa23          	sw	t2,20(a3)
800025e8:	00f6ac23          	sw	a5,24(a3)
800025ec:	41f7d893          	srai	a7,a5,0x1f
800025f0:	0116ae23          	sw	a7,28(a3)
800025f4:	0330000f          	fence	rw,rw
800025f8:	fffff617          	auipc	a2,0xfffff
800025fc:	a0860613          	addi	a2,a2,-1528 # 80001000 <tohost>
80002600:	00d62023          	sw	a3,0(a2)
80002604:	00000793          	li	a5,0
80002608:	00f62223          	sw	a5,4(a2)
8000260c:	fffff617          	auipc	a2,0xfffff
80002610:	a3460613          	addi	a2,a2,-1484 # 80001040 <fromhost>
80002614:	00062703          	lw	a4,0(a2)
80002618:	00462783          	lw	a5,4(a2)
8000261c:	00f76733          	or	a4,a4,a5
80002620:	fe070ae3          	beqz	a4,80002614 <putchar+0x9c>
80002624:	00000793          	li	a5,0
80002628:	00f62023          	sw	a5,0(a2)
8000262c:	00000813          	li	a6,0
80002630:	01062223          	sw	a6,4(a2)
80002634:	0330000f          	fence	rw,rw
80002638:	04022023          	sw	zero,64(tp) # 40 <buflen.1>
8000263c:	0006a703          	lw	a4,0(a3)
80002640:	00000513          	li	a0,0
80002644:	0046a783          	lw	a5,4(a3)
80002648:	08010113          	addi	sp,sp,128
8000264c:	00008067          	ret

80002650 <setStats>:
80002650:	b0002773          	csrr	a4,mcycle
80002654:	00002797          	auipc	a5,0x2
80002658:	24878793          	addi	a5,a5,584 # 8000489c <counters>
8000265c:	00050a63          	beqz	a0,80002670 <setStats+0x20>
80002660:	00e7a023          	sw	a4,0(a5)
80002664:	b0202773          	csrr	a4,minstret
80002668:	00e7a223          	sw	a4,4(a5)
8000266c:	00008067          	ret
80002670:	0007a583          	lw	a1,0(a5)
80002674:	00002697          	auipc	a3,0x2
80002678:	22068693          	addi	a3,a3,544 # 80004894 <counter_names>
8000267c:	00001617          	auipc	a2,0x1
80002680:	25460613          	addi	a2,a2,596 # 800038d0 <main+0xc4>
80002684:	40b70733          	sub	a4,a4,a1
80002688:	00e7a023          	sw	a4,0(a5)
8000268c:	00c6a023          	sw	a2,0(a3)
80002690:	b0202773          	csrr	a4,minstret
80002694:	0047a603          	lw	a2,4(a5)
80002698:	00001597          	auipc	a1,0x1
8000269c:	24058593          	addi	a1,a1,576 # 800038d8 <main+0xcc>
800026a0:	00b6a223          	sw	a1,4(a3)
800026a4:	40c70733          	sub	a4,a4,a2
800026a8:	00e7a223          	sw	a4,4(a5)
800026ac:	00008067          	ret

800026b0 <tohost_exit>:
800026b0:	00151693          	slli	a3,a0,0x1
800026b4:	0016e713          	ori	a4,a3,1
800026b8:	fffff697          	auipc	a3,0xfffff
800026bc:	94868693          	addi	a3,a3,-1720 # 80001000 <tohost>
800026c0:	00000793          	li	a5,0
800026c4:	00e6a023          	sw	a4,0(a3)
800026c8:	00f6a223          	sw	a5,4(a3)
800026cc:	0000006f          	j	800026cc <tohost_exit+0x1c>

800026d0 <handle_trap>:
800026d0:	00001637          	lui	a2,0x1
800026d4:	fffff797          	auipc	a5,0xfffff
800026d8:	92c78793          	addi	a5,a5,-1748 # 80001000 <tohost>
800026dc:	a7360613          	addi	a2,a2,-1421 # a73 <buflen.1+0xa33>
800026e0:	00000693          	li	a3,0
800026e4:	00c7a023          	sw	a2,0(a5)
800026e8:	00d7a223          	sw	a3,4(a5)
800026ec:	0000006f          	j	800026ec <handle_trap+0x1c>

800026f0 <exit>:
800026f0:	ff010113          	addi	sp,sp,-16
800026f4:	00112623          	sw	ra,12(sp)
800026f8:	fb9ff0ef          	jal	800026b0 <tohost_exit>

800026fc <abort>:
800026fc:	fffff797          	auipc	a5,0xfffff
80002700:	90478793          	addi	a5,a5,-1788 # 80001000 <tohost>
80002704:	10d00613          	li	a2,269
80002708:	00000693          	li	a3,0
8000270c:	00c7a023          	sw	a2,0(a5)
80002710:	00d7a223          	sw	a3,4(a5)
80002714:	0000006f          	j	80002714 <abort+0x18>

80002718 <printstr>:
80002718:	00054783          	lbu	a5,0(a0)
8000271c:	f8010113          	addi	sp,sp,-128
80002720:	03f10613          	addi	a2,sp,63
80002724:	00050813          	mv	a6,a0
80002728:	00000893          	li	a7,0
8000272c:	fc067613          	andi	a2,a2,-64
80002730:	0a078063          	beqz	a5,800027d0 <printstr+0xb8>
80002734:	00050793          	mv	a5,a0
80002738:	0017c703          	lbu	a4,1(a5)
8000273c:	00178793          	addi	a5,a5,1
80002740:	fe071ce3          	bnez	a4,80002738 <printstr+0x20>
80002744:	40a78333          	sub	t1,a5,a0
80002748:	00000393          	li	t2,0
8000274c:	04000713          	li	a4,64
80002750:	00e62023          	sw	a4,0(a2)
80002754:	00000793          	li	a5,0
80002758:	00f62223          	sw	a5,4(a2)
8000275c:	00100713          	li	a4,1
80002760:	00e62423          	sw	a4,8(a2)
80002764:	00000793          	li	a5,0
80002768:	00f62623          	sw	a5,12(a2)
8000276c:	01062823          	sw	a6,16(a2)
80002770:	01162a23          	sw	a7,20(a2)
80002774:	00662c23          	sw	t1,24(a2)
80002778:	00762e23          	sw	t2,28(a2)
8000277c:	0330000f          	fence	rw,rw
80002780:	fffff697          	auipc	a3,0xfffff
80002784:	88068693          	addi	a3,a3,-1920 # 80001000 <tohost>
80002788:	00c6a023          	sw	a2,0(a3)
8000278c:	00000793          	li	a5,0
80002790:	00f6a223          	sw	a5,4(a3)
80002794:	fffff697          	auipc	a3,0xfffff
80002798:	8ac68693          	addi	a3,a3,-1876 # 80001040 <fromhost>
8000279c:	0006a703          	lw	a4,0(a3)
800027a0:	0046a783          	lw	a5,4(a3)
800027a4:	00f76733          	or	a4,a4,a5
800027a8:	fe070ae3          	beqz	a4,8000279c <printstr+0x84>
800027ac:	00000793          	li	a5,0
800027b0:	00f6a023          	sw	a5,0(a3)
800027b4:	00000813          	li	a6,0
800027b8:	0106a223          	sw	a6,4(a3)
800027bc:	0330000f          	fence	rw,rw
800027c0:	00062703          	lw	a4,0(a2)
800027c4:	00462783          	lw	a5,4(a2)
800027c8:	08010113          	addi	sp,sp,128
800027cc:	00008067          	ret
800027d0:	00000313          	li	t1,0
800027d4:	00000393          	li	t2,0
800027d8:	f75ff06f          	j	8000274c <printstr+0x34>

800027dc <thread_entry>:
800027dc:	00051463          	bnez	a0,800027e4 <thread_entry+0x8>
800027e0:	00008067          	ret
800027e4:	0000006f          	j	800027e4 <thread_entry+0x8>

800027e8 <printhex>:
800027e8:	fd010113          	addi	sp,sp,-48
800027ec:	00050713          	mv	a4,a0
800027f0:	02112623          	sw	ra,44(sp)
800027f4:	00c10513          	addi	a0,sp,12
800027f8:	01b10613          	addi	a2,sp,27
800027fc:	00900813          	li	a6,9
80002800:	0080006f          	j	80002808 <printhex+0x20>
80002804:	00078613          	mv	a2,a5
80002808:	00f77793          	andi	a5,a4,15
8000280c:	00f837b3          	sltu	a5,a6,a5
80002810:	40f007b3          	neg	a5,a5
80002814:	0277f793          	andi	a5,a5,39
80002818:	00f77693          	andi	a3,a4,15
8000281c:	03078793          	addi	a5,a5,48
80002820:	00f687b3          	add	a5,a3,a5
80002824:	00f60023          	sb	a5,0(a2)
80002828:	00475713          	srli	a4,a4,0x4
8000282c:	01c59793          	slli	a5,a1,0x1c
80002830:	00e7e733          	or	a4,a5,a4
80002834:	0045d593          	srli	a1,a1,0x4
80002838:	fff60793          	addi	a5,a2,-1
8000283c:	fcc514e3          	bne	a0,a2,80002804 <printhex+0x1c>
80002840:	00010e23          	sb	zero,28(sp)
80002844:	ed5ff0ef          	jal	80002718 <printstr>
80002848:	02c12083          	lw	ra,44(sp)
8000284c:	03010113          	addi	sp,sp,48
80002850:	00008067          	ret

80002854 <printf>:
80002854:	fc010113          	addi	sp,sp,-64
80002858:	02410313          	addi	t1,sp,36
8000285c:	02b12223          	sw	a1,36(sp)
80002860:	02c12423          	sw	a2,40(sp)
80002864:	02d12623          	sw	a3,44(sp)
80002868:	00050613          	mv	a2,a0
8000286c:	00030693          	mv	a3,t1
80002870:	00000517          	auipc	a0,0x0
80002874:	d0850513          	addi	a0,a0,-760 # 80002578 <putchar>
80002878:	00000593          	li	a1,0
8000287c:	00112e23          	sw	ra,28(sp)
80002880:	02e12823          	sw	a4,48(sp)
80002884:	02f12a23          	sw	a5,52(sp)
80002888:	03012c23          	sw	a6,56(sp)
8000288c:	03112e23          	sw	a7,60(sp)
80002890:	00612623          	sw	t1,12(sp)
80002894:	ffcff0ef          	jal	80002090 <vprintfmt>
80002898:	01c12083          	lw	ra,28(sp)
8000289c:	00000513          	li	a0,0
800028a0:	04010113          	addi	sp,sp,64
800028a4:	00008067          	ret

800028a8 <sprintf>:
800028a8:	fb010113          	addi	sp,sp,-80
800028ac:	03810313          	addi	t1,sp,56
800028b0:	02812423          	sw	s0,40(sp)
800028b4:	00a12623          	sw	a0,12(sp)
800028b8:	02c12c23          	sw	a2,56(sp)
800028bc:	02d12e23          	sw	a3,60(sp)
800028c0:	00050413          	mv	s0,a0
800028c4:	00058613          	mv	a2,a1
800028c8:	00000517          	auipc	a0,0x0
800028cc:	c9850513          	addi	a0,a0,-872 # 80002560 <sprintf_putch.0>
800028d0:	00c10593          	addi	a1,sp,12
800028d4:	00030693          	mv	a3,t1
800028d8:	02112623          	sw	ra,44(sp)
800028dc:	04f12223          	sw	a5,68(sp)
800028e0:	04e12023          	sw	a4,64(sp)
800028e4:	05012423          	sw	a6,72(sp)
800028e8:	05112623          	sw	a7,76(sp)
800028ec:	00612e23          	sw	t1,28(sp)
800028f0:	fa0ff0ef          	jal	80002090 <vprintfmt>
800028f4:	00c12783          	lw	a5,12(sp)
800028f8:	00078023          	sb	zero,0(a5)
800028fc:	00c12503          	lw	a0,12(sp)
80002900:	02c12083          	lw	ra,44(sp)
80002904:	40850533          	sub	a0,a0,s0
80002908:	02812403          	lw	s0,40(sp)
8000290c:	05010113          	addi	sp,sp,80
80002910:	00008067          	ret

80002914 <memcpy>:
80002914:	00c5e7b3          	or	a5,a1,a2
80002918:	00f567b3          	or	a5,a0,a5
8000291c:	0037f793          	andi	a5,a5,3
80002920:	00058393          	mv	t2,a1
80002924:	00c506b3          	add	a3,a0,a2
80002928:	02078463          	beqz	a5,80002950 <memcpy+0x3c>
8000292c:	00c58633          	add	a2,a1,a2
80002930:	00050793          	mv	a5,a0
80002934:	0ad57263          	bgeu	a0,a3,800029d8 <memcpy+0xc4>
80002938:	0005c703          	lbu	a4,0(a1)
8000293c:	00158593          	addi	a1,a1,1
80002940:	00178793          	addi	a5,a5,1
80002944:	fee78fa3          	sb	a4,-1(a5)
80002948:	fec598e3          	bne	a1,a2,80002938 <memcpy+0x24>
8000294c:	00008067          	ret
80002950:	02050713          	addi	a4,a0,32
80002954:	08d77463          	bgeu	a4,a3,800029dc <memcpy+0xc8>
80002958:	00070793          	mv	a5,a4
8000295c:	0005a283          	lw	t0,0(a1)
80002960:	0045af83          	lw	t6,4(a1)
80002964:	0085af03          	lw	t5,8(a1)
80002968:	00c5ae83          	lw	t4,12(a1)
8000296c:	0105ae03          	lw	t3,16(a1)
80002970:	0145a303          	lw	t1,20(a1)
80002974:	0185a883          	lw	a7,24(a1)
80002978:	01c5a803          	lw	a6,28(a1)
8000297c:	02078793          	addi	a5,a5,32
80002980:	fc57a023          	sw	t0,-64(a5)
80002984:	fdf7a223          	sw	t6,-60(a5)
80002988:	fde7a423          	sw	t5,-56(a5)
8000298c:	fdd7a623          	sw	t4,-52(a5)
80002990:	fdc7a823          	sw	t3,-48(a5)
80002994:	fc67aa23          	sw	t1,-44(a5)
80002998:	fd17ac23          	sw	a7,-40(a5)
8000299c:	fd07ae23          	sw	a6,-36(a5)
800029a0:	02058593          	addi	a1,a1,32
800029a4:	fad7ece3          	bltu	a5,a3,8000295c <memcpy+0x48>
800029a8:	fdf60613          	addi	a2,a2,-33
800029ac:	fe067613          	andi	a2,a2,-32
800029b0:	02038393          	addi	t2,t2,32
800029b4:	00c707b3          	add	a5,a4,a2
800029b8:	00c385b3          	add	a1,t2,a2
800029bc:	f8d7f8e3          	bgeu	a5,a3,8000294c <memcpy+0x38>
800029c0:	0005a703          	lw	a4,0(a1)
800029c4:	00478793          	addi	a5,a5,4
800029c8:	00458593          	addi	a1,a1,4
800029cc:	fee7ae23          	sw	a4,-4(a5)
800029d0:	fed7e8e3          	bltu	a5,a3,800029c0 <memcpy+0xac>
800029d4:	00008067          	ret
800029d8:	00008067          	ret
800029dc:	00050793          	mv	a5,a0
800029e0:	fddff06f          	j	800029bc <memcpy+0xa8>

800029e4 <memset>:
800029e4:	ff010113          	addi	sp,sp,-16
800029e8:	00c567b3          	or	a5,a0,a2
800029ec:	00812423          	sw	s0,8(sp)
800029f0:	00112623          	sw	ra,12(sp)
800029f4:	0037f793          	andi	a5,a5,3
800029f8:	00050413          	mv	s0,a0
800029fc:	00c50733          	add	a4,a0,a2
80002a00:	02078263          	beqz	a5,80002a24 <memset+0x40>
80002a04:	00e57663          	bgeu	a0,a4,80002a10 <memset+0x2c>
80002a08:	0ff5f593          	zext.b	a1,a1
80002a0c:	fd9ff0ef          	jal	800029e4 <memset>
80002a10:	00c12083          	lw	ra,12(sp)
80002a14:	00040513          	mv	a0,s0
80002a18:	00812403          	lw	s0,8(sp)
80002a1c:	01010113          	addi	sp,sp,16
80002a20:	00008067          	ret
80002a24:	0ff5f593          	zext.b	a1,a1
80002a28:	00859693          	slli	a3,a1,0x8
80002a2c:	00b686b3          	add	a3,a3,a1
80002a30:	01069793          	slli	a5,a3,0x10
80002a34:	00f686b3          	add	a3,a3,a5
80002a38:	fce57ce3          	bgeu	a0,a4,80002a10 <memset+0x2c>
80002a3c:	00050793          	mv	a5,a0
80002a40:	00478793          	addi	a5,a5,4
80002a44:	fed7ae23          	sw	a3,-4(a5)
80002a48:	fee7ece3          	bltu	a5,a4,80002a40 <memset+0x5c>
80002a4c:	00c12083          	lw	ra,12(sp)
80002a50:	00040513          	mv	a0,s0
80002a54:	00812403          	lw	s0,8(sp)
80002a58:	01010113          	addi	sp,sp,16
80002a5c:	00008067          	ret

80002a60 <_init>:
80002a60:	f6010113          	addi	sp,sp,-160
80002a64:	00002797          	auipc	a5,0x2
80002a68:	e4078793          	addi	a5,a5,-448 # 800048a4 <_tdata_begin>
80002a6c:	09312623          	sw	s3,140(sp)
80002a70:	00002997          	auipc	s3,0x2
80002a74:	e3498993          	addi	s3,s3,-460 # 800048a4 <_tdata_begin>
80002a78:	09412423          	sw	s4,136(sp)
80002a7c:	40f98a33          	sub	s4,s3,a5
80002a80:	08912a23          	sw	s1,148(sp)
80002a84:	09212823          	sw	s2,144(sp)
80002a88:	00050493          	mv	s1,a0
80002a8c:	00058913          	mv	s2,a1
80002a90:	00020513          	mv	a0,tp
80002a94:	00078593          	mv	a1,a5
80002a98:	000a0613          	mv	a2,s4
80002a9c:	08112e23          	sw	ra,156(sp)
80002aa0:	08812c23          	sw	s0,152(sp)
80002aa4:	09512223          	sw	s5,132(sp)
80002aa8:	00020a93          	mv	s5,tp
80002aac:	e69ff0ef          	jal	80002914 <memcpy>
80002ab0:	87018613          	addi	a2,gp,-1936 # 80004904 <_tbss_end>
80002ab4:	41360633          	sub	a2,a2,s3
80002ab8:	00000593          	li	a1,0
80002abc:	014a8533          	add	a0,s5,s4
80002ac0:	f25ff0ef          	jal	800029e4 <memset>
80002ac4:	00090593          	mv	a1,s2
80002ac8:	00048513          	mv	a0,s1
80002acc:	d11ff0ef          	jal	800027dc <thread_entry>
80002ad0:	00000593          	li	a1,0
80002ad4:	00000513          	li	a0,0
80002ad8:	535000ef          	jal	8000380c <main>
80002adc:	00002917          	auipc	s2,0x2
80002ae0:	dc090913          	addi	s2,s2,-576 # 8000489c <counters>
80002ae4:	00092683          	lw	a3,0(s2)
80002ae8:	03f10413          	addi	s0,sp,63
80002aec:	fc047413          	andi	s0,s0,-64
80002af0:	00050493          	mv	s1,a0
80002af4:	04069463          	bnez	a3,80002b3c <_init+0xdc>
80002af8:	00492683          	lw	a3,4(s2)
80002afc:	00069663          	bnez	a3,80002b08 <_init+0xa8>
80002b00:	00048513          	mv	a0,s1
80002b04:	badff0ef          	jal	800026b0 <tohost_exit>
80002b08:	00040913          	mv	s2,s0
80002b0c:	00002997          	auipc	s3,0x2
80002b10:	d8898993          	addi	s3,s3,-632 # 80004894 <counter_names>
80002b14:	0049a603          	lw	a2,4(s3)
80002b18:	00090513          	mv	a0,s2
80002b1c:	00001597          	auipc	a1,0x1
80002b20:	de058593          	addi	a1,a1,-544 # 800038fc <main+0xf0>
80002b24:	d85ff0ef          	jal	800028a8 <sprintf>
80002b28:	00a90933          	add	s2,s2,a0
80002b2c:	fd240ae3          	beq	s0,s2,80002b00 <_init+0xa0>
80002b30:	00040513          	mv	a0,s0
80002b34:	be5ff0ef          	jal	80002718 <printstr>
80002b38:	fc9ff06f          	j	80002b00 <_init+0xa0>
80002b3c:	00002997          	auipc	s3,0x2
80002b40:	d5898993          	addi	s3,s3,-680 # 80004894 <counter_names>
80002b44:	0009a603          	lw	a2,0(s3)
80002b48:	00001597          	auipc	a1,0x1
80002b4c:	db458593          	addi	a1,a1,-588 # 800038fc <main+0xf0>
80002b50:	00040513          	mv	a0,s0
80002b54:	d55ff0ef          	jal	800028a8 <sprintf>
80002b58:	00492683          	lw	a3,4(s2)
80002b5c:	00a40933          	add	s2,s0,a0
80002b60:	fc0686e3          	beqz	a3,80002b2c <_init+0xcc>
80002b64:	fb1ff06f          	j	80002b14 <_init+0xb4>

80002b68 <strlen>:
80002b68:	00054783          	lbu	a5,0(a0)
80002b6c:	00078e63          	beqz	a5,80002b88 <strlen+0x20>
80002b70:	00050793          	mv	a5,a0
80002b74:	0017c703          	lbu	a4,1(a5)
80002b78:	00178793          	addi	a5,a5,1
80002b7c:	fe071ce3          	bnez	a4,80002b74 <strlen+0xc>
80002b80:	40a78533          	sub	a0,a5,a0
80002b84:	00008067          	ret
80002b88:	00000513          	li	a0,0
80002b8c:	00008067          	ret

80002b90 <strnlen>:
80002b90:	00b506b3          	add	a3,a0,a1
80002b94:	00050793          	mv	a5,a0
80002b98:	00059863          	bnez	a1,80002ba8 <strnlen+0x18>
80002b9c:	01c0006f          	j	80002bb8 <strnlen+0x28>
80002ba0:	00178793          	addi	a5,a5,1
80002ba4:	00d78663          	beq	a5,a3,80002bb0 <strnlen+0x20>
80002ba8:	0007c703          	lbu	a4,0(a5)
80002bac:	fe071ae3          	bnez	a4,80002ba0 <strnlen+0x10>
80002bb0:	40a78533          	sub	a0,a5,a0
80002bb4:	00008067          	ret
80002bb8:	00000513          	li	a0,0
80002bbc:	00008067          	ret

80002bc0 <strcmp>:
80002bc0:	00054783          	lbu	a5,0(a0)
80002bc4:	00150513          	addi	a0,a0,1
80002bc8:	00158593          	addi	a1,a1,1
80002bcc:	fff5c703          	lbu	a4,-1(a1)
80002bd0:	00078863          	beqz	a5,80002be0 <strcmp+0x20>
80002bd4:	fee786e3          	beq	a5,a4,80002bc0 <strcmp>
80002bd8:	40e78533          	sub	a0,a5,a4
80002bdc:	00008067          	ret
80002be0:	00000793          	li	a5,0
80002be4:	ff5ff06f          	j	80002bd8 <strcmp+0x18>

80002be8 <strcpy>:
80002be8:	00050793          	mv	a5,a0
80002bec:	0005c703          	lbu	a4,0(a1)
80002bf0:	00158593          	addi	a1,a1,1
80002bf4:	00178793          	addi	a5,a5,1
80002bf8:	fee78fa3          	sb	a4,-1(a5)
80002bfc:	fe0718e3          	bnez	a4,80002bec <strcpy+0x4>
80002c00:	00008067          	ret

80002c04 <atol>:
80002c04:	00054703          	lbu	a4,0(a0)
80002c08:	02000693          	li	a3,32
80002c0c:	00050793          	mv	a5,a0
80002c10:	00d71a63          	bne	a4,a3,80002c24 <atol+0x20>
80002c14:	00070693          	mv	a3,a4
80002c18:	0017c703          	lbu	a4,1(a5)
80002c1c:	00178793          	addi	a5,a5,1
80002c20:	fed70ce3          	beq	a4,a3,80002c18 <atol+0x14>
80002c24:	02d00693          	li	a3,45
80002c28:	04d70e63          	beq	a4,a3,80002c84 <atol+0x80>
80002c2c:	02b00693          	li	a3,43
80002c30:	04d70063          	beq	a4,a3,80002c70 <atol+0x6c>
80002c34:	0007c683          	lbu	a3,0(a5)
80002c38:	00000593          	li	a1,0
80002c3c:	04068c63          	beqz	a3,80002c94 <atol+0x90>
80002c40:	00000513          	li	a0,0
80002c44:	00178793          	addi	a5,a5,1
80002c48:	fd068613          	addi	a2,a3,-48
80002c4c:	00251713          	slli	a4,a0,0x2
80002c50:	0007c683          	lbu	a3,0(a5)
80002c54:	00a70733          	add	a4,a4,a0
80002c58:	00171713          	slli	a4,a4,0x1
80002c5c:	00e60533          	add	a0,a2,a4
80002c60:	fe0692e3          	bnez	a3,80002c44 <atol+0x40>
80002c64:	02058a63          	beqz	a1,80002c98 <atol+0x94>
80002c68:	40a00533          	neg	a0,a0
80002c6c:	00008067          	ret
80002c70:	0017c683          	lbu	a3,1(a5)
80002c74:	00178793          	addi	a5,a5,1
80002c78:	00068e63          	beqz	a3,80002c94 <atol+0x90>
80002c7c:	00000593          	li	a1,0
80002c80:	fc1ff06f          	j	80002c40 <atol+0x3c>
80002c84:	0017c683          	lbu	a3,1(a5)
80002c88:	00100593          	li	a1,1
80002c8c:	00b787b3          	add	a5,a5,a1
80002c90:	fa0698e3          	bnez	a3,80002c40 <atol+0x3c>
80002c94:	00000513          	li	a0,0
80002c98:	00008067          	ret

80002c9c <__udivdi3>:
80002c9c:	fd010113          	addi	sp,sp,-48
80002ca0:	01412c23          	sw	s4,24(sp)
80002ca4:	02112623          	sw	ra,44(sp)
80002ca8:	02812423          	sw	s0,40(sp)
80002cac:	02912223          	sw	s1,36(sp)
80002cb0:	03212023          	sw	s2,32(sp)
80002cb4:	01312e23          	sw	s3,28(sp)
80002cb8:	01512a23          	sw	s5,20(sp)
80002cbc:	01612823          	sw	s6,16(sp)
80002cc0:	01712623          	sw	s7,12(sp)
80002cc4:	01812423          	sw	s8,8(sp)
80002cc8:	01912223          	sw	s9,4(sp)
80002ccc:	01a12023          	sw	s10,0(sp)
80002cd0:	00050a13          	mv	s4,a0
80002cd4:	38069663          	bnez	a3,80003060 <__udivdi3+0x3c4>
80002cd8:	800047b7          	lui	a5,0x80004
80002cdc:	00060993          	mv	s3,a2
80002ce0:	00050493          	mv	s1,a0
80002ce4:	a6078793          	addi	a5,a5,-1440 # 80003a60 <__clz_tab>
80002ce8:	12c5f863          	bgeu	a1,a2,80002e18 <__udivdi3+0x17c>
80002cec:	00010737          	lui	a4,0x10
80002cf0:	00058913          	mv	s2,a1
80002cf4:	10e67863          	bgeu	a2,a4,80002e04 <__udivdi3+0x168>
80002cf8:	10063713          	sltiu	a4,a2,256
80002cfc:	00173713          	seqz	a4,a4
80002d00:	00371713          	slli	a4,a4,0x3
80002d04:	00e656b3          	srl	a3,a2,a4
80002d08:	00d787b3          	add	a5,a5,a3
80002d0c:	0007c783          	lbu	a5,0(a5)
80002d10:	02000693          	li	a3,32
80002d14:	00e787b3          	add	a5,a5,a4
80002d18:	40f68733          	sub	a4,a3,a5
80002d1c:	00f68c63          	beq	a3,a5,80002d34 <__udivdi3+0x98>
80002d20:	00e59933          	sll	s2,a1,a4
80002d24:	00fa57b3          	srl	a5,s4,a5
80002d28:	00e619b3          	sll	s3,a2,a4
80002d2c:	0127e933          	or	s2,a5,s2
80002d30:	00ea14b3          	sll	s1,s4,a4
80002d34:	0109da93          	srli	s5,s3,0x10
80002d38:	000a8593          	mv	a1,s5
80002d3c:	00090513          	mv	a0,s2
80002d40:	01099b13          	slli	s6,s3,0x10
80002d44:	21d000ef          	jal	80003760 <__hidden___udivsi3>
80002d48:	010b5b13          	srli	s6,s6,0x10
80002d4c:	00050593          	mv	a1,a0
80002d50:	00050a13          	mv	s4,a0
80002d54:	000b0513          	mv	a0,s6
80002d58:	1dd000ef          	jal	80003734 <__mulsi3>
80002d5c:	00050413          	mv	s0,a0
80002d60:	000a8593          	mv	a1,s5
80002d64:	00090513          	mv	a0,s2
80002d68:	241000ef          	jal	800037a8 <__umodsi3>
80002d6c:	01051513          	slli	a0,a0,0x10
80002d70:	0104d713          	srli	a4,s1,0x10
80002d74:	00a76733          	or	a4,a4,a0
80002d78:	000a0913          	mv	s2,s4
80002d7c:	00877e63          	bgeu	a4,s0,80002d98 <__udivdi3+0xfc>
80002d80:	00e98733          	add	a4,s3,a4
80002d84:	fffa0913          	addi	s2,s4,-1
80002d88:	01376863          	bltu	a4,s3,80002d98 <__udivdi3+0xfc>
80002d8c:	00877663          	bgeu	a4,s0,80002d98 <__udivdi3+0xfc>
80002d90:	ffea0913          	addi	s2,s4,-2
80002d94:	01370733          	add	a4,a4,s3
80002d98:	40870433          	sub	s0,a4,s0
80002d9c:	000a8593          	mv	a1,s5
80002da0:	00040513          	mv	a0,s0
80002da4:	1bd000ef          	jal	80003760 <__hidden___udivsi3>
80002da8:	00050593          	mv	a1,a0
80002dac:	00050a13          	mv	s4,a0
80002db0:	000b0513          	mv	a0,s6
80002db4:	181000ef          	jal	80003734 <__mulsi3>
80002db8:	00050b13          	mv	s6,a0
80002dbc:	000a8593          	mv	a1,s5
80002dc0:	00040513          	mv	a0,s0
80002dc4:	1e5000ef          	jal	800037a8 <__umodsi3>
80002dc8:	01049493          	slli	s1,s1,0x10
80002dcc:	01051513          	slli	a0,a0,0x10
80002dd0:	0104d493          	srli	s1,s1,0x10
80002dd4:	00a4e4b3          	or	s1,s1,a0
80002dd8:	000a0713          	mv	a4,s4
80002ddc:	0164fc63          	bgeu	s1,s6,80002df4 <__udivdi3+0x158>
80002de0:	009984b3          	add	s1,s3,s1
80002de4:	fffa0713          	addi	a4,s4,-1
80002de8:	0134e663          	bltu	s1,s3,80002df4 <__udivdi3+0x158>
80002dec:	0164f463          	bgeu	s1,s6,80002df4 <__udivdi3+0x158>
80002df0:	ffea0713          	addi	a4,s4,-2
80002df4:	01091793          	slli	a5,s2,0x10
80002df8:	00e7e7b3          	or	a5,a5,a4
80002dfc:	00000913          	li	s2,0
80002e00:	1200006f          	j	80002f20 <__udivdi3+0x284>
80002e04:	010006b7          	lui	a3,0x1000
80002e08:	01800713          	li	a4,24
80002e0c:	eed67ce3          	bgeu	a2,a3,80002d04 <__udivdi3+0x68>
80002e10:	01000713          	li	a4,16
80002e14:	ef1ff06f          	j	80002d04 <__udivdi3+0x68>
80002e18:	00000713          	li	a4,0
80002e1c:	00060c63          	beqz	a2,80002e34 <__udivdi3+0x198>
80002e20:	00010737          	lui	a4,0x10
80002e24:	12e67e63          	bgeu	a2,a4,80002f60 <__udivdi3+0x2c4>
80002e28:	10063713          	sltiu	a4,a2,256
80002e2c:	00173713          	seqz	a4,a4
80002e30:	00371713          	slli	a4,a4,0x3
80002e34:	00e656b3          	srl	a3,a2,a4
80002e38:	00d787b3          	add	a5,a5,a3
80002e3c:	0007c783          	lbu	a5,0(a5)
80002e40:	02000693          	li	a3,32
80002e44:	00e787b3          	add	a5,a5,a4
80002e48:	40f68733          	sub	a4,a3,a5
80002e4c:	12f69463          	bne	a3,a5,80002f74 <__udivdi3+0x2d8>
80002e50:	40c58a33          	sub	s4,a1,a2
80002e54:	00100913          	li	s2,1
80002e58:	0109db13          	srli	s6,s3,0x10
80002e5c:	000b0593          	mv	a1,s6
80002e60:	000a0513          	mv	a0,s4
80002e64:	01099b93          	slli	s7,s3,0x10
80002e68:	0f9000ef          	jal	80003760 <__hidden___udivsi3>
80002e6c:	010bdb93          	srli	s7,s7,0x10
80002e70:	00050593          	mv	a1,a0
80002e74:	00050c13          	mv	s8,a0
80002e78:	000b8513          	mv	a0,s7
80002e7c:	0b9000ef          	jal	80003734 <__mulsi3>
80002e80:	00050a93          	mv	s5,a0
80002e84:	000b0593          	mv	a1,s6
80002e88:	000a0513          	mv	a0,s4
80002e8c:	11d000ef          	jal	800037a8 <__umodsi3>
80002e90:	01051513          	slli	a0,a0,0x10
80002e94:	0104d713          	srli	a4,s1,0x10
80002e98:	00a76733          	or	a4,a4,a0
80002e9c:	000c0a13          	mv	s4,s8
80002ea0:	01577e63          	bgeu	a4,s5,80002ebc <__udivdi3+0x220>
80002ea4:	00e98733          	add	a4,s3,a4
80002ea8:	fffc0a13          	addi	s4,s8,-1
80002eac:	01376863          	bltu	a4,s3,80002ebc <__udivdi3+0x220>
80002eb0:	01577663          	bgeu	a4,s5,80002ebc <__udivdi3+0x220>
80002eb4:	ffec0a13          	addi	s4,s8,-2
80002eb8:	01370733          	add	a4,a4,s3
80002ebc:	41570433          	sub	s0,a4,s5
80002ec0:	000b0593          	mv	a1,s6
80002ec4:	00040513          	mv	a0,s0
80002ec8:	099000ef          	jal	80003760 <__hidden___udivsi3>
80002ecc:	00050593          	mv	a1,a0
80002ed0:	00050a93          	mv	s5,a0
80002ed4:	000b8513          	mv	a0,s7
80002ed8:	05d000ef          	jal	80003734 <__mulsi3>
80002edc:	00050b93          	mv	s7,a0
80002ee0:	000b0593          	mv	a1,s6
80002ee4:	00040513          	mv	a0,s0
80002ee8:	0c1000ef          	jal	800037a8 <__umodsi3>
80002eec:	01049493          	slli	s1,s1,0x10
80002ef0:	01051513          	slli	a0,a0,0x10
80002ef4:	0104d493          	srli	s1,s1,0x10
80002ef8:	00a4e4b3          	or	s1,s1,a0
80002efc:	000a8713          	mv	a4,s5
80002f00:	0174fc63          	bgeu	s1,s7,80002f18 <__udivdi3+0x27c>
80002f04:	009984b3          	add	s1,s3,s1
80002f08:	fffa8713          	addi	a4,s5,-1
80002f0c:	0134e663          	bltu	s1,s3,80002f18 <__udivdi3+0x27c>
80002f10:	0174f463          	bgeu	s1,s7,80002f18 <__udivdi3+0x27c>
80002f14:	ffea8713          	addi	a4,s5,-2
80002f18:	010a1793          	slli	a5,s4,0x10
80002f1c:	00e7e7b3          	or	a5,a5,a4
80002f20:	02c12083          	lw	ra,44(sp)
80002f24:	02812403          	lw	s0,40(sp)
80002f28:	02412483          	lw	s1,36(sp)
80002f2c:	01c12983          	lw	s3,28(sp)
80002f30:	01812a03          	lw	s4,24(sp)
80002f34:	01412a83          	lw	s5,20(sp)
80002f38:	01012b03          	lw	s6,16(sp)
80002f3c:	00c12b83          	lw	s7,12(sp)
80002f40:	00812c03          	lw	s8,8(sp)
80002f44:	00412c83          	lw	s9,4(sp)
80002f48:	00012d03          	lw	s10,0(sp)
80002f4c:	00090593          	mv	a1,s2
80002f50:	00078513          	mv	a0,a5
80002f54:	02012903          	lw	s2,32(sp)
80002f58:	03010113          	addi	sp,sp,48
80002f5c:	00008067          	ret
80002f60:	010006b7          	lui	a3,0x1000
80002f64:	01800713          	li	a4,24
80002f68:	ecd676e3          	bgeu	a2,a3,80002e34 <__udivdi3+0x198>
80002f6c:	01000713          	li	a4,16
80002f70:	ec5ff06f          	j	80002e34 <__udivdi3+0x198>
80002f74:	00e619b3          	sll	s3,a2,a4
80002f78:	00f5d933          	srl	s2,a1,a5
80002f7c:	0109db93          	srli	s7,s3,0x10
80002f80:	00e595b3          	sll	a1,a1,a4
80002f84:	00fa57b3          	srl	a5,s4,a5
80002f88:	00b7eab3          	or	s5,a5,a1
80002f8c:	00ea14b3          	sll	s1,s4,a4
80002f90:	000b8593          	mv	a1,s7
80002f94:	00090513          	mv	a0,s2
80002f98:	01099a13          	slli	s4,s3,0x10
80002f9c:	7c4000ef          	jal	80003760 <__hidden___udivsi3>
80002fa0:	010a5a13          	srli	s4,s4,0x10
80002fa4:	00050593          	mv	a1,a0
80002fa8:	00050b13          	mv	s6,a0
80002fac:	000a0513          	mv	a0,s4
80002fb0:	784000ef          	jal	80003734 <__mulsi3>
80002fb4:	00050413          	mv	s0,a0
80002fb8:	000b8593          	mv	a1,s7
80002fbc:	00090513          	mv	a0,s2
80002fc0:	7e8000ef          	jal	800037a8 <__umodsi3>
80002fc4:	01051513          	slli	a0,a0,0x10
80002fc8:	010ad713          	srli	a4,s5,0x10
80002fcc:	00a76733          	or	a4,a4,a0
80002fd0:	000b0913          	mv	s2,s6
80002fd4:	00877e63          	bgeu	a4,s0,80002ff0 <__udivdi3+0x354>
80002fd8:	00e98733          	add	a4,s3,a4
80002fdc:	fffb0913          	addi	s2,s6,-1
80002fe0:	01376863          	bltu	a4,s3,80002ff0 <__udivdi3+0x354>
80002fe4:	00877663          	bgeu	a4,s0,80002ff0 <__udivdi3+0x354>
80002fe8:	ffeb0913          	addi	s2,s6,-2
80002fec:	01370733          	add	a4,a4,s3
80002ff0:	40870433          	sub	s0,a4,s0
80002ff4:	000b8593          	mv	a1,s7
80002ff8:	00040513          	mv	a0,s0
80002ffc:	764000ef          	jal	80003760 <__hidden___udivsi3>
80003000:	00050593          	mv	a1,a0
80003004:	00050b13          	mv	s6,a0
80003008:	000a0513          	mv	a0,s4
8000300c:	728000ef          	jal	80003734 <__mulsi3>
80003010:	00050a13          	mv	s4,a0
80003014:	000b8593          	mv	a1,s7
80003018:	00040513          	mv	a0,s0
8000301c:	78c000ef          	jal	800037a8 <__umodsi3>
80003020:	010a9793          	slli	a5,s5,0x10
80003024:	01051513          	slli	a0,a0,0x10
80003028:	0107d793          	srli	a5,a5,0x10
8000302c:	00a7e7b3          	or	a5,a5,a0
80003030:	000b0713          	mv	a4,s6
80003034:	0147fe63          	bgeu	a5,s4,80003050 <__udivdi3+0x3b4>
80003038:	00f987b3          	add	a5,s3,a5
8000303c:	fffb0713          	addi	a4,s6,-1
80003040:	0137e863          	bltu	a5,s3,80003050 <__udivdi3+0x3b4>
80003044:	0147f663          	bgeu	a5,s4,80003050 <__udivdi3+0x3b4>
80003048:	ffeb0713          	addi	a4,s6,-2
8000304c:	013787b3          	add	a5,a5,s3
80003050:	01091913          	slli	s2,s2,0x10
80003054:	41478a33          	sub	s4,a5,s4
80003058:	00e96933          	or	s2,s2,a4
8000305c:	dfdff06f          	j	80002e58 <__udivdi3+0x1bc>
80003060:	1ed5ec63          	bltu	a1,a3,80003258 <__udivdi3+0x5bc>
80003064:	000107b7          	lui	a5,0x10
80003068:	04f6f463          	bgeu	a3,a5,800030b0 <__udivdi3+0x414>
8000306c:	1006b713          	sltiu	a4,a3,256
80003070:	00173713          	seqz	a4,a4
80003074:	00371713          	slli	a4,a4,0x3
80003078:	800047b7          	lui	a5,0x80004
8000307c:	00e6d533          	srl	a0,a3,a4
80003080:	a6078793          	addi	a5,a5,-1440 # 80003a60 <__clz_tab>
80003084:	00a787b3          	add	a5,a5,a0
80003088:	0007c803          	lbu	a6,0(a5)
8000308c:	02000793          	li	a5,32
80003090:	00e80833          	add	a6,a6,a4
80003094:	41078933          	sub	s2,a5,a6
80003098:	03079663          	bne	a5,a6,800030c4 <__udivdi3+0x428>
8000309c:	00100793          	li	a5,1
800030a0:	e8b6e0e3          	bltu	a3,a1,80002f20 <__udivdi3+0x284>
800030a4:	00ca37b3          	sltu	a5,s4,a2
800030a8:	0017b793          	seqz	a5,a5
800030ac:	e75ff06f          	j	80002f20 <__udivdi3+0x284>
800030b0:	010007b7          	lui	a5,0x1000
800030b4:	01800713          	li	a4,24
800030b8:	fcf6f0e3          	bgeu	a3,a5,80003078 <__udivdi3+0x3dc>
800030bc:	01000713          	li	a4,16
800030c0:	fb9ff06f          	j	80003078 <__udivdi3+0x3dc>
800030c4:	012696b3          	sll	a3,a3,s2
800030c8:	01065ab3          	srl	s5,a2,a6
800030cc:	00daeab3          	or	s5,s5,a3
800030d0:	0105d9b3          	srl	s3,a1,a6
800030d4:	010adc13          	srli	s8,s5,0x10
800030d8:	010a5833          	srl	a6,s4,a6
800030dc:	012595b3          	sll	a1,a1,s2
800030e0:	00b864b3          	or	s1,a6,a1
800030e4:	010a9b93          	slli	s7,s5,0x10
800030e8:	000c0593          	mv	a1,s8
800030ec:	00098513          	mv	a0,s3
800030f0:	01261433          	sll	s0,a2,s2
800030f4:	010bdb93          	srli	s7,s7,0x10
800030f8:	668000ef          	jal	80003760 <__hidden___udivsi3>
800030fc:	00050593          	mv	a1,a0
80003100:	00050d13          	mv	s10,a0
80003104:	000b8513          	mv	a0,s7
80003108:	62c000ef          	jal	80003734 <__mulsi3>
8000310c:	00050c93          	mv	s9,a0
80003110:	000c0593          	mv	a1,s8
80003114:	00098513          	mv	a0,s3
80003118:	690000ef          	jal	800037a8 <__umodsi3>
8000311c:	01051513          	slli	a0,a0,0x10
80003120:	0104d693          	srli	a3,s1,0x10
80003124:	00a6e6b3          	or	a3,a3,a0
80003128:	000d0b13          	mv	s6,s10
8000312c:	0196fe63          	bgeu	a3,s9,80003148 <__udivdi3+0x4ac>
80003130:	00da86b3          	add	a3,s5,a3
80003134:	fffd0b13          	addi	s6,s10,-1
80003138:	0156e863          	bltu	a3,s5,80003148 <__udivdi3+0x4ac>
8000313c:	0196f663          	bgeu	a3,s9,80003148 <__udivdi3+0x4ac>
80003140:	ffed0b13          	addi	s6,s10,-2
80003144:	015686b3          	add	a3,a3,s5
80003148:	419689b3          	sub	s3,a3,s9
8000314c:	000c0593          	mv	a1,s8
80003150:	00098513          	mv	a0,s3
80003154:	60c000ef          	jal	80003760 <__hidden___udivsi3>
80003158:	00050593          	mv	a1,a0
8000315c:	00050c93          	mv	s9,a0
80003160:	000b8513          	mv	a0,s7
80003164:	5d0000ef          	jal	80003734 <__mulsi3>
80003168:	00050b93          	mv	s7,a0
8000316c:	000c0593          	mv	a1,s8
80003170:	00098513          	mv	a0,s3
80003174:	634000ef          	jal	800037a8 <__umodsi3>
80003178:	01049713          	slli	a4,s1,0x10
8000317c:	01051513          	slli	a0,a0,0x10
80003180:	01075713          	srli	a4,a4,0x10
80003184:	00a76733          	or	a4,a4,a0
80003188:	000c8693          	mv	a3,s9
8000318c:	01777e63          	bgeu	a4,s7,800031a8 <__udivdi3+0x50c>
80003190:	00ea8733          	add	a4,s5,a4
80003194:	fffc8693          	addi	a3,s9,-1
80003198:	01576863          	bltu	a4,s5,800031a8 <__udivdi3+0x50c>
8000319c:	01777663          	bgeu	a4,s7,800031a8 <__udivdi3+0x50c>
800031a0:	ffec8693          	addi	a3,s9,-2
800031a4:	01570733          	add	a4,a4,s5
800031a8:	010b1793          	slli	a5,s6,0x10
800031ac:	01069813          	slli	a6,a3,0x10
800031b0:	01041313          	slli	t1,s0,0x10
800031b4:	00d7e7b3          	or	a5,a5,a3
800031b8:	01085813          	srli	a6,a6,0x10
800031bc:	01035313          	srli	t1,t1,0x10
800031c0:	41770733          	sub	a4,a4,s7
800031c4:	0107de13          	srli	t3,a5,0x10
800031c8:	01045413          	srli	s0,s0,0x10
800031cc:	00080513          	mv	a0,a6
800031d0:	00030593          	mv	a1,t1
800031d4:	560000ef          	jal	80003734 <__mulsi3>
800031d8:	00050893          	mv	a7,a0
800031dc:	00040593          	mv	a1,s0
800031e0:	00080513          	mv	a0,a6
800031e4:	550000ef          	jal	80003734 <__mulsi3>
800031e8:	00050813          	mv	a6,a0
800031ec:	00030593          	mv	a1,t1
800031f0:	000e0513          	mv	a0,t3
800031f4:	540000ef          	jal	80003734 <__mulsi3>
800031f8:	00050313          	mv	t1,a0
800031fc:	00040593          	mv	a1,s0
80003200:	000e0513          	mv	a0,t3
80003204:	530000ef          	jal	80003734 <__mulsi3>
80003208:	0108d693          	srli	a3,a7,0x10
8000320c:	00680833          	add	a6,a6,t1
80003210:	010686b3          	add	a3,a3,a6
80003214:	00050613          	mv	a2,a0
80003218:	0066f663          	bgeu	a3,t1,80003224 <__udivdi3+0x588>
8000321c:	000105b7          	lui	a1,0x10
80003220:	00b50633          	add	a2,a0,a1
80003224:	0106d593          	srli	a1,a3,0x10
80003228:	00c58633          	add	a2,a1,a2
8000322c:	02c76263          	bltu	a4,a2,80003250 <__udivdi3+0x5b4>
80003230:	bcc716e3          	bne	a4,a2,80002dfc <__udivdi3+0x160>
80003234:	01089893          	slli	a7,a7,0x10
80003238:	01069693          	slli	a3,a3,0x10
8000323c:	0108d893          	srli	a7,a7,0x10
80003240:	012a1733          	sll	a4,s4,s2
80003244:	011686b3          	add	a3,a3,a7
80003248:	00000913          	li	s2,0
8000324c:	ccd77ae3          	bgeu	a4,a3,80002f20 <__udivdi3+0x284>
80003250:	fff78793          	addi	a5,a5,-1 # ffffff <buflen.1+0xffffbf>
80003254:	ba9ff06f          	j	80002dfc <__udivdi3+0x160>
80003258:	00000913          	li	s2,0
8000325c:	00000793          	li	a5,0
80003260:	cc1ff06f          	j	80002f20 <__udivdi3+0x284>

80003264 <__umoddi3>:
80003264:	fd010113          	addi	sp,sp,-48
80003268:	02812423          	sw	s0,40(sp)
8000326c:	02912223          	sw	s1,36(sp)
80003270:	02112623          	sw	ra,44(sp)
80003274:	03212023          	sw	s2,32(sp)
80003278:	01312e23          	sw	s3,28(sp)
8000327c:	01412c23          	sw	s4,24(sp)
80003280:	01512a23          	sw	s5,20(sp)
80003284:	01612823          	sw	s6,16(sp)
80003288:	01712623          	sw	s7,12(sp)
8000328c:	01812423          	sw	s8,8(sp)
80003290:	01912223          	sw	s9,4(sp)
80003294:	01a12023          	sw	s10,0(sp)
80003298:	00050413          	mv	s0,a0
8000329c:	00058493          	mv	s1,a1
800032a0:	24069c63          	bnez	a3,800034f8 <__umoddi3+0x294>
800032a4:	800047b7          	lui	a5,0x80004
800032a8:	00060993          	mv	s3,a2
800032ac:	a6078793          	addi	a5,a5,-1440 # 80003a60 <__clz_tab>
800032b0:	12c5fe63          	bgeu	a1,a2,800033ec <__umoddi3+0x188>
800032b4:	00010737          	lui	a4,0x10
800032b8:	12e67063          	bgeu	a2,a4,800033d8 <__umoddi3+0x174>
800032bc:	10063713          	sltiu	a4,a2,256
800032c0:	00173713          	seqz	a4,a4
800032c4:	00371713          	slli	a4,a4,0x3
800032c8:	00e656b3          	srl	a3,a2,a4
800032cc:	00d787b3          	add	a5,a5,a3
800032d0:	0007c783          	lbu	a5,0(a5)
800032d4:	00e787b3          	add	a5,a5,a4
800032d8:	02000713          	li	a4,32
800032dc:	40f70933          	sub	s2,a4,a5
800032e0:	00f70c63          	beq	a4,a5,800032f8 <__umoddi3+0x94>
800032e4:	012594b3          	sll	s1,a1,s2
800032e8:	00f557b3          	srl	a5,a0,a5
800032ec:	012619b3          	sll	s3,a2,s2
800032f0:	0097e4b3          	or	s1,a5,s1
800032f4:	01251433          	sll	s0,a0,s2
800032f8:	0109da93          	srli	s5,s3,0x10
800032fc:	000a8593          	mv	a1,s5
80003300:	01099b13          	slli	s6,s3,0x10
80003304:	00048513          	mv	a0,s1
80003308:	458000ef          	jal	80003760 <__hidden___udivsi3>
8000330c:	010b5b13          	srli	s6,s6,0x10
80003310:	000b0593          	mv	a1,s6
80003314:	420000ef          	jal	80003734 <__mulsi3>
80003318:	00050a13          	mv	s4,a0
8000331c:	000a8593          	mv	a1,s5
80003320:	00048513          	mv	a0,s1
80003324:	484000ef          	jal	800037a8 <__umodsi3>
80003328:	01051513          	slli	a0,a0,0x10
8000332c:	01045793          	srli	a5,s0,0x10
80003330:	00a7e7b3          	or	a5,a5,a0
80003334:	0147fa63          	bgeu	a5,s4,80003348 <__umoddi3+0xe4>
80003338:	00f987b3          	add	a5,s3,a5
8000333c:	0137e663          	bltu	a5,s3,80003348 <__umoddi3+0xe4>
80003340:	0147f463          	bgeu	a5,s4,80003348 <__umoddi3+0xe4>
80003344:	013787b3          	add	a5,a5,s3
80003348:	414784b3          	sub	s1,a5,s4
8000334c:	000a8593          	mv	a1,s5
80003350:	00048513          	mv	a0,s1
80003354:	40c000ef          	jal	80003760 <__hidden___udivsi3>
80003358:	000b0593          	mv	a1,s6
8000335c:	3d8000ef          	jal	80003734 <__mulsi3>
80003360:	00050a13          	mv	s4,a0
80003364:	000a8593          	mv	a1,s5
80003368:	00048513          	mv	a0,s1
8000336c:	43c000ef          	jal	800037a8 <__umodsi3>
80003370:	01041413          	slli	s0,s0,0x10
80003374:	01051513          	slli	a0,a0,0x10
80003378:	01045413          	srli	s0,s0,0x10
8000337c:	00a46433          	or	s0,s0,a0
80003380:	01447a63          	bgeu	s0,s4,80003394 <__umoddi3+0x130>
80003384:	00898433          	add	s0,s3,s0
80003388:	01346663          	bltu	s0,s3,80003394 <__umoddi3+0x130>
8000338c:	01447463          	bgeu	s0,s4,80003394 <__umoddi3+0x130>
80003390:	01340433          	add	s0,s0,s3
80003394:	41440433          	sub	s0,s0,s4
80003398:	01245533          	srl	a0,s0,s2
8000339c:	00000593          	li	a1,0
800033a0:	02c12083          	lw	ra,44(sp)
800033a4:	02812403          	lw	s0,40(sp)
800033a8:	02412483          	lw	s1,36(sp)
800033ac:	02012903          	lw	s2,32(sp)
800033b0:	01c12983          	lw	s3,28(sp)
800033b4:	01812a03          	lw	s4,24(sp)
800033b8:	01412a83          	lw	s5,20(sp)
800033bc:	01012b03          	lw	s6,16(sp)
800033c0:	00c12b83          	lw	s7,12(sp)
800033c4:	00812c03          	lw	s8,8(sp)
800033c8:	00412c83          	lw	s9,4(sp)
800033cc:	00012d03          	lw	s10,0(sp)
800033d0:	03010113          	addi	sp,sp,48
800033d4:	00008067          	ret
800033d8:	010006b7          	lui	a3,0x1000
800033dc:	01800713          	li	a4,24
800033e0:	eed674e3          	bgeu	a2,a3,800032c8 <__umoddi3+0x64>
800033e4:	01000713          	li	a4,16
800033e8:	ee1ff06f          	j	800032c8 <__umoddi3+0x64>
800033ec:	00000713          	li	a4,0
800033f0:	00060c63          	beqz	a2,80003408 <__umoddi3+0x1a4>
800033f4:	00010737          	lui	a4,0x10
800033f8:	0ee67663          	bgeu	a2,a4,800034e4 <__umoddi3+0x280>
800033fc:	10063713          	sltiu	a4,a2,256
80003400:	00173713          	seqz	a4,a4
80003404:	00371713          	slli	a4,a4,0x3
80003408:	00e656b3          	srl	a3,a2,a4
8000340c:	00d787b3          	add	a5,a5,a3
80003410:	0007c783          	lbu	a5,0(a5)
80003414:	40c584b3          	sub	s1,a1,a2
80003418:	00e787b3          	add	a5,a5,a4
8000341c:	02000713          	li	a4,32
80003420:	40f70933          	sub	s2,a4,a5
80003424:	ecf70ae3          	beq	a4,a5,800032f8 <__umoddi3+0x94>
80003428:	012619b3          	sll	s3,a2,s2
8000342c:	00f5dbb3          	srl	s7,a1,a5
80003430:	0109db13          	srli	s6,s3,0x10
80003434:	00f557b3          	srl	a5,a0,a5
80003438:	012595b3          	sll	a1,a1,s2
8000343c:	00b7ea33          	or	s4,a5,a1
80003440:	01251433          	sll	s0,a0,s2
80003444:	000b0593          	mv	a1,s6
80003448:	01099a93          	slli	s5,s3,0x10
8000344c:	000b8513          	mv	a0,s7
80003450:	310000ef          	jal	80003760 <__hidden___udivsi3>
80003454:	010ada93          	srli	s5,s5,0x10
80003458:	000a8593          	mv	a1,s5
8000345c:	2d8000ef          	jal	80003734 <__mulsi3>
80003460:	00050493          	mv	s1,a0
80003464:	000b0593          	mv	a1,s6
80003468:	000b8513          	mv	a0,s7
8000346c:	33c000ef          	jal	800037a8 <__umodsi3>
80003470:	01051513          	slli	a0,a0,0x10
80003474:	010a5713          	srli	a4,s4,0x10
80003478:	00a76733          	or	a4,a4,a0
8000347c:	00977a63          	bgeu	a4,s1,80003490 <__umoddi3+0x22c>
80003480:	00e98733          	add	a4,s3,a4
80003484:	01376663          	bltu	a4,s3,80003490 <__umoddi3+0x22c>
80003488:	00977463          	bgeu	a4,s1,80003490 <__umoddi3+0x22c>
8000348c:	01370733          	add	a4,a4,s3
80003490:	409704b3          	sub	s1,a4,s1
80003494:	000b0593          	mv	a1,s6
80003498:	00048513          	mv	a0,s1
8000349c:	2c4000ef          	jal	80003760 <__hidden___udivsi3>
800034a0:	000a8593          	mv	a1,s5
800034a4:	290000ef          	jal	80003734 <__mulsi3>
800034a8:	00050a93          	mv	s5,a0
800034ac:	000b0593          	mv	a1,s6
800034b0:	00048513          	mv	a0,s1
800034b4:	2f4000ef          	jal	800037a8 <__umodsi3>
800034b8:	010a1793          	slli	a5,s4,0x10
800034bc:	01051513          	slli	a0,a0,0x10
800034c0:	0107d793          	srli	a5,a5,0x10
800034c4:	00a7e7b3          	or	a5,a5,a0
800034c8:	0157fa63          	bgeu	a5,s5,800034dc <__umoddi3+0x278>
800034cc:	00f987b3          	add	a5,s3,a5
800034d0:	0137e663          	bltu	a5,s3,800034dc <__umoddi3+0x278>
800034d4:	0157f463          	bgeu	a5,s5,800034dc <__umoddi3+0x278>
800034d8:	013787b3          	add	a5,a5,s3
800034dc:	415784b3          	sub	s1,a5,s5
800034e0:	e19ff06f          	j	800032f8 <__umoddi3+0x94>
800034e4:	010006b7          	lui	a3,0x1000
800034e8:	01800713          	li	a4,24
800034ec:	f0d67ee3          	bgeu	a2,a3,80003408 <__umoddi3+0x1a4>
800034f0:	01000713          	li	a4,16
800034f4:	f15ff06f          	j	80003408 <__umoddi3+0x1a4>
800034f8:	ead5e4e3          	bltu	a1,a3,800033a0 <__umoddi3+0x13c>
800034fc:	000107b7          	lui	a5,0x10
80003500:	04f6fe63          	bgeu	a3,a5,8000355c <__umoddi3+0x2f8>
80003504:	1006b793          	sltiu	a5,a3,256
80003508:	0017b793          	seqz	a5,a5
8000350c:	00379793          	slli	a5,a5,0x3
80003510:	80004737          	lui	a4,0x80004
80003514:	00f6d833          	srl	a6,a3,a5
80003518:	a6070713          	addi	a4,a4,-1440 # 80003a60 <__clz_tab>
8000351c:	01070733          	add	a4,a4,a6
80003520:	00074a83          	lbu	s5,0(a4)
80003524:	00fa8ab3          	add	s5,s5,a5
80003528:	02000793          	li	a5,32
8000352c:	41578a33          	sub	s4,a5,s5
80003530:	05579063          	bne	a5,s5,80003570 <__umoddi3+0x30c>
80003534:	00b6e463          	bltu	a3,a1,8000353c <__umoddi3+0x2d8>
80003538:	00c56c63          	bltu	a0,a2,80003550 <__umoddi3+0x2ec>
8000353c:	40c50933          	sub	s2,a0,a2
80003540:	40d586b3          	sub	a3,a1,a3
80003544:	012534b3          	sltu	s1,a0,s2
80003548:	00090413          	mv	s0,s2
8000354c:	409684b3          	sub	s1,a3,s1
80003550:	00040513          	mv	a0,s0
80003554:	00048593          	mv	a1,s1
80003558:	e49ff06f          	j	800033a0 <__umoddi3+0x13c>
8000355c:	01000737          	lui	a4,0x1000
80003560:	01800793          	li	a5,24
80003564:	fae6f6e3          	bgeu	a3,a4,80003510 <__umoddi3+0x2ac>
80003568:	01000793          	li	a5,16
8000356c:	fa5ff06f          	j	80003510 <__umoddi3+0x2ac>
80003570:	014696b3          	sll	a3,a3,s4
80003574:	01565b33          	srl	s6,a2,s5
80003578:	00db6b33          	or	s6,s6,a3
8000357c:	0155dbb3          	srl	s7,a1,s5
80003580:	01555433          	srl	s0,a0,s5
80003584:	014595b3          	sll	a1,a1,s4
80003588:	010b5493          	srli	s1,s6,0x10
8000358c:	00b46433          	or	s0,s0,a1
80003590:	014519b3          	sll	s3,a0,s4
80003594:	00048593          	mv	a1,s1
80003598:	000b8513          	mv	a0,s7
8000359c:	010b1c13          	slli	s8,s6,0x10
800035a0:	01461933          	sll	s2,a2,s4
800035a4:	010c5c13          	srli	s8,s8,0x10
800035a8:	1b8000ef          	jal	80003760 <__hidden___udivsi3>
800035ac:	00050593          	mv	a1,a0
800035b0:	00050d13          	mv	s10,a0
800035b4:	000c0513          	mv	a0,s8
800035b8:	17c000ef          	jal	80003734 <__mulsi3>
800035bc:	00050c93          	mv	s9,a0
800035c0:	00048593          	mv	a1,s1
800035c4:	000b8513          	mv	a0,s7
800035c8:	1e0000ef          	jal	800037a8 <__umodsi3>
800035cc:	01051513          	slli	a0,a0,0x10
800035d0:	01045793          	srli	a5,s0,0x10
800035d4:	00a7e7b3          	or	a5,a5,a0
800035d8:	000d0b93          	mv	s7,s10
800035dc:	0197fe63          	bgeu	a5,s9,800035f8 <__umoddi3+0x394>
800035e0:	00fb07b3          	add	a5,s6,a5
800035e4:	fffd0b93          	addi	s7,s10,-1
800035e8:	0167e863          	bltu	a5,s6,800035f8 <__umoddi3+0x394>
800035ec:	0197f663          	bgeu	a5,s9,800035f8 <__umoddi3+0x394>
800035f0:	ffed0b93          	addi	s7,s10,-2
800035f4:	016787b3          	add	a5,a5,s6
800035f8:	41978cb3          	sub	s9,a5,s9
800035fc:	00048593          	mv	a1,s1
80003600:	000c8513          	mv	a0,s9
80003604:	15c000ef          	jal	80003760 <__hidden___udivsi3>
80003608:	00050593          	mv	a1,a0
8000360c:	00050d13          	mv	s10,a0
80003610:	000c0513          	mv	a0,s8
80003614:	120000ef          	jal	80003734 <__mulsi3>
80003618:	00048593          	mv	a1,s1
8000361c:	00050c13          	mv	s8,a0
80003620:	000c8513          	mv	a0,s9
80003624:	184000ef          	jal	800037a8 <__umodsi3>
80003628:	01041593          	slli	a1,s0,0x10
8000362c:	01051513          	slli	a0,a0,0x10
80003630:	0105d593          	srli	a1,a1,0x10
80003634:	00a5e5b3          	or	a1,a1,a0
80003638:	000d0793          	mv	a5,s10
8000363c:	0185fe63          	bgeu	a1,s8,80003658 <__umoddi3+0x3f4>
80003640:	00bb05b3          	add	a1,s6,a1
80003644:	fffd0793          	addi	a5,s10,-1
80003648:	0165e863          	bltu	a1,s6,80003658 <__umoddi3+0x3f4>
8000364c:	0185f663          	bgeu	a1,s8,80003658 <__umoddi3+0x3f4>
80003650:	ffed0793          	addi	a5,s10,-2
80003654:	016585b3          	add	a1,a1,s6
80003658:	010b9b93          	slli	s7,s7,0x10
8000365c:	00fbebb3          	or	s7,s7,a5
80003660:	01091893          	slli	a7,s2,0x10
80003664:	01079793          	slli	a5,a5,0x10
80003668:	0107d793          	srli	a5,a5,0x10
8000366c:	0108d893          	srli	a7,a7,0x10
80003670:	418584b3          	sub	s1,a1,s8
80003674:	010bdb93          	srli	s7,s7,0x10
80003678:	01095713          	srli	a4,s2,0x10
8000367c:	00078513          	mv	a0,a5
80003680:	00088593          	mv	a1,a7
80003684:	0b0000ef          	jal	80003734 <__mulsi3>
80003688:	00050813          	mv	a6,a0
8000368c:	00070593          	mv	a1,a4
80003690:	00078513          	mv	a0,a5
80003694:	00070793          	mv	a5,a4
80003698:	09c000ef          	jal	80003734 <__mulsi3>
8000369c:	00050713          	mv	a4,a0
800036a0:	00088593          	mv	a1,a7
800036a4:	000b8513          	mv	a0,s7
800036a8:	08c000ef          	jal	80003734 <__mulsi3>
800036ac:	00050893          	mv	a7,a0
800036b0:	00078593          	mv	a1,a5
800036b4:	000b8513          	mv	a0,s7
800036b8:	07c000ef          	jal	80003734 <__mulsi3>
800036bc:	01085793          	srli	a5,a6,0x10
800036c0:	01170733          	add	a4,a4,a7
800036c4:	00e787b3          	add	a5,a5,a4
800036c8:	00050693          	mv	a3,a0
800036cc:	0117f663          	bgeu	a5,a7,800036d8 <__umoddi3+0x474>
800036d0:	00010737          	lui	a4,0x10
800036d4:	00e506b3          	add	a3,a0,a4
800036d8:	0107d713          	srli	a4,a5,0x10
800036dc:	01081813          	slli	a6,a6,0x10
800036e0:	01079793          	slli	a5,a5,0x10
800036e4:	01085813          	srli	a6,a6,0x10
800036e8:	00d70733          	add	a4,a4,a3
800036ec:	010787b3          	add	a5,a5,a6
800036f0:	00e4e663          	bltu	s1,a4,800036fc <__umoddi3+0x498>
800036f4:	00e49e63          	bne	s1,a4,80003710 <__umoddi3+0x4ac>
800036f8:	00f9fc63          	bgeu	s3,a5,80003710 <__umoddi3+0x4ac>
800036fc:	41278933          	sub	s2,a5,s2
80003700:	0127b6b3          	sltu	a3,a5,s2
80003704:	016686b3          	add	a3,a3,s6
80003708:	00090793          	mv	a5,s2
8000370c:	40d70733          	sub	a4,a4,a3
80003710:	40f987b3          	sub	a5,s3,a5
80003714:	00f9b9b3          	sltu	s3,s3,a5
80003718:	40e485b3          	sub	a1,s1,a4
8000371c:	413585b3          	sub	a1,a1,s3
80003720:	01559ab3          	sll	s5,a1,s5
80003724:	0147d7b3          	srl	a5,a5,s4
80003728:	00fae533          	or	a0,s5,a5
8000372c:	0145d5b3          	srl	a1,a1,s4
80003730:	c71ff06f          	j	800033a0 <__umoddi3+0x13c>

80003734 <__mulsi3>:
80003734:	00050613          	mv	a2,a0
80003738:	00000513          	li	a0,0
8000373c:	0015f693          	andi	a3,a1,1
80003740:	00068463          	beqz	a3,80003748 <__mulsi3+0x14>
80003744:	00c50533          	add	a0,a0,a2
80003748:	0015d593          	srli	a1,a1,0x1
8000374c:	00161613          	slli	a2,a2,0x1
80003750:	fe0596e3          	bnez	a1,8000373c <__mulsi3+0x8>
80003754:	00008067          	ret

80003758 <__divsi3>:
80003758:	06054063          	bltz	a0,800037b8 <__umodsi3+0x10>
8000375c:	0605c663          	bltz	a1,800037c8 <__umodsi3+0x20>

80003760 <__hidden___udivsi3>:
80003760:	00058613          	mv	a2,a1
80003764:	00050593          	mv	a1,a0
80003768:	fff00513          	li	a0,-1
8000376c:	02060c63          	beqz	a2,800037a4 <__hidden___udivsi3+0x44>
80003770:	00100693          	li	a3,1
80003774:	00b67a63          	bgeu	a2,a1,80003788 <__hidden___udivsi3+0x28>
80003778:	00c05863          	blez	a2,80003788 <__hidden___udivsi3+0x28>
8000377c:	00161613          	slli	a2,a2,0x1
80003780:	00169693          	slli	a3,a3,0x1
80003784:	feb66ae3          	bltu	a2,a1,80003778 <__hidden___udivsi3+0x18>
80003788:	00000513          	li	a0,0
8000378c:	00c5e663          	bltu	a1,a2,80003798 <__hidden___udivsi3+0x38>
80003790:	40c585b3          	sub	a1,a1,a2
80003794:	00d56533          	or	a0,a0,a3
80003798:	0016d693          	srli	a3,a3,0x1
8000379c:	00165613          	srli	a2,a2,0x1
800037a0:	fe0696e3          	bnez	a3,8000378c <__hidden___udivsi3+0x2c>
800037a4:	00008067          	ret

800037a8 <__umodsi3>:
800037a8:	00008293          	mv	t0,ra
800037ac:	fb5ff0ef          	jal	80003760 <__hidden___udivsi3>
800037b0:	00058513          	mv	a0,a1
800037b4:	00028067          	jr	t0
800037b8:	40a00533          	neg	a0,a0
800037bc:	00b04863          	bgtz	a1,800037cc <__umodsi3+0x24>
800037c0:	40b005b3          	neg	a1,a1
800037c4:	f9dff06f          	j	80003760 <__hidden___udivsi3>
800037c8:	40b005b3          	neg	a1,a1
800037cc:	00008293          	mv	t0,ra
800037d0:	f91ff0ef          	jal	80003760 <__hidden___udivsi3>
800037d4:	40a00533          	neg	a0,a0
800037d8:	00028067          	jr	t0

800037dc <__modsi3>:
800037dc:	00008293          	mv	t0,ra
800037e0:	0005ca63          	bltz	a1,800037f4 <__modsi3+0x18>
800037e4:	00054c63          	bltz	a0,800037fc <__modsi3+0x20>
800037e8:	f79ff0ef          	jal	80003760 <__hidden___udivsi3>
800037ec:	00058513          	mv	a0,a1
800037f0:	00028067          	jr	t0
800037f4:	40b005b3          	neg	a1,a1
800037f8:	fe0558e3          	bgez	a0,800037e8 <__modsi3+0xc>
800037fc:	40a00533          	neg	a0,a0
80003800:	f61ff0ef          	jal	80003760 <__hidden___udivsi3>
80003804:	40b00533          	neg	a0,a1
80003808:	00028067          	jr	t0

Disassembly of section .text.startup:

8000380c <main>:
8000380c:	9b010113          	addi	sp,sp,-1616
80003810:	00010613          	mv	a2,sp
80003814:	00000597          	auipc	a1,0x0
80003818:	40058593          	addi	a1,a1,1024 # 80003c14 <input_data>
8000381c:	19000513          	li	a0,400
80003820:	64112623          	sw	ra,1612(sp)
80003824:	fdcfe0ef          	jal	80002000 <median>
80003828:	00100513          	li	a0,1
8000382c:	e25fe0ef          	jal	80002650 <setStats>
80003830:	00010613          	mv	a2,sp
80003834:	00000597          	auipc	a1,0x0
80003838:	3e058593          	addi	a1,a1,992 # 80003c14 <input_data>
8000383c:	19000513          	li	a0,400
80003840:	fc0fe0ef          	jal	80002000 <median>
80003844:	00000513          	li	a0,0
80003848:	e09fe0ef          	jal	80002650 <setStats>
8000384c:	00010793          	mv	a5,sp
80003850:	00001717          	auipc	a4,0x1
80003854:	a0470713          	addi	a4,a4,-1532 # 80004254 <verify_data>
80003858:	00000513          	li	a0,0
8000385c:	19000893          	li	a7,400
80003860:	0007a603          	lw	a2,0(a5) # 10000 <buflen.1+0xffc0>
80003864:	00072683          	lw	a3,0(a4)
80003868:	0047a803          	lw	a6,4(a5)
8000386c:	00472583          	lw	a1,4(a4)
80003870:	02d61463          	bne	a2,a3,80003898 <main+0x8c>
80003874:	00250513          	addi	a0,a0,2
80003878:	00b81a63          	bne	a6,a1,8000388c <main+0x80>
8000387c:	00878793          	addi	a5,a5,8
80003880:	00870713          	addi	a4,a4,8
80003884:	fd151ee3          	bne	a0,a7,80003860 <main+0x54>
80003888:	00000513          	li	a0,0
8000388c:	64c12083          	lw	ra,1612(sp)
80003890:	65010113          	addi	sp,sp,1616
80003894:	00008067          	ret
80003898:	00150513          	addi	a0,a0,1
8000389c:	ff1ff06f          	j	8000388c <main+0x80>
800038a0:	ff010113          	addi	sp,sp,-16
800038a4:	00000517          	auipc	a0,0x0
800038a8:	04050513          	addi	a0,a0,64 # 800038e4 <main+0xd8>
800038ac:	00112623          	sw	ra,12(sp)
800038b0:	e69fe0ef          	jal	80002718 <printstr>
800038b4:	00c12083          	lw	ra,12(sp)
800038b8:	fff00513          	li	a0,-1
800038bc:	01010113          	addi	sp,sp,16
800038c0:	00008067          	ret

Disassembly of section .data:

80003c14 <input_data>:
80003c14:	0029                	.insn	2, 0x0029
80003c16:	0000                	.insn	2, 0x
80003c18:	01c6                	.insn	2, 0x01c6
80003c1a:	0000                	.insn	2, 0x
80003c1c:	0341                	.insn	2, 0x0341
80003c1e:	0000                	.insn	2, 0x
80003c20:	0000014f          	.insn	4, 0x014f
80003c24:	0234                	.insn	2, 0x0234
80003c26:	0000                	.insn	2, 0x
80003c28:	0001                	.insn	2, 0x0001
80003c2a:	0000                	.insn	2, 0x
80003c2c:	000000bb          	.insn	4, 0x00bb
80003c30:	03dd                	.insn	2, 0x03dd
80003c32:	0000                	.insn	2, 0x
80003c34:	02ed                	.insn	2, 0x02ed
80003c36:	0000                	.insn	2, 0x
80003c38:	016d                	.insn	2, 0x016d
80003c3a:	0000                	.insn	2, 0x
80003c3c:	015e                	.insn	2, 0x015e
80003c3e:	0000                	.insn	2, 0x
80003c40:	023c                	.insn	2, 0x023c
80003c42:	0000                	.insn	2, 0x
80003c44:	0084                	.insn	2, 0x0084
80003c46:	0000                	.insn	2, 0x
80003c48:	0040                	.insn	2, 0x0040
80003c4a:	0000                	.insn	2, 0x
80003c4c:	03b5                	.insn	2, 0x03b5
80003c4e:	0000                	.insn	2, 0x
80003c50:	0099                	.insn	2, 0x0099
80003c52:	0000                	.insn	2, 0x
80003c54:	0248                	.insn	2, 0x0248
80003c56:	0000                	.insn	2, 0x
80003c58:	00d8                	.insn	2, 0x00d8
80003c5a:	0000                	.insn	2, 0x
80003c5c:	0325                	.insn	2, 0x0325
80003c5e:	0000                	.insn	2, 0x
80003c60:	008c                	.insn	2, 0x008c
80003c62:	0000                	.insn	2, 0x
80003c64:	026d                	.insn	2, 0x026d
80003c66:	0000                	.insn	2, 0x
80003c68:	00d2                	.insn	2, 0x00d2
80003c6a:	0000                	.insn	2, 0x
80003c6c:	0006                	.insn	2, 0x0006
80003c6e:	0000                	.insn	2, 0x
80003c70:	023c                	.insn	2, 0x023c
80003c72:	0000                	.insn	2, 0x
80003c74:	000003a3          	sb	zero,7(zero) # 7 <buf.2+0x7>
80003c78:	00000153          	.insn	4, 0x0153
80003c7c:	037a                	.insn	2, 0x037a
80003c7e:	0000                	.insn	2, 0x
80003c80:	0251                	.insn	2, 0x0251
80003c82:	0000                	.insn	2, 0x
80003c84:	0188                	.insn	2, 0x0188
80003c86:	0000                	.insn	2, 0x
80003c88:	0382                	.insn	2, 0x0382
80003c8a:	0000                	.insn	2, 0x
80003c8c:	02b6                	.insn	2, 0x02b6
80003c8e:	0000                	.insn	2, 0x
80003c90:	00e4                	.insn	2, 0x00e4
80003c92:	0000                	.insn	2, 0x
80003c94:	03c1                	.insn	2, 0x03c1
80003c96:	0000                	.insn	2, 0x
80003c98:	000c                	.insn	2, 0x000c
80003c9a:	0000                	.insn	2, 0x
80003c9c:	006e                	.insn	2, 0x006e
80003c9e:	0000                	.insn	2, 0x
80003ca0:	00000373          	.insn	4, 0x0373
80003ca4:	0074                	.insn	2, 0x0074
80003ca6:	0000                	.insn	2, 0x
80003ca8:	02ee                	.insn	2, 0x02ee
80003caa:	0000                	.insn	2, 0x
80003cac:	0128                	.insn	2, 0x0128
80003cae:	0000                	.insn	2, 0x
80003cb0:	0286                	.insn	2, 0x0286
80003cb2:	0000                	.insn	2, 0x
80003cb4:	01aa                	.insn	2, 0x01aa
80003cb6:	0000                	.insn	2, 0x
80003cb8:	01f4                	.insn	2, 0x01f4
80003cba:	0000                	.insn	2, 0x
80003cbc:	013a                	.insn	2, 0x013a
80003cbe:	0000                	.insn	2, 0x
80003cc0:	01b4                	.insn	2, 0x01b4
80003cc2:	0000                	.insn	2, 0x
80003cc4:	00000293          	li	t0,0
80003cc8:	02bd                	.insn	2, 0x02bd
80003cca:	0000                	.insn	2, 0x
80003ccc:	0306                	.insn	2, 0x0306
80003cce:	0000                	.insn	2, 0x
80003cd0:	032c                	.insn	2, 0x032c
80003cd2:	0000                	.insn	2, 0x
80003cd4:	0000013f 000003d5 	.insn	8, 0x03d50000013f
80003cdc:	02a6                	.insn	2, 0x02a6
80003cde:	0000                	.insn	2, 0x
80003ce0:	0096                	.insn	2, 0x0096
80003ce2:	0000                	.insn	2, 0x
80003ce4:	0000036b          	.insn	4, 0x036b
80003ce8:	02b8                	.insn	2, 0x02b8
80003cea:	0000                	.insn	2, 0x
80003cec:	0178                	.insn	2, 0x0178
80003cee:	0000                	.insn	2, 0x
80003cf0:	0234                	.insn	2, 0x0234
80003cf2:	0000                	.insn	2, 0x
80003cf4:	01da                	.insn	2, 0x01da
80003cf6:	0000                	.insn	2, 0x
80003cf8:	0110                	.insn	2, 0x0110
80003cfa:	0000                	.insn	2, 0x
80003cfc:	03aa                	.insn	2, 0x03aa
80003cfe:	0000                	.insn	2, 0x
80003d00:	0102                	.insn	2, 0x0102
80003d02:	0000                	.insn	2, 0x
80003d04:	0000021b          	.insn	4, 0x021b
80003d08:	00000287          	.insn	4, 0x0287
80003d0c:	0239                	.insn	2, 0x0239
80003d0e:	0000                	.insn	2, 0x
80003d10:	01fd                	.insn	2, 0x01fd
80003d12:	0000                	.insn	2, 0x
80003d14:	000000cb          	.insn	4, 0x00cb
80003d18:	0058                	.insn	2, 0x0058
80003d1a:	0000                	.insn	2, 0x
80003d1c:	0118                	.insn	2, 0x0118
80003d1e:	0000                	.insn	2, 0x
80003d20:	000002bf 000002f7 	.insn	8, 0x02f7000002bf
80003d28:	029d                	.insn	2, 0x029d
80003d2a:	0000                	.insn	2, 0x
80003d2c:	025e                	.insn	2, 0x025e
80003d2e:	0000                	.insn	2, 0x
80003d30:	00000177          	.insn	4, 0x0177
80003d34:	01ff 0000 0227 0000 	.insn	10, 0x029100000227000001ff
80003d3c:	0291 
80003d3e:	0000                	.insn	2, 0x
80003d40:	03a8                	.insn	2, 0x03a8
80003d42:	0000                	.insn	2, 0x
80003d44:	000000c3          	.insn	4, 0x00c3
80003d48:	0250                	.insn	2, 0x0250
80003d4a:	0000                	.insn	2, 0x
80003d4c:	0051                	.insn	2, 0x0051
80003d4e:	0000                	.insn	2, 0x
80003d50:	0239                	.insn	2, 0x0239
80003d52:	0000                	.insn	2, 0x
80003d54:	0000010b          	.insn	4, 0x010b
80003d58:	03b8                	.insn	2, 0x03b8
80003d5a:	0000                	.insn	2, 0x
80003d5c:	00e5                	.insn	2, 0x00e5
80003d5e:	0000                	.insn	2, 0x
80003d60:	0320                	.insn	2, 0x0320
80003d62:	0000                	.insn	2, 0x
80003d64:	0151                	.insn	2, 0x0151
80003d66:	0000                	.insn	2, 0x
80003d68:	0248                	.insn	2, 0x0248
80003d6a:	0000                	.insn	2, 0x
80003d6c:	03b0                	.insn	2, 0x03b0
80003d6e:	0000                	.insn	2, 0x
80003d70:	00000283          	lb	t0,0(zero) # 0 <buf.2>
80003d74:	0386                	.insn	2, 0x0386
80003d76:	0000                	.insn	2, 0x
80003d78:	0170                	.insn	2, 0x0170
80003d7a:	0000                	.insn	2, 0x
80003d7c:	00f1                	.insn	2, 0x00f1
80003d7e:	0000                	.insn	2, 0x
80003d80:	01e9                	.insn	2, 0x01e9
80003d82:	0000                	.insn	2, 0x
80003d84:	0391                	.insn	2, 0x0391
80003d86:	0000                	.insn	2, 0x
80003d88:	0148                	.insn	2, 0x0148
80003d8a:	0000                	.insn	2, 0x
80003d8c:	033a                	.insn	2, 0x033a
80003d8e:	0000                	.insn	2, 0x
80003d90:	0139                	.insn	2, 0x0139
80003d92:	0000                	.insn	2, 0x
80003d94:	03a5                	.insn	2, 0x03a5
80003d96:	0000                	.insn	2, 0x
80003d98:	0250                	.insn	2, 0x0250
80003d9a:	0000                	.insn	2, 0x
80003d9c:	03d9                	.insn	2, 0x03d9
80003d9e:	0000                	.insn	2, 0x
80003da0:	0184                	.insn	2, 0x0184
80003da2:	0000                	.insn	2, 0x
80003da4:	000000c3          	.insn	4, 0x00c3
80003da8:	021f 0000 03c0      	.insn	6, 0x03c00000021f
80003dae:	0000                	.insn	2, 0x
80003db0:	0289                	.insn	2, 0x0289
80003db2:	0000                	.insn	2, 0x
80003db4:	0236                	.insn	2, 0x0236
80003db6:	0000                	.insn	2, 0x
80003db8:	000003d3          	.insn	4, 0x03d3
80003dbc:	015e                	.insn	2, 0x015e
80003dbe:	0000                	.insn	2, 0x
80003dc0:	03e5                	.insn	2, 0x03e5
80003dc2:	0000                	.insn	2, 0x
80003dc4:	0289                	.insn	2, 0x0289
80003dc6:	0000                	.insn	2, 0x
80003dc8:	032e                	.insn	2, 0x032e
80003dca:	0000                	.insn	2, 0x
80003dcc:	0291                	.insn	2, 0x0291
80003dce:	0000                	.insn	2, 0x
80003dd0:	0000004f          	.insn	4, 0x004f
80003dd4:	00b5                	.insn	2, 0x00b5
80003dd6:	0000                	.insn	2, 0x
80003dd8:	00d0                	.insn	2, 0x00d0
80003dda:	0000                	.insn	2, 0x
80003ddc:	0000006f          	j	80003ddc <input_data+0x1c8>
80003de0:	03e6                	.insn	2, 0x03e6
80003de2:	0000                	.insn	2, 0x
80003de4:	0000035b          	.insn	4, 0x035b
80003de8:	0275                	.insn	2, 0x0275
80003dea:	0000                	.insn	2, 0x
80003dec:	0041                	.insn	2, 0x0041
80003dee:	0000                	.insn	2, 0x
80003df0:	0000034f          	.insn	4, 0x034f
80003df4:	0120                	.insn	2, 0x0120
80003df6:	0000                	.insn	2, 0x
80003df8:	02c0                	.insn	2, 0x02c0
80003dfa:	0000                	.insn	2, 0x
80003dfc:	015d                	.insn	2, 0x015d
80003dfe:	0000                	.insn	2, 0x
80003e00:	03e5                	.insn	2, 0x03e5
80003e02:	0000                	.insn	2, 0x
80003e04:	008d                	.insn	2, 0x008d
80003e06:	0000                	.insn	2, 0x
80003e08:	00fd                	.insn	2, 0x00fd
80003e0a:	0000                	.insn	2, 0x
80003e0c:	0389                	.insn	2, 0x0389
80003e0e:	0000                	.insn	2, 0x
80003e10:	000002cb          	.insn	4, 0x02cb
80003e14:	0376                	.insn	2, 0x0376
80003e16:	0000                	.insn	2, 0x
80003e18:	01ae                	.insn	2, 0x01ae
80003e1a:	0000                	.insn	2, 0x
80003e1c:	0108                	.insn	2, 0x0108
80003e1e:	0000                	.insn	2, 0x
80003e20:	019f 0000 0240      	.insn	6, 0x02400000019f
80003e26:	0000                	.insn	2, 0x
80003e28:	021a                	.insn	2, 0x021a
80003e2a:	0000                	.insn	2, 0x
80003e2c:	000003d3          	.insn	4, 0x03d3
80003e30:	02bc                	.insn	2, 0x02bc
80003e32:	0000                	.insn	2, 0x
80003e34:	02f9                	.insn	2, 0x02f9
80003e36:	0000                	.insn	2, 0x
80003e38:	0004                	.insn	2, 0x0004
80003e3a:	0000                	.insn	2, 0x
80003e3c:	00f1                	.insn	2, 0x00f1
80003e3e:	0000                	.insn	2, 0x
80003e40:	01ee                	.insn	2, 0x01ee
80003e42:	0000                	.insn	2, 0x
80003e44:	01de                	.insn	2, 0x01de
80003e46:	0000                	.insn	2, 0x
80003e48:	0064                	.insn	2, 0x0064
80003e4a:	0000                	.insn	2, 0x
80003e4c:	000001f3          	.insn	4, 0x01f3
80003e50:	0360                	.insn	2, 0x0360
80003e52:	0000                	.insn	2, 0x
80003e54:	00000193          	li	gp,0
80003e58:	02b5                	.insn	2, 0x02b5
80003e5a:	0000                	.insn	2, 0x
80003e5c:	00de                	.insn	2, 0x00de
80003e5e:	0000                	.insn	2, 0x
80003e60:	01a0                	.insn	2, 0x01a0
80003e62:	0000                	.insn	2, 0x
80003e64:	01bc                	.insn	2, 0x01bc
80003e66:	0000                	.insn	2, 0x
80003e68:	0128                	.insn	2, 0x0128
80003e6a:	0000                	.insn	2, 0x
80003e6c:	02d1                	.insn	2, 0x02d1
80003e6e:	0000                	.insn	2, 0x
80003e70:	011d                	.insn	2, 0x011d
80003e72:	0000                	.insn	2, 0x
80003e74:	02a4                	.insn	2, 0x02a4
80003e76:	0000                	.insn	2, 0x
80003e78:	026c                	.insn	2, 0x026c
80003e7a:	0000                	.insn	2, 0x
80003e7c:	013d                	.insn	2, 0x013d
80003e7e:	0000                	.insn	2, 0x
80003e80:	004e                	.insn	2, 0x004e
80003e82:	0000                	.insn	2, 0x
80003e84:	00e0                	.insn	2, 0x00e0
80003e86:	0000                	.insn	2, 0x
80003e88:	015f 0000 03a9      	.insn	6, 0x03a90000015f
80003e8e:	0000                	.insn	2, 0x
80003e90:	021c                	.insn	2, 0x021c
80003e92:	0000                	.insn	2, 0x
80003e94:	0120                	.insn	2, 0x0120
80003e96:	0000                	.insn	2, 0x
80003e98:	0286                	.insn	2, 0x0286
80003e9a:	0000                	.insn	2, 0x
80003e9c:	00000077          	.insn	4, 0x0077
80003ea0:	00a9                	.insn	2, 0x00a9
80003ea2:	0000                	.insn	2, 0x
80003ea4:	00000267          	jalr	tp,zero # 0 <buf.2>
80003ea8:	0000020f          	.insn	4, 0x020f
80003eac:	025e                	.insn	2, 0x025e
80003eae:	0000                	.insn	2, 0x
80003eb0:	0121                	.insn	2, 0x0121
80003eb2:	0000                	.insn	2, 0x
80003eb4:	0185                	.insn	2, 0x0185
80003eb6:	0000                	.insn	2, 0x
80003eb8:	031c                	.insn	2, 0x031c
80003eba:	0000                	.insn	2, 0x
80003ebc:	015f 0000 0321      	.insn	6, 0x03210000015f
80003ec2:	0000                	.insn	2, 0x
80003ec4:	000001c7          	.insn	4, 0x01c7
80003ec8:	02d0                	.insn	2, 0x02d0
80003eca:	0000                	.insn	2, 0x
80003ecc:	0116                	.insn	2, 0x0116
80003ece:	0000                	.insn	2, 0x
80003ed0:	02f6                	.insn	2, 0x02f6
80003ed2:	0000                	.insn	2, 0x
80003ed4:	0000016f          	jal	sp,80003ed4 <input_data+0x2c0>
80003ed8:	02e9                	.insn	2, 0x02e9
80003eda:	0000                	.insn	2, 0x
80003edc:	0166                	.insn	2, 0x0166
80003ede:	0000                	.insn	2, 0x
80003ee0:	005c                	.insn	2, 0x005c
80003ee2:	0000                	.insn	2, 0x
80003ee4:	0248                	.insn	2, 0x0248
80003ee6:	0000                	.insn	2, 0x
80003ee8:	03dd                	.insn	2, 0x03dd
80003eea:	0000                	.insn	2, 0x
80003eec:	003e                	.insn	2, 0x003e
80003eee:	0000                	.insn	2, 0x
80003ef0:	0000010f          	.insn	4, 0x010f
80003ef4:	03d9                	.insn	2, 0x03d9
80003ef6:	0000                	.insn	2, 0x
80003ef8:	0355                	.insn	2, 0x0355
80003efa:	0000                	.insn	2, 0x
80003efc:	00000193          	li	gp,0
80003f00:	0314                	.insn	2, 0x0314
80003f02:	0000                	.insn	2, 0x
80003f04:	015a                	.insn	2, 0x015a
80003f06:	0000                	.insn	2, 0x
80003f08:	00000213          	li	tp,0
80003f0c:	0205                	.insn	2, 0x0205
80003f0e:	0000                	.insn	2, 0x
80003f10:	00de                	.insn	2, 0x00de
80003f12:	0000                	.insn	2, 0x
80003f14:	0000022f          	.insn	4, 0x022f
80003f18:	01cd                	.insn	2, 0x01cd
80003f1a:	0000                	.insn	2, 0x
80003f1c:	038c                	.insn	2, 0x038c
80003f1e:	0000                	.insn	2, 0x
80003f20:	00f1                	.insn	2, 0x00f1
80003f22:	0000                	.insn	2, 0x
80003f24:	00000307          	.insn	4, 0x0307
80003f28:	0166                	.insn	2, 0x0166
80003f2a:	0000                	.insn	2, 0x
80003f2c:	00ff 0000 014c 0000 	.insn	10, 0x030a0000014c000000ff
80003f34:	030a 
80003f36:	0000                	.insn	2, 0x
80003f38:	02ac                	.insn	2, 0x02ac
80003f3a:	0000                	.insn	2, 0x
80003f3c:	0256                	.insn	2, 0x0256
80003f3e:	0000                	.insn	2, 0x
80003f40:	02e4                	.insn	2, 0x02e4
80003f42:	0000                	.insn	2, 0x
80003f44:	0000008f          	.insn	4, 0x008f
80003f48:	01be                	.insn	2, 0x01be
80003f4a:	0000                	.insn	2, 0x
80003f4c:	0021                	.insn	2, 0x0021
80003f4e:	0000                	.insn	2, 0x
80003f50:	00000137          	lui	sp,0x0
80003f54:	007d                	.insn	2, 0x007d
80003f56:	0000                	.insn	2, 0x
80003f58:	000002e7          	jalr	t0,zero # 0 <buf.2>
80003f5c:	03ad                	.insn	2, 0x03ad
80003f5e:	0000                	.insn	2, 0x
80003f60:	022d                	.insn	2, 0x022d
80003f62:	0000                	.insn	2, 0x
80003f64:	03a5                	.insn	2, 0x03a5
80003f66:	0000                	.insn	2, 0x
80003f68:	01df 0000 031f      	.insn	6, 0x031f000001df
80003f6e:	0000                	.insn	2, 0x
80003f70:	022d                	.insn	2, 0x022d
80003f72:	0000                	.insn	2, 0x
80003f74:	0229                	.insn	2, 0x0229
80003f76:	0000                	.insn	2, 0x
80003f78:	039d                	.insn	2, 0x039d
80003f7a:	0000                	.insn	2, 0x
80003f7c:	000001af          	.insn	4, 0x01af
80003f80:	031c                	.insn	2, 0x031c
80003f82:	0000                	.insn	2, 0x
80003f84:	0288                	.insn	2, 0x0288
80003f86:	0000                	.insn	2, 0x
80003f88:	0165                	.insn	2, 0x0165
80003f8a:	0000                	.insn	2, 0x
80003f8c:	03b8                	.insn	2, 0x03b8
80003f8e:	0000                	.insn	2, 0x
80003f90:	0000037b          	.insn	4, 0x037b
80003f94:	011f 0000 029a      	.insn	6, 0x029a0000011f
80003f9a:	0000                	.insn	2, 0x
80003f9c:	00000013          	nop
80003fa0:	0202                	.insn	2, 0x0202
80003fa2:	0000                	.insn	2, 0x
80003fa4:	0031                	.insn	2, 0x0031
80003fa6:	0000                	.insn	2, 0x
80003fa8:	022d                	.insn	2, 0x022d
80003faa:	0000                	.insn	2, 0x
80003fac:	0056                	.insn	2, 0x0056
80003fae:	0000                	.insn	2, 0x
80003fb0:	0366                	.insn	2, 0x0366
80003fb2:	0000                	.insn	2, 0x
80003fb4:	005f 0000 0355      	.insn	6, 0x03550000005f
80003fba:	0000                	.insn	2, 0x
80003fbc:	01b9                	.insn	2, 0x01b9
80003fbe:	0000                	.insn	2, 0x
80003fc0:	01b8                	.insn	2, 0x01b8
80003fc2:	0000                	.insn	2, 0x
80003fc4:	0000024b          	.insn	4, 0x024b
80003fc8:	003d                	.insn	2, 0x003d
80003fca:	0000                	.insn	2, 0x
80003fcc:	0266                	.insn	2, 0x0266
80003fce:	0000                	.insn	2, 0x
80003fd0:	02a6                	.insn	2, 0x02a6
80003fd2:	0000                	.insn	2, 0x
80003fd4:	017e                	.insn	2, 0x017e
80003fd6:	0000                	.insn	2, 0x
80003fd8:	018c                	.insn	2, 0x018c
80003fda:	0000                	.insn	2, 0x
80003fdc:	0118                	.insn	2, 0x0118
80003fde:	0000                	.insn	2, 0x
80003fe0:	0009                	.insn	2, 0x0009
80003fe2:	0000                	.insn	2, 0x
80003fe4:	0328                	.insn	2, 0x0328
80003fe6:	0000                	.insn	2, 0x
80003fe8:	0011                	.insn	2, 0x0011
80003fea:	0000                	.insn	2, 0x
80003fec:	000003cb          	.insn	4, 0x03cb
80003ff0:	00aa                	.insn	2, 0x00aa
80003ff2:	0000                	.insn	2, 0x
80003ff4:	00000333          	add	t1,zero,zero
80003ff8:	00000123          	sb	zero,2(zero) # 2 <buf.2+0x2>
80003ffc:	0158                	.insn	2, 0x0158
80003ffe:	0000                	.insn	2, 0x
80004000:	017c                	.insn	2, 0x017c
80004002:	0000                	.insn	2, 0x
80004004:	01c2                	.insn	2, 0x01c2
80004006:	0000                	.insn	2, 0x
80004008:	0218                	.insn	2, 0x0218
8000400a:	0000                	.insn	2, 0x
8000400c:	0200                	.insn	2, 0x0200
8000400e:	0000                	.insn	2, 0x
80004010:	00b9                	.insn	2, 0x00b9
80004012:	0000                	.insn	2, 0x
80004014:	03c5                	.insn	2, 0x03c5
80004016:	0000                	.insn	2, 0x
80004018:	0395                	.insn	2, 0x0395
8000401a:	0000                	.insn	2, 0x
8000401c:	0000015b          	.insn	4, 0x015b
80004020:	0000021b          	.insn	4, 0x021b
80004024:	0328                	.insn	2, 0x0328
80004026:	0000                	.insn	2, 0x
80004028:	000003d7          	.insn	4, 0x03d7
8000402c:	0372                	.insn	2, 0x0372
8000402e:	0000                	.insn	2, 0x
80004030:	00000377          	.insn	4, 0x0377
80004034:	0219                	.insn	2, 0x0219
80004036:	0000                	.insn	2, 0x
80004038:	0036                	.insn	2, 0x0036
8000403a:	0000                	.insn	2, 0x
8000403c:	03b2                	.insn	2, 0x03b2
8000403e:	0000                	.insn	2, 0x
80004040:	0264                	.insn	2, 0x0264
80004042:	0000                	.insn	2, 0x
80004044:	02bd                	.insn	2, 0x02bd
80004046:	0000                	.insn	2, 0x
80004048:	000003b7          	lui	t2,0x0
8000404c:	0164                	.insn	2, 0x0164
8000404e:	0000                	.insn	2, 0x
80004050:	01df 0000 0237      	.insn	6, 0x0237000001df
80004056:	0000                	.insn	2, 0x
80004058:	00000097          	auipc	ra,0x0
8000405c:	0000037b          	.insn	4, 0x037b
80004060:	00000007          	.insn	4, 0x0007
80004064:	0016                	.insn	2, 0x0016
80004066:	0000                	.insn	2, 0x
80004068:	0281                	.insn	2, 0x0281
8000406a:	0000                	.insn	2, 0x
8000406c:	0238                	.insn	2, 0x0238
8000406e:	0000                	.insn	2, 0x
80004070:	0000014f          	.insn	4, 0x014f
80004074:	0299                	.insn	2, 0x0299
80004076:	0000                	.insn	2, 0x
80004078:	02da                	.insn	2, 0x02da
8000407a:	0000                	.insn	2, 0x
8000407c:	000001a7          	.insn	4, 0x01a7
80004080:	005f 0000 01b2      	.insn	6, 0x01b20000005f
80004086:	0000                	.insn	2, 0x
80004088:	02d8                	.insn	2, 0x02d8
8000408a:	0000                	.insn	2, 0x
8000408c:	009e                	.insn	2, 0x009e
8000408e:	0000                	.insn	2, 0x
80004090:	0118                	.insn	2, 0x0118
80004092:	0000                	.insn	2, 0x
80004094:	0002                	.insn	2, 0x0002
80004096:	0000                	.insn	2, 0x
80004098:	0000018b          	.insn	4, 0x018b
8000409c:	0054                	.insn	2, 0x0054
8000409e:	0000                	.insn	2, 0x
800040a0:	02b0                	.insn	2, 0x02b0
800040a2:	0000                	.insn	2, 0x
800040a4:	000000f7          	.insn	4, 0x00f7
800040a8:	0000038f          	.insn	4, 0x038f
800040ac:	0031                	.insn	2, 0x0031
800040ae:	0000                	.insn	2, 0x
800040b0:	01dc                	.insn	2, 0x01dc
800040b2:	0000                	.insn	2, 0x
800040b4:	000001b3          	add	gp,zero,zero
800040b8:	0000032f          	.insn	4, 0x032f
800040bc:	0318                	.insn	2, 0x0318
800040be:	0000                	.insn	2, 0x
800040c0:	02d9                	.insn	2, 0x02d9
800040c2:	0000                	.insn	2, 0x
800040c4:	0365                	.insn	2, 0x0365
800040c6:	0000                	.insn	2, 0x
800040c8:	0109                	.insn	2, 0x0109
800040ca:	0000                	.insn	2, 0x
800040cc:	01e6                	.insn	2, 0x01e6
800040ce:	0000                	.insn	2, 0x
800040d0:	007f 0000 019e 0000 	.insn	10, 0x00ec0000019e0000007f
800040d8:	00ec 
800040da:	0000                	.insn	2, 0x
800040dc:	0171                	.insn	2, 0x0171
800040de:	0000                	.insn	2, 0x
800040e0:	00d6                	.insn	2, 0x00d6
800040e2:	0000                	.insn	2, 0x
800040e4:	0224                	.insn	2, 0x0224
800040e6:	0000                	.insn	2, 0x
800040e8:	00b4                	.insn	2, 0x00b4
800040ea:	0000                	.insn	2, 0x
800040ec:	0206                	.insn	2, 0x0206
800040ee:	0000                	.insn	2, 0x
800040f0:	0006                	.insn	2, 0x0006
800040f2:	0000                	.insn	2, 0x
800040f4:	0378                	.insn	2, 0x0378
800040f6:	0000                	.insn	2, 0x
800040f8:	000001f7          	.insn	4, 0x01f7
800040fc:	02aa                	.insn	2, 0x02aa
800040fe:	0000                	.insn	2, 0x
80004100:	0254                	.insn	2, 0x0254
80004102:	0000                	.insn	2, 0x
80004104:	011c                	.insn	2, 0x011c
80004106:	0000                	.insn	2, 0x
80004108:	00ad                	.insn	2, 0x00ad
8000410a:	0000                	.insn	2, 0x
8000410c:	0108                	.insn	2, 0x0108
8000410e:	0000                	.insn	2, 0x
80004110:	00000283          	lb	t0,0(zero) # 0 <buf.2>
80004114:	000001f3          	.insn	4, 0x01f3
80004118:	015a                	.insn	2, 0x015a
8000411a:	0000                	.insn	2, 0x
8000411c:	0122                	.insn	2, 0x0122
8000411e:	0000                	.insn	2, 0x
80004120:	00000257          	.insn	4, 0x0257
80004124:	0381                	.insn	2, 0x0381
80004126:	0000                	.insn	2, 0x
80004128:	0044                	.insn	2, 0x0044
8000412a:	0000                	.insn	2, 0x
8000412c:	000000d7          	.insn	4, 0x00d7
80004130:	0351                	.insn	2, 0x0351
80004132:	0000                	.insn	2, 0x
80004134:	000002db          	.insn	4, 0x02db
80004138:	0292                	.insn	2, 0x0292
8000413a:	0000                	.insn	2, 0x
8000413c:	02b0                	.insn	2, 0x02b0
8000413e:	0000                	.insn	2, 0x
80004140:	0000026b          	.insn	4, 0x026b
80004144:	000000fb          	.insn	4, 0x00fb
80004148:	0079                	.insn	2, 0x0079
8000414a:	0000                	.insn	2, 0x
8000414c:	0312                	.insn	2, 0x0312
8000414e:	0000                	.insn	2, 0x
80004150:	00000083          	lb	ra,0(zero) # 0 <buf.2>
80004154:	0000022b          	.insn	4, 0x022b
80004158:	033c                	.insn	2, 0x033c
8000415a:	0000                	.insn	2, 0x
8000415c:	012e                	.insn	2, 0x012e
8000415e:	0000                	.insn	2, 0x
80004160:	0000029b          	.insn	4, 0x029b
80004164:	0210                	.insn	2, 0x0210
80004166:	0000                	.insn	2, 0x
80004168:	01b1                	.insn	2, 0x01b1
8000416a:	0000                	.insn	2, 0x
8000416c:	0220                	.insn	2, 0x0220
8000416e:	0000                	.insn	2, 0x
80004170:	000001e7          	jalr	gp,zero # 0 <buf.2>
80004174:	0142                	.insn	2, 0x0142
80004176:	0000                	.insn	2, 0x
80004178:	02f1                	.insn	2, 0x02f1
8000417a:	0000                	.insn	2, 0x
8000417c:	000003b3          	add	t2,zero,zero
80004180:	007d                	.insn	2, 0x007d
80004182:	0000                	.insn	2, 0x
80004184:	011f 0000 0272      	.insn	6, 0x02720000011f
8000418a:	0000                	.insn	2, 0x
8000418c:	0338                	.insn	2, 0x0338
8000418e:	0000                	.insn	2, 0x
80004190:	000e                	.insn	2, 0x000e
80004192:	0000                	.insn	2, 0x
80004194:	0130                	.insn	2, 0x0130
80004196:	0000                	.insn	2, 0x
80004198:	000a                	.insn	2, 0x000a
8000419a:	0000                	.insn	2, 0x
8000419c:	0314                	.insn	2, 0x0314
8000419e:	0000                	.insn	2, 0x
800041a0:	00000193          	li	gp,0
800041a4:	02dd                	.insn	2, 0x02dd
800041a6:	0000                	.insn	2, 0x
800041a8:	006a                	.insn	2, 0x006a
800041aa:	0000                	.insn	2, 0x
800041ac:	000003bf 000002bf 	.insn	8, 0x02bf000003bf
800041b4:	016e                	.insn	2, 0x016e
800041b6:	0000                	.insn	2, 0x
800041b8:	0332                	.insn	2, 0x0332
800041ba:	0000                	.insn	2, 0x
800041bc:	02d2                	.insn	2, 0x02d2
800041be:	0000                	.insn	2, 0x
800041c0:	03c4                	.insn	2, 0x03c4
800041c2:	0000                	.insn	2, 0x
800041c4:	0126                	.insn	2, 0x0126
800041c6:	0000                	.insn	2, 0x
800041c8:	0196                	.insn	2, 0x0196
800041ca:	0000                	.insn	2, 0x
800041cc:	000003cf          	.insn	4, 0x03cf
800041d0:	036a                	.insn	2, 0x036a
800041d2:	0000                	.insn	2, 0x
800041d4:	028d                	.insn	2, 0x028d
800041d6:	0000                	.insn	2, 0x
800041d8:	0358                	.insn	2, 0x0358
800041da:	0000                	.insn	2, 0x
800041dc:	02ec                	.insn	2, 0x02ec
800041de:	0000                	.insn	2, 0x
800041e0:	0056                	.insn	2, 0x0056
800041e2:	0000                	.insn	2, 0x
800041e4:	0000005b          	.insn	4, 0x005b
800041e8:	003c                	.insn	2, 0x003c
800041ea:	0000                	.insn	2, 0x
800041ec:	017a                	.insn	2, 0x017a
800041ee:	0000                	.insn	2, 0x
800041f0:	0294                	.insn	2, 0x0294
800041f2:	0000                	.insn	2, 0x
800041f4:	0069                	.insn	2, 0x0069
800041f6:	0000                	.insn	2, 0x
800041f8:	0000029b          	.insn	4, 0x029b
800041fc:	0066                	.insn	2, 0x0066
800041fe:	0000                	.insn	2, 0x
80004200:	0099                	.insn	2, 0x0099
80004202:	0000                	.insn	2, 0x
80004204:	017d                	.insn	2, 0x017d
80004206:	0000                	.insn	2, 0x
80004208:	0079                	.insn	2, 0x0079
8000420a:	0000                	.insn	2, 0x
8000420c:	0000028b          	.insn	4, 0x028b
80004210:	0062                	.insn	2, 0x0062
80004212:	0000                	.insn	2, 0x
80004214:	0339                	.insn	2, 0x0339
80004216:	0000                	.insn	2, 0x
80004218:	019c                	.insn	2, 0x019c
8000421a:	0000                	.insn	2, 0x
8000421c:	0348                	.insn	2, 0x0348
8000421e:	0000                	.insn	2, 0x
80004220:	00ec                	.insn	2, 0x00ec
80004222:	0000                	.insn	2, 0x
80004224:	0164                	.insn	2, 0x0164
80004226:	0000                	.insn	2, 0x
80004228:	000c                	.insn	2, 0x000c
8000422a:	0000                	.insn	2, 0x
8000422c:	0094                	.insn	2, 0x0094
8000422e:	0000                	.insn	2, 0x
80004230:	000001a7          	.insn	4, 0x01a7
80004234:	0036                	.insn	2, 0x0036
80004236:	0000                	.insn	2, 0x
80004238:	03c5                	.insn	2, 0x03c5
8000423a:	0000                	.insn	2, 0x
8000423c:	008c                	.insn	2, 0x008c
8000423e:	0000                	.insn	2, 0x
80004240:	00d8                	.insn	2, 0x00d8
80004242:	0000                	.insn	2, 0x
80004244:	000003bb          	.insn	4, 0x03bb
80004248:	026d                	.insn	2, 0x026d
8000424a:	0000                	.insn	2, 0x
8000424c:	00000157          	.insn	4, 0x0157
80004250:	0169                	.insn	2, 0x0169
80004252:	0000                	.insn	2, 0x

80004254 <verify_data>:
80004254:	0000                	.insn	2, 0x
80004256:	0000                	.insn	2, 0x
80004258:	01c6                	.insn	2, 0x01c6
8000425a:	0000                	.insn	2, 0x
8000425c:	01c6                	.insn	2, 0x01c6
8000425e:	0000                	.insn	2, 0x
80004260:	0234                	.insn	2, 0x0234
80004262:	0000                	.insn	2, 0x
80004264:	0000014f          	.insn	4, 0x014f
80004268:	000000bb          	.insn	4, 0x00bb
8000426c:	000000bb          	.insn	4, 0x00bb
80004270:	02ed                	.insn	2, 0x02ed
80004272:	0000                	.insn	2, 0x
80004274:	02ed                	.insn	2, 0x02ed
80004276:	0000                	.insn	2, 0x
80004278:	016d                	.insn	2, 0x016d
8000427a:	0000                	.insn	2, 0x
8000427c:	016d                	.insn	2, 0x016d
8000427e:	0000                	.insn	2, 0x
80004280:	015e                	.insn	2, 0x015e
80004282:	0000                	.insn	2, 0x
80004284:	0084                	.insn	2, 0x0084
80004286:	0000                	.insn	2, 0x
80004288:	0084                	.insn	2, 0x0084
8000428a:	0000                	.insn	2, 0x
8000428c:	0099                	.insn	2, 0x0099
8000428e:	0000                	.insn	2, 0x
80004290:	0248                	.insn	2, 0x0248
80004292:	0000                	.insn	2, 0x
80004294:	00d8                	.insn	2, 0x00d8
80004296:	0000                	.insn	2, 0x
80004298:	0248                	.insn	2, 0x0248
8000429a:	0000                	.insn	2, 0x
8000429c:	00d8                	.insn	2, 0x00d8
8000429e:	0000                	.insn	2, 0x
800042a0:	026d                	.insn	2, 0x026d
800042a2:	0000                	.insn	2, 0x
800042a4:	00d2                	.insn	2, 0x00d2
800042a6:	0000                	.insn	2, 0x
800042a8:	00d2                	.insn	2, 0x00d2
800042aa:	0000                	.insn	2, 0x
800042ac:	00d2                	.insn	2, 0x00d2
800042ae:	0000                	.insn	2, 0x
800042b0:	023c                	.insn	2, 0x023c
800042b2:	0000                	.insn	2, 0x
800042b4:	023c                	.insn	2, 0x023c
800042b6:	0000                	.insn	2, 0x
800042b8:	037a                	.insn	2, 0x037a
800042ba:	0000                	.insn	2, 0x
800042bc:	0251                	.insn	2, 0x0251
800042be:	0000                	.insn	2, 0x
800042c0:	0251                	.insn	2, 0x0251
800042c2:	0000                	.insn	2, 0x
800042c4:	0251                	.insn	2, 0x0251
800042c6:	0000                	.insn	2, 0x
800042c8:	02b6                	.insn	2, 0x02b6
800042ca:	0000                	.insn	2, 0x
800042cc:	02b6                	.insn	2, 0x02b6
800042ce:	0000                	.insn	2, 0x
800042d0:	02b6                	.insn	2, 0x02b6
800042d2:	0000                	.insn	2, 0x
800042d4:	00e4                	.insn	2, 0x00e4
800042d6:	0000                	.insn	2, 0x
800042d8:	006e                	.insn	2, 0x006e
800042da:	0000                	.insn	2, 0x
800042dc:	006e                	.insn	2, 0x006e
800042de:	0000                	.insn	2, 0x
800042e0:	0074                	.insn	2, 0x0074
800042e2:	0000                	.insn	2, 0x
800042e4:	02ee                	.insn	2, 0x02ee
800042e6:	0000                	.insn	2, 0x
800042e8:	0128                	.insn	2, 0x0128
800042ea:	0000                	.insn	2, 0x
800042ec:	0286                	.insn	2, 0x0286
800042ee:	0000                	.insn	2, 0x
800042f0:	01aa                	.insn	2, 0x01aa
800042f2:	0000                	.insn	2, 0x
800042f4:	01f4                	.insn	2, 0x01f4
800042f6:	0000                	.insn	2, 0x
800042f8:	01aa                	.insn	2, 0x01aa
800042fa:	0000                	.insn	2, 0x
800042fc:	01b4                	.insn	2, 0x01b4
800042fe:	0000                	.insn	2, 0x
80004300:	01b4                	.insn	2, 0x01b4
80004302:	0000                	.insn	2, 0x
80004304:	00000293          	li	t0,0
80004308:	02bd                	.insn	2, 0x02bd
8000430a:	0000                	.insn	2, 0x
8000430c:	0306                	.insn	2, 0x0306
8000430e:	0000                	.insn	2, 0x
80004310:	0306                	.insn	2, 0x0306
80004312:	0000                	.insn	2, 0x
80004314:	032c                	.insn	2, 0x032c
80004316:	0000                	.insn	2, 0x
80004318:	02a6                	.insn	2, 0x02a6
8000431a:	0000                	.insn	2, 0x
8000431c:	02a6                	.insn	2, 0x02a6
8000431e:	0000                	.insn	2, 0x
80004320:	02a6                	.insn	2, 0x02a6
80004322:	0000                	.insn	2, 0x
80004324:	02b8                	.insn	2, 0x02b8
80004326:	0000                	.insn	2, 0x
80004328:	02b8                	.insn	2, 0x02b8
8000432a:	0000                	.insn	2, 0x
8000432c:	0234                	.insn	2, 0x0234
8000432e:	0000                	.insn	2, 0x
80004330:	01da                	.insn	2, 0x01da
80004332:	0000                	.insn	2, 0x
80004334:	01da                	.insn	2, 0x01da
80004336:	0000                	.insn	2, 0x
80004338:	01da                	.insn	2, 0x01da
8000433a:	0000                	.insn	2, 0x
8000433c:	0110                	.insn	2, 0x0110
8000433e:	0000                	.insn	2, 0x
80004340:	0000021b          	.insn	4, 0x021b
80004344:	0000021b          	.insn	4, 0x021b
80004348:	0239                	.insn	2, 0x0239
8000434a:	0000                	.insn	2, 0x
8000434c:	0239                	.insn	2, 0x0239
8000434e:	0000                	.insn	2, 0x
80004350:	01fd                	.insn	2, 0x01fd
80004352:	0000                	.insn	2, 0x
80004354:	000000cb          	.insn	4, 0x00cb
80004358:	000000cb          	.insn	4, 0x00cb
8000435c:	0118                	.insn	2, 0x0118
8000435e:	0000                	.insn	2, 0x
80004360:	000002bf 000002bf 	.insn	8, 0x02bf000002bf
80004368:	029d                	.insn	2, 0x029d
8000436a:	0000                	.insn	2, 0x
8000436c:	025e                	.insn	2, 0x025e
8000436e:	0000                	.insn	2, 0x
80004370:	01ff 0000 01ff 0000 	.insn	10, 0x0227000001ff000001ff
80004378:	0227 
8000437a:	0000                	.insn	2, 0x
8000437c:	0291                	.insn	2, 0x0291
8000437e:	0000                	.insn	2, 0x
80004380:	0291                	.insn	2, 0x0291
80004382:	0000                	.insn	2, 0x
80004384:	0250                	.insn	2, 0x0250
80004386:	0000                	.insn	2, 0x
80004388:	000000c3          	.insn	4, 0x00c3
8000438c:	0239                	.insn	2, 0x0239
8000438e:	0000                	.insn	2, 0x
80004390:	0000010b          	.insn	4, 0x010b
80004394:	0239                	.insn	2, 0x0239
80004396:	0000                	.insn	2, 0x
80004398:	0000010b          	.insn	4, 0x010b
8000439c:	0320                	.insn	2, 0x0320
8000439e:	0000                	.insn	2, 0x
800043a0:	0151                	.insn	2, 0x0151
800043a2:	0000                	.insn	2, 0x
800043a4:	0248                	.insn	2, 0x0248
800043a6:	0000                	.insn	2, 0x
800043a8:	0248                	.insn	2, 0x0248
800043aa:	0000                	.insn	2, 0x
800043ac:	00000283          	lb	t0,0(zero) # 0 <buf.2>
800043b0:	0386                	.insn	2, 0x0386
800043b2:	0000                	.insn	2, 0x
800043b4:	00000283          	lb	t0,0(zero) # 0 <buf.2>
800043b8:	0170                	.insn	2, 0x0170
800043ba:	0000                	.insn	2, 0x
800043bc:	0170                	.insn	2, 0x0170
800043be:	0000                	.insn	2, 0x
800043c0:	01e9                	.insn	2, 0x01e9
800043c2:	0000                	.insn	2, 0x
800043c4:	01e9                	.insn	2, 0x01e9
800043c6:	0000                	.insn	2, 0x
800043c8:	033a                	.insn	2, 0x033a
800043ca:	0000                	.insn	2, 0x
800043cc:	0148                	.insn	2, 0x0148
800043ce:	0000                	.insn	2, 0x
800043d0:	033a                	.insn	2, 0x033a
800043d2:	0000                	.insn	2, 0x
800043d4:	0250                	.insn	2, 0x0250
800043d6:	0000                	.insn	2, 0x
800043d8:	03a5                	.insn	2, 0x03a5
800043da:	0000                	.insn	2, 0x
800043dc:	0250                	.insn	2, 0x0250
800043de:	0000                	.insn	2, 0x
800043e0:	0184                	.insn	2, 0x0184
800043e2:	0000                	.insn	2, 0x
800043e4:	0184                	.insn	2, 0x0184
800043e6:	0000                	.insn	2, 0x
800043e8:	021f 0000 0289      	.insn	6, 0x02890000021f
800043ee:	0000                	.insn	2, 0x
800043f0:	0289                	.insn	2, 0x0289
800043f2:	0000                	.insn	2, 0x
800043f4:	0289                	.insn	2, 0x0289
800043f6:	0000                	.insn	2, 0x
800043f8:	0236                	.insn	2, 0x0236
800043fa:	0000                	.insn	2, 0x
800043fc:	000003d3          	.insn	4, 0x03d3
80004400:	0289                	.insn	2, 0x0289
80004402:	0000                	.insn	2, 0x
80004404:	032e                	.insn	2, 0x032e
80004406:	0000                	.insn	2, 0x
80004408:	0291                	.insn	2, 0x0291
8000440a:	0000                	.insn	2, 0x
8000440c:	0291                	.insn	2, 0x0291
8000440e:	0000                	.insn	2, 0x
80004410:	00b5                	.insn	2, 0x00b5
80004412:	0000                	.insn	2, 0x
80004414:	00b5                	.insn	2, 0x00b5
80004416:	0000                	.insn	2, 0x
80004418:	00b5                	.insn	2, 0x00b5
8000441a:	0000                	.insn	2, 0x
8000441c:	00d0                	.insn	2, 0x00d0
8000441e:	0000                	.insn	2, 0x
80004420:	0000035b          	.insn	4, 0x035b
80004424:	0000035b          	.insn	4, 0x035b
80004428:	0275                	.insn	2, 0x0275
8000442a:	0000                	.insn	2, 0x
8000442c:	0275                	.insn	2, 0x0275
8000442e:	0000                	.insn	2, 0x
80004430:	0120                	.insn	2, 0x0120
80004432:	0000                	.insn	2, 0x
80004434:	02c0                	.insn	2, 0x02c0
80004436:	0000                	.insn	2, 0x
80004438:	015d                	.insn	2, 0x015d
8000443a:	0000                	.insn	2, 0x
8000443c:	02c0                	.insn	2, 0x02c0
8000443e:	0000                	.insn	2, 0x
80004440:	015d                	.insn	2, 0x015d
80004442:	0000                	.insn	2, 0x
80004444:	00fd                	.insn	2, 0x00fd
80004446:	0000                	.insn	2, 0x
80004448:	00fd                	.insn	2, 0x00fd
8000444a:	0000                	.insn	2, 0x
8000444c:	000002cb          	.insn	4, 0x02cb
80004450:	0376                	.insn	2, 0x0376
80004452:	0000                	.insn	2, 0x
80004454:	000002cb          	.insn	4, 0x02cb
80004458:	01ae                	.insn	2, 0x01ae
8000445a:	0000                	.insn	2, 0x
8000445c:	019f 0000 019f      	.insn	6, 0x019f0000019f
80004462:	0000                	.insn	2, 0x
80004464:	021a                	.insn	2, 0x021a
80004466:	0000                	.insn	2, 0x
80004468:	0240                	.insn	2, 0x0240
8000446a:	0000                	.insn	2, 0x
8000446c:	02bc                	.insn	2, 0x02bc
8000446e:	0000                	.insn	2, 0x
80004470:	02f9                	.insn	2, 0x02f9
80004472:	0000                	.insn	2, 0x
80004474:	02bc                	.insn	2, 0x02bc
80004476:	0000                	.insn	2, 0x
80004478:	00f1                	.insn	2, 0x00f1
8000447a:	0000                	.insn	2, 0x
8000447c:	00f1                	.insn	2, 0x00f1
8000447e:	0000                	.insn	2, 0x
80004480:	01de                	.insn	2, 0x01de
80004482:	0000                	.insn	2, 0x
80004484:	01de                	.insn	2, 0x01de
80004486:	0000                	.insn	2, 0x
80004488:	01de                	.insn	2, 0x01de
8000448a:	0000                	.insn	2, 0x
8000448c:	000001f3          	.insn	4, 0x01f3
80004490:	000001f3          	.insn	4, 0x01f3
80004494:	02b5                	.insn	2, 0x02b5
80004496:	0000                	.insn	2, 0x
80004498:	00000193          	li	gp,0
8000449c:	01a0                	.insn	2, 0x01a0
8000449e:	0000                	.insn	2, 0x
800044a0:	01a0                	.insn	2, 0x01a0
800044a2:	0000                	.insn	2, 0x
800044a4:	01a0                	.insn	2, 0x01a0
800044a6:	0000                	.insn	2, 0x
800044a8:	01bc                	.insn	2, 0x01bc
800044aa:	0000                	.insn	2, 0x
800044ac:	0128                	.insn	2, 0x0128
800044ae:	0000                	.insn	2, 0x
800044b0:	02a4                	.insn	2, 0x02a4
800044b2:	0000                	.insn	2, 0x
800044b4:	026c                	.insn	2, 0x026c
800044b6:	0000                	.insn	2, 0x
800044b8:	026c                	.insn	2, 0x026c
800044ba:	0000                	.insn	2, 0x
800044bc:	013d                	.insn	2, 0x013d
800044be:	0000                	.insn	2, 0x
800044c0:	00e0                	.insn	2, 0x00e0
800044c2:	0000                	.insn	2, 0x
800044c4:	00e0                	.insn	2, 0x00e0
800044c6:	0000                	.insn	2, 0x
800044c8:	015f 0000 021c      	.insn	6, 0x021c0000015f
800044ce:	0000                	.insn	2, 0x
800044d0:	021c                	.insn	2, 0x021c
800044d2:	0000                	.insn	2, 0x
800044d4:	021c                	.insn	2, 0x021c
800044d6:	0000                	.insn	2, 0x
800044d8:	0120                	.insn	2, 0x0120
800044da:	0000                	.insn	2, 0x
800044dc:	00a9                	.insn	2, 0x00a9
800044de:	0000                	.insn	2, 0x
800044e0:	00a9                	.insn	2, 0x00a9
800044e2:	0000                	.insn	2, 0x
800044e4:	0000020f          	.insn	4, 0x020f
800044e8:	025e                	.insn	2, 0x025e
800044ea:	0000                	.insn	2, 0x
800044ec:	0000020f          	.insn	4, 0x020f
800044f0:	0185                	.insn	2, 0x0185
800044f2:	0000                	.insn	2, 0x
800044f4:	0185                	.insn	2, 0x0185
800044f6:	0000                	.insn	2, 0x
800044f8:	0185                	.insn	2, 0x0185
800044fa:	0000                	.insn	2, 0x
800044fc:	031c                	.insn	2, 0x031c
800044fe:	0000                	.insn	2, 0x
80004500:	000001c7          	.insn	4, 0x01c7
80004504:	02d0                	.insn	2, 0x02d0
80004506:	0000                	.insn	2, 0x
80004508:	000001c7          	.insn	4, 0x01c7
8000450c:	02d0                	.insn	2, 0x02d0
8000450e:	0000                	.insn	2, 0x
80004510:	0000016f          	jal	sp,80004510 <verify_data+0x2bc>
80004514:	02e9                	.insn	2, 0x02e9
80004516:	0000                	.insn	2, 0x
80004518:	0000016f          	jal	sp,80004518 <verify_data+0x2c4>
8000451c:	0166                	.insn	2, 0x0166
8000451e:	0000                	.insn	2, 0x
80004520:	0166                	.insn	2, 0x0166
80004522:	0000                	.insn	2, 0x
80004524:	0248                	.insn	2, 0x0248
80004526:	0000                	.insn	2, 0x
80004528:	0248                	.insn	2, 0x0248
8000452a:	0000                	.insn	2, 0x
8000452c:	0000010f          	.insn	4, 0x010f
80004530:	0000010f          	.insn	4, 0x010f
80004534:	0355                	.insn	2, 0x0355
80004536:	0000                	.insn	2, 0x
80004538:	0355                	.insn	2, 0x0355
8000453a:	0000                	.insn	2, 0x
8000453c:	0314                	.insn	2, 0x0314
8000453e:	0000                	.insn	2, 0x
80004540:	00000193          	li	gp,0
80004544:	00000213          	li	tp,0
80004548:	0205                	.insn	2, 0x0205
8000454a:	0000                	.insn	2, 0x
8000454c:	0205                	.insn	2, 0x0205
8000454e:	0000                	.insn	2, 0x
80004550:	0205                	.insn	2, 0x0205
80004552:	0000                	.insn	2, 0x
80004554:	01cd                	.insn	2, 0x01cd
80004556:	0000                	.insn	2, 0x
80004558:	0000022f          	.insn	4, 0x022f
8000455c:	01cd                	.insn	2, 0x01cd
8000455e:	0000                	.insn	2, 0x
80004560:	00000307          	.insn	4, 0x0307
80004564:	0166                	.insn	2, 0x0166
80004566:	0000                	.insn	2, 0x
80004568:	0166                	.insn	2, 0x0166
8000456a:	0000                	.insn	2, 0x
8000456c:	014c                	.insn	2, 0x014c
8000456e:	0000                	.insn	2, 0x
80004570:	014c                	.insn	2, 0x014c
80004572:	0000                	.insn	2, 0x
80004574:	02ac                	.insn	2, 0x02ac
80004576:	0000                	.insn	2, 0x
80004578:	02ac                	.insn	2, 0x02ac
8000457a:	0000                	.insn	2, 0x
8000457c:	02ac                	.insn	2, 0x02ac
8000457e:	0000                	.insn	2, 0x
80004580:	0256                	.insn	2, 0x0256
80004582:	0000                	.insn	2, 0x
80004584:	01be                	.insn	2, 0x01be
80004586:	0000                	.insn	2, 0x
80004588:	0000008f          	.insn	4, 0x008f
8000458c:	00000137          	lui	sp,0x0
80004590:	007d                	.insn	2, 0x007d
80004592:	0000                	.insn	2, 0x
80004594:	00000137          	lui	sp,0x0
80004598:	000002e7          	jalr	t0,zero # 0 <buf.2>
8000459c:	000002e7          	jalr	t0,zero # 0 <buf.2>
800045a0:	03a5                	.insn	2, 0x03a5
800045a2:	0000                	.insn	2, 0x
800045a4:	022d                	.insn	2, 0x022d
800045a6:	0000                	.insn	2, 0x
800045a8:	031f 0000 022d      	.insn	6, 0x022d0000031f
800045ae:	0000                	.insn	2, 0x
800045b0:	022d                	.insn	2, 0x022d
800045b2:	0000                	.insn	2, 0x
800045b4:	022d                	.insn	2, 0x022d
800045b6:	0000                	.insn	2, 0x
800045b8:	0229                	.insn	2, 0x0229
800045ba:	0000                	.insn	2, 0x
800045bc:	031c                	.insn	2, 0x031c
800045be:	0000                	.insn	2, 0x
800045c0:	0288                	.insn	2, 0x0288
800045c2:	0000                	.insn	2, 0x
800045c4:	0288                	.insn	2, 0x0288
800045c6:	0000                	.insn	2, 0x
800045c8:	0288                	.insn	2, 0x0288
800045ca:	0000                	.insn	2, 0x
800045cc:	0000037b          	.insn	4, 0x037b
800045d0:	0000037b          	.insn	4, 0x037b
800045d4:	029a                	.insn	2, 0x029a
800045d6:	0000                	.insn	2, 0x
800045d8:	011f 0000 0202      	.insn	6, 0x02020000011f
800045de:	0000                	.insn	2, 0x
800045e0:	0031                	.insn	2, 0x0031
800045e2:	0000                	.insn	2, 0x
800045e4:	0202                	.insn	2, 0x0202
800045e6:	0000                	.insn	2, 0x
800045e8:	0056                	.insn	2, 0x0056
800045ea:	0000                	.insn	2, 0x
800045ec:	022d                	.insn	2, 0x022d
800045ee:	0000                	.insn	2, 0x
800045f0:	005f 0000 0355      	.insn	6, 0x03550000005f
800045f6:	0000                	.insn	2, 0x
800045f8:	01b9                	.insn	2, 0x01b9
800045fa:	0000                	.insn	2, 0x
800045fc:	01b9                	.insn	2, 0x01b9
800045fe:	0000                	.insn	2, 0x
80004600:	01b9                	.insn	2, 0x01b9
80004602:	0000                	.insn	2, 0x
80004604:	01b8                	.insn	2, 0x01b8
80004606:	0000                	.insn	2, 0x
80004608:	0000024b          	.insn	4, 0x024b
8000460c:	0266                	.insn	2, 0x0266
8000460e:	0000                	.insn	2, 0x
80004610:	0266                	.insn	2, 0x0266
80004612:	0000                	.insn	2, 0x
80004614:	018c                	.insn	2, 0x018c
80004616:	0000                	.insn	2, 0x
80004618:	017e                	.insn	2, 0x017e
8000461a:	0000                	.insn	2, 0x
8000461c:	0118                	.insn	2, 0x0118
8000461e:	0000                	.insn	2, 0x
80004620:	0118                	.insn	2, 0x0118
80004622:	0000                	.insn	2, 0x
80004624:	0011                	.insn	2, 0x0011
80004626:	0000                	.insn	2, 0x
80004628:	0328                	.insn	2, 0x0328
8000462a:	0000                	.insn	2, 0x
8000462c:	00aa                	.insn	2, 0x00aa
8000462e:	0000                	.insn	2, 0x
80004630:	00000333          	add	t1,zero,zero
80004634:	00000123          	sb	zero,2(zero) # 2 <buf.2+0x2>
80004638:	0158                	.insn	2, 0x0158
8000463a:	0000                	.insn	2, 0x
8000463c:	0158                	.insn	2, 0x0158
8000463e:	0000                	.insn	2, 0x
80004640:	017c                	.insn	2, 0x017c
80004642:	0000                	.insn	2, 0x
80004644:	01c2                	.insn	2, 0x01c2
80004646:	0000                	.insn	2, 0x
80004648:	0200                	.insn	2, 0x0200
8000464a:	0000                	.insn	2, 0x
8000464c:	0200                	.insn	2, 0x0200
8000464e:	0000                	.insn	2, 0x
80004650:	0200                	.insn	2, 0x0200
80004652:	0000                	.insn	2, 0x
80004654:	0395                	.insn	2, 0x0395
80004656:	0000                	.insn	2, 0x
80004658:	0395                	.insn	2, 0x0395
8000465a:	0000                	.insn	2, 0x
8000465c:	0000021b          	.insn	4, 0x021b
80004660:	0000021b          	.insn	4, 0x021b
80004664:	0328                	.insn	2, 0x0328
80004666:	0000                	.insn	2, 0x
80004668:	0372                	.insn	2, 0x0372
8000466a:	0000                	.insn	2, 0x
8000466c:	00000377          	.insn	4, 0x0377
80004670:	0372                	.insn	2, 0x0372
80004672:	0000                	.insn	2, 0x
80004674:	0219                	.insn	2, 0x0219
80004676:	0000                	.insn	2, 0x
80004678:	0219                	.insn	2, 0x0219
8000467a:	0000                	.insn	2, 0x
8000467c:	0264                	.insn	2, 0x0264
8000467e:	0000                	.insn	2, 0x
80004680:	02bd                	.insn	2, 0x02bd
80004682:	0000                	.insn	2, 0x
80004684:	02bd                	.insn	2, 0x02bd
80004686:	0000                	.insn	2, 0x
80004688:	02bd                	.insn	2, 0x02bd
8000468a:	0000                	.insn	2, 0x
8000468c:	01df 0000 01df      	.insn	6, 0x01df000001df
80004692:	0000                	.insn	2, 0x
80004694:	01df 0000 0237      	.insn	6, 0x0237000001df
8000469a:	0000                	.insn	2, 0x
8000469c:	00000097          	auipc	ra,0x0
800046a0:	0016                	.insn	2, 0x0016
800046a2:	0000                	.insn	2, 0x
800046a4:	0016                	.insn	2, 0x0016
800046a6:	0000                	.insn	2, 0x
800046a8:	0238                	.insn	2, 0x0238
800046aa:	0000                	.insn	2, 0x
800046ac:	0238                	.insn	2, 0x0238
800046ae:	0000                	.insn	2, 0x
800046b0:	0238                	.insn	2, 0x0238
800046b2:	0000                	.insn	2, 0x
800046b4:	0299                	.insn	2, 0x0299
800046b6:	0000                	.insn	2, 0x
800046b8:	0299                	.insn	2, 0x0299
800046ba:	0000                	.insn	2, 0x
800046bc:	000001a7          	.insn	4, 0x01a7
800046c0:	000001a7          	.insn	4, 0x01a7
800046c4:	01b2                	.insn	2, 0x01b2
800046c6:	0000                	.insn	2, 0x
800046c8:	01b2                	.insn	2, 0x01b2
800046ca:	0000                	.insn	2, 0x
800046cc:	0118                	.insn	2, 0x0118
800046ce:	0000                	.insn	2, 0x
800046d0:	009e                	.insn	2, 0x009e
800046d2:	0000                	.insn	2, 0x
800046d4:	0118                	.insn	2, 0x0118
800046d6:	0000                	.insn	2, 0x
800046d8:	0054                	.insn	2, 0x0054
800046da:	0000                	.insn	2, 0x
800046dc:	0000018b          	.insn	4, 0x018b
800046e0:	000000f7          	.insn	4, 0x00f7
800046e4:	02b0                	.insn	2, 0x02b0
800046e6:	0000                	.insn	2, 0x
800046e8:	000000f7          	.insn	4, 0x00f7
800046ec:	01dc                	.insn	2, 0x01dc
800046ee:	0000                	.insn	2, 0x
800046f0:	000001b3          	add	gp,zero,zero
800046f4:	01dc                	.insn	2, 0x01dc
800046f6:	0000                	.insn	2, 0x
800046f8:	0318                	.insn	2, 0x0318
800046fa:	0000                	.insn	2, 0x
800046fc:	0318                	.insn	2, 0x0318
800046fe:	0000                	.insn	2, 0x
80004700:	0318                	.insn	2, 0x0318
80004702:	0000                	.insn	2, 0x
80004704:	02d9                	.insn	2, 0x02d9
80004706:	0000                	.insn	2, 0x
80004708:	01e6                	.insn	2, 0x01e6
8000470a:	0000                	.insn	2, 0x
8000470c:	0109                	.insn	2, 0x0109
8000470e:	0000                	.insn	2, 0x
80004710:	019e                	.insn	2, 0x019e
80004712:	0000                	.insn	2, 0x
80004714:	00ec                	.insn	2, 0x00ec
80004716:	0000                	.insn	2, 0x
80004718:	0171                	.insn	2, 0x0171
8000471a:	0000                	.insn	2, 0x
8000471c:	00ec                	.insn	2, 0x00ec
8000471e:	0000                	.insn	2, 0x
80004720:	0171                	.insn	2, 0x0171
80004722:	0000                	.insn	2, 0x
80004724:	00d6                	.insn	2, 0x00d6
80004726:	0000                	.insn	2, 0x
80004728:	0206                	.insn	2, 0x0206
8000472a:	0000                	.insn	2, 0x
8000472c:	00b4                	.insn	2, 0x00b4
8000472e:	0000                	.insn	2, 0x
80004730:	0206                	.insn	2, 0x0206
80004732:	0000                	.insn	2, 0x
80004734:	000001f7          	.insn	4, 0x01f7
80004738:	02aa                	.insn	2, 0x02aa
8000473a:	0000                	.insn	2, 0x
8000473c:	0254                	.insn	2, 0x0254
8000473e:	0000                	.insn	2, 0x
80004740:	0254                	.insn	2, 0x0254
80004742:	0000                	.insn	2, 0x
80004744:	011c                	.insn	2, 0x011c
80004746:	0000                	.insn	2, 0x
80004748:	0108                	.insn	2, 0x0108
8000474a:	0000                	.insn	2, 0x
8000474c:	0108                	.insn	2, 0x0108
8000474e:	0000                	.insn	2, 0x
80004750:	000001f3          	.insn	4, 0x01f3
80004754:	000001f3          	.insn	4, 0x01f3
80004758:	015a                	.insn	2, 0x015a
8000475a:	0000                	.insn	2, 0x
8000475c:	015a                	.insn	2, 0x015a
8000475e:	0000                	.insn	2, 0x
80004760:	00000257          	.insn	4, 0x0257
80004764:	00000257          	.insn	4, 0x0257
80004768:	000000d7          	.insn	4, 0x00d7
8000476c:	000000d7          	.insn	4, 0x00d7
80004770:	000002db          	.insn	4, 0x02db
80004774:	000002db          	.insn	4, 0x02db
80004778:	02b0                	.insn	2, 0x02b0
8000477a:	0000                	.insn	2, 0x
8000477c:	0292                	.insn	2, 0x0292
8000477e:	0000                	.insn	2, 0x
80004780:	0000026b          	.insn	4, 0x026b
80004784:	000000fb          	.insn	4, 0x00fb
80004788:	000000fb          	.insn	4, 0x00fb
8000478c:	00000083          	lb	ra,0(zero) # 0 <buf.2>
80004790:	0000022b          	.insn	4, 0x022b
80004794:	0000022b          	.insn	4, 0x022b
80004798:	0000022b          	.insn	4, 0x022b
8000479c:	0000029b          	.insn	4, 0x029b
800047a0:	0210                	.insn	2, 0x0210
800047a2:	0000                	.insn	2, 0x
800047a4:	0210                	.insn	2, 0x0210
800047a6:	0000                	.insn	2, 0x
800047a8:	0210                	.insn	2, 0x0210
800047aa:	0000                	.insn	2, 0x
800047ac:	000001e7          	jalr	gp,zero # 0 <buf.2>
800047b0:	000001e7          	jalr	gp,zero # 0 <buf.2>
800047b4:	000001e7          	jalr	gp,zero # 0 <buf.2>
800047b8:	02f1                	.insn	2, 0x02f1
800047ba:	0000                	.insn	2, 0x
800047bc:	02f1                	.insn	2, 0x02f1
800047be:	0000                	.insn	2, 0x
800047c0:	011f 0000 011f      	.insn	6, 0x011f0000011f
800047c6:	0000                	.insn	2, 0x
800047c8:	0272                	.insn	2, 0x0272
800047ca:	0000                	.insn	2, 0x
800047cc:	0272                	.insn	2, 0x0272
800047ce:	0000                	.insn	2, 0x
800047d0:	0130                	.insn	2, 0x0130
800047d2:	0000                	.insn	2, 0x
800047d4:	000e                	.insn	2, 0x000e
800047d6:	0000                	.insn	2, 0x
800047d8:	0130                	.insn	2, 0x0130
800047da:	0000                	.insn	2, 0x
800047dc:	00000193          	li	gp,0
800047e0:	02dd                	.insn	2, 0x02dd
800047e2:	0000                	.insn	2, 0x
800047e4:	00000193          	li	gp,0
800047e8:	02dd                	.insn	2, 0x02dd
800047ea:	0000                	.insn	2, 0x
800047ec:	000002bf 000002bf 	.insn	8, 0x02bf000002bf
800047f4:	000002bf 000002d2 	.insn	8, 0x02d2000002bf
800047fc:	0332                	.insn	2, 0x0332
800047fe:	0000                	.insn	2, 0x
80004800:	02d2                	.insn	2, 0x02d2
80004802:	0000                	.insn	2, 0x
80004804:	0196                	.insn	2, 0x0196
80004806:	0000                	.insn	2, 0x
80004808:	0196                	.insn	2, 0x0196
8000480a:	0000                	.insn	2, 0x
8000480c:	036a                	.insn	2, 0x036a
8000480e:	0000                	.insn	2, 0x
80004810:	036a                	.insn	2, 0x036a
80004812:	0000                	.insn	2, 0x
80004814:	0358                	.insn	2, 0x0358
80004816:	0000                	.insn	2, 0x
80004818:	02ec                	.insn	2, 0x02ec
8000481a:	0000                	.insn	2, 0x
8000481c:	02ec                	.insn	2, 0x02ec
8000481e:	0000                	.insn	2, 0x
80004820:	0000005b          	.insn	4, 0x005b
80004824:	0056                	.insn	2, 0x0056
80004826:	0000                	.insn	2, 0x
80004828:	0000005b          	.insn	4, 0x005b
8000482c:	017a                	.insn	2, 0x017a
8000482e:	0000                	.insn	2, 0x
80004830:	017a                	.insn	2, 0x017a
80004832:	0000                	.insn	2, 0x
80004834:	0294                	.insn	2, 0x0294
80004836:	0000                	.insn	2, 0x
80004838:	0069                	.insn	2, 0x0069
8000483a:	0000                	.insn	2, 0x
8000483c:	0099                	.insn	2, 0x0099
8000483e:	0000                	.insn	2, 0x
80004840:	0099                	.insn	2, 0x0099
80004842:	0000                	.insn	2, 0x
80004844:	0099                	.insn	2, 0x0099
80004846:	0000                	.insn	2, 0x
80004848:	017d                	.insn	2, 0x017d
8000484a:	0000                	.insn	2, 0x
8000484c:	0079                	.insn	2, 0x0079
8000484e:	0000                	.insn	2, 0x
80004850:	0000028b          	.insn	4, 0x028b
80004854:	019c                	.insn	2, 0x019c
80004856:	0000                	.insn	2, 0x
80004858:	0339                	.insn	2, 0x0339
8000485a:	0000                	.insn	2, 0x
8000485c:	019c                	.insn	2, 0x019c
8000485e:	0000                	.insn	2, 0x
80004860:	0164                	.insn	2, 0x0164
80004862:	0000                	.insn	2, 0x
80004864:	00ec                	.insn	2, 0x00ec
80004866:	0000                	.insn	2, 0x
80004868:	0094                	.insn	2, 0x0094
8000486a:	0000                	.insn	2, 0x
8000486c:	0094                	.insn	2, 0x0094
8000486e:	0000                	.insn	2, 0x
80004870:	0094                	.insn	2, 0x0094
80004872:	0000                	.insn	2, 0x
80004874:	000001a7          	.insn	4, 0x01a7
80004878:	008c                	.insn	2, 0x008c
8000487a:	0000                	.insn	2, 0x
8000487c:	00d8                	.insn	2, 0x00d8
8000487e:	0000                	.insn	2, 0x
80004880:	00d8                	.insn	2, 0x00d8
80004882:	0000                	.insn	2, 0x
80004884:	026d                	.insn	2, 0x026d
80004886:	0000                	.insn	2, 0x
80004888:	026d                	.insn	2, 0x026d
8000488a:	0000                	.insn	2, 0x
8000488c:	0169                	.insn	2, 0x0169
8000488e:	0000                	.insn	2, 0x
80004890:	0000                	.insn	2, 0x
80004892:	0000                	.insn	2, 0x
