
memcpy.riscv:     file format elf32-littleriscv


Disassembly of section .text.init:

80000000 <_start>:
80000000:	00000093          	li	ra,0
80000004:	00000113          	li	sp,0
80000008:	00000193          	li	gp,0
8000000c:	00000213          	li	tp,0
80000010:	00000293          	li	t0,0
80000014:	00000313          	li	t1,0
80000018:	00000393          	li	t2,0
8000001c:	00000413          	li	s0,0
80000020:	00000493          	li	s1,0
80000024:	00000513          	li	a0,0
80000028:	00000593          	li	a1,0
8000002c:	00000613          	li	a2,0
80000030:	00000693          	li	a3,0
80000034:	00000713          	li	a4,0
80000038:	00000793          	li	a5,0
8000003c:	00000813          	li	a6,0
80000040:	00000893          	li	a7,0
80000044:	00000913          	li	s2,0
80000048:	00000993          	li	s3,0
8000004c:	00000a13          	li	s4,0
80000050:	00000a93          	li	s5,0
80000054:	00000b13          	li	s6,0
80000058:	00000b93          	li	s7,0
8000005c:	00000c13          	li	s8,0
80000060:	00000c93          	li	s9,0
80000064:	00000d13          	li	s10,0
80000068:	00000d93          	li	s11,0
8000006c:	00000e13          	li	t3,0
80000070:	00000e93          	li	t4,0
80000074:	00000f13          	li	t5,0
80000078:	00000f93          	li	t6,0
8000007c:	0181e2b7          	lui	t0,0x181e
80000080:	3002a073          	csrs	mstatus,t0
80000084:	00100293          	li	t0,1
80000088:	01f29293          	slli	t0,t0,0x1f
8000008c:	0002ca63          	bltz	t0,800000a0 <_start+0xa0>
80000090:	00100513          	li	a0,1
80000094:	00001297          	auipc	t0,0x1
80000098:	f6a2a623          	sw	a0,-148(t0) # 80001000 <tohost>
8000009c:	ff5ff06f          	j	80000090 <_start+0x90>
800000a0:	00000297          	auipc	t0,0x0
800000a4:	04028293          	addi	t0,t0,64 # 800000e0 <trap_entry>
800000a8:	30529073          	csrw	mtvec,t0
800000ac:	00008197          	auipc	gp,0x8
800000b0:	18c18193          	addi	gp,gp,396 # 80008238 <__global_pointer$>
800000b4:	88718213          	addi	tp,gp,-1913 # 80007abf <_end+0x3f>
800000b8:	fc027213          	andi	tp,tp,-64
800000bc:	f1402573          	csrr	a0,mhartid
800000c0:	00100593          	li	a1,1
800000c4:	00b57063          	bgeu	a0,a1,800000c4 <_start+0xc4>
800000c8:	00150113          	addi	sp,a0,1
800000cc:	01111113          	slli	sp,sp,0x11
800000d0:	00410133          	add	sp,sp,tp
800000d4:	01151613          	slli	a2,a0,0x11
800000d8:	00c20233          	add	tp,tp,a2
800000dc:	0f50206f          	j	800029d0 <_init>

800000e0 <trap_entry>:
800000e0:	ef010113          	addi	sp,sp,-272
800000e4:	00112223          	sw	ra,4(sp)
800000e8:	00212423          	sw	sp,8(sp)
800000ec:	00312623          	sw	gp,12(sp)
800000f0:	00412823          	sw	tp,16(sp)
800000f4:	00512a23          	sw	t0,20(sp)
800000f8:	00612c23          	sw	t1,24(sp)
800000fc:	00712e23          	sw	t2,28(sp)
80000100:	02812023          	sw	s0,32(sp)
80000104:	02912223          	sw	s1,36(sp)
80000108:	02a12423          	sw	a0,40(sp)
8000010c:	02b12623          	sw	a1,44(sp)
80000110:	02c12823          	sw	a2,48(sp)
80000114:	02d12a23          	sw	a3,52(sp)
80000118:	02e12c23          	sw	a4,56(sp)
8000011c:	02f12e23          	sw	a5,60(sp)
80000120:	05012023          	sw	a6,64(sp)
80000124:	05112223          	sw	a7,68(sp)
80000128:	05212423          	sw	s2,72(sp)
8000012c:	05312623          	sw	s3,76(sp)
80000130:	05412823          	sw	s4,80(sp)
80000134:	05512a23          	sw	s5,84(sp)
80000138:	05612c23          	sw	s6,88(sp)
8000013c:	05712e23          	sw	s7,92(sp)
80000140:	07812023          	sw	s8,96(sp)
80000144:	07912223          	sw	s9,100(sp)
80000148:	07a12423          	sw	s10,104(sp)
8000014c:	07b12623          	sw	s11,108(sp)
80000150:	07c12823          	sw	t3,112(sp)
80000154:	07d12a23          	sw	t4,116(sp)
80000158:	07e12c23          	sw	t5,120(sp)
8000015c:	07f12e23          	sw	t6,124(sp)
80000160:	34202573          	csrr	a0,mcause
80000164:	341025f3          	csrr	a1,mepc
80000168:	00010613          	mv	a2,sp
8000016c:	4d4020ef          	jal	80002640 <handle_trap>
80000170:	34151073          	csrw	mepc,a0
80000174:	000022b7          	lui	t0,0x2
80000178:	80028293          	addi	t0,t0,-2048 # 1800 <buflen.1+0x17c0>
8000017c:	3002a073          	csrs	mstatus,t0
80000180:	00412083          	lw	ra,4(sp)
80000184:	00812103          	lw	sp,8(sp)
80000188:	00c12183          	lw	gp,12(sp)
8000018c:	01012203          	lw	tp,16(sp)
80000190:	01412283          	lw	t0,20(sp)
80000194:	01812303          	lw	t1,24(sp)
80000198:	01c12383          	lw	t2,28(sp)
8000019c:	02012403          	lw	s0,32(sp)
800001a0:	02412483          	lw	s1,36(sp)
800001a4:	02812503          	lw	a0,40(sp)
800001a8:	02c12583          	lw	a1,44(sp)
800001ac:	03012603          	lw	a2,48(sp)
800001b0:	03412683          	lw	a3,52(sp)
800001b4:	03812703          	lw	a4,56(sp)
800001b8:	03c12783          	lw	a5,60(sp)
800001bc:	04012803          	lw	a6,64(sp)
800001c0:	04412883          	lw	a7,68(sp)
800001c4:	04812903          	lw	s2,72(sp)
800001c8:	04c12983          	lw	s3,76(sp)
800001cc:	05012a03          	lw	s4,80(sp)
800001d0:	05412a83          	lw	s5,84(sp)
800001d4:	05812b03          	lw	s6,88(sp)
800001d8:	05c12b83          	lw	s7,92(sp)
800001dc:	06012c03          	lw	s8,96(sp)
800001e0:	06412c83          	lw	s9,100(sp)
800001e4:	06812d03          	lw	s10,104(sp)
800001e8:	06c12d83          	lw	s11,108(sp)
800001ec:	07012e03          	lw	t3,112(sp)
800001f0:	07412e83          	lw	t4,116(sp)
800001f4:	07812f03          	lw	t5,120(sp)
800001f8:	07c12f83          	lw	t6,124(sp)
800001fc:	11010113          	addi	sp,sp,272
80000200:	30200073          	mret

Disassembly of section .text:

80002000 <vprintfmt>:
80002000:	eb010113          	addi	sp,sp,-336
80002004:	14812423          	sw	s0,328(sp)
80002008:	15212023          	sw	s2,320(sp)
8000200c:	13312e23          	sw	s3,316(sp)
80002010:	13512a23          	sw	s5,308(sp)
80002014:	14112623          	sw	ra,332(sp)
80002018:	14912223          	sw	s1,324(sp)
8000201c:	13412c23          	sw	s4,312(sp)
80002020:	13712623          	sw	s7,300(sp)
80002024:	13812423          	sw	s8,296(sp)
80002028:	13912223          	sw	s9,292(sp)
8000202c:	13a12023          	sw	s10,288(sp)
80002030:	00050993          	mv	s3,a0
80002034:	00058913          	mv	s2,a1
80002038:	00060413          	mv	s0,a2
8000203c:	00d12623          	sw	a3,12(sp)
80002040:	02500a93          	li	s5,37
80002044:	0140006f          	j	80002058 <vprintfmt+0x58>
80002048:	06050463          	beqz	a0,800020b0 <vprintfmt+0xb0>
8000204c:	00090593          	mv	a1,s2
80002050:	00140413          	addi	s0,s0,1
80002054:	000980e7          	jalr	s3
80002058:	00044503          	lbu	a0,0(s0)
8000205c:	ff5516e3          	bne	a0,s5,80002048 <vprintfmt+0x48>
80002060:	00144683          	lbu	a3,1(s0)
80002064:	00140a13          	addi	s4,s0,1
80002068:	fff00493          	li	s1,-1
8000206c:	02000793          	li	a5,32
80002070:	000a0713          	mv	a4,s4
80002074:	00048c13          	mv	s8,s1
80002078:	00f12423          	sw	a5,8(sp)
8000207c:	00000593          	li	a1,0
80002080:	fdd68793          	addi	a5,a3,-35
80002084:	0ff7f793          	zext.b	a5,a5
80002088:	05500613          	li	a2,85
8000208c:	00170413          	addi	s0,a4,1
80002090:	06f66a63          	bltu	a2,a5,80002104 <vprintfmt+0x104>
80002094:	00002617          	auipc	a2,0x2
80002098:	81860613          	addi	a2,a2,-2024 # 800038ac <main+0x130>
8000209c:	00279793          	slli	a5,a5,0x2
800020a0:	00c787b3          	add	a5,a5,a2
800020a4:	0007a783          	lw	a5,0(a5)
800020a8:	00c787b3          	add	a5,a5,a2
800020ac:	00078067          	jr	a5
800020b0:	14c12083          	lw	ra,332(sp)
800020b4:	14812403          	lw	s0,328(sp)
800020b8:	14412483          	lw	s1,324(sp)
800020bc:	14012903          	lw	s2,320(sp)
800020c0:	13c12983          	lw	s3,316(sp)
800020c4:	13812a03          	lw	s4,312(sp)
800020c8:	13412a83          	lw	s5,308(sp)
800020cc:	12c12b83          	lw	s7,300(sp)
800020d0:	12812c03          	lw	s8,296(sp)
800020d4:	12412c83          	lw	s9,292(sp)
800020d8:	12012d03          	lw	s10,288(sp)
800020dc:	15010113          	addi	sp,sp,336
800020e0:	00008067          	ret
800020e4:	00d12423          	sw	a3,8(sp)
800020e8:	00174683          	lbu	a3,1(a4)
800020ec:	05500613          	li	a2,85
800020f0:	00040713          	mv	a4,s0
800020f4:	fdd68793          	addi	a5,a3,-35
800020f8:	0ff7f793          	zext.b	a5,a5
800020fc:	00170413          	addi	s0,a4,1
80002100:	f8f67ae3          	bgeu	a2,a5,80002094 <vprintfmt+0x94>
80002104:	00090593          	mv	a1,s2
80002108:	02500513          	li	a0,37
8000210c:	000980e7          	jalr	s3
80002110:	000a0413          	mv	s0,s4
80002114:	f45ff06f          	j	80002058 <vprintfmt+0x58>
80002118:	00174603          	lbu	a2,1(a4)
8000211c:	00900513          	li	a0,9
80002120:	fd068493          	addi	s1,a3,-48
80002124:	fd060793          	addi	a5,a2,-48
80002128:	00060693          	mv	a3,a2
8000212c:	00040713          	mv	a4,s0
80002130:	02f56663          	bltu	a0,a5,8000215c <vprintfmt+0x15c>
80002134:	00249793          	slli	a5,s1,0x2
80002138:	009787b3          	add	a5,a5,s1
8000213c:	00170713          	addi	a4,a4,1
80002140:	00179793          	slli	a5,a5,0x1
80002144:	00c787b3          	add	a5,a5,a2
80002148:	00074603          	lbu	a2,0(a4)
8000214c:	fd078493          	addi	s1,a5,-48
80002150:	fd060793          	addi	a5,a2,-48
80002154:	00060693          	mv	a3,a2
80002158:	fcf57ee3          	bgeu	a0,a5,80002134 <vprintfmt+0x134>
8000215c:	f20c52e3          	bgez	s8,80002080 <vprintfmt+0x80>
80002160:	00048c13          	mv	s8,s1
80002164:	fff00493          	li	s1,-1
80002168:	f19ff06f          	j	80002080 <vprintfmt+0x80>
8000216c:	00174683          	lbu	a3,1(a4)
80002170:	00040713          	mv	a4,s0
80002174:	f0dff06f          	j	80002080 <vprintfmt+0x80>
80002178:	00090593          	mv	a1,s2
8000217c:	02500513          	li	a0,37
80002180:	000980e7          	jalr	s3
80002184:	ed5ff06f          	j	80002058 <vprintfmt+0x58>
80002188:	00c12783          	lw	a5,12(sp)
8000218c:	00174683          	lbu	a3,1(a4)
80002190:	00040713          	mv	a4,s0
80002194:	0007a483          	lw	s1,0(a5)
80002198:	00478793          	addi	a5,a5,4
8000219c:	00f12623          	sw	a5,12(sp)
800021a0:	fbdff06f          	j	8000215c <vprintfmt+0x15c>
800021a4:	00090593          	mv	a1,s2
800021a8:	03000513          	li	a0,48
800021ac:	13612823          	sw	s6,304(sp)
800021b0:	000980e7          	jalr	s3
800021b4:	00090593          	mv	a1,s2
800021b8:	07800513          	li	a0,120
800021bc:	000980e7          	jalr	s3
800021c0:	00c12783          	lw	a5,12(sp)
800021c4:	01000b93          	li	s7,16
800021c8:	00000d13          	li	s10,0
800021cc:	00478713          	addi	a4,a5,4
800021d0:	00c12783          	lw	a5,12(sp)
800021d4:	00000c93          	li	s9,0
800021d8:	0007a483          	lw	s1,0(a5)
800021dc:	00e12623          	sw	a4,12(sp)
800021e0:	000b8613          	mv	a2,s7
800021e4:	00000693          	li	a3,0
800021e8:	00048513          	mv	a0,s1
800021ec:	000c8593          	mv	a1,s9
800021f0:	7e5000ef          	jal	800031d4 <__umoddi3>
800021f4:	00a12823          	sw	a0,16(sp)
800021f8:	279d0863          	beq	s10,s9,80002468 <vprintfmt+0x468>
800021fc:	11b12e23          	sw	s11,284(sp)
80002200:	00100b13          	li	s6,1
80002204:	01410d93          	addi	s11,sp,20
80002208:	00048513          	mv	a0,s1
8000220c:	000c8593          	mv	a1,s9
80002210:	000b8613          	mv	a2,s7
80002214:	00000693          	li	a3,0
80002218:	1f5000ef          	jal	80002c0c <__udivdi3>
8000221c:	000b8613          	mv	a2,s7
80002220:	00000693          	li	a3,0
80002224:	00050493          	mv	s1,a0
80002228:	00058c93          	mv	s9,a1
8000222c:	7a9000ef          	jal	800031d4 <__umoddi3>
80002230:	00ada023          	sw	a0,0(s11)
80002234:	000b0a13          	mv	s4,s6
80002238:	004d8d93          	addi	s11,s11,4
8000223c:	001b0b13          	addi	s6,s6,1
80002240:	fd9d14e3          	bne	s10,s9,80002208 <vprintfmt+0x208>
80002244:	fd74f2e3          	bgeu	s1,s7,80002208 <vprintfmt+0x208>
80002248:	11c12d83          	lw	s11,284(sp)
8000224c:	fffc0b93          	addi	s7,s8,-1
80002250:	fffb0493          	addi	s1,s6,-1
80002254:	018b5c63          	bge	s6,s8,8000226c <vprintfmt+0x26c>
80002258:	00812503          	lw	a0,8(sp)
8000225c:	00090593          	mv	a1,s2
80002260:	fffb8b93          	addi	s7,s7,-1
80002264:	000980e7          	jalr	s3
80002268:	fe9b98e3          	bne	s7,s1,80002258 <vprintfmt+0x258>
8000226c:	002a1a13          	slli	s4,s4,0x2
80002270:	01010493          	addi	s1,sp,16
80002274:	01448a33          	add	s4,s1,s4
80002278:	00900b13          	li	s6,9
8000227c:	0080006f          	j	80002284 <vprintfmt+0x284>
80002280:	00078a13          	mv	s4,a5
80002284:	000a2783          	lw	a5,0(s4)
80002288:	03000513          	li	a0,48
8000228c:	00fb7463          	bgeu	s6,a5,80002294 <vprintfmt+0x294>
80002290:	05700513          	li	a0,87
80002294:	00a78533          	add	a0,a5,a0
80002298:	00090593          	mv	a1,s2
8000229c:	000980e7          	jalr	s3
800022a0:	ffca0793          	addi	a5,s4,-4
800022a4:	fd449ee3          	bne	s1,s4,80002280 <vprintfmt+0x280>
800022a8:	13012b03          	lw	s6,304(sp)
800022ac:	dadff06f          	j	80002058 <vprintfmt+0x58>
800022b0:	13612823          	sw	s6,304(sp)
800022b4:	00100793          	li	a5,1
800022b8:	1cb7c063          	blt	a5,a1,80002478 <vprintfmt+0x478>
800022bc:	00c12783          	lw	a5,12(sp)
800022c0:	0007a483          	lw	s1,0(a5)
800022c4:	00478793          	addi	a5,a5,4
800022c8:	00f12623          	sw	a5,12(sp)
800022cc:	41f4dc93          	srai	s9,s1,0x1f
800022d0:	020cd063          	bgez	s9,800022f0 <vprintfmt+0x2f0>
800022d4:	00090593          	mv	a1,s2
800022d8:	02d00513          	li	a0,45
800022dc:	000980e7          	jalr	s3
800022e0:	00903733          	snez	a4,s1
800022e4:	419007b3          	neg	a5,s9
800022e8:	40e78cb3          	sub	s9,a5,a4
800022ec:	409004b3          	neg	s1,s1
800022f0:	00a00b93          	li	s7,10
800022f4:	00000d13          	li	s10,0
800022f8:	ee9ff06f          	j	800021e0 <vprintfmt+0x1e0>
800022fc:	00174683          	lbu	a3,1(a4)
80002300:	00158593          	addi	a1,a1,1
80002304:	00040713          	mv	a4,s0
80002308:	d79ff06f          	j	80002080 <vprintfmt+0x80>
8000230c:	13612823          	sw	s6,304(sp)
80002310:	01000b93          	li	s7,16
80002314:	00000d13          	li	s10,0
80002318:	00100793          	li	a5,1
8000231c:	12b7c663          	blt	a5,a1,80002448 <vprintfmt+0x448>
80002320:	00c12783          	lw	a5,12(sp)
80002324:	00478713          	addi	a4,a5,4
80002328:	ea9ff06f          	j	800021d0 <vprintfmt+0x1d0>
8000232c:	00c12783          	lw	a5,12(sp)
80002330:	0007aa03          	lw	s4,0(a5)
80002334:	060a0a63          	beqz	s4,800023a8 <vprintfmt+0x3a8>
80002338:	0d805663          	blez	s8,80002404 <vprintfmt+0x404>
8000233c:	00812703          	lw	a4,8(sp)
80002340:	02d00793          	li	a5,45
80002344:	08f71063          	bne	a4,a5,800023c4 <vprintfmt+0x3c4>
80002348:	000a4503          	lbu	a0,0(s4)
8000234c:	02050c63          	beqz	a0,80002384 <vprintfmt+0x384>
80002350:	13612823          	sw	s6,304(sp)
80002354:	fff00b13          	li	s6,-1
80002358:	0004c663          	bltz	s1,80002364 <vprintfmt+0x364>
8000235c:	fff48493          	addi	s1,s1,-1
80002360:	01648e63          	beq	s1,s6,8000237c <vprintfmt+0x37c>
80002364:	00090593          	mv	a1,s2
80002368:	000980e7          	jalr	s3
8000236c:	001a4503          	lbu	a0,1(s4)
80002370:	001a0a13          	addi	s4,s4,1
80002374:	fffc0c13          	addi	s8,s8,-1
80002378:	fe0510e3          	bnez	a0,80002358 <vprintfmt+0x358>
8000237c:	13012b03          	lw	s6,304(sp)
80002380:	01805c63          	blez	s8,80002398 <vprintfmt+0x398>
80002384:	00090593          	mv	a1,s2
80002388:	02000513          	li	a0,32
8000238c:	fffc0c13          	addi	s8,s8,-1
80002390:	000980e7          	jalr	s3
80002394:	fe0c18e3          	bnez	s8,80002384 <vprintfmt+0x384>
80002398:	00c12783          	lw	a5,12(sp)
8000239c:	00478793          	addi	a5,a5,4
800023a0:	00f12623          	sw	a5,12(sp)
800023a4:	cb5ff06f          	j	80002058 <vprintfmt+0x58>
800023a8:	11805863          	blez	s8,800024b8 <vprintfmt+0x4b8>
800023ac:	00812703          	lw	a4,8(sp)
800023b0:	02d00793          	li	a5,45
800023b4:	00001a17          	auipc	s4,0x1
800023b8:	4b4a0a13          	addi	s4,s4,1204 # 80003868 <main+0xec>
800023bc:	02800513          	li	a0,40
800023c0:	f8f708e3          	beq	a4,a5,80002350 <vprintfmt+0x350>
800023c4:	000a0793          	mv	a5,s4
800023c8:	009a06b3          	add	a3,s4,s1
800023cc:	00049863          	bnez	s1,800023dc <vprintfmt+0x3dc>
800023d0:	0200006f          	j	800023f0 <vprintfmt+0x3f0>
800023d4:	00178793          	addi	a5,a5,1
800023d8:	00d78663          	beq	a5,a3,800023e4 <vprintfmt+0x3e4>
800023dc:	0007c703          	lbu	a4,0(a5)
800023e0:	fe071ae3          	bnez	a4,800023d4 <vprintfmt+0x3d4>
800023e4:	414787b3          	sub	a5,a5,s4
800023e8:	40fc0c33          	sub	s8,s8,a5
800023ec:	01805c63          	blez	s8,80002404 <vprintfmt+0x404>
800023f0:	00812503          	lw	a0,8(sp)
800023f4:	00090593          	mv	a1,s2
800023f8:	fffc0c13          	addi	s8,s8,-1
800023fc:	000980e7          	jalr	s3
80002400:	fe0c18e3          	bnez	s8,800023f0 <vprintfmt+0x3f0>
80002404:	000a4503          	lbu	a0,0(s4)
80002408:	f80508e3          	beqz	a0,80002398 <vprintfmt+0x398>
8000240c:	13612823          	sw	s6,304(sp)
80002410:	f45ff06f          	j	80002354 <vprintfmt+0x354>
80002414:	fffc4793          	not	a5,s8
80002418:	41f7d793          	srai	a5,a5,0x1f
8000241c:	00174683          	lbu	a3,1(a4)
80002420:	00fc7c33          	and	s8,s8,a5
80002424:	00040713          	mv	a4,s0
80002428:	c59ff06f          	j	80002080 <vprintfmt+0x80>
8000242c:	00c12783          	lw	a5,12(sp)
80002430:	00090593          	mv	a1,s2
80002434:	0007a503          	lw	a0,0(a5)
80002438:	00478493          	addi	s1,a5,4
8000243c:	000980e7          	jalr	s3
80002440:	00912623          	sw	s1,12(sp)
80002444:	c15ff06f          	j	80002058 <vprintfmt+0x58>
80002448:	00c12783          	lw	a5,12(sp)
8000244c:	00778793          	addi	a5,a5,7
80002450:	ff87f793          	andi	a5,a5,-8
80002454:	00878713          	addi	a4,a5,8
80002458:	0007a483          	lw	s1,0(a5)
8000245c:	0047ac83          	lw	s9,4(a5)
80002460:	00e12623          	sw	a4,12(sp)
80002464:	d7dff06f          	j	800021e0 <vprintfmt+0x1e0>
80002468:	d974fae3          	bgeu	s1,s7,800021fc <vprintfmt+0x1fc>
8000246c:	00000a13          	li	s4,0
80002470:	00100b13          	li	s6,1
80002474:	dd9ff06f          	j	8000224c <vprintfmt+0x24c>
80002478:	00c12783          	lw	a5,12(sp)
8000247c:	00778793          	addi	a5,a5,7
80002480:	ff87f793          	andi	a5,a5,-8
80002484:	00878713          	addi	a4,a5,8
80002488:	0007a483          	lw	s1,0(a5)
8000248c:	0047ac83          	lw	s9,4(a5)
80002490:	00e12623          	sw	a4,12(sp)
80002494:	e3dff06f          	j	800022d0 <vprintfmt+0x2d0>
80002498:	13612823          	sw	s6,304(sp)
8000249c:	00a00b93          	li	s7,10
800024a0:	00000d13          	li	s10,0
800024a4:	e75ff06f          	j	80002318 <vprintfmt+0x318>
800024a8:	13612823          	sw	s6,304(sp)
800024ac:	00800b93          	li	s7,8
800024b0:	00000d13          	li	s10,0
800024b4:	e65ff06f          	j	80002318 <vprintfmt+0x318>
800024b8:	13612823          	sw	s6,304(sp)
800024bc:	00001a17          	auipc	s4,0x1
800024c0:	3aca0a13          	addi	s4,s4,940 # 80003868 <main+0xec>
800024c4:	02800513          	li	a0,40
800024c8:	fff00b13          	li	s6,-1
800024cc:	e8dff06f          	j	80002358 <vprintfmt+0x358>

800024d0 <sprintf_putch.0>:
800024d0:	0005a783          	lw	a5,0(a1)
800024d4:	00a78023          	sb	a0,0(a5)
800024d8:	0005a783          	lw	a5,0(a1)
800024dc:	00178793          	addi	a5,a5,1
800024e0:	00f5a023          	sw	a5,0(a1)
800024e4:	00008067          	ret

800024e8 <putchar>:
800024e8:	04022783          	lw	a5,64(tp) # 40 <buflen.1>
800024ec:	00020713          	mv	a4,tp
800024f0:	f8010113          	addi	sp,sp,-128
800024f4:	00f70733          	add	a4,a4,a5
800024f8:	00178793          	addi	a5,a5,1
800024fc:	00a70023          	sb	a0,0(a4)
80002500:	04f22023          	sw	a5,64(tp) # 40 <buflen.1>
80002504:	00a00713          	li	a4,10
80002508:	03f10693          	addi	a3,sp,63
8000250c:	fc06f693          	andi	a3,a3,-64
80002510:	00e50c63          	beq	a0,a4,80002528 <putchar+0x40>
80002514:	04000713          	li	a4,64
80002518:	00e78863          	beq	a5,a4,80002528 <putchar+0x40>
8000251c:	00000513          	li	a0,0
80002520:	08010113          	addi	sp,sp,128
80002524:	00008067          	ret
80002528:	04000813          	li	a6,64
8000252c:	0106a023          	sw	a6,0(a3)
80002530:	00000893          	li	a7,0
80002534:	0116a223          	sw	a7,4(a3)
80002538:	00100e13          	li	t3,1
8000253c:	01c6a423          	sw	t3,8(a3)
80002540:	00000e93          	li	t4,0
80002544:	01d6a623          	sw	t4,12(a3)
80002548:	00020313          	mv	t1,tp
8000254c:	0066a823          	sw	t1,16(a3)
80002550:	00000393          	li	t2,0
80002554:	0076aa23          	sw	t2,20(a3)
80002558:	00f6ac23          	sw	a5,24(a3)
8000255c:	41f7d893          	srai	a7,a5,0x1f
80002560:	0116ae23          	sw	a7,28(a3)
80002564:	0330000f          	fence	rw,rw
80002568:	fffff617          	auipc	a2,0xfffff
8000256c:	a9860613          	addi	a2,a2,-1384 # 80001000 <tohost>
80002570:	00d62023          	sw	a3,0(a2)
80002574:	00000793          	li	a5,0
80002578:	00f62223          	sw	a5,4(a2)
8000257c:	fffff617          	auipc	a2,0xfffff
80002580:	ac460613          	addi	a2,a2,-1340 # 80001040 <fromhost>
80002584:	00062703          	lw	a4,0(a2)
80002588:	00462783          	lw	a5,4(a2)
8000258c:	00f76733          	or	a4,a4,a5
80002590:	fe070ae3          	beqz	a4,80002584 <putchar+0x9c>
80002594:	00000793          	li	a5,0
80002598:	00f62023          	sw	a5,0(a2)
8000259c:	00000813          	li	a6,0
800025a0:	01062223          	sw	a6,4(a2)
800025a4:	0330000f          	fence	rw,rw
800025a8:	04022023          	sw	zero,64(tp) # 40 <buflen.1>
800025ac:	0006a703          	lw	a4,0(a3)
800025b0:	00000513          	li	a0,0
800025b4:	0046a783          	lw	a5,4(a3)
800025b8:	08010113          	addi	sp,sp,128
800025bc:	00008067          	ret

800025c0 <setStats>:
800025c0:	b0002773          	csrr	a4,mcycle
800025c4:	00005797          	auipc	a5,0x5
800025c8:	47c78793          	addi	a5,a5,1148 # 80007a40 <counters>
800025cc:	00050a63          	beqz	a0,800025e0 <setStats+0x20>
800025d0:	00e7a023          	sw	a4,0(a5)
800025d4:	b0202773          	csrr	a4,minstret
800025d8:	00e7a223          	sw	a4,4(a5)
800025dc:	00008067          	ret
800025e0:	0007a583          	lw	a1,0(a5)
800025e4:	00005697          	auipc	a3,0x5
800025e8:	45468693          	addi	a3,a3,1108 # 80007a38 <counter_names>
800025ec:	00001617          	auipc	a2,0x1
800025f0:	28860613          	addi	a2,a2,648 # 80003874 <main+0xf8>
800025f4:	40b70733          	sub	a4,a4,a1
800025f8:	00e7a023          	sw	a4,0(a5)
800025fc:	00c6a023          	sw	a2,0(a3)
80002600:	b0202773          	csrr	a4,minstret
80002604:	0047a603          	lw	a2,4(a5)
80002608:	00001597          	auipc	a1,0x1
8000260c:	27458593          	addi	a1,a1,628 # 8000387c <main+0x100>
80002610:	00b6a223          	sw	a1,4(a3)
80002614:	40c70733          	sub	a4,a4,a2
80002618:	00e7a223          	sw	a4,4(a5)
8000261c:	00008067          	ret

80002620 <tohost_exit>:
80002620:	00151693          	slli	a3,a0,0x1
80002624:	0016e713          	ori	a4,a3,1
80002628:	fffff697          	auipc	a3,0xfffff
8000262c:	9d868693          	addi	a3,a3,-1576 # 80001000 <tohost>
80002630:	00000793          	li	a5,0
80002634:	00e6a023          	sw	a4,0(a3)
80002638:	00f6a223          	sw	a5,4(a3)
8000263c:	0000006f          	j	8000263c <tohost_exit+0x1c>

80002640 <handle_trap>:
80002640:	00001637          	lui	a2,0x1
80002644:	fffff797          	auipc	a5,0xfffff
80002648:	9bc78793          	addi	a5,a5,-1604 # 80001000 <tohost>
8000264c:	a7360613          	addi	a2,a2,-1421 # a73 <buflen.1+0xa33>
80002650:	00000693          	li	a3,0
80002654:	00c7a023          	sw	a2,0(a5)
80002658:	00d7a223          	sw	a3,4(a5)
8000265c:	0000006f          	j	8000265c <handle_trap+0x1c>

80002660 <exit>:
80002660:	ff010113          	addi	sp,sp,-16
80002664:	00112623          	sw	ra,12(sp)
80002668:	fb9ff0ef          	jal	80002620 <tohost_exit>

8000266c <abort>:
8000266c:	fffff797          	auipc	a5,0xfffff
80002670:	99478793          	addi	a5,a5,-1644 # 80001000 <tohost>
80002674:	10d00613          	li	a2,269
80002678:	00000693          	li	a3,0
8000267c:	00c7a023          	sw	a2,0(a5)
80002680:	00d7a223          	sw	a3,4(a5)
80002684:	0000006f          	j	80002684 <abort+0x18>

80002688 <printstr>:
80002688:	00054783          	lbu	a5,0(a0)
8000268c:	f8010113          	addi	sp,sp,-128
80002690:	03f10613          	addi	a2,sp,63
80002694:	00050813          	mv	a6,a0
80002698:	00000893          	li	a7,0
8000269c:	fc067613          	andi	a2,a2,-64
800026a0:	0a078063          	beqz	a5,80002740 <printstr+0xb8>
800026a4:	00050793          	mv	a5,a0
800026a8:	0017c703          	lbu	a4,1(a5)
800026ac:	00178793          	addi	a5,a5,1
800026b0:	fe071ce3          	bnez	a4,800026a8 <printstr+0x20>
800026b4:	40a78333          	sub	t1,a5,a0
800026b8:	00000393          	li	t2,0
800026bc:	04000713          	li	a4,64
800026c0:	00e62023          	sw	a4,0(a2)
800026c4:	00000793          	li	a5,0
800026c8:	00f62223          	sw	a5,4(a2)
800026cc:	00100713          	li	a4,1
800026d0:	00e62423          	sw	a4,8(a2)
800026d4:	00000793          	li	a5,0
800026d8:	00f62623          	sw	a5,12(a2)
800026dc:	01062823          	sw	a6,16(a2)
800026e0:	01162a23          	sw	a7,20(a2)
800026e4:	00662c23          	sw	t1,24(a2)
800026e8:	00762e23          	sw	t2,28(a2)
800026ec:	0330000f          	fence	rw,rw
800026f0:	fffff697          	auipc	a3,0xfffff
800026f4:	91068693          	addi	a3,a3,-1776 # 80001000 <tohost>
800026f8:	00c6a023          	sw	a2,0(a3)
800026fc:	00000793          	li	a5,0
80002700:	00f6a223          	sw	a5,4(a3)
80002704:	fffff697          	auipc	a3,0xfffff
80002708:	93c68693          	addi	a3,a3,-1732 # 80001040 <fromhost>
8000270c:	0006a703          	lw	a4,0(a3)
80002710:	0046a783          	lw	a5,4(a3)
80002714:	00f76733          	or	a4,a4,a5
80002718:	fe070ae3          	beqz	a4,8000270c <printstr+0x84>
8000271c:	00000793          	li	a5,0
80002720:	00f6a023          	sw	a5,0(a3)
80002724:	00000813          	li	a6,0
80002728:	0106a223          	sw	a6,4(a3)
8000272c:	0330000f          	fence	rw,rw
80002730:	00062703          	lw	a4,0(a2)
80002734:	00462783          	lw	a5,4(a2)
80002738:	08010113          	addi	sp,sp,128
8000273c:	00008067          	ret
80002740:	00000313          	li	t1,0
80002744:	00000393          	li	t2,0
80002748:	f75ff06f          	j	800026bc <printstr+0x34>

8000274c <thread_entry>:
8000274c:	00051463          	bnez	a0,80002754 <thread_entry+0x8>
80002750:	00008067          	ret
80002754:	0000006f          	j	80002754 <thread_entry+0x8>

80002758 <printhex>:
80002758:	fd010113          	addi	sp,sp,-48
8000275c:	00050713          	mv	a4,a0
80002760:	02112623          	sw	ra,44(sp)
80002764:	00c10513          	addi	a0,sp,12
80002768:	01b10613          	addi	a2,sp,27
8000276c:	00900813          	li	a6,9
80002770:	0080006f          	j	80002778 <printhex+0x20>
80002774:	00078613          	mv	a2,a5
80002778:	00f77793          	andi	a5,a4,15
8000277c:	00f837b3          	sltu	a5,a6,a5
80002780:	40f007b3          	neg	a5,a5
80002784:	0277f793          	andi	a5,a5,39
80002788:	00f77693          	andi	a3,a4,15
8000278c:	03078793          	addi	a5,a5,48
80002790:	00f687b3          	add	a5,a3,a5
80002794:	00f60023          	sb	a5,0(a2)
80002798:	00475713          	srli	a4,a4,0x4
8000279c:	01c59793          	slli	a5,a1,0x1c
800027a0:	00e7e733          	or	a4,a5,a4
800027a4:	0045d593          	srli	a1,a1,0x4
800027a8:	fff60793          	addi	a5,a2,-1
800027ac:	fcc514e3          	bne	a0,a2,80002774 <printhex+0x1c>
800027b0:	00010e23          	sb	zero,28(sp)
800027b4:	ed5ff0ef          	jal	80002688 <printstr>
800027b8:	02c12083          	lw	ra,44(sp)
800027bc:	03010113          	addi	sp,sp,48
800027c0:	00008067          	ret

800027c4 <printf>:
800027c4:	fc010113          	addi	sp,sp,-64
800027c8:	02410313          	addi	t1,sp,36
800027cc:	02b12223          	sw	a1,36(sp)
800027d0:	02c12423          	sw	a2,40(sp)
800027d4:	02d12623          	sw	a3,44(sp)
800027d8:	00050613          	mv	a2,a0
800027dc:	00030693          	mv	a3,t1
800027e0:	00000517          	auipc	a0,0x0
800027e4:	d0850513          	addi	a0,a0,-760 # 800024e8 <putchar>
800027e8:	00000593          	li	a1,0
800027ec:	00112e23          	sw	ra,28(sp)
800027f0:	02e12823          	sw	a4,48(sp)
800027f4:	02f12a23          	sw	a5,52(sp)
800027f8:	03012c23          	sw	a6,56(sp)
800027fc:	03112e23          	sw	a7,60(sp)
80002800:	00612623          	sw	t1,12(sp)
80002804:	ffcff0ef          	jal	80002000 <vprintfmt>
80002808:	01c12083          	lw	ra,28(sp)
8000280c:	00000513          	li	a0,0
80002810:	04010113          	addi	sp,sp,64
80002814:	00008067          	ret

80002818 <sprintf>:
80002818:	fb010113          	addi	sp,sp,-80
8000281c:	03810313          	addi	t1,sp,56
80002820:	02812423          	sw	s0,40(sp)
80002824:	00a12623          	sw	a0,12(sp)
80002828:	02c12c23          	sw	a2,56(sp)
8000282c:	02d12e23          	sw	a3,60(sp)
80002830:	00050413          	mv	s0,a0
80002834:	00058613          	mv	a2,a1
80002838:	00000517          	auipc	a0,0x0
8000283c:	c9850513          	addi	a0,a0,-872 # 800024d0 <sprintf_putch.0>
80002840:	00c10593          	addi	a1,sp,12
80002844:	00030693          	mv	a3,t1
80002848:	02112623          	sw	ra,44(sp)
8000284c:	04f12223          	sw	a5,68(sp)
80002850:	04e12023          	sw	a4,64(sp)
80002854:	05012423          	sw	a6,72(sp)
80002858:	05112623          	sw	a7,76(sp)
8000285c:	00612e23          	sw	t1,28(sp)
80002860:	fa0ff0ef          	jal	80002000 <vprintfmt>
80002864:	00c12783          	lw	a5,12(sp)
80002868:	00078023          	sb	zero,0(a5)
8000286c:	00c12503          	lw	a0,12(sp)
80002870:	02c12083          	lw	ra,44(sp)
80002874:	40850533          	sub	a0,a0,s0
80002878:	02812403          	lw	s0,40(sp)
8000287c:	05010113          	addi	sp,sp,80
80002880:	00008067          	ret

80002884 <memcpy>:
80002884:	00c5e7b3          	or	a5,a1,a2
80002888:	00f567b3          	or	a5,a0,a5
8000288c:	0037f793          	andi	a5,a5,3
80002890:	00058393          	mv	t2,a1
80002894:	00c506b3          	add	a3,a0,a2
80002898:	02078463          	beqz	a5,800028c0 <memcpy+0x3c>
8000289c:	00c58633          	add	a2,a1,a2
800028a0:	00050793          	mv	a5,a0
800028a4:	0ad57263          	bgeu	a0,a3,80002948 <memcpy+0xc4>
800028a8:	0005c703          	lbu	a4,0(a1)
800028ac:	00158593          	addi	a1,a1,1
800028b0:	00178793          	addi	a5,a5,1
800028b4:	fee78fa3          	sb	a4,-1(a5)
800028b8:	fec598e3          	bne	a1,a2,800028a8 <memcpy+0x24>
800028bc:	00008067          	ret
800028c0:	02050713          	addi	a4,a0,32
800028c4:	08d77463          	bgeu	a4,a3,8000294c <memcpy+0xc8>
800028c8:	00070793          	mv	a5,a4
800028cc:	0005a283          	lw	t0,0(a1)
800028d0:	0045af83          	lw	t6,4(a1)
800028d4:	0085af03          	lw	t5,8(a1)
800028d8:	00c5ae83          	lw	t4,12(a1)
800028dc:	0105ae03          	lw	t3,16(a1)
800028e0:	0145a303          	lw	t1,20(a1)
800028e4:	0185a883          	lw	a7,24(a1)
800028e8:	01c5a803          	lw	a6,28(a1)
800028ec:	02078793          	addi	a5,a5,32
800028f0:	fc57a023          	sw	t0,-64(a5)
800028f4:	fdf7a223          	sw	t6,-60(a5)
800028f8:	fde7a423          	sw	t5,-56(a5)
800028fc:	fdd7a623          	sw	t4,-52(a5)
80002900:	fdc7a823          	sw	t3,-48(a5)
80002904:	fc67aa23          	sw	t1,-44(a5)
80002908:	fd17ac23          	sw	a7,-40(a5)
8000290c:	fd07ae23          	sw	a6,-36(a5)
80002910:	02058593          	addi	a1,a1,32
80002914:	fad7ece3          	bltu	a5,a3,800028cc <memcpy+0x48>
80002918:	fdf60613          	addi	a2,a2,-33
8000291c:	fe067613          	andi	a2,a2,-32
80002920:	02038393          	addi	t2,t2,32
80002924:	00c707b3          	add	a5,a4,a2
80002928:	00c385b3          	add	a1,t2,a2
8000292c:	f8d7f8e3          	bgeu	a5,a3,800028bc <memcpy+0x38>
80002930:	0005a703          	lw	a4,0(a1)
80002934:	00478793          	addi	a5,a5,4
80002938:	00458593          	addi	a1,a1,4
8000293c:	fee7ae23          	sw	a4,-4(a5)
80002940:	fed7e8e3          	bltu	a5,a3,80002930 <memcpy+0xac>
80002944:	00008067          	ret
80002948:	00008067          	ret
8000294c:	00050793          	mv	a5,a0
80002950:	fddff06f          	j	8000292c <memcpy+0xa8>

80002954 <memset>:
80002954:	ff010113          	addi	sp,sp,-16
80002958:	00c567b3          	or	a5,a0,a2
8000295c:	00812423          	sw	s0,8(sp)
80002960:	00112623          	sw	ra,12(sp)
80002964:	0037f793          	andi	a5,a5,3
80002968:	00050413          	mv	s0,a0
8000296c:	00c50733          	add	a4,a0,a2
80002970:	02078263          	beqz	a5,80002994 <memset+0x40>
80002974:	00e57663          	bgeu	a0,a4,80002980 <memset+0x2c>
80002978:	0ff5f593          	zext.b	a1,a1
8000297c:	fd9ff0ef          	jal	80002954 <memset>
80002980:	00c12083          	lw	ra,12(sp)
80002984:	00040513          	mv	a0,s0
80002988:	00812403          	lw	s0,8(sp)
8000298c:	01010113          	addi	sp,sp,16
80002990:	00008067          	ret
80002994:	0ff5f593          	zext.b	a1,a1
80002998:	00859693          	slli	a3,a1,0x8
8000299c:	00b686b3          	add	a3,a3,a1
800029a0:	01069793          	slli	a5,a3,0x10
800029a4:	00f686b3          	add	a3,a3,a5
800029a8:	fce57ce3          	bgeu	a0,a4,80002980 <memset+0x2c>
800029ac:	00050793          	mv	a5,a0
800029b0:	00478793          	addi	a5,a5,4
800029b4:	fed7ae23          	sw	a3,-4(a5)
800029b8:	fee7ece3          	bltu	a5,a4,800029b0 <memset+0x5c>
800029bc:	00c12083          	lw	ra,12(sp)
800029c0:	00040513          	mv	a0,s0
800029c4:	00812403          	lw	s0,8(sp)
800029c8:	01010113          	addi	sp,sp,16
800029cc:	00008067          	ret

800029d0 <_init>:
800029d0:	f6010113          	addi	sp,sp,-160
800029d4:	00005797          	auipc	a5,0x5
800029d8:	07478793          	addi	a5,a5,116 # 80007a48 <_tdata_begin>
800029dc:	09312623          	sw	s3,140(sp)
800029e0:	00005997          	auipc	s3,0x5
800029e4:	06898993          	addi	s3,s3,104 # 80007a48 <_tdata_begin>
800029e8:	09412423          	sw	s4,136(sp)
800029ec:	40f98a33          	sub	s4,s3,a5
800029f0:	08912a23          	sw	s1,148(sp)
800029f4:	09212823          	sw	s2,144(sp)
800029f8:	00050493          	mv	s1,a0
800029fc:	00058913          	mv	s2,a1
80002a00:	00020513          	mv	a0,tp
80002a04:	00078593          	mv	a1,a5
80002a08:	000a0613          	mv	a2,s4
80002a0c:	08112e23          	sw	ra,156(sp)
80002a10:	08812c23          	sw	s0,152(sp)
80002a14:	09512223          	sw	s5,132(sp)
80002a18:	00020a93          	mv	s5,tp
80002a1c:	e69ff0ef          	jal	80002884 <memcpy>
80002a20:	88c18613          	addi	a2,gp,-1908 # 80007ac4 <_tbss_end>
80002a24:	41360633          	sub	a2,a2,s3
80002a28:	00000593          	li	a1,0
80002a2c:	014a8533          	add	a0,s5,s4
80002a30:	f25ff0ef          	jal	80002954 <memset>
80002a34:	00090593          	mv	a1,s2
80002a38:	00048513          	mv	a0,s1
80002a3c:	d11ff0ef          	jal	8000274c <thread_entry>
80002a40:	00000593          	li	a1,0
80002a44:	00000513          	li	a0,0
80002a48:	535000ef          	jal	8000377c <main>
80002a4c:	00005917          	auipc	s2,0x5
80002a50:	ff490913          	addi	s2,s2,-12 # 80007a40 <counters>
80002a54:	00092683          	lw	a3,0(s2)
80002a58:	03f10413          	addi	s0,sp,63
80002a5c:	fc047413          	andi	s0,s0,-64
80002a60:	00050493          	mv	s1,a0
80002a64:	04069463          	bnez	a3,80002aac <_init+0xdc>
80002a68:	00492683          	lw	a3,4(s2)
80002a6c:	00069663          	bnez	a3,80002a78 <_init+0xa8>
80002a70:	00048513          	mv	a0,s1
80002a74:	badff0ef          	jal	80002620 <tohost_exit>
80002a78:	00040913          	mv	s2,s0
80002a7c:	00005997          	auipc	s3,0x5
80002a80:	fbc98993          	addi	s3,s3,-68 # 80007a38 <counter_names>
80002a84:	0049a603          	lw	a2,4(s3)
80002a88:	00090513          	mv	a0,s2
80002a8c:	00001597          	auipc	a1,0x1
80002a90:	e1458593          	addi	a1,a1,-492 # 800038a0 <main+0x124>
80002a94:	d85ff0ef          	jal	80002818 <sprintf>
80002a98:	00a90933          	add	s2,s2,a0
80002a9c:	fd240ae3          	beq	s0,s2,80002a70 <_init+0xa0>
80002aa0:	00040513          	mv	a0,s0
80002aa4:	be5ff0ef          	jal	80002688 <printstr>
80002aa8:	fc9ff06f          	j	80002a70 <_init+0xa0>
80002aac:	00005997          	auipc	s3,0x5
80002ab0:	f8c98993          	addi	s3,s3,-116 # 80007a38 <counter_names>
80002ab4:	0009a603          	lw	a2,0(s3)
80002ab8:	00001597          	auipc	a1,0x1
80002abc:	de858593          	addi	a1,a1,-536 # 800038a0 <main+0x124>
80002ac0:	00040513          	mv	a0,s0
80002ac4:	d55ff0ef          	jal	80002818 <sprintf>
80002ac8:	00492683          	lw	a3,4(s2)
80002acc:	00a40933          	add	s2,s0,a0
80002ad0:	fc0686e3          	beqz	a3,80002a9c <_init+0xcc>
80002ad4:	fb1ff06f          	j	80002a84 <_init+0xb4>

80002ad8 <strlen>:
80002ad8:	00054783          	lbu	a5,0(a0)
80002adc:	00078e63          	beqz	a5,80002af8 <strlen+0x20>
80002ae0:	00050793          	mv	a5,a0
80002ae4:	0017c703          	lbu	a4,1(a5)
80002ae8:	00178793          	addi	a5,a5,1
80002aec:	fe071ce3          	bnez	a4,80002ae4 <strlen+0xc>
80002af0:	40a78533          	sub	a0,a5,a0
80002af4:	00008067          	ret
80002af8:	00000513          	li	a0,0
80002afc:	00008067          	ret

80002b00 <strnlen>:
80002b00:	00b506b3          	add	a3,a0,a1
80002b04:	00050793          	mv	a5,a0
80002b08:	00059863          	bnez	a1,80002b18 <strnlen+0x18>
80002b0c:	01c0006f          	j	80002b28 <strnlen+0x28>
80002b10:	00178793          	addi	a5,a5,1
80002b14:	00d78663          	beq	a5,a3,80002b20 <strnlen+0x20>
80002b18:	0007c703          	lbu	a4,0(a5)
80002b1c:	fe071ae3          	bnez	a4,80002b10 <strnlen+0x10>
80002b20:	40a78533          	sub	a0,a5,a0
80002b24:	00008067          	ret
80002b28:	00000513          	li	a0,0
80002b2c:	00008067          	ret

80002b30 <strcmp>:
80002b30:	00054783          	lbu	a5,0(a0)
80002b34:	00150513          	addi	a0,a0,1
80002b38:	00158593          	addi	a1,a1,1
80002b3c:	fff5c703          	lbu	a4,-1(a1)
80002b40:	00078863          	beqz	a5,80002b50 <strcmp+0x20>
80002b44:	fee786e3          	beq	a5,a4,80002b30 <strcmp>
80002b48:	40e78533          	sub	a0,a5,a4
80002b4c:	00008067          	ret
80002b50:	00000793          	li	a5,0
80002b54:	ff5ff06f          	j	80002b48 <strcmp+0x18>

80002b58 <strcpy>:
80002b58:	00050793          	mv	a5,a0
80002b5c:	0005c703          	lbu	a4,0(a1)
80002b60:	00158593          	addi	a1,a1,1
80002b64:	00178793          	addi	a5,a5,1
80002b68:	fee78fa3          	sb	a4,-1(a5)
80002b6c:	fe0718e3          	bnez	a4,80002b5c <strcpy+0x4>
80002b70:	00008067          	ret

80002b74 <atol>:
80002b74:	00054703          	lbu	a4,0(a0)
80002b78:	02000693          	li	a3,32
80002b7c:	00050793          	mv	a5,a0
80002b80:	00d71a63          	bne	a4,a3,80002b94 <atol+0x20>
80002b84:	00070693          	mv	a3,a4
80002b88:	0017c703          	lbu	a4,1(a5)
80002b8c:	00178793          	addi	a5,a5,1
80002b90:	fed70ce3          	beq	a4,a3,80002b88 <atol+0x14>
80002b94:	02d00693          	li	a3,45
80002b98:	04d70e63          	beq	a4,a3,80002bf4 <atol+0x80>
80002b9c:	02b00693          	li	a3,43
80002ba0:	04d70063          	beq	a4,a3,80002be0 <atol+0x6c>
80002ba4:	0007c683          	lbu	a3,0(a5)
80002ba8:	00000593          	li	a1,0
80002bac:	04068c63          	beqz	a3,80002c04 <atol+0x90>
80002bb0:	00000513          	li	a0,0
80002bb4:	00178793          	addi	a5,a5,1
80002bb8:	fd068613          	addi	a2,a3,-48
80002bbc:	00251713          	slli	a4,a0,0x2
80002bc0:	0007c683          	lbu	a3,0(a5)
80002bc4:	00a70733          	add	a4,a4,a0
80002bc8:	00171713          	slli	a4,a4,0x1
80002bcc:	00e60533          	add	a0,a2,a4
80002bd0:	fe0692e3          	bnez	a3,80002bb4 <atol+0x40>
80002bd4:	02058a63          	beqz	a1,80002c08 <atol+0x94>
80002bd8:	40a00533          	neg	a0,a0
80002bdc:	00008067          	ret
80002be0:	0017c683          	lbu	a3,1(a5)
80002be4:	00178793          	addi	a5,a5,1
80002be8:	00068e63          	beqz	a3,80002c04 <atol+0x90>
80002bec:	00000593          	li	a1,0
80002bf0:	fc1ff06f          	j	80002bb0 <atol+0x3c>
80002bf4:	0017c683          	lbu	a3,1(a5)
80002bf8:	00100593          	li	a1,1
80002bfc:	00b787b3          	add	a5,a5,a1
80002c00:	fa0698e3          	bnez	a3,80002bb0 <atol+0x3c>
80002c04:	00000513          	li	a0,0
80002c08:	00008067          	ret

80002c0c <__udivdi3>:
80002c0c:	fd010113          	addi	sp,sp,-48
80002c10:	01412c23          	sw	s4,24(sp)
80002c14:	02112623          	sw	ra,44(sp)
80002c18:	02812423          	sw	s0,40(sp)
80002c1c:	02912223          	sw	s1,36(sp)
80002c20:	03212023          	sw	s2,32(sp)
80002c24:	01312e23          	sw	s3,28(sp)
80002c28:	01512a23          	sw	s5,20(sp)
80002c2c:	01612823          	sw	s6,16(sp)
80002c30:	01712623          	sw	s7,12(sp)
80002c34:	01812423          	sw	s8,8(sp)
80002c38:	01912223          	sw	s9,4(sp)
80002c3c:	01a12023          	sw	s10,0(sp)
80002c40:	00050a13          	mv	s4,a0
80002c44:	38069663          	bnez	a3,80002fd0 <__udivdi3+0x3c4>
80002c48:	800047b7          	lui	a5,0x80004
80002c4c:	00060993          	mv	s3,a2
80002c50:	00050493          	mv	s1,a0
80002c54:	a0478793          	addi	a5,a5,-1532 # 80003a04 <__clz_tab>
80002c58:	12c5f863          	bgeu	a1,a2,80002d88 <__udivdi3+0x17c>
80002c5c:	00010737          	lui	a4,0x10
80002c60:	00058913          	mv	s2,a1
80002c64:	10e67863          	bgeu	a2,a4,80002d74 <__udivdi3+0x168>
80002c68:	10063713          	sltiu	a4,a2,256
80002c6c:	00173713          	seqz	a4,a4
80002c70:	00371713          	slli	a4,a4,0x3
80002c74:	00e656b3          	srl	a3,a2,a4
80002c78:	00d787b3          	add	a5,a5,a3
80002c7c:	0007c783          	lbu	a5,0(a5)
80002c80:	02000693          	li	a3,32
80002c84:	00e787b3          	add	a5,a5,a4
80002c88:	40f68733          	sub	a4,a3,a5
80002c8c:	00f68c63          	beq	a3,a5,80002ca4 <__udivdi3+0x98>
80002c90:	00e59933          	sll	s2,a1,a4
80002c94:	00fa57b3          	srl	a5,s4,a5
80002c98:	00e619b3          	sll	s3,a2,a4
80002c9c:	0127e933          	or	s2,a5,s2
80002ca0:	00ea14b3          	sll	s1,s4,a4
80002ca4:	0109da93          	srli	s5,s3,0x10
80002ca8:	000a8593          	mv	a1,s5
80002cac:	00090513          	mv	a0,s2
80002cb0:	01099b13          	slli	s6,s3,0x10
80002cb4:	21d000ef          	jal	800036d0 <__hidden___udivsi3>
80002cb8:	010b5b13          	srli	s6,s6,0x10
80002cbc:	00050593          	mv	a1,a0
80002cc0:	00050a13          	mv	s4,a0
80002cc4:	000b0513          	mv	a0,s6
80002cc8:	1dd000ef          	jal	800036a4 <__mulsi3>
80002ccc:	00050413          	mv	s0,a0
80002cd0:	000a8593          	mv	a1,s5
80002cd4:	00090513          	mv	a0,s2
80002cd8:	241000ef          	jal	80003718 <__umodsi3>
80002cdc:	01051513          	slli	a0,a0,0x10
80002ce0:	0104d713          	srli	a4,s1,0x10
80002ce4:	00a76733          	or	a4,a4,a0
80002ce8:	000a0913          	mv	s2,s4
80002cec:	00877e63          	bgeu	a4,s0,80002d08 <__udivdi3+0xfc>
80002cf0:	00e98733          	add	a4,s3,a4
80002cf4:	fffa0913          	addi	s2,s4,-1
80002cf8:	01376863          	bltu	a4,s3,80002d08 <__udivdi3+0xfc>
80002cfc:	00877663          	bgeu	a4,s0,80002d08 <__udivdi3+0xfc>
80002d00:	ffea0913          	addi	s2,s4,-2
80002d04:	01370733          	add	a4,a4,s3
80002d08:	40870433          	sub	s0,a4,s0
80002d0c:	000a8593          	mv	a1,s5
80002d10:	00040513          	mv	a0,s0
80002d14:	1bd000ef          	jal	800036d0 <__hidden___udivsi3>
80002d18:	00050593          	mv	a1,a0
80002d1c:	00050a13          	mv	s4,a0
80002d20:	000b0513          	mv	a0,s6
80002d24:	181000ef          	jal	800036a4 <__mulsi3>
80002d28:	00050b13          	mv	s6,a0
80002d2c:	000a8593          	mv	a1,s5
80002d30:	00040513          	mv	a0,s0
80002d34:	1e5000ef          	jal	80003718 <__umodsi3>
80002d38:	01049493          	slli	s1,s1,0x10
80002d3c:	01051513          	slli	a0,a0,0x10
80002d40:	0104d493          	srli	s1,s1,0x10
80002d44:	00a4e4b3          	or	s1,s1,a0
80002d48:	000a0713          	mv	a4,s4
80002d4c:	0164fc63          	bgeu	s1,s6,80002d64 <__udivdi3+0x158>
80002d50:	009984b3          	add	s1,s3,s1
80002d54:	fffa0713          	addi	a4,s4,-1
80002d58:	0134e663          	bltu	s1,s3,80002d64 <__udivdi3+0x158>
80002d5c:	0164f463          	bgeu	s1,s6,80002d64 <__udivdi3+0x158>
80002d60:	ffea0713          	addi	a4,s4,-2
80002d64:	01091793          	slli	a5,s2,0x10
80002d68:	00e7e7b3          	or	a5,a5,a4
80002d6c:	00000913          	li	s2,0
80002d70:	1200006f          	j	80002e90 <__udivdi3+0x284>
80002d74:	010006b7          	lui	a3,0x1000
80002d78:	01800713          	li	a4,24
80002d7c:	eed67ce3          	bgeu	a2,a3,80002c74 <__udivdi3+0x68>
80002d80:	01000713          	li	a4,16
80002d84:	ef1ff06f          	j	80002c74 <__udivdi3+0x68>
80002d88:	00000713          	li	a4,0
80002d8c:	00060c63          	beqz	a2,80002da4 <__udivdi3+0x198>
80002d90:	00010737          	lui	a4,0x10
80002d94:	12e67e63          	bgeu	a2,a4,80002ed0 <__udivdi3+0x2c4>
80002d98:	10063713          	sltiu	a4,a2,256
80002d9c:	00173713          	seqz	a4,a4
80002da0:	00371713          	slli	a4,a4,0x3
80002da4:	00e656b3          	srl	a3,a2,a4
80002da8:	00d787b3          	add	a5,a5,a3
80002dac:	0007c783          	lbu	a5,0(a5)
80002db0:	02000693          	li	a3,32
80002db4:	00e787b3          	add	a5,a5,a4
80002db8:	40f68733          	sub	a4,a3,a5
80002dbc:	12f69463          	bne	a3,a5,80002ee4 <__udivdi3+0x2d8>
80002dc0:	40c58a33          	sub	s4,a1,a2
80002dc4:	00100913          	li	s2,1
80002dc8:	0109db13          	srli	s6,s3,0x10
80002dcc:	000b0593          	mv	a1,s6
80002dd0:	000a0513          	mv	a0,s4
80002dd4:	01099b93          	slli	s7,s3,0x10
80002dd8:	0f9000ef          	jal	800036d0 <__hidden___udivsi3>
80002ddc:	010bdb93          	srli	s7,s7,0x10
80002de0:	00050593          	mv	a1,a0
80002de4:	00050c13          	mv	s8,a0
80002de8:	000b8513          	mv	a0,s7
80002dec:	0b9000ef          	jal	800036a4 <__mulsi3>
80002df0:	00050a93          	mv	s5,a0
80002df4:	000b0593          	mv	a1,s6
80002df8:	000a0513          	mv	a0,s4
80002dfc:	11d000ef          	jal	80003718 <__umodsi3>
80002e00:	01051513          	slli	a0,a0,0x10
80002e04:	0104d713          	srli	a4,s1,0x10
80002e08:	00a76733          	or	a4,a4,a0
80002e0c:	000c0a13          	mv	s4,s8
80002e10:	01577e63          	bgeu	a4,s5,80002e2c <__udivdi3+0x220>
80002e14:	00e98733          	add	a4,s3,a4
80002e18:	fffc0a13          	addi	s4,s8,-1
80002e1c:	01376863          	bltu	a4,s3,80002e2c <__udivdi3+0x220>
80002e20:	01577663          	bgeu	a4,s5,80002e2c <__udivdi3+0x220>
80002e24:	ffec0a13          	addi	s4,s8,-2
80002e28:	01370733          	add	a4,a4,s3
80002e2c:	41570433          	sub	s0,a4,s5
80002e30:	000b0593          	mv	a1,s6
80002e34:	00040513          	mv	a0,s0
80002e38:	099000ef          	jal	800036d0 <__hidden___udivsi3>
80002e3c:	00050593          	mv	a1,a0
80002e40:	00050a93          	mv	s5,a0
80002e44:	000b8513          	mv	a0,s7
80002e48:	05d000ef          	jal	800036a4 <__mulsi3>
80002e4c:	00050b93          	mv	s7,a0
80002e50:	000b0593          	mv	a1,s6
80002e54:	00040513          	mv	a0,s0
80002e58:	0c1000ef          	jal	80003718 <__umodsi3>
80002e5c:	01049493          	slli	s1,s1,0x10
80002e60:	01051513          	slli	a0,a0,0x10
80002e64:	0104d493          	srli	s1,s1,0x10
80002e68:	00a4e4b3          	or	s1,s1,a0
80002e6c:	000a8713          	mv	a4,s5
80002e70:	0174fc63          	bgeu	s1,s7,80002e88 <__udivdi3+0x27c>
80002e74:	009984b3          	add	s1,s3,s1
80002e78:	fffa8713          	addi	a4,s5,-1
80002e7c:	0134e663          	bltu	s1,s3,80002e88 <__udivdi3+0x27c>
80002e80:	0174f463          	bgeu	s1,s7,80002e88 <__udivdi3+0x27c>
80002e84:	ffea8713          	addi	a4,s5,-2
80002e88:	010a1793          	slli	a5,s4,0x10
80002e8c:	00e7e7b3          	or	a5,a5,a4
80002e90:	02c12083          	lw	ra,44(sp)
80002e94:	02812403          	lw	s0,40(sp)
80002e98:	02412483          	lw	s1,36(sp)
80002e9c:	01c12983          	lw	s3,28(sp)
80002ea0:	01812a03          	lw	s4,24(sp)
80002ea4:	01412a83          	lw	s5,20(sp)
80002ea8:	01012b03          	lw	s6,16(sp)
80002eac:	00c12b83          	lw	s7,12(sp)
80002eb0:	00812c03          	lw	s8,8(sp)
80002eb4:	00412c83          	lw	s9,4(sp)
80002eb8:	00012d03          	lw	s10,0(sp)
80002ebc:	00090593          	mv	a1,s2
80002ec0:	00078513          	mv	a0,a5
80002ec4:	02012903          	lw	s2,32(sp)
80002ec8:	03010113          	addi	sp,sp,48
80002ecc:	00008067          	ret
80002ed0:	010006b7          	lui	a3,0x1000
80002ed4:	01800713          	li	a4,24
80002ed8:	ecd676e3          	bgeu	a2,a3,80002da4 <__udivdi3+0x198>
80002edc:	01000713          	li	a4,16
80002ee0:	ec5ff06f          	j	80002da4 <__udivdi3+0x198>
80002ee4:	00e619b3          	sll	s3,a2,a4
80002ee8:	00f5d933          	srl	s2,a1,a5
80002eec:	0109db93          	srli	s7,s3,0x10
80002ef0:	00e595b3          	sll	a1,a1,a4
80002ef4:	00fa57b3          	srl	a5,s4,a5
80002ef8:	00b7eab3          	or	s5,a5,a1
80002efc:	00ea14b3          	sll	s1,s4,a4
80002f00:	000b8593          	mv	a1,s7
80002f04:	00090513          	mv	a0,s2
80002f08:	01099a13          	slli	s4,s3,0x10
80002f0c:	7c4000ef          	jal	800036d0 <__hidden___udivsi3>
80002f10:	010a5a13          	srli	s4,s4,0x10
80002f14:	00050593          	mv	a1,a0
80002f18:	00050b13          	mv	s6,a0
80002f1c:	000a0513          	mv	a0,s4
80002f20:	784000ef          	jal	800036a4 <__mulsi3>
80002f24:	00050413          	mv	s0,a0
80002f28:	000b8593          	mv	a1,s7
80002f2c:	00090513          	mv	a0,s2
80002f30:	7e8000ef          	jal	80003718 <__umodsi3>
80002f34:	01051513          	slli	a0,a0,0x10
80002f38:	010ad713          	srli	a4,s5,0x10
80002f3c:	00a76733          	or	a4,a4,a0
80002f40:	000b0913          	mv	s2,s6
80002f44:	00877e63          	bgeu	a4,s0,80002f60 <__udivdi3+0x354>
80002f48:	00e98733          	add	a4,s3,a4
80002f4c:	fffb0913          	addi	s2,s6,-1
80002f50:	01376863          	bltu	a4,s3,80002f60 <__udivdi3+0x354>
80002f54:	00877663          	bgeu	a4,s0,80002f60 <__udivdi3+0x354>
80002f58:	ffeb0913          	addi	s2,s6,-2
80002f5c:	01370733          	add	a4,a4,s3
80002f60:	40870433          	sub	s0,a4,s0
80002f64:	000b8593          	mv	a1,s7
80002f68:	00040513          	mv	a0,s0
80002f6c:	764000ef          	jal	800036d0 <__hidden___udivsi3>
80002f70:	00050593          	mv	a1,a0
80002f74:	00050b13          	mv	s6,a0
80002f78:	000a0513          	mv	a0,s4
80002f7c:	728000ef          	jal	800036a4 <__mulsi3>
80002f80:	00050a13          	mv	s4,a0
80002f84:	000b8593          	mv	a1,s7
80002f88:	00040513          	mv	a0,s0
80002f8c:	78c000ef          	jal	80003718 <__umodsi3>
80002f90:	010a9793          	slli	a5,s5,0x10
80002f94:	01051513          	slli	a0,a0,0x10
80002f98:	0107d793          	srli	a5,a5,0x10
80002f9c:	00a7e7b3          	or	a5,a5,a0
80002fa0:	000b0713          	mv	a4,s6
80002fa4:	0147fe63          	bgeu	a5,s4,80002fc0 <__udivdi3+0x3b4>
80002fa8:	00f987b3          	add	a5,s3,a5
80002fac:	fffb0713          	addi	a4,s6,-1
80002fb0:	0137e863          	bltu	a5,s3,80002fc0 <__udivdi3+0x3b4>
80002fb4:	0147f663          	bgeu	a5,s4,80002fc0 <__udivdi3+0x3b4>
80002fb8:	ffeb0713          	addi	a4,s6,-2
80002fbc:	013787b3          	add	a5,a5,s3
80002fc0:	01091913          	slli	s2,s2,0x10
80002fc4:	41478a33          	sub	s4,a5,s4
80002fc8:	00e96933          	or	s2,s2,a4
80002fcc:	dfdff06f          	j	80002dc8 <__udivdi3+0x1bc>
80002fd0:	1ed5ec63          	bltu	a1,a3,800031c8 <__udivdi3+0x5bc>
80002fd4:	000107b7          	lui	a5,0x10
80002fd8:	04f6f463          	bgeu	a3,a5,80003020 <__udivdi3+0x414>
80002fdc:	1006b713          	sltiu	a4,a3,256
80002fe0:	00173713          	seqz	a4,a4
80002fe4:	00371713          	slli	a4,a4,0x3
80002fe8:	800047b7          	lui	a5,0x80004
80002fec:	00e6d533          	srl	a0,a3,a4
80002ff0:	a0478793          	addi	a5,a5,-1532 # 80003a04 <__clz_tab>
80002ff4:	00a787b3          	add	a5,a5,a0
80002ff8:	0007c803          	lbu	a6,0(a5)
80002ffc:	02000793          	li	a5,32
80003000:	00e80833          	add	a6,a6,a4
80003004:	41078933          	sub	s2,a5,a6
80003008:	03079663          	bne	a5,a6,80003034 <__udivdi3+0x428>
8000300c:	00100793          	li	a5,1
80003010:	e8b6e0e3          	bltu	a3,a1,80002e90 <__udivdi3+0x284>
80003014:	00ca37b3          	sltu	a5,s4,a2
80003018:	0017b793          	seqz	a5,a5
8000301c:	e75ff06f          	j	80002e90 <__udivdi3+0x284>
80003020:	010007b7          	lui	a5,0x1000
80003024:	01800713          	li	a4,24
80003028:	fcf6f0e3          	bgeu	a3,a5,80002fe8 <__udivdi3+0x3dc>
8000302c:	01000713          	li	a4,16
80003030:	fb9ff06f          	j	80002fe8 <__udivdi3+0x3dc>
80003034:	012696b3          	sll	a3,a3,s2
80003038:	01065ab3          	srl	s5,a2,a6
8000303c:	00daeab3          	or	s5,s5,a3
80003040:	0105d9b3          	srl	s3,a1,a6
80003044:	010adc13          	srli	s8,s5,0x10
80003048:	010a5833          	srl	a6,s4,a6
8000304c:	012595b3          	sll	a1,a1,s2
80003050:	00b864b3          	or	s1,a6,a1
80003054:	010a9b93          	slli	s7,s5,0x10
80003058:	000c0593          	mv	a1,s8
8000305c:	00098513          	mv	a0,s3
80003060:	01261433          	sll	s0,a2,s2
80003064:	010bdb93          	srli	s7,s7,0x10
80003068:	668000ef          	jal	800036d0 <__hidden___udivsi3>
8000306c:	00050593          	mv	a1,a0
80003070:	00050d13          	mv	s10,a0
80003074:	000b8513          	mv	a0,s7
80003078:	62c000ef          	jal	800036a4 <__mulsi3>
8000307c:	00050c93          	mv	s9,a0
80003080:	000c0593          	mv	a1,s8
80003084:	00098513          	mv	a0,s3
80003088:	690000ef          	jal	80003718 <__umodsi3>
8000308c:	01051513          	slli	a0,a0,0x10
80003090:	0104d693          	srli	a3,s1,0x10
80003094:	00a6e6b3          	or	a3,a3,a0
80003098:	000d0b13          	mv	s6,s10
8000309c:	0196fe63          	bgeu	a3,s9,800030b8 <__udivdi3+0x4ac>
800030a0:	00da86b3          	add	a3,s5,a3
800030a4:	fffd0b13          	addi	s6,s10,-1
800030a8:	0156e863          	bltu	a3,s5,800030b8 <__udivdi3+0x4ac>
800030ac:	0196f663          	bgeu	a3,s9,800030b8 <__udivdi3+0x4ac>
800030b0:	ffed0b13          	addi	s6,s10,-2
800030b4:	015686b3          	add	a3,a3,s5
800030b8:	419689b3          	sub	s3,a3,s9
800030bc:	000c0593          	mv	a1,s8
800030c0:	00098513          	mv	a0,s3
800030c4:	60c000ef          	jal	800036d0 <__hidden___udivsi3>
800030c8:	00050593          	mv	a1,a0
800030cc:	00050c93          	mv	s9,a0
800030d0:	000b8513          	mv	a0,s7
800030d4:	5d0000ef          	jal	800036a4 <__mulsi3>
800030d8:	00050b93          	mv	s7,a0
800030dc:	000c0593          	mv	a1,s8
800030e0:	00098513          	mv	a0,s3
800030e4:	634000ef          	jal	80003718 <__umodsi3>
800030e8:	01049713          	slli	a4,s1,0x10
800030ec:	01051513          	slli	a0,a0,0x10
800030f0:	01075713          	srli	a4,a4,0x10
800030f4:	00a76733          	or	a4,a4,a0
800030f8:	000c8693          	mv	a3,s9
800030fc:	01777e63          	bgeu	a4,s7,80003118 <__udivdi3+0x50c>
80003100:	00ea8733          	add	a4,s5,a4
80003104:	fffc8693          	addi	a3,s9,-1
80003108:	01576863          	bltu	a4,s5,80003118 <__udivdi3+0x50c>
8000310c:	01777663          	bgeu	a4,s7,80003118 <__udivdi3+0x50c>
80003110:	ffec8693          	addi	a3,s9,-2
80003114:	01570733          	add	a4,a4,s5
80003118:	010b1793          	slli	a5,s6,0x10
8000311c:	01069813          	slli	a6,a3,0x10
80003120:	01041313          	slli	t1,s0,0x10
80003124:	00d7e7b3          	or	a5,a5,a3
80003128:	01085813          	srli	a6,a6,0x10
8000312c:	01035313          	srli	t1,t1,0x10
80003130:	41770733          	sub	a4,a4,s7
80003134:	0107de13          	srli	t3,a5,0x10
80003138:	01045413          	srli	s0,s0,0x10
8000313c:	00080513          	mv	a0,a6
80003140:	00030593          	mv	a1,t1
80003144:	560000ef          	jal	800036a4 <__mulsi3>
80003148:	00050893          	mv	a7,a0
8000314c:	00040593          	mv	a1,s0
80003150:	00080513          	mv	a0,a6
80003154:	550000ef          	jal	800036a4 <__mulsi3>
80003158:	00050813          	mv	a6,a0
8000315c:	00030593          	mv	a1,t1
80003160:	000e0513          	mv	a0,t3
80003164:	540000ef          	jal	800036a4 <__mulsi3>
80003168:	00050313          	mv	t1,a0
8000316c:	00040593          	mv	a1,s0
80003170:	000e0513          	mv	a0,t3
80003174:	530000ef          	jal	800036a4 <__mulsi3>
80003178:	0108d693          	srli	a3,a7,0x10
8000317c:	00680833          	add	a6,a6,t1
80003180:	010686b3          	add	a3,a3,a6
80003184:	00050613          	mv	a2,a0
80003188:	0066f663          	bgeu	a3,t1,80003194 <__udivdi3+0x588>
8000318c:	000105b7          	lui	a1,0x10
80003190:	00b50633          	add	a2,a0,a1
80003194:	0106d593          	srli	a1,a3,0x10
80003198:	00c58633          	add	a2,a1,a2
8000319c:	02c76263          	bltu	a4,a2,800031c0 <__udivdi3+0x5b4>
800031a0:	bcc716e3          	bne	a4,a2,80002d6c <__udivdi3+0x160>
800031a4:	01089893          	slli	a7,a7,0x10
800031a8:	01069693          	slli	a3,a3,0x10
800031ac:	0108d893          	srli	a7,a7,0x10
800031b0:	012a1733          	sll	a4,s4,s2
800031b4:	011686b3          	add	a3,a3,a7
800031b8:	00000913          	li	s2,0
800031bc:	ccd77ae3          	bgeu	a4,a3,80002e90 <__udivdi3+0x284>
800031c0:	fff78793          	addi	a5,a5,-1 # ffffff <buflen.1+0xffffbf>
800031c4:	ba9ff06f          	j	80002d6c <__udivdi3+0x160>
800031c8:	00000913          	li	s2,0
800031cc:	00000793          	li	a5,0
800031d0:	cc1ff06f          	j	80002e90 <__udivdi3+0x284>

800031d4 <__umoddi3>:
800031d4:	fd010113          	addi	sp,sp,-48
800031d8:	02812423          	sw	s0,40(sp)
800031dc:	02912223          	sw	s1,36(sp)
800031e0:	02112623          	sw	ra,44(sp)
800031e4:	03212023          	sw	s2,32(sp)
800031e8:	01312e23          	sw	s3,28(sp)
800031ec:	01412c23          	sw	s4,24(sp)
800031f0:	01512a23          	sw	s5,20(sp)
800031f4:	01612823          	sw	s6,16(sp)
800031f8:	01712623          	sw	s7,12(sp)
800031fc:	01812423          	sw	s8,8(sp)
80003200:	01912223          	sw	s9,4(sp)
80003204:	01a12023          	sw	s10,0(sp)
80003208:	00050413          	mv	s0,a0
8000320c:	00058493          	mv	s1,a1
80003210:	24069c63          	bnez	a3,80003468 <__umoddi3+0x294>
80003214:	800047b7          	lui	a5,0x80004
80003218:	00060993          	mv	s3,a2
8000321c:	a0478793          	addi	a5,a5,-1532 # 80003a04 <__clz_tab>
80003220:	12c5fe63          	bgeu	a1,a2,8000335c <__umoddi3+0x188>
80003224:	00010737          	lui	a4,0x10
80003228:	12e67063          	bgeu	a2,a4,80003348 <__umoddi3+0x174>
8000322c:	10063713          	sltiu	a4,a2,256
80003230:	00173713          	seqz	a4,a4
80003234:	00371713          	slli	a4,a4,0x3
80003238:	00e656b3          	srl	a3,a2,a4
8000323c:	00d787b3          	add	a5,a5,a3
80003240:	0007c783          	lbu	a5,0(a5)
80003244:	00e787b3          	add	a5,a5,a4
80003248:	02000713          	li	a4,32
8000324c:	40f70933          	sub	s2,a4,a5
80003250:	00f70c63          	beq	a4,a5,80003268 <__umoddi3+0x94>
80003254:	012594b3          	sll	s1,a1,s2
80003258:	00f557b3          	srl	a5,a0,a5
8000325c:	012619b3          	sll	s3,a2,s2
80003260:	0097e4b3          	or	s1,a5,s1
80003264:	01251433          	sll	s0,a0,s2
80003268:	0109da93          	srli	s5,s3,0x10
8000326c:	000a8593          	mv	a1,s5
80003270:	01099b13          	slli	s6,s3,0x10
80003274:	00048513          	mv	a0,s1
80003278:	458000ef          	jal	800036d0 <__hidden___udivsi3>
8000327c:	010b5b13          	srli	s6,s6,0x10
80003280:	000b0593          	mv	a1,s6
80003284:	420000ef          	jal	800036a4 <__mulsi3>
80003288:	00050a13          	mv	s4,a0
8000328c:	000a8593          	mv	a1,s5
80003290:	00048513          	mv	a0,s1
80003294:	484000ef          	jal	80003718 <__umodsi3>
80003298:	01051513          	slli	a0,a0,0x10
8000329c:	01045793          	srli	a5,s0,0x10
800032a0:	00a7e7b3          	or	a5,a5,a0
800032a4:	0147fa63          	bgeu	a5,s4,800032b8 <__umoddi3+0xe4>
800032a8:	00f987b3          	add	a5,s3,a5
800032ac:	0137e663          	bltu	a5,s3,800032b8 <__umoddi3+0xe4>
800032b0:	0147f463          	bgeu	a5,s4,800032b8 <__umoddi3+0xe4>
800032b4:	013787b3          	add	a5,a5,s3
800032b8:	414784b3          	sub	s1,a5,s4
800032bc:	000a8593          	mv	a1,s5
800032c0:	00048513          	mv	a0,s1
800032c4:	40c000ef          	jal	800036d0 <__hidden___udivsi3>
800032c8:	000b0593          	mv	a1,s6
800032cc:	3d8000ef          	jal	800036a4 <__mulsi3>
800032d0:	00050a13          	mv	s4,a0
800032d4:	000a8593          	mv	a1,s5
800032d8:	00048513          	mv	a0,s1
800032dc:	43c000ef          	jal	80003718 <__umodsi3>
800032e0:	01041413          	slli	s0,s0,0x10
800032e4:	01051513          	slli	a0,a0,0x10
800032e8:	01045413          	srli	s0,s0,0x10
800032ec:	00a46433          	or	s0,s0,a0
800032f0:	01447a63          	bgeu	s0,s4,80003304 <__umoddi3+0x130>
800032f4:	00898433          	add	s0,s3,s0
800032f8:	01346663          	bltu	s0,s3,80003304 <__umoddi3+0x130>
800032fc:	01447463          	bgeu	s0,s4,80003304 <__umoddi3+0x130>
80003300:	01340433          	add	s0,s0,s3
80003304:	41440433          	sub	s0,s0,s4
80003308:	01245533          	srl	a0,s0,s2
8000330c:	00000593          	li	a1,0
80003310:	02c12083          	lw	ra,44(sp)
80003314:	02812403          	lw	s0,40(sp)
80003318:	02412483          	lw	s1,36(sp)
8000331c:	02012903          	lw	s2,32(sp)
80003320:	01c12983          	lw	s3,28(sp)
80003324:	01812a03          	lw	s4,24(sp)
80003328:	01412a83          	lw	s5,20(sp)
8000332c:	01012b03          	lw	s6,16(sp)
80003330:	00c12b83          	lw	s7,12(sp)
80003334:	00812c03          	lw	s8,8(sp)
80003338:	00412c83          	lw	s9,4(sp)
8000333c:	00012d03          	lw	s10,0(sp)
80003340:	03010113          	addi	sp,sp,48
80003344:	00008067          	ret
80003348:	010006b7          	lui	a3,0x1000
8000334c:	01800713          	li	a4,24
80003350:	eed674e3          	bgeu	a2,a3,80003238 <__umoddi3+0x64>
80003354:	01000713          	li	a4,16
80003358:	ee1ff06f          	j	80003238 <__umoddi3+0x64>
8000335c:	00000713          	li	a4,0
80003360:	00060c63          	beqz	a2,80003378 <__umoddi3+0x1a4>
80003364:	00010737          	lui	a4,0x10
80003368:	0ee67663          	bgeu	a2,a4,80003454 <__umoddi3+0x280>
8000336c:	10063713          	sltiu	a4,a2,256
80003370:	00173713          	seqz	a4,a4
80003374:	00371713          	slli	a4,a4,0x3
80003378:	00e656b3          	srl	a3,a2,a4
8000337c:	00d787b3          	add	a5,a5,a3
80003380:	0007c783          	lbu	a5,0(a5)
80003384:	40c584b3          	sub	s1,a1,a2
80003388:	00e787b3          	add	a5,a5,a4
8000338c:	02000713          	li	a4,32
80003390:	40f70933          	sub	s2,a4,a5
80003394:	ecf70ae3          	beq	a4,a5,80003268 <__umoddi3+0x94>
80003398:	012619b3          	sll	s3,a2,s2
8000339c:	00f5dbb3          	srl	s7,a1,a5
800033a0:	0109db13          	srli	s6,s3,0x10
800033a4:	00f557b3          	srl	a5,a0,a5
800033a8:	012595b3          	sll	a1,a1,s2
800033ac:	00b7ea33          	or	s4,a5,a1
800033b0:	01251433          	sll	s0,a0,s2
800033b4:	000b0593          	mv	a1,s6
800033b8:	01099a93          	slli	s5,s3,0x10
800033bc:	000b8513          	mv	a0,s7
800033c0:	310000ef          	jal	800036d0 <__hidden___udivsi3>
800033c4:	010ada93          	srli	s5,s5,0x10
800033c8:	000a8593          	mv	a1,s5
800033cc:	2d8000ef          	jal	800036a4 <__mulsi3>
800033d0:	00050493          	mv	s1,a0
800033d4:	000b0593          	mv	a1,s6
800033d8:	000b8513          	mv	a0,s7
800033dc:	33c000ef          	jal	80003718 <__umodsi3>
800033e0:	01051513          	slli	a0,a0,0x10
800033e4:	010a5713          	srli	a4,s4,0x10
800033e8:	00a76733          	or	a4,a4,a0
800033ec:	00977a63          	bgeu	a4,s1,80003400 <__umoddi3+0x22c>
800033f0:	00e98733          	add	a4,s3,a4
800033f4:	01376663          	bltu	a4,s3,80003400 <__umoddi3+0x22c>
800033f8:	00977463          	bgeu	a4,s1,80003400 <__umoddi3+0x22c>
800033fc:	01370733          	add	a4,a4,s3
80003400:	409704b3          	sub	s1,a4,s1
80003404:	000b0593          	mv	a1,s6
80003408:	00048513          	mv	a0,s1
8000340c:	2c4000ef          	jal	800036d0 <__hidden___udivsi3>
80003410:	000a8593          	mv	a1,s5
80003414:	290000ef          	jal	800036a4 <__mulsi3>
80003418:	00050a93          	mv	s5,a0
8000341c:	000b0593          	mv	a1,s6
80003420:	00048513          	mv	a0,s1
80003424:	2f4000ef          	jal	80003718 <__umodsi3>
80003428:	010a1793          	slli	a5,s4,0x10
8000342c:	01051513          	slli	a0,a0,0x10
80003430:	0107d793          	srli	a5,a5,0x10
80003434:	00a7e7b3          	or	a5,a5,a0
80003438:	0157fa63          	bgeu	a5,s5,8000344c <__umoddi3+0x278>
8000343c:	00f987b3          	add	a5,s3,a5
80003440:	0137e663          	bltu	a5,s3,8000344c <__umoddi3+0x278>
80003444:	0157f463          	bgeu	a5,s5,8000344c <__umoddi3+0x278>
80003448:	013787b3          	add	a5,a5,s3
8000344c:	415784b3          	sub	s1,a5,s5
80003450:	e19ff06f          	j	80003268 <__umoddi3+0x94>
80003454:	010006b7          	lui	a3,0x1000
80003458:	01800713          	li	a4,24
8000345c:	f0d67ee3          	bgeu	a2,a3,80003378 <__umoddi3+0x1a4>
80003460:	01000713          	li	a4,16
80003464:	f15ff06f          	j	80003378 <__umoddi3+0x1a4>
80003468:	ead5e4e3          	bltu	a1,a3,80003310 <__umoddi3+0x13c>
8000346c:	000107b7          	lui	a5,0x10
80003470:	04f6fe63          	bgeu	a3,a5,800034cc <__umoddi3+0x2f8>
80003474:	1006b793          	sltiu	a5,a3,256
80003478:	0017b793          	seqz	a5,a5
8000347c:	00379793          	slli	a5,a5,0x3
80003480:	80004737          	lui	a4,0x80004
80003484:	00f6d833          	srl	a6,a3,a5
80003488:	a0470713          	addi	a4,a4,-1532 # 80003a04 <__clz_tab>
8000348c:	01070733          	add	a4,a4,a6
80003490:	00074a83          	lbu	s5,0(a4)
80003494:	00fa8ab3          	add	s5,s5,a5
80003498:	02000793          	li	a5,32
8000349c:	41578a33          	sub	s4,a5,s5
800034a0:	05579063          	bne	a5,s5,800034e0 <__umoddi3+0x30c>
800034a4:	00b6e463          	bltu	a3,a1,800034ac <__umoddi3+0x2d8>
800034a8:	00c56c63          	bltu	a0,a2,800034c0 <__umoddi3+0x2ec>
800034ac:	40c50933          	sub	s2,a0,a2
800034b0:	40d586b3          	sub	a3,a1,a3
800034b4:	012534b3          	sltu	s1,a0,s2
800034b8:	00090413          	mv	s0,s2
800034bc:	409684b3          	sub	s1,a3,s1
800034c0:	00040513          	mv	a0,s0
800034c4:	00048593          	mv	a1,s1
800034c8:	e49ff06f          	j	80003310 <__umoddi3+0x13c>
800034cc:	01000737          	lui	a4,0x1000
800034d0:	01800793          	li	a5,24
800034d4:	fae6f6e3          	bgeu	a3,a4,80003480 <__umoddi3+0x2ac>
800034d8:	01000793          	li	a5,16
800034dc:	fa5ff06f          	j	80003480 <__umoddi3+0x2ac>
800034e0:	014696b3          	sll	a3,a3,s4
800034e4:	01565b33          	srl	s6,a2,s5
800034e8:	00db6b33          	or	s6,s6,a3
800034ec:	0155dbb3          	srl	s7,a1,s5
800034f0:	01555433          	srl	s0,a0,s5
800034f4:	014595b3          	sll	a1,a1,s4
800034f8:	010b5493          	srli	s1,s6,0x10
800034fc:	00b46433          	or	s0,s0,a1
80003500:	014519b3          	sll	s3,a0,s4
80003504:	00048593          	mv	a1,s1
80003508:	000b8513          	mv	a0,s7
8000350c:	010b1c13          	slli	s8,s6,0x10
80003510:	01461933          	sll	s2,a2,s4
80003514:	010c5c13          	srli	s8,s8,0x10
80003518:	1b8000ef          	jal	800036d0 <__hidden___udivsi3>
8000351c:	00050593          	mv	a1,a0
80003520:	00050d13          	mv	s10,a0
80003524:	000c0513          	mv	a0,s8
80003528:	17c000ef          	jal	800036a4 <__mulsi3>
8000352c:	00050c93          	mv	s9,a0
80003530:	00048593          	mv	a1,s1
80003534:	000b8513          	mv	a0,s7
80003538:	1e0000ef          	jal	80003718 <__umodsi3>
8000353c:	01051513          	slli	a0,a0,0x10
80003540:	01045793          	srli	a5,s0,0x10
80003544:	00a7e7b3          	or	a5,a5,a0
80003548:	000d0b93          	mv	s7,s10
8000354c:	0197fe63          	bgeu	a5,s9,80003568 <__umoddi3+0x394>
80003550:	00fb07b3          	add	a5,s6,a5
80003554:	fffd0b93          	addi	s7,s10,-1
80003558:	0167e863          	bltu	a5,s6,80003568 <__umoddi3+0x394>
8000355c:	0197f663          	bgeu	a5,s9,80003568 <__umoddi3+0x394>
80003560:	ffed0b93          	addi	s7,s10,-2
80003564:	016787b3          	add	a5,a5,s6
80003568:	41978cb3          	sub	s9,a5,s9
8000356c:	00048593          	mv	a1,s1
80003570:	000c8513          	mv	a0,s9
80003574:	15c000ef          	jal	800036d0 <__hidden___udivsi3>
80003578:	00050593          	mv	a1,a0
8000357c:	00050d13          	mv	s10,a0
80003580:	000c0513          	mv	a0,s8
80003584:	120000ef          	jal	800036a4 <__mulsi3>
80003588:	00048593          	mv	a1,s1
8000358c:	00050c13          	mv	s8,a0
80003590:	000c8513          	mv	a0,s9
80003594:	184000ef          	jal	80003718 <__umodsi3>
80003598:	01041593          	slli	a1,s0,0x10
8000359c:	01051513          	slli	a0,a0,0x10
800035a0:	0105d593          	srli	a1,a1,0x10
800035a4:	00a5e5b3          	or	a1,a1,a0
800035a8:	000d0793          	mv	a5,s10
800035ac:	0185fe63          	bgeu	a1,s8,800035c8 <__umoddi3+0x3f4>
800035b0:	00bb05b3          	add	a1,s6,a1
800035b4:	fffd0793          	addi	a5,s10,-1
800035b8:	0165e863          	bltu	a1,s6,800035c8 <__umoddi3+0x3f4>
800035bc:	0185f663          	bgeu	a1,s8,800035c8 <__umoddi3+0x3f4>
800035c0:	ffed0793          	addi	a5,s10,-2
800035c4:	016585b3          	add	a1,a1,s6
800035c8:	010b9b93          	slli	s7,s7,0x10
800035cc:	00fbebb3          	or	s7,s7,a5
800035d0:	01091893          	slli	a7,s2,0x10
800035d4:	01079793          	slli	a5,a5,0x10
800035d8:	0107d793          	srli	a5,a5,0x10
800035dc:	0108d893          	srli	a7,a7,0x10
800035e0:	418584b3          	sub	s1,a1,s8
800035e4:	010bdb93          	srli	s7,s7,0x10
800035e8:	01095713          	srli	a4,s2,0x10
800035ec:	00078513          	mv	a0,a5
800035f0:	00088593          	mv	a1,a7
800035f4:	0b0000ef          	jal	800036a4 <__mulsi3>
800035f8:	00050813          	mv	a6,a0
800035fc:	00070593          	mv	a1,a4
80003600:	00078513          	mv	a0,a5
80003604:	00070793          	mv	a5,a4
80003608:	09c000ef          	jal	800036a4 <__mulsi3>
8000360c:	00050713          	mv	a4,a0
80003610:	00088593          	mv	a1,a7
80003614:	000b8513          	mv	a0,s7
80003618:	08c000ef          	jal	800036a4 <__mulsi3>
8000361c:	00050893          	mv	a7,a0
80003620:	00078593          	mv	a1,a5
80003624:	000b8513          	mv	a0,s7
80003628:	07c000ef          	jal	800036a4 <__mulsi3>
8000362c:	01085793          	srli	a5,a6,0x10
80003630:	01170733          	add	a4,a4,a7
80003634:	00e787b3          	add	a5,a5,a4
80003638:	00050693          	mv	a3,a0
8000363c:	0117f663          	bgeu	a5,a7,80003648 <__umoddi3+0x474>
80003640:	00010737          	lui	a4,0x10
80003644:	00e506b3          	add	a3,a0,a4
80003648:	0107d713          	srli	a4,a5,0x10
8000364c:	01081813          	slli	a6,a6,0x10
80003650:	01079793          	slli	a5,a5,0x10
80003654:	01085813          	srli	a6,a6,0x10
80003658:	00d70733          	add	a4,a4,a3
8000365c:	010787b3          	add	a5,a5,a6
80003660:	00e4e663          	bltu	s1,a4,8000366c <__umoddi3+0x498>
80003664:	00e49e63          	bne	s1,a4,80003680 <__umoddi3+0x4ac>
80003668:	00f9fc63          	bgeu	s3,a5,80003680 <__umoddi3+0x4ac>
8000366c:	41278933          	sub	s2,a5,s2
80003670:	0127b6b3          	sltu	a3,a5,s2
80003674:	016686b3          	add	a3,a3,s6
80003678:	00090793          	mv	a5,s2
8000367c:	40d70733          	sub	a4,a4,a3
80003680:	40f987b3          	sub	a5,s3,a5
80003684:	00f9b9b3          	sltu	s3,s3,a5
80003688:	40e485b3          	sub	a1,s1,a4
8000368c:	413585b3          	sub	a1,a1,s3
80003690:	01559ab3          	sll	s5,a1,s5
80003694:	0147d7b3          	srl	a5,a5,s4
80003698:	00fae533          	or	a0,s5,a5
8000369c:	0145d5b3          	srl	a1,a1,s4
800036a0:	c71ff06f          	j	80003310 <__umoddi3+0x13c>

800036a4 <__mulsi3>:
800036a4:	00050613          	mv	a2,a0
800036a8:	00000513          	li	a0,0
800036ac:	0015f693          	andi	a3,a1,1
800036b0:	00068463          	beqz	a3,800036b8 <__mulsi3+0x14>
800036b4:	00c50533          	add	a0,a0,a2
800036b8:	0015d593          	srli	a1,a1,0x1
800036bc:	00161613          	slli	a2,a2,0x1
800036c0:	fe0596e3          	bnez	a1,800036ac <__mulsi3+0x8>
800036c4:	00008067          	ret

800036c8 <__divsi3>:
800036c8:	06054063          	bltz	a0,80003728 <__umodsi3+0x10>
800036cc:	0605c663          	bltz	a1,80003738 <__umodsi3+0x20>

800036d0 <__hidden___udivsi3>:
800036d0:	00058613          	mv	a2,a1
800036d4:	00050593          	mv	a1,a0
800036d8:	fff00513          	li	a0,-1
800036dc:	02060c63          	beqz	a2,80003714 <__hidden___udivsi3+0x44>
800036e0:	00100693          	li	a3,1
800036e4:	00b67a63          	bgeu	a2,a1,800036f8 <__hidden___udivsi3+0x28>
800036e8:	00c05863          	blez	a2,800036f8 <__hidden___udivsi3+0x28>
800036ec:	00161613          	slli	a2,a2,0x1
800036f0:	00169693          	slli	a3,a3,0x1
800036f4:	feb66ae3          	bltu	a2,a1,800036e8 <__hidden___udivsi3+0x18>
800036f8:	00000513          	li	a0,0
800036fc:	00c5e663          	bltu	a1,a2,80003708 <__hidden___udivsi3+0x38>
80003700:	40c585b3          	sub	a1,a1,a2
80003704:	00d56533          	or	a0,a0,a3
80003708:	0016d693          	srli	a3,a3,0x1
8000370c:	00165613          	srli	a2,a2,0x1
80003710:	fe0696e3          	bnez	a3,800036fc <__hidden___udivsi3+0x2c>
80003714:	00008067          	ret

80003718 <__umodsi3>:
80003718:	00008293          	mv	t0,ra
8000371c:	fb5ff0ef          	jal	800036d0 <__hidden___udivsi3>
80003720:	00058513          	mv	a0,a1
80003724:	00028067          	jr	t0
80003728:	40a00533          	neg	a0,a0
8000372c:	00b04863          	bgtz	a1,8000373c <__umodsi3+0x24>
80003730:	40b005b3          	neg	a1,a1
80003734:	f9dff06f          	j	800036d0 <__hidden___udivsi3>
80003738:	40b005b3          	neg	a1,a1
8000373c:	00008293          	mv	t0,ra
80003740:	f91ff0ef          	jal	800036d0 <__hidden___udivsi3>
80003744:	40a00533          	neg	a0,a0
80003748:	00028067          	jr	t0

8000374c <__modsi3>:
8000374c:	00008293          	mv	t0,ra
80003750:	0005ca63          	bltz	a1,80003764 <__modsi3+0x18>
80003754:	00054c63          	bltz	a0,8000376c <__modsi3+0x20>
80003758:	f79ff0ef          	jal	800036d0 <__hidden___udivsi3>
8000375c:	00058513          	mv	a0,a1
80003760:	00028067          	jr	t0
80003764:	40b005b3          	neg	a1,a1
80003768:	fe0558e3          	bgez	a0,80003758 <__modsi3+0xc>
8000376c:	40a00533          	neg	a0,a0
80003770:	f61ff0ef          	jal	800036d0 <__hidden___udivsi3>
80003774:	40b00533          	neg	a0,a1
80003778:	00028067          	jr	t0

Disassembly of section .text.startup:

8000377c <main>:
8000377c:	ffffd2b7          	lui	t0,0xffffd
80003780:	81010113          	addi	sp,sp,-2032
80003784:	96028293          	addi	t0,t0,-1696 # ffffc960 <__global_pointer$+0x7fff4728>
80003788:	7e112623          	sw	ra,2028(sp)
8000378c:	00100513          	li	a0,1
80003790:	00510133          	add	sp,sp,t0
80003794:	e2dfe0ef          	jal	800025c0 <setStats>
80003798:	00010793          	mv	a5,sp
8000379c:	00000717          	auipc	a4,0x0
800037a0:	41c70713          	addi	a4,a4,1052 # 80003bb8 <input_data>
800037a4:	00004697          	auipc	a3,0x4
800037a8:	29468693          	addi	a3,a3,660 # 80007a38 <counter_names>
800037ac:	00072803          	lw	a6,0(a4)
800037b0:	00472503          	lw	a0,4(a4)
800037b4:	00872583          	lw	a1,8(a4)
800037b8:	00c72603          	lw	a2,12(a4)
800037bc:	0107a023          	sw	a6,0(a5) # 10000 <buflen.1+0xffc0>
800037c0:	00a7a223          	sw	a0,4(a5)
800037c4:	00b7a423          	sw	a1,8(a5)
800037c8:	00c7a623          	sw	a2,12(a5)
800037cc:	01070713          	addi	a4,a4,16
800037d0:	01078793          	addi	a5,a5,16
800037d4:	fcd71ce3          	bne	a4,a3,800037ac <main+0x30>
800037d8:	00000513          	li	a0,0
800037dc:	de5fe0ef          	jal	800025c0 <setStats>
800037e0:	000018b7          	lui	a7,0x1
800037e4:	00010793          	mv	a5,sp
800037e8:	fa088893          	addi	a7,a7,-96 # fa0 <buflen.1+0xf60>
800037ec:	00000717          	auipc	a4,0x0
800037f0:	3cc70713          	addi	a4,a4,972 # 80003bb8 <input_data>
800037f4:	00000513          	li	a0,0
800037f8:	0007a603          	lw	a2,0(a5)
800037fc:	00072683          	lw	a3,0(a4)
80003800:	0047a803          	lw	a6,4(a5)
80003804:	00472583          	lw	a1,4(a4)
80003808:	02d61a63          	bne	a2,a3,8000383c <main+0xc0>
8000380c:	00250513          	addi	a0,a0,2
80003810:	00b81a63          	bne	a6,a1,80003824 <main+0xa8>
80003814:	00878793          	addi	a5,a5,8
80003818:	00870713          	addi	a4,a4,8
8000381c:	fd151ee3          	bne	a0,a7,800037f8 <main+0x7c>
80003820:	00000513          	li	a0,0
80003824:	000032b7          	lui	t0,0x3
80003828:	6a028293          	addi	t0,t0,1696 # 36a0 <buflen.1+0x3660>
8000382c:	00510133          	add	sp,sp,t0
80003830:	7ec12083          	lw	ra,2028(sp)
80003834:	7f010113          	addi	sp,sp,2032
80003838:	00008067          	ret
8000383c:	00150513          	addi	a0,a0,1
80003840:	fe5ff06f          	j	80003824 <main+0xa8>
80003844:	ff010113          	addi	sp,sp,-16
80003848:	00000517          	auipc	a0,0x0
8000384c:	04050513          	addi	a0,a0,64 # 80003888 <main+0x10c>
80003850:	00112623          	sw	ra,12(sp)
80003854:	e35fe0ef          	jal	80002688 <printstr>
80003858:	00c12083          	lw	ra,12(sp)
8000385c:	fff00513          	li	a0,-1
80003860:	01010113          	addi	sp,sp,16
80003864:	00008067          	ret

Disassembly of section .data:

80003bb8 <input_data>:
80003bb8:	0029                	.insn	2, 0x0029
80003bba:	0000                	.insn	2, 0x
80003bbc:	01c6                	.insn	2, 0x01c6
80003bbe:	0000                	.insn	2, 0x
80003bc0:	0341                	.insn	2, 0x0341
80003bc2:	0000                	.insn	2, 0x
80003bc4:	0000014f          	.insn	4, 0x014f
80003bc8:	0234                	.insn	2, 0x0234
80003bca:	0000                	.insn	2, 0x
80003bcc:	0001                	.insn	2, 0x0001
80003bce:	0000                	.insn	2, 0x
80003bd0:	000000bb          	.insn	4, 0x00bb
80003bd4:	03dd                	.insn	2, 0x03dd
80003bd6:	0000                	.insn	2, 0x
80003bd8:	02ed                	.insn	2, 0x02ed
80003bda:	0000                	.insn	2, 0x
80003bdc:	016d                	.insn	2, 0x016d
80003bde:	0000                	.insn	2, 0x
80003be0:	015e                	.insn	2, 0x015e
80003be2:	0000                	.insn	2, 0x
80003be4:	023c                	.insn	2, 0x023c
80003be6:	0000                	.insn	2, 0x
80003be8:	0084                	.insn	2, 0x0084
80003bea:	0000                	.insn	2, 0x
80003bec:	0040                	.insn	2, 0x0040
80003bee:	0000                	.insn	2, 0x
80003bf0:	03b5                	.insn	2, 0x03b5
80003bf2:	0000                	.insn	2, 0x
80003bf4:	0099                	.insn	2, 0x0099
80003bf6:	0000                	.insn	2, 0x
80003bf8:	0248                	.insn	2, 0x0248
80003bfa:	0000                	.insn	2, 0x
80003bfc:	00d8                	.insn	2, 0x00d8
80003bfe:	0000                	.insn	2, 0x
80003c00:	0325                	.insn	2, 0x0325
80003c02:	0000                	.insn	2, 0x
80003c04:	008c                	.insn	2, 0x008c
80003c06:	0000                	.insn	2, 0x
80003c08:	026d                	.insn	2, 0x026d
80003c0a:	0000                	.insn	2, 0x
80003c0c:	00d2                	.insn	2, 0x00d2
80003c0e:	0000                	.insn	2, 0x
80003c10:	0006                	.insn	2, 0x0006
80003c12:	0000                	.insn	2, 0x
80003c14:	023c                	.insn	2, 0x023c
80003c16:	0000                	.insn	2, 0x
80003c18:	000003a3          	sb	zero,7(zero) # 7 <buf.2+0x7>
80003c1c:	00000153          	.insn	4, 0x0153
80003c20:	037a                	.insn	2, 0x037a
80003c22:	0000                	.insn	2, 0x
80003c24:	0251                	.insn	2, 0x0251
80003c26:	0000                	.insn	2, 0x
80003c28:	0188                	.insn	2, 0x0188
80003c2a:	0000                	.insn	2, 0x
80003c2c:	0382                	.insn	2, 0x0382
80003c2e:	0000                	.insn	2, 0x
80003c30:	02b6                	.insn	2, 0x02b6
80003c32:	0000                	.insn	2, 0x
80003c34:	00e4                	.insn	2, 0x00e4
80003c36:	0000                	.insn	2, 0x
80003c38:	03c1                	.insn	2, 0x03c1
80003c3a:	0000                	.insn	2, 0x
80003c3c:	000c                	.insn	2, 0x000c
80003c3e:	0000                	.insn	2, 0x
80003c40:	006e                	.insn	2, 0x006e
80003c42:	0000                	.insn	2, 0x
80003c44:	00000373          	.insn	4, 0x0373
80003c48:	0074                	.insn	2, 0x0074
80003c4a:	0000                	.insn	2, 0x
80003c4c:	02ee                	.insn	2, 0x02ee
80003c4e:	0000                	.insn	2, 0x
80003c50:	0128                	.insn	2, 0x0128
80003c52:	0000                	.insn	2, 0x
80003c54:	0286                	.insn	2, 0x0286
80003c56:	0000                	.insn	2, 0x
80003c58:	01aa                	.insn	2, 0x01aa
80003c5a:	0000                	.insn	2, 0x
80003c5c:	01f4                	.insn	2, 0x01f4
80003c5e:	0000                	.insn	2, 0x
80003c60:	013a                	.insn	2, 0x013a
80003c62:	0000                	.insn	2, 0x
80003c64:	01b4                	.insn	2, 0x01b4
80003c66:	0000                	.insn	2, 0x
80003c68:	00000293          	li	t0,0
80003c6c:	02bd                	.insn	2, 0x02bd
80003c6e:	0000                	.insn	2, 0x
80003c70:	0306                	.insn	2, 0x0306
80003c72:	0000                	.insn	2, 0x
80003c74:	032c                	.insn	2, 0x032c
80003c76:	0000                	.insn	2, 0x
80003c78:	0000013f 000003d5 	.insn	8, 0x03d50000013f
80003c80:	02a6                	.insn	2, 0x02a6
80003c82:	0000                	.insn	2, 0x
80003c84:	0096                	.insn	2, 0x0096
80003c86:	0000                	.insn	2, 0x
80003c88:	0000036b          	.insn	4, 0x036b
80003c8c:	02b8                	.insn	2, 0x02b8
80003c8e:	0000                	.insn	2, 0x
80003c90:	0178                	.insn	2, 0x0178
80003c92:	0000                	.insn	2, 0x
80003c94:	0234                	.insn	2, 0x0234
80003c96:	0000                	.insn	2, 0x
80003c98:	01da                	.insn	2, 0x01da
80003c9a:	0000                	.insn	2, 0x
80003c9c:	0110                	.insn	2, 0x0110
80003c9e:	0000                	.insn	2, 0x
80003ca0:	03aa                	.insn	2, 0x03aa
80003ca2:	0000                	.insn	2, 0x
80003ca4:	0102                	.insn	2, 0x0102
80003ca6:	0000                	.insn	2, 0x
80003ca8:	0000021b          	.insn	4, 0x021b
80003cac:	00000287          	.insn	4, 0x0287
80003cb0:	0239                	.insn	2, 0x0239
80003cb2:	0000                	.insn	2, 0x
80003cb4:	01fd                	.insn	2, 0x01fd
80003cb6:	0000                	.insn	2, 0x
80003cb8:	000000cb          	.insn	4, 0x00cb
80003cbc:	0058                	.insn	2, 0x0058
80003cbe:	0000                	.insn	2, 0x
80003cc0:	0118                	.insn	2, 0x0118
80003cc2:	0000                	.insn	2, 0x
80003cc4:	000002bf 000002f7 	.insn	8, 0x02f7000002bf
80003ccc:	029d                	.insn	2, 0x029d
80003cce:	0000                	.insn	2, 0x
80003cd0:	025e                	.insn	2, 0x025e
80003cd2:	0000                	.insn	2, 0x
80003cd4:	00000177          	.insn	4, 0x0177
80003cd8:	01ff 0000 0227 0000 	.insn	10, 0x029100000227000001ff
80003ce0:	0291 
80003ce2:	0000                	.insn	2, 0x
80003ce4:	03a8                	.insn	2, 0x03a8
80003ce6:	0000                	.insn	2, 0x
80003ce8:	000000c3          	.insn	4, 0x00c3
80003cec:	0250                	.insn	2, 0x0250
80003cee:	0000                	.insn	2, 0x
80003cf0:	0051                	.insn	2, 0x0051
80003cf2:	0000                	.insn	2, 0x
80003cf4:	0239                	.insn	2, 0x0239
80003cf6:	0000                	.insn	2, 0x
80003cf8:	0000010b          	.insn	4, 0x010b
80003cfc:	03b8                	.insn	2, 0x03b8
80003cfe:	0000                	.insn	2, 0x
80003d00:	00e5                	.insn	2, 0x00e5
80003d02:	0000                	.insn	2, 0x
80003d04:	0320                	.insn	2, 0x0320
80003d06:	0000                	.insn	2, 0x
80003d08:	0151                	.insn	2, 0x0151
80003d0a:	0000                	.insn	2, 0x
80003d0c:	0248                	.insn	2, 0x0248
80003d0e:	0000                	.insn	2, 0x
80003d10:	03b0                	.insn	2, 0x03b0
80003d12:	0000                	.insn	2, 0x
80003d14:	00000283          	lb	t0,0(zero) # 0 <buf.2>
80003d18:	0386                	.insn	2, 0x0386
80003d1a:	0000                	.insn	2, 0x
80003d1c:	0170                	.insn	2, 0x0170
80003d1e:	0000                	.insn	2, 0x
80003d20:	00f1                	.insn	2, 0x00f1
80003d22:	0000                	.insn	2, 0x
80003d24:	01e9                	.insn	2, 0x01e9
80003d26:	0000                	.insn	2, 0x
80003d28:	0391                	.insn	2, 0x0391
80003d2a:	0000                	.insn	2, 0x
80003d2c:	0148                	.insn	2, 0x0148
80003d2e:	0000                	.insn	2, 0x
80003d30:	033a                	.insn	2, 0x033a
80003d32:	0000                	.insn	2, 0x
80003d34:	0139                	.insn	2, 0x0139
80003d36:	0000                	.insn	2, 0x
80003d38:	03a5                	.insn	2, 0x03a5
80003d3a:	0000                	.insn	2, 0x
80003d3c:	0250                	.insn	2, 0x0250
80003d3e:	0000                	.insn	2, 0x
80003d40:	03d9                	.insn	2, 0x03d9
80003d42:	0000                	.insn	2, 0x
80003d44:	0184                	.insn	2, 0x0184
80003d46:	0000                	.insn	2, 0x
80003d48:	000000c3          	.insn	4, 0x00c3
80003d4c:	021f 0000 03c0      	.insn	6, 0x03c00000021f
80003d52:	0000                	.insn	2, 0x
80003d54:	0289                	.insn	2, 0x0289
80003d56:	0000                	.insn	2, 0x
80003d58:	0236                	.insn	2, 0x0236
80003d5a:	0000                	.insn	2, 0x
80003d5c:	000003d3          	.insn	4, 0x03d3
80003d60:	015e                	.insn	2, 0x015e
80003d62:	0000                	.insn	2, 0x
80003d64:	03e5                	.insn	2, 0x03e5
80003d66:	0000                	.insn	2, 0x
80003d68:	0289                	.insn	2, 0x0289
80003d6a:	0000                	.insn	2, 0x
80003d6c:	032e                	.insn	2, 0x032e
80003d6e:	0000                	.insn	2, 0x
80003d70:	0291                	.insn	2, 0x0291
80003d72:	0000                	.insn	2, 0x
80003d74:	0000004f          	.insn	4, 0x004f
80003d78:	00b5                	.insn	2, 0x00b5
80003d7a:	0000                	.insn	2, 0x
80003d7c:	00d0                	.insn	2, 0x00d0
80003d7e:	0000                	.insn	2, 0x
80003d80:	0000006f          	j	80003d80 <input_data+0x1c8>
80003d84:	03e6                	.insn	2, 0x03e6
80003d86:	0000                	.insn	2, 0x
80003d88:	0000035b          	.insn	4, 0x035b
80003d8c:	0275                	.insn	2, 0x0275
80003d8e:	0000                	.insn	2, 0x
80003d90:	0041                	.insn	2, 0x0041
80003d92:	0000                	.insn	2, 0x
80003d94:	0000034f          	.insn	4, 0x034f
80003d98:	0120                	.insn	2, 0x0120
80003d9a:	0000                	.insn	2, 0x
80003d9c:	02c0                	.insn	2, 0x02c0
80003d9e:	0000                	.insn	2, 0x
80003da0:	015d                	.insn	2, 0x015d
80003da2:	0000                	.insn	2, 0x
80003da4:	03e5                	.insn	2, 0x03e5
80003da6:	0000                	.insn	2, 0x
80003da8:	008d                	.insn	2, 0x008d
80003daa:	0000                	.insn	2, 0x
80003dac:	00fd                	.insn	2, 0x00fd
80003dae:	0000                	.insn	2, 0x
80003db0:	0389                	.insn	2, 0x0389
80003db2:	0000                	.insn	2, 0x
80003db4:	000002cb          	.insn	4, 0x02cb
80003db8:	0376                	.insn	2, 0x0376
80003dba:	0000                	.insn	2, 0x
80003dbc:	01ae                	.insn	2, 0x01ae
80003dbe:	0000                	.insn	2, 0x
80003dc0:	0108                	.insn	2, 0x0108
80003dc2:	0000                	.insn	2, 0x
80003dc4:	019f 0000 0240      	.insn	6, 0x02400000019f
80003dca:	0000                	.insn	2, 0x
80003dcc:	021a                	.insn	2, 0x021a
80003dce:	0000                	.insn	2, 0x
80003dd0:	000003d3          	.insn	4, 0x03d3
80003dd4:	02bc                	.insn	2, 0x02bc
80003dd6:	0000                	.insn	2, 0x
80003dd8:	02f9                	.insn	2, 0x02f9
80003dda:	0000                	.insn	2, 0x
80003ddc:	0004                	.insn	2, 0x0004
80003dde:	0000                	.insn	2, 0x
80003de0:	00f1                	.insn	2, 0x00f1
80003de2:	0000                	.insn	2, 0x
80003de4:	01ee                	.insn	2, 0x01ee
80003de6:	0000                	.insn	2, 0x
80003de8:	01de                	.insn	2, 0x01de
80003dea:	0000                	.insn	2, 0x
80003dec:	0064                	.insn	2, 0x0064
80003dee:	0000                	.insn	2, 0x
80003df0:	000001f3          	.insn	4, 0x01f3
80003df4:	0360                	.insn	2, 0x0360
80003df6:	0000                	.insn	2, 0x
80003df8:	00000193          	li	gp,0
80003dfc:	02b5                	.insn	2, 0x02b5
80003dfe:	0000                	.insn	2, 0x
80003e00:	00de                	.insn	2, 0x00de
80003e02:	0000                	.insn	2, 0x
80003e04:	01a0                	.insn	2, 0x01a0
80003e06:	0000                	.insn	2, 0x
80003e08:	01bc                	.insn	2, 0x01bc
80003e0a:	0000                	.insn	2, 0x
80003e0c:	0128                	.insn	2, 0x0128
80003e0e:	0000                	.insn	2, 0x
80003e10:	02d1                	.insn	2, 0x02d1
80003e12:	0000                	.insn	2, 0x
80003e14:	011d                	.insn	2, 0x011d
80003e16:	0000                	.insn	2, 0x
80003e18:	02a4                	.insn	2, 0x02a4
80003e1a:	0000                	.insn	2, 0x
80003e1c:	026c                	.insn	2, 0x026c
80003e1e:	0000                	.insn	2, 0x
80003e20:	013d                	.insn	2, 0x013d
80003e22:	0000                	.insn	2, 0x
80003e24:	004e                	.insn	2, 0x004e
80003e26:	0000                	.insn	2, 0x
80003e28:	00e0                	.insn	2, 0x00e0
80003e2a:	0000                	.insn	2, 0x
80003e2c:	015f 0000 03a9      	.insn	6, 0x03a90000015f
80003e32:	0000                	.insn	2, 0x
80003e34:	021c                	.insn	2, 0x021c
80003e36:	0000                	.insn	2, 0x
80003e38:	0120                	.insn	2, 0x0120
80003e3a:	0000                	.insn	2, 0x
80003e3c:	0286                	.insn	2, 0x0286
80003e3e:	0000                	.insn	2, 0x
80003e40:	00000077          	.insn	4, 0x0077
80003e44:	00a9                	.insn	2, 0x00a9
80003e46:	0000                	.insn	2, 0x
80003e48:	00000267          	jalr	tp,zero # 0 <buf.2>
80003e4c:	0000020f          	.insn	4, 0x020f
80003e50:	025e                	.insn	2, 0x025e
80003e52:	0000                	.insn	2, 0x
80003e54:	0121                	.insn	2, 0x0121
80003e56:	0000                	.insn	2, 0x
80003e58:	0185                	.insn	2, 0x0185
80003e5a:	0000                	.insn	2, 0x
80003e5c:	031c                	.insn	2, 0x031c
80003e5e:	0000                	.insn	2, 0x
80003e60:	015f 0000 0321      	.insn	6, 0x03210000015f
80003e66:	0000                	.insn	2, 0x
80003e68:	000001c7          	.insn	4, 0x01c7
80003e6c:	02d0                	.insn	2, 0x02d0
80003e6e:	0000                	.insn	2, 0x
80003e70:	0116                	.insn	2, 0x0116
80003e72:	0000                	.insn	2, 0x
80003e74:	02f6                	.insn	2, 0x02f6
80003e76:	0000                	.insn	2, 0x
80003e78:	0000016f          	jal	sp,80003e78 <input_data+0x2c0>
80003e7c:	02e9                	.insn	2, 0x02e9
80003e7e:	0000                	.insn	2, 0x
80003e80:	0166                	.insn	2, 0x0166
80003e82:	0000                	.insn	2, 0x
80003e84:	005c                	.insn	2, 0x005c
80003e86:	0000                	.insn	2, 0x
80003e88:	0248                	.insn	2, 0x0248
80003e8a:	0000                	.insn	2, 0x
80003e8c:	03dd                	.insn	2, 0x03dd
80003e8e:	0000                	.insn	2, 0x
80003e90:	003e                	.insn	2, 0x003e
80003e92:	0000                	.insn	2, 0x
80003e94:	0000010f          	.insn	4, 0x010f
80003e98:	03d9                	.insn	2, 0x03d9
80003e9a:	0000                	.insn	2, 0x
80003e9c:	0355                	.insn	2, 0x0355
80003e9e:	0000                	.insn	2, 0x
80003ea0:	00000193          	li	gp,0
80003ea4:	0314                	.insn	2, 0x0314
80003ea6:	0000                	.insn	2, 0x
80003ea8:	015a                	.insn	2, 0x015a
80003eaa:	0000                	.insn	2, 0x
80003eac:	00000213          	li	tp,0
80003eb0:	0205                	.insn	2, 0x0205
80003eb2:	0000                	.insn	2, 0x
80003eb4:	00de                	.insn	2, 0x00de
80003eb6:	0000                	.insn	2, 0x
80003eb8:	0000022f          	.insn	4, 0x022f
80003ebc:	01cd                	.insn	2, 0x01cd
80003ebe:	0000                	.insn	2, 0x
80003ec0:	038c                	.insn	2, 0x038c
80003ec2:	0000                	.insn	2, 0x
80003ec4:	00f1                	.insn	2, 0x00f1
80003ec6:	0000                	.insn	2, 0x
80003ec8:	00000307          	.insn	4, 0x0307
80003ecc:	0166                	.insn	2, 0x0166
80003ece:	0000                	.insn	2, 0x
80003ed0:	00ff 0000 014c 0000 	.insn	10, 0x030a0000014c000000ff
80003ed8:	030a 
80003eda:	0000                	.insn	2, 0x
80003edc:	02ac                	.insn	2, 0x02ac
80003ede:	0000                	.insn	2, 0x
80003ee0:	0256                	.insn	2, 0x0256
80003ee2:	0000                	.insn	2, 0x
80003ee4:	02e4                	.insn	2, 0x02e4
80003ee6:	0000                	.insn	2, 0x
80003ee8:	0000008f          	.insn	4, 0x008f
80003eec:	01be                	.insn	2, 0x01be
80003eee:	0000                	.insn	2, 0x
80003ef0:	0021                	.insn	2, 0x0021
80003ef2:	0000                	.insn	2, 0x
80003ef4:	00000137          	lui	sp,0x0
80003ef8:	007d                	.insn	2, 0x007d
80003efa:	0000                	.insn	2, 0x
80003efc:	000002e7          	jalr	t0,zero # 0 <buf.2>
80003f00:	03ad                	.insn	2, 0x03ad
80003f02:	0000                	.insn	2, 0x
80003f04:	022d                	.insn	2, 0x022d
80003f06:	0000                	.insn	2, 0x
80003f08:	03a5                	.insn	2, 0x03a5
80003f0a:	0000                	.insn	2, 0x
80003f0c:	01df 0000 031f      	.insn	6, 0x031f000001df
80003f12:	0000                	.insn	2, 0x
80003f14:	022d                	.insn	2, 0x022d
80003f16:	0000                	.insn	2, 0x
80003f18:	0229                	.insn	2, 0x0229
80003f1a:	0000                	.insn	2, 0x
80003f1c:	039d                	.insn	2, 0x039d
80003f1e:	0000                	.insn	2, 0x
80003f20:	000001af          	.insn	4, 0x01af
80003f24:	031c                	.insn	2, 0x031c
80003f26:	0000                	.insn	2, 0x
80003f28:	0288                	.insn	2, 0x0288
80003f2a:	0000                	.insn	2, 0x
80003f2c:	0165                	.insn	2, 0x0165
80003f2e:	0000                	.insn	2, 0x
80003f30:	03b8                	.insn	2, 0x03b8
80003f32:	0000                	.insn	2, 0x
80003f34:	0000037b          	.insn	4, 0x037b
80003f38:	011f 0000 029a      	.insn	6, 0x029a0000011f
80003f3e:	0000                	.insn	2, 0x
80003f40:	00000013          	nop
80003f44:	0202                	.insn	2, 0x0202
80003f46:	0000                	.insn	2, 0x
80003f48:	0031                	.insn	2, 0x0031
80003f4a:	0000                	.insn	2, 0x
80003f4c:	022d                	.insn	2, 0x022d
80003f4e:	0000                	.insn	2, 0x
80003f50:	0056                	.insn	2, 0x0056
80003f52:	0000                	.insn	2, 0x
80003f54:	0366                	.insn	2, 0x0366
80003f56:	0000                	.insn	2, 0x
80003f58:	005f 0000 0355      	.insn	6, 0x03550000005f
80003f5e:	0000                	.insn	2, 0x
80003f60:	01b9                	.insn	2, 0x01b9
80003f62:	0000                	.insn	2, 0x
80003f64:	01b8                	.insn	2, 0x01b8
80003f66:	0000                	.insn	2, 0x
80003f68:	0000024b          	.insn	4, 0x024b
80003f6c:	003d                	.insn	2, 0x003d
80003f6e:	0000                	.insn	2, 0x
80003f70:	0266                	.insn	2, 0x0266
80003f72:	0000                	.insn	2, 0x
80003f74:	02a6                	.insn	2, 0x02a6
80003f76:	0000                	.insn	2, 0x
80003f78:	017e                	.insn	2, 0x017e
80003f7a:	0000                	.insn	2, 0x
80003f7c:	018c                	.insn	2, 0x018c
80003f7e:	0000                	.insn	2, 0x
80003f80:	0118                	.insn	2, 0x0118
80003f82:	0000                	.insn	2, 0x
80003f84:	0009                	.insn	2, 0x0009
80003f86:	0000                	.insn	2, 0x
80003f88:	0328                	.insn	2, 0x0328
80003f8a:	0000                	.insn	2, 0x
80003f8c:	0011                	.insn	2, 0x0011
80003f8e:	0000                	.insn	2, 0x
80003f90:	000003cb          	.insn	4, 0x03cb
80003f94:	00aa                	.insn	2, 0x00aa
80003f96:	0000                	.insn	2, 0x
80003f98:	00000333          	add	t1,zero,zero
80003f9c:	00000123          	sb	zero,2(zero) # 2 <buf.2+0x2>
80003fa0:	0158                	.insn	2, 0x0158
80003fa2:	0000                	.insn	2, 0x
80003fa4:	017c                	.insn	2, 0x017c
80003fa6:	0000                	.insn	2, 0x
80003fa8:	01c2                	.insn	2, 0x01c2
80003faa:	0000                	.insn	2, 0x
80003fac:	0218                	.insn	2, 0x0218
80003fae:	0000                	.insn	2, 0x
80003fb0:	0200                	.insn	2, 0x0200
80003fb2:	0000                	.insn	2, 0x
80003fb4:	00b9                	.insn	2, 0x00b9
80003fb6:	0000                	.insn	2, 0x
80003fb8:	03c5                	.insn	2, 0x03c5
80003fba:	0000                	.insn	2, 0x
80003fbc:	0395                	.insn	2, 0x0395
80003fbe:	0000                	.insn	2, 0x
80003fc0:	0000015b          	.insn	4, 0x015b
80003fc4:	0000021b          	.insn	4, 0x021b
80003fc8:	0328                	.insn	2, 0x0328
80003fca:	0000                	.insn	2, 0x
80003fcc:	000003d7          	.insn	4, 0x03d7
80003fd0:	0372                	.insn	2, 0x0372
80003fd2:	0000                	.insn	2, 0x
80003fd4:	00000377          	.insn	4, 0x0377
80003fd8:	0219                	.insn	2, 0x0219
80003fda:	0000                	.insn	2, 0x
80003fdc:	0036                	.insn	2, 0x0036
80003fde:	0000                	.insn	2, 0x
80003fe0:	03b2                	.insn	2, 0x03b2
80003fe2:	0000                	.insn	2, 0x
80003fe4:	0264                	.insn	2, 0x0264
80003fe6:	0000                	.insn	2, 0x
80003fe8:	02bd                	.insn	2, 0x02bd
80003fea:	0000                	.insn	2, 0x
80003fec:	000003b7          	lui	t2,0x0
80003ff0:	0164                	.insn	2, 0x0164
80003ff2:	0000                	.insn	2, 0x
80003ff4:	01df 0000 0237      	.insn	6, 0x0237000001df
80003ffa:	0000                	.insn	2, 0x
80003ffc:	00000097          	auipc	ra,0x0
80004000:	0000037b          	.insn	4, 0x037b
80004004:	00000007          	.insn	4, 0x0007
80004008:	0016                	.insn	2, 0x0016
8000400a:	0000                	.insn	2, 0x
8000400c:	0281                	.insn	2, 0x0281
8000400e:	0000                	.insn	2, 0x
80004010:	0238                	.insn	2, 0x0238
80004012:	0000                	.insn	2, 0x
80004014:	0000014f          	.insn	4, 0x014f
80004018:	0299                	.insn	2, 0x0299
8000401a:	0000                	.insn	2, 0x
8000401c:	02da                	.insn	2, 0x02da
8000401e:	0000                	.insn	2, 0x
80004020:	000001a7          	.insn	4, 0x01a7
80004024:	005f 0000 01b2      	.insn	6, 0x01b20000005f
8000402a:	0000                	.insn	2, 0x
8000402c:	02d8                	.insn	2, 0x02d8
8000402e:	0000                	.insn	2, 0x
80004030:	009e                	.insn	2, 0x009e
80004032:	0000                	.insn	2, 0x
80004034:	0118                	.insn	2, 0x0118
80004036:	0000                	.insn	2, 0x
80004038:	0002                	.insn	2, 0x0002
8000403a:	0000                	.insn	2, 0x
8000403c:	0000018b          	.insn	4, 0x018b
80004040:	0054                	.insn	2, 0x0054
80004042:	0000                	.insn	2, 0x
80004044:	02b0                	.insn	2, 0x02b0
80004046:	0000                	.insn	2, 0x
80004048:	000000f7          	.insn	4, 0x00f7
8000404c:	0000038f          	.insn	4, 0x038f
80004050:	0031                	.insn	2, 0x0031
80004052:	0000                	.insn	2, 0x
80004054:	01dc                	.insn	2, 0x01dc
80004056:	0000                	.insn	2, 0x
80004058:	000001b3          	add	gp,zero,zero
8000405c:	0000032f          	.insn	4, 0x032f
80004060:	0318                	.insn	2, 0x0318
80004062:	0000                	.insn	2, 0x
80004064:	02d9                	.insn	2, 0x02d9
80004066:	0000                	.insn	2, 0x
80004068:	0365                	.insn	2, 0x0365
8000406a:	0000                	.insn	2, 0x
8000406c:	0109                	.insn	2, 0x0109
8000406e:	0000                	.insn	2, 0x
80004070:	01e6                	.insn	2, 0x01e6
80004072:	0000                	.insn	2, 0x
80004074:	007f 0000 019e 0000 	.insn	10, 0x00ec0000019e0000007f
8000407c:	00ec 
8000407e:	0000                	.insn	2, 0x
80004080:	0171                	.insn	2, 0x0171
80004082:	0000                	.insn	2, 0x
80004084:	00d6                	.insn	2, 0x00d6
80004086:	0000                	.insn	2, 0x
80004088:	0224                	.insn	2, 0x0224
8000408a:	0000                	.insn	2, 0x
8000408c:	00b4                	.insn	2, 0x00b4
8000408e:	0000                	.insn	2, 0x
80004090:	0206                	.insn	2, 0x0206
80004092:	0000                	.insn	2, 0x
80004094:	0006                	.insn	2, 0x0006
80004096:	0000                	.insn	2, 0x
80004098:	0378                	.insn	2, 0x0378
8000409a:	0000                	.insn	2, 0x
8000409c:	000001f7          	.insn	4, 0x01f7
800040a0:	02aa                	.insn	2, 0x02aa
800040a2:	0000                	.insn	2, 0x
800040a4:	0254                	.insn	2, 0x0254
800040a6:	0000                	.insn	2, 0x
800040a8:	011c                	.insn	2, 0x011c
800040aa:	0000                	.insn	2, 0x
800040ac:	00ad                	.insn	2, 0x00ad
800040ae:	0000                	.insn	2, 0x
800040b0:	0108                	.insn	2, 0x0108
800040b2:	0000                	.insn	2, 0x
800040b4:	00000283          	lb	t0,0(zero) # 0 <buf.2>
800040b8:	000001f3          	.insn	4, 0x01f3
800040bc:	015a                	.insn	2, 0x015a
800040be:	0000                	.insn	2, 0x
800040c0:	0122                	.insn	2, 0x0122
800040c2:	0000                	.insn	2, 0x
800040c4:	00000257          	.insn	4, 0x0257
800040c8:	0381                	.insn	2, 0x0381
800040ca:	0000                	.insn	2, 0x
800040cc:	0044                	.insn	2, 0x0044
800040ce:	0000                	.insn	2, 0x
800040d0:	000000d7          	.insn	4, 0x00d7
800040d4:	0351                	.insn	2, 0x0351
800040d6:	0000                	.insn	2, 0x
800040d8:	000002db          	.insn	4, 0x02db
800040dc:	0292                	.insn	2, 0x0292
800040de:	0000                	.insn	2, 0x
800040e0:	02b0                	.insn	2, 0x02b0
800040e2:	0000                	.insn	2, 0x
800040e4:	0000026b          	.insn	4, 0x026b
800040e8:	000000fb          	.insn	4, 0x00fb
800040ec:	0079                	.insn	2, 0x0079
800040ee:	0000                	.insn	2, 0x
800040f0:	0312                	.insn	2, 0x0312
800040f2:	0000                	.insn	2, 0x
800040f4:	00000083          	lb	ra,0(zero) # 0 <buf.2>
800040f8:	0000022b          	.insn	4, 0x022b
800040fc:	033c                	.insn	2, 0x033c
800040fe:	0000                	.insn	2, 0x
80004100:	012e                	.insn	2, 0x012e
80004102:	0000                	.insn	2, 0x
80004104:	0000029b          	.insn	4, 0x029b
80004108:	0210                	.insn	2, 0x0210
8000410a:	0000                	.insn	2, 0x
8000410c:	01b1                	.insn	2, 0x01b1
8000410e:	0000                	.insn	2, 0x
80004110:	0220                	.insn	2, 0x0220
80004112:	0000                	.insn	2, 0x
80004114:	000001e7          	jalr	gp,zero # 0 <buf.2>
80004118:	0142                	.insn	2, 0x0142
8000411a:	0000                	.insn	2, 0x
8000411c:	02f1                	.insn	2, 0x02f1
8000411e:	0000                	.insn	2, 0x
80004120:	000003b3          	add	t2,zero,zero
80004124:	007d                	.insn	2, 0x007d
80004126:	0000                	.insn	2, 0x
80004128:	011f 0000 0272      	.insn	6, 0x02720000011f
8000412e:	0000                	.insn	2, 0x
80004130:	0338                	.insn	2, 0x0338
80004132:	0000                	.insn	2, 0x
80004134:	000e                	.insn	2, 0x000e
80004136:	0000                	.insn	2, 0x
80004138:	0130                	.insn	2, 0x0130
8000413a:	0000                	.insn	2, 0x
8000413c:	000a                	.insn	2, 0x000a
8000413e:	0000                	.insn	2, 0x
80004140:	0314                	.insn	2, 0x0314
80004142:	0000                	.insn	2, 0x
80004144:	00000193          	li	gp,0
80004148:	02dd                	.insn	2, 0x02dd
8000414a:	0000                	.insn	2, 0x
8000414c:	006a                	.insn	2, 0x006a
8000414e:	0000                	.insn	2, 0x
80004150:	000003bf 000002bf 	.insn	8, 0x02bf000003bf
80004158:	016e                	.insn	2, 0x016e
8000415a:	0000                	.insn	2, 0x
8000415c:	0332                	.insn	2, 0x0332
8000415e:	0000                	.insn	2, 0x
80004160:	02d2                	.insn	2, 0x02d2
80004162:	0000                	.insn	2, 0x
80004164:	03c4                	.insn	2, 0x03c4
80004166:	0000                	.insn	2, 0x
80004168:	0126                	.insn	2, 0x0126
8000416a:	0000                	.insn	2, 0x
8000416c:	0196                	.insn	2, 0x0196
8000416e:	0000                	.insn	2, 0x
80004170:	000003cf          	.insn	4, 0x03cf
80004174:	036a                	.insn	2, 0x036a
80004176:	0000                	.insn	2, 0x
80004178:	028d                	.insn	2, 0x028d
8000417a:	0000                	.insn	2, 0x
8000417c:	0358                	.insn	2, 0x0358
8000417e:	0000                	.insn	2, 0x
80004180:	02ec                	.insn	2, 0x02ec
80004182:	0000                	.insn	2, 0x
80004184:	0056                	.insn	2, 0x0056
80004186:	0000                	.insn	2, 0x
80004188:	0000005b          	.insn	4, 0x005b
8000418c:	003c                	.insn	2, 0x003c
8000418e:	0000                	.insn	2, 0x
80004190:	017a                	.insn	2, 0x017a
80004192:	0000                	.insn	2, 0x
80004194:	0294                	.insn	2, 0x0294
80004196:	0000                	.insn	2, 0x
80004198:	0069                	.insn	2, 0x0069
8000419a:	0000                	.insn	2, 0x
8000419c:	0000029b          	.insn	4, 0x029b
800041a0:	0066                	.insn	2, 0x0066
800041a2:	0000                	.insn	2, 0x
800041a4:	0099                	.insn	2, 0x0099
800041a6:	0000                	.insn	2, 0x
800041a8:	017d                	.insn	2, 0x017d
800041aa:	0000                	.insn	2, 0x
800041ac:	0079                	.insn	2, 0x0079
800041ae:	0000                	.insn	2, 0x
800041b0:	0000028b          	.insn	4, 0x028b
800041b4:	0062                	.insn	2, 0x0062
800041b6:	0000                	.insn	2, 0x
800041b8:	0339                	.insn	2, 0x0339
800041ba:	0000                	.insn	2, 0x
800041bc:	019c                	.insn	2, 0x019c
800041be:	0000                	.insn	2, 0x
800041c0:	0348                	.insn	2, 0x0348
800041c2:	0000                	.insn	2, 0x
800041c4:	00ec                	.insn	2, 0x00ec
800041c6:	0000                	.insn	2, 0x
800041c8:	0164                	.insn	2, 0x0164
800041ca:	0000                	.insn	2, 0x
800041cc:	000c                	.insn	2, 0x000c
800041ce:	0000                	.insn	2, 0x
800041d0:	0094                	.insn	2, 0x0094
800041d2:	0000                	.insn	2, 0x
800041d4:	000001a7          	.insn	4, 0x01a7
800041d8:	0036                	.insn	2, 0x0036
800041da:	0000                	.insn	2, 0x
800041dc:	03c5                	.insn	2, 0x03c5
800041de:	0000                	.insn	2, 0x
800041e0:	008c                	.insn	2, 0x008c
800041e2:	0000                	.insn	2, 0x
800041e4:	00d8                	.insn	2, 0x00d8
800041e6:	0000                	.insn	2, 0x
800041e8:	000003bb          	.insn	4, 0x03bb
800041ec:	026d                	.insn	2, 0x026d
800041ee:	0000                	.insn	2, 0x
800041f0:	00000157          	.insn	4, 0x0157
800041f4:	0169                	.insn	2, 0x0169
800041f6:	0000                	.insn	2, 0x
800041f8:	0215                	.insn	2, 0x0215
800041fa:	0000                	.insn	2, 0x
800041fc:	0399                	.insn	2, 0x0399
800041fe:	0000                	.insn	2, 0x
80004200:	02f5                	.insn	2, 0x02f5
80004202:	0000                	.insn	2, 0x
80004204:	000002cb          	.insn	4, 0x02cb
80004208:	0209                	.insn	2, 0x0209
8000420a:	0000                	.insn	2, 0x
8000420c:	00000287          	.insn	4, 0x0287
80004210:	0345                	.insn	2, 0x0345
80004212:	0000                	.insn	2, 0x
80004214:	0000012b          	.insn	4, 0x012b
80004218:	0250                	.insn	2, 0x0250
8000421a:	0000                	.insn	2, 0x
8000421c:	0376                	.insn	2, 0x0376
8000421e:	0000                	.insn	2, 0x
80004220:	000d                	.insn	2, 0x000d
80004222:	0000                	.insn	2, 0x
80004224:	02aa                	.insn	2, 0x02aa
80004226:	0000                	.insn	2, 0x
80004228:	00ad                	.insn	2, 0x00ad
8000422a:	0000                	.insn	2, 0x
8000422c:	0024                	.insn	2, 0x0024
8000422e:	0000                	.insn	2, 0x
80004230:	0000003f 000001ed 	.insn	8, 0x01ed0000003f
80004238:	0079                	.insn	2, 0x0079
8000423a:	0000                	.insn	2, 0x
8000423c:	00000227          	.insn	4, 0x0227
80004240:	0085                	.insn	2, 0x0085
80004242:	0000                	.insn	2, 0x
80004244:	0219                	.insn	2, 0x0219
80004246:	0000                	.insn	2, 0x
80004248:	02f6                	.insn	2, 0x02f6
8000424a:	0000                	.insn	2, 0x
8000424c:	03c9                	.insn	2, 0x03c9
8000424e:	0000                	.insn	2, 0x
80004250:	0174                	.insn	2, 0x0174
80004252:	0000                	.insn	2, 0x
80004254:	00000283          	lb	t0,0(zero) # 0 <buf.2>
80004258:	000003b7          	lui	t2,0x0
8000425c:	01b2                	.insn	2, 0x01b2
8000425e:	0000                	.insn	2, 0x
80004260:	00000027          	.insn	4, 0x0027
80004264:	019f 0000 0081      	.insn	6, 0x00810000019f
8000426a:	0000                	.insn	2, 0x
8000426c:	0000012f          	.insn	4, 0x012f
80004270:	006e                	.insn	2, 0x006e
80004272:	0000                	.insn	2, 0x
80004274:	01b6                	.insn	2, 0x01b6
80004276:	0000                	.insn	2, 0x
80004278:	0000034f          	.insn	4, 0x034f
8000427c:	035c                	.insn	2, 0x035c
8000427e:	0000                	.insn	2, 0x
80004280:	01b5                	.insn	2, 0x01b5
80004282:	0000                	.insn	2, 0x
80004284:	000000cb          	.insn	4, 0x00cb
80004288:	00ff 0000 01de 0000 	.insn	10, 0x010d000001de000000ff
80004290:	010d 
80004292:	0000                	.insn	2, 0x
80004294:	03dc                	.insn	2, 0x03dc
80004296:	0000                	.insn	2, 0x
80004298:	0199                	.insn	2, 0x0199
8000429a:	0000                	.insn	2, 0x
8000429c:	000002a3          	sb	zero,5(zero) # 5 <buf.2+0x5>
800042a0:	0274                	.insn	2, 0x0274
800042a2:	0000                	.insn	2, 0x
800042a4:	000002cf          	.insn	4, 0x02cf
800042a8:	0000018f          	.insn	4, 0x018f
800042ac:	03de                	.insn	2, 0x03de
800042ae:	0000                	.insn	2, 0x
800042b0:	0225                	.insn	2, 0x0225
800042b2:	0000                	.insn	2, 0x
800042b4:	0152                	.insn	2, 0x0152
800042b6:	0000                	.insn	2, 0x
800042b8:	02f1                	.insn	2, 0x02f1
800042ba:	0000                	.insn	2, 0x
800042bc:	01c2                	.insn	2, 0x01c2
800042be:	0000                	.insn	2, 0x
800042c0:	0234                	.insn	2, 0x0234
800042c2:	0000                	.insn	2, 0x
800042c4:	0279                	.insn	2, 0x0279
800042c6:	0000                	.insn	2, 0x
800042c8:	000000ab          	.insn	4, 0x00ab
800042cc:	0000009b          	.insn	4, 0x009b
800042d0:	00000013          	nop
800042d4:	0286                	.insn	2, 0x0286
800042d6:	0000                	.insn	2, 0x
800042d8:	000002d7          	.insn	4, 0x02d7
800042dc:	01c4                	.insn	2, 0x01c4
800042de:	0000                	.insn	2, 0x
800042e0:	01f5                	.insn	2, 0x01f5
800042e2:	0000                	.insn	2, 0x
800042e4:	000001ab          	.insn	4, 0x01ab
800042e8:	0309                	.insn	2, 0x0309
800042ea:	0000                	.insn	2, 0x
800042ec:	01fd                	.insn	2, 0x01fd
800042ee:	0000                	.insn	2, 0x
800042f0:	0000002b          	.insn	4, 0x002b
800042f4:	03dc                	.insn	2, 0x03dc
800042f6:	0000                	.insn	2, 0x
800042f8:	02f1                	.insn	2, 0x02f1
800042fa:	0000                	.insn	2, 0x
800042fc:	01aa                	.insn	2, 0x01aa
800042fe:	0000                	.insn	2, 0x
80004300:	0051                	.insn	2, 0x0051
80004302:	0000                	.insn	2, 0x
80004304:	000c                	.insn	2, 0x000c
80004306:	0000                	.insn	2, 0x
80004308:	00ca                	.insn	2, 0x00ca
8000430a:	0000                	.insn	2, 0x
8000430c:	000001e3          	beqz	zero,80004b0e <input_data+0xf56>
80004310:	0355                	.insn	2, 0x0355
80004312:	0000                	.insn	2, 0x
80004314:	008e                	.insn	2, 0x008e
80004316:	0000                	.insn	2, 0x
80004318:	0099                	.insn	2, 0x0099
8000431a:	0000                	.insn	2, 0x
8000431c:	00000153          	.insn	4, 0x0153
80004320:	02f8                	.insn	2, 0x02f8
80004322:	0000                	.insn	2, 0x
80004324:	0186                	.insn	2, 0x0186
80004326:	0000                	.insn	2, 0x
80004328:	0165                	.insn	2, 0x0165
8000432a:	0000                	.insn	2, 0x
8000432c:	0032                	.insn	2, 0x0032
8000432e:	0000                	.insn	2, 0x
80004330:	000003af          	.insn	4, 0x03af
80004334:	000000ab          	.insn	4, 0x00ab
80004338:	039a                	.insn	2, 0x039a
8000433a:	0000                	.insn	2, 0x
8000433c:	0259                	.insn	2, 0x0259
8000433e:	0000                	.insn	2, 0x
80004340:	0148                	.insn	2, 0x0148
80004342:	0000                	.insn	2, 0x
80004344:	0069                	.insn	2, 0x0069
80004346:	0000                	.insn	2, 0x
80004348:	01f0                	.insn	2, 0x01f0
8000434a:	0000                	.insn	2, 0x
8000434c:	03c8                	.insn	2, 0x03c8
8000434e:	0000                	.insn	2, 0x
80004350:	01ba                	.insn	2, 0x01ba
80004352:	0000                	.insn	2, 0x
80004354:	0079                	.insn	2, 0x0079
80004356:	0000                	.insn	2, 0x
80004358:	0204                	.insn	2, 0x0204
8000435a:	0000                	.insn	2, 0x
8000435c:	0000036f          	jal	t1,8000435c <input_data+0x7a4>
80004360:	0281                	.insn	2, 0x0281
80004362:	0000                	.insn	2, 0x
80004364:	0051                	.insn	2, 0x0051
80004366:	0000                	.insn	2, 0x
80004368:	0114                	.insn	2, 0x0114
8000436a:	0000                	.insn	2, 0x
8000436c:	0366                	.insn	2, 0x0366
8000436e:	0000                	.insn	2, 0x
80004370:	0312                	.insn	2, 0x0312
80004372:	0000                	.insn	2, 0x
80004374:	0258                	.insn	2, 0x0258
80004376:	0000                	.insn	2, 0x
80004378:	0071                	.insn	2, 0x0071
8000437a:	0000                	.insn	2, 0x
8000437c:	0000025b          	.insn	4, 0x025b
80004380:	034a                	.insn	2, 0x034a
80004382:	0000                	.insn	2, 0x
80004384:	00000367          	jalr	t1,zero # 0 <buf.2>
80004388:	0000038b          	.insn	4, 0x038b
8000438c:	00000377          	.insn	4, 0x0377
80004390:	00000113          	li	sp,0
80004394:	0262                	.insn	2, 0x0262
80004396:	0000                	.insn	2, 0x
80004398:	00ed                	.insn	2, 0x00ed
8000439a:	0000                	.insn	2, 0x
8000439c:	0194                	.insn	2, 0x0194
8000439e:	0000                	.insn	2, 0x
800043a0:	0020                	.insn	2, 0x0020
800043a2:	0000                	.insn	2, 0x
800043a4:	00ea                	.insn	2, 0x00ea
800043a6:	0000                	.insn	2, 0x
800043a8:	0310                	.insn	2, 0x0310
800043aa:	0000                	.insn	2, 0x
800043ac:	02e9                	.insn	2, 0x02e9
800043ae:	0000                	.insn	2, 0x
800043b0:	0235                	.insn	2, 0x0235
800043b2:	0000                	.insn	2, 0x
800043b4:	020e                	.insn	2, 0x020e
800043b6:	0000                	.insn	2, 0x
800043b8:	0165                	.insn	2, 0x0165
800043ba:	0000                	.insn	2, 0x
800043bc:	00000113          	li	sp,0
800043c0:	00000323          	sb	zero,6(zero) # 6 <buf.2+0x6>
800043c4:	01b9                	.insn	2, 0x01b9
800043c6:	0000                	.insn	2, 0x
800043c8:	00000333          	add	t1,zero,zero
800043cc:	00e2                	.insn	2, 0x00e2
800043ce:	0000                	.insn	2, 0x
800043d0:	000002ef          	jal	t0,800043d0 <input_data+0x818>
800043d4:	02f0                	.insn	2, 0x02f0
800043d6:	0000                	.insn	2, 0x
800043d8:	0118                	.insn	2, 0x0118
800043da:	0000                	.insn	2, 0x
800043dc:	000003af          	.insn	4, 0x03af
800043e0:	0055                	.insn	2, 0x0055
800043e2:	0000                	.insn	2, 0x
800043e4:	02d6                	.insn	2, 0x02d6
800043e6:	0000                	.insn	2, 0x
800043e8:	01ca                	.insn	2, 0x01ca
800043ea:	0000                	.insn	2, 0x
800043ec:	02c5                	.insn	2, 0x02c5
800043ee:	0000                	.insn	2, 0x
800043f0:	01c6                	.insn	2, 0x01c6
800043f2:	0000                	.insn	2, 0x
800043f4:	00c9                	.insn	2, 0x00c9
800043f6:	0000                	.insn	2, 0x
800043f8:	02c6                	.insn	2, 0x02c6
800043fa:	0000                	.insn	2, 0x
800043fc:	0036                	.insn	2, 0x0036
800043fe:	0000                	.insn	2, 0x
80004400:	000001cb          	.insn	4, 0x01cb
80004404:	02f6                	.insn	2, 0x02f6
80004406:	0000                	.insn	2, 0x
80004408:	0029                	.insn	2, 0x0029
8000440a:	0000                	.insn	2, 0x
8000440c:	0035                	.insn	2, 0x0035
8000440e:	0000                	.insn	2, 0x
80004410:	00fd                	.insn	2, 0x00fd
80004412:	0000                	.insn	2, 0x
80004414:	018d                	.insn	2, 0x018d
80004416:	0000                	.insn	2, 0x
80004418:	0179                	.insn	2, 0x0179
8000441a:	0000                	.insn	2, 0x
8000441c:	0029                	.insn	2, 0x0029
8000441e:	0000                	.insn	2, 0x
80004420:	01fc                	.insn	2, 0x01fc
80004422:	0000                	.insn	2, 0x
80004424:	008d                	.insn	2, 0x008d
80004426:	0000                	.insn	2, 0x
80004428:	02bc                	.insn	2, 0x02bc
8000442a:	0000                	.insn	2, 0x
8000442c:	01a0                	.insn	2, 0x01a0
8000442e:	0000                	.insn	2, 0x
80004430:	035c                	.insn	2, 0x035c
80004432:	0000                	.insn	2, 0x
80004434:	000002eb          	.insn	4, 0x02eb
80004438:	01e0                	.insn	2, 0x01e0
8000443a:	0000                	.insn	2, 0x
8000443c:	000000db          	.insn	4, 0x00db
80004440:	02e5                	.insn	2, 0x02e5
80004442:	0000                	.insn	2, 0x
80004444:	01de                	.insn	2, 0x01de
80004446:	0000                	.insn	2, 0x
80004448:	000001f3          	.insn	4, 0x01f3
8000444c:	0302                	.insn	2, 0x0302
8000444e:	0000                	.insn	2, 0x
80004450:	02c5                	.insn	2, 0x02c5
80004452:	0000                	.insn	2, 0x
80004454:	00b4                	.insn	2, 0x00b4
80004456:	0000                	.insn	2, 0x
80004458:	0031                	.insn	2, 0x0031
8000445a:	0000                	.insn	2, 0x
8000445c:	01e2                	.insn	2, 0x01e2
8000445e:	0000                	.insn	2, 0x
80004460:	00000173          	.insn	4, 0x0173
80004464:	000002b3          	add	t0,zero,zero
80004468:	0369                	.insn	2, 0x0369
8000446a:	0000                	.insn	2, 0x
8000446c:	02d5                	.insn	2, 0x02d5
8000446e:	0000                	.insn	2, 0x
80004470:	03b1                	.insn	2, 0x03b1
80004472:	0000                	.insn	2, 0x
80004474:	00ad                	.insn	2, 0x00ad
80004476:	0000                	.insn	2, 0x
80004478:	03e0                	.insn	2, 0x03e0
8000447a:	0000                	.insn	2, 0x
8000447c:	00ba                	.insn	2, 0x00ba
8000447e:	0000                	.insn	2, 0x
80004480:	020e                	.insn	2, 0x020e
80004482:	0000                	.insn	2, 0x
80004484:	0392                	.insn	2, 0x0392
80004486:	0000                	.insn	2, 0x
80004488:	02d1                	.insn	2, 0x02d1
8000448a:	0000                	.insn	2, 0x
8000448c:	0001                	.insn	2, 0x0001
8000448e:	0000                	.insn	2, 0x
80004490:	000001b3          	add	gp,zero,zero
80004494:	000003c3          	.insn	4, 0x03c3
80004498:	00e8                	.insn	2, 0x00e8
8000449a:	0000                	.insn	2, 0x
8000449c:	000000f7          	.insn	4, 0x00f7
800044a0:	01f1                	.insn	2, 0x01f1
800044a2:	0000                	.insn	2, 0x
800044a4:	01d0                	.insn	2, 0x01d0
800044a6:	0000                	.insn	2, 0x
800044a8:	02b9                	.insn	2, 0x02b9
800044aa:	0000                	.insn	2, 0x
800044ac:	016a                	.insn	2, 0x016a
800044ae:	0000                	.insn	2, 0x
800044b0:	001e                	.insn	2, 0x001e
800044b2:	0000                	.insn	2, 0x
800044b4:	0209                	.insn	2, 0x0209
800044b6:	0000                	.insn	2, 0x
800044b8:	015c                	.insn	2, 0x015c
800044ba:	0000                	.insn	2, 0x
800044bc:	00e9                	.insn	2, 0x00e9
800044be:	0000                	.insn	2, 0x
800044c0:	00fa                	.insn	2, 0x00fa
800044c2:	0000                	.insn	2, 0x
800044c4:	0078                	.insn	2, 0x0078
800044c6:	0000                	.insn	2, 0x
800044c8:	015e                	.insn	2, 0x015e
800044ca:	0000                	.insn	2, 0x
800044cc:	0028                	.insn	2, 0x0028
800044ce:	0000                	.insn	2, 0x
800044d0:	00fa                	.insn	2, 0x00fa
800044d2:	0000                	.insn	2, 0x
800044d4:	0000030b          	.insn	4, 0x030b
800044d8:	023d                	.insn	2, 0x023d
800044da:	0000                	.insn	2, 0x
800044dc:	000000c3          	.insn	4, 0x00c3
800044e0:	0310                	.insn	2, 0x0310
800044e2:	0000                	.insn	2, 0x
800044e4:	00a1                	.insn	2, 0x00a1
800044e6:	0000                	.insn	2, 0x
800044e8:	02ed                	.insn	2, 0x02ed
800044ea:	0000                	.insn	2, 0x
800044ec:	000002e7          	jalr	t0,zero # 0 <buf.2>
800044f0:	01f6                	.insn	2, 0x01f6
800044f2:	0000                	.insn	2, 0x
800044f4:	000001b7          	lui	gp,0x0
800044f8:	00000337          	lui	t1,0x0
800044fc:	00000163          	beqz	zero,800044fe <input_data+0x946>
80004500:	033a                	.insn	2, 0x033a
80004502:	0000                	.insn	2, 0x
80004504:	00000193          	li	gp,0
80004508:	00aa                	.insn	2, 0x00aa
8000450a:	0000                	.insn	2, 0x
8000450c:	008d                	.insn	2, 0x008d
8000450e:	0000                	.insn	2, 0x
80004510:	00a0                	.insn	2, 0x00a0
80004512:	0000                	.insn	2, 0x
80004514:	0279                	.insn	2, 0x0279
80004516:	0000                	.insn	2, 0x
80004518:	02a2                	.insn	2, 0x02a2
8000451a:	0000                	.insn	2, 0x
8000451c:	0121                	.insn	2, 0x0121
8000451e:	0000                	.insn	2, 0x
80004520:	0020                	.insn	2, 0x0020
80004522:	0000                	.insn	2, 0x
80004524:	030e                	.insn	2, 0x030e
80004526:	0000                	.insn	2, 0x
80004528:	00ca                	.insn	2, 0x00ca
8000452a:	0000                	.insn	2, 0x
8000452c:	0140                	.insn	2, 0x0140
8000452e:	0000                	.insn	2, 0x
80004530:	0000008f          	.insn	4, 0x008f
80004534:	027c                	.insn	2, 0x027c
80004536:	0000                	.insn	2, 0x
80004538:	0355                	.insn	2, 0x0355
8000453a:	0000                	.insn	2, 0x
8000453c:	0076                	.insn	2, 0x0076
8000453e:	0000                	.insn	2, 0x
80004540:	005a                	.insn	2, 0x005a
80004542:	0000                	.insn	2, 0x
80004544:	0354                	.insn	2, 0x0354
80004546:	0000                	.insn	2, 0x
80004548:	018a                	.insn	2, 0x018a
8000454a:	0000                	.insn	2, 0x
8000454c:	0046                	.insn	2, 0x0046
8000454e:	0000                	.insn	2, 0x
80004550:	0000006b          	.insn	4, 0x006b
80004554:	0330                	.insn	2, 0x0330
80004556:	0000                	.insn	2, 0x
80004558:	00000357          	.insn	4, 0x0357
8000455c:	0184                	.insn	2, 0x0184
8000455e:	0000                	.insn	2, 0x
80004560:	006a                	.insn	2, 0x006a
80004562:	0000                	.insn	2, 0x
80004564:	03ba                	.insn	2, 0x03ba
80004566:	0000                	.insn	2, 0x
80004568:	009d                	.insn	2, 0x009d
8000456a:	0000                	.insn	2, 0x
8000456c:	0024                	.insn	2, 0x0024
8000456e:	0000                	.insn	2, 0x
80004570:	0006                	.insn	2, 0x0006
80004572:	0000                	.insn	2, 0x
80004574:	0010                	.insn	2, 0x0010
80004576:	0000                	.insn	2, 0x
80004578:	02fd                	.insn	2, 0x02fd
8000457a:	0000                	.insn	2, 0x
8000457c:	02ba                	.insn	2, 0x02ba
8000457e:	0000                	.insn	2, 0x
80004580:	00cc                	.insn	2, 0x00cc
80004582:	0000                	.insn	2, 0x
80004584:	000002b7          	lui	t0,0x0
80004588:	00c2                	.insn	2, 0x00c2
8000458a:	0000                	.insn	2, 0x
8000458c:	02a5                	.insn	2, 0x02a5
8000458e:	0000                	.insn	2, 0x
80004590:	023e                	.insn	2, 0x023e
80004592:	0000                	.insn	2, 0x
80004594:	0256                	.insn	2, 0x0256
80004596:	0000                	.insn	2, 0x
80004598:	00da                	.insn	2, 0x00da
8000459a:	0000                	.insn	2, 0x
8000459c:	00000373          	.insn	4, 0x0373
800045a0:	020e                	.insn	2, 0x020e
800045a2:	0000                	.insn	2, 0x
800045a4:	0338                	.insn	2, 0x0338
800045a6:	0000                	.insn	2, 0x
800045a8:	00b1                	.insn	2, 0x00b1
800045aa:	0000                	.insn	2, 0x
800045ac:	02ea                	.insn	2, 0x02ea
800045ae:	0000                	.insn	2, 0x
800045b0:	000000ef          	jal	800045b0 <input_data+0x9f8>
800045b4:	01ce                	.insn	2, 0x01ce
800045b6:	0000                	.insn	2, 0x
800045b8:	02ba                	.insn	2, 0x02ba
800045ba:	0000                	.insn	2, 0x
800045bc:	01ff 0000 02f5 0000 	.insn	10, 0x0216000002f5000001ff
800045c4:	0216 
800045c6:	0000                	.insn	2, 0x
800045c8:	02c2                	.insn	2, 0x02c2
800045ca:	0000                	.insn	2, 0x
800045cc:	01b8                	.insn	2, 0x01b8
800045ce:	0000                	.insn	2, 0x
800045d0:	0031                	.insn	2, 0x0031
800045d2:	0000                	.insn	2, 0x
800045d4:	01ac                	.insn	2, 0x01ac
800045d6:	0000                	.insn	2, 0x
800045d8:	0054                	.insn	2, 0x0054
800045da:	0000                	.insn	2, 0x
800045dc:	02dc                	.insn	2, 0x02dc
800045de:	0000                	.insn	2, 0x
800045e0:	031f 0000 02d6      	.insn	6, 0x02d60000031f
800045e6:	0000                	.insn	2, 0x
800045e8:	037d                	.insn	2, 0x037d
800045ea:	0000                	.insn	2, 0x
800045ec:	02be                	.insn	2, 0x02be
800045ee:	0000                	.insn	2, 0x
800045f0:	0200                	.insn	2, 0x0200
800045f2:	0000                	.insn	2, 0x
800045f4:	00000223          	sb	zero,4(zero) # 4 <buf.2+0x4>
800045f8:	0175                	.insn	2, 0x0175
800045fa:	0000                	.insn	2, 0x
800045fc:	0056                	.insn	2, 0x0056
800045fe:	0000                	.insn	2, 0x
80004600:	01ec                	.insn	2, 0x01ec
80004602:	0000                	.insn	2, 0x
80004604:	031e                	.insn	2, 0x031e
80004606:	0000                	.insn	2, 0x
80004608:	000e                	.insn	2, 0x000e
8000460a:	0000                	.insn	2, 0x
8000460c:	000000d7          	.insn	4, 0x00d7
80004610:	026d                	.insn	2, 0x026d
80004612:	0000                	.insn	2, 0x
80004614:	0015                	.insn	2, 0x0015
80004616:	0000                	.insn	2, 0x
80004618:	00000053          	.insn	4, 0x0053
8000461c:	0000028b          	.insn	4, 0x028b
80004620:	00000067          	jr	zero # 0 <buf.2>
80004624:	0000003b          	.insn	4, 0x003b
80004628:	031a                	.insn	2, 0x031a
8000462a:	0000                	.insn	2, 0x
8000462c:	01ad                	.insn	2, 0x01ad
8000462e:	0000                	.insn	2, 0x
80004630:	0399                	.insn	2, 0x0399
80004632:	0000                	.insn	2, 0x
80004634:	0291                	.insn	2, 0x0291
80004636:	0000                	.insn	2, 0x
80004638:	00000283          	lb	t0,0(zero) # 0 <buf.2>
8000463c:	0060                	.insn	2, 0x0060
8000463e:	0000                	.insn	2, 0x
80004640:	0370                	.insn	2, 0x0370
80004642:	0000                	.insn	2, 0x
80004644:	03cd                	.insn	2, 0x03cd
80004646:	0000                	.insn	2, 0x
80004648:	0342                	.insn	2, 0x0342
8000464a:	0000                	.insn	2, 0x
8000464c:	00000293          	li	t0,0
80004650:	000000ef          	jal	80004650 <input_data+0xa98>
80004654:	03c6                	.insn	2, 0x03c6
80004656:	0000                	.insn	2, 0x
80004658:	01ce                	.insn	2, 0x01ce
8000465a:	0000                	.insn	2, 0x
8000465c:	020c                	.insn	2, 0x020c
8000465e:	0000                	.insn	2, 0x
80004660:	0072                	.insn	2, 0x0072
80004662:	0000                	.insn	2, 0x
80004664:	003e                	.insn	2, 0x003e
80004666:	0000                	.insn	2, 0x
80004668:	0231                	.insn	2, 0x0231
8000466a:	0000                	.insn	2, 0x
8000466c:	0271                	.insn	2, 0x0271
8000466e:	0000                	.insn	2, 0x
80004670:	0211                	.insn	2, 0x0211
80004672:	0000                	.insn	2, 0x
80004674:	0000012f          	.insn	4, 0x012f
80004678:	000a                	.insn	2, 0x000a
8000467a:	0000                	.insn	2, 0x
8000467c:	02ca                	.insn	2, 0x02ca
8000467e:	0000                	.insn	2, 0x
80004680:	03e5                	.insn	2, 0x03e5
80004682:	0000                	.insn	2, 0x
80004684:	0199                	.insn	2, 0x0199
80004686:	0000                	.insn	2, 0x
80004688:	0388                	.insn	2, 0x0388
8000468a:	0000                	.insn	2, 0x
8000468c:	00000037          	lui	zero,0x0
80004690:	00000183          	lb	gp,0(zero) # 0 <buf.2>
80004694:	02d8                	.insn	2, 0x02d8
80004696:	0000                	.insn	2, 0x
80004698:	00000197          	auipc	gp,0x0
8000469c:	0131                	.insn	2, 0x0131
8000469e:	0000                	.insn	2, 0x
800046a0:	0069                	.insn	2, 0x0069
800046a2:	0000                	.insn	2, 0x
800046a4:	01b4                	.insn	2, 0x01b4
800046a6:	0000                	.insn	2, 0x
800046a8:	0000022f          	.insn	4, 0x022f
800046ac:	0385                	.insn	2, 0x0385
800046ae:	0000                	.insn	2, 0x
800046b0:	03a8                	.insn	2, 0x03a8
800046b2:	0000                	.insn	2, 0x
800046b4:	0250                	.insn	2, 0x0250
800046b6:	0000                	.insn	2, 0x
800046b8:	0200                	.insn	2, 0x0200
800046ba:	0000                	.insn	2, 0x
800046bc:	000002b3          	add	t0,zero,zero
800046c0:	0199                	.insn	2, 0x0199
800046c2:	0000                	.insn	2, 0x
800046c4:	031c                	.insn	2, 0x031c
800046c6:	0000                	.insn	2, 0x
800046c8:	012e                	.insn	2, 0x012e
800046ca:	0000                	.insn	2, 0x
800046cc:	01f1                	.insn	2, 0x01f1
800046ce:	0000                	.insn	2, 0x
800046d0:	00ca                	.insn	2, 0x00ca
800046d2:	0000                	.insn	2, 0x
800046d4:	00b1                	.insn	2, 0x00b1
800046d6:	0000                	.insn	2, 0x
800046d8:	000001ab          	.insn	4, 0x01ab
800046dc:	03ac                	.insn	2, 0x03ac
800046de:	0000                	.insn	2, 0x
800046e0:	0265                	.insn	2, 0x0265
800046e2:	0000                	.insn	2, 0x
800046e4:	000003e3          	beqz	zero,80004eea <input_data+0x1332>
800046e8:	00000167          	jalr	sp,zero # 0 <buf.2>
800046ec:	01e0                	.insn	2, 0x01e0
800046ee:	0000                	.insn	2, 0x
800046f0:	0209                	.insn	2, 0x0209
800046f2:	0000                	.insn	2, 0x
800046f4:	009e                	.insn	2, 0x009e
800046f6:	0000                	.insn	2, 0x
800046f8:	02ac                	.insn	2, 0x02ac
800046fa:	0000                	.insn	2, 0x
800046fc:	0336                	.insn	2, 0x0336
800046fe:	0000                	.insn	2, 0x
80004700:	0016                	.insn	2, 0x0016
80004702:	0000                	.insn	2, 0x
80004704:	00000263          	beqz	zero,80004708 <input_data+0xb50>
80004708:	00b9                	.insn	2, 0x00b9
8000470a:	0000                	.insn	2, 0x
8000470c:	02a8                	.insn	2, 0x02a8
8000470e:	0000                	.insn	2, 0x
80004710:	0138                	.insn	2, 0x0138
80004712:	0000                	.insn	2, 0x
80004714:	000e                	.insn	2, 0x000e
80004716:	0000                	.insn	2, 0x
80004718:	0000006b          	.insn	4, 0x006b
8000471c:	0000006f          	j	8000471c <input_data+0xb64>
80004720:	0112                	.insn	2, 0x0112
80004722:	0000                	.insn	2, 0x
80004724:	031d                	.insn	2, 0x031d
80004726:	0000                	.insn	2, 0x
80004728:	00000183          	lb	gp,0(zero) # 0 <buf.2>
8000472c:	00b9                	.insn	2, 0x00b9
8000472e:	0000                	.insn	2, 0x
80004730:	00f2                	.insn	2, 0x00f2
80004732:	0000                	.insn	2, 0x
80004734:	0000                	.insn	2, 0x
80004736:	0000                	.insn	2, 0x
80004738:	01e6                	.insn	2, 0x01e6
8000473a:	0000                	.insn	2, 0x
8000473c:	02ce                	.insn	2, 0x02ce
8000473e:	0000                	.insn	2, 0x
80004740:	0069                	.insn	2, 0x0069
80004742:	0000                	.insn	2, 0x
80004744:	0060                	.insn	2, 0x0060
80004746:	0000                	.insn	2, 0x
80004748:	02ba                	.insn	2, 0x02ba
8000474a:	0000                	.insn	2, 0x
8000474c:	02ed                	.insn	2, 0x02ed
8000474e:	0000                	.insn	2, 0x
80004750:	00000383          	lb	t2,0(zero) # 0 <buf.2>
80004754:	000002e3          	beqz	zero,80004f58 <input_data+0x13a0>
80004758:	0302                	.insn	2, 0x0302
8000475a:	0000                	.insn	2, 0x
8000475c:	032e                	.insn	2, 0x032e
8000475e:	0000                	.insn	2, 0x
80004760:	0284                	.insn	2, 0x0284
80004762:	0000                	.insn	2, 0x
80004764:	000001b3          	add	gp,zero,zero
80004768:	0050                	.insn	2, 0x0050
8000476a:	0000                	.insn	2, 0x
8000476c:	0146                	.insn	2, 0x0146
8000476e:	0000                	.insn	2, 0x
80004770:	00a1                	.insn	2, 0x00a1
80004772:	0000                	.insn	2, 0x
80004774:	0025                	.insn	2, 0x0025
80004776:	0000                	.insn	2, 0x
80004778:	00000197          	auipc	gp,0x0
8000477c:	0021                	.insn	2, 0x0021
8000477e:	0000                	.insn	2, 0x
80004780:	03b2                	.insn	2, 0x03b2
80004782:	0000                	.insn	2, 0x
80004784:	025d                	.insn	2, 0x025d
80004786:	0000                	.insn	2, 0x
80004788:	001e                	.insn	2, 0x001e
8000478a:	0000                	.insn	2, 0x
8000478c:	000003a7          	.insn	4, 0x03a7
80004790:	0300                	.insn	2, 0x0300
80004792:	0000                	.insn	2, 0x
80004794:	0000001b          	.insn	4, 0x001b
80004798:	0366                	.insn	2, 0x0366
8000479a:	0000                	.insn	2, 0x
8000479c:	0058                	.insn	2, 0x0058
8000479e:	0000                	.insn	2, 0x
800047a0:	0071                	.insn	2, 0x0071
800047a2:	0000                	.insn	2, 0x
800047a4:	01b9                	.insn	2, 0x01b9
800047a6:	0000                	.insn	2, 0x
800047a8:	0094                	.insn	2, 0x0094
800047aa:	0000                	.insn	2, 0x
800047ac:	00000153          	.insn	4, 0x0153
800047b0:	003e                	.insn	2, 0x003e
800047b2:	0000                	.insn	2, 0x
800047b4:	0158                	.insn	2, 0x0158
800047b6:	0000                	.insn	2, 0x
800047b8:	00000093          	li	ra,0
800047bc:	022a                	.insn	2, 0x022a
800047be:	0000                	.insn	2, 0x
800047c0:	0346                	.insn	2, 0x0346
800047c2:	0000                	.insn	2, 0x
800047c4:	016d                	.insn	2, 0x016d
800047c6:	0000                	.insn	2, 0x
800047c8:	034d                	.insn	2, 0x034d
800047ca:	0000                	.insn	2, 0x
800047cc:	03ba                	.insn	2, 0x03ba
800047ce:	0000                	.insn	2, 0x
800047d0:	01b0                	.insn	2, 0x01b0
800047d2:	0000                	.insn	2, 0x
800047d4:	027f 0000 008d 0000 	.insn	10, 0x018c0000008d0000027f
800047dc:	018c 
800047de:	0000                	.insn	2, 0x
800047e0:	000000d3          	.insn	4, 0x00d3
800047e4:	03df 0000 0331      	.insn	6, 0x0331000003df
800047ea:	0000                	.insn	2, 0x
800047ec:	00f9                	.insn	2, 0x00f9
800047ee:	0000                	.insn	2, 0x
800047f0:	0335                	.insn	2, 0x0335
800047f2:	0000                	.insn	2, 0x
800047f4:	0152                	.insn	2, 0x0152
800047f6:	0000                	.insn	2, 0x
800047f8:	0232                	.insn	2, 0x0232
800047fa:	0000                	.insn	2, 0x
800047fc:	0340                	.insn	2, 0x0340
800047fe:	0000                	.insn	2, 0x
80004800:	016c                	.insn	2, 0x016c
80004802:	0000                	.insn	2, 0x
80004804:	03ce                	.insn	2, 0x03ce
80004806:	0000                	.insn	2, 0x
80004808:	00000267          	jalr	tp,zero # 0 <buf.2>
8000480c:	0189                	.insn	2, 0x0189
8000480e:	0000                	.insn	2, 0x
80004810:	000001ef          	jal	gp,80004810 <input_data+0xc58>
80004814:	010a                	.insn	2, 0x010a
80004816:	0000                	.insn	2, 0x
80004818:	032c                	.insn	2, 0x032c
8000481a:	0000                	.insn	2, 0x
8000481c:	01d6                	.insn	2, 0x01d6
8000481e:	0000                	.insn	2, 0x
80004820:	0394                	.insn	2, 0x0394
80004822:	0000                	.insn	2, 0x
80004824:	015c                	.insn	2, 0x015c
80004826:	0000                	.insn	2, 0x
80004828:	009f 0000 0150      	.insn	6, 0x01500000009f
8000482e:	0000                	.insn	2, 0x
80004830:	01ae                	.insn	2, 0x01ae
80004832:	0000                	.insn	2, 0x
80004834:	000001a3          	sb	zero,3(zero) # 3 <buf.2+0x3>
80004838:	00000323          	sb	zero,6(zero) # 6 <buf.2+0x6>
8000483c:	00f9                	.insn	2, 0x00f9
8000483e:	0000                	.insn	2, 0x
80004840:	00b4                	.insn	2, 0x00b4
80004842:	0000                	.insn	2, 0x
80004844:	000000d7          	.insn	4, 0x00d7
80004848:	0220                	.insn	2, 0x0220
8000484a:	0000                	.insn	2, 0x
8000484c:	021e                	.insn	2, 0x021e
8000484e:	0000                	.insn	2, 0x
80004850:	0348                	.insn	2, 0x0348
80004852:	0000                	.insn	2, 0x
80004854:	00000387          	.insn	4, 0x0387
80004858:	01ca                	.insn	2, 0x01ca
8000485a:	0000                	.insn	2, 0x
8000485c:	027c                	.insn	2, 0x027c
8000485e:	0000                	.insn	2, 0x
80004860:	0312                	.insn	2, 0x0312
80004862:	0000                	.insn	2, 0x
80004864:	02d9                	.insn	2, 0x02d9
80004866:	0000                	.insn	2, 0x
80004868:	0368                	.insn	2, 0x0368
8000486a:	0000                	.insn	2, 0x
8000486c:	0245                	.insn	2, 0x0245
8000486e:	0000                	.insn	2, 0x
80004870:	0000031b          	.insn	4, 0x031b
80004874:	0334                	.insn	2, 0x0334
80004876:	0000                	.insn	2, 0x
80004878:	0326                	.insn	2, 0x0326
8000487a:	0000                	.insn	2, 0x
8000487c:	029f 0000 02f6      	.insn	6, 0x02f60000029f
80004882:	0000                	.insn	2, 0x
80004884:	000003d3          	.insn	4, 0x03d3
80004888:	0068                	.insn	2, 0x0068
8000488a:	0000                	.insn	2, 0x
8000488c:	01a2                	.insn	2, 0x01a2
8000488e:	0000                	.insn	2, 0x
80004890:	0191                	.insn	2, 0x0191
80004892:	0000                	.insn	2, 0x
80004894:	029e                	.insn	2, 0x029e
80004896:	0000                	.insn	2, 0x
80004898:	00fe                	.insn	2, 0x00fe
8000489a:	0000                	.insn	2, 0x
8000489c:	0398                	.insn	2, 0x0398
8000489e:	0000                	.insn	2, 0x
800048a0:	03d8                	.insn	2, 0x03d8
800048a2:	0000                	.insn	2, 0x
800048a4:	0238                	.insn	2, 0x0238
800048a6:	0000                	.insn	2, 0x
800048a8:	0088                	.insn	2, 0x0088
800048aa:	0000                	.insn	2, 0x
800048ac:	02e9                	.insn	2, 0x02e9
800048ae:	0000                	.insn	2, 0x
800048b0:	02d9                	.insn	2, 0x02d9
800048b2:	0000                	.insn	2, 0x
800048b4:	0296                	.insn	2, 0x0296
800048b6:	0000                	.insn	2, 0x
800048b8:	0248                	.insn	2, 0x0248
800048ba:	0000                	.insn	2, 0x
800048bc:	0000008b          	.insn	4, 0x008b
800048c0:	031a                	.insn	2, 0x031a
800048c2:	0000                	.insn	2, 0x
800048c4:	0181                	.insn	2, 0x0181
800048c6:	0000                	.insn	2, 0x
800048c8:	019e                	.insn	2, 0x019e
800048ca:	0000                	.insn	2, 0x
800048cc:	039f 0000 0210      	.insn	6, 0x02100000039f
800048d2:	0000                	.insn	2, 0x
800048d4:	00ad                	.insn	2, 0x00ad
800048d6:	0000                	.insn	2, 0x
800048d8:	000002c3          	.insn	4, 0x02c3
800048dc:	01c9                	.insn	2, 0x01c9
800048de:	0000                	.insn	2, 0x
800048e0:	022a                	.insn	2, 0x022a
800048e2:	0000                	.insn	2, 0x
800048e4:	013c                	.insn	2, 0x013c
800048e6:	0000                	.insn	2, 0x
800048e8:	017a                	.insn	2, 0x017a
800048ea:	0000                	.insn	2, 0x
800048ec:	000000b7          	lui	ra,0x0
800048f0:	02fe                	.insn	2, 0x02fe
800048f2:	0000                	.insn	2, 0x
800048f4:	01dd                	.insn	2, 0x01dd
800048f6:	0000                	.insn	2, 0x
800048f8:	03d1                	.insn	2, 0x03d1
800048fa:	0000                	.insn	2, 0x
800048fc:	00c4                	.insn	2, 0x00c4
800048fe:	0000                	.insn	2, 0x
80004900:	00ec                	.insn	2, 0x00ec
80004902:	0000                	.insn	2, 0x
80004904:	0000018f          	.insn	4, 0x018f
80004908:	000003b3          	add	t2,zero,zero
8000490c:	01a0                	.insn	2, 0x01a0
8000490e:	0000                	.insn	2, 0x
80004910:	00e5                	.insn	2, 0x00e5
80004912:	0000                	.insn	2, 0x
80004914:	0325                	.insn	2, 0x0325
80004916:	0000                	.insn	2, 0x
80004918:	00a5                	.insn	2, 0x00a5
8000491a:	0000                	.insn	2, 0x
8000491c:	03e4                	.insn	2, 0x03e4
8000491e:	0000                	.insn	2, 0x
80004920:	01f9                	.insn	2, 0x01f9
80004922:	0000                	.insn	2, 0x
80004924:	010e                	.insn	2, 0x010e
80004926:	0000                	.insn	2, 0x
80004928:	0069                	.insn	2, 0x0069
8000492a:	0000                	.insn	2, 0x
8000492c:	02df 0000 02c0      	.insn	6, 0x02c0000002df
80004932:	0000                	.insn	2, 0x
80004934:	02b8                	.insn	2, 0x02b8
80004936:	0000                	.insn	2, 0x
80004938:	031c                	.insn	2, 0x031c
8000493a:	0000                	.insn	2, 0x
8000493c:	0339                	.insn	2, 0x0339
8000493e:	0000                	.insn	2, 0x
80004940:	008c                	.insn	2, 0x008c
80004942:	0000                	.insn	2, 0x
80004944:	0210                	.insn	2, 0x0210
80004946:	0000                	.insn	2, 0x
80004948:	0000012f          	.insn	4, 0x012f
8000494c:	0032                	.insn	2, 0x0032
8000494e:	0000                	.insn	2, 0x
80004950:	0000031b          	.insn	4, 0x031b
80004954:	0000026f          	jal	tp,80004954 <input_data+0xd9c>
80004958:	0000027b          	.insn	4, 0x027b
8000495c:	0219                	.insn	2, 0x0219
8000495e:	0000                	.insn	2, 0x
80004960:	0230                	.insn	2, 0x0230
80004962:	0000                	.insn	2, 0x
80004964:	00000057          	.insn	4, 0x0057
80004968:	00000077          	.insn	4, 0x0077
8000496c:	0126                	.insn	2, 0x0126
8000496e:	0000                	.insn	2, 0x
80004970:	0008                	.insn	2, 0x0008
80004972:	0000                	.insn	2, 0x
80004974:	00000363          	beqz	zero,8000497a <input_data+0xdc2>
80004978:	0214                	.insn	2, 0x0214
8000497a:	0000                	.insn	2, 0x
8000497c:	006e                	.insn	2, 0x006e
8000497e:	0000                	.insn	2, 0x
80004980:	032e                	.insn	2, 0x032e
80004982:	0000                	.insn	2, 0x
80004984:	018e                	.insn	2, 0x018e
80004986:	0000                	.insn	2, 0x
80004988:	0025                	.insn	2, 0x0025
8000498a:	0000                	.insn	2, 0x
8000498c:	030d                	.insn	2, 0x030d
8000498e:	0000                	.insn	2, 0x
80004990:	0248                	.insn	2, 0x0248
80004992:	0000                	.insn	2, 0x
80004994:	0286                	.insn	2, 0x0286
80004996:	0000                	.insn	2, 0x
80004998:	000002e3          	beqz	zero,8000519c <input_data+0x15e4>
8000499c:	00000177          	.insn	4, 0x0177
800049a0:	0000026b          	.insn	4, 0x026b
800049a4:	000003af          	.insn	4, 0x03af
800049a8:	02ff 0000 0381 0000 	.insn	10, 0x01de00000381000002ff
800049b0:	01de 
800049b2:	0000                	.insn	2, 0x
800049b4:	024d                	.insn	2, 0x024d
800049b6:	0000                	.insn	2, 0x
800049b8:	0039                	.insn	2, 0x0039
800049ba:	0000                	.insn	2, 0x
800049bc:	002c                	.insn	2, 0x002c
800049be:	0000                	.insn	2, 0x
800049c0:	03be                	.insn	2, 0x03be
800049c2:	0000                	.insn	2, 0x
800049c4:	0120                	.insn	2, 0x0120
800049c6:	0000                	.insn	2, 0x
800049c8:	0310                	.insn	2, 0x0310
800049ca:	0000                	.insn	2, 0x
800049cc:	034d                	.insn	2, 0x034d
800049ce:	0000                	.insn	2, 0x
800049d0:	03d9                	.insn	2, 0x03d9
800049d2:	0000                	.insn	2, 0x
800049d4:	02e6                	.insn	2, 0x02e6
800049d6:	0000                	.insn	2, 0x
800049d8:	0345                	.insn	2, 0x0345
800049da:	0000                	.insn	2, 0x
800049dc:	00000063          	beqz	zero,800049dc <input_data+0xe24>
800049e0:	00000133          	add	sp,zero,zero
800049e4:	020a                	.insn	2, 0x020a
800049e6:	0000                	.insn	2, 0x
800049e8:	00000043          	.insn	4, 0x0043
800049ec:	000001bb          	.insn	4, 0x01bb
800049f0:	0338                	.insn	2, 0x0338
800049f2:	0000                	.insn	2, 0x
800049f4:	01b0                	.insn	2, 0x01b0
800049f6:	0000                	.insn	2, 0x
800049f8:	03e4                	.insn	2, 0x03e4
800049fa:	0000                	.insn	2, 0x
800049fc:	00a5                	.insn	2, 0x00a5
800049fe:	0000                	.insn	2, 0x
80004a00:	02ed                	.insn	2, 0x02ed
80004a02:	0000                	.insn	2, 0x
80004a04:	03a2                	.insn	2, 0x03a2
80004a06:	0000                	.insn	2, 0x
80004a08:	000000ab          	.insn	4, 0x00ab
80004a0c:	001c                	.insn	2, 0x001c
80004a0e:	0000                	.insn	2, 0x
80004a10:	033a                	.insn	2, 0x033a
80004a12:	0000                	.insn	2, 0x
80004a14:	01cd                	.insn	2, 0x01cd
80004a16:	0000                	.insn	2, 0x
80004a18:	026d                	.insn	2, 0x026d
80004a1a:	0000                	.insn	2, 0x
80004a1c:	00000143          	.insn	4, 0x0143
80004a20:	0000009b          	.insn	4, 0x009b
80004a24:	0110                	.insn	2, 0x0110
80004a26:	0000                	.insn	2, 0x
80004a28:	033a                	.insn	2, 0x033a
80004a2a:	0000                	.insn	2, 0x
80004a2c:	0178                	.insn	2, 0x0178
80004a2e:	0000                	.insn	2, 0x
80004a30:	0000002b          	.insn	4, 0x002b
80004a34:	0154                	.insn	2, 0x0154
80004a36:	0000                	.insn	2, 0x
80004a38:	02b6                	.insn	2, 0x02b6
80004a3a:	0000                	.insn	2, 0x
80004a3c:	0382                	.insn	2, 0x0382
80004a3e:	0000                	.insn	2, 0x
80004a40:	0050                	.insn	2, 0x0050
80004a42:	0000                	.insn	2, 0x
80004a44:	009e                	.insn	2, 0x009e
80004a46:	0000                	.insn	2, 0x
80004a48:	00ec                	.insn	2, 0x00ec
80004a4a:	0000                	.insn	2, 0x
80004a4c:	00a8                	.insn	2, 0x00a8
80004a4e:	0000                	.insn	2, 0x
80004a50:	000002eb          	.insn	4, 0x02eb
80004a54:	000001bb          	.insn	4, 0x01bb
80004a58:	02e8                	.insn	2, 0x02e8
80004a5a:	0000                	.insn	2, 0x
80004a5c:	00c1                	.insn	2, 0x00c1
80004a5e:	0000                	.insn	2, 0x
80004a60:	0109                	.insn	2, 0x0109
80004a62:	0000                	.insn	2, 0x
80004a64:	00000277          	.insn	4, 0x0277
80004a68:	007c                	.insn	2, 0x007c
80004a6a:	0000                	.insn	2, 0x
80004a6c:	000003a7          	.insn	4, 0x03a7
80004a70:	000002db          	.insn	4, 0x02db
80004a74:	0112                	.insn	2, 0x0112
80004a76:	0000                	.insn	2, 0x
80004a78:	03ad                	.insn	2, 0x03ad
80004a7a:	0000                	.insn	2, 0x
80004a7c:	030d                	.insn	2, 0x030d
80004a7e:	0000                	.insn	2, 0x
80004a80:	01a9                	.insn	2, 0x01a9
80004a82:	0000                	.insn	2, 0x
80004a84:	00b9                	.insn	2, 0x00b9
80004a86:	0000                	.insn	2, 0x
80004a88:	0172                	.insn	2, 0x0172
80004a8a:	0000                	.insn	2, 0x
80004a8c:	0000026b          	.insn	4, 0x026b
80004a90:	0140                	.insn	2, 0x0140
80004a92:	0000                	.insn	2, 0x
80004a94:	0124                	.insn	2, 0x0124
80004a96:	0000                	.insn	2, 0x
80004a98:	010d                	.insn	2, 0x010d
80004a9a:	0000                	.insn	2, 0x
80004a9c:	03a5                	.insn	2, 0x03a5
80004a9e:	0000                	.insn	2, 0x
80004aa0:	021e                	.insn	2, 0x021e
80004aa2:	0000                	.insn	2, 0x
80004aa4:	009c                	.insn	2, 0x009c
80004aa6:	0000                	.insn	2, 0x
80004aa8:	000002fb          	.insn	4, 0x02fb
80004aac:	0000033b          	.insn	4, 0x033b
80004ab0:	02f0                	.insn	2, 0x02f0
80004ab2:	0000                	.insn	2, 0x
80004ab4:	0058                	.insn	2, 0x0058
80004ab6:	0000                	.insn	2, 0x
80004ab8:	00000393          	li	t2,0
80004abc:	000003db          	.insn	4, 0x03db
80004ac0:	000e                	.insn	2, 0x000e
80004ac2:	0000                	.insn	2, 0x
80004ac4:	0275                	.insn	2, 0x0275
80004ac6:	0000                	.insn	2, 0x
80004ac8:	0001                	.insn	2, 0x0001
80004aca:	0000                	.insn	2, 0x
80004acc:	0289                	.insn	2, 0x0289
80004ace:	0000                	.insn	2, 0x
80004ad0:	038a                	.insn	2, 0x038a
80004ad2:	0000                	.insn	2, 0x
80004ad4:	0020                	.insn	2, 0x0020
80004ad6:	0000                	.insn	2, 0x
80004ad8:	000003e3          	beqz	zero,800052de <input_data+0x1726>
80004adc:	0001                	.insn	2, 0x0001
80004ade:	0000                	.insn	2, 0x
80004ae0:	0329                	.insn	2, 0x0329
80004ae2:	0000                	.insn	2, 0x
80004ae4:	02e8                	.insn	2, 0x02e8
80004ae6:	0000                	.insn	2, 0x
80004ae8:	0230                	.insn	2, 0x0230
80004aea:	0000                	.insn	2, 0x
80004aec:	0000018f          	.insn	4, 0x018f
80004af0:	0369                	.insn	2, 0x0369
80004af2:	0000                	.insn	2, 0x
80004af4:	00000393          	li	t2,0
80004af8:	03cc                	.insn	2, 0x03cc
80004afa:	0000                	.insn	2, 0x
80004afc:	00000317          	auipc	t1,0x0
80004b00:	0121                	.insn	2, 0x0121
80004b02:	0000                	.insn	2, 0x
80004b04:	022a                	.insn	2, 0x022a
80004b06:	0000                	.insn	2, 0x
80004b08:	01fd                	.insn	2, 0x01fd
80004b0a:	0000                	.insn	2, 0x
80004b0c:	03d8                	.insn	2, 0x03d8
80004b0e:	0000                	.insn	2, 0x
80004b10:	022e                	.insn	2, 0x022e
80004b12:	0000                	.insn	2, 0x
80004b14:	0212                	.insn	2, 0x0212
80004b16:	0000                	.insn	2, 0x
80004b18:	03ca                	.insn	2, 0x03ca
80004b1a:	0000                	.insn	2, 0x
80004b1c:	0258                	.insn	2, 0x0258
80004b1e:	0000                	.insn	2, 0x
80004b20:	0195                	.insn	2, 0x0195
80004b22:	0000                	.insn	2, 0x
80004b24:	0191                	.insn	2, 0x0191
80004b26:	0000                	.insn	2, 0x
80004b28:	00000243          	.insn	4, 0x0243
80004b2c:	000002ab          	.insn	4, 0x02ab
80004b30:	0125                	.insn	2, 0x0125
80004b32:	0000                	.insn	2, 0x
80004b34:	021c                	.insn	2, 0x021c
80004b36:	0000                	.insn	2, 0x
80004b38:	000000fb          	.insn	4, 0x00fb
80004b3c:	00000387          	.insn	4, 0x0387
80004b40:	0351                	.insn	2, 0x0351
80004b42:	0000                	.insn	2, 0x
80004b44:	0078                	.insn	2, 0x0078
80004b46:	0000                	.insn	2, 0x
80004b48:	0081                	.insn	2, 0x0081
80004b4a:	0000                	.insn	2, 0x
80004b4c:	000003e3          	beqz	zero,80005352 <input_data+0x179a>
80004b50:	01c4                	.insn	2, 0x01c4
80004b52:	0000                	.insn	2, 0x
80004b54:	0209                	.insn	2, 0x0209
80004b56:	0000                	.insn	2, 0x
80004b58:	02cc                	.insn	2, 0x02cc
80004b5a:	0000                	.insn	2, 0x
80004b5c:	026e                	.insn	2, 0x026e
80004b5e:	0000                	.insn	2, 0x
80004b60:	0056                	.insn	2, 0x0056
80004b62:	0000                	.insn	2, 0x
80004b64:	00e0                	.insn	2, 0x00e0
80004b66:	0000                	.insn	2, 0x
80004b68:	02a6                	.insn	2, 0x02a6
80004b6a:	0000                	.insn	2, 0x
80004b6c:	037f 0000 00b5 0000 	.insn	10, 0x0212000000b50000037f
80004b74:	0212 
80004b76:	0000                	.insn	2, 0x
80004b78:	00f0                	.insn	2, 0x00f0
80004b7a:	0000                	.insn	2, 0x
80004b7c:	0334                	.insn	2, 0x0334
80004b7e:	0000                	.insn	2, 0x
80004b80:	0000014f          	.insn	4, 0x014f
80004b84:	0000028b          	.insn	4, 0x028b
80004b88:	0319                	.insn	2, 0x0319
80004b8a:	0000                	.insn	2, 0x
80004b8c:	00e2                	.insn	2, 0x00e2
80004b8e:	0000                	.insn	2, 0x
80004b90:	0281                	.insn	2, 0x0281
80004b92:	0000                	.insn	2, 0x
80004b94:	0060                	.insn	2, 0x0060
80004b96:	0000                	.insn	2, 0x
80004b98:	0001                	.insn	2, 0x0001
80004b9a:	0000                	.insn	2, 0x
80004b9c:	0106                	.insn	2, 0x0106
80004b9e:	0000                	.insn	2, 0x
80004ba0:	0140                	.insn	2, 0x0140
80004ba2:	0000                	.insn	2, 0x
80004ba4:	0239                	.insn	2, 0x0239
80004ba6:	0000                	.insn	2, 0x
80004ba8:	000003db          	.insn	4, 0x03db
80004bac:	00ee                	.insn	2, 0x00ee
80004bae:	0000                	.insn	2, 0x
80004bb0:	0286                	.insn	2, 0x0286
80004bb2:	0000                	.insn	2, 0x
80004bb4:	007e                	.insn	2, 0x007e
80004bb6:	0000                	.insn	2, 0x
80004bb8:	02f2                	.insn	2, 0x02f2
80004bba:	0000                	.insn	2, 0x
80004bbc:	0262                	.insn	2, 0x0262
80004bbe:	0000                	.insn	2, 0x
80004bc0:	03be                	.insn	2, 0x03be
80004bc2:	0000                	.insn	2, 0x
80004bc4:	000000bf 000000cb 	.insn	8, 0x00cb000000bf
80004bcc:	00ee                	.insn	2, 0x00ee
80004bce:	0000                	.insn	2, 0x
80004bd0:	008e                	.insn	2, 0x008e
80004bd2:	0000                	.insn	2, 0x
80004bd4:	031c                	.insn	2, 0x031c
80004bd6:	0000                	.insn	2, 0x
80004bd8:	00b4                	.insn	2, 0x00b4
80004bda:	0000                	.insn	2, 0x
80004bdc:	0374                	.insn	2, 0x0374
80004bde:	0000                	.insn	2, 0x
80004be0:	0000012b          	.insn	4, 0x012b
80004be4:	023d                	.insn	2, 0x023d
80004be6:	0000                	.insn	2, 0x
80004be8:	00a5                	.insn	2, 0x00a5
80004bea:	0000                	.insn	2, 0x
80004bec:	006c                	.insn	2, 0x006c
80004bee:	0000                	.insn	2, 0x
80004bf0:	02f9                	.insn	2, 0x02f9
80004bf2:	0000                	.insn	2, 0x
80004bf4:	008c                	.insn	2, 0x008c
80004bf6:	0000                	.insn	2, 0x
80004bf8:	03ce                	.insn	2, 0x03ce
80004bfa:	0000                	.insn	2, 0x
80004bfc:	0315                	.insn	2, 0x0315
80004bfe:	0000                	.insn	2, 0x
80004c00:	0286                	.insn	2, 0x0286
80004c02:	0000                	.insn	2, 0x
80004c04:	0354                	.insn	2, 0x0354
80004c06:	0000                	.insn	2, 0x
80004c08:	0000022f          	.insn	4, 0x022f
80004c0c:	00000017          	auipc	zero,0x0
80004c10:	0000026b          	.insn	4, 0x026b
80004c14:	02c0                	.insn	2, 0x02c0
80004c16:	0000                	.insn	2, 0x
80004c18:	01a6                	.insn	2, 0x01a6
80004c1a:	0000                	.insn	2, 0x
80004c1c:	037a                	.insn	2, 0x037a
80004c1e:	0000                	.insn	2, 0x
80004c20:	0104                	.insn	2, 0x0104
80004c22:	0000                	.insn	2, 0x
80004c24:	01e0                	.insn	2, 0x01e0
80004c26:	0000                	.insn	2, 0x
80004c28:	0235                	.insn	2, 0x0235
80004c2a:	0000                	.insn	2, 0x
80004c2c:	0034                	.insn	2, 0x0034
80004c2e:	0000                	.insn	2, 0x
80004c30:	021e                	.insn	2, 0x021e
80004c32:	0000                	.insn	2, 0x
80004c34:	0174                	.insn	2, 0x0174
80004c36:	0000                	.insn	2, 0x
80004c38:	01ec                	.insn	2, 0x01ec
80004c3a:	0000                	.insn	2, 0x
80004c3c:	00c9                	.insn	2, 0x00c9
80004c3e:	0000                	.insn	2, 0x
80004c40:	03df 0000 0222      	.insn	6, 0x0222000003df
80004c46:	0000                	.insn	2, 0x
80004c48:	02e9                	.insn	2, 0x02e9
80004c4a:	0000                	.insn	2, 0x
80004c4c:	0198                	.insn	2, 0x0198
80004c4e:	0000                	.insn	2, 0x
80004c50:	000000cf          	.insn	4, 0x00cf
80004c54:	00000077          	.insn	4, 0x0077
80004c58:	0174                	.insn	2, 0x0174
80004c5a:	0000                	.insn	2, 0x
80004c5c:	0285                	.insn	2, 0x0285
80004c5e:	0000                	.insn	2, 0x
80004c60:	03a4                	.insn	2, 0x03a4
80004c62:	0000                	.insn	2, 0x
80004c64:	01d0                	.insn	2, 0x01d0
80004c66:	0000                	.insn	2, 0x
80004c68:	0298                	.insn	2, 0x0298
80004c6a:	0000                	.insn	2, 0x
80004c6c:	0051                	.insn	2, 0x0051
80004c6e:	0000                	.insn	2, 0x
80004c70:	0022                	.insn	2, 0x0022
80004c72:	0000                	.insn	2, 0x
80004c74:	0125                	.insn	2, 0x0125
80004c76:	0000                	.insn	2, 0x
80004c78:	0215                	.insn	2, 0x0215
80004c7a:	0000                	.insn	2, 0x
80004c7c:	0034                	.insn	2, 0x0034
80004c7e:	0000                	.insn	2, 0x
80004c80:	01de                	.insn	2, 0x01de
80004c82:	0000                	.insn	2, 0x
80004c84:	0370                	.insn	2, 0x0370
80004c86:	0000                	.insn	2, 0x
80004c88:	038c                	.insn	2, 0x038c
80004c8a:	0000                	.insn	2, 0x
80004c8c:	00e0                	.insn	2, 0x00e0
80004c8e:	0000                	.insn	2, 0x
80004c90:	000000cb          	.insn	4, 0x00cb
80004c94:	02e8                	.insn	2, 0x02e8
80004c96:	0000                	.insn	2, 0x
80004c98:	0021                	.insn	2, 0x0021
80004c9a:	0000                	.insn	2, 0x
80004c9c:	02df 0000 00d6      	.insn	6, 0x00d6000002df
80004ca2:	0000                	.insn	2, 0x
80004ca4:	0376                	.insn	2, 0x0376
80004ca6:	0000                	.insn	2, 0x
80004ca8:	016d                	.insn	2, 0x016d
80004caa:	0000                	.insn	2, 0x
80004cac:	000000a7          	.insn	4, 0x00a7
80004cb0:	037c                	.insn	2, 0x037c
80004cb2:	0000                	.insn	2, 0x
80004cb4:	0001                	.insn	2, 0x0001
80004cb6:	0000                	.insn	2, 0x
80004cb8:	030d                	.insn	2, 0x030d
80004cba:	0000                	.insn	2, 0x
80004cbc:	0214                	.insn	2, 0x0214
80004cbe:	0000                	.insn	2, 0x
80004cc0:	02a8                	.insn	2, 0x02a8
80004cc2:	0000                	.insn	2, 0x
80004cc4:	0141                	.insn	2, 0x0141
80004cc6:	0000                	.insn	2, 0x
80004cc8:	02c1                	.insn	2, 0x02c1
80004cca:	0000                	.insn	2, 0x
80004ccc:	00a9                	.insn	2, 0x00a9
80004cce:	0000                	.insn	2, 0x
80004cd0:	02b0                	.insn	2, 0x02b0
80004cd2:	0000                	.insn	2, 0x
80004cd4:	01e5                	.insn	2, 0x01e5
80004cd6:	0000                	.insn	2, 0x
80004cd8:	000003b3          	add	t2,zero,zero
80004cdc:	0065                	.insn	2, 0x0065
80004cde:	0000                	.insn	2, 0x
80004ce0:	0182                	.insn	2, 0x0182
80004ce2:	0000                	.insn	2, 0x
80004ce4:	00b1                	.insn	2, 0x00b1
80004ce6:	0000                	.insn	2, 0x
80004ce8:	0032                	.insn	2, 0x0032
80004cea:	0000                	.insn	2, 0x
80004cec:	002a                	.insn	2, 0x002a
80004cee:	0000                	.insn	2, 0x
80004cf0:	0065                	.insn	2, 0x0065
80004cf2:	0000                	.insn	2, 0x
80004cf4:	02c4                	.insn	2, 0x02c4
80004cf6:	0000                	.insn	2, 0x
80004cf8:	01da                	.insn	2, 0x01da
80004cfa:	0000                	.insn	2, 0x
80004cfc:	028e                	.insn	2, 0x028e
80004cfe:	0000                	.insn	2, 0x
80004d00:	0000018f          	.insn	4, 0x018f
80004d04:	00000393          	li	t2,0
80004d08:	000002a7          	.insn	4, 0x02a7
80004d0c:	0271                	.insn	2, 0x0271
80004d0e:	0000                	.insn	2, 0x
80004d10:	014a                	.insn	2, 0x014a
80004d12:	0000                	.insn	2, 0x
80004d14:	00f2                	.insn	2, 0x00f2
80004d16:	0000                	.insn	2, 0x
80004d18:	03b8                	.insn	2, 0x03b8
80004d1a:	0000                	.insn	2, 0x
80004d1c:	0336                	.insn	2, 0x0336
80004d1e:	0000                	.insn	2, 0x
80004d20:	000001d7          	.insn	4, 0x01d7
80004d24:	0000031b          	.insn	4, 0x031b
80004d28:	01dd                	.insn	2, 0x01dd
80004d2a:	0000                	.insn	2, 0x
80004d2c:	0281                	.insn	2, 0x0281
80004d2e:	0000                	.insn	2, 0x
80004d30:	02d5                	.insn	2, 0x02d5
80004d32:	0000                	.insn	2, 0x
80004d34:	00fc                	.insn	2, 0x00fc
80004d36:	0000                	.insn	2, 0x
80004d38:	02c9                	.insn	2, 0x02c9
80004d3a:	0000                	.insn	2, 0x
80004d3c:	00f5                	.insn	2, 0x00f5
80004d3e:	0000                	.insn	2, 0x
80004d40:	03a9                	.insn	2, 0x03a9
80004d42:	0000                	.insn	2, 0x
80004d44:	00000097          	auipc	ra,0x0
80004d48:	0211                	.insn	2, 0x0211
80004d4a:	0000                	.insn	2, 0x
80004d4c:	036c                	.insn	2, 0x036c
80004d4e:	0000                	.insn	2, 0x
80004d50:	0366                	.insn	2, 0x0366
80004d52:	0000                	.insn	2, 0x
80004d54:	014d                	.insn	2, 0x014d
80004d56:	0000                	.insn	2, 0x
80004d58:	004d                	.insn	2, 0x004d
80004d5a:	0000                	.insn	2, 0x
80004d5c:	0259                	.insn	2, 0x0259
80004d5e:	0000                	.insn	2, 0x
80004d60:	0221                	.insn	2, 0x0221
80004d62:	0000                	.insn	2, 0x
80004d64:	03aa                	.insn	2, 0x03aa
80004d66:	0000                	.insn	2, 0x
80004d68:	0000038b          	.insn	4, 0x038b
80004d6c:	00000307          	.insn	4, 0x0307
80004d70:	0355                	.insn	2, 0x0355
80004d72:	0000                	.insn	2, 0x
80004d74:	018d                	.insn	2, 0x018d
80004d76:	0000                	.insn	2, 0x
80004d78:	0000008f          	.insn	4, 0x008f
80004d7c:	00e9                	.insn	2, 0x00e9
80004d7e:	0000                	.insn	2, 0x
80004d80:	000003d3          	.insn	4, 0x03d3
80004d84:	000002f3          	.insn	4, 0x02f3
80004d88:	000000ef          	jal	80004d88 <input_data+0x11d0>
80004d8c:	01c6                	.insn	2, 0x01c6
80004d8e:	0000                	.insn	2, 0x
80004d90:	0069                	.insn	2, 0x0069
80004d92:	0000                	.insn	2, 0x
80004d94:	01a8                	.insn	2, 0x01a8
80004d96:	0000                	.insn	2, 0x
80004d98:	016d                	.insn	2, 0x016d
80004d9a:	0000                	.insn	2, 0x
80004d9c:	00d2                	.insn	2, 0x00d2
80004d9e:	0000                	.insn	2, 0x
80004da0:	0062                	.insn	2, 0x0062
80004da2:	0000                	.insn	2, 0x
80004da4:	03c2                	.insn	2, 0x03c2
80004da6:	0000                	.insn	2, 0x
80004da8:	0036                	.insn	2, 0x0036
80004daa:	0000                	.insn	2, 0x
80004dac:	0384                	.insn	2, 0x0384
80004dae:	0000                	.insn	2, 0x
80004db0:	0062                	.insn	2, 0x0062
80004db2:	0000                	.insn	2, 0x
80004db4:	0000039b          	.insn	4, 0x039b
80004db8:	01b8                	.insn	2, 0x01b8
80004dba:	0000                	.insn	2, 0x
80004dbc:	0000028f          	.insn	4, 0x028f
80004dc0:	02fc                	.insn	2, 0x02fc
80004dc2:	0000                	.insn	2, 0x
80004dc4:	0211                	.insn	2, 0x0211
80004dc6:	0000                	.insn	2, 0x
80004dc8:	0000013b          	.insn	4, 0x013b
80004dcc:	00000253          	.insn	4, 0x0253
80004dd0:	0150                	.insn	2, 0x0150
80004dd2:	0000                	.insn	2, 0x
80004dd4:	005a                	.insn	2, 0x005a
80004dd6:	0000                	.insn	2, 0x
80004dd8:	02b9                	.insn	2, 0x02b9
80004dda:	0000                	.insn	2, 0x
80004ddc:	01d0                	.insn	2, 0x01d0
80004dde:	0000                	.insn	2, 0x
80004de0:	0306                	.insn	2, 0x0306
80004de2:	0000                	.insn	2, 0x
80004de4:	02ad                	.insn	2, 0x02ad
80004de6:	0000                	.insn	2, 0x
80004de8:	02d6                	.insn	2, 0x02d6
80004dea:	0000                	.insn	2, 0x
80004dec:	0046                	.insn	2, 0x0046
80004dee:	0000                	.insn	2, 0x
80004df0:	0144                	.insn	2, 0x0144
80004df2:	0000                	.insn	2, 0x
80004df4:	02f2                	.insn	2, 0x02f2
80004df6:	0000                	.insn	2, 0x
80004df8:	011a                	.insn	2, 0x011a
80004dfa:	0000                	.insn	2, 0x
80004dfc:	0020                	.insn	2, 0x0020
80004dfe:	0000                	.insn	2, 0x
80004e00:	0218                	.insn	2, 0x0218
80004e02:	0000                	.insn	2, 0x
80004e04:	01ee                	.insn	2, 0x01ee
80004e06:	0000                	.insn	2, 0x
80004e08:	026e                	.insn	2, 0x026e
80004e0a:	0000                	.insn	2, 0x
80004e0c:	0019                	.insn	2, 0x0019
80004e0e:	0000                	.insn	2, 0x
80004e10:	0252                	.insn	2, 0x0252
80004e12:	0000                	.insn	2, 0x
80004e14:	0185                	.insn	2, 0x0185
80004e16:	0000                	.insn	2, 0x
80004e18:	037a                	.insn	2, 0x037a
80004e1a:	0000                	.insn	2, 0x
80004e1c:	01e8                	.insn	2, 0x01e8
80004e1e:	0000                	.insn	2, 0x
80004e20:	0000004b          	.insn	4, 0x004b
80004e24:	0025                	.insn	2, 0x0025
80004e26:	0000                	.insn	2, 0x
80004e28:	0122                	.insn	2, 0x0122
80004e2a:	0000                	.insn	2, 0x
80004e2c:	0199                	.insn	2, 0x0199
80004e2e:	0000                	.insn	2, 0x
80004e30:	01f0                	.insn	2, 0x01f0
80004e32:	0000                	.insn	2, 0x
80004e34:	027f 0000 02d6 0000 	.insn	10, 0x001b000002d60000027f
80004e3c:	001b 
80004e3e:	0000                	.insn	2, 0x
80004e40:	01c1                	.insn	2, 0x01c1
80004e42:	0000                	.insn	2, 0x
80004e44:	03b6                	.insn	2, 0x03b6
80004e46:	0000                	.insn	2, 0x
80004e48:	0224                	.insn	2, 0x0224
80004e4a:	0000                	.insn	2, 0x
80004e4c:	0000021b          	.insn	4, 0x021b
80004e50:	00000087          	.insn	4, 0x0087
80004e54:	0050                	.insn	2, 0x0050
80004e56:	0000                	.insn	2, 0x
80004e58:	0284                	.insn	2, 0x0284
80004e5a:	0000                	.insn	2, 0x
80004e5c:	0000012f          	.insn	4, 0x012f
80004e60:	0346                	.insn	2, 0x0346
80004e62:	0000                	.insn	2, 0x
80004e64:	000002d3          	.insn	4, 0x02d3
80004e68:	0122                	.insn	2, 0x0122
80004e6a:	0000                	.insn	2, 0x
80004e6c:	02de                	.insn	2, 0x02de
80004e6e:	0000                	.insn	2, 0x
80004e70:	02ff 0000 007d 0000 	.insn	10, 0x00a20000007d000002ff
80004e78:	00a2 
80004e7a:	0000                	.insn	2, 0x
80004e7c:	0228                	.insn	2, 0x0228
80004e7e:	0000                	.insn	2, 0x
80004e80:	019f 0000 00f8      	.insn	6, 0x00f80000019f
80004e86:	0000                	.insn	2, 0x
80004e88:	000001eb          	.insn	4, 0x01eb
80004e8c:	0000006b          	.insn	4, 0x006b
80004e90:	03d9                	.insn	2, 0x03d9
80004e92:	0000                	.insn	2, 0x
80004e94:	016a                	.insn	2, 0x016a
80004e96:	0000                	.insn	2, 0x
80004e98:	0074                	.insn	2, 0x0074
80004e9a:	0000                	.insn	2, 0x
80004e9c:	0030                	.insn	2, 0x0030
80004e9e:	0000                	.insn	2, 0x
80004ea0:	0269                	.insn	2, 0x0269
80004ea2:	0000                	.insn	2, 0x
80004ea4:	0365                	.insn	2, 0x0365
80004ea6:	0000                	.insn	2, 0x
80004ea8:	0000035b          	.insn	4, 0x035b
80004eac:	0090                	.insn	2, 0x0090
80004eae:	0000                	.insn	2, 0x
80004eb0:	000000eb          	.insn	4, 0x00eb
80004eb4:	0349                	.insn	2, 0x0349
80004eb6:	0000                	.insn	2, 0x
80004eb8:	011a                	.insn	2, 0x011a
80004eba:	0000                	.insn	2, 0x
80004ebc:	02d4                	.insn	2, 0x02d4
80004ebe:	0000                	.insn	2, 0x
80004ec0:	0000023b          	.insn	4, 0x023b
80004ec4:	0000014f          	.insn	4, 0x014f
80004ec8:	0391                	.insn	2, 0x0391
80004eca:	0000                	.insn	2, 0x
80004ecc:	01d6                	.insn	2, 0x01d6
80004ece:	0000                	.insn	2, 0x
80004ed0:	0230                	.insn	2, 0x0230
80004ed2:	0000                	.insn	2, 0x
80004ed4:	00000107          	.insn	4, 0x0107
80004ed8:	00c2                	.insn	2, 0x00c2
80004eda:	0000                	.insn	2, 0x
80004edc:	00000157          	.insn	4, 0x0157
80004ee0:	00f2                	.insn	2, 0x00f2
80004ee2:	0000                	.insn	2, 0x
80004ee4:	0329                	.insn	2, 0x0329
80004ee6:	0000                	.insn	2, 0x
80004ee8:	030e                	.insn	2, 0x030e
80004eea:	0000                	.insn	2, 0x
80004eec:	02a5                	.insn	2, 0x02a5
80004eee:	0000                	.insn	2, 0x
80004ef0:	03d9                	.insn	2, 0x03d9
80004ef2:	0000                	.insn	2, 0x
80004ef4:	00000153          	.insn	4, 0x0153
80004ef8:	02d8                	.insn	2, 0x02d8
80004efa:	0000                	.insn	2, 0x
80004efc:	0150                	.insn	2, 0x0150
80004efe:	0000                	.insn	2, 0x
80004f00:	0158                	.insn	2, 0x0158
80004f02:	0000                	.insn	2, 0x
80004f04:	019a                	.insn	2, 0x019a
80004f06:	0000                	.insn	2, 0x
80004f08:	01ae                	.insn	2, 0x01ae
80004f0a:	0000                	.insn	2, 0x
80004f0c:	01d1                	.insn	2, 0x01d1
80004f0e:	0000                	.insn	2, 0x
80004f10:	0265                	.insn	2, 0x0265
80004f12:	0000                	.insn	2, 0x
80004f14:	0038                	.insn	2, 0x0038
80004f16:	0000                	.insn	2, 0x
80004f18:	000002f7          	.insn	4, 0x02f7
80004f1c:	024e                	.insn	2, 0x024e
80004f1e:	0000                	.insn	2, 0x
80004f20:	00b0                	.insn	2, 0x00b0
80004f22:	0000                	.insn	2, 0x
80004f24:	01e5                	.insn	2, 0x01e5
80004f26:	0000                	.insn	2, 0x
80004f28:	0135                	.insn	2, 0x0135
80004f2a:	0000                	.insn	2, 0x
80004f2c:	0196                	.insn	2, 0x0196
80004f2e:	0000                	.insn	2, 0x
80004f30:	014d                	.insn	2, 0x014d
80004f32:	0000                	.insn	2, 0x
80004f34:	03e1                	.insn	2, 0x03e1
80004f36:	0000                	.insn	2, 0x
80004f38:	0162                	.insn	2, 0x0162
80004f3a:	0000                	.insn	2, 0x
80004f3c:	02ea                	.insn	2, 0x02ea
80004f3e:	0000                	.insn	2, 0x
80004f40:	0136                	.insn	2, 0x0136
80004f42:	0000                	.insn	2, 0x
80004f44:	00ee                	.insn	2, 0x00ee
80004f46:	0000                	.insn	2, 0x
80004f48:	000002bb          	.insn	4, 0x02bb
80004f4c:	020d                	.insn	2, 0x020d
80004f4e:	0000                	.insn	2, 0x
80004f50:	002e                	.insn	2, 0x002e
80004f52:	0000                	.insn	2, 0x
80004f54:	0150                	.insn	2, 0x0150
80004f56:	0000                	.insn	2, 0x
80004f58:	000001e7          	jalr	gp,zero # 0 <buf.2>
80004f5c:	0100                	.insn	2, 0x0100
80004f5e:	0000                	.insn	2, 0x
80004f60:	000001f7          	.insn	4, 0x01f7
80004f64:	0086                	.insn	2, 0x0086
80004f66:	0000                	.insn	2, 0x
80004f68:	0064                	.insn	2, 0x0064
80004f6a:	0000                	.insn	2, 0x
80004f6c:	0222                	.insn	2, 0x0222
80004f6e:	0000                	.insn	2, 0x
80004f70:	0189                	.insn	2, 0x0189
80004f72:	0000                	.insn	2, 0x
80004f74:	02d2                	.insn	2, 0x02d2
80004f76:	0000                	.insn	2, 0x
80004f78:	010c                	.insn	2, 0x010c
80004f7a:	0000                	.insn	2, 0x
80004f7c:	0000016f          	jal	sp,80004f7c <input_data+0x13c4>
80004f80:	013a                	.insn	2, 0x013a
80004f82:	0000                	.insn	2, 0x
80004f84:	000003af          	.insn	4, 0x03af
80004f88:	0000004b          	.insn	4, 0x004b
80004f8c:	006a                	.insn	2, 0x006a
80004f8e:	0000                	.insn	2, 0x
80004f90:	0159                	.insn	2, 0x0159
80004f92:	0000                	.insn	2, 0x
80004f94:	0275                	.insn	2, 0x0275
80004f96:	0000                	.insn	2, 0x
80004f98:	000003db          	.insn	4, 0x03db
80004f9c:	018c                	.insn	2, 0x018c
80004f9e:	0000                	.insn	2, 0x
80004fa0:	0258                	.insn	2, 0x0258
80004fa2:	0000                	.insn	2, 0x
80004fa4:	00d0                	.insn	2, 0x00d0
80004fa6:	0000                	.insn	2, 0x
80004fa8:	038c                	.insn	2, 0x038c
80004faa:	0000                	.insn	2, 0x
80004fac:	01ad                	.insn	2, 0x01ad
80004fae:	0000                	.insn	2, 0x
80004fb0:	0180                	.insn	2, 0x0180
80004fb2:	0000                	.insn	2, 0x
80004fb4:	0000020b          	.insn	4, 0x020b
80004fb8:	005c                	.insn	2, 0x005c
80004fba:	0000                	.insn	2, 0x
80004fbc:	0082                	.insn	2, 0x0082
80004fbe:	0000                	.insn	2, 0x
80004fc0:	0221                	.insn	2, 0x0221
80004fc2:	0000                	.insn	2, 0x
80004fc4:	00000163          	beqz	zero,80004fc6 <input_data+0x140e>
80004fc8:	0115                	.insn	2, 0x0115
80004fca:	0000                	.insn	2, 0x
80004fcc:	03de                	.insn	2, 0x03de
80004fce:	0000                	.insn	2, 0x
80004fd0:	029c                	.insn	2, 0x029c
80004fd2:	0000                	.insn	2, 0x
80004fd4:	02a1                	.insn	2, 0x02a1
80004fd6:	0000                	.insn	2, 0x
80004fd8:	015f 0000 03df      	.insn	6, 0x03df0000015f
80004fde:	0000                	.insn	2, 0x
80004fe0:	0355                	.insn	2, 0x0355
80004fe2:	0000                	.insn	2, 0x
80004fe4:	000002cf          	.insn	4, 0x02cf
80004fe8:	035f 0000 01c1      	.insn	6, 0x01c10000035f
80004fee:	0000                	.insn	2, 0x
80004ff0:	0138                	.insn	2, 0x0138
80004ff2:	0000                	.insn	2, 0x
80004ff4:	0054                	.insn	2, 0x0054
80004ff6:	0000                	.insn	2, 0x
80004ff8:	0064                	.insn	2, 0x0064
80004ffa:	0000                	.insn	2, 0x
80004ffc:	0268                	.insn	2, 0x0268
80004ffe:	0000                	.insn	2, 0x
80005000:	0214                	.insn	2, 0x0214
80005002:	0000                	.insn	2, 0x
80005004:	000000d3          	.insn	4, 0x00d3
80005008:	00000237          	lui	tp,0x0
8000500c:	000002c3          	.insn	4, 0x02c3
80005010:	0344                	.insn	2, 0x0344
80005012:	0000                	.insn	2, 0x
80005014:	02e1                	.insn	2, 0x02e1
80005016:	0000                	.insn	2, 0x
80005018:	0172                	.insn	2, 0x0172
8000501a:	0000                	.insn	2, 0x
8000501c:	0000034f          	.insn	4, 0x034f
80005020:	03dd                	.insn	2, 0x03dd
80005022:	0000                	.insn	2, 0x
80005024:	01c4                	.insn	2, 0x01c4
80005026:	0000                	.insn	2, 0x
80005028:	01cd                	.insn	2, 0x01cd
8000502a:	0000                	.insn	2, 0x
8000502c:	013c                	.insn	2, 0x013c
8000502e:	0000                	.insn	2, 0x
80005030:	0390                	.insn	2, 0x0390
80005032:	0000                	.insn	2, 0x
80005034:	03ce                	.insn	2, 0x03ce
80005036:	0000                	.insn	2, 0x
80005038:	00b6                	.insn	2, 0x00b6
8000503a:	0000                	.insn	2, 0x
8000503c:	02ea                	.insn	2, 0x02ea
8000503e:	0000                	.insn	2, 0x
80005040:	010c                	.insn	2, 0x010c
80005042:	0000                	.insn	2, 0x
80005044:	031c                	.insn	2, 0x031c
80005046:	0000                	.insn	2, 0x
80005048:	00a0                	.insn	2, 0x00a0
8000504a:	0000                	.insn	2, 0x
8000504c:	020a                	.insn	2, 0x020a
8000504e:	0000                	.insn	2, 0x
80005050:	00000303          	lb	t1,0(zero) # 0 <buf.2>
80005054:	026a                	.insn	2, 0x026a
80005056:	0000                	.insn	2, 0x
80005058:	0016                	.insn	2, 0x0016
8000505a:	0000                	.insn	2, 0x
8000505c:	00000073          	ecall
80005060:	0356                	.insn	2, 0x0356
80005062:	0000                	.insn	2, 0x
80005064:	000002d7          	.insn	4, 0x02d7
80005068:	0284                	.insn	2, 0x0284
8000506a:	0000                	.insn	2, 0x
8000506c:	00e2                	.insn	2, 0x00e2
8000506e:	0000                	.insn	2, 0x
80005070:	0011                	.insn	2, 0x0011
80005072:	0000                	.insn	2, 0x
80005074:	00a5                	.insn	2, 0x00a5
80005076:	0000                	.insn	2, 0x
80005078:	0000030b          	.insn	4, 0x030b
8000507c:	00c8                	.insn	2, 0x00c8
8000507e:	0000                	.insn	2, 0x
80005080:	0000038f          	.insn	4, 0x038f
80005084:	033e                	.insn	2, 0x033e
80005086:	0000                	.insn	2, 0x
80005088:	00000357          	.insn	4, 0x0357
8000508c:	02e6                	.insn	2, 0x02e6
8000508e:	0000                	.insn	2, 0x
80005090:	0089                	.insn	2, 0x0089
80005092:	0000                	.insn	2, 0x
80005094:	000000bb          	.insn	4, 0x00bb
80005098:	000003d7          	.insn	4, 0x03d7
8000509c:	02c1                	.insn	2, 0x02c1
8000509e:	0000                	.insn	2, 0x
800050a0:	02cd                	.insn	2, 0x02cd
800050a2:	0000                	.insn	2, 0x
800050a4:	029f 0000 0235      	.insn	6, 0x02350000029f
800050aa:	0000                	.insn	2, 0x
800050ac:	0311                	.insn	2, 0x0311
800050ae:	0000                	.insn	2, 0x
800050b0:	000002cf          	.insn	4, 0x02cf
800050b4:	0376                	.insn	2, 0x0376
800050b6:	0000                	.insn	2, 0x
800050b8:	00fd                	.insn	2, 0x00fd
800050ba:	0000                	.insn	2, 0x
800050bc:	03c2                	.insn	2, 0x03c2
800050be:	0000                	.insn	2, 0x
800050c0:	0311                	.insn	2, 0x0311
800050c2:	0000                	.insn	2, 0x
800050c4:	0291                	.insn	2, 0x0291
800050c6:	0000                	.insn	2, 0x
800050c8:	009a                	.insn	2, 0x009a
800050ca:	0000                	.insn	2, 0x
800050cc:	0125                	.insn	2, 0x0125
800050ce:	0000                	.insn	2, 0x
800050d0:	00c4                	.insn	2, 0x00c4
800050d2:	0000                	.insn	2, 0x
800050d4:	026c                	.insn	2, 0x026c
800050d6:	0000                	.insn	2, 0x
800050d8:	00fd                	.insn	2, 0x00fd
800050da:	0000                	.insn	2, 0x
800050dc:	0090                	.insn	2, 0x0090
800050de:	0000                	.insn	2, 0x
800050e0:	000001bf 000000ad 	.insn	8, 0x00ad000001bf
800050e8:	00000383          	lb	t2,0(zero) # 0 <buf.2>
800050ec:	031c                	.insn	2, 0x031c
800050ee:	0000                	.insn	2, 0x
800050f0:	0005                	.insn	2, 0x0005
800050f2:	0000                	.insn	2, 0x
800050f4:	0048                	.insn	2, 0x0048
800050f6:	0000                	.insn	2, 0x
800050f8:	0145                	.insn	2, 0x0145
800050fa:	0000                	.insn	2, 0x
800050fc:	02a6                	.insn	2, 0x02a6
800050fe:	0000                	.insn	2, 0x
80005100:	0268                	.insn	2, 0x0268
80005102:	0000                	.insn	2, 0x
80005104:	0050                	.insn	2, 0x0050
80005106:	0000                	.insn	2, 0x
80005108:	0135                	.insn	2, 0x0135
8000510a:	0000                	.insn	2, 0x
8000510c:	0319                	.insn	2, 0x0319
8000510e:	0000                	.insn	2, 0x
80005110:	000000af          	.insn	4, 0x00af
80005114:	02ad                	.insn	2, 0x02ad
80005116:	0000                	.insn	2, 0x
80005118:	009f 0000 027d      	.insn	6, 0x027d0000009f
8000511e:	0000                	.insn	2, 0x
80005120:	0000007b          	.insn	4, 0x007b
80005124:	000003c7          	.insn	4, 0x03c7
80005128:	0346                	.insn	2, 0x0346
8000512a:	0000                	.insn	2, 0x
8000512c:	00f1                	.insn	2, 0x00f1
8000512e:	0000                	.insn	2, 0x
80005130:	000002cb          	.insn	4, 0x02cb
80005134:	0382                	.insn	2, 0x0382
80005136:	0000                	.insn	2, 0x
80005138:	0226                	.insn	2, 0x0226
8000513a:	0000                	.insn	2, 0x
8000513c:	02b5                	.insn	2, 0x02b5
8000513e:	0000                	.insn	2, 0x
80005140:	00e6                	.insn	2, 0x00e6
80005142:	0000                	.insn	2, 0x
80005144:	0174                	.insn	2, 0x0174
80005146:	0000                	.insn	2, 0x
80005148:	0052                	.insn	2, 0x0052
8000514a:	0000                	.insn	2, 0x
8000514c:	0259                	.insn	2, 0x0259
8000514e:	0000                	.insn	2, 0x
80005150:	00000273          	.insn	4, 0x0273
80005154:	02d1                	.insn	2, 0x02d1
80005156:	0000                	.insn	2, 0x
80005158:	0144                	.insn	2, 0x0144
8000515a:	0000                	.insn	2, 0x
8000515c:	018e                	.insn	2, 0x018e
8000515e:	0000                	.insn	2, 0x
80005160:	039f 0000 0229      	.insn	6, 0x02290000039f
80005166:	0000                	.insn	2, 0x
80005168:	00000067          	jr	zero # 0 <buf.2>
8000516c:	0048                	.insn	2, 0x0048
8000516e:	0000                	.insn	2, 0x
80005170:	0011                	.insn	2, 0x0011
80005172:	0000                	.insn	2, 0x
80005174:	00ae                	.insn	2, 0x00ae
80005176:	0000                	.insn	2, 0x
80005178:	03c6                	.insn	2, 0x03c6
8000517a:	0000                	.insn	2, 0x
8000517c:	03d2                	.insn	2, 0x03d2
8000517e:	0000                	.insn	2, 0x
80005180:	009f 0000 0145      	.insn	6, 0x01450000009f
80005186:	0000                	.insn	2, 0x
80005188:	00b1                	.insn	2, 0x00b1
8000518a:	0000                	.insn	2, 0x
8000518c:	022e                	.insn	2, 0x022e
8000518e:	0000                	.insn	2, 0x
80005190:	0251                	.insn	2, 0x0251
80005192:	0000                	.insn	2, 0x
80005194:	00b9                	.insn	2, 0x00b9
80005196:	0000                	.insn	2, 0x
80005198:	0174                	.insn	2, 0x0174
8000519a:	0000                	.insn	2, 0x
8000519c:	01f9                	.insn	2, 0x01f9
8000519e:	0000                	.insn	2, 0x
800051a0:	0189                	.insn	2, 0x0189
800051a2:	0000                	.insn	2, 0x
800051a4:	0000035b          	.insn	4, 0x035b
800051a8:	00000257          	.insn	4, 0x0257
800051ac:	0000028b          	.insn	4, 0x028b
800051b0:	02e9                	.insn	2, 0x02e9
800051b2:	0000                	.insn	2, 0x
800051b4:	023d                	.insn	2, 0x023d
800051b6:	0000                	.insn	2, 0x
800051b8:	0179                	.insn	2, 0x0179
800051ba:	0000                	.insn	2, 0x
800051bc:	0141                	.insn	2, 0x0141
800051be:	0000                	.insn	2, 0x
800051c0:	0361                	.insn	2, 0x0361
800051c2:	0000                	.insn	2, 0x
800051c4:	015d                	.insn	2, 0x015d
800051c6:	0000                	.insn	2, 0x
800051c8:	0000024f          	.insn	4, 0x024f
800051cc:	0190                	.insn	2, 0x0190
800051ce:	0000                	.insn	2, 0x
800051d0:	0229                	.insn	2, 0x0229
800051d2:	0000                	.insn	2, 0x
800051d4:	037a                	.insn	2, 0x037a
800051d6:	0000                	.insn	2, 0x
800051d8:	01b8                	.insn	2, 0x01b8
800051da:	0000                	.insn	2, 0x
800051dc:	034c                	.insn	2, 0x034c
800051de:	0000                	.insn	2, 0x
800051e0:	0159                	.insn	2, 0x0159
800051e2:	0000                	.insn	2, 0x
800051e4:	0375                	.insn	2, 0x0375
800051e6:	0000                	.insn	2, 0x
800051e8:	0251                	.insn	2, 0x0251
800051ea:	0000                	.insn	2, 0x
800051ec:	03a5                	.insn	2, 0x03a5
800051ee:	0000                	.insn	2, 0x
800051f0:	0122                	.insn	2, 0x0122
800051f2:	0000                	.insn	2, 0x
800051f4:	03d4                	.insn	2, 0x03d4
800051f6:	0000                	.insn	2, 0x
800051f8:	038c                	.insn	2, 0x038c
800051fa:	0000                	.insn	2, 0x
800051fc:	01c0                	.insn	2, 0x01c0
800051fe:	0000                	.insn	2, 0x
80005200:	0220                	.insn	2, 0x0220
80005202:	0000                	.insn	2, 0x
80005204:	03dd                	.insn	2, 0x03dd
80005206:	0000                	.insn	2, 0x
80005208:	0179                	.insn	2, 0x0179
8000520a:	0000                	.insn	2, 0x
8000520c:	0032                	.insn	2, 0x0032
8000520e:	0000                	.insn	2, 0x
80005210:	01c8                	.insn	2, 0x01c8
80005212:	0000                	.insn	2, 0x
80005214:	014c                	.insn	2, 0x014c
80005216:	0000                	.insn	2, 0x
80005218:	030d                	.insn	2, 0x030d
8000521a:	0000                	.insn	2, 0x
8000521c:	0384                	.insn	2, 0x0384
8000521e:	0000                	.insn	2, 0x
80005220:	006e                	.insn	2, 0x006e
80005222:	0000                	.insn	2, 0x
80005224:	02cc                	.insn	2, 0x02cc
80005226:	0000                	.insn	2, 0x
80005228:	000001ef          	jal	gp,80005228 <input_data+0x1670>
8000522c:	000002eb          	.insn	4, 0x02eb
80005230:	0380                	.insn	2, 0x0380
80005232:	0000                	.insn	2, 0x
80005234:	01bc                	.insn	2, 0x01bc
80005236:	0000                	.insn	2, 0x
80005238:	0326                	.insn	2, 0x0326
8000523a:	0000                	.insn	2, 0x
8000523c:	0006                	.insn	2, 0x0006
8000523e:	0000                	.insn	2, 0x
80005240:	02bc                	.insn	2, 0x02bc
80005242:	0000                	.insn	2, 0x
80005244:	018a                	.insn	2, 0x018a
80005246:	0000                	.insn	2, 0x
80005248:	0224                	.insn	2, 0x0224
8000524a:	0000                	.insn	2, 0x
8000524c:	011d                	.insn	2, 0x011d
8000524e:	0000                	.insn	2, 0x
80005250:	0154                	.insn	2, 0x0154
80005252:	0000                	.insn	2, 0x
80005254:	000002bf 0000001d 	.insn	8, 0x001d000002bf
8000525c:	01c2                	.insn	2, 0x01c2
8000525e:	0000                	.insn	2, 0x
80005260:	033d                	.insn	2, 0x033d
80005262:	0000                	.insn	2, 0x
80005264:	028c                	.insn	2, 0x028c
80005266:	0000                	.insn	2, 0x
80005268:	0276                	.insn	2, 0x0276
8000526a:	0000                	.insn	2, 0x
8000526c:	00000303          	lb	t1,0(zero) # 0 <buf.2>
80005270:	0222                	.insn	2, 0x0222
80005272:	0000                	.insn	2, 0x
80005274:	01e5                	.insn	2, 0x01e5
80005276:	0000                	.insn	2, 0x
80005278:	0265                	.insn	2, 0x0265
8000527a:	0000                	.insn	2, 0x
8000527c:	0216                	.insn	2, 0x0216
8000527e:	0000                	.insn	2, 0x
80005280:	03cc                	.insn	2, 0x03cc
80005282:	0000                	.insn	2, 0x
80005284:	0000022f          	.insn	4, 0x022f
80005288:	0074                	.insn	2, 0x0074
8000528a:	0000                	.insn	2, 0x
8000528c:	01e1                	.insn	2, 0x01e1
8000528e:	0000                	.insn	2, 0x
80005290:	0139                	.insn	2, 0x0139
80005292:	0000                	.insn	2, 0x
80005294:	000001fb          	.insn	4, 0x01fb
80005298:	0388                	.insn	2, 0x0388
8000529a:	0000                	.insn	2, 0x
8000529c:	01b2                	.insn	2, 0x01b2
8000529e:	0000                	.insn	2, 0x
800052a0:	000003cb          	.insn	4, 0x03cb
800052a4:	00000157          	.insn	4, 0x0157
800052a8:	025f 0000 002a      	.insn	6, 0x002a0000025f
800052ae:	0000                	.insn	2, 0x
800052b0:	031a                	.insn	2, 0x031a
800052b2:	0000                	.insn	2, 0x
800052b4:	0310                	.insn	2, 0x0310
800052b6:	0000                	.insn	2, 0x
800052b8:	00a9                	.insn	2, 0x00a9
800052ba:	0000                	.insn	2, 0x
800052bc:	0361                	.insn	2, 0x0361
800052be:	0000                	.insn	2, 0x
800052c0:	0380                	.insn	2, 0x0380
800052c2:	0000                	.insn	2, 0x
800052c4:	01a5                	.insn	2, 0x01a5
800052c6:	0000                	.insn	2, 0x
800052c8:	000001fb          	.insn	4, 0x01fb
800052cc:	019f 0000 0394      	.insn	6, 0x03940000019f
800052d2:	0000                	.insn	2, 0x
800052d4:	00000367          	jalr	t1,zero # 0 <buf.2>
800052d8:	000001af          	.insn	4, 0x01af
800052dc:	0000021b          	.insn	4, 0x021b
800052e0:	00000153          	.insn	4, 0x0153
800052e4:	00a2                	.insn	2, 0x00a2
800052e6:	0000                	.insn	2, 0x
800052e8:	00000093          	li	ra,0
800052ec:	0069                	.insn	2, 0x0069
800052ee:	0000                	.insn	2, 0x
800052f0:	00e0                	.insn	2, 0x00e0
800052f2:	0000                	.insn	2, 0x
800052f4:	01e1                	.insn	2, 0x01e1
800052f6:	0000                	.insn	2, 0x
800052f8:	0070                	.insn	2, 0x0070
800052fa:	0000                	.insn	2, 0x
800052fc:	00000253          	.insn	4, 0x0253
80005300:	0244                	.insn	2, 0x0244
80005302:	0000                	.insn	2, 0x
80005304:	00000073          	ecall
80005308:	0342                	.insn	2, 0x0342
8000530a:	0000                	.insn	2, 0x
8000530c:	015e                	.insn	2, 0x015e
8000530e:	0000                	.insn	2, 0x
80005310:	0086                	.insn	2, 0x0086
80005312:	0000                	.insn	2, 0x
80005314:	03c4                	.insn	2, 0x03c4
80005316:	0000                	.insn	2, 0x
80005318:	03b4                	.insn	2, 0x03b4
8000531a:	0000                	.insn	2, 0x
8000531c:	011f 0000 00c9      	.insn	6, 0x00c90000011f
80005322:	0000                	.insn	2, 0x
80005324:	00e8                	.insn	2, 0x00e8
80005326:	0000                	.insn	2, 0x
80005328:	01e8                	.insn	2, 0x01e8
8000532a:	0000                	.insn	2, 0x
8000532c:	009a                	.insn	2, 0x009a
8000532e:	0000                	.insn	2, 0x
80005330:	018c                	.insn	2, 0x018c
80005332:	0000                	.insn	2, 0x
80005334:	025a                	.insn	2, 0x025a
80005336:	0000                	.insn	2, 0x
80005338:	031d                	.insn	2, 0x031d
8000533a:	0000                	.insn	2, 0x
8000533c:	0000021b          	.insn	4, 0x021b
80005340:	01de                	.insn	2, 0x01de
80005342:	0000                	.insn	2, 0x
80005344:	000003af          	.insn	4, 0x03af
80005348:	0301                	.insn	2, 0x0301
8000534a:	0000                	.insn	2, 0x
8000534c:	0368                	.insn	2, 0x0368
8000534e:	0000                	.insn	2, 0x
80005350:	023e                	.insn	2, 0x023e
80005352:	0000                	.insn	2, 0x
80005354:	0079                	.insn	2, 0x0079
80005356:	0000                	.insn	2, 0x
80005358:	01e5                	.insn	2, 0x01e5
8000535a:	0000                	.insn	2, 0x
8000535c:	028c                	.insn	2, 0x028c
8000535e:	0000                	.insn	2, 0x
80005360:	00000153          	.insn	4, 0x0153
80005364:	0000032b          	.insn	4, 0x032b
80005368:	02d1                	.insn	2, 0x02d1
8000536a:	0000                	.insn	2, 0x
8000536c:	000002eb          	.insn	4, 0x02eb
80005370:	000001c3          	.insn	4, 0x01c3
80005374:	016a                	.insn	2, 0x016a
80005376:	0000                	.insn	2, 0x
80005378:	0335                	.insn	2, 0x0335
8000537a:	0000                	.insn	2, 0x
8000537c:	0154                	.insn	2, 0x0154
8000537e:	0000                	.insn	2, 0x
80005380:	02e8                	.insn	2, 0x02e8
80005382:	0000                	.insn	2, 0x
80005384:	038e                	.insn	2, 0x038e
80005386:	0000                	.insn	2, 0x
80005388:	0000                	.insn	2, 0x
8000538a:	0000                	.insn	2, 0x
8000538c:	00ce                	.insn	2, 0x00ce
8000538e:	0000                	.insn	2, 0x
80005390:	0252                	.insn	2, 0x0252
80005392:	0000                	.insn	2, 0x
80005394:	023c                	.insn	2, 0x023c
80005396:	0000                	.insn	2, 0x
80005398:	0115                	.insn	2, 0x0115
8000539a:	0000                	.insn	2, 0x
8000539c:	01f9                	.insn	2, 0x01f9
8000539e:	0000                	.insn	2, 0x
800053a0:	0078                	.insn	2, 0x0078
800053a2:	0000                	.insn	2, 0x
800053a4:	03cd                	.insn	2, 0x03cd
800053a6:	0000                	.insn	2, 0x
800053a8:	02a8                	.insn	2, 0x02a8
800053aa:	0000                	.insn	2, 0x
800053ac:	03c1                	.insn	2, 0x03c1
800053ae:	0000                	.insn	2, 0x
800053b0:	02f5                	.insn	2, 0x02f5
800053b2:	0000                	.insn	2, 0x
800053b4:	0162                	.insn	2, 0x0162
800053b6:	0000                	.insn	2, 0x
800053b8:	0000022b          	.insn	4, 0x022b
800053bc:	00000273          	.insn	4, 0x0273
800053c0:	0000034f          	.insn	4, 0x034f
800053c4:	0351                	.insn	2, 0x0351
800053c6:	0000                	.insn	2, 0x
800053c8:	0205                	.insn	2, 0x0205
800053ca:	0000                	.insn	2, 0x
800053cc:	000003cb          	.insn	4, 0x03cb
800053d0:	0000017b          	.insn	4, 0x017b
800053d4:	038e                	.insn	2, 0x038e
800053d6:	0000                	.insn	2, 0x
800053d8:	01f9                	.insn	2, 0x01f9
800053da:	0000                	.insn	2, 0x
800053dc:	019a                	.insn	2, 0x019a
800053de:	0000                	.insn	2, 0x
800053e0:	0388                	.insn	2, 0x0388
800053e2:	0000                	.insn	2, 0x
800053e4:	0302                	.insn	2, 0x0302
800053e6:	0000                	.insn	2, 0x
800053e8:	00f6                	.insn	2, 0x00f6
800053ea:	0000                	.insn	2, 0x
800053ec:	0000003f 000000f3 	.insn	8, 0x00f30000003f
800053f4:	036a                	.insn	2, 0x036a
800053f6:	0000                	.insn	2, 0x
800053f8:	018a                	.insn	2, 0x018a
800053fa:	0000                	.insn	2, 0x
800053fc:	018c                	.insn	2, 0x018c
800053fe:	0000                	.insn	2, 0x
80005400:	01ae                	.insn	2, 0x01ae
80005402:	0000                	.insn	2, 0x
80005404:	01e2                	.insn	2, 0x01e2
80005406:	0000                	.insn	2, 0x
80005408:	00d6                	.insn	2, 0x00d6
8000540a:	0000                	.insn	2, 0x
8000540c:	0000026b          	.insn	4, 0x026b
80005410:	00f4                	.insn	2, 0x00f4
80005412:	0000                	.insn	2, 0x
80005414:	0286                	.insn	2, 0x0286
80005416:	0000                	.insn	2, 0x
80005418:	020c                	.insn	2, 0x020c
8000541a:	0000                	.insn	2, 0x
8000541c:	022d                	.insn	2, 0x022d
8000541e:	0000                	.insn	2, 0x
80005420:	0000018f          	.insn	4, 0x018f
80005424:	0148                	.insn	2, 0x0148
80005426:	0000                	.insn	2, 0x
80005428:	00ac                	.insn	2, 0x00ac
8000542a:	0000                	.insn	2, 0x
8000542c:	00000043          	.insn	4, 0x0043
80005430:	0130                	.insn	2, 0x0130
80005432:	0000                	.insn	2, 0x
80005434:	0374                	.insn	2, 0x0374
80005436:	0000                	.insn	2, 0x
80005438:	026c                	.insn	2, 0x026c
8000543a:	0000                	.insn	2, 0x
8000543c:	0200                	.insn	2, 0x0200
8000543e:	0000                	.insn	2, 0x
80005440:	0252                	.insn	2, 0x0252
80005442:	0000                	.insn	2, 0x
80005444:	03cc                	.insn	2, 0x03cc
80005446:	0000                	.insn	2, 0x
80005448:	00000217          	auipc	tp,0x0
8000544c:	0006                	.insn	2, 0x0006
8000544e:	0000                	.insn	2, 0x
80005450:	02ba                	.insn	2, 0x02ba
80005452:	0000                	.insn	2, 0x
80005454:	0201                	.insn	2, 0x0201
80005456:	0000                	.insn	2, 0x
80005458:	009f 0000 0372      	.insn	6, 0x03720000009f
8000545e:	0000                	.insn	2, 0x
80005460:	02ee                	.insn	2, 0x02ee
80005462:	0000                	.insn	2, 0x
80005464:	0232                	.insn	2, 0x0232
80005466:	0000                	.insn	2, 0x
80005468:	0329                	.insn	2, 0x0329
8000546a:	0000                	.insn	2, 0x
8000546c:	02fc                	.insn	2, 0x02fc
8000546e:	0000                	.insn	2, 0x
80005470:	01c6                	.insn	2, 0x01c6
80005472:	0000                	.insn	2, 0x
80005474:	016e                	.insn	2, 0x016e
80005476:	0000                	.insn	2, 0x
80005478:	0000004b          	.insn	4, 0x004b
8000547c:	01fa                	.insn	2, 0x01fa
8000547e:	0000                	.insn	2, 0x
80005480:	005d                	.insn	2, 0x005d
80005482:	0000                	.insn	2, 0x
80005484:	0312                	.insn	2, 0x0312
80005486:	0000                	.insn	2, 0x
80005488:	000000a7          	.insn	4, 0x00a7
8000548c:	0000033f 00000010 	.insn	8, 0x00100000033f
80005494:	017e                	.insn	2, 0x017e
80005496:	0000                	.insn	2, 0x
80005498:	0355                	.insn	2, 0x0355
8000549a:	0000                	.insn	2, 0x
8000549c:	027e                	.insn	2, 0x027e
8000549e:	0000                	.insn	2, 0x
800054a0:	01ee                	.insn	2, 0x01ee
800054a2:	0000                	.insn	2, 0x
800054a4:	01c4                	.insn	2, 0x01c4
800054a6:	0000                	.insn	2, 0x
800054a8:	0144                	.insn	2, 0x0144
800054aa:	0000                	.insn	2, 0x
800054ac:	0048                	.insn	2, 0x0048
800054ae:	0000                	.insn	2, 0x
800054b0:	004e                	.insn	2, 0x004e
800054b2:	0000                	.insn	2, 0x
800054b4:	00000053          	.insn	4, 0x0053
800054b8:	0034                	.insn	2, 0x0034
800054ba:	0000                	.insn	2, 0x
800054bc:	0000003b          	.insn	4, 0x003b
800054c0:	0070                	.insn	2, 0x0070
800054c2:	0000                	.insn	2, 0x
800054c4:	03a4                	.insn	2, 0x03a4
800054c6:	0000                	.insn	2, 0x
800054c8:	000a                	.insn	2, 0x000a
800054ca:	0000                	.insn	2, 0x
800054cc:	03a1                	.insn	2, 0x03a1
800054ce:	0000                	.insn	2, 0x
800054d0:	0156                	.insn	2, 0x0156
800054d2:	0000                	.insn	2, 0x
800054d4:	039c                	.insn	2, 0x039c
800054d6:	0000                	.insn	2, 0x
800054d8:	02da                	.insn	2, 0x02da
800054da:	0000                	.insn	2, 0x
800054dc:	03c1                	.insn	2, 0x03c1
800054de:	0000                	.insn	2, 0x
800054e0:	02a8                	.insn	2, 0x02a8
800054e2:	0000                	.insn	2, 0x
800054e4:	0045                	.insn	2, 0x0045
800054e6:	0000                	.insn	2, 0x
800054e8:	011f 0000 031d      	.insn	6, 0x031d0000011f
800054ee:	0000                	.insn	2, 0x
800054f0:	03c1                	.insn	2, 0x03c1
800054f2:	0000                	.insn	2, 0x
800054f4:	03d9                	.insn	2, 0x03d9
800054f6:	0000                	.insn	2, 0x
800054f8:	005c                	.insn	2, 0x005c
800054fa:	0000                	.insn	2, 0x
800054fc:	0356                	.insn	2, 0x0356
800054fe:	0000                	.insn	2, 0x
80005500:	0272                	.insn	2, 0x0272
80005502:	0000                	.insn	2, 0x
80005504:	0375                	.insn	2, 0x0375
80005506:	0000                	.insn	2, 0x
80005508:	0390                	.insn	2, 0x0390
8000550a:	0000                	.insn	2, 0x
8000550c:	0258                	.insn	2, 0x0258
8000550e:	0000                	.insn	2, 0x
80005510:	0268                	.insn	2, 0x0268
80005512:	0000                	.insn	2, 0x
80005514:	0185                	.insn	2, 0x0185
80005516:	0000                	.insn	2, 0x
80005518:	035c                	.insn	2, 0x035c
8000551a:	0000                	.insn	2, 0x
8000551c:	00e8                	.insn	2, 0x00e8
8000551e:	0000                	.insn	2, 0x
80005520:	02e8                	.insn	2, 0x02e8
80005522:	0000                	.insn	2, 0x
80005524:	0319                	.insn	2, 0x0319
80005526:	0000                	.insn	2, 0x
80005528:	02e8                	.insn	2, 0x02e8
8000552a:	0000                	.insn	2, 0x
8000552c:	000000b3          	add	ra,zero,zero
80005530:	01de                	.insn	2, 0x01de
80005532:	0000                	.insn	2, 0x
80005534:	0305                	.insn	2, 0x0305
80005536:	0000                	.insn	2, 0x
80005538:	00000267          	jalr	tp,zero # 0 <buf.2>
8000553c:	02b1                	.insn	2, 0x02b1
8000553e:	0000                	.insn	2, 0x
80005540:	01fc                	.insn	2, 0x01fc
80005542:	0000                	.insn	2, 0x
80005544:	00000307          	.insn	4, 0x0307
80005548:	0392                	.insn	2, 0x0392
8000554a:	0000                	.insn	2, 0x
8000554c:	01ee                	.insn	2, 0x01ee
8000554e:	0000                	.insn	2, 0x
80005550:	032a                	.insn	2, 0x032a
80005552:	0000                	.insn	2, 0x
80005554:	0000008b          	.insn	4, 0x008b
80005558:	0120                	.insn	2, 0x0120
8000555a:	0000                	.insn	2, 0x
8000555c:	00ea                	.insn	2, 0x00ea
8000555e:	0000                	.insn	2, 0x
80005560:	03ce                	.insn	2, 0x03ce
80005562:	0000                	.insn	2, 0x
80005564:	000001af          	.insn	4, 0x01af
80005568:	0081                	.insn	2, 0x0081
8000556a:	0000                	.insn	2, 0x
8000556c:	030c                	.insn	2, 0x030c
8000556e:	0000                	.insn	2, 0x
80005570:	0245                	.insn	2, 0x0245
80005572:	0000                	.insn	2, 0x
80005574:	00000173          	.insn	4, 0x0173
80005578:	0224                	.insn	2, 0x0224
8000557a:	0000                	.insn	2, 0x
8000557c:	0016                	.insn	2, 0x0016
8000557e:	0000                	.insn	2, 0x
80005580:	0364                	.insn	2, 0x0364
80005582:	0000                	.insn	2, 0x
80005584:	028d                	.insn	2, 0x028d
80005586:	0000                	.insn	2, 0x
80005588:	03d5                	.insn	2, 0x03d5
8000558a:	0000                	.insn	2, 0x
8000558c:	02e5                	.insn	2, 0x02e5
8000558e:	0000                	.insn	2, 0x
80005590:	010e                	.insn	2, 0x010e
80005592:	0000                	.insn	2, 0x
80005594:	0000032f          	.insn	4, 0x032f
80005598:	0000026f          	jal	tp,80005598 <input_data+0x19e0>
8000559c:	01ac                	.insn	2, 0x01ac
8000559e:	0000                	.insn	2, 0x
800055a0:	028d                	.insn	2, 0x028d
800055a2:	0000                	.insn	2, 0x
800055a4:	0000008b          	.insn	4, 0x008b
800055a8:	0272                	.insn	2, 0x0272
800055aa:	0000                	.insn	2, 0x
800055ac:	0000025b          	.insn	4, 0x025b
800055b0:	03de                	.insn	2, 0x03de
800055b2:	0000                	.insn	2, 0x
800055b4:	0000013b          	.insn	4, 0x013b
800055b8:	0182                	.insn	2, 0x0182
800055ba:	0000                	.insn	2, 0x
800055bc:	0158                	.insn	2, 0x0158
800055be:	0000                	.insn	2, 0x
800055c0:	00000143          	.insn	4, 0x0143
800055c4:	0379                	.insn	2, 0x0379
800055c6:	0000                	.insn	2, 0x
800055c8:	01d8                	.insn	2, 0x01d8
800055ca:	0000                	.insn	2, 0x
800055cc:	013d                	.insn	2, 0x013d
800055ce:	0000                	.insn	2, 0x
800055d0:	00a4                	.insn	2, 0x00a4
800055d2:	0000                	.insn	2, 0x
800055d4:	0104                	.insn	2, 0x0104
800055d6:	0000                	.insn	2, 0x
800055d8:	000000ef          	jal	800055d8 <input_data+0x1a20>
800055dc:	035d                	.insn	2, 0x035d
800055de:	0000                	.insn	2, 0x
800055e0:	00bd                	.insn	2, 0x00bd
800055e2:	0000                	.insn	2, 0x
800055e4:	0179                	.insn	2, 0x0179
800055e6:	0000                	.insn	2, 0x
800055e8:	0361                	.insn	2, 0x0361
800055ea:	0000                	.insn	2, 0x
800055ec:	01ff 0000 00e7 0000 	.insn	10, 0x0130000000e7000001ff
800055f4:	0130 
800055f6:	0000                	.insn	2, 0x
800055f8:	0164                	.insn	2, 0x0164
800055fa:	0000                	.insn	2, 0x
800055fc:	0046                	.insn	2, 0x0046
800055fe:	0000                	.insn	2, 0x
80005600:	0098                	.insn	2, 0x0098
80005602:	0000                	.insn	2, 0x
80005604:	00000023          	sb	zero,0(zero) # 0 <buf.2>
80005608:	0339                	.insn	2, 0x0339
8000560a:	0000                	.insn	2, 0x
8000560c:	0356                	.insn	2, 0x0356
8000560e:	0000                	.insn	2, 0x
80005610:	0148                	.insn	2, 0x0148
80005612:	0000                	.insn	2, 0x
80005614:	0240                	.insn	2, 0x0240
80005616:	0000                	.insn	2, 0x
80005618:	0186                	.insn	2, 0x0186
8000561a:	0000                	.insn	2, 0x
8000561c:	01ea                	.insn	2, 0x01ea
8000561e:	0000                	.insn	2, 0x
80005620:	0350                	.insn	2, 0x0350
80005622:	0000                	.insn	2, 0x
80005624:	0146                	.insn	2, 0x0146
80005626:	0000                	.insn	2, 0x
80005628:	0026                	.insn	2, 0x0026
8000562a:	0000                	.insn	2, 0x
8000562c:	0000012f          	.insn	4, 0x012f
80005630:	0192                	.insn	2, 0x0192
80005632:	0000                	.insn	2, 0x
80005634:	000001af          	.insn	4, 0x01af
80005638:	0268                	.insn	2, 0x0268
8000563a:	0000                	.insn	2, 0x
8000563c:	032d                	.insn	2, 0x032d
8000563e:	0000                	.insn	2, 0x
80005640:	0222                	.insn	2, 0x0222
80005642:	0000                	.insn	2, 0x
80005644:	02c4                	.insn	2, 0x02c4
80005646:	0000                	.insn	2, 0x
80005648:	00ce                	.insn	2, 0x00ce
8000564a:	0000                	.insn	2, 0x
8000564c:	0184                	.insn	2, 0x0184
8000564e:	0000                	.insn	2, 0x
80005650:	0002                	.insn	2, 0x0002
80005652:	0000                	.insn	2, 0x
80005654:	03c2                	.insn	2, 0x03c2
80005656:	0000                	.insn	2, 0x
80005658:	0000030f          	.insn	4, 0x030f
8000565c:	000003c7          	.insn	4, 0x03c7
80005660:	037a                	.insn	2, 0x037a
80005662:	0000                	.insn	2, 0x
80005664:	01ba                	.insn	2, 0x01ba
80005666:	0000                	.insn	2, 0x
80005668:	0000032f          	.insn	4, 0x032f
8000566c:	0031                	.insn	2, 0x0031
8000566e:	0000                	.insn	2, 0x
80005670:	0000033f 0000033f 	.insn	8, 0x033f0000033f
80005678:	0299                	.insn	2, 0x0299
8000567a:	0000                	.insn	2, 0x
8000567c:	000000fb          	.insn	4, 0x00fb
80005680:	019a                	.insn	2, 0x019a
80005682:	0000                	.insn	2, 0x
80005684:	0141                	.insn	2, 0x0141
80005686:	0000                	.insn	2, 0x
80005688:	005e                	.insn	2, 0x005e
8000568a:	0000                	.insn	2, 0x
8000568c:	02e5                	.insn	2, 0x02e5
8000568e:	0000                	.insn	2, 0x
80005690:	00f6                	.insn	2, 0x00f6
80005692:	0000                	.insn	2, 0x
80005694:	000000b3          	add	ra,zero,zero
80005698:	01a6                	.insn	2, 0x01a6
8000569a:	0000                	.insn	2, 0x
8000569c:	00b0                	.insn	2, 0x00b0
8000569e:	0000                	.insn	2, 0x
800056a0:	000000d3          	.insn	4, 0x00d3
800056a4:	0075                	.insn	2, 0x0075
800056a6:	0000                	.insn	2, 0x
800056a8:	000002a3          	sb	zero,5(zero) # 5 <buf.2+0x5>
800056ac:	0000020b          	.insn	4, 0x020b
800056b0:	0009                	.insn	2, 0x0009
800056b2:	0000                	.insn	2, 0x
800056b4:	02fc                	.insn	2, 0x02fc
800056b6:	0000                	.insn	2, 0x
800056b8:	0176                	.insn	2, 0x0176
800056ba:	0000                	.insn	2, 0x
800056bc:	03b8                	.insn	2, 0x03b8
800056be:	0000                	.insn	2, 0x
800056c0:	01aa                	.insn	2, 0x01aa
800056c2:	0000                	.insn	2, 0x
800056c4:	02c0                	.insn	2, 0x02c0
800056c6:	0000                	.insn	2, 0x
800056c8:	0040                	.insn	2, 0x0040
800056ca:	0000                	.insn	2, 0x
800056cc:	00000213          	li	tp,0
800056d0:	0035                	.insn	2, 0x0035
800056d2:	0000                	.insn	2, 0x
800056d4:	0324                	.insn	2, 0x0324
800056d6:	0000                	.insn	2, 0x
800056d8:	02f6                	.insn	2, 0x02f6
800056da:	0000                	.insn	2, 0x
800056dc:	00000017          	auipc	zero,0x0
800056e0:	0000032b          	.insn	4, 0x032b
800056e4:	00000263          	beqz	zero,800056e8 <input_data+0x1b30>
800056e8:	01f4                	.insn	2, 0x01f4
800056ea:	0000                	.insn	2, 0x
800056ec:	034e                	.insn	2, 0x034e
800056ee:	0000                	.insn	2, 0x
800056f0:	01b5                	.insn	2, 0x01b5
800056f2:	0000                	.insn	2, 0x
800056f4:	00000177          	.insn	4, 0x0177
800056f8:	0000014f          	.insn	4, 0x014f
800056fc:	0356                	.insn	2, 0x0356
800056fe:	0000                	.insn	2, 0x
80005700:	0148                	.insn	2, 0x0148
80005702:	0000                	.insn	2, 0x
80005704:	000003cb          	.insn	4, 0x03cb
80005708:	00ed                	.insn	2, 0x00ed
8000570a:	0000                	.insn	2, 0x
8000570c:	0018                	.insn	2, 0x0018
8000570e:	0000                	.insn	2, 0x
80005710:	019f 0000 027f      	.insn	6, 0x027f0000019f
80005716:	0000                	.insn	2, 0x
80005718:	01d4                	.insn	2, 0x01d4
8000571a:	0000                	.insn	2, 0x
8000571c:	013e                	.insn	2, 0x013e
8000571e:	0000                	.insn	2, 0x
80005720:	02ac                	.insn	2, 0x02ac
80005722:	0000                	.insn	2, 0x
80005724:	000002d3          	.insn	4, 0x02d3
80005728:	0235                	.insn	2, 0x0235
8000572a:	0000                	.insn	2, 0x
8000572c:	0296                	.insn	2, 0x0296
8000572e:	0000                	.insn	2, 0x
80005730:	0131                	.insn	2, 0x0131
80005732:	0000                	.insn	2, 0x
80005734:	00000287          	.insn	4, 0x0287
80005738:	01c1                	.insn	2, 0x01c1
8000573a:	0000                	.insn	2, 0x
8000573c:	0119                	.insn	2, 0x0119
8000573e:	0000                	.insn	2, 0x
80005740:	0255                	.insn	2, 0x0255
80005742:	0000                	.insn	2, 0x
80005744:	009e                	.insn	2, 0x009e
80005746:	0000                	.insn	2, 0x
80005748:	0088                	.insn	2, 0x0088
8000574a:	0000                	.insn	2, 0x
8000574c:	0126                	.insn	2, 0x0126
8000574e:	0000                	.insn	2, 0x
80005750:	0372                	.insn	2, 0x0372
80005752:	0000                	.insn	2, 0x
80005754:	0375                	.insn	2, 0x0375
80005756:	0000                	.insn	2, 0x
80005758:	017f 0000 02de 0000 	.insn	10, 0x03aa000002de0000017f
80005760:	03aa 
80005762:	0000                	.insn	2, 0x
80005764:	0362                	.insn	2, 0x0362
80005766:	0000                	.insn	2, 0x
80005768:	010c                	.insn	2, 0x010c
8000576a:	0000                	.insn	2, 0x
8000576c:	000001d7          	.insn	4, 0x01d7
80005770:	00000073          	ecall
80005774:	0128                	.insn	2, 0x0128
80005776:	0000                	.insn	2, 0x
80005778:	038c                	.insn	2, 0x038c
8000577a:	0000                	.insn	2, 0x
8000577c:	02a1                	.insn	2, 0x02a1
8000577e:	0000                	.insn	2, 0x
80005780:	0032                	.insn	2, 0x0032
80005782:	0000                	.insn	2, 0x
80005784:	01d8                	.insn	2, 0x01d8
80005786:	0000                	.insn	2, 0x
80005788:	03b8                	.insn	2, 0x03b8
8000578a:	0000                	.insn	2, 0x
8000578c:	000001b7          	lui	gp,0x0
80005790:	016e                	.insn	2, 0x016e
80005792:	0000                	.insn	2, 0x
80005794:	0005                	.insn	2, 0x0005
80005796:	0000                	.insn	2, 0x
80005798:	018d                	.insn	2, 0x018d
8000579a:	0000                	.insn	2, 0x
8000579c:	0000009b          	.insn	4, 0x009b
800057a0:	0101                	.insn	2, 0x0101
800057a2:	0000                	.insn	2, 0x
800057a4:	01fa                	.insn	2, 0x01fa
800057a6:	0000                	.insn	2, 0x
800057a8:	000000e7          	jalr	zero # 0 <buf.2>
800057ac:	03b4                	.insn	2, 0x03b4
800057ae:	0000                	.insn	2, 0x
800057b0:	0000029b          	.insn	4, 0x029b
800057b4:	0258                	.insn	2, 0x0258
800057b6:	0000                	.insn	2, 0x
800057b8:	00000023          	sb	zero,0(zero) # 0 <buf.2>
800057bc:	01bd                	.insn	2, 0x01bd
800057be:	0000                	.insn	2, 0x
800057c0:	03de                	.insn	2, 0x03de
800057c2:	0000                	.insn	2, 0x
800057c4:	00de                	.insn	2, 0x00de
800057c6:	0000                	.insn	2, 0x
800057c8:	000001bb          	.insn	4, 0x01bb
800057cc:	0310                	.insn	2, 0x0310
800057ce:	0000                	.insn	2, 0x
800057d0:	00d5                	.insn	2, 0x00d5
800057d2:	0000                	.insn	2, 0x
800057d4:	015d                	.insn	2, 0x015d
800057d6:	0000                	.insn	2, 0x
800057d8:	0185                	.insn	2, 0x0185
800057da:	0000                	.insn	2, 0x
800057dc:	000003af          	.insn	4, 0x03af
800057e0:	000d                	.insn	2, 0x000d
800057e2:	0000                	.insn	2, 0x
800057e4:	0096                	.insn	2, 0x0096
800057e6:	0000                	.insn	2, 0x
800057e8:	026d                	.insn	2, 0x026d
800057ea:	0000                	.insn	2, 0x
800057ec:	016e                	.insn	2, 0x016e
800057ee:	0000                	.insn	2, 0x
800057f0:	0034                	.insn	2, 0x0034
800057f2:	0000                	.insn	2, 0x
800057f4:	01bc                	.insn	2, 0x01bc
800057f6:	0000                	.insn	2, 0x
800057f8:	0264                	.insn	2, 0x0264
800057fa:	0000                	.insn	2, 0x
800057fc:	025c                	.insn	2, 0x025c
800057fe:	0000                	.insn	2, 0x
80005800:	03a6                	.insn	2, 0x03a6
80005802:	0000                	.insn	2, 0x
80005804:	02d0                	.insn	2, 0x02d0
80005806:	0000                	.insn	2, 0x
80005808:	03b9                	.insn	2, 0x03b9
8000580a:	0000                	.insn	2, 0x
8000580c:	0154                	.insn	2, 0x0154
8000580e:	0000                	.insn	2, 0x
80005810:	033c                	.insn	2, 0x033c
80005812:	0000                	.insn	2, 0x
80005814:	03cc                	.insn	2, 0x03cc
80005816:	0000                	.insn	2, 0x
80005818:	01ce                	.insn	2, 0x01ce
8000581a:	0000                	.insn	2, 0x
8000581c:	0000038f          	.insn	4, 0x038f
80005820:	026d                	.insn	2, 0x026d
80005822:	0000                	.insn	2, 0x
80005824:	0141                	.insn	2, 0x0141
80005826:	0000                	.insn	2, 0x
80005828:	032c                	.insn	2, 0x032c
8000582a:	0000                	.insn	2, 0x
8000582c:	000001b3          	add	gp,zero,zero
80005830:	020a                	.insn	2, 0x020a
80005832:	0000                	.insn	2, 0x
80005834:	0032                	.insn	2, 0x0032
80005836:	0000                	.insn	2, 0x
80005838:	02a0                	.insn	2, 0x02a0
8000583a:	0000                	.insn	2, 0x
8000583c:	004e                	.insn	2, 0x004e
8000583e:	0000                	.insn	2, 0x
80005840:	0039                	.insn	2, 0x0039
80005842:	0000                	.insn	2, 0x
80005844:	02f9                	.insn	2, 0x02f9
80005846:	0000                	.insn	2, 0x
80005848:	0139                	.insn	2, 0x0139
8000584a:	0000                	.insn	2, 0x
8000584c:	03b6                	.insn	2, 0x03b6
8000584e:	0000                	.insn	2, 0x
80005850:	0160                	.insn	2, 0x0160
80005852:	0000                	.insn	2, 0x
80005854:	00ee                	.insn	2, 0x00ee
80005856:	0000                	.insn	2, 0x
80005858:	00000037          	lui	zero,0x0
8000585c:	0000001b          	.insn	4, 0x001b
80005860:	03cc                	.insn	2, 0x03cc
80005862:	0000                	.insn	2, 0x
80005864:	00e2                	.insn	2, 0x00e2
80005866:	0000                	.insn	2, 0x
80005868:	02f1                	.insn	2, 0x02f1
8000586a:	0000                	.insn	2, 0x
8000586c:	00c9                	.insn	2, 0x00c9
8000586e:	0000                	.insn	2, 0x
80005870:	01a0                	.insn	2, 0x01a0
80005872:	0000                	.insn	2, 0x
80005874:	00b0                	.insn	2, 0x00b0
80005876:	0000                	.insn	2, 0x
80005878:	0000036f          	jal	t1,80005878 <input_data+0x1cc0>
8000587c:	036d                	.insn	2, 0x036d
8000587e:	0000                	.insn	2, 0x
80005880:	0360                	.insn	2, 0x0360
80005882:	0000                	.insn	2, 0x
80005884:	01c2                	.insn	2, 0x01c2
80005886:	0000                	.insn	2, 0x
80005888:	023c                	.insn	2, 0x023c
8000588a:	0000                	.insn	2, 0x
8000588c:	0000036f          	jal	t1,8000588c <input_data+0x1cd4>
80005890:	000000a3          	sb	zero,1(zero) # 1 <buf.2+0x1>
80005894:	00000063          	beqz	zero,80005894 <input_data+0x1cdc>
80005898:	02d1                	.insn	2, 0x02d1
8000589a:	0000                	.insn	2, 0x
8000589c:	0000008f          	.insn	4, 0x008f
800058a0:	000c                	.insn	2, 0x000c
800058a2:	0000                	.insn	2, 0x
800058a4:	001f 0000 0283      	.insn	6, 0x02830000001f
800058aa:	0000                	.insn	2, 0x
800058ac:	032c                	.insn	2, 0x032c
800058ae:	0000                	.insn	2, 0x
800058b0:	000001fb          	.insn	4, 0x01fb
800058b4:	00000303          	lb	t1,0(zero) # 0 <buf.2>
800058b8:	03c8                	.insn	2, 0x03c8
800058ba:	0000                	.insn	2, 0x
800058bc:	0000020f          	.insn	4, 0x020f
800058c0:	030d                	.insn	2, 0x030d
800058c2:	0000                	.insn	2, 0x
800058c4:	01e8                	.insn	2, 0x01e8
800058c6:	0000                	.insn	2, 0x
800058c8:	0348                	.insn	2, 0x0348
800058ca:	0000                	.insn	2, 0x
800058cc:	031d                	.insn	2, 0x031d
800058ce:	0000                	.insn	2, 0x
800058d0:	00f2                	.insn	2, 0x00f2
800058d2:	0000                	.insn	2, 0x
800058d4:	00c2                	.insn	2, 0x00c2
800058d6:	0000                	.insn	2, 0x
800058d8:	0276                	.insn	2, 0x0276
800058da:	0000                	.insn	2, 0x
800058dc:	0125                	.insn	2, 0x0125
800058de:	0000                	.insn	2, 0x
800058e0:	032a                	.insn	2, 0x032a
800058e2:	0000                	.insn	2, 0x
800058e4:	03c6                	.insn	2, 0x03c6
800058e6:	0000                	.insn	2, 0x
800058e8:	0000031b          	.insn	4, 0x031b
800058ec:	0114                	.insn	2, 0x0114
800058ee:	0000                	.insn	2, 0x
800058f0:	000001b3          	add	gp,zero,zero
800058f4:	0159                	.insn	2, 0x0159
800058f6:	0000                	.insn	2, 0x
800058f8:	0375                	.insn	2, 0x0375
800058fa:	0000                	.insn	2, 0x
800058fc:	019d                	.insn	2, 0x019d
800058fe:	0000                	.insn	2, 0x
80005900:	00000257          	.insn	4, 0x0257
80005904:	00c5                	.insn	2, 0x00c5
80005906:	0000                	.insn	2, 0x
80005908:	02b8                	.insn	2, 0x02b8
8000590a:	0000                	.insn	2, 0x
8000590c:	0182                	.insn	2, 0x0182
8000590e:	0000                	.insn	2, 0x
80005910:	00000283          	lb	t0,0(zero) # 0 <buf.2>
80005914:	0074                	.insn	2, 0x0074
80005916:	0000                	.insn	2, 0x
80005918:	005d                	.insn	2, 0x005d
8000591a:	0000                	.insn	2, 0x
8000591c:	0142                	.insn	2, 0x0142
8000591e:	0000                	.insn	2, 0x
80005920:	02c6                	.insn	2, 0x02c6
80005922:	0000                	.insn	2, 0x
80005924:	02a8                	.insn	2, 0x02a8
80005926:	0000                	.insn	2, 0x
80005928:	0311                	.insn	2, 0x0311
8000592a:	0000                	.insn	2, 0x
8000592c:	021a                	.insn	2, 0x021a
8000592e:	0000                	.insn	2, 0x
80005930:	0070                	.insn	2, 0x0070
80005932:	0000                	.insn	2, 0x
80005934:	0229                	.insn	2, 0x0229
80005936:	0000                	.insn	2, 0x
80005938:	0245                	.insn	2, 0x0245
8000593a:	0000                	.insn	2, 0x
8000593c:	03c0                	.insn	2, 0x03c0
8000593e:	0000                	.insn	2, 0x
80005940:	000c                	.insn	2, 0x000c
80005942:	0000                	.insn	2, 0x
80005944:	036a                	.insn	2, 0x036a
80005946:	0000                	.insn	2, 0x
80005948:	0000039b          	.insn	4, 0x039b
8000594c:	0030                	.insn	2, 0x0030
8000594e:	0000                	.insn	2, 0x
80005950:	00000267          	jalr	tp,zero # 0 <buf.2>
80005954:	01fa                	.insn	2, 0x01fa
80005956:	0000                	.insn	2, 0x
80005958:	028c                	.insn	2, 0x028c
8000595a:	0000                	.insn	2, 0x
8000595c:	0382                	.insn	2, 0x0382
8000595e:	0000                	.insn	2, 0x
80005960:	00000167          	jalr	sp,zero # 0 <buf.2>
80005964:	0000021b          	.insn	4, 0x021b
80005968:	0105                	.insn	2, 0x0105
8000596a:	0000                	.insn	2, 0x
8000596c:	000001ef          	jal	gp,8000596c <input_data+0x1db4>
80005970:	00e9                	.insn	2, 0x00e9
80005972:	0000                	.insn	2, 0x
80005974:	02fc                	.insn	2, 0x02fc
80005976:	0000                	.insn	2, 0x
80005978:	0261                	.insn	2, 0x0261
8000597a:	0000                	.insn	2, 0x
8000597c:	0325                	.insn	2, 0x0325
8000597e:	0000                	.insn	2, 0x
80005980:	02ae                	.insn	2, 0x02ae
80005982:	0000                	.insn	2, 0x
80005984:	011e                	.insn	2, 0x011e
80005986:	0000                	.insn	2, 0x
80005988:	0000021b          	.insn	4, 0x021b
8000598c:	01b0                	.insn	2, 0x01b0
8000598e:	0000                	.insn	2, 0x
80005990:	0076                	.insn	2, 0x0076
80005992:	0000                	.insn	2, 0x
80005994:	0344                	.insn	2, 0x0344
80005996:	0000                	.insn	2, 0x
80005998:	0230                	.insn	2, 0x0230
8000599a:	0000                	.insn	2, 0x
8000599c:	00c0                	.insn	2, 0x00c0
8000599e:	0000                	.insn	2, 0x
800059a0:	000002e3          	beqz	zero,800061a4 <input_data+0x25ec>
800059a4:	0339                	.insn	2, 0x0339
800059a6:	0000                	.insn	2, 0x
800059a8:	0014                	.insn	2, 0x0014
800059aa:	0000                	.insn	2, 0x
800059ac:	030a                	.insn	2, 0x030a
800059ae:	0000                	.insn	2, 0x
800059b0:	013d                	.insn	2, 0x013d
800059b2:	0000                	.insn	2, 0x
800059b4:	024a                	.insn	2, 0x024a
800059b6:	0000                	.insn	2, 0x
800059b8:	03d0                	.insn	2, 0x03d0
800059ba:	0000                	.insn	2, 0x
800059bc:	00000167          	jalr	sp,zero # 0 <buf.2>
800059c0:	023d                	.insn	2, 0x023d
800059c2:	0000                	.insn	2, 0x
800059c4:	0160                	.insn	2, 0x0160
800059c6:	0000                	.insn	2, 0x
800059c8:	0182                	.insn	2, 0x0182
800059ca:	0000                	.insn	2, 0x
800059cc:	02ea                	.insn	2, 0x02ea
800059ce:	0000                	.insn	2, 0x
800059d0:	0304                	.insn	2, 0x0304
800059d2:	0000                	.insn	2, 0x
800059d4:	0000000b          	.insn	4, 0x000b
800059d8:	00000297          	auipc	t0,0x0
800059dc:	02ed                	.insn	2, 0x02ed
800059de:	0000                	.insn	2, 0x
800059e0:	01f8                	.insn	2, 0x01f8
800059e2:	0000                	.insn	2, 0x
800059e4:	0005                	.insn	2, 0x0005
800059e6:	0000                	.insn	2, 0x
800059e8:	00d4                	.insn	2, 0x00d4
800059ea:	0000                	.insn	2, 0x
800059ec:	0198                	.insn	2, 0x0198
800059ee:	0000                	.insn	2, 0x
800059f0:	0378                	.insn	2, 0x0378
800059f2:	0000                	.insn	2, 0x
800059f4:	00000283          	lb	t0,0(zero) # 0 <buf.2>
800059f8:	0000038b          	.insn	4, 0x038b
800059fc:	01b9                	.insn	2, 0x01b9
800059fe:	0000                	.insn	2, 0x
80005a00:	01a4                	.insn	2, 0x01a4
80005a02:	0000                	.insn	2, 0x
80005a04:	0170                	.insn	2, 0x0170
80005a06:	0000                	.insn	2, 0x
80005a08:	02e1                	.insn	2, 0x02e1
80005a0a:	0000                	.insn	2, 0x
80005a0c:	0061                	.insn	2, 0x0061
80005a0e:	0000                	.insn	2, 0x
80005a10:	0204                	.insn	2, 0x0204
80005a12:	0000                	.insn	2, 0x
80005a14:	00a9                	.insn	2, 0x00a9
80005a16:	0000                	.insn	2, 0x
80005a18:	0019                	.insn	2, 0x0019
80005a1a:	0000                	.insn	2, 0x
80005a1c:	00000167          	jalr	sp,zero # 0 <buf.2>
80005a20:	000000db          	.insn	4, 0x00db
80005a24:	0000020f          	.insn	4, 0x020f
80005a28:	031d                	.insn	2, 0x031d
80005a2a:	0000                	.insn	2, 0x
80005a2c:	02a0                	.insn	2, 0x02a0
80005a2e:	0000                	.insn	2, 0x
80005a30:	02cc                	.insn	2, 0x02cc
80005a32:	0000                	.insn	2, 0x
80005a34:	0045                	.insn	2, 0x0045
80005a36:	0000                	.insn	2, 0x
80005a38:	01c4                	.insn	2, 0x01c4
80005a3a:	0000                	.insn	2, 0x
80005a3c:	0370                	.insn	2, 0x0370
80005a3e:	0000                	.insn	2, 0x
80005a40:	02b4                	.insn	2, 0x02b4
80005a42:	0000                	.insn	2, 0x
80005a44:	012a                	.insn	2, 0x012a
80005a46:	0000                	.insn	2, 0x
80005a48:	000002ab          	.insn	4, 0x02ab
80005a4c:	012c                	.insn	2, 0x012c
80005a4e:	0000                	.insn	2, 0x
80005a50:	000001cb          	.insn	4, 0x01cb
80005a54:	00000147          	.insn	4, 0x0147
80005a58:	0000032f          	.insn	4, 0x032f
80005a5c:	0000039b          	.insn	4, 0x039b
80005a60:	00000143          	.insn	4, 0x0143
80005a64:	033d                	.insn	2, 0x033d
80005a66:	0000                	.insn	2, 0x
80005a68:	0264                	.insn	2, 0x0264
80005a6a:	0000                	.insn	2, 0x
80005a6c:	0330                	.insn	2, 0x0330
80005a6e:	0000                	.insn	2, 0x
80005a70:	000000f7          	.insn	4, 0x00f7
80005a74:	01f1                	.insn	2, 0x01f1
80005a76:	0000                	.insn	2, 0x
80005a78:	0074                	.insn	2, 0x0074
80005a7a:	0000                	.insn	2, 0x
80005a7c:	000000f3          	.insn	4, 0x00f3
80005a80:	0160                	.insn	2, 0x0160
80005a82:	0000                	.insn	2, 0x
80005a84:	03d5                	.insn	2, 0x03d5
80005a86:	0000                	.insn	2, 0x
80005a88:	0119                	.insn	2, 0x0119
80005a8a:	0000                	.insn	2, 0x
80005a8c:	0395                	.insn	2, 0x0395
80005a8e:	0000                	.insn	2, 0x
80005a90:	02e2                	.insn	2, 0x02e2
80005a92:	0000                	.insn	2, 0x
80005a94:	02c9                	.insn	2, 0x02c9
80005a96:	0000                	.insn	2, 0x
80005a98:	0122                	.insn	2, 0x0122
80005a9a:	0000                	.insn	2, 0x
80005a9c:	028d                	.insn	2, 0x028d
80005a9e:	0000                	.insn	2, 0x
80005aa0:	038d                	.insn	2, 0x038d
80005aa2:	0000                	.insn	2, 0x
80005aa4:	000001f7          	.insn	4, 0x01f7
80005aa8:	0285                	.insn	2, 0x0285
80005aaa:	0000                	.insn	2, 0x
80005aac:	0196                	.insn	2, 0x0196
80005aae:	0000                	.insn	2, 0x
80005ab0:	0271                	.insn	2, 0x0271
80005ab2:	0000                	.insn	2, 0x
80005ab4:	021f 0000 03a4      	.insn	6, 0x03a40000021f
80005aba:	0000                	.insn	2, 0x
80005abc:	006c                	.insn	2, 0x006c
80005abe:	0000                	.insn	2, 0x
80005ac0:	00dc                	.insn	2, 0x00dc
80005ac2:	0000                	.insn	2, 0x
80005ac4:	0130                	.insn	2, 0x0130
80005ac6:	0000                	.insn	2, 0x
80005ac8:	02ad                	.insn	2, 0x02ad
80005aca:	0000                	.insn	2, 0x
80005acc:	01d0                	.insn	2, 0x01d0
80005ace:	0000                	.insn	2, 0x
80005ad0:	0175                	.insn	2, 0x0175
80005ad2:	0000                	.insn	2, 0x
80005ad4:	03ba                	.insn	2, 0x03ba
80005ad6:	0000                	.insn	2, 0x
80005ad8:	036c                	.insn	2, 0x036c
80005ada:	0000                	.insn	2, 0x
80005adc:	0056                	.insn	2, 0x0056
80005ade:	0000                	.insn	2, 0x
80005ae0:	0286                	.insn	2, 0x0286
80005ae2:	0000                	.insn	2, 0x
80005ae4:	0322                	.insn	2, 0x0322
80005ae6:	0000                	.insn	2, 0x
80005ae8:	019c                	.insn	2, 0x019c
80005aea:	0000                	.insn	2, 0x
80005aec:	01be                	.insn	2, 0x01be
80005aee:	0000                	.insn	2, 0x
80005af0:	000003bb          	.insn	4, 0x03bb
80005af4:	001c                	.insn	2, 0x001c
80005af6:	0000                	.insn	2, 0x
80005af8:	0298                	.insn	2, 0x0298
80005afa:	0000                	.insn	2, 0x
80005afc:	0000021b          	.insn	4, 0x021b
80005b00:	0352                	.insn	2, 0x0352
80005b02:	0000                	.insn	2, 0x
80005b04:	0000028f          	.insn	4, 0x028f
80005b08:	0000030f          	.insn	4, 0x030f
80005b0c:	001c                	.insn	2, 0x001c
80005b0e:	0000                	.insn	2, 0x
80005b10:	0188                	.insn	2, 0x0188
80005b12:	0000                	.insn	2, 0x
80005b14:	01d6                	.insn	2, 0x01d6
80005b16:	0000                	.insn	2, 0x
80005b18:	000002c3          	.insn	4, 0x02c3
80005b1c:	02df 0000 01a6      	.insn	6, 0x01a6000002df
80005b22:	0000                	.insn	2, 0x
80005b24:	03ad                	.insn	2, 0x03ad
80005b26:	0000                	.insn	2, 0x
80005b28:	0000020b          	.insn	4, 0x020b
80005b2c:	0262                	.insn	2, 0x0262
80005b2e:	0000                	.insn	2, 0x
80005b30:	02aa                	.insn	2, 0x02aa
80005b32:	0000                	.insn	2, 0x
80005b34:	000001c3          	.insn	4, 0x01c3
80005b38:	0025                	.insn	2, 0x0025
80005b3a:	0000                	.insn	2, 0x
80005b3c:	02a0                	.insn	2, 0x02a0
80005b3e:	0000                	.insn	2, 0x
80005b40:	009c                	.insn	2, 0x009c
80005b42:	0000                	.insn	2, 0x
80005b44:	00ed                	.insn	2, 0x00ed
80005b46:	0000                	.insn	2, 0x
80005b48:	0000002b          	.insn	4, 0x002b
80005b4c:	02fe                	.insn	2, 0x02fe
80005b4e:	0000                	.insn	2, 0x
80005b50:	02ff 0000 02c9 0000 	.insn	10, 0x007c000002c9000002ff
80005b58:	007c 
80005b5a:	0000                	.insn	2, 0x
80005b5c:	0199                	.insn	2, 0x0199
80005b5e:	0000                	.insn	2, 0x
80005b60:	0225                	.insn	2, 0x0225
80005b62:	0000                	.insn	2, 0x
80005b64:	0365                	.insn	2, 0x0365
80005b66:	0000                	.insn	2, 0x
80005b68:	032e                	.insn	2, 0x032e
80005b6a:	0000                	.insn	2, 0x
80005b6c:	00ba                	.insn	2, 0x00ba
80005b6e:	0000                	.insn	2, 0x
80005b70:	000000fb          	.insn	4, 0x00fb
80005b74:	000001db          	.insn	4, 0x01db
80005b78:	00d6                	.insn	2, 0x00d6
80005b7a:	0000                	.insn	2, 0x
80005b7c:	0238                	.insn	2, 0x0238
80005b7e:	0000                	.insn	2, 0x
80005b80:	00d4                	.insn	2, 0x00d4
80005b82:	0000                	.insn	2, 0x
80005b84:	002c                	.insn	2, 0x002c
80005b86:	0000                	.insn	2, 0x
80005b88:	023c                	.insn	2, 0x023c
80005b8a:	0000                	.insn	2, 0x
80005b8c:	03e5                	.insn	2, 0x03e5
80005b8e:	0000                	.insn	2, 0x
80005b90:	0382                	.insn	2, 0x0382
80005b92:	0000                	.insn	2, 0x
80005b94:	0000008b          	.insn	4, 0x008b
80005b98:	03bc                	.insn	2, 0x03bc
80005b9a:	0000                	.insn	2, 0x
80005b9c:	01c8                	.insn	2, 0x01c8
80005b9e:	0000                	.insn	2, 0x
80005ba0:	0260                	.insn	2, 0x0260
80005ba2:	0000                	.insn	2, 0x
80005ba4:	01d6                	.insn	2, 0x01d6
80005ba6:	0000                	.insn	2, 0x
80005ba8:	0000028b          	.insn	4, 0x028b
80005bac:	0236                	.insn	2, 0x0236
80005bae:	0000                	.insn	2, 0x
80005bb0:	01b2                	.insn	2, 0x01b2
80005bb2:	0000                	.insn	2, 0x
80005bb4:	0198                	.insn	2, 0x0198
80005bb6:	0000                	.insn	2, 0x
80005bb8:	038a                	.insn	2, 0x038a
80005bba:	0000                	.insn	2, 0x
80005bbc:	02f4                	.insn	2, 0x02f4
80005bbe:	0000                	.insn	2, 0x
80005bc0:	03ca                	.insn	2, 0x03ca
80005bc2:	0000                	.insn	2, 0x
80005bc4:	023d                	.insn	2, 0x023d
80005bc6:	0000                	.insn	2, 0x
80005bc8:	0280                	.insn	2, 0x0280
80005bca:	0000                	.insn	2, 0x
80005bcc:	036d                	.insn	2, 0x036d
80005bce:	0000                	.insn	2, 0x
80005bd0:	000002af          	.insn	4, 0x02af
80005bd4:	0018                	.insn	2, 0x0018
80005bd6:	0000                	.insn	2, 0x
80005bd8:	0282                	.insn	2, 0x0282
80005bda:	0000                	.insn	2, 0x
80005bdc:	01fa                	.insn	2, 0x01fa
80005bde:	0000                	.insn	2, 0x
80005be0:	0109                	.insn	2, 0x0109
80005be2:	0000                	.insn	2, 0x
80005be4:	0170                	.insn	2, 0x0170
80005be6:	0000                	.insn	2, 0x
80005be8:	0000010f          	.insn	4, 0x010f
80005bec:	0000018f          	.insn	4, 0x018f
80005bf0:	03cc                	.insn	2, 0x03cc
80005bf2:	0000                	.insn	2, 0x
80005bf4:	03b6                	.insn	2, 0x03b6
80005bf6:	0000                	.insn	2, 0x
80005bf8:	032e                	.insn	2, 0x032e
80005bfa:	0000                	.insn	2, 0x
80005bfc:	006d                	.insn	2, 0x006d
80005bfe:	0000                	.insn	2, 0x
80005c00:	0338                	.insn	2, 0x0338
80005c02:	0000                	.insn	2, 0x
80005c04:	00000253          	.insn	4, 0x0253
80005c08:	0079                	.insn	2, 0x0079
80005c0a:	0000                	.insn	2, 0x
80005c0c:	0358                	.insn	2, 0x0358
80005c0e:	0000                	.insn	2, 0x
80005c10:	01d1                	.insn	2, 0x01d1
80005c12:	0000                	.insn	2, 0x
80005c14:	0204                	.insn	2, 0x0204
80005c16:	0000                	.insn	2, 0x
80005c18:	01d4                	.insn	2, 0x01d4
80005c1a:	0000                	.insn	2, 0x
80005c1c:	01d9                	.insn	2, 0x01d9
80005c1e:	0000                	.insn	2, 0x
80005c20:	00000277          	.insn	4, 0x0277
80005c24:	0319                	.insn	2, 0x0319
80005c26:	0000                	.insn	2, 0x
80005c28:	0119                	.insn	2, 0x0119
80005c2a:	0000                	.insn	2, 0x
80005c2c:	02e0                	.insn	2, 0x02e0
80005c2e:	0000                	.insn	2, 0x
80005c30:	01a0                	.insn	2, 0x01a0
80005c32:	0000                	.insn	2, 0x
80005c34:	02c4                	.insn	2, 0x02c4
80005c36:	0000                	.insn	2, 0x
80005c38:	0000013b          	.insn	4, 0x013b
80005c3c:	03d2                	.insn	2, 0x03d2
80005c3e:	0000                	.insn	2, 0x
80005c40:	000000eb          	.insn	4, 0x00eb
80005c44:	0212                	.insn	2, 0x0212
80005c46:	0000                	.insn	2, 0x
80005c48:	0272                	.insn	2, 0x0272
80005c4a:	0000                	.insn	2, 0x
80005c4c:	000001a3          	sb	zero,3(zero) # 3 <buf.2+0x3>
80005c50:	0128                	.insn	2, 0x0128
80005c52:	0000                	.insn	2, 0x
80005c54:	0224                	.insn	2, 0x0224
80005c56:	0000                	.insn	2, 0x
80005c58:	01f6                	.insn	2, 0x01f6
80005c5a:	0000                	.insn	2, 0x
80005c5c:	0356                	.insn	2, 0x0356
80005c5e:	0000                	.insn	2, 0x
80005c60:	001c                	.insn	2, 0x001c
80005c62:	0000                	.insn	2, 0x
80005c64:	00b8                	.insn	2, 0x00b8
80005c66:	0000                	.insn	2, 0x
80005c68:	029c                	.insn	2, 0x029c
80005c6a:	0000                	.insn	2, 0x
80005c6c:	0312                	.insn	2, 0x0312
80005c6e:	0000                	.insn	2, 0x
80005c70:	0146                	.insn	2, 0x0146
80005c72:	0000                	.insn	2, 0x
80005c74:	00e4                	.insn	2, 0x00e4
80005c76:	0000                	.insn	2, 0x
80005c78:	0242                	.insn	2, 0x0242
80005c7a:	0000                	.insn	2, 0x
80005c7c:	02e2                	.insn	2, 0x02e2
80005c7e:	0000                	.insn	2, 0x
80005c80:	0371                	.insn	2, 0x0371
80005c82:	0000                	.insn	2, 0x
80005c84:	0109                	.insn	2, 0x0109
80005c86:	0000                	.insn	2, 0x
80005c88:	0130                	.insn	2, 0x0130
80005c8a:	0000                	.insn	2, 0x
80005c8c:	0328                	.insn	2, 0x0328
80005c8e:	0000                	.insn	2, 0x
80005c90:	019f 0000 01ea      	.insn	6, 0x01ea0000019f
80005c96:	0000                	.insn	2, 0x
80005c98:	0000                	.insn	2, 0x
80005c9a:	0000                	.insn	2, 0x
80005c9c:	0000026f          	jal	tp,80005c9c <input_data+0x20e4>
80005ca0:	000000c7          	.insn	4, 0x00c7
80005ca4:	000001e3          	beqz	zero,800064a6 <input_data+0x28ee>
80005ca8:	03a6                	.insn	2, 0x03a6
80005caa:	0000                	.insn	2, 0x
80005cac:	0069                	.insn	2, 0x0069
80005cae:	0000                	.insn	2, 0x
80005cb0:	00d4                	.insn	2, 0x00d4
80005cb2:	0000                	.insn	2, 0x
80005cb4:	0221                	.insn	2, 0x0221
80005cb6:	0000                	.insn	2, 0x
80005cb8:	00000217          	auipc	tp,0x0
80005cbc:	009a                	.insn	2, 0x009a
80005cbe:	0000                	.insn	2, 0x
80005cc0:	0028                	.insn	2, 0x0028
80005cc2:	0000                	.insn	2, 0x
80005cc4:	01d9                	.insn	2, 0x01d9
80005cc6:	0000                	.insn	2, 0x
80005cc8:	0210                	.insn	2, 0x0210
80005cca:	0000                	.insn	2, 0x
80005ccc:	02c8                	.insn	2, 0x02c8
80005cce:	0000                	.insn	2, 0x
80005cd0:	00000343          	.insn	4, 0x0343
80005cd4:	029c                	.insn	2, 0x029c
80005cd6:	0000                	.insn	2, 0x
80005cd8:	015d                	.insn	2, 0x015d
80005cda:	0000                	.insn	2, 0x
80005cdc:	000000eb          	.insn	4, 0x00eb
80005ce0:	0152                	.insn	2, 0x0152
80005ce2:	0000                	.insn	2, 0x
80005ce4:	00000133          	add	sp,zero,zero
80005ce8:	00e6                	.insn	2, 0x00e6
80005cea:	0000                	.insn	2, 0x
80005cec:	014e                	.insn	2, 0x014e
80005cee:	0000                	.insn	2, 0x
80005cf0:	0368                	.insn	2, 0x0368
80005cf2:	0000                	.insn	2, 0x
80005cf4:	020a                	.insn	2, 0x020a
80005cf6:	0000                	.insn	2, 0x
80005cf8:	0176                	.insn	2, 0x0176
80005cfa:	0000                	.insn	2, 0x
80005cfc:	00e1                	.insn	2, 0x00e1
80005cfe:	0000                	.insn	2, 0x
80005d00:	0000008f          	.insn	4, 0x008f
80005d04:	02ea                	.insn	2, 0x02ea
80005d06:	0000                	.insn	2, 0x
80005d08:	03e4                	.insn	2, 0x03e4
80005d0a:	0000                	.insn	2, 0x
80005d0c:	0090                	.insn	2, 0x0090
80005d0e:	0000                	.insn	2, 0x
80005d10:	0181                	.insn	2, 0x0181
80005d12:	0000                	.insn	2, 0x
80005d14:	0088                	.insn	2, 0x0088
80005d16:	0000                	.insn	2, 0x
80005d18:	0350                	.insn	2, 0x0350
80005d1a:	0000                	.insn	2, 0x
80005d1c:	0221                	.insn	2, 0x0221
80005d1e:	0000                	.insn	2, 0x
80005d20:	000001e7          	jalr	gp,zero # 0 <buf.2>
80005d24:	01b2                	.insn	2, 0x01b2
80005d26:	0000                	.insn	2, 0x
80005d28:	0000024b          	.insn	4, 0x024b
80005d2c:	0345                	.insn	2, 0x0345
80005d2e:	0000                	.insn	2, 0x
80005d30:	0008                	.insn	2, 0x0008
80005d32:	0000                	.insn	2, 0x
80005d34:	01c8                	.insn	2, 0x01c8
80005d36:	0000                	.insn	2, 0x
80005d38:	000001e7          	jalr	gp,zero # 0 <buf.2>
80005d3c:	01b2                	.insn	2, 0x01b2
80005d3e:	0000                	.insn	2, 0x
80005d40:	02d9                	.insn	2, 0x02d9
80005d42:	0000                	.insn	2, 0x
80005d44:	0072                	.insn	2, 0x0072
80005d46:	0000                	.insn	2, 0x
80005d48:	03b0                	.insn	2, 0x03b0
80005d4a:	0000                	.insn	2, 0x
80005d4c:	000003cb          	.insn	4, 0x03cb
80005d50:	02b0                	.insn	2, 0x02b0
80005d52:	0000                	.insn	2, 0x
80005d54:	013c                	.insn	2, 0x013c
80005d56:	0000                	.insn	2, 0x
80005d58:	00000367          	jalr	t1,zero # 0 <buf.2>
80005d5c:	0000029b          	.insn	4, 0x029b
80005d60:	009c                	.insn	2, 0x009c
80005d62:	0000                	.insn	2, 0x
80005d64:	0130                	.insn	2, 0x0130
80005d66:	0000                	.insn	2, 0x
80005d68:	0270                	.insn	2, 0x0270
80005d6a:	0000                	.insn	2, 0x
80005d6c:	032d                	.insn	2, 0x032d
80005d6e:	0000                	.insn	2, 0x
80005d70:	010d                	.insn	2, 0x010d
80005d72:	0000                	.insn	2, 0x
80005d74:	02d9                	.insn	2, 0x02d9
80005d76:	0000                	.insn	2, 0x
80005d78:	0000002f          	.insn	4, 0x002f
80005d7c:	021a                	.insn	2, 0x021a
80005d7e:	0000                	.insn	2, 0x
80005d80:	00fa                	.insn	2, 0x00fa
80005d82:	0000                	.insn	2, 0x
80005d84:	02f4                	.insn	2, 0x02f4
80005d86:	0000                	.insn	2, 0x
80005d88:	000001eb          	.insn	4, 0x01eb
80005d8c:	0346                	.insn	2, 0x0346
80005d8e:	0000                	.insn	2, 0x
80005d90:	0372                	.insn	2, 0x0372
80005d92:	0000                	.insn	2, 0x
80005d94:	0194                	.insn	2, 0x0194
80005d96:	0000                	.insn	2, 0x
80005d98:	00d5                	.insn	2, 0x00d5
80005d9a:	0000                	.insn	2, 0x
80005d9c:	0038                	.insn	2, 0x0038
80005d9e:	0000                	.insn	2, 0x
80005da0:	000000e7          	jalr	zero # 0 <buf.2>
80005da4:	000001d7          	.insn	4, 0x01d7
80005da8:	0146                	.insn	2, 0x0146
80005daa:	0000                	.insn	2, 0x
80005dac:	02f6                	.insn	2, 0x02f6
80005dae:	0000                	.insn	2, 0x
80005db0:	0084                	.insn	2, 0x0084
80005db2:	0000                	.insn	2, 0x
80005db4:	01ed                	.insn	2, 0x01ed
80005db6:	0000                	.insn	2, 0x
80005db8:	0284                	.insn	2, 0x0284
80005dba:	0000                	.insn	2, 0x
80005dbc:	00000147          	.insn	4, 0x0147
80005dc0:	01a5                	.insn	2, 0x01a5
80005dc2:	0000                	.insn	2, 0x
80005dc4:	03e0                	.insn	2, 0x03e0
80005dc6:	0000                	.insn	2, 0x
80005dc8:	00000147          	.insn	4, 0x0147
80005dcc:	000001b3          	add	gp,zero,zero
80005dd0:	0039                	.insn	2, 0x0039
80005dd2:	0000                	.insn	2, 0x
80005dd4:	0000028b          	.insn	4, 0x028b
80005dd8:	02a4                	.insn	2, 0x02a4
80005dda:	0000                	.insn	2, 0x
80005ddc:	0160                	.insn	2, 0x0160
80005dde:	0000                	.insn	2, 0x
80005de0:	00000207          	.insn	4, 0x0207
80005de4:	000000c7          	.insn	4, 0x00c7
80005de8:	0308                	.insn	2, 0x0308
80005dea:	0000                	.insn	2, 0x
80005dec:	0162                	.insn	2, 0x0162
80005dee:	0000                	.insn	2, 0x
80005df0:	000000eb          	.insn	4, 0x00eb
80005df4:	0288                	.insn	2, 0x0288
80005df6:	0000                	.insn	2, 0x
80005df8:	00000287          	.insn	4, 0x0287
80005dfc:	00000003          	lb	zero,0(zero) # 0 <buf.2>
80005e00:	005f 0000 034a      	.insn	6, 0x034a0000005f
80005e06:	0000                	.insn	2, 0x
80005e08:	0104                	.insn	2, 0x0104
80005e0a:	0000                	.insn	2, 0x
80005e0c:	0159                	.insn	2, 0x0159
80005e0e:	0000                	.insn	2, 0x
80005e10:	02c9                	.insn	2, 0x02c9
80005e12:	0000                	.insn	2, 0x
80005e14:	0390                	.insn	2, 0x0390
80005e16:	0000                	.insn	2, 0x
80005e18:	00c6                	.insn	2, 0x00c6
80005e1a:	0000                	.insn	2, 0x
80005e1c:	030d                	.insn	2, 0x030d
80005e1e:	0000                	.insn	2, 0x
80005e20:	01ed                	.insn	2, 0x01ed
80005e22:	0000                	.insn	2, 0x
80005e24:	0278                	.insn	2, 0x0278
80005e26:	0000                	.insn	2, 0x
80005e28:	000003af          	.insn	4, 0x03af
80005e2c:	008e                	.insn	2, 0x008e
80005e2e:	0000                	.insn	2, 0x
80005e30:	0056                	.insn	2, 0x0056
80005e32:	0000                	.insn	2, 0x
80005e34:	00000267          	jalr	tp,zero # 0 <buf.2>
80005e38:	00de                	.insn	2, 0x00de
80005e3a:	0000                	.insn	2, 0x
80005e3c:	005f 0000 034b      	.insn	6, 0x034b0000005f
80005e42:	0000                	.insn	2, 0x
80005e44:	000002e7          	jalr	t0,zero # 0 <buf.2>
80005e48:	0151                	.insn	2, 0x0151
80005e4a:	0000                	.insn	2, 0x
80005e4c:	03ae                	.insn	2, 0x03ae
80005e4e:	0000                	.insn	2, 0x
80005e50:	02f0                	.insn	2, 0x02f0
80005e52:	0000                	.insn	2, 0x
80005e54:	00000057          	.insn	4, 0x0057
80005e58:	0035                	.insn	2, 0x0035
80005e5a:	0000                	.insn	2, 0x
80005e5c:	0079                	.insn	2, 0x0079
80005e5e:	0000                	.insn	2, 0x
80005e60:	0056                	.insn	2, 0x0056
80005e62:	0000                	.insn	2, 0x
80005e64:	00000107          	.insn	4, 0x0107
80005e68:	0379                	.insn	2, 0x0379
80005e6a:	0000                	.insn	2, 0x
80005e6c:	0244                	.insn	2, 0x0244
80005e6e:	0000                	.insn	2, 0x
80005e70:	010d                	.insn	2, 0x010d
80005e72:	0000                	.insn	2, 0x
80005e74:	029a                	.insn	2, 0x029a
80005e76:	0000                	.insn	2, 0x
80005e78:	000000bb          	.insn	4, 0x00bb
80005e7c:	0044                	.insn	2, 0x0044
80005e7e:	0000                	.insn	2, 0x
80005e80:	000002db          	.insn	4, 0x02db
80005e84:	00e6                	.insn	2, 0x00e6
80005e86:	0000                	.insn	2, 0x
80005e88:	021a                	.insn	2, 0x021a
80005e8a:	0000                	.insn	2, 0x
80005e8c:	0048                	.insn	2, 0x0048
80005e8e:	0000                	.insn	2, 0x
80005e90:	000002f7          	.insn	4, 0x02f7
80005e94:	014a                	.insn	2, 0x014a
80005e96:	0000                	.insn	2, 0x
80005e98:	03c1                	.insn	2, 0x03c1
80005e9a:	0000                	.insn	2, 0x
80005e9c:	00000223          	sb	zero,4(zero) # 4 <buf.2+0x4>
80005ea0:	025e                	.insn	2, 0x025e
80005ea2:	0000                	.insn	2, 0x
80005ea4:	0251                	.insn	2, 0x0251
80005ea6:	0000                	.insn	2, 0x
80005ea8:	000a                	.insn	2, 0x000a
80005eaa:	0000                	.insn	2, 0x
80005eac:	0140                	.insn	2, 0x0140
80005eae:	0000                	.insn	2, 0x
80005eb0:	0230                	.insn	2, 0x0230
80005eb2:	0000                	.insn	2, 0x
80005eb4:	031e                	.insn	2, 0x031e
80005eb6:	0000                	.insn	2, 0x
80005eb8:	007a                	.insn	2, 0x007a
80005eba:	0000                	.insn	2, 0x
80005ebc:	0020                	.insn	2, 0x0020
80005ebe:	0000                	.insn	2, 0x
80005ec0:	03bd                	.insn	2, 0x03bd
80005ec2:	0000                	.insn	2, 0x
80005ec4:	0286                	.insn	2, 0x0286
80005ec6:	0000                	.insn	2, 0x
80005ec8:	0120                	.insn	2, 0x0120
80005eca:	0000                	.insn	2, 0x
80005ecc:	01c2                	.insn	2, 0x01c2
80005ece:	0000                	.insn	2, 0x
80005ed0:	025c                	.insn	2, 0x025c
80005ed2:	0000                	.insn	2, 0x
80005ed4:	00a1                	.insn	2, 0x00a1
80005ed6:	0000                	.insn	2, 0x
80005ed8:	0080                	.insn	2, 0x0080
80005eda:	0000                	.insn	2, 0x
80005edc:	0370                	.insn	2, 0x0370
80005ede:	0000                	.insn	2, 0x
80005ee0:	006d                	.insn	2, 0x006d
80005ee2:	0000                	.insn	2, 0x
80005ee4:	00dc                	.insn	2, 0x00dc
80005ee6:	0000                	.insn	2, 0x
80005ee8:	000000af          	.insn	4, 0x00af
80005eec:	0332                	.insn	2, 0x0332
80005eee:	0000                	.insn	2, 0x
80005ef0:	024e                	.insn	2, 0x024e
80005ef2:	0000                	.insn	2, 0x
80005ef4:	01a9                	.insn	2, 0x01a9
80005ef6:	0000                	.insn	2, 0x
80005ef8:	019d                	.insn	2, 0x019d
80005efa:	0000                	.insn	2, 0x
80005efc:	00d9                	.insn	2, 0x00d9
80005efe:	0000                	.insn	2, 0x
80005f00:	015a                	.insn	2, 0x015a
80005f02:	0000                	.insn	2, 0x
80005f04:	00cd                	.insn	2, 0x00cd
80005f06:	0000                	.insn	2, 0x
80005f08:	00f9                	.insn	2, 0x00f9
80005f0a:	0000                	.insn	2, 0x
80005f0c:	0000003f 0000027b 	.insn	8, 0x027b0000003f
80005f14:	035a                	.insn	2, 0x035a
80005f16:	0000                	.insn	2, 0x
80005f18:	0202                	.insn	2, 0x0202
80005f1a:	0000                	.insn	2, 0x
80005f1c:	000e                	.insn	2, 0x000e
80005f1e:	0000                	.insn	2, 0x
80005f20:	031f 0000 02fe      	.insn	6, 0x02fe0000031f
80005f26:	0000                	.insn	2, 0x
80005f28:	0372                	.insn	2, 0x0372
80005f2a:	0000                	.insn	2, 0x
80005f2c:	0262                	.insn	2, 0x0262
80005f2e:	0000                	.insn	2, 0x
80005f30:	000003ab          	.insn	4, 0x03ab
80005f34:	00000177          	.insn	4, 0x0177
80005f38:	009d                	.insn	2, 0x009d
80005f3a:	0000                	.insn	2, 0x
80005f3c:	0078                	.insn	2, 0x0078
80005f3e:	0000                	.insn	2, 0x
80005f40:	0376                	.insn	2, 0x0376
80005f42:	0000                	.insn	2, 0x
80005f44:	000003c3          	.insn	4, 0x03c3
80005f48:	00ac                	.insn	2, 0x00ac
80005f4a:	0000                	.insn	2, 0x
80005f4c:	000003d7          	.insn	4, 0x03d7
80005f50:	03ce                	.insn	2, 0x03ce
80005f52:	0000                	.insn	2, 0x
80005f54:	000002f3          	.insn	4, 0x02f3
80005f58:	039a                	.insn	2, 0x039a
80005f5a:	0000                	.insn	2, 0x
80005f5c:	0000023b          	.insn	4, 0x023b
80005f60:	00000143          	.insn	4, 0x0143
80005f64:	0160                	.insn	2, 0x0160
80005f66:	0000                	.insn	2, 0x
80005f68:	0000030f          	.insn	4, 0x030f
80005f6c:	0362                	.insn	2, 0x0362
80005f6e:	0000                	.insn	2, 0x
80005f70:	0340                	.insn	2, 0x0340
80005f72:	0000                	.insn	2, 0x
80005f74:	000003bb          	.insn	4, 0x03bb
80005f78:	0064                	.insn	2, 0x0064
80005f7a:	0000                	.insn	2, 0x
80005f7c:	01ec                	.insn	2, 0x01ec
80005f7e:	0000                	.insn	2, 0x
80005f80:	0304                	.insn	2, 0x0304
80005f82:	0000                	.insn	2, 0x
80005f84:	0212                	.insn	2, 0x0212
80005f86:	0000                	.insn	2, 0x
80005f88:	000002ef          	jal	t0,80005f88 <input_data+0x23d0>
80005f8c:	0169                	.insn	2, 0x0169
80005f8e:	0000                	.insn	2, 0x
80005f90:	02b8                	.insn	2, 0x02b8
80005f92:	0000                	.insn	2, 0x
80005f94:	0141                	.insn	2, 0x0141
80005f96:	0000                	.insn	2, 0x
80005f98:	028a                	.insn	2, 0x028a
80005f9a:	0000                	.insn	2, 0x
80005f9c:	0045                	.insn	2, 0x0045
80005f9e:	0000                	.insn	2, 0x
80005fa0:	03da                	.insn	2, 0x03da
80005fa2:	0000                	.insn	2, 0x
80005fa4:	0228                	.insn	2, 0x0228
80005fa6:	0000                	.insn	2, 0x
80005fa8:	00c0                	.insn	2, 0x00c0
80005faa:	0000                	.insn	2, 0x
80005fac:	00000037          	lui	zero,0x0
80005fb0:	031e                	.insn	2, 0x031e
80005fb2:	0000                	.insn	2, 0x
80005fb4:	0000005b          	.insn	4, 0x005b
80005fb8:	00000027          	.insn	4, 0x0027
80005fbc:	00000233          	add	tp,zero,zero
80005fc0:	028e                	.insn	2, 0x028e
80005fc2:	0000                	.insn	2, 0x
80005fc4:	0234                	.insn	2, 0x0234
80005fc6:	0000                	.insn	2, 0x
80005fc8:	02f9                	.insn	2, 0x02f9
80005fca:	0000                	.insn	2, 0x
80005fcc:	0220                	.insn	2, 0x0220
80005fce:	0000                	.insn	2, 0x
80005fd0:	037c                	.insn	2, 0x037c
80005fd2:	0000                	.insn	2, 0x
80005fd4:	000000a7          	.insn	4, 0x00a7
80005fd8:	0321                	.insn	2, 0x0321
80005fda:	0000                	.insn	2, 0x
80005fdc:	007a                	.insn	2, 0x007a
80005fde:	0000                	.insn	2, 0x
80005fe0:	0115                	.insn	2, 0x0115
80005fe2:	0000                	.insn	2, 0x
80005fe4:	0019                	.insn	2, 0x0019
80005fe6:	0000                	.insn	2, 0x
80005fe8:	000001c3          	.insn	4, 0x01c3
80005fec:	033d                	.insn	2, 0x033d
80005fee:	0000                	.insn	2, 0x
80005ff0:	000003c7          	.insn	4, 0x03c7
80005ff4:	030d                	.insn	2, 0x030d
80005ff6:	0000                	.insn	2, 0x
80005ff8:	0169                	.insn	2, 0x0169
80005ffa:	0000                	.insn	2, 0x
80005ffc:	00a8                	.insn	2, 0x00a8
80005ffe:	0000                	.insn	2, 0x
80006000:	0040                	.insn	2, 0x0040
80006002:	0000                	.insn	2, 0x
80006004:	018d                	.insn	2, 0x018d
80006006:	0000                	.insn	2, 0x
80006008:	03a0                	.insn	2, 0x03a0
8000600a:	0000                	.insn	2, 0x
8000600c:	00000233          	add	tp,zero,zero
80006010:	0392                	.insn	2, 0x0392
80006012:	0000                	.insn	2, 0x
80006014:	0150                	.insn	2, 0x0150
80006016:	0000                	.insn	2, 0x
80006018:	0218                	.insn	2, 0x0218
8000601a:	0000                	.insn	2, 0x
8000601c:	01de                	.insn	2, 0x01de
8000601e:	0000                	.insn	2, 0x
80006020:	000000f3          	.insn	4, 0x00f3
80006024:	0101                	.insn	2, 0x0101
80006026:	0000                	.insn	2, 0x
80006028:	0108                	.insn	2, 0x0108
8000602a:	0000                	.insn	2, 0x
8000602c:	01dd                	.insn	2, 0x01dd
8000602e:	0000                	.insn	2, 0x
80006030:	0000036f          	jal	t1,80006030 <input_data+0x2478>
80006034:	0186                	.insn	2, 0x0186
80006036:	0000                	.insn	2, 0x
80006038:	0280                	.insn	2, 0x0280
8000603a:	0000                	.insn	2, 0x
8000603c:	02bd                	.insn	2, 0x02bd
8000603e:	0000                	.insn	2, 0x
80006040:	00d0                	.insn	2, 0x00d0
80006042:	0000                	.insn	2, 0x
80006044:	0148                	.insn	2, 0x0148
80006046:	0000                	.insn	2, 0x
80006048:	012e                	.insn	2, 0x012e
8000604a:	0000                	.insn	2, 0x
8000604c:	000001bb          	.insn	4, 0x01bb
80006050:	00000127          	.insn	4, 0x0127
80006054:	0209                	.insn	2, 0x0209
80006056:	0000                	.insn	2, 0x
80006058:	032d                	.insn	2, 0x032d
8000605a:	0000                	.insn	2, 0x
8000605c:	0392                	.insn	2, 0x0392
8000605e:	0000                	.insn	2, 0x
80006060:	023d                	.insn	2, 0x023d
80006062:	0000                	.insn	2, 0x
80006064:	0076                	.insn	2, 0x0076
80006066:	0000                	.insn	2, 0x
80006068:	0159                	.insn	2, 0x0159
8000606a:	0000                	.insn	2, 0x
8000606c:	020d                	.insn	2, 0x020d
8000606e:	0000                	.insn	2, 0x
80006070:	03c4                	.insn	2, 0x03c4
80006072:	0000                	.insn	2, 0x
80006074:	01fc                	.insn	2, 0x01fc
80006076:	0000                	.insn	2, 0x
80006078:	01e2                	.insn	2, 0x01e2
8000607a:	0000                	.insn	2, 0x
8000607c:	001e                	.insn	2, 0x001e
8000607e:	0000                	.insn	2, 0x
80006080:	025e                	.insn	2, 0x025e
80006082:	0000                	.insn	2, 0x
80006084:	01a0                	.insn	2, 0x01a0
80006086:	0000                	.insn	2, 0x
80006088:	0065                	.insn	2, 0x0065
8000608a:	0000                	.insn	2, 0x
8000608c:	00000047          	.insn	4, 0x0047
80006090:	0079                	.insn	2, 0x0079
80006092:	0000                	.insn	2, 0x
80006094:	005c                	.insn	2, 0x005c
80006096:	0000                	.insn	2, 0x
80006098:	000001b3          	add	gp,zero,zero
8000609c:	011c                	.insn	2, 0x011c
8000609e:	0000                	.insn	2, 0x
800060a0:	01c5                	.insn	2, 0x01c5
800060a2:	0000                	.insn	2, 0x
800060a4:	00a1                	.insn	2, 0x00a1
800060a6:	0000                	.insn	2, 0x
800060a8:	0014                	.insn	2, 0x0014
800060aa:	0000                	.insn	2, 0x
800060ac:	0169                	.insn	2, 0x0169
800060ae:	0000                	.insn	2, 0x
800060b0:	0046                	.insn	2, 0x0046
800060b2:	0000                	.insn	2, 0x
800060b4:	019e                	.insn	2, 0x019e
800060b6:	0000                	.insn	2, 0x
800060b8:	00000017          	auipc	zero,0x0
800060bc:	0324                	.insn	2, 0x0324
800060be:	0000                	.insn	2, 0x
800060c0:	00ff 0000 0347 0000 	.insn	10, 0x011400000347000000ff
800060c8:	0114 
800060ca:	0000                	.insn	2, 0x
800060cc:	024a                	.insn	2, 0x024a
800060ce:	0000                	.insn	2, 0x
800060d0:	037a                	.insn	2, 0x037a
800060d2:	0000                	.insn	2, 0x
800060d4:	0024                	.insn	2, 0x0024
800060d6:	0000                	.insn	2, 0x
800060d8:	000001ab          	.insn	4, 0x01ab
800060dc:	00f6                	.insn	2, 0x00f6
800060de:	0000                	.insn	2, 0x
800060e0:	021e                	.insn	2, 0x021e
800060e2:	0000                	.insn	2, 0x
800060e4:	0361                	.insn	2, 0x0361
800060e6:	0000                	.insn	2, 0x
800060e8:	026e                	.insn	2, 0x026e
800060ea:	0000                	.insn	2, 0x
800060ec:	03b9                	.insn	2, 0x03b9
800060ee:	0000                	.insn	2, 0x
800060f0:	000002bb          	.insn	4, 0x02bb
800060f4:	016e                	.insn	2, 0x016e
800060f6:	0000                	.insn	2, 0x
800060f8:	0305                	.insn	2, 0x0305
800060fa:	0000                	.insn	2, 0x
800060fc:	00000323          	sb	zero,6(zero) # 6 <buf.2+0x6>
80006100:	0128                	.insn	2, 0x0128
80006102:	0000                	.insn	2, 0x
80006104:	0085                	.insn	2, 0x0085
80006106:	0000                	.insn	2, 0x
80006108:	0115                	.insn	2, 0x0115
8000610a:	0000                	.insn	2, 0x
8000610c:	0211                	.insn	2, 0x0211
8000610e:	0000                	.insn	2, 0x
80006110:	0068                	.insn	2, 0x0068
80006112:	0000                	.insn	2, 0x
80006114:	00e5                	.insn	2, 0x00e5
80006116:	0000                	.insn	2, 0x
80006118:	0050                	.insn	2, 0x0050
8000611a:	0000                	.insn	2, 0x
8000611c:	01ce                	.insn	2, 0x01ce
8000611e:	0000                	.insn	2, 0x
80006120:	0278                	.insn	2, 0x0278
80006122:	0000                	.insn	2, 0x
80006124:	0104                	.insn	2, 0x0104
80006126:	0000                	.insn	2, 0x
80006128:	0000032f          	.insn	4, 0x032f
8000612c:	0025                	.insn	2, 0x0025
8000612e:	0000                	.insn	2, 0x
80006130:	00000353          	.insn	4, 0x0353
80006134:	00ed                	.insn	2, 0x00ed
80006136:	0000                	.insn	2, 0x
80006138:	02dc                	.insn	2, 0x02dc
8000613a:	0000                	.insn	2, 0x
8000613c:	000000f3          	.insn	4, 0x00f3
80006140:	0189                	.insn	2, 0x0189
80006142:	0000                	.insn	2, 0x
80006144:	0362                	.insn	2, 0x0362
80006146:	0000                	.insn	2, 0x
80006148:	02f8                	.insn	2, 0x02f8
8000614a:	0000                	.insn	2, 0x
8000614c:	00c4                	.insn	2, 0x00c4
8000614e:	0000                	.insn	2, 0x
80006150:	007e                	.insn	2, 0x007e
80006152:	0000                	.insn	2, 0x
80006154:	00000277          	.insn	4, 0x0277
80006158:	00a8                	.insn	2, 0x00a8
8000615a:	0000                	.insn	2, 0x
8000615c:	012d                	.insn	2, 0x012d
8000615e:	0000                	.insn	2, 0x
80006160:	0000034b          	.insn	4, 0x034b
80006164:	0265                	.insn	2, 0x0265
80006166:	0000                	.insn	2, 0x
80006168:	00bd                	.insn	2, 0x00bd
8000616a:	0000                	.insn	2, 0x
8000616c:	014d                	.insn	2, 0x014d
8000616e:	0000                	.insn	2, 0x
80006170:	024d                	.insn	2, 0x024d
80006172:	0000                	.insn	2, 0x
80006174:	000000f7          	.insn	4, 0x00f7
80006178:	03a8                	.insn	2, 0x03a8
8000617a:	0000                	.insn	2, 0x
8000617c:	00c5                	.insn	2, 0x00c5
8000617e:	0000                	.insn	2, 0x
80006180:	0100                	.insn	2, 0x0100
80006182:	0000                	.insn	2, 0x
80006184:	0252                	.insn	2, 0x0252
80006186:	0000                	.insn	2, 0x
80006188:	00e8                	.insn	2, 0x00e8
8000618a:	0000                	.insn	2, 0x
8000618c:	03bc                	.insn	2, 0x03bc
8000618e:	0000                	.insn	2, 0x
80006190:	0000004b          	.insn	4, 0x004b
80006194:	0132                	.insn	2, 0x0132
80006196:	0000                	.insn	2, 0x
80006198:	00be                	.insn	2, 0x00be
8000619a:	0000                	.insn	2, 0x
8000619c:	0149                	.insn	2, 0x0149
8000619e:	0000                	.insn	2, 0x
800061a0:	01a8                	.insn	2, 0x01a8
800061a2:	0000                	.insn	2, 0x
800061a4:	0099                	.insn	2, 0x0099
800061a6:	0000                	.insn	2, 0x
800061a8:	000002ef          	jal	t0,800061a8 <input_data+0x25f0>
800061ac:	02b2                	.insn	2, 0x02b2
800061ae:	0000                	.insn	2, 0x
800061b0:	02f5                	.insn	2, 0x02f5
800061b2:	0000                	.insn	2, 0x
800061b4:	0325                	.insn	2, 0x0325
800061b6:	0000                	.insn	2, 0x
800061b8:	036c                	.insn	2, 0x036c
800061ba:	0000                	.insn	2, 0x
800061bc:	0000021b          	.insn	4, 0x021b
800061c0:	0030                	.insn	2, 0x0030
800061c2:	0000                	.insn	2, 0x
800061c4:	007a                	.insn	2, 0x007a
800061c6:	0000                	.insn	2, 0x
800061c8:	0359                	.insn	2, 0x0359
800061ca:	0000                	.insn	2, 0x
800061cc:	01d9                	.insn	2, 0x01d9
800061ce:	0000                	.insn	2, 0x
800061d0:	0302                	.insn	2, 0x0302
800061d2:	0000                	.insn	2, 0x
800061d4:	0184                	.insn	2, 0x0184
800061d6:	0000                	.insn	2, 0x
800061d8:	027e                	.insn	2, 0x027e
800061da:	0000                	.insn	2, 0x
800061dc:	007d                	.insn	2, 0x007d
800061de:	0000                	.insn	2, 0x
800061e0:	01e8                	.insn	2, 0x01e8
800061e2:	0000                	.insn	2, 0x
800061e4:	03cd                	.insn	2, 0x03cd
800061e6:	0000                	.insn	2, 0x
800061e8:	00b0                	.insn	2, 0x00b0
800061ea:	0000                	.insn	2, 0x
800061ec:	000000cb          	.insn	4, 0x00cb
800061f0:	01da                	.insn	2, 0x01da
800061f2:	0000                	.insn	2, 0x
800061f4:	02b5                	.insn	2, 0x02b5
800061f6:	0000                	.insn	2, 0x
800061f8:	01cd                	.insn	2, 0x01cd
800061fa:	0000                	.insn	2, 0x
800061fc:	0052                	.insn	2, 0x0052
800061fe:	0000                	.insn	2, 0x
80006200:	025e                	.insn	2, 0x025e
80006202:	0000                	.insn	2, 0x
80006204:	01b0                	.insn	2, 0x01b0
80006206:	0000                	.insn	2, 0x
80006208:	0000039b          	.insn	4, 0x039b
8000620c:	0046                	.insn	2, 0x0046
8000620e:	0000                	.insn	2, 0x
80006210:	0000                	.insn	2, 0x
80006212:	0000                	.insn	2, 0x
80006214:	00000173          	.insn	4, 0x0173
80006218:	0278                	.insn	2, 0x0278
8000621a:	0000                	.insn	2, 0x
8000621c:	00ce                	.insn	2, 0x00ce
8000621e:	0000                	.insn	2, 0x
80006220:	0118                	.insn	2, 0x0118
80006222:	0000                	.insn	2, 0x
80006224:	025c                	.insn	2, 0x025c
80006226:	0000                	.insn	2, 0x
80006228:	03a0                	.insn	2, 0x03a0
8000622a:	0000                	.insn	2, 0x
8000622c:	02ae                	.insn	2, 0x02ae
8000622e:	0000                	.insn	2, 0x
80006230:	012c                	.insn	2, 0x012c
80006232:	0000                	.insn	2, 0x
80006234:	0078                	.insn	2, 0x0078
80006236:	0000                	.insn	2, 0x
80006238:	000001c3          	.insn	4, 0x01c3
8000623c:	0000031b          	.insn	4, 0x031b
80006240:	000002bf 0000032a 	.insn	8, 0x032a000002bf
80006248:	000002c7          	.insn	4, 0x02c7
8000624c:	02c4                	.insn	2, 0x02c4
8000624e:	0000                	.insn	2, 0x
80006250:	026c                	.insn	2, 0x026c
80006252:	0000                	.insn	2, 0x
80006254:	0165                	.insn	2, 0x0165
80006256:	0000                	.insn	2, 0x
80006258:	000001bb          	.insn	4, 0x01bb
8000625c:	0062                	.insn	2, 0x0062
8000625e:	0000                	.insn	2, 0x
80006260:	0315                	.insn	2, 0x0315
80006262:	0000                	.insn	2, 0x
80006264:	00000387          	.insn	4, 0x0387
80006268:	00000263          	beqz	zero,8000626c <input_data+0x26b4>
8000626c:	005d                	.insn	2, 0x005d
8000626e:	0000                	.insn	2, 0x
80006270:	000000e7          	jalr	zero # 0 <buf.2>
80006274:	0178                	.insn	2, 0x0178
80006276:	0000                	.insn	2, 0x
80006278:	0212                	.insn	2, 0x0212
8000627a:	0000                	.insn	2, 0x
8000627c:	0000012b          	.insn	4, 0x012b
80006280:	00000317          	auipc	t1,0x0
80006284:	0001                	.insn	2, 0x0001
80006286:	0000                	.insn	2, 0x
80006288:	02dc                	.insn	2, 0x02dc
8000628a:	0000                	.insn	2, 0x
8000628c:	012a                	.insn	2, 0x012a
8000628e:	0000                	.insn	2, 0x
80006290:	0121                	.insn	2, 0x0121
80006292:	0000                	.insn	2, 0x
80006294:	00000083          	lb	ra,0(zero) # 0 <buf.2>
80006298:	02d6                	.insn	2, 0x02d6
8000629a:	0000                	.insn	2, 0x
8000629c:	0342                	.insn	2, 0x0342
8000629e:	0000                	.insn	2, 0x
800062a0:	0326                	.insn	2, 0x0326
800062a2:	0000                	.insn	2, 0x
800062a4:	00f9                	.insn	2, 0x00f9
800062a6:	0000                	.insn	2, 0x
800062a8:	00ac                	.insn	2, 0x00ac
800062aa:	0000                	.insn	2, 0x
800062ac:	02c5                	.insn	2, 0x02c5
800062ae:	0000                	.insn	2, 0x
800062b0:	0382                	.insn	2, 0x0382
800062b2:	0000                	.insn	2, 0x
800062b4:	0000007b          	.insn	4, 0x007b
800062b8:	01c8                	.insn	2, 0x01c8
800062ba:	0000                	.insn	2, 0x
800062bc:	0005                	.insn	2, 0x0005
800062be:	0000                	.insn	2, 0x
800062c0:	03ae                	.insn	2, 0x03ae
800062c2:	0000                	.insn	2, 0x
800062c4:	01ce                	.insn	2, 0x01ce
800062c6:	0000                	.insn	2, 0x
800062c8:	025f 0000 0142      	.insn	6, 0x01420000025f
800062ce:	0000                	.insn	2, 0x
800062d0:	0321                	.insn	2, 0x0321
800062d2:	0000                	.insn	2, 0x
800062d4:	00d0                	.insn	2, 0x00d0
800062d6:	0000                	.insn	2, 0x
800062d8:	000001f7          	.insn	4, 0x01f7
800062dc:	01a5                	.insn	2, 0x01a5
800062de:	0000                	.insn	2, 0x
800062e0:	02e5                	.insn	2, 0x02e5
800062e2:	0000                	.insn	2, 0x
800062e4:	000000b7          	lui	ra,0x0
800062e8:	0326                	.insn	2, 0x0326
800062ea:	0000                	.insn	2, 0x
800062ec:	0102                	.insn	2, 0x0102
800062ee:	0000                	.insn	2, 0x
800062f0:	0279                	.insn	2, 0x0279
800062f2:	0000                	.insn	2, 0x
800062f4:	0215                	.insn	2, 0x0215
800062f6:	0000                	.insn	2, 0x
800062f8:	03b6                	.insn	2, 0x03b6
800062fa:	0000                	.insn	2, 0x
800062fc:	0252                	.insn	2, 0x0252
800062fe:	0000                	.insn	2, 0x
80006300:	03b4                	.insn	2, 0x03b4
80006302:	0000                	.insn	2, 0x
80006304:	001f 0000 0028      	.insn	6, 0x00280000001f
8000630a:	0000                	.insn	2, 0x
8000630c:	03d8                	.insn	2, 0x03d8
8000630e:	0000                	.insn	2, 0x
80006310:	0161                	.insn	2, 0x0161
80006312:	0000                	.insn	2, 0x
80006314:	00d5                	.insn	2, 0x00d5
80006316:	0000                	.insn	2, 0x
80006318:	000000c3          	.insn	4, 0x00c3
8000631c:	0032                	.insn	2, 0x0032
8000631e:	0000                	.insn	2, 0x
80006320:	031a                	.insn	2, 0x031a
80006322:	0000                	.insn	2, 0x
80006324:	03d2                	.insn	2, 0x03d2
80006326:	0000                	.insn	2, 0x
80006328:	02bc                	.insn	2, 0x02bc
8000632a:	0000                	.insn	2, 0x
8000632c:	00d9                	.insn	2, 0x00d9
8000632e:	0000                	.insn	2, 0x
80006330:	011f 0000 0335      	.insn	6, 0x03350000011f
80006336:	0000                	.insn	2, 0x
80006338:	0000010b          	.insn	4, 0x010b
8000633c:	02de                	.insn	2, 0x02de
8000633e:	0000                	.insn	2, 0x
80006340:	0306                	.insn	2, 0x0306
80006342:	0000                	.insn	2, 0x
80006344:	022a                	.insn	2, 0x022a
80006346:	0000                	.insn	2, 0x
80006348:	028a                	.insn	2, 0x028a
8000634a:	0000                	.insn	2, 0x
8000634c:	0169                	.insn	2, 0x0169
8000634e:	0000                	.insn	2, 0x
80006350:	000000c7          	.insn	4, 0x00c7
80006354:	00ec                	.insn	2, 0x00ec
80006356:	0000                	.insn	2, 0x
80006358:	00000107          	.insn	4, 0x0107
8000635c:	00000063          	beqz	zero,8000635c <input_data+0x27a4>
80006360:	013c                	.insn	2, 0x013c
80006362:	0000                	.insn	2, 0x
80006364:	032a                	.insn	2, 0x032a
80006366:	0000                	.insn	2, 0x
80006368:	03b2                	.insn	2, 0x03b2
8000636a:	0000                	.insn	2, 0x
8000636c:	03d8                	.insn	2, 0x03d8
8000636e:	0000                	.insn	2, 0x
80006370:	03ac                	.insn	2, 0x03ac
80006372:	0000                	.insn	2, 0x
80006374:	0000037b          	.insn	4, 0x037b
80006378:	0000025b          	.insn	4, 0x025b
8000637c:	00b4                	.insn	2, 0x00b4
8000637e:	0000                	.insn	2, 0x
80006380:	0342                	.insn	2, 0x0342
80006382:	0000                	.insn	2, 0x
80006384:	014d                	.insn	2, 0x014d
80006386:	0000                	.insn	2, 0x
80006388:	027f 0000 011e 0000 	.insn	10, 0x020a0000011e0000027f
80006390:	020a 
80006392:	0000                	.insn	2, 0x
80006394:	0021                	.insn	2, 0x0021
80006396:	0000                	.insn	2, 0x
80006398:	0100                	.insn	2, 0x0100
8000639a:	0000                	.insn	2, 0x
8000639c:	00ca                	.insn	2, 0x00ca
8000639e:	0000                	.insn	2, 0x
800063a0:	01a2                	.insn	2, 0x01a2
800063a2:	0000                	.insn	2, 0x
800063a4:	000001d3          	.insn	4, 0x01d3
800063a8:	010a                	.insn	2, 0x010a
800063aa:	0000                	.insn	2, 0x
800063ac:	02cc                	.insn	2, 0x02cc
800063ae:	0000                	.insn	2, 0x
800063b0:	0396                	.insn	2, 0x0396
800063b2:	0000                	.insn	2, 0x
800063b4:	007e                	.insn	2, 0x007e
800063b6:	0000                	.insn	2, 0x
800063b8:	0312                	.insn	2, 0x0312
800063ba:	0000                	.insn	2, 0x
800063bc:	000002b7          	lui	t0,0x0
800063c0:	030e                	.insn	2, 0x030e
800063c2:	0000                	.insn	2, 0x
800063c4:	0198                	.insn	2, 0x0198
800063c6:	0000                	.insn	2, 0x
800063c8:	0211                	.insn	2, 0x0211
800063ca:	0000                	.insn	2, 0x
800063cc:	0399                	.insn	2, 0x0399
800063ce:	0000                	.insn	2, 0x
800063d0:	01ee                	.insn	2, 0x01ee
800063d2:	0000                	.insn	2, 0x
800063d4:	000000cf          	.insn	4, 0x00cf
800063d8:	012d                	.insn	2, 0x012d
800063da:	0000                	.insn	2, 0x
800063dc:	039d                	.insn	2, 0x039d
800063de:	0000                	.insn	2, 0x
800063e0:	000000c3          	.insn	4, 0x00c3
800063e4:	0324                	.insn	2, 0x0324
800063e6:	0000                	.insn	2, 0x
800063e8:	00000187          	.insn	4, 0x0187
800063ec:	000003b7          	lui	t2,0x0
800063f0:	02da                	.insn	2, 0x02da
800063f2:	0000                	.insn	2, 0x
800063f4:	0228                	.insn	2, 0x0228
800063f6:	0000                	.insn	2, 0x
800063f8:	0390                	.insn	2, 0x0390
800063fa:	0000                	.insn	2, 0x
800063fc:	01b0                	.insn	2, 0x01b0
800063fe:	0000                	.insn	2, 0x
80006400:	031e                	.insn	2, 0x031e
80006402:	0000                	.insn	2, 0x
80006404:	0021                	.insn	2, 0x0021
80006406:	0000                	.insn	2, 0x
80006408:	01d8                	.insn	2, 0x01d8
8000640a:	0000                	.insn	2, 0x
8000640c:	0106                	.insn	2, 0x0106
8000640e:	0000                	.insn	2, 0x
80006410:	033a                	.insn	2, 0x033a
80006412:	0000                	.insn	2, 0x
80006414:	02ec                	.insn	2, 0x02ec
80006416:	0000                	.insn	2, 0x
80006418:	0000016f          	jal	sp,80006418 <input_data+0x2860>
8000641c:	00000343          	.insn	4, 0x0343
80006420:	00000073          	ecall
80006424:	0175                	.insn	2, 0x0175
80006426:	0000                	.insn	2, 0x
80006428:	00e9                	.insn	2, 0x00e9
8000642a:	0000                	.insn	2, 0x
8000642c:	015f 0000 0352      	.insn	6, 0x03520000015f
80006432:	0000                	.insn	2, 0x
80006434:	038e                	.insn	2, 0x038e
80006436:	0000                	.insn	2, 0x
80006438:	0356                	.insn	2, 0x0356
8000643a:	0000                	.insn	2, 0x
8000643c:	02b0                	.insn	2, 0x02b0
8000643e:	0000                	.insn	2, 0x
80006440:	00000227          	.insn	4, 0x0227
80006444:	00000373          	.insn	4, 0x0373
80006448:	0359                	.insn	2, 0x0359
8000644a:	0000                	.insn	2, 0x
8000644c:	0018                	.insn	2, 0x0018
8000644e:	0000                	.insn	2, 0x
80006450:	013a                	.insn	2, 0x013a
80006452:	0000                	.insn	2, 0x
80006454:	0000022b          	.insn	4, 0x022b
80006458:	0336                	.insn	2, 0x0336
8000645a:	0000                	.insn	2, 0x
8000645c:	03da                	.insn	2, 0x03da
8000645e:	0000                	.insn	2, 0x
80006460:	01a6                	.insn	2, 0x01a6
80006462:	0000                	.insn	2, 0x
80006464:	0395                	.insn	2, 0x0395
80006466:	0000                	.insn	2, 0x
80006468:	000000af          	.insn	4, 0x00af
8000646c:	00ac                	.insn	2, 0x00ac
8000646e:	0000                	.insn	2, 0x
80006470:	01d6                	.insn	2, 0x01d6
80006472:	0000                	.insn	2, 0x
80006474:	0162                	.insn	2, 0x0162
80006476:	0000                	.insn	2, 0x
80006478:	033e                	.insn	2, 0x033e
8000647a:	0000                	.insn	2, 0x
8000647c:	00d0                	.insn	2, 0x00d0
8000647e:	0000                	.insn	2, 0x
80006480:	00000137          	lui	sp,0x0
80006484:	0342                	.insn	2, 0x0342
80006486:	0000                	.insn	2, 0x
80006488:	00ce                	.insn	2, 0x00ce
8000648a:	0000                	.insn	2, 0x
8000648c:	028d                	.insn	2, 0x028d
8000648e:	0000                	.insn	2, 0x
80006490:	0090                	.insn	2, 0x0090
80006492:	0000                	.insn	2, 0x
80006494:	00000337          	lui	t1,0x0
80006498:	006a                	.insn	2, 0x006a
8000649a:	0000                	.insn	2, 0x
8000649c:	007e                	.insn	2, 0x007e
8000649e:	0000                	.insn	2, 0x
800064a0:	027e                	.insn	2, 0x027e
800064a2:	0000                	.insn	2, 0x
800064a4:	02b1                	.insn	2, 0x02b1
800064a6:	0000                	.insn	2, 0x
800064a8:	0086                	.insn	2, 0x0086
800064aa:	0000                	.insn	2, 0x
800064ac:	00000133          	add	sp,zero,zero
800064b0:	0000026f          	jal	tp,800064b0 <input_data+0x28f8>
800064b4:	0324                	.insn	2, 0x0324
800064b6:	0000                	.insn	2, 0x
800064b8:	000001b7          	lui	gp,0x0
800064bc:	000001a7          	.insn	4, 0x01a7
800064c0:	0391                	.insn	2, 0x0391
800064c2:	0000                	.insn	2, 0x
800064c4:	015d                	.insn	2, 0x015d
800064c6:	0000                	.insn	2, 0x
800064c8:	025a                	.insn	2, 0x025a
800064ca:	0000                	.insn	2, 0x
800064cc:	01a8                	.insn	2, 0x01a8
800064ce:	0000                	.insn	2, 0x
800064d0:	03e4                	.insn	2, 0x03e4
800064d2:	0000                	.insn	2, 0x
800064d4:	01ae                	.insn	2, 0x01ae
800064d6:	0000                	.insn	2, 0x
800064d8:	0000022b          	.insn	4, 0x022b
800064dc:	0090                	.insn	2, 0x0090
800064de:	0000                	.insn	2, 0x
800064e0:	01e1                	.insn	2, 0x01e1
800064e2:	0000                	.insn	2, 0x
800064e4:	02f4                	.insn	2, 0x02f4
800064e6:	0000                	.insn	2, 0x
800064e8:	00e2                	.insn	2, 0x00e2
800064ea:	0000                	.insn	2, 0x
800064ec:	03de                	.insn	2, 0x03de
800064ee:	0000                	.insn	2, 0x
800064f0:	0145                	.insn	2, 0x0145
800064f2:	0000                	.insn	2, 0x
800064f4:	000000cf          	.insn	4, 0x00cf
800064f8:	00000353          	.insn	4, 0x0353
800064fc:	012e                	.insn	2, 0x012e
800064fe:	0000                	.insn	2, 0x
80006500:	00000217          	auipc	tp,0x0
80006504:	0339                	.insn	2, 0x0339
80006506:	0000                	.insn	2, 0x
80006508:	0086                	.insn	2, 0x0086
8000650a:	0000                	.insn	2, 0x
8000650c:	0351                	.insn	2, 0x0351
8000650e:	0000                	.insn	2, 0x
80006510:	00cc                	.insn	2, 0x00cc
80006512:	0000                	.insn	2, 0x
80006514:	000002ab          	.insn	4, 0x02ab
80006518:	000002b7          	lui	t0,0x0
8000651c:	022c                	.insn	2, 0x022c
8000651e:	0000                	.insn	2, 0x
80006520:	00000317          	auipc	t1,0x0
80006524:	000002fb          	.insn	4, 0x02fb
80006528:	00a9                	.insn	2, 0x00a9
8000652a:	0000                	.insn	2, 0x
8000652c:	0215                	.insn	2, 0x0215
8000652e:	0000                	.insn	2, 0x
80006530:	0000026f          	jal	tp,80006530 <input_data+0x2978>
80006534:	00c2                	.insn	2, 0x00c2
80006536:	0000                	.insn	2, 0x
80006538:	0056                	.insn	2, 0x0056
8000653a:	0000                	.insn	2, 0x
8000653c:	02d4                	.insn	2, 0x02d4
8000653e:	0000                	.insn	2, 0x
80006540:	01e4                	.insn	2, 0x01e4
80006542:	0000                	.insn	2, 0x
80006544:	01b8                	.insn	2, 0x01b8
80006546:	0000                	.insn	2, 0x
80006548:	005c                	.insn	2, 0x005c
8000654a:	0000                	.insn	2, 0x
8000654c:	0366                	.insn	2, 0x0366
8000654e:	0000                	.insn	2, 0x
80006550:	000001d7          	.insn	4, 0x01d7
80006554:	0056                	.insn	2, 0x0056
80006556:	0000                	.insn	2, 0x
80006558:	021a                	.insn	2, 0x021a
8000655a:	0000                	.insn	2, 0x
8000655c:	0000002f          	.insn	4, 0x002f
80006560:	0000012f          	.insn	4, 0x012f
80006564:	00000333          	add	t1,zero,zero
80006568:	0309                	.insn	2, 0x0309
8000656a:	0000                	.insn	2, 0x
8000656c:	028c                	.insn	2, 0x028c
8000656e:	0000                	.insn	2, 0x
80006570:	02be                	.insn	2, 0x02be
80006572:	0000                	.insn	2, 0x
80006574:	0384                	.insn	2, 0x0384
80006576:	0000                	.insn	2, 0x
80006578:	0212                	.insn	2, 0x0212
8000657a:	0000                	.insn	2, 0x
8000657c:	020a                	.insn	2, 0x020a
8000657e:	0000                	.insn	2, 0x
80006580:	000001cb          	.insn	4, 0x01cb
80006584:	0141                	.insn	2, 0x0141
80006586:	0000                	.insn	2, 0x
80006588:	0391                	.insn	2, 0x0391
8000658a:	0000                	.insn	2, 0x
8000658c:	0000022f          	.insn	4, 0x022f
80006590:	000003c3          	.insn	4, 0x03c3
80006594:	000003c3          	.insn	4, 0x03c3
80006598:	02ad                	.insn	2, 0x02ad
8000659a:	0000                	.insn	2, 0x
8000659c:	0171                	.insn	2, 0x0171
8000659e:	0000                	.insn	2, 0x
800065a0:	00000147          	.insn	4, 0x0147
800065a4:	01d6                	.insn	2, 0x01d6
800065a6:	0000                	.insn	2, 0x
800065a8:	00a4                	.insn	2, 0x00a4
800065aa:	0000                	.insn	2, 0x
800065ac:	011c                	.insn	2, 0x011c
800065ae:	0000                	.insn	2, 0x
800065b0:	01b5                	.insn	2, 0x01b5
800065b2:	0000                	.insn	2, 0x
800065b4:	03bd                	.insn	2, 0x03bd
800065b6:	0000                	.insn	2, 0x
800065b8:	0094                	.insn	2, 0x0094
800065ba:	0000                	.insn	2, 0x
800065bc:	0268                	.insn	2, 0x0268
800065be:	0000                	.insn	2, 0x
800065c0:	0002                	.insn	2, 0x0002
800065c2:	0000                	.insn	2, 0x
800065c4:	006c                	.insn	2, 0x006c
800065c6:	0000                	.insn	2, 0x
800065c8:	006a                	.insn	2, 0x006a
800065ca:	0000                	.insn	2, 0x
800065cc:	0128                	.insn	2, 0x0128
800065ce:	0000                	.insn	2, 0x
800065d0:	000002e7          	jalr	t0,zero # 0 <buf.2>
800065d4:	0079                	.insn	2, 0x0079
800065d6:	0000                	.insn	2, 0x
800065d8:	0130                	.insn	2, 0x0130
800065da:	0000                	.insn	2, 0x
800065dc:	00000083          	lb	ra,0(zero) # 0 <buf.2>
800065e0:	02b6                	.insn	2, 0x02b6
800065e2:	0000                	.insn	2, 0x
800065e4:	000003a7          	.insn	4, 0x03a7
800065e8:	000001f7          	.insn	4, 0x01f7
800065ec:	03a9                	.insn	2, 0x03a9
800065ee:	0000                	.insn	2, 0x
800065f0:	0028                	.insn	2, 0x0028
800065f2:	0000                	.insn	2, 0x
800065f4:	00000373          	.insn	4, 0x0373
800065f8:	00000027          	.insn	4, 0x0027
800065fc:	00000383          	lb	t2,0(zero) # 0 <buf.2>
80006600:	0046                	.insn	2, 0x0046
80006602:	0000                	.insn	2, 0x
80006604:	00e5                	.insn	2, 0x00e5
80006606:	0000                	.insn	2, 0x
80006608:	027d                	.insn	2, 0x027d
8000660a:	0000                	.insn	2, 0x
8000660c:	028e                	.insn	2, 0x028e
8000660e:	0000                	.insn	2, 0x
80006610:	0000034b          	.insn	4, 0x034b
80006614:	0362                	.insn	2, 0x0362
80006616:	0000                	.insn	2, 0x
80006618:	00000103          	lb	sp,0(zero) # 0 <buf.2>
8000661c:	00fc                	.insn	2, 0x00fc
8000661e:	0000                	.insn	2, 0x
80006620:	00000213          	li	tp,0
80006624:	0034                	.insn	2, 0x0034
80006626:	0000                	.insn	2, 0x
80006628:	01ec                	.insn	2, 0x01ec
8000662a:	0000                	.insn	2, 0x
8000662c:	03c9                	.insn	2, 0x03c9
8000662e:	0000                	.insn	2, 0x
80006630:	02b5                	.insn	2, 0x02b5
80006632:	0000                	.insn	2, 0x
80006634:	000001a3          	sb	zero,3(zero) # 3 <buf.2+0x3>
80006638:	0116                	.insn	2, 0x0116
8000663a:	0000                	.insn	2, 0x
8000663c:	0309                	.insn	2, 0x0309
8000663e:	0000                	.insn	2, 0x
80006640:	03ca                	.insn	2, 0x03ca
80006642:	0000                	.insn	2, 0x
80006644:	01ba                	.insn	2, 0x01ba
80006646:	0000                	.insn	2, 0x
80006648:	0222                	.insn	2, 0x0222
8000664a:	0000                	.insn	2, 0x
8000664c:	01c8                	.insn	2, 0x01c8
8000664e:	0000                	.insn	2, 0x
80006650:	000001f7          	.insn	4, 0x01f7
80006654:	0045                	.insn	2, 0x0045
80006656:	0000                	.insn	2, 0x
80006658:	000003bb          	.insn	4, 0x03bb
8000665c:	0081                	.insn	2, 0x0081
8000665e:	0000                	.insn	2, 0x
80006660:	02b9                	.insn	2, 0x02b9
80006662:	0000                	.insn	2, 0x
80006664:	0000026f          	jal	tp,80006664 <input_data+0x2aac>
80006668:	034a                	.insn	2, 0x034a
8000666a:	0000                	.insn	2, 0x
8000666c:	00000167          	jalr	sp,zero # 0 <buf.2>
80006670:	0145                	.insn	2, 0x0145
80006672:	0000                	.insn	2, 0x
80006674:	00000203          	lb	tp,0(zero) # 0 <buf.2>
80006678:	00df 0000 020f      	.insn	6, 0x020f000000df
8000667e:	0000                	.insn	2, 0x
80006680:	0054                	.insn	2, 0x0054
80006682:	0000                	.insn	2, 0x
80006684:	01d5                	.insn	2, 0x01d5
80006686:	0000                	.insn	2, 0x
80006688:	02dc                	.insn	2, 0x02dc
8000668a:	0000                	.insn	2, 0x
8000668c:	02d4                	.insn	2, 0x02d4
8000668e:	0000                	.insn	2, 0x
80006690:	0000013f 00000068 	.insn	8, 0x00680000013f
80006698:	000002bf 00000315 	.insn	8, 0x0315000002bf
800066a0:	03d4                	.insn	2, 0x03d4
800066a2:	0000                	.insn	2, 0x
800066a4:	006d                	.insn	2, 0x006d
800066a6:	0000                	.insn	2, 0x
800066a8:	01be                	.insn	2, 0x01be
800066aa:	0000                	.insn	2, 0x
800066ac:	033e                	.insn	2, 0x033e
800066ae:	0000                	.insn	2, 0x
800066b0:	037c                	.insn	2, 0x037c
800066b2:	0000                	.insn	2, 0x
800066b4:	00000017          	auipc	zero,0x0
800066b8:	02b1                	.insn	2, 0x02b1
800066ba:	0000                	.insn	2, 0x
800066bc:	0374                	.insn	2, 0x0374
800066be:	0000                	.insn	2, 0x
800066c0:	0064                	.insn	2, 0x0064
800066c2:	0000                	.insn	2, 0x
800066c4:	0316                	.insn	2, 0x0316
800066c6:	0000                	.insn	2, 0x
800066c8:	00c4                	.insn	2, 0x00c4
800066ca:	0000                	.insn	2, 0x
800066cc:	01fd                	.insn	2, 0x01fd
800066ce:	0000                	.insn	2, 0x
800066d0:	00000157          	.insn	4, 0x0157
800066d4:	033c                	.insn	2, 0x033c
800066d6:	0000                	.insn	2, 0x
800066d8:	027d                	.insn	2, 0x027d
800066da:	0000                	.insn	2, 0x
800066dc:	0244                	.insn	2, 0x0244
800066de:	0000                	.insn	2, 0x
800066e0:	0000016f          	jal	sp,800066e0 <input_data+0x2b28>
800066e4:	0000034f          	.insn	4, 0x034f
800066e8:	0030                	.insn	2, 0x0030
800066ea:	0000                	.insn	2, 0x
800066ec:	000001b3          	add	gp,zero,zero
800066f0:	035c                	.insn	2, 0x035c
800066f2:	0000                	.insn	2, 0x
800066f4:	0124                	.insn	2, 0x0124
800066f6:	0000                	.insn	2, 0x
800066f8:	02b8                	.insn	2, 0x02b8
800066fa:	0000                	.insn	2, 0x
800066fc:	0000020b          	.insn	4, 0x020b
80006700:	02d4                	.insn	2, 0x02d4
80006702:	0000                	.insn	2, 0x
80006704:	038c                	.insn	2, 0x038c
80006706:	0000                	.insn	2, 0x
80006708:	000000bf 00000325 	.insn	8, 0x0325000000bf
80006710:	0188                	.insn	2, 0x0188
80006712:	0000                	.insn	2, 0x
80006714:	000003b7          	lui	t2,0x0
80006718:	01fe                	.insn	2, 0x01fe
8000671a:	0000                	.insn	2, 0x
8000671c:	000000a3          	sb	zero,1(zero) # 1 <buf.2+0x1>
80006720:	000003cf          	.insn	4, 0x03cf
80006724:	0102                	.insn	2, 0x0102
80006726:	0000                	.insn	2, 0x
80006728:	0239                	.insn	2, 0x0239
8000672a:	0000                	.insn	2, 0x
8000672c:	039a                	.insn	2, 0x039a
8000672e:	0000                	.insn	2, 0x
80006730:	000002d3          	.insn	4, 0x02d3
80006734:	00e8                	.insn	2, 0x00e8
80006736:	0000                	.insn	2, 0x
80006738:	02b4                	.insn	2, 0x02b4
8000673a:	0000                	.insn	2, 0x
8000673c:	0148                	.insn	2, 0x0148
8000673e:	0000                	.insn	2, 0x
80006740:	0031                	.insn	2, 0x0031
80006742:	0000                	.insn	2, 0x
80006744:	028e                	.insn	2, 0x028e
80006746:	0000                	.insn	2, 0x
80006748:	0030                	.insn	2, 0x0030
8000674a:	0000                	.insn	2, 0x
8000674c:	00000023          	sb	zero,0(zero) # 0 <buf.2>
80006750:	0058                	.insn	2, 0x0058
80006752:	0000                	.insn	2, 0x
80006754:	01c2                	.insn	2, 0x01c2
80006756:	0000                	.insn	2, 0x
80006758:	0384                	.insn	2, 0x0384
8000675a:	0000                	.insn	2, 0x
8000675c:	0356                	.insn	2, 0x0356
8000675e:	0000                	.insn	2, 0x
80006760:	01e5                	.insn	2, 0x01e5
80006762:	0000                	.insn	2, 0x
80006764:	02bc                	.insn	2, 0x02bc
80006766:	0000                	.insn	2, 0x
80006768:	01a8                	.insn	2, 0x01a8
8000676a:	0000                	.insn	2, 0x
8000676c:	00000203          	lb	tp,0(zero) # 0 <buf.2>
80006770:	000002f7          	.insn	4, 0x02f7
80006774:	021f 0000 01b9      	.insn	6, 0x01b90000021f
8000677a:	0000                	.insn	2, 0x
8000677c:	00000277          	.insn	4, 0x0277
80006780:	0039                	.insn	2, 0x0039
80006782:	0000                	.insn	2, 0x
80006784:	015a                	.insn	2, 0x015a
80006786:	0000                	.insn	2, 0x
80006788:	027d                	.insn	2, 0x027d
8000678a:	0000                	.insn	2, 0x
8000678c:	032e                	.insn	2, 0x032e
8000678e:	0000                	.insn	2, 0x
80006790:	0195                	.insn	2, 0x0195
80006792:	0000                	.insn	2, 0x
80006794:	0375                	.insn	2, 0x0375
80006796:	0000                	.insn	2, 0x
80006798:	0278                	.insn	2, 0x0278
8000679a:	0000                	.insn	2, 0x
8000679c:	0261                	.insn	2, 0x0261
8000679e:	0000                	.insn	2, 0x
800067a0:	00000093          	li	ra,0
800067a4:	03b8                	.insn	2, 0x03b8
800067a6:	0000                	.insn	2, 0x
800067a8:	01be                	.insn	2, 0x01be
800067aa:	0000                	.insn	2, 0x
800067ac:	00000397          	auipc	t2,0x0
800067b0:	00000173          	.insn	4, 0x0173
800067b4:	009a                	.insn	2, 0x009a
800067b6:	0000                	.insn	2, 0x
800067b8:	000003e3          	beqz	zero,80006fbe <input_data+0x3406>
800067bc:	032e                	.insn	2, 0x032e
800067be:	0000                	.insn	2, 0x
800067c0:	03c5                	.insn	2, 0x03c5
800067c2:	0000                	.insn	2, 0x
800067c4:	0000036b          	.insn	4, 0x036b
800067c8:	02d9                	.insn	2, 0x02d9
800067ca:	0000                	.insn	2, 0x
800067cc:	03e1                	.insn	2, 0x03e1
800067ce:	0000                	.insn	2, 0x
800067d0:	02de                	.insn	2, 0x02de
800067d2:	0000                	.insn	2, 0x
800067d4:	02ff 0000 01d3 0000 	.insn	10, 0x00a3000001d3000002ff
800067dc:	00a3 
800067de:	0000                	.insn	2, 0x
800067e0:	02b2                	.insn	2, 0x02b2
800067e2:	0000                	.insn	2, 0x
800067e4:	01e0                	.insn	2, 0x01e0
800067e6:	0000                	.insn	2, 0x
800067e8:	0125                	.insn	2, 0x0125
800067ea:	0000                	.insn	2, 0x
800067ec:	02ad                	.insn	2, 0x02ad
800067ee:	0000                	.insn	2, 0x
800067f0:	000002af          	.insn	4, 0x02af
800067f4:	0068                	.insn	2, 0x0068
800067f6:	0000                	.insn	2, 0x
800067f8:	01b1                	.insn	2, 0x01b1
800067fa:	0000                	.insn	2, 0x
800067fc:	03ae                	.insn	2, 0x03ae
800067fe:	0000                	.insn	2, 0x
80006800:	0000016b          	.insn	4, 0x016b
80006804:	001c                	.insn	2, 0x001c
80006806:	0000                	.insn	2, 0x
80006808:	02d5                	.insn	2, 0x02d5
8000680a:	0000                	.insn	2, 0x
8000680c:	000000a3          	sb	zero,1(zero) # 1 <buf.2+0x1>
80006810:	02e2                	.insn	2, 0x02e2
80006812:	0000                	.insn	2, 0x
80006814:	014a                	.insn	2, 0x014a
80006816:	0000                	.insn	2, 0x
80006818:	0172                	.insn	2, 0x0172
8000681a:	0000                	.insn	2, 0x
8000681c:	0081                	.insn	2, 0x0081
8000681e:	0000                	.insn	2, 0x
80006820:	02e5                	.insn	2, 0x02e5
80006822:	0000                	.insn	2, 0x
80006824:	03b8                	.insn	2, 0x03b8
80006826:	0000                	.insn	2, 0x
80006828:	01bc                	.insn	2, 0x01bc
8000682a:	0000                	.insn	2, 0x
8000682c:	00f1                	.insn	2, 0x00f1
8000682e:	0000                	.insn	2, 0x
80006830:	0135                	.insn	2, 0x0135
80006832:	0000                	.insn	2, 0x
80006834:	017c                	.insn	2, 0x017c
80006836:	0000                	.insn	2, 0x
80006838:	00000117          	auipc	sp,0x0
8000683c:	0150                	.insn	2, 0x0150
8000683e:	0000                	.insn	2, 0x
80006840:	0151                	.insn	2, 0x0151
80006842:	0000                	.insn	2, 0x
80006844:	025f 0000 01f7      	.insn	6, 0x01f70000025f
8000684a:	0000                	.insn	2, 0x
8000684c:	0084                	.insn	2, 0x0084
8000684e:	0000                	.insn	2, 0x
80006850:	0205                	.insn	2, 0x0205
80006852:	0000                	.insn	2, 0x
80006854:	0170                	.insn	2, 0x0170
80006856:	0000                	.insn	2, 0x
80006858:	0372                	.insn	2, 0x0372
8000685a:	0000                	.insn	2, 0x
8000685c:	00000057          	.insn	4, 0x0057
80006860:	0000021b          	.insn	4, 0x021b
80006864:	000002af          	.insn	4, 0x02af
80006868:	0092                	.insn	2, 0x0092
8000686a:	0000                	.insn	2, 0x
8000686c:	00e9                	.insn	2, 0x00e9
8000686e:	0000                	.insn	2, 0x
80006870:	0150                	.insn	2, 0x0150
80006872:	0000                	.insn	2, 0x
80006874:	01c9                	.insn	2, 0x01c9
80006876:	0000                	.insn	2, 0x
80006878:	0315                	.insn	2, 0x0315
8000687a:	0000                	.insn	2, 0x
8000687c:	00f6                	.insn	2, 0x00f6
8000687e:	0000                	.insn	2, 0x
80006880:	004e                	.insn	2, 0x004e
80006882:	0000                	.insn	2, 0x
80006884:	00c0                	.insn	2, 0x00c0
80006886:	0000                	.insn	2, 0x
80006888:	0000016f          	jal	sp,80006888 <input_data+0x2cd0>
8000688c:	0049                	.insn	2, 0x0049
8000688e:	0000                	.insn	2, 0x
80006890:	0358                	.insn	2, 0x0358
80006892:	0000                	.insn	2, 0x
80006894:	03de                	.insn	2, 0x03de
80006896:	0000                	.insn	2, 0x
80006898:	000001a7          	.insn	4, 0x01a7
8000689c:	03b1                	.insn	2, 0x03b1
8000689e:	0000                	.insn	2, 0x
800068a0:	0052                	.insn	2, 0x0052
800068a2:	0000                	.insn	2, 0x
800068a4:	000003c7          	.insn	4, 0x03c7
800068a8:	0399                	.insn	2, 0x0399
800068aa:	0000                	.insn	2, 0x
800068ac:	03d4                	.insn	2, 0x03d4
800068ae:	0000                	.insn	2, 0x
800068b0:	00000057          	.insn	4, 0x0057
800068b4:	0229                	.insn	2, 0x0229
800068b6:	0000                	.insn	2, 0x
800068b8:	0216                	.insn	2, 0x0216
800068ba:	0000                	.insn	2, 0x
800068bc:	0021                	.insn	2, 0x0021
800068be:	0000                	.insn	2, 0x
800068c0:	0274                	.insn	2, 0x0274
800068c2:	0000                	.insn	2, 0x
800068c4:	0235                	.insn	2, 0x0235
800068c6:	0000                	.insn	2, 0x
800068c8:	0156                	.insn	2, 0x0156
800068ca:	0000                	.insn	2, 0x
800068cc:	0146                	.insn	2, 0x0146
800068ce:	0000                	.insn	2, 0x
800068d0:	023c                	.insn	2, 0x023c
800068d2:	0000                	.insn	2, 0x
800068d4:	01ae                	.insn	2, 0x01ae
800068d6:	0000                	.insn	2, 0x
800068d8:	00000233          	add	tp,zero,zero
800068dc:	006c                	.insn	2, 0x006c
800068de:	0000                	.insn	2, 0x
800068e0:	03de                	.insn	2, 0x03de
800068e2:	0000                	.insn	2, 0x
800068e4:	01ad                	.insn	2, 0x01ad
800068e6:	0000                	.insn	2, 0x
800068e8:	0205                	.insn	2, 0x0205
800068ea:	0000                	.insn	2, 0x
800068ec:	00b2                	.insn	2, 0x00b2
800068ee:	0000                	.insn	2, 0x
800068f0:	0000008b          	.insn	4, 0x008b
800068f4:	0000034f          	.insn	4, 0x034f
800068f8:	03a0                	.insn	2, 0x03a0
800068fa:	0000                	.insn	2, 0x
800068fc:	0206                	.insn	2, 0x0206
800068fe:	0000                	.insn	2, 0x
80006900:	0302                	.insn	2, 0x0302
80006902:	0000                	.insn	2, 0x
80006904:	00a0                	.insn	2, 0x00a0
80006906:	0000                	.insn	2, 0x
80006908:	00000123          	sb	zero,2(zero) # 2 <buf.2+0x2>
8000690c:	0000004b          	.insn	4, 0x004b
80006910:	00e0                	.insn	2, 0x00e0
80006912:	0000                	.insn	2, 0x
80006914:	0129                	.insn	2, 0x0129
80006916:	0000                	.insn	2, 0x
80006918:	0234                	.insn	2, 0x0234
8000691a:	0000                	.insn	2, 0x
8000691c:	00ea                	.insn	2, 0x00ea
8000691e:	0000                	.insn	2, 0x
80006920:	02c0                	.insn	2, 0x02c0
80006922:	0000                	.insn	2, 0x
80006924:	03b4                	.insn	2, 0x03b4
80006926:	0000                	.insn	2, 0x
80006928:	017e                	.insn	2, 0x017e
8000692a:	0000                	.insn	2, 0x
8000692c:	000000a3          	sb	zero,1(zero) # 1 <buf.2+0x1>
80006930:	0254                	.insn	2, 0x0254
80006932:	0000                	.insn	2, 0x
80006934:	000000a3          	sb	zero,1(zero) # 1 <buf.2+0x1>
80006938:	000002a3          	sb	zero,5(zero) # 5 <buf.2+0x5>
8000693c:	01a4                	.insn	2, 0x01a4
8000693e:	0000                	.insn	2, 0x
80006940:	000000e7          	jalr	zero # 0 <buf.2>
80006944:	0046                	.insn	2, 0x0046
80006946:	0000                	.insn	2, 0x
80006948:	025c                	.insn	2, 0x025c
8000694a:	0000                	.insn	2, 0x
8000694c:	016e                	.insn	2, 0x016e
8000694e:	0000                	.insn	2, 0x
80006950:	02d2                	.insn	2, 0x02d2
80006952:	0000                	.insn	2, 0x
80006954:	0376                	.insn	2, 0x0376
80006956:	0000                	.insn	2, 0x
80006958:	02ea                	.insn	2, 0x02ea
8000695a:	0000                	.insn	2, 0x
8000695c:	0000027b          	.insn	4, 0x027b
80006960:	00000333          	add	t1,zero,zero
80006964:	02dd                	.insn	2, 0x02dd
80006966:	0000                	.insn	2, 0x
80006968:	0000003b          	.insn	4, 0x003b
8000696c:	0174                	.insn	2, 0x0174
8000696e:	0000                	.insn	2, 0x
80006970:	02d2                	.insn	2, 0x02d2
80006972:	0000                	.insn	2, 0x
80006974:	036a                	.insn	2, 0x036a
80006976:	0000                	.insn	2, 0x
80006978:	0100                	.insn	2, 0x0100
8000697a:	0000                	.insn	2, 0x
8000697c:	001a                	.insn	2, 0x001a
8000697e:	0000                	.insn	2, 0x
80006980:	02a5                	.insn	2, 0x02a5
80006982:	0000                	.insn	2, 0x
80006984:	000001c3          	.insn	4, 0x01c3
80006988:	01b8                	.insn	2, 0x01b8
8000698a:	0000                	.insn	2, 0x
8000698c:	00cc                	.insn	2, 0x00cc
8000698e:	0000                	.insn	2, 0x
80006990:	0249                	.insn	2, 0x0249
80006992:	0000                	.insn	2, 0x
80006994:	000001b3          	add	gp,zero,zero
80006998:	01da                	.insn	2, 0x01da
8000699a:	0000                	.insn	2, 0x
8000699c:	0244                	.insn	2, 0x0244
8000699e:	0000                	.insn	2, 0x
800069a0:	0000029b          	.insn	4, 0x029b
800069a4:	0224                	.insn	2, 0x0224
800069a6:	0000                	.insn	2, 0x
800069a8:	005d                	.insn	2, 0x005d
800069aa:	0000                	.insn	2, 0x
800069ac:	032d                	.insn	2, 0x032d
800069ae:	0000                	.insn	2, 0x
800069b0:	014d                	.insn	2, 0x014d
800069b2:	0000                	.insn	2, 0x
800069b4:	0031                	.insn	2, 0x0031
800069b6:	0000                	.insn	2, 0x
800069b8:	039c                	.insn	2, 0x039c
800069ba:	0000                	.insn	2, 0x
800069bc:	01fc                	.insn	2, 0x01fc
800069be:	0000                	.insn	2, 0x
800069c0:	00d0                	.insn	2, 0x00d0
800069c2:	0000                	.insn	2, 0x
800069c4:	0175                	.insn	2, 0x0175
800069c6:	0000                	.insn	2, 0x
800069c8:	0301                	.insn	2, 0x0301
800069ca:	0000                	.insn	2, 0x
800069cc:	02aa                	.insn	2, 0x02aa
800069ce:	0000                	.insn	2, 0x
800069d0:	036d                	.insn	2, 0x036d
800069d2:	0000                	.insn	2, 0x
800069d4:	01c0                	.insn	2, 0x01c0
800069d6:	0000                	.insn	2, 0x
800069d8:	00000337          	lui	t1,0x0
800069dc:	0000002f          	.insn	4, 0x002f
800069e0:	01c4                	.insn	2, 0x01c4
800069e2:	0000                	.insn	2, 0x
800069e4:	0112                	.insn	2, 0x0112
800069e6:	0000                	.insn	2, 0x
800069e8:	0141                	.insn	2, 0x0141
800069ea:	0000                	.insn	2, 0x
800069ec:	0299                	.insn	2, 0x0299
800069ee:	0000                	.insn	2, 0x
800069f0:	00000257          	.insn	4, 0x0257
800069f4:	0031                	.insn	2, 0x0031
800069f6:	0000                	.insn	2, 0x
800069f8:	0362                	.insn	2, 0x0362
800069fa:	0000                	.insn	2, 0x
800069fc:	023a                	.insn	2, 0x023a
800069fe:	0000                	.insn	2, 0x
80006a00:	011e                	.insn	2, 0x011e
80006a02:	0000                	.insn	2, 0x
80006a04:	01ba                	.insn	2, 0x01ba
80006a06:	0000                	.insn	2, 0x
80006a08:	02b2                	.insn	2, 0x02b2
80006a0a:	0000                	.insn	2, 0x
80006a0c:	0181                	.insn	2, 0x0181
80006a0e:	0000                	.insn	2, 0x
80006a10:	0065                	.insn	2, 0x0065
80006a12:	0000                	.insn	2, 0x
80006a14:	01de                	.insn	2, 0x01de
80006a16:	0000                	.insn	2, 0x
80006a18:	000000d7          	.insn	4, 0x00d7
80006a1c:	02c9                	.insn	2, 0x02c9
80006a1e:	0000                	.insn	2, 0x
80006a20:	0000021b          	.insn	4, 0x021b
80006a24:	00ee                	.insn	2, 0x00ee
80006a26:	0000                	.insn	2, 0x
80006a28:	00000293          	li	t0,0
80006a2c:	0158                	.insn	2, 0x0158
80006a2e:	0000                	.insn	2, 0x
80006a30:	0092                	.insn	2, 0x0092
80006a32:	0000                	.insn	2, 0x
80006a34:	008e                	.insn	2, 0x008e
80006a36:	0000                	.insn	2, 0x
80006a38:	01c6                	.insn	2, 0x01c6
80006a3a:	0000                	.insn	2, 0x
80006a3c:	0121                	.insn	2, 0x0121
80006a3e:	0000                	.insn	2, 0x
80006a40:	0154                	.insn	2, 0x0154
80006a42:	0000                	.insn	2, 0x
80006a44:	02fc                	.insn	2, 0x02fc
80006a46:	0000                	.insn	2, 0x
80006a48:	0306                	.insn	2, 0x0306
80006a4a:	0000                	.insn	2, 0x
80006a4c:	0206                	.insn	2, 0x0206
80006a4e:	0000                	.insn	2, 0x
80006a50:	021c                	.insn	2, 0x021c
80006a52:	0000                	.insn	2, 0x
80006a54:	03d1                	.insn	2, 0x03d1
80006a56:	0000                	.insn	2, 0x
80006a58:	00000243          	.insn	4, 0x0243
80006a5c:	00de                	.insn	2, 0x00de
80006a5e:	0000                	.insn	2, 0x
80006a60:	02d6                	.insn	2, 0x02d6
80006a62:	0000                	.insn	2, 0x
80006a64:	00000007          	.insn	4, 0x0007
80006a68:	02ea                	.insn	2, 0x02ea
80006a6a:	0000                	.insn	2, 0x
80006a6c:	027d                	.insn	2, 0x027d
80006a6e:	0000                	.insn	2, 0x
80006a70:	0255                	.insn	2, 0x0255
80006a72:	0000                	.insn	2, 0x
80006a74:	0000033b          	.insn	4, 0x033b
80006a78:	02ff 0000 0166 0000 	.insn	10, 0x01d600000166000002ff
80006a80:	01d6 
80006a82:	0000                	.insn	2, 0x
80006a84:	00000037          	lui	zero,0x0
80006a88:	019f 0000 01fd      	.insn	6, 0x01fd0000019f
80006a8e:	0000                	.insn	2, 0x
80006a90:	035a                	.insn	2, 0x035a
80006a92:	0000                	.insn	2, 0x
80006a94:	0078                	.insn	2, 0x0078
80006a96:	0000                	.insn	2, 0x
80006a98:	034d                	.insn	2, 0x034d
80006a9a:	0000                	.insn	2, 0x
80006a9c:	03d8                	.insn	2, 0x03d8
80006a9e:	0000                	.insn	2, 0x
80006aa0:	0234                	.insn	2, 0x0234
80006aa2:	0000                	.insn	2, 0x
80006aa4:	0248                	.insn	2, 0x0248
80006aa6:	0000                	.insn	2, 0x
80006aa8:	003a                	.insn	2, 0x003a
80006aaa:	0000                	.insn	2, 0x
80006aac:	000002f3          	.insn	4, 0x02f3
80006ab0:	000003c7          	.insn	4, 0x03c7
80006ab4:	00000397          	auipc	t2,0x0
80006ab8:	032e                	.insn	2, 0x032e
80006aba:	0000                	.insn	2, 0x
80006abc:	006e                	.insn	2, 0x006e
80006abe:	0000                	.insn	2, 0x
80006ac0:	03d1                	.insn	2, 0x03d1
80006ac2:	0000                	.insn	2, 0x
80006ac4:	03cc                	.insn	2, 0x03cc
80006ac6:	0000                	.insn	2, 0x
80006ac8:	000001a7          	.insn	4, 0x01a7
80006acc:	0022                	.insn	2, 0x0022
80006ace:	0000                	.insn	2, 0x
80006ad0:	03a5                	.insn	2, 0x03a5
80006ad2:	0000                	.insn	2, 0x
80006ad4:	000002bb          	.insn	4, 0x02bb
80006ad8:	032a                	.insn	2, 0x032a
80006ada:	0000                	.insn	2, 0x
80006adc:	005e                	.insn	2, 0x005e
80006ade:	0000                	.insn	2, 0x
80006ae0:	00000057          	.insn	4, 0x0057
80006ae4:	00d1                	.insn	2, 0x00d1
80006ae6:	0000                	.insn	2, 0x
80006ae8:	016a                	.insn	2, 0x016a
80006aea:	0000                	.insn	2, 0x
80006aec:	0189                	.insn	2, 0x0189
80006aee:	0000                	.insn	2, 0x
80006af0:	020e                	.insn	2, 0x020e
80006af2:	0000                	.insn	2, 0x
80006af4:	026c                	.insn	2, 0x026c
80006af6:	0000                	.insn	2, 0x
80006af8:	0079                	.insn	2, 0x0079
80006afa:	0000                	.insn	2, 0x
80006afc:	03e2                	.insn	2, 0x03e2
80006afe:	0000                	.insn	2, 0x
80006b00:	02a4                	.insn	2, 0x02a4
80006b02:	0000                	.insn	2, 0x
80006b04:	000003d7          	.insn	4, 0x03d7
80006b08:	0000016f          	jal	sp,80006b08 <input_data+0x2f50>
80006b0c:	02ba                	.insn	2, 0x02ba
80006b0e:	0000                	.insn	2, 0x
80006b10:	00ec                	.insn	2, 0x00ec
80006b12:	0000                	.insn	2, 0x
80006b14:	01f4                	.insn	2, 0x01f4
80006b16:	0000                	.insn	2, 0x
80006b18:	02ac                	.insn	2, 0x02ac
80006b1a:	0000                	.insn	2, 0x
80006b1c:	0061                	.insn	2, 0x0061
80006b1e:	0000                	.insn	2, 0x
80006b20:	01f4                	.insn	2, 0x01f4
80006b22:	0000                	.insn	2, 0x
80006b24:	00b9                	.insn	2, 0x00b9
80006b26:	0000                	.insn	2, 0x
80006b28:	0269                	.insn	2, 0x0269
80006b2a:	0000                	.insn	2, 0x
80006b2c:	0000009b          	.insn	4, 0x009b
80006b30:	0000002f          	.insn	4, 0x002f
80006b34:	0059                	.insn	2, 0x0059
80006b36:	0000                	.insn	2, 0x
80006b38:	026a                	.insn	2, 0x026a
80006b3a:	0000                	.insn	2, 0x
80006b3c:	01a5                	.insn	2, 0x01a5
80006b3e:	0000                	.insn	2, 0x
80006b40:	00b9                	.insn	2, 0x00b9
80006b42:	0000                	.insn	2, 0x
80006b44:	0154                	.insn	2, 0x0154
80006b46:	0000                	.insn	2, 0x
80006b48:	0176                	.insn	2, 0x0176
80006b4a:	0000                	.insn	2, 0x
80006b4c:	0359                	.insn	2, 0x0359
80006b4e:	0000                	.insn	2, 0x
80006b50:	00ec                	.insn	2, 0x00ec
80006b52:	0000                	.insn	2, 0x
80006b54:	02fd                	.insn	2, 0x02fd
80006b56:	0000                	.insn	2, 0x
80006b58:	035c                	.insn	2, 0x035c
80006b5a:	0000                	.insn	2, 0x
80006b5c:	02b1                	.insn	2, 0x02b1
80006b5e:	0000                	.insn	2, 0x
80006b60:	02b6                	.insn	2, 0x02b6
80006b62:	0000                	.insn	2, 0x
80006b64:	01b9                	.insn	2, 0x01b9
80006b66:	0000                	.insn	2, 0x
80006b68:	02ad                	.insn	2, 0x02ad
80006b6a:	0000                	.insn	2, 0x
80006b6c:	03a4                	.insn	2, 0x03a4
80006b6e:	0000                	.insn	2, 0x
80006b70:	0246                	.insn	2, 0x0246
80006b72:	0000                	.insn	2, 0x
80006b74:	0000010f          	.insn	4, 0x010f
80006b78:	0004                	.insn	2, 0x0004
80006b7a:	0000                	.insn	2, 0x
80006b7c:	0072                	.insn	2, 0x0072
80006b7e:	0000                	.insn	2, 0x
80006b80:	0294                	.insn	2, 0x0294
80006b82:	0000                	.insn	2, 0x
80006b84:	000003bb          	.insn	4, 0x03bb
80006b88:	0194                	.insn	2, 0x0194
80006b8a:	0000                	.insn	2, 0x
80006b8c:	010e                	.insn	2, 0x010e
80006b8e:	0000                	.insn	2, 0x
80006b90:	0000027b          	.insn	4, 0x027b
80006b94:	0276                	.insn	2, 0x0276
80006b96:	0000                	.insn	2, 0x
80006b98:	02d1                	.insn	2, 0x02d1
80006b9a:	0000                	.insn	2, 0x
80006b9c:	0254                	.insn	2, 0x0254
80006b9e:	0000                	.insn	2, 0x
80006ba0:	00000277          	.insn	4, 0x0277
80006ba4:	0301                	.insn	2, 0x0301
80006ba6:	0000                	.insn	2, 0x
80006ba8:	01d4                	.insn	2, 0x01d4
80006baa:	0000                	.insn	2, 0x
80006bac:	005f 0000 0099      	.insn	6, 0x00990000005f
80006bb2:	0000                	.insn	2, 0x
80006bb4:	000003d7          	.insn	4, 0x03d7
80006bb8:	0000                	.insn	2, 0x
80006bba:	0000                	.insn	2, 0x
80006bbc:	0198                	.insn	2, 0x0198
80006bbe:	0000                	.insn	2, 0x
80006bc0:	02b1                	.insn	2, 0x02b1
80006bc2:	0000                	.insn	2, 0x
80006bc4:	0124                	.insn	2, 0x0124
80006bc6:	0000                	.insn	2, 0x
80006bc8:	00dc                	.insn	2, 0x00dc
80006bca:	0000                	.insn	2, 0x
80006bcc:	024a                	.insn	2, 0x024a
80006bce:	0000                	.insn	2, 0x
80006bd0:	01ae                	.insn	2, 0x01ae
80006bd2:	0000                	.insn	2, 0x
80006bd4:	029d                	.insn	2, 0x029d
80006bd6:	0000                	.insn	2, 0x
80006bd8:	020c                	.insn	2, 0x020c
80006bda:	0000                	.insn	2, 0x
80006bdc:	00bc                	.insn	2, 0x00bc
80006bde:	0000                	.insn	2, 0x
80006be0:	03c5                	.insn	2, 0x03c5
80006be2:	0000                	.insn	2, 0x
80006be4:	038e                	.insn	2, 0x038e
80006be6:	0000                	.insn	2, 0x
80006be8:	014e                	.insn	2, 0x014e
80006bea:	0000                	.insn	2, 0x
80006bec:	0000023f 000003e4 	.insn	8, 0x03e40000023f
80006bf4:	01fa                	.insn	2, 0x01fa
80006bf6:	0000                	.insn	2, 0x
80006bf8:	00bd                	.insn	2, 0x00bd
80006bfa:	0000                	.insn	2, 0x
80006bfc:	0085                	.insn	2, 0x0085
80006bfe:	0000                	.insn	2, 0x
80006c00:	0111                	.insn	2, 0x0111
80006c02:	0000                	.insn	2, 0x
80006c04:	020d                	.insn	2, 0x020d
80006c06:	0000                	.insn	2, 0x
80006c08:	021e                	.insn	2, 0x021e
80006c0a:	0000                	.insn	2, 0x
80006c0c:	0371                	.insn	2, 0x0371
80006c0e:	0000                	.insn	2, 0x
80006c10:	0000004b          	.insn	4, 0x004b
80006c14:	0394                	.insn	2, 0x0394
80006c16:	0000                	.insn	2, 0x
80006c18:	00000297          	auipc	t0,0x0
80006c1c:	0262                	.insn	2, 0x0262
80006c1e:	0000                	.insn	2, 0x
80006c20:	01cd                	.insn	2, 0x01cd
80006c22:	0000                	.insn	2, 0x
80006c24:	03bc                	.insn	2, 0x03bc
80006c26:	0000                	.insn	2, 0x
80006c28:	000003af          	.insn	4, 0x03af
80006c2c:	000000db          	.insn	4, 0x00db
80006c30:	0119                	.insn	2, 0x0119
80006c32:	0000                	.insn	2, 0x
80006c34:	000000c3          	.insn	4, 0x00c3
80006c38:	0000015b          	.insn	4, 0x015b
80006c3c:	000003e3          	beqz	zero,80007442 <input_data+0x388a>
80006c40:	0088                	.insn	2, 0x0088
80006c42:	0000                	.insn	2, 0x
80006c44:	024d                	.insn	2, 0x024d
80006c46:	0000                	.insn	2, 0x
80006c48:	008e                	.insn	2, 0x008e
80006c4a:	0000                	.insn	2, 0x
80006c4c:	02c4                	.insn	2, 0x02c4
80006c4e:	0000                	.insn	2, 0x
80006c50:	010e                	.insn	2, 0x010e
80006c52:	0000                	.insn	2, 0x
80006c54:	00000003          	lb	zero,0(zero) # 0 <buf.2>
80006c58:	00000363          	beqz	zero,80006c5e <input_data+0x30a6>
80006c5c:	01d4                	.insn	2, 0x01d4
80006c5e:	0000                	.insn	2, 0x
80006c60:	002d                	.insn	2, 0x002d
80006c62:	0000                	.insn	2, 0x
80006c64:	02e6                	.insn	2, 0x02e6
80006c66:	0000                	.insn	2, 0x
80006c68:	034c                	.insn	2, 0x034c
80006c6a:	0000                	.insn	2, 0x
80006c6c:	000003c3          	.insn	4, 0x03c3
80006c70:	019d                	.insn	2, 0x019d
80006c72:	0000                	.insn	2, 0x
80006c74:	035c                	.insn	2, 0x035c
80006c76:	0000                	.insn	2, 0x
80006c78:	000001c3          	.insn	4, 0x01c3
80006c7c:	0000027b          	.insn	4, 0x027b
80006c80:	031e                	.insn	2, 0x031e
80006c82:	0000                	.insn	2, 0x
80006c84:	038a                	.insn	2, 0x038a
80006c86:	0000                	.insn	2, 0x
80006c88:	0345                	.insn	2, 0x0345
80006c8a:	0000                	.insn	2, 0x
80006c8c:	017c                	.insn	2, 0x017c
80006c8e:	0000                	.insn	2, 0x
80006c90:	0094                	.insn	2, 0x0094
80006c92:	0000                	.insn	2, 0x
80006c94:	00000117          	auipc	sp,0x0
80006c98:	0085                	.insn	2, 0x0085
80006c9a:	0000                	.insn	2, 0x
80006c9c:	00000157          	.insn	4, 0x0157
80006ca0:	00000243          	.insn	4, 0x0243
80006ca4:	00aa                	.insn	2, 0x00aa
80006ca6:	0000                	.insn	2, 0x
80006ca8:	000001b7          	lui	gp,0x0
80006cac:	02df 0000 0156      	.insn	6, 0x0156000002df
80006cb2:	0000                	.insn	2, 0x
80006cb4:	0396                	.insn	2, 0x0396
80006cb6:	0000                	.insn	2, 0x
80006cb8:	0000031b          	.insn	4, 0x031b
80006cbc:	02e0                	.insn	2, 0x02e0
80006cbe:	0000                	.insn	2, 0x
80006cc0:	0085                	.insn	2, 0x0085
80006cc2:	0000                	.insn	2, 0x
80006cc4:	0000035b          	.insn	4, 0x035b
80006cc8:	028a                	.insn	2, 0x028a
80006cca:	0000                	.insn	2, 0x
80006ccc:	01e6                	.insn	2, 0x01e6
80006cce:	0000                	.insn	2, 0x
80006cd0:	0358                	.insn	2, 0x0358
80006cd2:	0000                	.insn	2, 0x
80006cd4:	0000003f 000001af 	.insn	8, 0x01af0000003f
80006cdc:	02a5                	.insn	2, 0x02a5
80006cde:	0000                	.insn	2, 0x
80006ce0:	02ae                	.insn	2, 0x02ae
80006ce2:	0000                	.insn	2, 0x
80006ce4:	029e                	.insn	2, 0x029e
80006ce6:	0000                	.insn	2, 0x
80006ce8:	00c6                	.insn	2, 0x00c6
80006cea:	0000                	.insn	2, 0x
80006cec:	0000007b          	.insn	4, 0x007b
80006cf0:	0200                	.insn	2, 0x0200
80006cf2:	0000                	.insn	2, 0x
80006cf4:	023c                	.insn	2, 0x023c
80006cf6:	0000                	.insn	2, 0x
80006cf8:	036e                	.insn	2, 0x036e
80006cfa:	0000                	.insn	2, 0x
80006cfc:	0378                	.insn	2, 0x0378
80006cfe:	0000                	.insn	2, 0x
80006d00:	015a                	.insn	2, 0x015a
80006d02:	0000                	.insn	2, 0x
80006d04:	0154                	.insn	2, 0x0154
80006d06:	0000                	.insn	2, 0x
80006d08:	025e                	.insn	2, 0x025e
80006d0a:	0000                	.insn	2, 0x
80006d0c:	033a                	.insn	2, 0x033a
80006d0e:	0000                	.insn	2, 0x
80006d10:	034c                	.insn	2, 0x034c
80006d12:	0000                	.insn	2, 0x
80006d14:	00000177          	.insn	4, 0x0177
80006d18:	01fe                	.insn	2, 0x01fe
80006d1a:	0000                	.insn	2, 0x
80006d1c:	0338                	.insn	2, 0x0338
80006d1e:	0000                	.insn	2, 0x
80006d20:	00c9                	.insn	2, 0x00c9
80006d22:	0000                	.insn	2, 0x
80006d24:	000000db          	.insn	4, 0x00db
80006d28:	000000e3          	beqz	zero,80007528 <input_data+0x3970>
80006d2c:	00c9                	.insn	2, 0x00c9
80006d2e:	0000                	.insn	2, 0x
80006d30:	0152                	.insn	2, 0x0152
80006d32:	0000                	.insn	2, 0x
80006d34:	020a                	.insn	2, 0x020a
80006d36:	0000                	.insn	2, 0x
80006d38:	03e5                	.insn	2, 0x03e5
80006d3a:	0000                	.insn	2, 0x
80006d3c:	004c                	.insn	2, 0x004c
80006d3e:	0000                	.insn	2, 0x
80006d40:	0261                	.insn	2, 0x0261
80006d42:	0000                	.insn	2, 0x
80006d44:	039a                	.insn	2, 0x039a
80006d46:	0000                	.insn	2, 0x
80006d48:	0388                	.insn	2, 0x0388
80006d4a:	0000                	.insn	2, 0x
80006d4c:	010e                	.insn	2, 0x010e
80006d4e:	0000                	.insn	2, 0x
80006d50:	0146                	.insn	2, 0x0146
80006d52:	0000                	.insn	2, 0x
80006d54:	0329                	.insn	2, 0x0329
80006d56:	0000                	.insn	2, 0x
80006d58:	0148                	.insn	2, 0x0148
80006d5a:	0000                	.insn	2, 0x
80006d5c:	011d                	.insn	2, 0x011d
80006d5e:	0000                	.insn	2, 0x
80006d60:	00000053          	.insn	4, 0x0053
80006d64:	0276                	.insn	2, 0x0276
80006d66:	0000                	.insn	2, 0x
80006d68:	0226                	.insn	2, 0x0226
80006d6a:	0000                	.insn	2, 0x
80006d6c:	005c                	.insn	2, 0x005c
80006d6e:	0000                	.insn	2, 0x
80006d70:	0171                	.insn	2, 0x0171
80006d72:	0000                	.insn	2, 0x
80006d74:	03bd                	.insn	2, 0x03bd
80006d76:	0000                	.insn	2, 0x
80006d78:	000002cf          	.insn	4, 0x02cf
80006d7c:	03d4                	.insn	2, 0x03d4
80006d7e:	0000                	.insn	2, 0x
80006d80:	0310                	.insn	2, 0x0310
80006d82:	0000                	.insn	2, 0x
80006d84:	01ee                	.insn	2, 0x01ee
80006d86:	0000                	.insn	2, 0x
80006d88:	01d8                	.insn	2, 0x01d8
80006d8a:	0000                	.insn	2, 0x
80006d8c:	000000e7          	jalr	zero # 0 <buf.2>
80006d90:	02de                	.insn	2, 0x02de
80006d92:	0000                	.insn	2, 0x
80006d94:	0198                	.insn	2, 0x0198
80006d96:	0000                	.insn	2, 0x
80006d98:	0395                	.insn	2, 0x0395
80006d9a:	0000                	.insn	2, 0x
80006d9c:	019f 0000 0376      	.insn	6, 0x03760000019f
80006da2:	0000                	.insn	2, 0x
80006da4:	0024                	.insn	2, 0x0024
80006da6:	0000                	.insn	2, 0x
80006da8:	02d8                	.insn	2, 0x02d8
80006daa:	0000                	.insn	2, 0x
80006dac:	0074                	.insn	2, 0x0074
80006dae:	0000                	.insn	2, 0x
80006db0:	020e                	.insn	2, 0x020e
80006db2:	0000                	.insn	2, 0x
80006db4:	034c                	.insn	2, 0x034c
80006db6:	0000                	.insn	2, 0x
80006db8:	00000293          	li	t0,0
80006dbc:	01ed                	.insn	2, 0x01ed
80006dbe:	0000                	.insn	2, 0x
80006dc0:	000003bf 0000018b 	.insn	8, 0x018b000003bf
80006dc8:	0070                	.insn	2, 0x0070
80006dca:	0000                	.insn	2, 0x
80006dcc:	02f6                	.insn	2, 0x02f6
80006dce:	0000                	.insn	2, 0x
80006dd0:	009a                	.insn	2, 0x009a
80006dd2:	0000                	.insn	2, 0x
80006dd4:	0298                	.insn	2, 0x0298
80006dd6:	0000                	.insn	2, 0x
80006dd8:	02e8                	.insn	2, 0x02e8
80006dda:	0000                	.insn	2, 0x
80006ddc:	009c                	.insn	2, 0x009c
80006dde:	0000                	.insn	2, 0x
80006de0:	00000063          	beqz	zero,80006de0 <input_data+0x3228>
80006de4:	02ff 0000 029c 0000 	.insn	10, 0x026c0000029c000002ff
80006dec:	026c 
80006dee:	0000                	.insn	2, 0x
80006df0:	00000033          	add	zero,zero,zero
80006df4:	000002eb          	.insn	4, 0x02eb
80006df8:	000000ef          	jal	80006df8 <input_data+0x3240>
80006dfc:	0061                	.insn	2, 0x0061
80006dfe:	0000                	.insn	2, 0x
80006e00:	02e1                	.insn	2, 0x02e1
80006e02:	0000                	.insn	2, 0x
80006e04:	0000018f          	.insn	4, 0x018f
80006e08:	000002ef          	jal	t0,80006e08 <input_data+0x3250>
80006e0c:	01ca                	.insn	2, 0x01ca
80006e0e:	0000                	.insn	2, 0x
80006e10:	0010                	.insn	2, 0x0010
80006e12:	0000                	.insn	2, 0x
80006e14:	0000002f          	.insn	4, 0x002f
80006e18:	0000034f          	.insn	4, 0x034f
80006e1c:	022d                	.insn	2, 0x022d
80006e1e:	0000                	.insn	2, 0x
80006e20:	03a9                	.insn	2, 0x03a9
80006e22:	0000                	.insn	2, 0x
80006e24:	0048                	.insn	2, 0x0048
80006e26:	0000                	.insn	2, 0x
80006e28:	02e8                	.insn	2, 0x02e8
80006e2a:	0000                	.insn	2, 0x
80006e2c:	0350                	.insn	2, 0x0350
80006e2e:	0000                	.insn	2, 0x
80006e30:	004e                	.insn	2, 0x004e
80006e32:	0000                	.insn	2, 0x
80006e34:	02c2                	.insn	2, 0x02c2
80006e36:	0000                	.insn	2, 0x
80006e38:	015c                	.insn	2, 0x015c
80006e3a:	0000                	.insn	2, 0x
80006e3c:	0021                	.insn	2, 0x0021
80006e3e:	0000                	.insn	2, 0x
80006e40:	01f9                	.insn	2, 0x01f9
80006e42:	0000                	.insn	2, 0x
80006e44:	00000053          	.insn	4, 0x0053
80006e48:	0208                	.insn	2, 0x0208
80006e4a:	0000                	.insn	2, 0x
80006e4c:	000002b7          	lui	t0,0x0
80006e50:	023c                	.insn	2, 0x023c
80006e52:	0000                	.insn	2, 0x
80006e54:	0295                	.insn	2, 0x0295
80006e56:	0000                	.insn	2, 0x
80006e58:	0142                	.insn	2, 0x0142
80006e5a:	0000                	.insn	2, 0x
80006e5c:	0000007b          	.insn	4, 0x007b
80006e60:	000001bf 0000015d 	.insn	8, 0x015d000001bf
80006e68:	0248                	.insn	2, 0x0248
80006e6a:	0000                	.insn	2, 0x
80006e6c:	01b1                	.insn	2, 0x01b1
80006e6e:	0000                	.insn	2, 0x
80006e70:	000003b7          	lui	t2,0x0
80006e74:	0389                	.insn	2, 0x0389
80006e76:	0000                	.insn	2, 0x
80006e78:	0061                	.insn	2, 0x0061
80006e7a:	0000                	.insn	2, 0x
80006e7c:	01a0                	.insn	2, 0x01a0
80006e7e:	0000                	.insn	2, 0x
80006e80:	0000007b          	.insn	4, 0x007b
80006e84:	01a5                	.insn	2, 0x01a5
80006e86:	0000                	.insn	2, 0x
80006e88:	00000293          	li	t0,0
80006e8c:	0000034b          	.insn	4, 0x034b
80006e90:	0000039b          	.insn	4, 0x039b
80006e94:	03a5                	.insn	2, 0x03a5
80006e96:	0000                	.insn	2, 0x
80006e98:	03aa                	.insn	2, 0x03aa
80006e9a:	0000                	.insn	2, 0x
80006e9c:	00000123          	sb	zero,2(zero) # 2 <buf.2+0x2>
80006ea0:	03c1                	.insn	2, 0x03c1
80006ea2:	0000                	.insn	2, 0x
80006ea4:	035d                	.insn	2, 0x035d
80006ea6:	0000                	.insn	2, 0x
80006ea8:	0091                	.insn	2, 0x0091
80006eaa:	0000                	.insn	2, 0x
80006eac:	0000016f          	jal	sp,80006eac <input_data+0x32f4>
80006eb0:	02ca                	.insn	2, 0x02ca
80006eb2:	0000                	.insn	2, 0x
80006eb4:	0099                	.insn	2, 0x0099
80006eb6:	0000                	.insn	2, 0x
80006eb8:	0042                	.insn	2, 0x0042
80006eba:	0000                	.insn	2, 0x
80006ebc:	02b9                	.insn	2, 0x02b9
80006ebe:	0000                	.insn	2, 0x
80006ec0:	02e8                	.insn	2, 0x02e8
80006ec2:	0000                	.insn	2, 0x
80006ec4:	0291                	.insn	2, 0x0291
80006ec6:	0000                	.insn	2, 0x
80006ec8:	01dd                	.insn	2, 0x01dd
80006eca:	0000                	.insn	2, 0x
80006ecc:	01ff 0000 025a 0000 	.insn	10, 0x01bd0000025a000001ff
80006ed4:	01bd 
80006ed6:	0000                	.insn	2, 0x
80006ed8:	03b6                	.insn	2, 0x03b6
80006eda:	0000                	.insn	2, 0x
80006edc:	0229                	.insn	2, 0x0229
80006ede:	0000                	.insn	2, 0x
80006ee0:	0116                	.insn	2, 0x0116
80006ee2:	0000                	.insn	2, 0x
80006ee4:	0060                	.insn	2, 0x0060
80006ee6:	0000                	.insn	2, 0x
80006ee8:	03a9                	.insn	2, 0x03a9
80006eea:	0000                	.insn	2, 0x
80006eec:	0000022b          	.insn	4, 0x022b
80006ef0:	0170                	.insn	2, 0x0170
80006ef2:	0000                	.insn	2, 0x
80006ef4:	019f 0000 02ec      	.insn	6, 0x02ec0000019f
80006efa:	0000                	.insn	2, 0x
80006efc:	0000008f          	.insn	4, 0x008f
80006f00:	02e5                	.insn	2, 0x02e5
80006f02:	0000                	.insn	2, 0x
80006f04:	00000303          	lb	t1,0(zero) # 0 <buf.2>
80006f08:	035e                	.insn	2, 0x035e
80006f0a:	0000                	.insn	2, 0x
80006f0c:	03de                	.insn	2, 0x03de
80006f0e:	0000                	.insn	2, 0x
80006f10:	0008                	.insn	2, 0x0008
80006f12:	0000                	.insn	2, 0x
80006f14:	00000127          	.insn	4, 0x0127
80006f18:	018c                	.insn	2, 0x018c
80006f1a:	0000                	.insn	2, 0x
80006f1c:	0011                	.insn	2, 0x0011
80006f1e:	0000                	.insn	2, 0x
80006f20:	00000077          	.insn	4, 0x0077
80006f24:	00ec                	.insn	2, 0x00ec
80006f26:	0000                	.insn	2, 0x
80006f28:	01fc                	.insn	2, 0x01fc
80006f2a:	0000                	.insn	2, 0x
80006f2c:	011d                	.insn	2, 0x011d
80006f2e:	0000                	.insn	2, 0x
80006f30:	034c                	.insn	2, 0x034c
80006f32:	0000                	.insn	2, 0x
80006f34:	0392                	.insn	2, 0x0392
80006f36:	0000                	.insn	2, 0x
80006f38:	0061                	.insn	2, 0x0061
80006f3a:	0000                	.insn	2, 0x
80006f3c:	000000eb          	.insn	4, 0x00eb
80006f40:	038a                	.insn	2, 0x038a
80006f42:	0000                	.insn	2, 0x
80006f44:	0076                	.insn	2, 0x0076
80006f46:	0000                	.insn	2, 0x
80006f48:	00000053          	.insn	4, 0x0053
80006f4c:	0195                	.insn	2, 0x0195
80006f4e:	0000                	.insn	2, 0x
80006f50:	00be                	.insn	2, 0x00be
80006f52:	0000                	.insn	2, 0x
80006f54:	026a                	.insn	2, 0x026a
80006f56:	0000                	.insn	2, 0x
80006f58:	01b6                	.insn	2, 0x01b6
80006f5a:	0000                	.insn	2, 0x
80006f5c:	01b6                	.insn	2, 0x01b6
80006f5e:	0000                	.insn	2, 0x
80006f60:	02c2                	.insn	2, 0x02c2
80006f62:	0000                	.insn	2, 0x
80006f64:	019d                	.insn	2, 0x019d
80006f66:	0000                	.insn	2, 0x
80006f68:	0222                	.insn	2, 0x0222
80006f6a:	0000                	.insn	2, 0x
80006f6c:	00d6                	.insn	2, 0x00d6
80006f6e:	0000                	.insn	2, 0x
80006f70:	00000327          	.insn	4, 0x0327
80006f74:	021c                	.insn	2, 0x021c
80006f76:	0000                	.insn	2, 0x
80006f78:	0168                	.insn	2, 0x0168
80006f7a:	0000                	.insn	2, 0x
80006f7c:	00a2                	.insn	2, 0x00a2
80006f7e:	0000                	.insn	2, 0x
80006f80:	01aa                	.insn	2, 0x01aa
80006f82:	0000                	.insn	2, 0x
80006f84:	002a                	.insn	2, 0x002a
80006f86:	0000                	.insn	2, 0x
80006f88:	0354                	.insn	2, 0x0354
80006f8a:	0000                	.insn	2, 0x
80006f8c:	0102                	.insn	2, 0x0102
80006f8e:	0000                	.insn	2, 0x
80006f90:	02fd                	.insn	2, 0x02fd
80006f92:	0000                	.insn	2, 0x
80006f94:	00000093          	li	ra,0
80006f98:	0226                	.insn	2, 0x0226
80006f9a:	0000                	.insn	2, 0x
80006f9c:	000d                	.insn	2, 0x000d
80006f9e:	0000                	.insn	2, 0x
80006fa0:	00000223          	sb	zero,4(zero) # 4 <buf.2+0x4>
80006fa4:	02c0                	.insn	2, 0x02c0
80006fa6:	0000                	.insn	2, 0x
80006fa8:	000000e3          	beqz	zero,800077a8 <input_data+0x3bf0>
80006fac:	02dd                	.insn	2, 0x02dd
80006fae:	0000                	.insn	2, 0x
80006fb0:	02a6                	.insn	2, 0x02a6
80006fb2:	0000                	.insn	2, 0x
80006fb4:	0000024b          	.insn	4, 0x024b
80006fb8:	0000026f          	jal	tp,80006fb8 <input_data+0x3400>
80006fbc:	0000031b          	.insn	4, 0x031b
80006fc0:	0135                	.insn	2, 0x0135
80006fc2:	0000                	.insn	2, 0x
80006fc4:	021a                	.insn	2, 0x021a
80006fc6:	0000                	.insn	2, 0x
80006fc8:	0398                	.insn	2, 0x0398
80006fca:	0000                	.insn	2, 0x
80006fcc:	0174                	.insn	2, 0x0174
80006fce:	0000                	.insn	2, 0x
80006fd0:	000003cb          	.insn	4, 0x03cb
80006fd4:	03a1                	.insn	2, 0x03a1
80006fd6:	0000                	.insn	2, 0x
80006fd8:	024e                	.insn	2, 0x024e
80006fda:	0000                	.insn	2, 0x
80006fdc:	01d2                	.insn	2, 0x01d2
80006fde:	0000                	.insn	2, 0x
80006fe0:	02ed                	.insn	2, 0x02ed
80006fe2:	0000                	.insn	2, 0x
80006fe4:	002a                	.insn	2, 0x002a
80006fe6:	0000                	.insn	2, 0x
80006fe8:	0296                	.insn	2, 0x0296
80006fea:	0000                	.insn	2, 0x
80006fec:	031a                	.insn	2, 0x031a
80006fee:	0000                	.insn	2, 0x
80006ff0:	0221                	.insn	2, 0x0221
80006ff2:	0000                	.insn	2, 0x
80006ff4:	0039                	.insn	2, 0x0039
80006ff6:	0000                	.insn	2, 0x
80006ff8:	000002eb          	.insn	4, 0x02eb
80006ffc:	033c                	.insn	2, 0x033c
80006ffe:	0000                	.insn	2, 0x
80007000:	000000e7          	jalr	zero # 0 <buf.2>
80007004:	011f 0000 028f      	.insn	6, 0x028f0000011f
8000700a:	0000                	.insn	2, 0x
8000700c:	000001bb          	.insn	4, 0x01bb
80007010:	0094                	.insn	2, 0x0094
80007012:	0000                	.insn	2, 0x
80007014:	0258                	.insn	2, 0x0258
80007016:	0000                	.insn	2, 0x
80007018:	00000047          	.insn	4, 0x0047
8000701c:	00d1                	.insn	2, 0x00d1
8000701e:	0000                	.insn	2, 0x
80007020:	01c5                	.insn	2, 0x01c5
80007022:	0000                	.insn	2, 0x
80007024:	01ee                	.insn	2, 0x01ee
80007026:	0000                	.insn	2, 0x
80007028:	0230                	.insn	2, 0x0230
8000702a:	0000                	.insn	2, 0x
8000702c:	021e                	.insn	2, 0x021e
8000702e:	0000                	.insn	2, 0x
80007030:	00000343          	.insn	4, 0x0343
80007034:	002e                	.insn	2, 0x002e
80007036:	0000                	.insn	2, 0x
80007038:	0260                	.insn	2, 0x0260
8000703a:	0000                	.insn	2, 0x
8000703c:	000003cb          	.insn	4, 0x03cb
80007040:	000d                	.insn	2, 0x000d
80007042:	0000                	.insn	2, 0x
80007044:	0258                	.insn	2, 0x0258
80007046:	0000                	.insn	2, 0x
80007048:	0172                	.insn	2, 0x0172
8000704a:	0000                	.insn	2, 0x
8000704c:	0296                	.insn	2, 0x0296
8000704e:	0000                	.insn	2, 0x
80007050:	0000008b          	.insn	4, 0x008b
80007054:	0332                	.insn	2, 0x0332
80007056:	0000                	.insn	2, 0x
80007058:	00ae                	.insn	2, 0x00ae
8000705a:	0000                	.insn	2, 0x
8000705c:	026a                	.insn	2, 0x026a
8000705e:	0000                	.insn	2, 0x
80007060:	00d1                	.insn	2, 0x00d1
80007062:	0000                	.insn	2, 0x
80007064:	0261                	.insn	2, 0x0261
80007066:	0000                	.insn	2, 0x
80007068:	01c9                	.insn	2, 0x01c9
8000706a:	0000                	.insn	2, 0x
8000706c:	0175                	.insn	2, 0x0175
8000706e:	0000                	.insn	2, 0x
80007070:	0000038b          	.insn	4, 0x038b
80007074:	000003bf 00000341 	.insn	8, 0x0341000003bf
8000707c:	017e                	.insn	2, 0x017e
8000707e:	0000                	.insn	2, 0x
80007080:	000000af          	.insn	4, 0x00af
80007084:	0088                	.insn	2, 0x0088
80007086:	0000                	.insn	2, 0x
80007088:	0176                	.insn	2, 0x0176
8000708a:	0000                	.insn	2, 0x
8000708c:	009d                	.insn	2, 0x009d
8000708e:	0000                	.insn	2, 0x
80007090:	01a1                	.insn	2, 0x01a1
80007092:	0000                	.insn	2, 0x
80007094:	02f9                	.insn	2, 0x02f9
80007096:	0000                	.insn	2, 0x
80007098:	0138                	.insn	2, 0x0138
8000709a:	0000                	.insn	2, 0x
8000709c:	02c6                	.insn	2, 0x02c6
8000709e:	0000                	.insn	2, 0x
800070a0:	0185                	.insn	2, 0x0185
800070a2:	0000                	.insn	2, 0x
800070a4:	02ea                	.insn	2, 0x02ea
800070a6:	0000                	.insn	2, 0x
800070a8:	0000009b          	.insn	4, 0x009b
800070ac:	00ee                	.insn	2, 0x00ee
800070ae:	0000                	.insn	2, 0x
800070b0:	03ad                	.insn	2, 0x03ad
800070b2:	0000                	.insn	2, 0x
800070b4:	00000237          	lui	tp,0x0
800070b8:	01c2                	.insn	2, 0x01c2
800070ba:	0000                	.insn	2, 0x
800070bc:	02cd                	.insn	2, 0x02cd
800070be:	0000                	.insn	2, 0x
800070c0:	011a                	.insn	2, 0x011a
800070c2:	0000                	.insn	2, 0x
800070c4:	0198                	.insn	2, 0x0198
800070c6:	0000                	.insn	2, 0x
800070c8:	03e5                	.insn	2, 0x03e5
800070ca:	0000                	.insn	2, 0x
800070cc:	00c2                	.insn	2, 0x00c2
800070ce:	0000                	.insn	2, 0x
800070d0:	0396                	.insn	2, 0x0396
800070d2:	0000                	.insn	2, 0x
800070d4:	031f 0000 011a      	.insn	6, 0x011a0000031f
800070da:	0000                	.insn	2, 0x
800070dc:	02ee                	.insn	2, 0x02ee
800070de:	0000                	.insn	2, 0x
800070e0:	03c0                	.insn	2, 0x03c0
800070e2:	0000                	.insn	2, 0x
800070e4:	025c                	.insn	2, 0x025c
800070e6:	0000                	.insn	2, 0x
800070e8:	00c2                	.insn	2, 0x00c2
800070ea:	0000                	.insn	2, 0x
800070ec:	0136                	.insn	2, 0x0136
800070ee:	0000                	.insn	2, 0x
800070f0:	031e                	.insn	2, 0x031e
800070f2:	0000                	.insn	2, 0x
800070f4:	008d                	.insn	2, 0x008d
800070f6:	0000                	.insn	2, 0x
800070f8:	007c                	.insn	2, 0x007c
800070fa:	0000                	.insn	2, 0x
800070fc:	01ec                	.insn	2, 0x01ec
800070fe:	0000                	.insn	2, 0x
80007100:	0028                	.insn	2, 0x0028
80007102:	0000                	.insn	2, 0x
80007104:	000001b7          	lui	gp,0x0
80007108:	003e                	.insn	2, 0x003e
8000710a:	0000                	.insn	2, 0x
8000710c:	0185                	.insn	2, 0x0185
8000710e:	0000                	.insn	2, 0x
80007110:	036e                	.insn	2, 0x036e
80007112:	0000                	.insn	2, 0x
80007114:	000002db          	.insn	4, 0x02db
80007118:	013e                	.insn	2, 0x013e
8000711a:	0000                	.insn	2, 0x
8000711c:	0244                	.insn	2, 0x0244
8000711e:	0000                	.insn	2, 0x
80007120:	000000c7          	.insn	4, 0x00c7
80007124:	0000017b          	.insn	4, 0x017b
80007128:	0200                	.insn	2, 0x0200
8000712a:	0000                	.insn	2, 0x
8000712c:	00000167          	jalr	sp,zero # 0 <buf.2>
80007130:	02c6                	.insn	2, 0x02c6
80007132:	0000                	.insn	2, 0x
80007134:	00bc                	.insn	2, 0x00bc
80007136:	0000                	.insn	2, 0x
80007138:	038d                	.insn	2, 0x038d
8000713a:	0000                	.insn	2, 0x
8000713c:	027f 0000 0153 0000 	.insn	10, 0x0060000001530000027f
80007144:	0060 
80007146:	0000                	.insn	2, 0x
80007148:	021e                	.insn	2, 0x021e
8000714a:	0000                	.insn	2, 0x
8000714c:	0189                	.insn	2, 0x0189
8000714e:	0000                	.insn	2, 0x
80007150:	00b2                	.insn	2, 0x00b2
80007152:	0000                	.insn	2, 0x
80007154:	00cc                	.insn	2, 0x00cc
80007156:	0000                	.insn	2, 0x
80007158:	024e                	.insn	2, 0x024e
8000715a:	0000                	.insn	2, 0x
8000715c:	02b8                	.insn	2, 0x02b8
8000715e:	0000                	.insn	2, 0x
80007160:	000000b7          	lui	ra,0x0
80007164:	000000f7          	.insn	4, 0x00f7
80007168:	026a                	.insn	2, 0x026a
8000716a:	0000                	.insn	2, 0x
8000716c:	019d                	.insn	2, 0x019d
8000716e:	0000                	.insn	2, 0x
80007170:	000003cb          	.insn	4, 0x03cb
80007174:	0000021b          	.insn	4, 0x021b
80007178:	02be                	.insn	2, 0x02be
8000717a:	0000                	.insn	2, 0x
8000717c:	01ae                	.insn	2, 0x01ae
8000717e:	0000                	.insn	2, 0x
80007180:	000002cb          	.insn	4, 0x02cb
80007184:	03b5                	.insn	2, 0x03b5
80007186:	0000                	.insn	2, 0x
80007188:	01a9                	.insn	2, 0x01a9
8000718a:	0000                	.insn	2, 0x
8000718c:	02f8                	.insn	2, 0x02f8
8000718e:	0000                	.insn	2, 0x
80007190:	000003cb          	.insn	4, 0x03cb
80007194:	000000cf          	.insn	4, 0x00cf
80007198:	03bc                	.insn	2, 0x03bc
8000719a:	0000                	.insn	2, 0x
8000719c:	0175                	.insn	2, 0x0175
8000719e:	0000                	.insn	2, 0x
800071a0:	0090                	.insn	2, 0x0090
800071a2:	0000                	.insn	2, 0x
800071a4:	006a                	.insn	2, 0x006a
800071a6:	0000                	.insn	2, 0x
800071a8:	0399                	.insn	2, 0x0399
800071aa:	0000                	.insn	2, 0x
800071ac:	0000024f          	.insn	4, 0x024f
800071b0:	0010                	.insn	2, 0x0010
800071b2:	0000                	.insn	2, 0x
800071b4:	0306                	.insn	2, 0x0306
800071b6:	0000                	.insn	2, 0x
800071b8:	031c                	.insn	2, 0x031c
800071ba:	0000                	.insn	2, 0x
800071bc:	000000b3          	add	ra,zero,zero
800071c0:	039c                	.insn	2, 0x039c
800071c2:	0000                	.insn	2, 0x
800071c4:	02c5                	.insn	2, 0x02c5
800071c6:	0000                	.insn	2, 0x
800071c8:	03c6                	.insn	2, 0x03c6
800071ca:	0000                	.insn	2, 0x
800071cc:	03e1                	.insn	2, 0x03e1
800071ce:	0000                	.insn	2, 0x
800071d0:	0271                	.insn	2, 0x0271
800071d2:	0000                	.insn	2, 0x
800071d4:	02f5                	.insn	2, 0x02f5
800071d6:	0000                	.insn	2, 0x
800071d8:	0006                	.insn	2, 0x0006
800071da:	0000                	.insn	2, 0x
800071dc:	0165                	.insn	2, 0x0165
800071de:	0000                	.insn	2, 0x
800071e0:	0006                	.insn	2, 0x0006
800071e2:	0000                	.insn	2, 0x
800071e4:	030a                	.insn	2, 0x030a
800071e6:	0000                	.insn	2, 0x
800071e8:	003a                	.insn	2, 0x003a
800071ea:	0000                	.insn	2, 0x
800071ec:	00a2                	.insn	2, 0x00a2
800071ee:	0000                	.insn	2, 0x
800071f0:	020c                	.insn	2, 0x020c
800071f2:	0000                	.insn	2, 0x
800071f4:	0109                	.insn	2, 0x0109
800071f6:	0000                	.insn	2, 0x
800071f8:	000000f7          	.insn	4, 0x00f7
800071fc:	00000177          	.insn	4, 0x0177
80007200:	00000253          	.insn	4, 0x0253
80007204:	0221                	.insn	2, 0x0221
80007206:	0000                	.insn	2, 0x
80007208:	00000363          	beqz	zero,8000720e <input_data+0x3656>
8000720c:	03cd                	.insn	2, 0x03cd
8000720e:	0000                	.insn	2, 0x
80007210:	000000db          	.insn	4, 0x00db
80007214:	00aa                	.insn	2, 0x00aa
80007216:	0000                	.insn	2, 0x
80007218:	02c5                	.insn	2, 0x02c5
8000721a:	0000                	.insn	2, 0x
8000721c:	0398                	.insn	2, 0x0398
8000721e:	0000                	.insn	2, 0x
80007220:	02bc                	.insn	2, 0x02bc
80007222:	0000                	.insn	2, 0x
80007224:	0070                	.insn	2, 0x0070
80007226:	0000                	.insn	2, 0x
80007228:	0158                	.insn	2, 0x0158
8000722a:	0000                	.insn	2, 0x
8000722c:	00d5                	.insn	2, 0x00d5
8000722e:	0000                	.insn	2, 0x
80007230:	000001c7          	.insn	4, 0x01c7
80007234:	0141                	.insn	2, 0x0141
80007236:	0000                	.insn	2, 0x
80007238:	000003ab          	.insn	4, 0x03ab
8000723c:	00a5                	.insn	2, 0x00a5
8000723e:	0000                	.insn	2, 0x
80007240:	009d                	.insn	2, 0x009d
80007242:	0000                	.insn	2, 0x
80007244:	00000373          	.insn	4, 0x0373
80007248:	00000063          	beqz	zero,80007248 <input_data+0x3690>
8000724c:	0102                	.insn	2, 0x0102
8000724e:	0000                	.insn	2, 0x
80007250:	008c                	.insn	2, 0x008c
80007252:	0000                	.insn	2, 0x
80007254:	00000203          	lb	tp,0(zero) # 0 <buf.2>
80007258:	00d9                	.insn	2, 0x00d9
8000725a:	0000                	.insn	2, 0x
8000725c:	00000137          	lui	sp,0x0
80007260:	0054                	.insn	2, 0x0054
80007262:	0000                	.insn	2, 0x
80007264:	0294                	.insn	2, 0x0294
80007266:	0000                	.insn	2, 0x
80007268:	000002cb          	.insn	4, 0x02cb
8000726c:	01f8                	.insn	2, 0x01f8
8000726e:	0000                	.insn	2, 0x
80007270:	0095                	.insn	2, 0x0095
80007272:	0000                	.insn	2, 0x
80007274:	00c6                	.insn	2, 0x00c6
80007276:	0000                	.insn	2, 0x
80007278:	0236                	.insn	2, 0x0236
8000727a:	0000                	.insn	2, 0x
8000727c:	0155                	.insn	2, 0x0155
8000727e:	0000                	.insn	2, 0x
80007280:	0209                	.insn	2, 0x0209
80007282:	0000                	.insn	2, 0x
80007284:	01da                	.insn	2, 0x01da
80007286:	0000                	.insn	2, 0x
80007288:	015f 0000 03b7      	.insn	6, 0x03b70000015f
8000728e:	0000                	.insn	2, 0x
80007290:	0222                	.insn	2, 0x0222
80007292:	0000                	.insn	2, 0x
80007294:	000000b7          	lui	ra,0x0
80007298:	0000025b          	.insn	4, 0x025b
8000729c:	036c                	.insn	2, 0x036c
8000729e:	0000                	.insn	2, 0x
800072a0:	021a                	.insn	2, 0x021a
800072a2:	0000                	.insn	2, 0x
800072a4:	0385                	.insn	2, 0x0385
800072a6:	0000                	.insn	2, 0x
800072a8:	02f2                	.insn	2, 0x02f2
800072aa:	0000                	.insn	2, 0x
800072ac:	0000016b          	.insn	4, 0x016b
800072b0:	037d                	.insn	2, 0x037d
800072b2:	0000                	.insn	2, 0x
800072b4:	03cd                	.insn	2, 0x03cd
800072b6:	0000                	.insn	2, 0x
800072b8:	0391                	.insn	2, 0x0391
800072ba:	0000                	.insn	2, 0x
800072bc:	00f4                	.insn	2, 0x00f4
800072be:	0000                	.insn	2, 0x
800072c0:	00c0                	.insn	2, 0x00c0
800072c2:	0000                	.insn	2, 0x
800072c4:	031f 0000 016a      	.insn	6, 0x016a0000031f
800072ca:	0000                	.insn	2, 0x
800072cc:	0000009b          	.insn	4, 0x009b
800072d0:	02be                	.insn	2, 0x02be
800072d2:	0000                	.insn	2, 0x
800072d4:	027d                	.insn	2, 0x027d
800072d6:	0000                	.insn	2, 0x
800072d8:	0274                	.insn	2, 0x0274
800072da:	0000                	.insn	2, 0x
800072dc:	019f 0000 0257      	.insn	6, 0x02570000019f
800072e2:	0000                	.insn	2, 0x
800072e4:	00b1                	.insn	2, 0x00b1
800072e6:	0000                	.insn	2, 0x
800072e8:	02ae                	.insn	2, 0x02ae
800072ea:	0000                	.insn	2, 0x
800072ec:	02ce                	.insn	2, 0x02ce
800072ee:	0000                	.insn	2, 0x
800072f0:	025c                	.insn	2, 0x025c
800072f2:	0000                	.insn	2, 0x
800072f4:	0226                	.insn	2, 0x0226
800072f6:	0000                	.insn	2, 0x
800072f8:	0099                	.insn	2, 0x0099
800072fa:	0000                	.insn	2, 0x
800072fc:	00f2                	.insn	2, 0x00f2
800072fe:	0000                	.insn	2, 0x
80007300:	0316                	.insn	2, 0x0316
80007302:	0000                	.insn	2, 0x
80007304:	0098                	.insn	2, 0x0098
80007306:	0000                	.insn	2, 0x
80007308:	0000025b          	.insn	4, 0x025b
8000730c:	00a8                	.insn	2, 0x00a8
8000730e:	0000                	.insn	2, 0x
80007310:	01d1                	.insn	2, 0x01d1
80007312:	0000                	.insn	2, 0x
80007314:	0000030b          	.insn	4, 0x030b
80007318:	030d                	.insn	2, 0x030d
8000731a:	0000                	.insn	2, 0x
8000731c:	01ff 0000 00ac 0000 	.insn	10, 0x0315000000ac000001ff
80007324:	0315 
80007326:	0000                	.insn	2, 0x
80007328:	01bd                	.insn	2, 0x01bd
8000732a:	0000                	.insn	2, 0x
8000732c:	026a                	.insn	2, 0x026a
8000732e:	0000                	.insn	2, 0x
80007330:	01f6                	.insn	2, 0x01f6
80007332:	0000                	.insn	2, 0x
80007334:	010e                	.insn	2, 0x010e
80007336:	0000                	.insn	2, 0x
80007338:	002d                	.insn	2, 0x002d
8000733a:	0000                	.insn	2, 0x
8000733c:	02b8                	.insn	2, 0x02b8
8000733e:	0000                	.insn	2, 0x
80007340:	00b9                	.insn	2, 0x00b9
80007342:	0000                	.insn	2, 0x
80007344:	039f 0000 0047      	.insn	6, 0x00470000039f
8000734a:	0000                	.insn	2, 0x
8000734c:	03ca                	.insn	2, 0x03ca
8000734e:	0000                	.insn	2, 0x
80007350:	01c0                	.insn	2, 0x01c0
80007352:	0000                	.insn	2, 0x
80007354:	00000207          	.insn	4, 0x0207
80007358:	00c9                	.insn	2, 0x00c9
8000735a:	0000                	.insn	2, 0x
8000735c:	0396                	.insn	2, 0x0396
8000735e:	0000                	.insn	2, 0x
80007360:	00be                	.insn	2, 0x00be
80007362:	0000                	.insn	2, 0x
80007364:	03be                	.insn	2, 0x03be
80007366:	0000                	.insn	2, 0x
80007368:	00ae                	.insn	2, 0x00ae
8000736a:	0000                	.insn	2, 0x
8000736c:	00000343          	.insn	4, 0x0343
80007370:	03ad                	.insn	2, 0x03ad
80007372:	0000                	.insn	2, 0x
80007374:	0394                	.insn	2, 0x0394
80007376:	0000                	.insn	2, 0x
80007378:	00ff 0000 023f 0000 	.insn	10, 0x02b50000023f000000ff
80007380:	02b5 
80007382:	0000                	.insn	2, 0x
80007384:	03d0                	.insn	2, 0x03d0
80007386:	0000                	.insn	2, 0x
80007388:	0096                	.insn	2, 0x0096
8000738a:	0000                	.insn	2, 0x
8000738c:	0299                	.insn	2, 0x0299
8000738e:	0000                	.insn	2, 0x
80007390:	0264                	.insn	2, 0x0264
80007392:	0000                	.insn	2, 0x
80007394:	01c4                	.insn	2, 0x01c4
80007396:	0000                	.insn	2, 0x
80007398:	000000e3          	beqz	zero,80007b98 <_tbss_end+0xd4>
8000739c:	00000103          	lb	sp,0(zero) # 0 <buf.2>
800073a0:	0310                	.insn	2, 0x0310
800073a2:	0000                	.insn	2, 0x
800073a4:	0238                	.insn	2, 0x0238
800073a6:	0000                	.insn	2, 0x
800073a8:	030c                	.insn	2, 0x030c
800073aa:	0000                	.insn	2, 0x
800073ac:	0000018b          	.insn	4, 0x018b
800073b0:	0000030f          	.insn	4, 0x030f
800073b4:	0066                	.insn	2, 0x0066
800073b6:	0000                	.insn	2, 0x
800073b8:	000000b3          	add	ra,zero,zero
800073bc:	007c                	.insn	2, 0x007c
800073be:	0000                	.insn	2, 0x
800073c0:	0034                	.insn	2, 0x0034
800073c2:	0000                	.insn	2, 0x
800073c4:	0034                	.insn	2, 0x0034
800073c6:	0000                	.insn	2, 0x
800073c8:	0338                	.insn	2, 0x0338
800073ca:	0000                	.insn	2, 0x
800073cc:	0364                	.insn	2, 0x0364
800073ce:	0000                	.insn	2, 0x
800073d0:	0148                	.insn	2, 0x0148
800073d2:	0000                	.insn	2, 0x
800073d4:	000002fb          	.insn	4, 0x02fb
800073d8:	000002a7          	.insn	4, 0x02a7
800073dc:	023e                	.insn	2, 0x023e
800073de:	0000                	.insn	2, 0x
800073e0:	012c                	.insn	2, 0x012c
800073e2:	0000                	.insn	2, 0x
800073e4:	0389                	.insn	2, 0x0389
800073e6:	0000                	.insn	2, 0x
800073e8:	0194                	.insn	2, 0x0194
800073ea:	0000                	.insn	2, 0x
800073ec:	0000008b          	.insn	4, 0x008b
800073f0:	000003bb          	.insn	4, 0x03bb
800073f4:	0118                	.insn	2, 0x0118
800073f6:	0000                	.insn	2, 0x
800073f8:	03d0                	.insn	2, 0x03d0
800073fa:	0000                	.insn	2, 0x
800073fc:	00f6                	.insn	2, 0x00f6
800073fe:	0000                	.insn	2, 0x
80007400:	007a                	.insn	2, 0x007a
80007402:	0000                	.insn	2, 0x
80007404:	02b4                	.insn	2, 0x02b4
80007406:	0000                	.insn	2, 0x
80007408:	000002a7          	.insn	4, 0x02a7
8000740c:	0114                	.insn	2, 0x0114
8000740e:	0000                	.insn	2, 0x
80007410:	009e                	.insn	2, 0x009e
80007412:	0000                	.insn	2, 0x
80007414:	02df 0000 007e      	.insn	6, 0x007e000002df
8000741a:	0000                	.insn	2, 0x
8000741c:	020d                	.insn	2, 0x020d
8000741e:	0000                	.insn	2, 0x
80007420:	02e0                	.insn	2, 0x02e0
80007422:	0000                	.insn	2, 0x
80007424:	0338                	.insn	2, 0x0338
80007426:	0000                	.insn	2, 0x
80007428:	038e                	.insn	2, 0x038e
8000742a:	0000                	.insn	2, 0x
8000742c:	0294                	.insn	2, 0x0294
8000742e:	0000                	.insn	2, 0x
80007430:	00000057          	.insn	4, 0x0057
80007434:	038c                	.insn	2, 0x038c
80007436:	0000                	.insn	2, 0x
80007438:	02d5                	.insn	2, 0x02d5
8000743a:	0000                	.insn	2, 0x
8000743c:	0000020b          	.insn	4, 0x020b
80007440:	0214                	.insn	2, 0x0214
80007442:	0000                	.insn	2, 0x
80007444:	005c                	.insn	2, 0x005c
80007446:	0000                	.insn	2, 0x
80007448:	01d9                	.insn	2, 0x01d9
8000744a:	0000                	.insn	2, 0x
8000744c:	036c                	.insn	2, 0x036c
8000744e:	0000                	.insn	2, 0x
80007450:	0376                	.insn	2, 0x0376
80007452:	0000                	.insn	2, 0x
80007454:	01f4                	.insn	2, 0x01f4
80007456:	0000                	.insn	2, 0x
80007458:	000002cb          	.insn	4, 0x02cb
8000745c:	0102                	.insn	2, 0x0102
8000745e:	0000                	.insn	2, 0x
80007460:	01ca                	.insn	2, 0x01ca
80007462:	0000                	.insn	2, 0x
80007464:	001c                	.insn	2, 0x001c
80007466:	0000                	.insn	2, 0x
80007468:	0300                	.insn	2, 0x0300
8000746a:	0000                	.insn	2, 0x
8000746c:	000000db          	.insn	4, 0x00db
80007470:	017e                	.insn	2, 0x017e
80007472:	0000                	.insn	2, 0x
80007474:	01f8                	.insn	2, 0x01f8
80007476:	0000                	.insn	2, 0x
80007478:	00000373          	.insn	4, 0x0373
8000747c:	000a                	.insn	2, 0x000a
8000747e:	0000                	.insn	2, 0x
80007480:	02cc                	.insn	2, 0x02cc
80007482:	0000                	.insn	2, 0x
80007484:	0000030f          	.insn	4, 0x030f
80007488:	00f1                	.insn	2, 0x00f1
8000748a:	0000                	.insn	2, 0x
8000748c:	00000207          	.insn	4, 0x0207
80007490:	0240                	.insn	2, 0x0240
80007492:	0000                	.insn	2, 0x
80007494:	037c                	.insn	2, 0x037c
80007496:	0000                	.insn	2, 0x
80007498:	0174                	.insn	2, 0x0174
8000749a:	0000                	.insn	2, 0x
8000749c:	00f1                	.insn	2, 0x00f1
8000749e:	0000                	.insn	2, 0x
800074a0:	000000ef          	jal	800074a0 <input_data+0x38e8>
800074a4:	000001a3          	sb	zero,3(zero) # 3 <buf.2+0x3>
800074a8:	03b0                	.insn	2, 0x03b0
800074aa:	0000                	.insn	2, 0x
800074ac:	01d1                	.insn	2, 0x01d1
800074ae:	0000                	.insn	2, 0x
800074b0:	0069                	.insn	2, 0x0069
800074b2:	0000                	.insn	2, 0x
800074b4:	024a                	.insn	2, 0x024a
800074b6:	0000                	.insn	2, 0x
800074b8:	01d2                	.insn	2, 0x01d2
800074ba:	0000                	.insn	2, 0x
800074bc:	00ea                	.insn	2, 0x00ea
800074be:	0000                	.insn	2, 0x
800074c0:	0036                	.insn	2, 0x0036
800074c2:	0000                	.insn	2, 0x
800074c4:	00c2                	.insn	2, 0x00c2
800074c6:	0000                	.insn	2, 0x
800074c8:	00ad                	.insn	2, 0x00ad
800074ca:	0000                	.insn	2, 0x
800074cc:	0341                	.insn	2, 0x0341
800074ce:	0000                	.insn	2, 0x
800074d0:	0289                	.insn	2, 0x0289
800074d2:	0000                	.insn	2, 0x
800074d4:	0230                	.insn	2, 0x0230
800074d6:	0000                	.insn	2, 0x
800074d8:	0182                	.insn	2, 0x0182
800074da:	0000                	.insn	2, 0x
800074dc:	024d                	.insn	2, 0x024d
800074de:	0000                	.insn	2, 0x
800074e0:	000003d7          	.insn	4, 0x03d7
800074e4:	02b4                	.insn	2, 0x02b4
800074e6:	0000                	.insn	2, 0x
800074e8:	028c                	.insn	2, 0x028c
800074ea:	0000                	.insn	2, 0x
800074ec:	0065                	.insn	2, 0x0065
800074ee:	0000                	.insn	2, 0x
800074f0:	014c                	.insn	2, 0x014c
800074f2:	0000                	.insn	2, 0x
800074f4:	0316                	.insn	2, 0x0316
800074f6:	0000                	.insn	2, 0x
800074f8:	0280                	.insn	2, 0x0280
800074fa:	0000                	.insn	2, 0x
800074fc:	0032                	.insn	2, 0x0032
800074fe:	0000                	.insn	2, 0x
80007500:	00000043          	.insn	4, 0x0043
80007504:	018d                	.insn	2, 0x018d
80007506:	0000                	.insn	2, 0x
80007508:	0305                	.insn	2, 0x0305
8000750a:	0000                	.insn	2, 0x
8000750c:	02bc                	.insn	2, 0x02bc
8000750e:	0000                	.insn	2, 0x
80007510:	011a                	.insn	2, 0x011a
80007512:	0000                	.insn	2, 0x
80007514:	000002b3          	add	t0,zero,zero
80007518:	02d8                	.insn	2, 0x02d8
8000751a:	0000                	.insn	2, 0x
8000751c:	000002a3          	sb	zero,5(zero) # 5 <buf.2+0x5>
80007520:	000002c7          	.insn	4, 0x02c7
80007524:	00000277          	.insn	4, 0x0277
80007528:	0051                	.insn	2, 0x0051
8000752a:	0000                	.insn	2, 0x
8000752c:	0314                	.insn	2, 0x0314
8000752e:	0000                	.insn	2, 0x
80007530:	0364                	.insn	2, 0x0364
80007532:	0000                	.insn	2, 0x
80007534:	026a                	.insn	2, 0x026a
80007536:	0000                	.insn	2, 0x
80007538:	0000027b          	.insn	4, 0x027b
8000753c:	0109                	.insn	2, 0x0109
8000753e:	0000                	.insn	2, 0x
80007540:	037c                	.insn	2, 0x037c
80007542:	0000                	.insn	2, 0x
80007544:	0269                	.insn	2, 0x0269
80007546:	0000                	.insn	2, 0x
80007548:	0000000b          	.insn	4, 0x000b
8000754c:	02fc                	.insn	2, 0x02fc
8000754e:	0000                	.insn	2, 0x
80007550:	0270                	.insn	2, 0x0270
80007552:	0000                	.insn	2, 0x
80007554:	03de                	.insn	2, 0x03de
80007556:	0000                	.insn	2, 0x
80007558:	0261                	.insn	2, 0x0261
8000755a:	0000                	.insn	2, 0x
8000755c:	003a                	.insn	2, 0x003a
8000755e:	0000                	.insn	2, 0x
80007560:	00000267          	jalr	tp,zero # 0 <buf.2>
80007564:	030d                	.insn	2, 0x030d
80007566:	0000                	.insn	2, 0x
80007568:	01e0                	.insn	2, 0x01e0
8000756a:	0000                	.insn	2, 0x
8000756c:	000003ab          	.insn	4, 0x03ab
80007570:	01cd                	.insn	2, 0x01cd
80007572:	0000                	.insn	2, 0x
80007574:	00000263          	beqz	zero,80007578 <input_data+0x39c0>
80007578:	000000a3          	sb	zero,1(zero) # 1 <buf.2+0x1>
8000757c:	00b8                	.insn	2, 0x00b8
8000757e:	0000                	.insn	2, 0x
80007580:	01d1                	.insn	2, 0x01d1
80007582:	0000                	.insn	2, 0x
80007584:	013a                	.insn	2, 0x013a
80007586:	0000                	.insn	2, 0x
80007588:	01d6                	.insn	2, 0x01d6
8000758a:	0000                	.insn	2, 0x
8000758c:	02ba                	.insn	2, 0x02ba
8000758e:	0000                	.insn	2, 0x
80007590:	0000026b          	.insn	4, 0x026b
80007594:	0315                	.insn	2, 0x0315
80007596:	0000                	.insn	2, 0x
80007598:	0075                	.insn	2, 0x0075
8000759a:	0000                	.insn	2, 0x
8000759c:	00000003          	lb	zero,0(zero) # 0 <buf.2>
800075a0:	00000137          	lui	sp,0x0
800075a4:	01c8                	.insn	2, 0x01c8
800075a6:	0000                	.insn	2, 0x
800075a8:	00ba                	.insn	2, 0x00ba
800075aa:	0000                	.insn	2, 0x
800075ac:	000000cb          	.insn	4, 0x00cb
800075b0:	02d1                	.insn	2, 0x02d1
800075b2:	0000                	.insn	2, 0x
800075b4:	03a4                	.insn	2, 0x03a4
800075b6:	0000                	.insn	2, 0x
800075b8:	0300                	.insn	2, 0x0300
800075ba:	0000                	.insn	2, 0x
800075bc:	01f6                	.insn	2, 0x01f6
800075be:	0000                	.insn	2, 0x
800075c0:	0000008f          	.insn	4, 0x008f
800075c4:	0388                	.insn	2, 0x0388
800075c6:	0000                	.insn	2, 0x
800075c8:	02da                	.insn	2, 0x02da
800075ca:	0000                	.insn	2, 0x
800075cc:	00c9                	.insn	2, 0x00c9
800075ce:	0000                	.insn	2, 0x
800075d0:	000001a7          	.insn	4, 0x01a7
800075d4:	01a1                	.insn	2, 0x01a1
800075d6:	0000                	.insn	2, 0x
800075d8:	000003b3          	add	t2,zero,zero
800075dc:	009a                	.insn	2, 0x009a
800075de:	0000                	.insn	2, 0x
800075e0:	0238                	.insn	2, 0x0238
800075e2:	0000                	.insn	2, 0x
800075e4:	0105                	.insn	2, 0x0105
800075e6:	0000                	.insn	2, 0x
800075e8:	01d9                	.insn	2, 0x01d9
800075ea:	0000                	.insn	2, 0x
800075ec:	00000307          	.insn	4, 0x0307
800075f0:	017c                	.insn	2, 0x017c
800075f2:	0000                	.insn	2, 0x
800075f4:	00000267          	jalr	tp,zero # 0 <buf.2>
800075f8:	0312                	.insn	2, 0x0312
800075fa:	0000                	.insn	2, 0x
800075fc:	00c1                	.insn	2, 0x00c1
800075fe:	0000                	.insn	2, 0x
80007600:	02c6                	.insn	2, 0x02c6
80007602:	0000                	.insn	2, 0x
80007604:	01bd                	.insn	2, 0x01bd
80007606:	0000                	.insn	2, 0x
80007608:	01d5                	.insn	2, 0x01d5
8000760a:	0000                	.insn	2, 0x
8000760c:	000003af          	.insn	4, 0x03af
80007610:	02d9                	.insn	2, 0x02d9
80007612:	0000                	.insn	2, 0x
80007614:	00cc                	.insn	2, 0x00cc
80007616:	0000                	.insn	2, 0x
80007618:	0234                	.insn	2, 0x0234
8000761a:	0000                	.insn	2, 0x
8000761c:	0075                	.insn	2, 0x0075
8000761e:	0000                	.insn	2, 0x
80007620:	008e                	.insn	2, 0x008e
80007622:	0000                	.insn	2, 0x
80007624:	0238                	.insn	2, 0x0238
80007626:	0000                	.insn	2, 0x
80007628:	0156                	.insn	2, 0x0156
8000762a:	0000                	.insn	2, 0x
8000762c:	0356                	.insn	2, 0x0356
8000762e:	0000                	.insn	2, 0x
80007630:	0316                	.insn	2, 0x0316
80007632:	0000                	.insn	2, 0x
80007634:	03d8                	.insn	2, 0x03d8
80007636:	0000                	.insn	2, 0x
80007638:	0338                	.insn	2, 0x0338
8000763a:	0000                	.insn	2, 0x
8000763c:	0129                	.insn	2, 0x0129
8000763e:	0000                	.insn	2, 0x
80007640:	03d6                	.insn	2, 0x03d6
80007642:	0000                	.insn	2, 0x
80007644:	0342                	.insn	2, 0x0342
80007646:	0000                	.insn	2, 0x
80007648:	0015                	.insn	2, 0x0015
8000764a:	0000                	.insn	2, 0x
8000764c:	03b0                	.insn	2, 0x03b0
8000764e:	0000                	.insn	2, 0x
80007650:	01e2                	.insn	2, 0x01e2
80007652:	0000                	.insn	2, 0x
80007654:	000002f7          	.insn	4, 0x02f7
80007658:	0138                	.insn	2, 0x0138
8000765a:	0000                	.insn	2, 0x
8000765c:	0002                	.insn	2, 0x0002
8000765e:	0000                	.insn	2, 0x
80007660:	0200                	.insn	2, 0x0200
80007662:	0000                	.insn	2, 0x
80007664:	00000293          	li	t0,0
80007668:	00000257          	.insn	4, 0x0257
8000766c:	035c                	.insn	2, 0x035c
8000766e:	0000                	.insn	2, 0x
80007670:	00000323          	sb	zero,6(zero) # 6 <buf.2+0x6>
80007674:	0004                	.insn	2, 0x0004
80007676:	0000                	.insn	2, 0x
80007678:	03c1                	.insn	2, 0x03c1
8000767a:	0000                	.insn	2, 0x
8000767c:	0316                	.insn	2, 0x0316
8000767e:	0000                	.insn	2, 0x
80007680:	01ca                	.insn	2, 0x01ca
80007682:	0000                	.insn	2, 0x
80007684:	016a                	.insn	2, 0x016a
80007686:	0000                	.insn	2, 0x
80007688:	017c                	.insn	2, 0x017c
8000768a:	0000                	.insn	2, 0x
8000768c:	005a                	.insn	2, 0x005a
8000768e:	0000                	.insn	2, 0x
80007690:	00000303          	lb	t1,0(zero) # 0 <buf.2>
80007694:	0185                	.insn	2, 0x0185
80007696:	0000                	.insn	2, 0x
80007698:	00000123          	sb	zero,2(zero) # 2 <buf.2+0x2>
8000769c:	00d1                	.insn	2, 0x00d1
8000769e:	0000                	.insn	2, 0x
800076a0:	0276                	.insn	2, 0x0276
800076a2:	0000                	.insn	2, 0x
800076a4:	01b8                	.insn	2, 0x01b8
800076a6:	0000                	.insn	2, 0x
800076a8:	034d                	.insn	2, 0x034d
800076aa:	0000                	.insn	2, 0x
800076ac:	00ff 0000 01b3 0000 	.insn	10, 0x0226000001b3000000ff
800076b4:	0226 
800076b6:	0000                	.insn	2, 0x
800076b8:	00000047          	.insn	4, 0x0047
800076bc:	039d                	.insn	2, 0x039d
800076be:	0000                	.insn	2, 0x
800076c0:	02dd                	.insn	2, 0x02dd
800076c2:	0000                	.insn	2, 0x
800076c4:	00000293          	li	t0,0
800076c8:	00000383          	lb	t2,0(zero) # 0 <buf.2>
800076cc:	0302                	.insn	2, 0x0302
800076ce:	0000                	.insn	2, 0x
800076d0:	0392                	.insn	2, 0x0392
800076d2:	0000                	.insn	2, 0x
800076d4:	00000317          	auipc	t1,0x0
800076d8:	003c                	.insn	2, 0x003c
800076da:	0000                	.insn	2, 0x
800076dc:	03e1                	.insn	2, 0x03e1
800076de:	0000                	.insn	2, 0x
800076e0:	03d8                	.insn	2, 0x03d8
800076e2:	0000                	.insn	2, 0x
800076e4:	000003bb          	.insn	4, 0x03bb
800076e8:	00f4                	.insn	2, 0x00f4
800076ea:	0000                	.insn	2, 0x
800076ec:	00000037          	lui	zero,0x0
800076f0:	000003a7          	.insn	4, 0x03a7
800076f4:	036d                	.insn	2, 0x036d
800076f6:	0000                	.insn	2, 0x
800076f8:	03c0                	.insn	2, 0x03c0
800076fa:	0000                	.insn	2, 0x
800076fc:	02c4                	.insn	2, 0x02c4
800076fe:	0000                	.insn	2, 0x
80007700:	0274                	.insn	2, 0x0274
80007702:	0000                	.insn	2, 0x
80007704:	0176                	.insn	2, 0x0176
80007706:	0000                	.insn	2, 0x
80007708:	0090                	.insn	2, 0x0090
8000770a:	0000                	.insn	2, 0x
8000770c:	00000367          	jalr	t1,zero # 0 <buf.2>
80007710:	0008                	.insn	2, 0x0008
80007712:	0000                	.insn	2, 0x
80007714:	00000197          	auipc	gp,0x0
80007718:	01b6                	.insn	2, 0x01b6
8000771a:	0000                	.insn	2, 0x
8000771c:	0000024f          	.insn	4, 0x024f
80007720:	024e                	.insn	2, 0x024e
80007722:	0000                	.insn	2, 0x
80007724:	007c                	.insn	2, 0x007c
80007726:	0000                	.insn	2, 0x
80007728:	00a4                	.insn	2, 0x00a4
8000772a:	0000                	.insn	2, 0x
8000772c:	0192                	.insn	2, 0x0192
8000772e:	0000                	.insn	2, 0x
80007730:	000000c3          	.insn	4, 0x00c3
80007734:	02f5                	.insn	2, 0x02f5
80007736:	0000                	.insn	2, 0x
80007738:	00f2                	.insn	2, 0x00f2
8000773a:	0000                	.insn	2, 0x
8000773c:	000001b3          	add	gp,zero,zero
80007740:	00ee                	.insn	2, 0x00ee
80007742:	0000                	.insn	2, 0x
80007744:	0088                	.insn	2, 0x0088
80007746:	0000                	.insn	2, 0x
80007748:	000002a3          	sb	zero,5(zero) # 5 <buf.2+0x5>
8000774c:	0239                	.insn	2, 0x0239
8000774e:	0000                	.insn	2, 0x
80007750:	000001c7          	.insn	4, 0x01c7
80007754:	0030                	.insn	2, 0x0030
80007756:	0000                	.insn	2, 0x
80007758:	03d8                	.insn	2, 0x03d8
8000775a:	0000                	.insn	2, 0x
8000775c:	03aa                	.insn	2, 0x03aa
8000775e:	0000                	.insn	2, 0x
80007760:	02cd                	.insn	2, 0x02cd
80007762:	0000                	.insn	2, 0x
80007764:	017d                	.insn	2, 0x017d
80007766:	0000                	.insn	2, 0x
80007768:	0052                	.insn	2, 0x0052
8000776a:	0000                	.insn	2, 0x
8000776c:	0308                	.insn	2, 0x0308
8000776e:	0000                	.insn	2, 0x
80007770:	00000253          	.insn	4, 0x0253
80007774:	0045                	.insn	2, 0x0045
80007776:	0000                	.insn	2, 0x
80007778:	0070                	.insn	2, 0x0070
8000777a:	0000                	.insn	2, 0x
8000777c:	01a5                	.insn	2, 0x01a5
8000777e:	0000                	.insn	2, 0x
80007780:	0169                	.insn	2, 0x0169
80007782:	0000                	.insn	2, 0x
80007784:	0272                	.insn	2, 0x0272
80007786:	0000                	.insn	2, 0x
80007788:	000002cf          	.insn	4, 0x02cf
8000778c:	0298                	.insn	2, 0x0298
8000778e:	0000                	.insn	2, 0x
80007790:	00fd                	.insn	2, 0x00fd
80007792:	0000                	.insn	2, 0x
80007794:	02b6                	.insn	2, 0x02b6
80007796:	0000                	.insn	2, 0x
80007798:	03b0                	.insn	2, 0x03b0
8000779a:	0000                	.insn	2, 0x
8000779c:	0119                	.insn	2, 0x0119
8000779e:	0000                	.insn	2, 0x
800077a0:	000001c3          	.insn	4, 0x01c3
800077a4:	00c4                	.insn	2, 0x00c4
800077a6:	0000                	.insn	2, 0x
800077a8:	0159                	.insn	2, 0x0159
800077aa:	0000                	.insn	2, 0x
800077ac:	000002bb          	.insn	4, 0x02bb
800077b0:	02d1                	.insn	2, 0x02d1
800077b2:	0000                	.insn	2, 0x
800077b4:	033d                	.insn	2, 0x033d
800077b6:	0000                	.insn	2, 0x
800077b8:	01d5                	.insn	2, 0x01d5
800077ba:	0000                	.insn	2, 0x
800077bc:	0170                	.insn	2, 0x0170
800077be:	0000                	.insn	2, 0x
800077c0:	0014                	.insn	2, 0x0014
800077c2:	0000                	.insn	2, 0x
800077c4:	0339                	.insn	2, 0x0339
800077c6:	0000                	.insn	2, 0x
800077c8:	03da                	.insn	2, 0x03da
800077ca:	0000                	.insn	2, 0x
800077cc:	01b4                	.insn	2, 0x01b4
800077ce:	0000                	.insn	2, 0x
800077d0:	0028                	.insn	2, 0x0028
800077d2:	0000                	.insn	2, 0x
800077d4:	0241                	.insn	2, 0x0241
800077d6:	0000                	.insn	2, 0x
800077d8:	02be                	.insn	2, 0x02be
800077da:	0000                	.insn	2, 0x
800077dc:	000000c7          	.insn	4, 0x00c7
800077e0:	00000193          	li	gp,0
800077e4:	0000026f          	jal	tp,800077e4 <input_data+0x3c2c>
800077e8:	0000028f          	.insn	4, 0x028f
800077ec:	0021                	.insn	2, 0x0021
800077ee:	0000                	.insn	2, 0x
800077f0:	0241                	.insn	2, 0x0241
800077f2:	0000                	.insn	2, 0x
800077f4:	039f 0000 0030      	.insn	6, 0x00300000039f
800077fa:	0000                	.insn	2, 0x
800077fc:	03e1                	.insn	2, 0x03e1
800077fe:	0000                	.insn	2, 0x
80007800:	00000013          	nop
80007804:	02e5                	.insn	2, 0x02e5
80007806:	0000                	.insn	2, 0x
80007808:	0000006b          	.insn	4, 0x006b
8000780c:	00dd                	.insn	2, 0x00dd
8000780e:	0000                	.insn	2, 0x
80007810:	00c1                	.insn	2, 0x00c1
80007812:	0000                	.insn	2, 0x
80007814:	03a4                	.insn	2, 0x03a4
80007816:	0000                	.insn	2, 0x
80007818:	0046                	.insn	2, 0x0046
8000781a:	0000                	.insn	2, 0x
8000781c:	0340                	.insn	2, 0x0340
8000781e:	0000                	.insn	2, 0x
80007820:	00ac                	.insn	2, 0x00ac
80007822:	0000                	.insn	2, 0x
80007824:	00000163          	beqz	zero,80007826 <input_data+0x3c6e>
80007828:	018c                	.insn	2, 0x018c
8000782a:	0000                	.insn	2, 0x
8000782c:	00d2                	.insn	2, 0x00d2
8000782e:	0000                	.insn	2, 0x
80007830:	000000bf 00000036 	.insn	8, 0x0036000000bf
80007838:	01dd                	.insn	2, 0x01dd
8000783a:	0000                	.insn	2, 0x
8000783c:	035d                	.insn	2, 0x035d
8000783e:	0000                	.insn	2, 0x
80007840:	000002f3          	.insn	4, 0x02f3
80007844:	00c6                	.insn	2, 0x00c6
80007846:	0000                	.insn	2, 0x
80007848:	01b2                	.insn	2, 0x01b2
8000784a:	0000                	.insn	2, 0x
8000784c:	000000c7          	.insn	4, 0x00c7
80007850:	01e1                	.insn	2, 0x01e1
80007852:	0000                	.insn	2, 0x
80007854:	0034                	.insn	2, 0x0034
80007856:	0000                	.insn	2, 0x
80007858:	03a0                	.insn	2, 0x03a0
8000785a:	0000                	.insn	2, 0x
8000785c:	0000015b          	.insn	4, 0x015b
80007860:	00000173          	.insn	4, 0x0173
80007864:	03b5                	.insn	2, 0x03b5
80007866:	0000                	.insn	2, 0x
80007868:	00a2                	.insn	2, 0x00a2
8000786a:	0000                	.insn	2, 0x
8000786c:	0000000b          	.insn	4, 0x000b
80007870:	02f5                	.insn	2, 0x02f5
80007872:	0000                	.insn	2, 0x
80007874:	0251                	.insn	2, 0x0251
80007876:	0000                	.insn	2, 0x
80007878:	01d9                	.insn	2, 0x01d9
8000787a:	0000                	.insn	2, 0x
8000787c:	022e                	.insn	2, 0x022e
8000787e:	0000                	.insn	2, 0x
80007880:	02e8                	.insn	2, 0x02e8
80007882:	0000                	.insn	2, 0x
80007884:	01ee                	.insn	2, 0x01ee
80007886:	0000                	.insn	2, 0x
80007888:	00cc                	.insn	2, 0x00cc
8000788a:	0000                	.insn	2, 0x
8000788c:	0071                	.insn	2, 0x0071
8000788e:	0000                	.insn	2, 0x
80007890:	0035                	.insn	2, 0x0035
80007892:	0000                	.insn	2, 0x
80007894:	01ff 0000 0038 0000 	.insn	10, 0x039c00000038000001ff
8000789c:	039c 
8000789e:	0000                	.insn	2, 0x
800078a0:	0000013f 000000b9 	.insn	8, 0x00b90000013f
800078a8:	0066                	.insn	2, 0x0066
800078aa:	0000                	.insn	2, 0x
800078ac:	02c8                	.insn	2, 0x02c8
800078ae:	0000                	.insn	2, 0x
800078b0:	02d1                	.insn	2, 0x02d1
800078b2:	0000                	.insn	2, 0x
800078b4:	000001db          	.insn	4, 0x01db
800078b8:	0224                	.insn	2, 0x0224
800078ba:	0000                	.insn	2, 0x
800078bc:	0272                	.insn	2, 0x0272
800078be:	0000                	.insn	2, 0x
800078c0:	0222                	.insn	2, 0x0222
800078c2:	0000                	.insn	2, 0x
800078c4:	0004                	.insn	2, 0x0004
800078c6:	0000                	.insn	2, 0x
800078c8:	0118                	.insn	2, 0x0118
800078ca:	0000                	.insn	2, 0x
800078cc:	0374                	.insn	2, 0x0374
800078ce:	0000                	.insn	2, 0x
800078d0:	02fd                	.insn	2, 0x02fd
800078d2:	0000                	.insn	2, 0x
800078d4:	02c5                	.insn	2, 0x02c5
800078d6:	0000                	.insn	2, 0x
800078d8:	009f 0000 032b      	.insn	6, 0x032b0000009f
800078de:	0000                	.insn	2, 0x
800078e0:	02c2                	.insn	2, 0x02c2
800078e2:	0000                	.insn	2, 0x
800078e4:	02dc                	.insn	2, 0x02dc
800078e6:	0000                	.insn	2, 0x
800078e8:	03b0                	.insn	2, 0x03b0
800078ea:	0000                	.insn	2, 0x
800078ec:	02da                	.insn	2, 0x02da
800078ee:	0000                	.insn	2, 0x
800078f0:	01ad                	.insn	2, 0x01ad
800078f2:	0000                	.insn	2, 0x
800078f4:	00ed                	.insn	2, 0x00ed
800078f6:	0000                	.insn	2, 0x
800078f8:	03bc                	.insn	2, 0x03bc
800078fa:	0000                	.insn	2, 0x
800078fc:	039c                	.insn	2, 0x039c
800078fe:	0000                	.insn	2, 0x
80007900:	0000004b          	.insn	4, 0x004b
80007904:	0018                	.insn	2, 0x0018
80007906:	0000                	.insn	2, 0x
80007908:	03d9                	.insn	2, 0x03d9
8000790a:	0000                	.insn	2, 0x
8000790c:	0165                	.insn	2, 0x0165
8000790e:	0000                	.insn	2, 0x
80007910:	0000008f          	.insn	4, 0x008f
80007914:	0056                	.insn	2, 0x0056
80007916:	0000                	.insn	2, 0x
80007918:	01b8                	.insn	2, 0x01b8
8000791a:	0000                	.insn	2, 0x
8000791c:	00d1                	.insn	2, 0x00d1
8000791e:	0000                	.insn	2, 0x
80007920:	0346                	.insn	2, 0x0346
80007922:	0000                	.insn	2, 0x
80007924:	0240                	.insn	2, 0x0240
80007926:	0000                	.insn	2, 0x
80007928:	032d                	.insn	2, 0x032d
8000792a:	0000                	.insn	2, 0x
8000792c:	0051                	.insn	2, 0x0051
8000792e:	0000                	.insn	2, 0x
80007930:	0106                	.insn	2, 0x0106
80007932:	0000                	.insn	2, 0x
80007934:	0329                	.insn	2, 0x0329
80007936:	0000                	.insn	2, 0x
80007938:	02f9                	.insn	2, 0x02f9
8000793a:	0000                	.insn	2, 0x
8000793c:	0136                	.insn	2, 0x0136
8000793e:	0000                	.insn	2, 0x
80007940:	000001e3          	beqz	zero,80008142 <_tbss_end+0x67e>
80007944:	000001bf 000002e7 	.insn	8, 0x02e7000001bf
8000794c:	00000277          	.insn	4, 0x0277
80007950:	01d0                	.insn	2, 0x01d0
80007952:	0000                	.insn	2, 0x
80007954:	0292                	.insn	2, 0x0292
80007956:	0000                	.insn	2, 0x
80007958:	00e9                	.insn	2, 0x00e9
8000795a:	0000                	.insn	2, 0x
8000795c:	0000002b          	.insn	4, 0x002b
80007960:	00000117          	auipc	sp,0x0
80007964:	037d                	.insn	2, 0x037d
80007966:	0000                	.insn	2, 0x
80007968:	000000c7          	.insn	4, 0x00c7
8000796c:	0112                	.insn	2, 0x0112
8000796e:	0000                	.insn	2, 0x
80007970:	017c                	.insn	2, 0x017c
80007972:	0000                	.insn	2, 0x
80007974:	00000303          	lb	t1,0(zero) # 0 <buf.2>
80007978:	00ed                	.insn	2, 0x00ed
8000797a:	0000                	.insn	2, 0x
8000797c:	0000032f          	.insn	4, 0x032f
80007980:	0058                	.insn	2, 0x0058
80007982:	0000                	.insn	2, 0x
80007984:	0000004b          	.insn	4, 0x004b
80007988:	0212                	.insn	2, 0x0212
8000798a:	0000                	.insn	2, 0x
8000798c:	02d9                	.insn	2, 0x02d9
8000798e:	0000                	.insn	2, 0x
80007990:	02f9                	.insn	2, 0x02f9
80007992:	0000                	.insn	2, 0x
80007994:	02ea                	.insn	2, 0x02ea
80007996:	0000                	.insn	2, 0x
80007998:	01fa                	.insn	2, 0x01fa
8000799a:	0000                	.insn	2, 0x
8000799c:	0384                	.insn	2, 0x0384
8000799e:	0000                	.insn	2, 0x
800079a0:	03d2                	.insn	2, 0x03d2
800079a2:	0000                	.insn	2, 0x
800079a4:	00000137          	lui	sp,0x0
800079a8:	02b6                	.insn	2, 0x02b6
800079aa:	0000                	.insn	2, 0x
800079ac:	01e0                	.insn	2, 0x01e0
800079ae:	0000                	.insn	2, 0x
800079b0:	01e0                	.insn	2, 0x01e0
800079b2:	0000                	.insn	2, 0x
800079b4:	0052                	.insn	2, 0x0052
800079b6:	0000                	.insn	2, 0x
800079b8:	03e5                	.insn	2, 0x03e5
800079ba:	0000                	.insn	2, 0x
800079bc:	02d9                	.insn	2, 0x02d9
800079be:	0000                	.insn	2, 0x
800079c0:	001a                	.insn	2, 0x001a
800079c2:	0000                	.insn	2, 0x
800079c4:	00000273          	.insn	4, 0x0273
800079c8:	0172                	.insn	2, 0x0172
800079ca:	0000                	.insn	2, 0x
800079cc:	021c                	.insn	2, 0x021c
800079ce:	0000                	.insn	2, 0x
800079d0:	02ee                	.insn	2, 0x02ee
800079d2:	0000                	.insn	2, 0x
800079d4:	0018                	.insn	2, 0x0018
800079d6:	0000                	.insn	2, 0x
800079d8:	012c                	.insn	2, 0x012c
800079da:	0000                	.insn	2, 0x
800079dc:	0298                	.insn	2, 0x0298
800079de:	0000                	.insn	2, 0x
800079e0:	00d4                	.insn	2, 0x00d4
800079e2:	0000                	.insn	2, 0x
800079e4:	02ee                	.insn	2, 0x02ee
800079e6:	0000                	.insn	2, 0x
800079e8:	0176                	.insn	2, 0x0176
800079ea:	0000                	.insn	2, 0x
800079ec:	0048                	.insn	2, 0x0048
800079ee:	0000                	.insn	2, 0x
800079f0:	000000d3          	.insn	4, 0x00d3
800079f4:	021c                	.insn	2, 0x021c
800079f6:	0000                	.insn	2, 0x
800079f8:	022a                	.insn	2, 0x022a
800079fa:	0000                	.insn	2, 0x
800079fc:	00e6                	.insn	2, 0x00e6
800079fe:	0000                	.insn	2, 0x
80007a00:	026e                	.insn	2, 0x026e
80007a02:	0000                	.insn	2, 0x
80007a04:	030c                	.insn	2, 0x030c
80007a06:	0000                	.insn	2, 0x
80007a08:	016c                	.insn	2, 0x016c
80007a0a:	0000                	.insn	2, 0x
80007a0c:	011c                	.insn	2, 0x011c
80007a0e:	0000                	.insn	2, 0x
80007a10:	03ba                	.insn	2, 0x03ba
80007a12:	0000                	.insn	2, 0x
80007a14:	010a                	.insn	2, 0x010a
80007a16:	0000                	.insn	2, 0x
80007a18:	017e                	.insn	2, 0x017e
80007a1a:	0000                	.insn	2, 0x
80007a1c:	0276                	.insn	2, 0x0276
80007a1e:	0000                	.insn	2, 0x
80007a20:	0394                	.insn	2, 0x0394
80007a22:	0000                	.insn	2, 0x
80007a24:	0000012b          	.insn	4, 0x012b
80007a28:	038d                	.insn	2, 0x038d
80007a2a:	0000                	.insn	2, 0x
80007a2c:	036d                	.insn	2, 0x036d
80007a2e:	0000                	.insn	2, 0x
80007a30:	0088                	.insn	2, 0x0088
80007a32:	0000                	.insn	2, 0x
80007a34:	01e5                	.insn	2, 0x01e5
80007a36:	0000                	.insn	2, 0x
