
qsort.riscv:     file format elf32-littleriscv


Disassembly of section .text.init:

80000000 <_start>:
80000000:	00000093          	li	ra,0
80000004:	00000113          	li	sp,0
80000008:	00000193          	li	gp,0
8000000c:	00000213          	li	tp,0
80000010:	00000293          	li	t0,0
80000014:	00000313          	li	t1,0
80000018:	00000393          	li	t2,0
8000001c:	00000413          	li	s0,0
80000020:	00000493          	li	s1,0
80000024:	00000513          	li	a0,0
80000028:	00000593          	li	a1,0
8000002c:	00000613          	li	a2,0
80000030:	00000693          	li	a3,0
80000034:	00000713          	li	a4,0
80000038:	00000793          	li	a5,0
8000003c:	00000813          	li	a6,0
80000040:	00000893          	li	a7,0
80000044:	00000913          	li	s2,0
80000048:	00000993          	li	s3,0
8000004c:	00000a13          	li	s4,0
80000050:	00000a93          	li	s5,0
80000054:	00000b13          	li	s6,0
80000058:	00000b93          	li	s7,0
8000005c:	00000c13          	li	s8,0
80000060:	00000c93          	li	s9,0
80000064:	00000d13          	li	s10,0
80000068:	00000d93          	li	s11,0
8000006c:	00000e13          	li	t3,0
80000070:	00000e93          	li	t4,0
80000074:	00000f13          	li	t5,0
80000078:	00000f93          	li	t6,0
8000007c:	0181e2b7          	lui	t0,0x181e
80000080:	3002a073          	csrs	mstatus,t0
80000084:	00100293          	li	t0,1
80000088:	01f29293          	slli	t0,t0,0x1f
8000008c:	0002ca63          	bltz	t0,800000a0 <_start+0xa0>
80000090:	00100513          	li	a0,1
80000094:	00001297          	auipc	t0,0x1
80000098:	f6a2a623          	sw	a0,-148(t0) # 80001000 <tohost>
8000009c:	ff5ff06f          	j	80000090 <_start+0x90>
800000a0:	00000297          	auipc	t0,0x0
800000a4:	04028293          	addi	t0,t0,64 # 800000e0 <trap_entry>
800000a8:	30529073          	csrw	mtvec,t0
800000ac:	00008197          	auipc	gp,0x8
800000b0:	48818193          	addi	gp,gp,1160 # 80008534 <__global_pointer$>
800000b4:	88b18213          	addi	tp,gp,-1909 # 80007dbf <_end+0x3f>
800000b8:	fc027213          	andi	tp,tp,-64
800000bc:	f1402573          	csrr	a0,mhartid
800000c0:	00100593          	li	a1,1
800000c4:	00b57063          	bgeu	a0,a1,800000c4 <_start+0xc4>
800000c8:	00150113          	addi	sp,a0,1
800000cc:	01111113          	slli	sp,sp,0x11
800000d0:	00410133          	add	sp,sp,tp
800000d4:	01151613          	slli	a2,a0,0x11
800000d8:	00c20233          	add	tp,tp,a2
800000dc:	2c50206f          	j	80002ba0 <_init>

800000e0 <trap_entry>:
800000e0:	ef010113          	addi	sp,sp,-272
800000e4:	00112223          	sw	ra,4(sp)
800000e8:	00212423          	sw	sp,8(sp)
800000ec:	00312623          	sw	gp,12(sp)
800000f0:	00412823          	sw	tp,16(sp)
800000f4:	00512a23          	sw	t0,20(sp)
800000f8:	00612c23          	sw	t1,24(sp)
800000fc:	00712e23          	sw	t2,28(sp)
80000100:	02812023          	sw	s0,32(sp)
80000104:	02912223          	sw	s1,36(sp)
80000108:	02a12423          	sw	a0,40(sp)
8000010c:	02b12623          	sw	a1,44(sp)
80000110:	02c12823          	sw	a2,48(sp)
80000114:	02d12a23          	sw	a3,52(sp)
80000118:	02e12c23          	sw	a4,56(sp)
8000011c:	02f12e23          	sw	a5,60(sp)
80000120:	05012023          	sw	a6,64(sp)
80000124:	05112223          	sw	a7,68(sp)
80000128:	05212423          	sw	s2,72(sp)
8000012c:	05312623          	sw	s3,76(sp)
80000130:	05412823          	sw	s4,80(sp)
80000134:	05512a23          	sw	s5,84(sp)
80000138:	05612c23          	sw	s6,88(sp)
8000013c:	05712e23          	sw	s7,92(sp)
80000140:	07812023          	sw	s8,96(sp)
80000144:	07912223          	sw	s9,100(sp)
80000148:	07a12423          	sw	s10,104(sp)
8000014c:	07b12623          	sw	s11,108(sp)
80000150:	07c12823          	sw	t3,112(sp)
80000154:	07d12a23          	sw	t4,116(sp)
80000158:	07e12c23          	sw	t5,120(sp)
8000015c:	07f12e23          	sw	t6,124(sp)
80000160:	34202573          	csrr	a0,mcause
80000164:	341025f3          	csrr	a1,mepc
80000168:	00010613          	mv	a2,sp
8000016c:	6a4020ef          	jal	80002810 <handle_trap>
80000170:	34151073          	csrw	mepc,a0
80000174:	000022b7          	lui	t0,0x2
80000178:	80028293          	addi	t0,t0,-2048 # 1800 <buflen.1+0x17c0>
8000017c:	3002a073          	csrs	mstatus,t0
80000180:	00412083          	lw	ra,4(sp)
80000184:	00812103          	lw	sp,8(sp)
80000188:	00c12183          	lw	gp,12(sp)
8000018c:	01012203          	lw	tp,16(sp)
80000190:	01412283          	lw	t0,20(sp)
80000194:	01812303          	lw	t1,24(sp)
80000198:	01c12383          	lw	t2,28(sp)
8000019c:	02012403          	lw	s0,32(sp)
800001a0:	02412483          	lw	s1,36(sp)
800001a4:	02812503          	lw	a0,40(sp)
800001a8:	02c12583          	lw	a1,44(sp)
800001ac:	03012603          	lw	a2,48(sp)
800001b0:	03412683          	lw	a3,52(sp)
800001b4:	03812703          	lw	a4,56(sp)
800001b8:	03c12783          	lw	a5,60(sp)
800001bc:	04012803          	lw	a6,64(sp)
800001c0:	04412883          	lw	a7,68(sp)
800001c4:	04812903          	lw	s2,72(sp)
800001c8:	04c12983          	lw	s3,76(sp)
800001cc:	05012a03          	lw	s4,80(sp)
800001d0:	05412a83          	lw	s5,84(sp)
800001d4:	05812b03          	lw	s6,88(sp)
800001d8:	05c12b83          	lw	s7,92(sp)
800001dc:	06012c03          	lw	s8,96(sp)
800001e0:	06412c83          	lw	s9,100(sp)
800001e4:	06812d03          	lw	s10,104(sp)
800001e8:	06c12d83          	lw	s11,108(sp)
800001ec:	07012e03          	lw	t3,112(sp)
800001f0:	07412e83          	lw	t4,116(sp)
800001f4:	07812f03          	lw	t5,120(sp)
800001f8:	07c12f83          	lw	t6,124(sp)
800001fc:	11010113          	addi	sp,sp,272
80000200:	30200073          	mret

Disassembly of section .text:

80002000 <verify.constprop.0>:
80002000:	00050793          	mv	a5,a0
80002004:	00004717          	auipc	a4,0x4
80002008:	d3070713          	addi	a4,a4,-720 # 80005d34 <input_data>
8000200c:	00000513          	li	a0,0
80002010:	00072603          	lw	a2,0(a4)
80002014:	0007a683          	lw	a3,0(a5)
80002018:	00472803          	lw	a6,4(a4)
8000201c:	0047a583          	lw	a1,4(a5)
80002020:	02d61263          	bne	a2,a3,80002044 <verify.constprop.0+0x44>
80002024:	00250513          	addi	a0,a0,2
80002028:	80050693          	addi	a3,a0,-2048
8000202c:	00b81a63          	bne	a6,a1,80002040 <verify.constprop.0+0x40>
80002030:	00870713          	addi	a4,a4,8
80002034:	00878793          	addi	a5,a5,8
80002038:	fc069ce3          	bnez	a3,80002010 <verify.constprop.0+0x10>
8000203c:	00000513          	li	a0,0
80002040:	00008067          	ret
80002044:	00150513          	addi	a0,a0,1
80002048:	00008067          	ret

8000204c <sort>:
8000204c:	f3010113          	addi	sp,sp,-208
80002050:	00251513          	slli	a0,a0,0x2
80002054:	00810f13          	addi	t5,sp,8
80002058:	40000fb7          	lui	t6,0x40000
8000205c:	00058e93          	mv	t4,a1
80002060:	00a588b3          	add	a7,a1,a0
80002064:	000f0313          	mv	t1,t5
80002068:	00458593          	addi	a1,a1,4
8000206c:	ffff8f93          	addi	t6,t6,-1 # 3fffffff <buflen.1+0x3fffffbf>
80002070:	02400e13          	li	t3,36
80002074:	40b887b3          	sub	a5,a7,a1
80002078:	04fe4863          	blt	t3,a5,800020c8 <sort+0x7c>
8000207c:	ffc58613          	addi	a2,a1,-4
80002080:	0315f863          	bgeu	a1,a7,800020b0 <sort+0x64>
80002084:	0005a683          	lw	a3,0(a1)
80002088:	00058793          	mv	a5,a1
8000208c:	0100006f          	j	8000209c <sort+0x50>
80002090:	00e7a023          	sw	a4,0(a5)
80002094:	ffc78793          	addi	a5,a5,-4
80002098:	00f60663          	beq	a2,a5,800020a4 <sort+0x58>
8000209c:	ffc7a703          	lw	a4,-4(a5)
800020a0:	fee6c8e3          	blt	a3,a4,80002090 <sort+0x44>
800020a4:	00d7a023          	sw	a3,0(a5)
800020a8:	00458593          	addi	a1,a1,4
800020ac:	fd15ece3          	bltu	a1,a7,80002084 <sort+0x38>
800020b0:	11e30c63          	beq	t1,t5,800021c8 <sort+0x17c>
800020b4:	00032883          	lw	a7,0(t1)
800020b8:	ffc32583          	lw	a1,-4(t1)
800020bc:	ff830313          	addi	t1,t1,-8
800020c0:	40b887b3          	sub	a5,a7,a1
800020c4:	fafe5ce3          	bge	t3,a5,8000207c <sort+0x30>
800020c8:	41d58733          	sub	a4,a1,t4
800020cc:	41d887b3          	sub	a5,a7,t4
800020d0:	4027d793          	srai	a5,a5,0x2
800020d4:	40275713          	srai	a4,a4,0x2
800020d8:	00f70733          	add	a4,a4,a5
800020dc:	01f75793          	srli	a5,a4,0x1f
800020e0:	00e787b3          	add	a5,a5,a4
800020e4:	4017d793          	srai	a5,a5,0x1
800020e8:	01f787b3          	add	a5,a5,t6
800020ec:	00279793          	slli	a5,a5,0x2
800020f0:	0005a703          	lw	a4,0(a1)
800020f4:	00fe87b3          	add	a5,t4,a5
800020f8:	0007a683          	lw	a3,0(a5)
800020fc:	00e7a023          	sw	a4,0(a5)
80002100:	ffc5a703          	lw	a4,-4(a1)
80002104:	00d5a023          	sw	a3,0(a1)
80002108:	ffc8a783          	lw	a5,-4(a7)
8000210c:	00e7da63          	bge	a5,a4,80002120 <sort+0xd4>
80002110:	fef5ae23          	sw	a5,-4(a1)
80002114:	fee8ae23          	sw	a4,-4(a7)
80002118:	0005a683          	lw	a3,0(a1)
8000211c:	00070793          	mv	a5,a4
80002120:	00d7d863          	bge	a5,a3,80002130 <sort+0xe4>
80002124:	00f5a023          	sw	a5,0(a1)
80002128:	fed8ae23          	sw	a3,-4(a7)
8000212c:	0005a683          	lw	a3,0(a1)
80002130:	ffc5a783          	lw	a5,-4(a1)
80002134:	00f6d863          	bge	a3,a5,80002144 <sort+0xf8>
80002138:	fed5ae23          	sw	a3,-4(a1)
8000213c:	00f5a023          	sw	a5,0(a1)
80002140:	00078693          	mv	a3,a5
80002144:	00458513          	addi	a0,a1,4
80002148:	00088793          	mv	a5,a7
8000214c:	00052803          	lw	a6,0(a0)
80002150:	00450513          	addi	a0,a0,4
80002154:	fed84ce3          	blt	a6,a3,8000214c <sort+0x100>
80002158:	00078613          	mv	a2,a5
8000215c:	ff87a703          	lw	a4,-8(a5)
80002160:	ffc78793          	addi	a5,a5,-4
80002164:	fee6cae3          	blt	a3,a4,80002158 <sort+0x10c>
80002168:	00a7e863          	bltu	a5,a0,80002178 <sort+0x12c>
8000216c:	fee52e23          	sw	a4,-4(a0)
80002170:	ff07ae23          	sw	a6,-4(a5)
80002174:	fd9ff06f          	j	8000214c <sort+0x100>
80002178:	40a88833          	sub	a6,a7,a0
8000217c:	00e5a023          	sw	a4,0(a1)
80002180:	40b782b3          	sub	t0,a5,a1
80002184:	40285713          	srai	a4,a6,0x2
80002188:	fed7ae23          	sw	a3,-4(a5)
8000218c:	00170793          	addi	a5,a4,1
80002190:	4022d693          	srai	a3,t0,0x2
80002194:	ff860613          	addi	a2,a2,-8
80002198:	00830713          	addi	a4,t1,8
8000219c:	00d7cc63          	blt	a5,a3,800021b4 <sort+0x168>
800021a0:	01132423          	sw	a7,8(t1)
800021a4:	00a32223          	sw	a0,4(t1)
800021a8:	00060893          	mv	a7,a2
800021ac:	00070313          	mv	t1,a4
800021b0:	ec5ff06f          	j	80002074 <sort+0x28>
800021b4:	00b32223          	sw	a1,4(t1)
800021b8:	00c32423          	sw	a2,8(t1)
800021bc:	00050593          	mv	a1,a0
800021c0:	00070313          	mv	t1,a4
800021c4:	eb1ff06f          	j	80002074 <sort+0x28>
800021c8:	0d010113          	addi	sp,sp,208
800021cc:	00008067          	ret

800021d0 <vprintfmt>:
800021d0:	eb010113          	addi	sp,sp,-336
800021d4:	14812423          	sw	s0,328(sp)
800021d8:	15212023          	sw	s2,320(sp)
800021dc:	13312e23          	sw	s3,316(sp)
800021e0:	13512a23          	sw	s5,308(sp)
800021e4:	14112623          	sw	ra,332(sp)
800021e8:	14912223          	sw	s1,324(sp)
800021ec:	13412c23          	sw	s4,312(sp)
800021f0:	13712623          	sw	s7,300(sp)
800021f4:	13812423          	sw	s8,296(sp)
800021f8:	13912223          	sw	s9,292(sp)
800021fc:	13a12023          	sw	s10,288(sp)
80002200:	00050993          	mv	s3,a0
80002204:	00058913          	mv	s2,a1
80002208:	00060413          	mv	s0,a2
8000220c:	00d12623          	sw	a3,12(sp)
80002210:	02500a93          	li	s5,37
80002214:	0140006f          	j	80002228 <vprintfmt+0x58>
80002218:	06050463          	beqz	a0,80002280 <vprintfmt+0xb0>
8000221c:	00090593          	mv	a1,s2
80002220:	00140413          	addi	s0,s0,1
80002224:	000980e7          	jalr	s3
80002228:	00044503          	lbu	a0,0(s0)
8000222c:	ff5516e3          	bne	a0,s5,80002218 <vprintfmt+0x48>
80002230:	00144683          	lbu	a3,1(s0)
80002234:	00140a13          	addi	s4,s0,1
80002238:	fff00493          	li	s1,-1
8000223c:	02000793          	li	a5,32
80002240:	000a0713          	mv	a4,s4
80002244:	00048c13          	mv	s8,s1
80002248:	00f12423          	sw	a5,8(sp)
8000224c:	00000593          	li	a1,0
80002250:	fdd68793          	addi	a5,a3,-35
80002254:	0ff7f793          	zext.b	a5,a5
80002258:	05500613          	li	a2,85
8000225c:	00170413          	addi	s0,a4,1
80002260:	06f66a63          	bltu	a2,a5,800022d4 <vprintfmt+0x104>
80002264:	00001617          	auipc	a2,0x1
80002268:	7c460613          	addi	a2,a2,1988 # 80003a28 <main+0xdc>
8000226c:	00279793          	slli	a5,a5,0x2
80002270:	00c787b3          	add	a5,a5,a2
80002274:	0007a783          	lw	a5,0(a5)
80002278:	00c787b3          	add	a5,a5,a2
8000227c:	00078067          	jr	a5
80002280:	14c12083          	lw	ra,332(sp)
80002284:	14812403          	lw	s0,328(sp)
80002288:	14412483          	lw	s1,324(sp)
8000228c:	14012903          	lw	s2,320(sp)
80002290:	13c12983          	lw	s3,316(sp)
80002294:	13812a03          	lw	s4,312(sp)
80002298:	13412a83          	lw	s5,308(sp)
8000229c:	12c12b83          	lw	s7,300(sp)
800022a0:	12812c03          	lw	s8,296(sp)
800022a4:	12412c83          	lw	s9,292(sp)
800022a8:	12012d03          	lw	s10,288(sp)
800022ac:	15010113          	addi	sp,sp,336
800022b0:	00008067          	ret
800022b4:	00d12423          	sw	a3,8(sp)
800022b8:	00174683          	lbu	a3,1(a4)
800022bc:	05500613          	li	a2,85
800022c0:	00040713          	mv	a4,s0
800022c4:	fdd68793          	addi	a5,a3,-35
800022c8:	0ff7f793          	zext.b	a5,a5
800022cc:	00170413          	addi	s0,a4,1
800022d0:	f8f67ae3          	bgeu	a2,a5,80002264 <vprintfmt+0x94>
800022d4:	00090593          	mv	a1,s2
800022d8:	02500513          	li	a0,37
800022dc:	000980e7          	jalr	s3
800022e0:	000a0413          	mv	s0,s4
800022e4:	f45ff06f          	j	80002228 <vprintfmt+0x58>
800022e8:	00174603          	lbu	a2,1(a4)
800022ec:	00900513          	li	a0,9
800022f0:	fd068493          	addi	s1,a3,-48
800022f4:	fd060793          	addi	a5,a2,-48
800022f8:	00060693          	mv	a3,a2
800022fc:	00040713          	mv	a4,s0
80002300:	02f56663          	bltu	a0,a5,8000232c <vprintfmt+0x15c>
80002304:	00249793          	slli	a5,s1,0x2
80002308:	009787b3          	add	a5,a5,s1
8000230c:	00170713          	addi	a4,a4,1
80002310:	00179793          	slli	a5,a5,0x1
80002314:	00c787b3          	add	a5,a5,a2
80002318:	00074603          	lbu	a2,0(a4)
8000231c:	fd078493          	addi	s1,a5,-48
80002320:	fd060793          	addi	a5,a2,-48
80002324:	00060693          	mv	a3,a2
80002328:	fcf57ee3          	bgeu	a0,a5,80002304 <vprintfmt+0x134>
8000232c:	f20c52e3          	bgez	s8,80002250 <vprintfmt+0x80>
80002330:	00048c13          	mv	s8,s1
80002334:	fff00493          	li	s1,-1
80002338:	f19ff06f          	j	80002250 <vprintfmt+0x80>
8000233c:	00174683          	lbu	a3,1(a4)
80002340:	00040713          	mv	a4,s0
80002344:	f0dff06f          	j	80002250 <vprintfmt+0x80>
80002348:	00090593          	mv	a1,s2
8000234c:	02500513          	li	a0,37
80002350:	000980e7          	jalr	s3
80002354:	ed5ff06f          	j	80002228 <vprintfmt+0x58>
80002358:	00c12783          	lw	a5,12(sp)
8000235c:	00174683          	lbu	a3,1(a4)
80002360:	00040713          	mv	a4,s0
80002364:	0007a483          	lw	s1,0(a5)
80002368:	00478793          	addi	a5,a5,4
8000236c:	00f12623          	sw	a5,12(sp)
80002370:	fbdff06f          	j	8000232c <vprintfmt+0x15c>
80002374:	00090593          	mv	a1,s2
80002378:	03000513          	li	a0,48
8000237c:	13612823          	sw	s6,304(sp)
80002380:	000980e7          	jalr	s3
80002384:	00090593          	mv	a1,s2
80002388:	07800513          	li	a0,120
8000238c:	000980e7          	jalr	s3
80002390:	00c12783          	lw	a5,12(sp)
80002394:	01000b93          	li	s7,16
80002398:	00000d13          	li	s10,0
8000239c:	00478713          	addi	a4,a5,4
800023a0:	00c12783          	lw	a5,12(sp)
800023a4:	00000c93          	li	s9,0
800023a8:	0007a483          	lw	s1,0(a5)
800023ac:	00e12623          	sw	a4,12(sp)
800023b0:	000b8613          	mv	a2,s7
800023b4:	00000693          	li	a3,0
800023b8:	00048513          	mv	a0,s1
800023bc:	000c8593          	mv	a1,s9
800023c0:	7e5000ef          	jal	800033a4 <__umoddi3>
800023c4:	00a12823          	sw	a0,16(sp)
800023c8:	279d0863          	beq	s10,s9,80002638 <vprintfmt+0x468>
800023cc:	11b12e23          	sw	s11,284(sp)
800023d0:	00100b13          	li	s6,1
800023d4:	01410d93          	addi	s11,sp,20
800023d8:	00048513          	mv	a0,s1
800023dc:	000c8593          	mv	a1,s9
800023e0:	000b8613          	mv	a2,s7
800023e4:	00000693          	li	a3,0
800023e8:	1f5000ef          	jal	80002ddc <__udivdi3>
800023ec:	000b8613          	mv	a2,s7
800023f0:	00000693          	li	a3,0
800023f4:	00050493          	mv	s1,a0
800023f8:	00058c93          	mv	s9,a1
800023fc:	7a9000ef          	jal	800033a4 <__umoddi3>
80002400:	00ada023          	sw	a0,0(s11)
80002404:	000b0a13          	mv	s4,s6
80002408:	004d8d93          	addi	s11,s11,4
8000240c:	001b0b13          	addi	s6,s6,1
80002410:	fd9d14e3          	bne	s10,s9,800023d8 <vprintfmt+0x208>
80002414:	fd74f2e3          	bgeu	s1,s7,800023d8 <vprintfmt+0x208>
80002418:	11c12d83          	lw	s11,284(sp)
8000241c:	fffc0b93          	addi	s7,s8,-1
80002420:	fffb0493          	addi	s1,s6,-1
80002424:	018b5c63          	bge	s6,s8,8000243c <vprintfmt+0x26c>
80002428:	00812503          	lw	a0,8(sp)
8000242c:	00090593          	mv	a1,s2
80002430:	fffb8b93          	addi	s7,s7,-1
80002434:	000980e7          	jalr	s3
80002438:	fe9b98e3          	bne	s7,s1,80002428 <vprintfmt+0x258>
8000243c:	002a1a13          	slli	s4,s4,0x2
80002440:	01010493          	addi	s1,sp,16
80002444:	01448a33          	add	s4,s1,s4
80002448:	00900b13          	li	s6,9
8000244c:	0080006f          	j	80002454 <vprintfmt+0x284>
80002450:	00078a13          	mv	s4,a5
80002454:	000a2783          	lw	a5,0(s4)
80002458:	03000513          	li	a0,48
8000245c:	00fb7463          	bgeu	s6,a5,80002464 <vprintfmt+0x294>
80002460:	05700513          	li	a0,87
80002464:	00a78533          	add	a0,a5,a0
80002468:	00090593          	mv	a1,s2
8000246c:	000980e7          	jalr	s3
80002470:	ffca0793          	addi	a5,s4,-4
80002474:	fd449ee3          	bne	s1,s4,80002450 <vprintfmt+0x280>
80002478:	13012b03          	lw	s6,304(sp)
8000247c:	dadff06f          	j	80002228 <vprintfmt+0x58>
80002480:	13612823          	sw	s6,304(sp)
80002484:	00100793          	li	a5,1
80002488:	1cb7c063          	blt	a5,a1,80002648 <vprintfmt+0x478>
8000248c:	00c12783          	lw	a5,12(sp)
80002490:	0007a483          	lw	s1,0(a5)
80002494:	00478793          	addi	a5,a5,4
80002498:	00f12623          	sw	a5,12(sp)
8000249c:	41f4dc93          	srai	s9,s1,0x1f
800024a0:	020cd063          	bgez	s9,800024c0 <vprintfmt+0x2f0>
800024a4:	00090593          	mv	a1,s2
800024a8:	02d00513          	li	a0,45
800024ac:	000980e7          	jalr	s3
800024b0:	00903733          	snez	a4,s1
800024b4:	419007b3          	neg	a5,s9
800024b8:	40e78cb3          	sub	s9,a5,a4
800024bc:	409004b3          	neg	s1,s1
800024c0:	00a00b93          	li	s7,10
800024c4:	00000d13          	li	s10,0
800024c8:	ee9ff06f          	j	800023b0 <vprintfmt+0x1e0>
800024cc:	00174683          	lbu	a3,1(a4)
800024d0:	00158593          	addi	a1,a1,1
800024d4:	00040713          	mv	a4,s0
800024d8:	d79ff06f          	j	80002250 <vprintfmt+0x80>
800024dc:	13612823          	sw	s6,304(sp)
800024e0:	01000b93          	li	s7,16
800024e4:	00000d13          	li	s10,0
800024e8:	00100793          	li	a5,1
800024ec:	12b7c663          	blt	a5,a1,80002618 <vprintfmt+0x448>
800024f0:	00c12783          	lw	a5,12(sp)
800024f4:	00478713          	addi	a4,a5,4
800024f8:	ea9ff06f          	j	800023a0 <vprintfmt+0x1d0>
800024fc:	00c12783          	lw	a5,12(sp)
80002500:	0007aa03          	lw	s4,0(a5)
80002504:	060a0a63          	beqz	s4,80002578 <vprintfmt+0x3a8>
80002508:	0d805663          	blez	s8,800025d4 <vprintfmt+0x404>
8000250c:	00812703          	lw	a4,8(sp)
80002510:	02d00793          	li	a5,45
80002514:	08f71063          	bne	a4,a5,80002594 <vprintfmt+0x3c4>
80002518:	000a4503          	lbu	a0,0(s4)
8000251c:	02050c63          	beqz	a0,80002554 <vprintfmt+0x384>
80002520:	13612823          	sw	s6,304(sp)
80002524:	fff00b13          	li	s6,-1
80002528:	0004c663          	bltz	s1,80002534 <vprintfmt+0x364>
8000252c:	fff48493          	addi	s1,s1,-1
80002530:	01648e63          	beq	s1,s6,8000254c <vprintfmt+0x37c>
80002534:	00090593          	mv	a1,s2
80002538:	000980e7          	jalr	s3
8000253c:	001a4503          	lbu	a0,1(s4)
80002540:	001a0a13          	addi	s4,s4,1
80002544:	fffc0c13          	addi	s8,s8,-1
80002548:	fe0510e3          	bnez	a0,80002528 <vprintfmt+0x358>
8000254c:	13012b03          	lw	s6,304(sp)
80002550:	01805c63          	blez	s8,80002568 <vprintfmt+0x398>
80002554:	00090593          	mv	a1,s2
80002558:	02000513          	li	a0,32
8000255c:	fffc0c13          	addi	s8,s8,-1
80002560:	000980e7          	jalr	s3
80002564:	fe0c18e3          	bnez	s8,80002554 <vprintfmt+0x384>
80002568:	00c12783          	lw	a5,12(sp)
8000256c:	00478793          	addi	a5,a5,4
80002570:	00f12623          	sw	a5,12(sp)
80002574:	cb5ff06f          	j	80002228 <vprintfmt+0x58>
80002578:	11805863          	blez	s8,80002688 <vprintfmt+0x4b8>
8000257c:	00812703          	lw	a4,8(sp)
80002580:	02d00793          	li	a5,45
80002584:	00001a17          	auipc	s4,0x1
80002588:	460a0a13          	addi	s4,s4,1120 # 800039e4 <main+0x98>
8000258c:	02800513          	li	a0,40
80002590:	f8f708e3          	beq	a4,a5,80002520 <vprintfmt+0x350>
80002594:	000a0793          	mv	a5,s4
80002598:	009a06b3          	add	a3,s4,s1
8000259c:	00049863          	bnez	s1,800025ac <vprintfmt+0x3dc>
800025a0:	0200006f          	j	800025c0 <vprintfmt+0x3f0>
800025a4:	00178793          	addi	a5,a5,1
800025a8:	00d78663          	beq	a5,a3,800025b4 <vprintfmt+0x3e4>
800025ac:	0007c703          	lbu	a4,0(a5)
800025b0:	fe071ae3          	bnez	a4,800025a4 <vprintfmt+0x3d4>
800025b4:	414787b3          	sub	a5,a5,s4
800025b8:	40fc0c33          	sub	s8,s8,a5
800025bc:	01805c63          	blez	s8,800025d4 <vprintfmt+0x404>
800025c0:	00812503          	lw	a0,8(sp)
800025c4:	00090593          	mv	a1,s2
800025c8:	fffc0c13          	addi	s8,s8,-1
800025cc:	000980e7          	jalr	s3
800025d0:	fe0c18e3          	bnez	s8,800025c0 <vprintfmt+0x3f0>
800025d4:	000a4503          	lbu	a0,0(s4)
800025d8:	f80508e3          	beqz	a0,80002568 <vprintfmt+0x398>
800025dc:	13612823          	sw	s6,304(sp)
800025e0:	f45ff06f          	j	80002524 <vprintfmt+0x354>
800025e4:	fffc4793          	not	a5,s8
800025e8:	41f7d793          	srai	a5,a5,0x1f
800025ec:	00174683          	lbu	a3,1(a4)
800025f0:	00fc7c33          	and	s8,s8,a5
800025f4:	00040713          	mv	a4,s0
800025f8:	c59ff06f          	j	80002250 <vprintfmt+0x80>
800025fc:	00c12783          	lw	a5,12(sp)
80002600:	00090593          	mv	a1,s2
80002604:	0007a503          	lw	a0,0(a5)
80002608:	00478493          	addi	s1,a5,4
8000260c:	000980e7          	jalr	s3
80002610:	00912623          	sw	s1,12(sp)
80002614:	c15ff06f          	j	80002228 <vprintfmt+0x58>
80002618:	00c12783          	lw	a5,12(sp)
8000261c:	00778793          	addi	a5,a5,7
80002620:	ff87f793          	andi	a5,a5,-8
80002624:	00878713          	addi	a4,a5,8
80002628:	0007a483          	lw	s1,0(a5)
8000262c:	0047ac83          	lw	s9,4(a5)
80002630:	00e12623          	sw	a4,12(sp)
80002634:	d7dff06f          	j	800023b0 <vprintfmt+0x1e0>
80002638:	d974fae3          	bgeu	s1,s7,800023cc <vprintfmt+0x1fc>
8000263c:	00000a13          	li	s4,0
80002640:	00100b13          	li	s6,1
80002644:	dd9ff06f          	j	8000241c <vprintfmt+0x24c>
80002648:	00c12783          	lw	a5,12(sp)
8000264c:	00778793          	addi	a5,a5,7
80002650:	ff87f793          	andi	a5,a5,-8
80002654:	00878713          	addi	a4,a5,8
80002658:	0007a483          	lw	s1,0(a5)
8000265c:	0047ac83          	lw	s9,4(a5)
80002660:	00e12623          	sw	a4,12(sp)
80002664:	e3dff06f          	j	800024a0 <vprintfmt+0x2d0>
80002668:	13612823          	sw	s6,304(sp)
8000266c:	00a00b93          	li	s7,10
80002670:	00000d13          	li	s10,0
80002674:	e75ff06f          	j	800024e8 <vprintfmt+0x318>
80002678:	13612823          	sw	s6,304(sp)
8000267c:	00800b93          	li	s7,8
80002680:	00000d13          	li	s10,0
80002684:	e65ff06f          	j	800024e8 <vprintfmt+0x318>
80002688:	13612823          	sw	s6,304(sp)
8000268c:	00001a17          	auipc	s4,0x1
80002690:	358a0a13          	addi	s4,s4,856 # 800039e4 <main+0x98>
80002694:	02800513          	li	a0,40
80002698:	fff00b13          	li	s6,-1
8000269c:	e8dff06f          	j	80002528 <vprintfmt+0x358>

800026a0 <sprintf_putch.0>:
800026a0:	0005a783          	lw	a5,0(a1)
800026a4:	00a78023          	sb	a0,0(a5)
800026a8:	0005a783          	lw	a5,0(a1)
800026ac:	00178793          	addi	a5,a5,1
800026b0:	00f5a023          	sw	a5,0(a1)
800026b4:	00008067          	ret

800026b8 <putchar>:
800026b8:	04022783          	lw	a5,64(tp) # 40 <buflen.1>
800026bc:	00020713          	mv	a4,tp
800026c0:	f8010113          	addi	sp,sp,-128
800026c4:	00f70733          	add	a4,a4,a5
800026c8:	00178793          	addi	a5,a5,1
800026cc:	00a70023          	sb	a0,0(a4)
800026d0:	04f22023          	sw	a5,64(tp) # 40 <buflen.1>
800026d4:	00a00713          	li	a4,10
800026d8:	03f10693          	addi	a3,sp,63
800026dc:	fc06f693          	andi	a3,a3,-64
800026e0:	00e50c63          	beq	a0,a4,800026f8 <putchar+0x40>
800026e4:	04000713          	li	a4,64
800026e8:	00e78863          	beq	a5,a4,800026f8 <putchar+0x40>
800026ec:	00000513          	li	a0,0
800026f0:	08010113          	addi	sp,sp,128
800026f4:	00008067          	ret
800026f8:	04000813          	li	a6,64
800026fc:	0106a023          	sw	a6,0(a3)
80002700:	00000893          	li	a7,0
80002704:	0116a223          	sw	a7,4(a3)
80002708:	00100e13          	li	t3,1
8000270c:	01c6a423          	sw	t3,8(a3)
80002710:	00000e93          	li	t4,0
80002714:	01d6a623          	sw	t4,12(a3)
80002718:	00020313          	mv	t1,tp
8000271c:	0066a823          	sw	t1,16(a3)
80002720:	00000393          	li	t2,0
80002724:	0076aa23          	sw	t2,20(a3)
80002728:	00f6ac23          	sw	a5,24(a3)
8000272c:	41f7d893          	srai	a7,a5,0x1f
80002730:	0116ae23          	sw	a7,28(a3)
80002734:	0330000f          	fence	rw,rw
80002738:	fffff617          	auipc	a2,0xfffff
8000273c:	8c860613          	addi	a2,a2,-1848 # 80001000 <tohost>
80002740:	00d62023          	sw	a3,0(a2)
80002744:	00000793          	li	a5,0
80002748:	00f62223          	sw	a5,4(a2)
8000274c:	fffff617          	auipc	a2,0xfffff
80002750:	8f460613          	addi	a2,a2,-1804 # 80001040 <fromhost>
80002754:	00062703          	lw	a4,0(a2)
80002758:	00462783          	lw	a5,4(a2)
8000275c:	00f76733          	or	a4,a4,a5
80002760:	fe070ae3          	beqz	a4,80002754 <putchar+0x9c>
80002764:	00000793          	li	a5,0
80002768:	00f62023          	sw	a5,0(a2)
8000276c:	00000813          	li	a6,0
80002770:	01062223          	sw	a6,4(a2)
80002774:	0330000f          	fence	rw,rw
80002778:	04022023          	sw	zero,64(tp) # 40 <buflen.1>
8000277c:	0006a703          	lw	a4,0(a3)
80002780:	00000513          	li	a0,0
80002784:	0046a783          	lw	a5,4(a3)
80002788:	08010113          	addi	sp,sp,128
8000278c:	00008067          	ret

80002790 <setStats>:
80002790:	b0002773          	csrr	a4,mcycle
80002794:	00005797          	auipc	a5,0x5
80002798:	5a878793          	addi	a5,a5,1448 # 80007d3c <counters>
8000279c:	00050a63          	beqz	a0,800027b0 <setStats+0x20>
800027a0:	00e7a023          	sw	a4,0(a5)
800027a4:	b0202773          	csrr	a4,minstret
800027a8:	00e7a223          	sw	a4,4(a5)
800027ac:	00008067          	ret
800027b0:	0007a583          	lw	a1,0(a5)
800027b4:	00005697          	auipc	a3,0x5
800027b8:	58068693          	addi	a3,a3,1408 # 80007d34 <counter_names>
800027bc:	00001617          	auipc	a2,0x1
800027c0:	23460613          	addi	a2,a2,564 # 800039f0 <main+0xa4>
800027c4:	40b70733          	sub	a4,a4,a1
800027c8:	00e7a023          	sw	a4,0(a5)
800027cc:	00c6a023          	sw	a2,0(a3)
800027d0:	b0202773          	csrr	a4,minstret
800027d4:	0047a603          	lw	a2,4(a5)
800027d8:	00001597          	auipc	a1,0x1
800027dc:	22058593          	addi	a1,a1,544 # 800039f8 <main+0xac>
800027e0:	00b6a223          	sw	a1,4(a3)
800027e4:	40c70733          	sub	a4,a4,a2
800027e8:	00e7a223          	sw	a4,4(a5)
800027ec:	00008067          	ret

800027f0 <tohost_exit>:
800027f0:	00151693          	slli	a3,a0,0x1
800027f4:	0016e713          	ori	a4,a3,1
800027f8:	fffff697          	auipc	a3,0xfffff
800027fc:	80868693          	addi	a3,a3,-2040 # 80001000 <tohost>
80002800:	00000793          	li	a5,0
80002804:	00e6a023          	sw	a4,0(a3)
80002808:	00f6a223          	sw	a5,4(a3)
8000280c:	0000006f          	j	8000280c <tohost_exit+0x1c>

80002810 <handle_trap>:
80002810:	00001637          	lui	a2,0x1
80002814:	ffffe797          	auipc	a5,0xffffe
80002818:	7ec78793          	addi	a5,a5,2028 # 80001000 <tohost>
8000281c:	a7360613          	addi	a2,a2,-1421 # a73 <buflen.1+0xa33>
80002820:	00000693          	li	a3,0
80002824:	00c7a023          	sw	a2,0(a5)
80002828:	00d7a223          	sw	a3,4(a5)
8000282c:	0000006f          	j	8000282c <handle_trap+0x1c>

80002830 <exit>:
80002830:	ff010113          	addi	sp,sp,-16
80002834:	00112623          	sw	ra,12(sp)
80002838:	fb9ff0ef          	jal	800027f0 <tohost_exit>

8000283c <abort>:
8000283c:	ffffe797          	auipc	a5,0xffffe
80002840:	7c478793          	addi	a5,a5,1988 # 80001000 <tohost>
80002844:	10d00613          	li	a2,269
80002848:	00000693          	li	a3,0
8000284c:	00c7a023          	sw	a2,0(a5)
80002850:	00d7a223          	sw	a3,4(a5)
80002854:	0000006f          	j	80002854 <abort+0x18>

80002858 <printstr>:
80002858:	00054783          	lbu	a5,0(a0)
8000285c:	f8010113          	addi	sp,sp,-128
80002860:	03f10613          	addi	a2,sp,63
80002864:	00050813          	mv	a6,a0
80002868:	00000893          	li	a7,0
8000286c:	fc067613          	andi	a2,a2,-64
80002870:	0a078063          	beqz	a5,80002910 <printstr+0xb8>
80002874:	00050793          	mv	a5,a0
80002878:	0017c703          	lbu	a4,1(a5)
8000287c:	00178793          	addi	a5,a5,1
80002880:	fe071ce3          	bnez	a4,80002878 <printstr+0x20>
80002884:	40a78333          	sub	t1,a5,a0
80002888:	00000393          	li	t2,0
8000288c:	04000713          	li	a4,64
80002890:	00e62023          	sw	a4,0(a2)
80002894:	00000793          	li	a5,0
80002898:	00f62223          	sw	a5,4(a2)
8000289c:	00100713          	li	a4,1
800028a0:	00e62423          	sw	a4,8(a2)
800028a4:	00000793          	li	a5,0
800028a8:	00f62623          	sw	a5,12(a2)
800028ac:	01062823          	sw	a6,16(a2)
800028b0:	01162a23          	sw	a7,20(a2)
800028b4:	00662c23          	sw	t1,24(a2)
800028b8:	00762e23          	sw	t2,28(a2)
800028bc:	0330000f          	fence	rw,rw
800028c0:	ffffe697          	auipc	a3,0xffffe
800028c4:	74068693          	addi	a3,a3,1856 # 80001000 <tohost>
800028c8:	00c6a023          	sw	a2,0(a3)
800028cc:	00000793          	li	a5,0
800028d0:	00f6a223          	sw	a5,4(a3)
800028d4:	ffffe697          	auipc	a3,0xffffe
800028d8:	76c68693          	addi	a3,a3,1900 # 80001040 <fromhost>
800028dc:	0006a703          	lw	a4,0(a3)
800028e0:	0046a783          	lw	a5,4(a3)
800028e4:	00f76733          	or	a4,a4,a5
800028e8:	fe070ae3          	beqz	a4,800028dc <printstr+0x84>
800028ec:	00000793          	li	a5,0
800028f0:	00f6a023          	sw	a5,0(a3)
800028f4:	00000813          	li	a6,0
800028f8:	0106a223          	sw	a6,4(a3)
800028fc:	0330000f          	fence	rw,rw
80002900:	00062703          	lw	a4,0(a2)
80002904:	00462783          	lw	a5,4(a2)
80002908:	08010113          	addi	sp,sp,128
8000290c:	00008067          	ret
80002910:	00000313          	li	t1,0
80002914:	00000393          	li	t2,0
80002918:	f75ff06f          	j	8000288c <printstr+0x34>

8000291c <thread_entry>:
8000291c:	00051463          	bnez	a0,80002924 <thread_entry+0x8>
80002920:	00008067          	ret
80002924:	0000006f          	j	80002924 <thread_entry+0x8>

80002928 <printhex>:
80002928:	fd010113          	addi	sp,sp,-48
8000292c:	00050713          	mv	a4,a0
80002930:	02112623          	sw	ra,44(sp)
80002934:	00c10513          	addi	a0,sp,12
80002938:	01b10613          	addi	a2,sp,27
8000293c:	00900813          	li	a6,9
80002940:	0080006f          	j	80002948 <printhex+0x20>
80002944:	00078613          	mv	a2,a5
80002948:	00f77793          	andi	a5,a4,15
8000294c:	00f837b3          	sltu	a5,a6,a5
80002950:	40f007b3          	neg	a5,a5
80002954:	0277f793          	andi	a5,a5,39
80002958:	00f77693          	andi	a3,a4,15
8000295c:	03078793          	addi	a5,a5,48
80002960:	00f687b3          	add	a5,a3,a5
80002964:	00f60023          	sb	a5,0(a2)
80002968:	00475713          	srli	a4,a4,0x4
8000296c:	01c59793          	slli	a5,a1,0x1c
80002970:	00e7e733          	or	a4,a5,a4
80002974:	0045d593          	srli	a1,a1,0x4
80002978:	fff60793          	addi	a5,a2,-1
8000297c:	fcc514e3          	bne	a0,a2,80002944 <printhex+0x1c>
80002980:	00010e23          	sb	zero,28(sp)
80002984:	ed5ff0ef          	jal	80002858 <printstr>
80002988:	02c12083          	lw	ra,44(sp)
8000298c:	03010113          	addi	sp,sp,48
80002990:	00008067          	ret

80002994 <printf>:
80002994:	fc010113          	addi	sp,sp,-64
80002998:	02410313          	addi	t1,sp,36
8000299c:	02b12223          	sw	a1,36(sp)
800029a0:	02c12423          	sw	a2,40(sp)
800029a4:	02d12623          	sw	a3,44(sp)
800029a8:	00050613          	mv	a2,a0
800029ac:	00030693          	mv	a3,t1
800029b0:	00000517          	auipc	a0,0x0
800029b4:	d0850513          	addi	a0,a0,-760 # 800026b8 <putchar>
800029b8:	00000593          	li	a1,0
800029bc:	00112e23          	sw	ra,28(sp)
800029c0:	02e12823          	sw	a4,48(sp)
800029c4:	02f12a23          	sw	a5,52(sp)
800029c8:	03012c23          	sw	a6,56(sp)
800029cc:	03112e23          	sw	a7,60(sp)
800029d0:	00612623          	sw	t1,12(sp)
800029d4:	ffcff0ef          	jal	800021d0 <vprintfmt>
800029d8:	01c12083          	lw	ra,28(sp)
800029dc:	00000513          	li	a0,0
800029e0:	04010113          	addi	sp,sp,64
800029e4:	00008067          	ret

800029e8 <sprintf>:
800029e8:	fb010113          	addi	sp,sp,-80
800029ec:	03810313          	addi	t1,sp,56
800029f0:	02812423          	sw	s0,40(sp)
800029f4:	00a12623          	sw	a0,12(sp)
800029f8:	02c12c23          	sw	a2,56(sp)
800029fc:	02d12e23          	sw	a3,60(sp)
80002a00:	00050413          	mv	s0,a0
80002a04:	00058613          	mv	a2,a1
80002a08:	00000517          	auipc	a0,0x0
80002a0c:	c9850513          	addi	a0,a0,-872 # 800026a0 <sprintf_putch.0>
80002a10:	00c10593          	addi	a1,sp,12
80002a14:	00030693          	mv	a3,t1
80002a18:	02112623          	sw	ra,44(sp)
80002a1c:	04f12223          	sw	a5,68(sp)
80002a20:	04e12023          	sw	a4,64(sp)
80002a24:	05012423          	sw	a6,72(sp)
80002a28:	05112623          	sw	a7,76(sp)
80002a2c:	00612e23          	sw	t1,28(sp)
80002a30:	fa0ff0ef          	jal	800021d0 <vprintfmt>
80002a34:	00c12783          	lw	a5,12(sp)
80002a38:	00078023          	sb	zero,0(a5)
80002a3c:	00c12503          	lw	a0,12(sp)
80002a40:	02c12083          	lw	ra,44(sp)
80002a44:	40850533          	sub	a0,a0,s0
80002a48:	02812403          	lw	s0,40(sp)
80002a4c:	05010113          	addi	sp,sp,80
80002a50:	00008067          	ret

80002a54 <memcpy>:
80002a54:	00c5e7b3          	or	a5,a1,a2
80002a58:	00f567b3          	or	a5,a0,a5
80002a5c:	0037f793          	andi	a5,a5,3
80002a60:	00058393          	mv	t2,a1
80002a64:	00c506b3          	add	a3,a0,a2
80002a68:	02078463          	beqz	a5,80002a90 <memcpy+0x3c>
80002a6c:	00c58633          	add	a2,a1,a2
80002a70:	00050793          	mv	a5,a0
80002a74:	0ad57263          	bgeu	a0,a3,80002b18 <memcpy+0xc4>
80002a78:	0005c703          	lbu	a4,0(a1)
80002a7c:	00158593          	addi	a1,a1,1
80002a80:	00178793          	addi	a5,a5,1
80002a84:	fee78fa3          	sb	a4,-1(a5)
80002a88:	fec598e3          	bne	a1,a2,80002a78 <memcpy+0x24>
80002a8c:	00008067          	ret
80002a90:	02050713          	addi	a4,a0,32
80002a94:	08d77463          	bgeu	a4,a3,80002b1c <memcpy+0xc8>
80002a98:	00070793          	mv	a5,a4
80002a9c:	0005a283          	lw	t0,0(a1)
80002aa0:	0045af83          	lw	t6,4(a1)
80002aa4:	0085af03          	lw	t5,8(a1)
80002aa8:	00c5ae83          	lw	t4,12(a1)
80002aac:	0105ae03          	lw	t3,16(a1)
80002ab0:	0145a303          	lw	t1,20(a1)
80002ab4:	0185a883          	lw	a7,24(a1)
80002ab8:	01c5a803          	lw	a6,28(a1)
80002abc:	02078793          	addi	a5,a5,32
80002ac0:	fc57a023          	sw	t0,-64(a5)
80002ac4:	fdf7a223          	sw	t6,-60(a5)
80002ac8:	fde7a423          	sw	t5,-56(a5)
80002acc:	fdd7a623          	sw	t4,-52(a5)
80002ad0:	fdc7a823          	sw	t3,-48(a5)
80002ad4:	fc67aa23          	sw	t1,-44(a5)
80002ad8:	fd17ac23          	sw	a7,-40(a5)
80002adc:	fd07ae23          	sw	a6,-36(a5)
80002ae0:	02058593          	addi	a1,a1,32
80002ae4:	fad7ece3          	bltu	a5,a3,80002a9c <memcpy+0x48>
80002ae8:	fdf60613          	addi	a2,a2,-33
80002aec:	fe067613          	andi	a2,a2,-32
80002af0:	02038393          	addi	t2,t2,32
80002af4:	00c707b3          	add	a5,a4,a2
80002af8:	00c385b3          	add	a1,t2,a2
80002afc:	f8d7f8e3          	bgeu	a5,a3,80002a8c <memcpy+0x38>
80002b00:	0005a703          	lw	a4,0(a1)
80002b04:	00478793          	addi	a5,a5,4
80002b08:	00458593          	addi	a1,a1,4
80002b0c:	fee7ae23          	sw	a4,-4(a5)
80002b10:	fed7e8e3          	bltu	a5,a3,80002b00 <memcpy+0xac>
80002b14:	00008067          	ret
80002b18:	00008067          	ret
80002b1c:	00050793          	mv	a5,a0
80002b20:	fddff06f          	j	80002afc <memcpy+0xa8>

80002b24 <memset>:
80002b24:	ff010113          	addi	sp,sp,-16
80002b28:	00c567b3          	or	a5,a0,a2
80002b2c:	00812423          	sw	s0,8(sp)
80002b30:	00112623          	sw	ra,12(sp)
80002b34:	0037f793          	andi	a5,a5,3
80002b38:	00050413          	mv	s0,a0
80002b3c:	00c50733          	add	a4,a0,a2
80002b40:	02078263          	beqz	a5,80002b64 <memset+0x40>
80002b44:	00e57663          	bgeu	a0,a4,80002b50 <memset+0x2c>
80002b48:	0ff5f593          	zext.b	a1,a1
80002b4c:	fd9ff0ef          	jal	80002b24 <memset>
80002b50:	00c12083          	lw	ra,12(sp)
80002b54:	00040513          	mv	a0,s0
80002b58:	00812403          	lw	s0,8(sp)
80002b5c:	01010113          	addi	sp,sp,16
80002b60:	00008067          	ret
80002b64:	0ff5f593          	zext.b	a1,a1
80002b68:	00859693          	slli	a3,a1,0x8
80002b6c:	00b686b3          	add	a3,a3,a1
80002b70:	01069793          	slli	a5,a3,0x10
80002b74:	00f686b3          	add	a3,a3,a5
80002b78:	fce57ce3          	bgeu	a0,a4,80002b50 <memset+0x2c>
80002b7c:	00050793          	mv	a5,a0
80002b80:	00478793          	addi	a5,a5,4
80002b84:	fed7ae23          	sw	a3,-4(a5)
80002b88:	fee7ece3          	bltu	a5,a4,80002b80 <memset+0x5c>
80002b8c:	00c12083          	lw	ra,12(sp)
80002b90:	00040513          	mv	a0,s0
80002b94:	00812403          	lw	s0,8(sp)
80002b98:	01010113          	addi	sp,sp,16
80002b9c:	00008067          	ret

80002ba0 <_init>:
80002ba0:	f6010113          	addi	sp,sp,-160
80002ba4:	00005797          	auipc	a5,0x5
80002ba8:	1a078793          	addi	a5,a5,416 # 80007d44 <_tdata_begin>
80002bac:	09312623          	sw	s3,140(sp)
80002bb0:	00005997          	auipc	s3,0x5
80002bb4:	19498993          	addi	s3,s3,404 # 80007d44 <_tdata_begin>
80002bb8:	09412423          	sw	s4,136(sp)
80002bbc:	40f98a33          	sub	s4,s3,a5
80002bc0:	08912a23          	sw	s1,148(sp)
80002bc4:	09212823          	sw	s2,144(sp)
80002bc8:	00050493          	mv	s1,a0
80002bcc:	00058913          	mv	s2,a1
80002bd0:	00020513          	mv	a0,tp
80002bd4:	00078593          	mv	a1,a5
80002bd8:	000a0613          	mv	a2,s4
80002bdc:	08112e23          	sw	ra,156(sp)
80002be0:	08812c23          	sw	s0,152(sp)
80002be4:	09512223          	sw	s5,132(sp)
80002be8:	00020a93          	mv	s5,tp
80002bec:	e69ff0ef          	jal	80002a54 <memcpy>
80002bf0:	89018613          	addi	a2,gp,-1904 # 80007dc4 <_tbss_end>
80002bf4:	41360633          	sub	a2,a2,s3
80002bf8:	00000593          	li	a1,0
80002bfc:	014a8533          	add	a0,s5,s4
80002c00:	f25ff0ef          	jal	80002b24 <memset>
80002c04:	00090593          	mv	a1,s2
80002c08:	00048513          	mv	a0,s1
80002c0c:	d11ff0ef          	jal	8000291c <thread_entry>
80002c10:	00000593          	li	a1,0
80002c14:	00000513          	li	a0,0
80002c18:	535000ef          	jal	8000394c <main>
80002c1c:	00005917          	auipc	s2,0x5
80002c20:	12090913          	addi	s2,s2,288 # 80007d3c <counters>
80002c24:	00092683          	lw	a3,0(s2)
80002c28:	03f10413          	addi	s0,sp,63
80002c2c:	fc047413          	andi	s0,s0,-64
80002c30:	00050493          	mv	s1,a0
80002c34:	04069463          	bnez	a3,80002c7c <_init+0xdc>
80002c38:	00492683          	lw	a3,4(s2)
80002c3c:	00069663          	bnez	a3,80002c48 <_init+0xa8>
80002c40:	00048513          	mv	a0,s1
80002c44:	badff0ef          	jal	800027f0 <tohost_exit>
80002c48:	00040913          	mv	s2,s0
80002c4c:	00005997          	auipc	s3,0x5
80002c50:	0e898993          	addi	s3,s3,232 # 80007d34 <counter_names>
80002c54:	0049a603          	lw	a2,4(s3)
80002c58:	00090513          	mv	a0,s2
80002c5c:	00001597          	auipc	a1,0x1
80002c60:	dc058593          	addi	a1,a1,-576 # 80003a1c <main+0xd0>
80002c64:	d85ff0ef          	jal	800029e8 <sprintf>
80002c68:	00a90933          	add	s2,s2,a0
80002c6c:	fd240ae3          	beq	s0,s2,80002c40 <_init+0xa0>
80002c70:	00040513          	mv	a0,s0
80002c74:	be5ff0ef          	jal	80002858 <printstr>
80002c78:	fc9ff06f          	j	80002c40 <_init+0xa0>
80002c7c:	00005997          	auipc	s3,0x5
80002c80:	0b898993          	addi	s3,s3,184 # 80007d34 <counter_names>
80002c84:	0009a603          	lw	a2,0(s3)
80002c88:	00001597          	auipc	a1,0x1
80002c8c:	d9458593          	addi	a1,a1,-620 # 80003a1c <main+0xd0>
80002c90:	00040513          	mv	a0,s0
80002c94:	d55ff0ef          	jal	800029e8 <sprintf>
80002c98:	00492683          	lw	a3,4(s2)
80002c9c:	00a40933          	add	s2,s0,a0
80002ca0:	fc0686e3          	beqz	a3,80002c6c <_init+0xcc>
80002ca4:	fb1ff06f          	j	80002c54 <_init+0xb4>

80002ca8 <strlen>:
80002ca8:	00054783          	lbu	a5,0(a0)
80002cac:	00078e63          	beqz	a5,80002cc8 <strlen+0x20>
80002cb0:	00050793          	mv	a5,a0
80002cb4:	0017c703          	lbu	a4,1(a5)
80002cb8:	00178793          	addi	a5,a5,1
80002cbc:	fe071ce3          	bnez	a4,80002cb4 <strlen+0xc>
80002cc0:	40a78533          	sub	a0,a5,a0
80002cc4:	00008067          	ret
80002cc8:	00000513          	li	a0,0
80002ccc:	00008067          	ret

80002cd0 <strnlen>:
80002cd0:	00b506b3          	add	a3,a0,a1
80002cd4:	00050793          	mv	a5,a0
80002cd8:	00059863          	bnez	a1,80002ce8 <strnlen+0x18>
80002cdc:	01c0006f          	j	80002cf8 <strnlen+0x28>
80002ce0:	00178793          	addi	a5,a5,1
80002ce4:	00d78663          	beq	a5,a3,80002cf0 <strnlen+0x20>
80002ce8:	0007c703          	lbu	a4,0(a5)
80002cec:	fe071ae3          	bnez	a4,80002ce0 <strnlen+0x10>
80002cf0:	40a78533          	sub	a0,a5,a0
80002cf4:	00008067          	ret
80002cf8:	00000513          	li	a0,0
80002cfc:	00008067          	ret

80002d00 <strcmp>:
80002d00:	00054783          	lbu	a5,0(a0)
80002d04:	00150513          	addi	a0,a0,1
80002d08:	00158593          	addi	a1,a1,1
80002d0c:	fff5c703          	lbu	a4,-1(a1)
80002d10:	00078863          	beqz	a5,80002d20 <strcmp+0x20>
80002d14:	fee786e3          	beq	a5,a4,80002d00 <strcmp>
80002d18:	40e78533          	sub	a0,a5,a4
80002d1c:	00008067          	ret
80002d20:	00000793          	li	a5,0
80002d24:	ff5ff06f          	j	80002d18 <strcmp+0x18>

80002d28 <strcpy>:
80002d28:	00050793          	mv	a5,a0
80002d2c:	0005c703          	lbu	a4,0(a1)
80002d30:	00158593          	addi	a1,a1,1
80002d34:	00178793          	addi	a5,a5,1
80002d38:	fee78fa3          	sb	a4,-1(a5)
80002d3c:	fe0718e3          	bnez	a4,80002d2c <strcpy+0x4>
80002d40:	00008067          	ret

80002d44 <atol>:
80002d44:	00054703          	lbu	a4,0(a0)
80002d48:	02000693          	li	a3,32
80002d4c:	00050793          	mv	a5,a0
80002d50:	00d71a63          	bne	a4,a3,80002d64 <atol+0x20>
80002d54:	00070693          	mv	a3,a4
80002d58:	0017c703          	lbu	a4,1(a5)
80002d5c:	00178793          	addi	a5,a5,1
80002d60:	fed70ce3          	beq	a4,a3,80002d58 <atol+0x14>
80002d64:	02d00693          	li	a3,45
80002d68:	04d70e63          	beq	a4,a3,80002dc4 <atol+0x80>
80002d6c:	02b00693          	li	a3,43
80002d70:	04d70063          	beq	a4,a3,80002db0 <atol+0x6c>
80002d74:	0007c683          	lbu	a3,0(a5)
80002d78:	00000593          	li	a1,0
80002d7c:	04068c63          	beqz	a3,80002dd4 <atol+0x90>
80002d80:	00000513          	li	a0,0
80002d84:	00178793          	addi	a5,a5,1
80002d88:	fd068613          	addi	a2,a3,-48
80002d8c:	00251713          	slli	a4,a0,0x2
80002d90:	0007c683          	lbu	a3,0(a5)
80002d94:	00a70733          	add	a4,a4,a0
80002d98:	00171713          	slli	a4,a4,0x1
80002d9c:	00e60533          	add	a0,a2,a4
80002da0:	fe0692e3          	bnez	a3,80002d84 <atol+0x40>
80002da4:	02058a63          	beqz	a1,80002dd8 <atol+0x94>
80002da8:	40a00533          	neg	a0,a0
80002dac:	00008067          	ret
80002db0:	0017c683          	lbu	a3,1(a5)
80002db4:	00178793          	addi	a5,a5,1
80002db8:	00068e63          	beqz	a3,80002dd4 <atol+0x90>
80002dbc:	00000593          	li	a1,0
80002dc0:	fc1ff06f          	j	80002d80 <atol+0x3c>
80002dc4:	0017c683          	lbu	a3,1(a5)
80002dc8:	00100593          	li	a1,1
80002dcc:	00b787b3          	add	a5,a5,a1
80002dd0:	fa0698e3          	bnez	a3,80002d80 <atol+0x3c>
80002dd4:	00000513          	li	a0,0
80002dd8:	00008067          	ret

80002ddc <__udivdi3>:
80002ddc:	fd010113          	addi	sp,sp,-48
80002de0:	01412c23          	sw	s4,24(sp)
80002de4:	02112623          	sw	ra,44(sp)
80002de8:	02812423          	sw	s0,40(sp)
80002dec:	02912223          	sw	s1,36(sp)
80002df0:	03212023          	sw	s2,32(sp)
80002df4:	01312e23          	sw	s3,28(sp)
80002df8:	01512a23          	sw	s5,20(sp)
80002dfc:	01612823          	sw	s6,16(sp)
80002e00:	01712623          	sw	s7,12(sp)
80002e04:	01812423          	sw	s8,8(sp)
80002e08:	01912223          	sw	s9,4(sp)
80002e0c:	01a12023          	sw	s10,0(sp)
80002e10:	00050a13          	mv	s4,a0
80002e14:	38069663          	bnez	a3,800031a0 <__udivdi3+0x3c4>
80002e18:	800047b7          	lui	a5,0x80004
80002e1c:	00060993          	mv	s3,a2
80002e20:	00050493          	mv	s1,a0
80002e24:	b8078793          	addi	a5,a5,-1152 # 80003b80 <__clz_tab>
80002e28:	12c5f863          	bgeu	a1,a2,80002f58 <__udivdi3+0x17c>
80002e2c:	00010737          	lui	a4,0x10
80002e30:	00058913          	mv	s2,a1
80002e34:	10e67863          	bgeu	a2,a4,80002f44 <__udivdi3+0x168>
80002e38:	10063713          	sltiu	a4,a2,256
80002e3c:	00173713          	seqz	a4,a4
80002e40:	00371713          	slli	a4,a4,0x3
80002e44:	00e656b3          	srl	a3,a2,a4
80002e48:	00d787b3          	add	a5,a5,a3
80002e4c:	0007c783          	lbu	a5,0(a5)
80002e50:	02000693          	li	a3,32
80002e54:	00e787b3          	add	a5,a5,a4
80002e58:	40f68733          	sub	a4,a3,a5
80002e5c:	00f68c63          	beq	a3,a5,80002e74 <__udivdi3+0x98>
80002e60:	00e59933          	sll	s2,a1,a4
80002e64:	00fa57b3          	srl	a5,s4,a5
80002e68:	00e619b3          	sll	s3,a2,a4
80002e6c:	0127e933          	or	s2,a5,s2
80002e70:	00ea14b3          	sll	s1,s4,a4
80002e74:	0109da93          	srli	s5,s3,0x10
80002e78:	000a8593          	mv	a1,s5
80002e7c:	00090513          	mv	a0,s2
80002e80:	01099b13          	slli	s6,s3,0x10
80002e84:	21d000ef          	jal	800038a0 <__hidden___udivsi3>
80002e88:	010b5b13          	srli	s6,s6,0x10
80002e8c:	00050593          	mv	a1,a0
80002e90:	00050a13          	mv	s4,a0
80002e94:	000b0513          	mv	a0,s6
80002e98:	1dd000ef          	jal	80003874 <__mulsi3>
80002e9c:	00050413          	mv	s0,a0
80002ea0:	000a8593          	mv	a1,s5
80002ea4:	00090513          	mv	a0,s2
80002ea8:	241000ef          	jal	800038e8 <__umodsi3>
80002eac:	01051513          	slli	a0,a0,0x10
80002eb0:	0104d713          	srli	a4,s1,0x10
80002eb4:	00a76733          	or	a4,a4,a0
80002eb8:	000a0913          	mv	s2,s4
80002ebc:	00877e63          	bgeu	a4,s0,80002ed8 <__udivdi3+0xfc>
80002ec0:	00e98733          	add	a4,s3,a4
80002ec4:	fffa0913          	addi	s2,s4,-1
80002ec8:	01376863          	bltu	a4,s3,80002ed8 <__udivdi3+0xfc>
80002ecc:	00877663          	bgeu	a4,s0,80002ed8 <__udivdi3+0xfc>
80002ed0:	ffea0913          	addi	s2,s4,-2
80002ed4:	01370733          	add	a4,a4,s3
80002ed8:	40870433          	sub	s0,a4,s0
80002edc:	000a8593          	mv	a1,s5
80002ee0:	00040513          	mv	a0,s0
80002ee4:	1bd000ef          	jal	800038a0 <__hidden___udivsi3>
80002ee8:	00050593          	mv	a1,a0
80002eec:	00050a13          	mv	s4,a0
80002ef0:	000b0513          	mv	a0,s6
80002ef4:	181000ef          	jal	80003874 <__mulsi3>
80002ef8:	00050b13          	mv	s6,a0
80002efc:	000a8593          	mv	a1,s5
80002f00:	00040513          	mv	a0,s0
80002f04:	1e5000ef          	jal	800038e8 <__umodsi3>
80002f08:	01049493          	slli	s1,s1,0x10
80002f0c:	01051513          	slli	a0,a0,0x10
80002f10:	0104d493          	srli	s1,s1,0x10
80002f14:	00a4e4b3          	or	s1,s1,a0
80002f18:	000a0713          	mv	a4,s4
80002f1c:	0164fc63          	bgeu	s1,s6,80002f34 <__udivdi3+0x158>
80002f20:	009984b3          	add	s1,s3,s1
80002f24:	fffa0713          	addi	a4,s4,-1
80002f28:	0134e663          	bltu	s1,s3,80002f34 <__udivdi3+0x158>
80002f2c:	0164f463          	bgeu	s1,s6,80002f34 <__udivdi3+0x158>
80002f30:	ffea0713          	addi	a4,s4,-2
80002f34:	01091793          	slli	a5,s2,0x10
80002f38:	00e7e7b3          	or	a5,a5,a4
80002f3c:	00000913          	li	s2,0
80002f40:	1200006f          	j	80003060 <__udivdi3+0x284>
80002f44:	010006b7          	lui	a3,0x1000
80002f48:	01800713          	li	a4,24
80002f4c:	eed67ce3          	bgeu	a2,a3,80002e44 <__udivdi3+0x68>
80002f50:	01000713          	li	a4,16
80002f54:	ef1ff06f          	j	80002e44 <__udivdi3+0x68>
80002f58:	00000713          	li	a4,0
80002f5c:	00060c63          	beqz	a2,80002f74 <__udivdi3+0x198>
80002f60:	00010737          	lui	a4,0x10
80002f64:	12e67e63          	bgeu	a2,a4,800030a0 <__udivdi3+0x2c4>
80002f68:	10063713          	sltiu	a4,a2,256
80002f6c:	00173713          	seqz	a4,a4
80002f70:	00371713          	slli	a4,a4,0x3
80002f74:	00e656b3          	srl	a3,a2,a4
80002f78:	00d787b3          	add	a5,a5,a3
80002f7c:	0007c783          	lbu	a5,0(a5)
80002f80:	02000693          	li	a3,32
80002f84:	00e787b3          	add	a5,a5,a4
80002f88:	40f68733          	sub	a4,a3,a5
80002f8c:	12f69463          	bne	a3,a5,800030b4 <__udivdi3+0x2d8>
80002f90:	40c58a33          	sub	s4,a1,a2
80002f94:	00100913          	li	s2,1
80002f98:	0109db13          	srli	s6,s3,0x10
80002f9c:	000b0593          	mv	a1,s6
80002fa0:	000a0513          	mv	a0,s4
80002fa4:	01099b93          	slli	s7,s3,0x10
80002fa8:	0f9000ef          	jal	800038a0 <__hidden___udivsi3>
80002fac:	010bdb93          	srli	s7,s7,0x10
80002fb0:	00050593          	mv	a1,a0
80002fb4:	00050c13          	mv	s8,a0
80002fb8:	000b8513          	mv	a0,s7
80002fbc:	0b9000ef          	jal	80003874 <__mulsi3>
80002fc0:	00050a93          	mv	s5,a0
80002fc4:	000b0593          	mv	a1,s6
80002fc8:	000a0513          	mv	a0,s4
80002fcc:	11d000ef          	jal	800038e8 <__umodsi3>
80002fd0:	01051513          	slli	a0,a0,0x10
80002fd4:	0104d713          	srli	a4,s1,0x10
80002fd8:	00a76733          	or	a4,a4,a0
80002fdc:	000c0a13          	mv	s4,s8
80002fe0:	01577e63          	bgeu	a4,s5,80002ffc <__udivdi3+0x220>
80002fe4:	00e98733          	add	a4,s3,a4
80002fe8:	fffc0a13          	addi	s4,s8,-1
80002fec:	01376863          	bltu	a4,s3,80002ffc <__udivdi3+0x220>
80002ff0:	01577663          	bgeu	a4,s5,80002ffc <__udivdi3+0x220>
80002ff4:	ffec0a13          	addi	s4,s8,-2
80002ff8:	01370733          	add	a4,a4,s3
80002ffc:	41570433          	sub	s0,a4,s5
80003000:	000b0593          	mv	a1,s6
80003004:	00040513          	mv	a0,s0
80003008:	099000ef          	jal	800038a0 <__hidden___udivsi3>
8000300c:	00050593          	mv	a1,a0
80003010:	00050a93          	mv	s5,a0
80003014:	000b8513          	mv	a0,s7
80003018:	05d000ef          	jal	80003874 <__mulsi3>
8000301c:	00050b93          	mv	s7,a0
80003020:	000b0593          	mv	a1,s6
80003024:	00040513          	mv	a0,s0
80003028:	0c1000ef          	jal	800038e8 <__umodsi3>
8000302c:	01049493          	slli	s1,s1,0x10
80003030:	01051513          	slli	a0,a0,0x10
80003034:	0104d493          	srli	s1,s1,0x10
80003038:	00a4e4b3          	or	s1,s1,a0
8000303c:	000a8713          	mv	a4,s5
80003040:	0174fc63          	bgeu	s1,s7,80003058 <__udivdi3+0x27c>
80003044:	009984b3          	add	s1,s3,s1
80003048:	fffa8713          	addi	a4,s5,-1
8000304c:	0134e663          	bltu	s1,s3,80003058 <__udivdi3+0x27c>
80003050:	0174f463          	bgeu	s1,s7,80003058 <__udivdi3+0x27c>
80003054:	ffea8713          	addi	a4,s5,-2
80003058:	010a1793          	slli	a5,s4,0x10
8000305c:	00e7e7b3          	or	a5,a5,a4
80003060:	02c12083          	lw	ra,44(sp)
80003064:	02812403          	lw	s0,40(sp)
80003068:	02412483          	lw	s1,36(sp)
8000306c:	01c12983          	lw	s3,28(sp)
80003070:	01812a03          	lw	s4,24(sp)
80003074:	01412a83          	lw	s5,20(sp)
80003078:	01012b03          	lw	s6,16(sp)
8000307c:	00c12b83          	lw	s7,12(sp)
80003080:	00812c03          	lw	s8,8(sp)
80003084:	00412c83          	lw	s9,4(sp)
80003088:	00012d03          	lw	s10,0(sp)
8000308c:	00090593          	mv	a1,s2
80003090:	00078513          	mv	a0,a5
80003094:	02012903          	lw	s2,32(sp)
80003098:	03010113          	addi	sp,sp,48
8000309c:	00008067          	ret
800030a0:	010006b7          	lui	a3,0x1000
800030a4:	01800713          	li	a4,24
800030a8:	ecd676e3          	bgeu	a2,a3,80002f74 <__udivdi3+0x198>
800030ac:	01000713          	li	a4,16
800030b0:	ec5ff06f          	j	80002f74 <__udivdi3+0x198>
800030b4:	00e619b3          	sll	s3,a2,a4
800030b8:	00f5d933          	srl	s2,a1,a5
800030bc:	0109db93          	srli	s7,s3,0x10
800030c0:	00e595b3          	sll	a1,a1,a4
800030c4:	00fa57b3          	srl	a5,s4,a5
800030c8:	00b7eab3          	or	s5,a5,a1
800030cc:	00ea14b3          	sll	s1,s4,a4
800030d0:	000b8593          	mv	a1,s7
800030d4:	00090513          	mv	a0,s2
800030d8:	01099a13          	slli	s4,s3,0x10
800030dc:	7c4000ef          	jal	800038a0 <__hidden___udivsi3>
800030e0:	010a5a13          	srli	s4,s4,0x10
800030e4:	00050593          	mv	a1,a0
800030e8:	00050b13          	mv	s6,a0
800030ec:	000a0513          	mv	a0,s4
800030f0:	784000ef          	jal	80003874 <__mulsi3>
800030f4:	00050413          	mv	s0,a0
800030f8:	000b8593          	mv	a1,s7
800030fc:	00090513          	mv	a0,s2
80003100:	7e8000ef          	jal	800038e8 <__umodsi3>
80003104:	01051513          	slli	a0,a0,0x10
80003108:	010ad713          	srli	a4,s5,0x10
8000310c:	00a76733          	or	a4,a4,a0
80003110:	000b0913          	mv	s2,s6
80003114:	00877e63          	bgeu	a4,s0,80003130 <__udivdi3+0x354>
80003118:	00e98733          	add	a4,s3,a4
8000311c:	fffb0913          	addi	s2,s6,-1
80003120:	01376863          	bltu	a4,s3,80003130 <__udivdi3+0x354>
80003124:	00877663          	bgeu	a4,s0,80003130 <__udivdi3+0x354>
80003128:	ffeb0913          	addi	s2,s6,-2
8000312c:	01370733          	add	a4,a4,s3
80003130:	40870433          	sub	s0,a4,s0
80003134:	000b8593          	mv	a1,s7
80003138:	00040513          	mv	a0,s0
8000313c:	764000ef          	jal	800038a0 <__hidden___udivsi3>
80003140:	00050593          	mv	a1,a0
80003144:	00050b13          	mv	s6,a0
80003148:	000a0513          	mv	a0,s4
8000314c:	728000ef          	jal	80003874 <__mulsi3>
80003150:	00050a13          	mv	s4,a0
80003154:	000b8593          	mv	a1,s7
80003158:	00040513          	mv	a0,s0
8000315c:	78c000ef          	jal	800038e8 <__umodsi3>
80003160:	010a9793          	slli	a5,s5,0x10
80003164:	01051513          	slli	a0,a0,0x10
80003168:	0107d793          	srli	a5,a5,0x10
8000316c:	00a7e7b3          	or	a5,a5,a0
80003170:	000b0713          	mv	a4,s6
80003174:	0147fe63          	bgeu	a5,s4,80003190 <__udivdi3+0x3b4>
80003178:	00f987b3          	add	a5,s3,a5
8000317c:	fffb0713          	addi	a4,s6,-1
80003180:	0137e863          	bltu	a5,s3,80003190 <__udivdi3+0x3b4>
80003184:	0147f663          	bgeu	a5,s4,80003190 <__udivdi3+0x3b4>
80003188:	ffeb0713          	addi	a4,s6,-2
8000318c:	013787b3          	add	a5,a5,s3
80003190:	01091913          	slli	s2,s2,0x10
80003194:	41478a33          	sub	s4,a5,s4
80003198:	00e96933          	or	s2,s2,a4
8000319c:	dfdff06f          	j	80002f98 <__udivdi3+0x1bc>
800031a0:	1ed5ec63          	bltu	a1,a3,80003398 <__udivdi3+0x5bc>
800031a4:	000107b7          	lui	a5,0x10
800031a8:	04f6f463          	bgeu	a3,a5,800031f0 <__udivdi3+0x414>
800031ac:	1006b713          	sltiu	a4,a3,256
800031b0:	00173713          	seqz	a4,a4
800031b4:	00371713          	slli	a4,a4,0x3
800031b8:	800047b7          	lui	a5,0x80004
800031bc:	00e6d533          	srl	a0,a3,a4
800031c0:	b8078793          	addi	a5,a5,-1152 # 80003b80 <__clz_tab>
800031c4:	00a787b3          	add	a5,a5,a0
800031c8:	0007c803          	lbu	a6,0(a5)
800031cc:	02000793          	li	a5,32
800031d0:	00e80833          	add	a6,a6,a4
800031d4:	41078933          	sub	s2,a5,a6
800031d8:	03079663          	bne	a5,a6,80003204 <__udivdi3+0x428>
800031dc:	00100793          	li	a5,1
800031e0:	e8b6e0e3          	bltu	a3,a1,80003060 <__udivdi3+0x284>
800031e4:	00ca37b3          	sltu	a5,s4,a2
800031e8:	0017b793          	seqz	a5,a5
800031ec:	e75ff06f          	j	80003060 <__udivdi3+0x284>
800031f0:	010007b7          	lui	a5,0x1000
800031f4:	01800713          	li	a4,24
800031f8:	fcf6f0e3          	bgeu	a3,a5,800031b8 <__udivdi3+0x3dc>
800031fc:	01000713          	li	a4,16
80003200:	fb9ff06f          	j	800031b8 <__udivdi3+0x3dc>
80003204:	012696b3          	sll	a3,a3,s2
80003208:	01065ab3          	srl	s5,a2,a6
8000320c:	00daeab3          	or	s5,s5,a3
80003210:	0105d9b3          	srl	s3,a1,a6
80003214:	010adc13          	srli	s8,s5,0x10
80003218:	010a5833          	srl	a6,s4,a6
8000321c:	012595b3          	sll	a1,a1,s2
80003220:	00b864b3          	or	s1,a6,a1
80003224:	010a9b93          	slli	s7,s5,0x10
80003228:	000c0593          	mv	a1,s8
8000322c:	00098513          	mv	a0,s3
80003230:	01261433          	sll	s0,a2,s2
80003234:	010bdb93          	srli	s7,s7,0x10
80003238:	668000ef          	jal	800038a0 <__hidden___udivsi3>
8000323c:	00050593          	mv	a1,a0
80003240:	00050d13          	mv	s10,a0
80003244:	000b8513          	mv	a0,s7
80003248:	62c000ef          	jal	80003874 <__mulsi3>
8000324c:	00050c93          	mv	s9,a0
80003250:	000c0593          	mv	a1,s8
80003254:	00098513          	mv	a0,s3
80003258:	690000ef          	jal	800038e8 <__umodsi3>
8000325c:	01051513          	slli	a0,a0,0x10
80003260:	0104d693          	srli	a3,s1,0x10
80003264:	00a6e6b3          	or	a3,a3,a0
80003268:	000d0b13          	mv	s6,s10
8000326c:	0196fe63          	bgeu	a3,s9,80003288 <__udivdi3+0x4ac>
80003270:	00da86b3          	add	a3,s5,a3
80003274:	fffd0b13          	addi	s6,s10,-1
80003278:	0156e863          	bltu	a3,s5,80003288 <__udivdi3+0x4ac>
8000327c:	0196f663          	bgeu	a3,s9,80003288 <__udivdi3+0x4ac>
80003280:	ffed0b13          	addi	s6,s10,-2
80003284:	015686b3          	add	a3,a3,s5
80003288:	419689b3          	sub	s3,a3,s9
8000328c:	000c0593          	mv	a1,s8
80003290:	00098513          	mv	a0,s3
80003294:	60c000ef          	jal	800038a0 <__hidden___udivsi3>
80003298:	00050593          	mv	a1,a0
8000329c:	00050c93          	mv	s9,a0
800032a0:	000b8513          	mv	a0,s7
800032a4:	5d0000ef          	jal	80003874 <__mulsi3>
800032a8:	00050b93          	mv	s7,a0
800032ac:	000c0593          	mv	a1,s8
800032b0:	00098513          	mv	a0,s3
800032b4:	634000ef          	jal	800038e8 <__umodsi3>
800032b8:	01049713          	slli	a4,s1,0x10
800032bc:	01051513          	slli	a0,a0,0x10
800032c0:	01075713          	srli	a4,a4,0x10
800032c4:	00a76733          	or	a4,a4,a0
800032c8:	000c8693          	mv	a3,s9
800032cc:	01777e63          	bgeu	a4,s7,800032e8 <__udivdi3+0x50c>
800032d0:	00ea8733          	add	a4,s5,a4
800032d4:	fffc8693          	addi	a3,s9,-1
800032d8:	01576863          	bltu	a4,s5,800032e8 <__udivdi3+0x50c>
800032dc:	01777663          	bgeu	a4,s7,800032e8 <__udivdi3+0x50c>
800032e0:	ffec8693          	addi	a3,s9,-2
800032e4:	01570733          	add	a4,a4,s5
800032e8:	010b1793          	slli	a5,s6,0x10
800032ec:	01069813          	slli	a6,a3,0x10
800032f0:	01041313          	slli	t1,s0,0x10
800032f4:	00d7e7b3          	or	a5,a5,a3
800032f8:	01085813          	srli	a6,a6,0x10
800032fc:	01035313          	srli	t1,t1,0x10
80003300:	41770733          	sub	a4,a4,s7
80003304:	0107de13          	srli	t3,a5,0x10
80003308:	01045413          	srli	s0,s0,0x10
8000330c:	00080513          	mv	a0,a6
80003310:	00030593          	mv	a1,t1
80003314:	560000ef          	jal	80003874 <__mulsi3>
80003318:	00050893          	mv	a7,a0
8000331c:	00040593          	mv	a1,s0
80003320:	00080513          	mv	a0,a6
80003324:	550000ef          	jal	80003874 <__mulsi3>
80003328:	00050813          	mv	a6,a0
8000332c:	00030593          	mv	a1,t1
80003330:	000e0513          	mv	a0,t3
80003334:	540000ef          	jal	80003874 <__mulsi3>
80003338:	00050313          	mv	t1,a0
8000333c:	00040593          	mv	a1,s0
80003340:	000e0513          	mv	a0,t3
80003344:	530000ef          	jal	80003874 <__mulsi3>
80003348:	0108d693          	srli	a3,a7,0x10
8000334c:	00680833          	add	a6,a6,t1
80003350:	010686b3          	add	a3,a3,a6
80003354:	00050613          	mv	a2,a0
80003358:	0066f663          	bgeu	a3,t1,80003364 <__udivdi3+0x588>
8000335c:	000105b7          	lui	a1,0x10
80003360:	00b50633          	add	a2,a0,a1
80003364:	0106d593          	srli	a1,a3,0x10
80003368:	00c58633          	add	a2,a1,a2
8000336c:	02c76263          	bltu	a4,a2,80003390 <__udivdi3+0x5b4>
80003370:	bcc716e3          	bne	a4,a2,80002f3c <__udivdi3+0x160>
80003374:	01089893          	slli	a7,a7,0x10
80003378:	01069693          	slli	a3,a3,0x10
8000337c:	0108d893          	srli	a7,a7,0x10
80003380:	012a1733          	sll	a4,s4,s2
80003384:	011686b3          	add	a3,a3,a7
80003388:	00000913          	li	s2,0
8000338c:	ccd77ae3          	bgeu	a4,a3,80003060 <__udivdi3+0x284>
80003390:	fff78793          	addi	a5,a5,-1 # ffffff <buflen.1+0xffffbf>
80003394:	ba9ff06f          	j	80002f3c <__udivdi3+0x160>
80003398:	00000913          	li	s2,0
8000339c:	00000793          	li	a5,0
800033a0:	cc1ff06f          	j	80003060 <__udivdi3+0x284>

800033a4 <__umoddi3>:
800033a4:	fd010113          	addi	sp,sp,-48
800033a8:	02812423          	sw	s0,40(sp)
800033ac:	02912223          	sw	s1,36(sp)
800033b0:	02112623          	sw	ra,44(sp)
800033b4:	03212023          	sw	s2,32(sp)
800033b8:	01312e23          	sw	s3,28(sp)
800033bc:	01412c23          	sw	s4,24(sp)
800033c0:	01512a23          	sw	s5,20(sp)
800033c4:	01612823          	sw	s6,16(sp)
800033c8:	01712623          	sw	s7,12(sp)
800033cc:	01812423          	sw	s8,8(sp)
800033d0:	01912223          	sw	s9,4(sp)
800033d4:	01a12023          	sw	s10,0(sp)
800033d8:	00050413          	mv	s0,a0
800033dc:	00058493          	mv	s1,a1
800033e0:	24069c63          	bnez	a3,80003638 <__umoddi3+0x294>
800033e4:	800047b7          	lui	a5,0x80004
800033e8:	00060993          	mv	s3,a2
800033ec:	b8078793          	addi	a5,a5,-1152 # 80003b80 <__clz_tab>
800033f0:	12c5fe63          	bgeu	a1,a2,8000352c <__umoddi3+0x188>
800033f4:	00010737          	lui	a4,0x10
800033f8:	12e67063          	bgeu	a2,a4,80003518 <__umoddi3+0x174>
800033fc:	10063713          	sltiu	a4,a2,256
80003400:	00173713          	seqz	a4,a4
80003404:	00371713          	slli	a4,a4,0x3
80003408:	00e656b3          	srl	a3,a2,a4
8000340c:	00d787b3          	add	a5,a5,a3
80003410:	0007c783          	lbu	a5,0(a5)
80003414:	00e787b3          	add	a5,a5,a4
80003418:	02000713          	li	a4,32
8000341c:	40f70933          	sub	s2,a4,a5
80003420:	00f70c63          	beq	a4,a5,80003438 <__umoddi3+0x94>
80003424:	012594b3          	sll	s1,a1,s2
80003428:	00f557b3          	srl	a5,a0,a5
8000342c:	012619b3          	sll	s3,a2,s2
80003430:	0097e4b3          	or	s1,a5,s1
80003434:	01251433          	sll	s0,a0,s2
80003438:	0109da93          	srli	s5,s3,0x10
8000343c:	000a8593          	mv	a1,s5
80003440:	01099b13          	slli	s6,s3,0x10
80003444:	00048513          	mv	a0,s1
80003448:	458000ef          	jal	800038a0 <__hidden___udivsi3>
8000344c:	010b5b13          	srli	s6,s6,0x10
80003450:	000b0593          	mv	a1,s6
80003454:	420000ef          	jal	80003874 <__mulsi3>
80003458:	00050a13          	mv	s4,a0
8000345c:	000a8593          	mv	a1,s5
80003460:	00048513          	mv	a0,s1
80003464:	484000ef          	jal	800038e8 <__umodsi3>
80003468:	01051513          	slli	a0,a0,0x10
8000346c:	01045793          	srli	a5,s0,0x10
80003470:	00a7e7b3          	or	a5,a5,a0
80003474:	0147fa63          	bgeu	a5,s4,80003488 <__umoddi3+0xe4>
80003478:	00f987b3          	add	a5,s3,a5
8000347c:	0137e663          	bltu	a5,s3,80003488 <__umoddi3+0xe4>
80003480:	0147f463          	bgeu	a5,s4,80003488 <__umoddi3+0xe4>
80003484:	013787b3          	add	a5,a5,s3
80003488:	414784b3          	sub	s1,a5,s4
8000348c:	000a8593          	mv	a1,s5
80003490:	00048513          	mv	a0,s1
80003494:	40c000ef          	jal	800038a0 <__hidden___udivsi3>
80003498:	000b0593          	mv	a1,s6
8000349c:	3d8000ef          	jal	80003874 <__mulsi3>
800034a0:	00050a13          	mv	s4,a0
800034a4:	000a8593          	mv	a1,s5
800034a8:	00048513          	mv	a0,s1
800034ac:	43c000ef          	jal	800038e8 <__umodsi3>
800034b0:	01041413          	slli	s0,s0,0x10
800034b4:	01051513          	slli	a0,a0,0x10
800034b8:	01045413          	srli	s0,s0,0x10
800034bc:	00a46433          	or	s0,s0,a0
800034c0:	01447a63          	bgeu	s0,s4,800034d4 <__umoddi3+0x130>
800034c4:	00898433          	add	s0,s3,s0
800034c8:	01346663          	bltu	s0,s3,800034d4 <__umoddi3+0x130>
800034cc:	01447463          	bgeu	s0,s4,800034d4 <__umoddi3+0x130>
800034d0:	01340433          	add	s0,s0,s3
800034d4:	41440433          	sub	s0,s0,s4
800034d8:	01245533          	srl	a0,s0,s2
800034dc:	00000593          	li	a1,0
800034e0:	02c12083          	lw	ra,44(sp)
800034e4:	02812403          	lw	s0,40(sp)
800034e8:	02412483          	lw	s1,36(sp)
800034ec:	02012903          	lw	s2,32(sp)
800034f0:	01c12983          	lw	s3,28(sp)
800034f4:	01812a03          	lw	s4,24(sp)
800034f8:	01412a83          	lw	s5,20(sp)
800034fc:	01012b03          	lw	s6,16(sp)
80003500:	00c12b83          	lw	s7,12(sp)
80003504:	00812c03          	lw	s8,8(sp)
80003508:	00412c83          	lw	s9,4(sp)
8000350c:	00012d03          	lw	s10,0(sp)
80003510:	03010113          	addi	sp,sp,48
80003514:	00008067          	ret
80003518:	010006b7          	lui	a3,0x1000
8000351c:	01800713          	li	a4,24
80003520:	eed674e3          	bgeu	a2,a3,80003408 <__umoddi3+0x64>
80003524:	01000713          	li	a4,16
80003528:	ee1ff06f          	j	80003408 <__umoddi3+0x64>
8000352c:	00000713          	li	a4,0
80003530:	00060c63          	beqz	a2,80003548 <__umoddi3+0x1a4>
80003534:	00010737          	lui	a4,0x10
80003538:	0ee67663          	bgeu	a2,a4,80003624 <__umoddi3+0x280>
8000353c:	10063713          	sltiu	a4,a2,256
80003540:	00173713          	seqz	a4,a4
80003544:	00371713          	slli	a4,a4,0x3
80003548:	00e656b3          	srl	a3,a2,a4
8000354c:	00d787b3          	add	a5,a5,a3
80003550:	0007c783          	lbu	a5,0(a5)
80003554:	40c584b3          	sub	s1,a1,a2
80003558:	00e787b3          	add	a5,a5,a4
8000355c:	02000713          	li	a4,32
80003560:	40f70933          	sub	s2,a4,a5
80003564:	ecf70ae3          	beq	a4,a5,80003438 <__umoddi3+0x94>
80003568:	012619b3          	sll	s3,a2,s2
8000356c:	00f5dbb3          	srl	s7,a1,a5
80003570:	0109db13          	srli	s6,s3,0x10
80003574:	00f557b3          	srl	a5,a0,a5
80003578:	012595b3          	sll	a1,a1,s2
8000357c:	00b7ea33          	or	s4,a5,a1
80003580:	01251433          	sll	s0,a0,s2
80003584:	000b0593          	mv	a1,s6
80003588:	01099a93          	slli	s5,s3,0x10
8000358c:	000b8513          	mv	a0,s7
80003590:	310000ef          	jal	800038a0 <__hidden___udivsi3>
80003594:	010ada93          	srli	s5,s5,0x10
80003598:	000a8593          	mv	a1,s5
8000359c:	2d8000ef          	jal	80003874 <__mulsi3>
800035a0:	00050493          	mv	s1,a0
800035a4:	000b0593          	mv	a1,s6
800035a8:	000b8513          	mv	a0,s7
800035ac:	33c000ef          	jal	800038e8 <__umodsi3>
800035b0:	01051513          	slli	a0,a0,0x10
800035b4:	010a5713          	srli	a4,s4,0x10
800035b8:	00a76733          	or	a4,a4,a0
800035bc:	00977a63          	bgeu	a4,s1,800035d0 <__umoddi3+0x22c>
800035c0:	00e98733          	add	a4,s3,a4
800035c4:	01376663          	bltu	a4,s3,800035d0 <__umoddi3+0x22c>
800035c8:	00977463          	bgeu	a4,s1,800035d0 <__umoddi3+0x22c>
800035cc:	01370733          	add	a4,a4,s3
800035d0:	409704b3          	sub	s1,a4,s1
800035d4:	000b0593          	mv	a1,s6
800035d8:	00048513          	mv	a0,s1
800035dc:	2c4000ef          	jal	800038a0 <__hidden___udivsi3>
800035e0:	000a8593          	mv	a1,s5
800035e4:	290000ef          	jal	80003874 <__mulsi3>
800035e8:	00050a93          	mv	s5,a0
800035ec:	000b0593          	mv	a1,s6
800035f0:	00048513          	mv	a0,s1
800035f4:	2f4000ef          	jal	800038e8 <__umodsi3>
800035f8:	010a1793          	slli	a5,s4,0x10
800035fc:	01051513          	slli	a0,a0,0x10
80003600:	0107d793          	srli	a5,a5,0x10
80003604:	00a7e7b3          	or	a5,a5,a0
80003608:	0157fa63          	bgeu	a5,s5,8000361c <__umoddi3+0x278>
8000360c:	00f987b3          	add	a5,s3,a5
80003610:	0137e663          	bltu	a5,s3,8000361c <__umoddi3+0x278>
80003614:	0157f463          	bgeu	a5,s5,8000361c <__umoddi3+0x278>
80003618:	013787b3          	add	a5,a5,s3
8000361c:	415784b3          	sub	s1,a5,s5
80003620:	e19ff06f          	j	80003438 <__umoddi3+0x94>
80003624:	010006b7          	lui	a3,0x1000
80003628:	01800713          	li	a4,24
8000362c:	f0d67ee3          	bgeu	a2,a3,80003548 <__umoddi3+0x1a4>
80003630:	01000713          	li	a4,16
80003634:	f15ff06f          	j	80003548 <__umoddi3+0x1a4>
80003638:	ead5e4e3          	bltu	a1,a3,800034e0 <__umoddi3+0x13c>
8000363c:	000107b7          	lui	a5,0x10
80003640:	04f6fe63          	bgeu	a3,a5,8000369c <__umoddi3+0x2f8>
80003644:	1006b793          	sltiu	a5,a3,256
80003648:	0017b793          	seqz	a5,a5
8000364c:	00379793          	slli	a5,a5,0x3
80003650:	80004737          	lui	a4,0x80004
80003654:	00f6d833          	srl	a6,a3,a5
80003658:	b8070713          	addi	a4,a4,-1152 # 80003b80 <__clz_tab>
8000365c:	01070733          	add	a4,a4,a6
80003660:	00074a83          	lbu	s5,0(a4)
80003664:	00fa8ab3          	add	s5,s5,a5
80003668:	02000793          	li	a5,32
8000366c:	41578a33          	sub	s4,a5,s5
80003670:	05579063          	bne	a5,s5,800036b0 <__umoddi3+0x30c>
80003674:	00b6e463          	bltu	a3,a1,8000367c <__umoddi3+0x2d8>
80003678:	00c56c63          	bltu	a0,a2,80003690 <__umoddi3+0x2ec>
8000367c:	40c50933          	sub	s2,a0,a2
80003680:	40d586b3          	sub	a3,a1,a3
80003684:	012534b3          	sltu	s1,a0,s2
80003688:	00090413          	mv	s0,s2
8000368c:	409684b3          	sub	s1,a3,s1
80003690:	00040513          	mv	a0,s0
80003694:	00048593          	mv	a1,s1
80003698:	e49ff06f          	j	800034e0 <__umoddi3+0x13c>
8000369c:	01000737          	lui	a4,0x1000
800036a0:	01800793          	li	a5,24
800036a4:	fae6f6e3          	bgeu	a3,a4,80003650 <__umoddi3+0x2ac>
800036a8:	01000793          	li	a5,16
800036ac:	fa5ff06f          	j	80003650 <__umoddi3+0x2ac>
800036b0:	014696b3          	sll	a3,a3,s4
800036b4:	01565b33          	srl	s6,a2,s5
800036b8:	00db6b33          	or	s6,s6,a3
800036bc:	0155dbb3          	srl	s7,a1,s5
800036c0:	01555433          	srl	s0,a0,s5
800036c4:	014595b3          	sll	a1,a1,s4
800036c8:	010b5493          	srli	s1,s6,0x10
800036cc:	00b46433          	or	s0,s0,a1
800036d0:	014519b3          	sll	s3,a0,s4
800036d4:	00048593          	mv	a1,s1
800036d8:	000b8513          	mv	a0,s7
800036dc:	010b1c13          	slli	s8,s6,0x10
800036e0:	01461933          	sll	s2,a2,s4
800036e4:	010c5c13          	srli	s8,s8,0x10
800036e8:	1b8000ef          	jal	800038a0 <__hidden___udivsi3>
800036ec:	00050593          	mv	a1,a0
800036f0:	00050d13          	mv	s10,a0
800036f4:	000c0513          	mv	a0,s8
800036f8:	17c000ef          	jal	80003874 <__mulsi3>
800036fc:	00050c93          	mv	s9,a0
80003700:	00048593          	mv	a1,s1
80003704:	000b8513          	mv	a0,s7
80003708:	1e0000ef          	jal	800038e8 <__umodsi3>
8000370c:	01051513          	slli	a0,a0,0x10
80003710:	01045793          	srli	a5,s0,0x10
80003714:	00a7e7b3          	or	a5,a5,a0
80003718:	000d0b93          	mv	s7,s10
8000371c:	0197fe63          	bgeu	a5,s9,80003738 <__umoddi3+0x394>
80003720:	00fb07b3          	add	a5,s6,a5
80003724:	fffd0b93          	addi	s7,s10,-1
80003728:	0167e863          	bltu	a5,s6,80003738 <__umoddi3+0x394>
8000372c:	0197f663          	bgeu	a5,s9,80003738 <__umoddi3+0x394>
80003730:	ffed0b93          	addi	s7,s10,-2
80003734:	016787b3          	add	a5,a5,s6
80003738:	41978cb3          	sub	s9,a5,s9
8000373c:	00048593          	mv	a1,s1
80003740:	000c8513          	mv	a0,s9
80003744:	15c000ef          	jal	800038a0 <__hidden___udivsi3>
80003748:	00050593          	mv	a1,a0
8000374c:	00050d13          	mv	s10,a0
80003750:	000c0513          	mv	a0,s8
80003754:	120000ef          	jal	80003874 <__mulsi3>
80003758:	00048593          	mv	a1,s1
8000375c:	00050c13          	mv	s8,a0
80003760:	000c8513          	mv	a0,s9
80003764:	184000ef          	jal	800038e8 <__umodsi3>
80003768:	01041593          	slli	a1,s0,0x10
8000376c:	01051513          	slli	a0,a0,0x10
80003770:	0105d593          	srli	a1,a1,0x10
80003774:	00a5e5b3          	or	a1,a1,a0
80003778:	000d0793          	mv	a5,s10
8000377c:	0185fe63          	bgeu	a1,s8,80003798 <__umoddi3+0x3f4>
80003780:	00bb05b3          	add	a1,s6,a1
80003784:	fffd0793          	addi	a5,s10,-1
80003788:	0165e863          	bltu	a1,s6,80003798 <__umoddi3+0x3f4>
8000378c:	0185f663          	bgeu	a1,s8,80003798 <__umoddi3+0x3f4>
80003790:	ffed0793          	addi	a5,s10,-2
80003794:	016585b3          	add	a1,a1,s6
80003798:	010b9b93          	slli	s7,s7,0x10
8000379c:	00fbebb3          	or	s7,s7,a5
800037a0:	01091893          	slli	a7,s2,0x10
800037a4:	01079793          	slli	a5,a5,0x10
800037a8:	0107d793          	srli	a5,a5,0x10
800037ac:	0108d893          	srli	a7,a7,0x10
800037b0:	418584b3          	sub	s1,a1,s8
800037b4:	010bdb93          	srli	s7,s7,0x10
800037b8:	01095713          	srli	a4,s2,0x10
800037bc:	00078513          	mv	a0,a5
800037c0:	00088593          	mv	a1,a7
800037c4:	0b0000ef          	jal	80003874 <__mulsi3>
800037c8:	00050813          	mv	a6,a0
800037cc:	00070593          	mv	a1,a4
800037d0:	00078513          	mv	a0,a5
800037d4:	00070793          	mv	a5,a4
800037d8:	09c000ef          	jal	80003874 <__mulsi3>
800037dc:	00050713          	mv	a4,a0
800037e0:	00088593          	mv	a1,a7
800037e4:	000b8513          	mv	a0,s7
800037e8:	08c000ef          	jal	80003874 <__mulsi3>
800037ec:	00050893          	mv	a7,a0
800037f0:	00078593          	mv	a1,a5
800037f4:	000b8513          	mv	a0,s7
800037f8:	07c000ef          	jal	80003874 <__mulsi3>
800037fc:	01085793          	srli	a5,a6,0x10
80003800:	01170733          	add	a4,a4,a7
80003804:	00e787b3          	add	a5,a5,a4
80003808:	00050693          	mv	a3,a0
8000380c:	0117f663          	bgeu	a5,a7,80003818 <__umoddi3+0x474>
80003810:	00010737          	lui	a4,0x10
80003814:	00e506b3          	add	a3,a0,a4
80003818:	0107d713          	srli	a4,a5,0x10
8000381c:	01081813          	slli	a6,a6,0x10
80003820:	01079793          	slli	a5,a5,0x10
80003824:	01085813          	srli	a6,a6,0x10
80003828:	00d70733          	add	a4,a4,a3
8000382c:	010787b3          	add	a5,a5,a6
80003830:	00e4e663          	bltu	s1,a4,8000383c <__umoddi3+0x498>
80003834:	00e49e63          	bne	s1,a4,80003850 <__umoddi3+0x4ac>
80003838:	00f9fc63          	bgeu	s3,a5,80003850 <__umoddi3+0x4ac>
8000383c:	41278933          	sub	s2,a5,s2
80003840:	0127b6b3          	sltu	a3,a5,s2
80003844:	016686b3          	add	a3,a3,s6
80003848:	00090793          	mv	a5,s2
8000384c:	40d70733          	sub	a4,a4,a3
80003850:	40f987b3          	sub	a5,s3,a5
80003854:	00f9b9b3          	sltu	s3,s3,a5
80003858:	40e485b3          	sub	a1,s1,a4
8000385c:	413585b3          	sub	a1,a1,s3
80003860:	01559ab3          	sll	s5,a1,s5
80003864:	0147d7b3          	srl	a5,a5,s4
80003868:	00fae533          	or	a0,s5,a5
8000386c:	0145d5b3          	srl	a1,a1,s4
80003870:	c71ff06f          	j	800034e0 <__umoddi3+0x13c>

80003874 <__mulsi3>:
80003874:	00050613          	mv	a2,a0
80003878:	00000513          	li	a0,0
8000387c:	0015f693          	andi	a3,a1,1
80003880:	00068463          	beqz	a3,80003888 <__mulsi3+0x14>
80003884:	00c50533          	add	a0,a0,a2
80003888:	0015d593          	srli	a1,a1,0x1
8000388c:	00161613          	slli	a2,a2,0x1
80003890:	fe0596e3          	bnez	a1,8000387c <__mulsi3+0x8>
80003894:	00008067          	ret

80003898 <__divsi3>:
80003898:	06054063          	bltz	a0,800038f8 <__umodsi3+0x10>
8000389c:	0605c663          	bltz	a1,80003908 <__umodsi3+0x20>

800038a0 <__hidden___udivsi3>:
800038a0:	00058613          	mv	a2,a1
800038a4:	00050593          	mv	a1,a0
800038a8:	fff00513          	li	a0,-1
800038ac:	02060c63          	beqz	a2,800038e4 <__hidden___udivsi3+0x44>
800038b0:	00100693          	li	a3,1
800038b4:	00b67a63          	bgeu	a2,a1,800038c8 <__hidden___udivsi3+0x28>
800038b8:	00c05863          	blez	a2,800038c8 <__hidden___udivsi3+0x28>
800038bc:	00161613          	slli	a2,a2,0x1
800038c0:	00169693          	slli	a3,a3,0x1
800038c4:	feb66ae3          	bltu	a2,a1,800038b8 <__hidden___udivsi3+0x18>
800038c8:	00000513          	li	a0,0
800038cc:	00c5e663          	bltu	a1,a2,800038d8 <__hidden___udivsi3+0x38>
800038d0:	40c585b3          	sub	a1,a1,a2
800038d4:	00d56533          	or	a0,a0,a3
800038d8:	0016d693          	srli	a3,a3,0x1
800038dc:	00165613          	srli	a2,a2,0x1
800038e0:	fe0696e3          	bnez	a3,800038cc <__hidden___udivsi3+0x2c>
800038e4:	00008067          	ret

800038e8 <__umodsi3>:
800038e8:	00008293          	mv	t0,ra
800038ec:	fb5ff0ef          	jal	800038a0 <__hidden___udivsi3>
800038f0:	00058513          	mv	a0,a1
800038f4:	00028067          	jr	t0
800038f8:	40a00533          	neg	a0,a0
800038fc:	00b04863          	bgtz	a1,8000390c <__umodsi3+0x24>
80003900:	40b005b3          	neg	a1,a1
80003904:	f9dff06f          	j	800038a0 <__hidden___udivsi3>
80003908:	40b005b3          	neg	a1,a1
8000390c:	00008293          	mv	t0,ra
80003910:	f91ff0ef          	jal	800038a0 <__hidden___udivsi3>
80003914:	40a00533          	neg	a0,a0
80003918:	00028067          	jr	t0

8000391c <__modsi3>:
8000391c:	00008293          	mv	t0,ra
80003920:	0005ca63          	bltz	a1,80003934 <__modsi3+0x18>
80003924:	00054c63          	bltz	a0,8000393c <__modsi3+0x20>
80003928:	f79ff0ef          	jal	800038a0 <__hidden___udivsi3>
8000392c:	00058513          	mv	a0,a1
80003930:	00028067          	jr	t0
80003934:	40b005b3          	neg	a1,a1
80003938:	fe0558e3          	bgez	a0,80003928 <__modsi3+0xc>
8000393c:	40a00533          	neg	a0,a0
80003940:	f61ff0ef          	jal	800038a0 <__hidden___udivsi3>
80003944:	40b00533          	neg	a0,a1
80003948:	00028067          	jr	t0

Disassembly of section .text.startup:

8000394c <main>:
8000394c:	00001537          	lui	a0,0x1
80003950:	ff010113          	addi	sp,sp,-16
80003954:	80050513          	addi	a0,a0,-2048 # 800 <buflen.1+0x7c0>
80003958:	00000597          	auipc	a1,0x0
8000395c:	3dc58593          	addi	a1,a1,988 # 80003d34 <verify_data>
80003960:	00112623          	sw	ra,12(sp)
80003964:	ee8fe0ef          	jal	8000204c <sort>
80003968:	00002517          	auipc	a0,0x2
8000396c:	3cc50513          	addi	a0,a0,972 # 80005d34 <input_data>
80003970:	e90fe0ef          	jal	80002000 <verify.constprop.0>
80003974:	00050a63          	beqz	a0,80003988 <main+0x3c>
80003978:	00c12083          	lw	ra,12(sp)
8000397c:	00100513          	li	a0,1
80003980:	01010113          	addi	sp,sp,16
80003984:	00008067          	ret
80003988:	00100513          	li	a0,1
8000398c:	e05fe0ef          	jal	80002790 <setStats>
80003990:	00001537          	lui	a0,0x1
80003994:	80050513          	addi	a0,a0,-2048 # 800 <buflen.1+0x7c0>
80003998:	00002597          	auipc	a1,0x2
8000399c:	39c58593          	addi	a1,a1,924 # 80005d34 <input_data>
800039a0:	eacfe0ef          	jal	8000204c <sort>
800039a4:	00000513          	li	a0,0
800039a8:	de9fe0ef          	jal	80002790 <setStats>
800039ac:	00c12083          	lw	ra,12(sp)
800039b0:	00000517          	auipc	a0,0x0
800039b4:	38450513          	addi	a0,a0,900 # 80003d34 <verify_data>
800039b8:	01010113          	addi	sp,sp,16
800039bc:	e44fe06f          	j	80002000 <verify.constprop.0>
800039c0:	ff010113          	addi	sp,sp,-16
800039c4:	00000517          	auipc	a0,0x0
800039c8:	04050513          	addi	a0,a0,64 # 80003a04 <main+0xb8>
800039cc:	00112623          	sw	ra,12(sp)
800039d0:	e89fe0ef          	jal	80002858 <printstr>
800039d4:	00c12083          	lw	ra,12(sp)
800039d8:	fff00513          	li	a0,-1
800039dc:	01010113          	addi	sp,sp,16
800039e0:	00008067          	ret

Disassembly of section .data:

80003d34 <verify_data>:
80003d34:	000a8b27          	.insn	4, 0x000a8b27
80003d38:	bef4                	.insn	2, 0xbef4
80003d3a:	000d                	.insn	2, 0x000d
80003d3c:	83c4                	.insn	2, 0x83c4
80003d3e:	0021                	.insn	2, 0x0021
80003d40:	9b62                	.insn	2, 0x9b62
80003d42:	0026                	.insn	2, 0x0026
80003d44:	0030356f          	jal	a0,80007546 <input_data+0x1812>
80003d48:	be92                	.insn	2, 0xbe92
80003d4a:	0035                	.insn	2, 0x0035
80003d4c:	0039e5ef          	jal	a1,800a254e <__global_pointer$+0x9a01a>
80003d50:	82bc                	.insn	2, 0x82bc
80003d52:	003d                	.insn	2, 0x003d
80003d54:	02d6                	.insn	2, 0x02d6
80003d56:	0051                	.insn	2, 0x0051
80003d58:	d704                	.insn	2, 0xd704
80003d5a:	0051                	.insn	2, 0x0051
80003d5c:	00949033          	sll	zero,s1,s1
80003d60:	1df9                	.insn	2, 0x1df9
80003d62:	779600af          	.insn	4, 0x779600af
80003d66:	00c2                	.insn	2, 0x00c2
80003d68:	1040                	.insn	2, 0x1040
80003d6a:	00c4                	.insn	2, 0x00c4
80003d6c:	00c56a53          	.insn	4, 0x00c56a53
80003d70:	1f1d                	.insn	2, 0x1f1d
80003d72:	00c9                	.insn	2, 0x00c9
80003d74:	00d3e7bb          	.insn	4, 0x00d3e7bb
80003d78:	8b4c                	.insn	2, 0x8b4c
80003d7a:	459500d7          	.insn	4, 0x459500d7
80003d7e:	00d9                	.insn	2, 0x00d9
80003d80:	6bd8                	.insn	2, 0x6bd8
80003d82:	00fa                	.insn	2, 0x00fa
80003d84:	0125630f          	.insn	4, 0x0125630f
80003d88:	ffb9                	.insn	2, 0xffb9
80003d8a:	013a                	.insn	2, 0x013a
80003d8c:	d932                	.insn	2, 0xd932
80003d8e:	0144                	.insn	2, 0x0144
80003d90:	c7f5                	.insn	2, 0xc7f5
80003d92:	0151                	.insn	2, 0x0151
80003d94:	54ee                	.insn	2, 0x54ee
80003d96:	5b5b015b          	.insn	4, 0x5b5b015b
80003d9a:	00ad0163          	beq	s10,a0,80003d9c <verify_data+0x68>
80003d9e:	0174                	.insn	2, 0x0174
80003da0:	fa95                	.insn	2, 0xfa95
80003da2:	018a                	.insn	2, 0x018a
80003da4:	30b0                	.insn	2, 0x30b0
80003da6:	0191                	.insn	2, 0x0191
80003da8:	019736cb          	.insn	4, 0x019736cb
80003dac:	befe                	.insn	2, 0xbefe
80003dae:	01a1                	.insn	2, 0x01a1
80003db0:	9418                	.insn	2, 0x9418
80003db2:	01a4                	.insn	2, 0x01a4
80003db4:	2a85                	.insn	2, 0x2a85
80003db6:	532401af          	.insn	4, 0x532401af
80003dba:	e9c701b7          	lui	gp,0xe9c70
80003dbe:	01d8                	.insn	2, 0x01d8
80003dc0:	01db5cd7          	.insn	4, 0x01db5cd7
80003dc4:	c8a5                	.insn	2, 0xc8a5
80003dc6:	01e1                	.insn	2, 0x01e1
80003dc8:	2134                	.insn	2, 0x2134
80003dca:	01e2                	.insn	2, 0x01e2
80003dcc:	2442                	.insn	2, 0x2442
80003dce:	021f 2b34 0223      	.insn	6, 0x02232b34021f
80003dd4:	d6fc                	.insn	2, 0xd6fc
80003dd6:	0234                	.insn	2, 0x0234
80003dd8:	bdad                	.insn	2, 0xbdad
80003dda:	0236                	.insn	2, 0x0236
80003ddc:	4c36                	.insn	2, 0x4c36
80003dde:	024d                	.insn	2, 0x024d
80003de0:	8266                	.insn	2, 0x8266
80003de2:	027c                	.insn	2, 0x027c
80003de4:	31ca                	.insn	2, 0x31ca
80003de6:	0281                	.insn	2, 0x0281
80003de8:	b6de                	.insn	2, 0xb6de
80003dea:	029e                	.insn	2, 0x029e
80003dec:	b6a6                	.insn	2, 0xb6a6
80003dee:	02cd                	.insn	2, 0x02cd
80003df0:	127d                	.insn	2, 0x127d
80003df2:	02d4                	.insn	2, 0x02d4
80003df4:	3e02                	.insn	2, 0x3e02
80003df6:	02d4                	.insn	2, 0x02d4
80003df8:	02e12ea7          	.insn	4, 0x02e12ea7
80003dfc:	4258                	.insn	2, 0x4258
80003dfe:	02e8                	.insn	2, 0x02e8
80003e00:	03065ce3          	bge	a2,a6,80004638 <verify_data+0x904>
80003e04:	b802                	.insn	2, 0xb802
80003e06:	0309                	.insn	2, 0x0309
80003e08:	c325                	.insn	2, 0xc325
80003e0a:	0314                	.insn	2, 0x0314
80003e0c:	f686                	.insn	2, 0xf686
80003e0e:	0335                	.insn	2, 0x0335
80003e10:	472e                	.insn	2, 0x472e
80003e12:	034e                	.insn	2, 0x034e
80003e14:	705c                	.insn	2, 0x705c
80003e16:	55e00377          	.insn	4, 0x55e00377
80003e1a:	0378                	.insn	2, 0x0378
80003e1c:	2382                	.insn	2, 0x2382
80003e1e:	038a                	.insn	2, 0x038a
80003e20:	b6cd                	.insn	2, 0xb6cd
80003e22:	b922039b          	.insn	4, 0xb922039b
80003e26:	03ad                	.insn	2, 0x03ad
80003e28:	3e1f 03b5 08ea      	.insn	6, 0x08ea03b53e1f
80003e2e:	03c5                	.insn	2, 0x03c5
80003e30:	b410                	.insn	2, 0xb410
80003e32:	03dc                	.insn	2, 0x03dc
80003e34:	ea69                	.insn	2, 0xea69
80003e36:	a10703f7          	.insn	4, 0xa10703f7
80003e3a:	040e                	.insn	2, 0x040e
80003e3c:	aaf4                	.insn	2, 0xaaf4
80003e3e:	041e                	.insn	2, 0x041e
80003e40:	6f58                	.insn	2, 0x6f58
80003e42:	042a                	.insn	2, 0x042a
80003e44:	042c2c93          	slti	s9,s8,66
80003e48:	c4c2                	.insn	2, 0xc4c2
80003e4a:	0439                	.insn	2, 0x0439
80003e4c:	82a8                	.insn	2, 0x82a8
80003e4e:	e231044f          	.insn	4, 0xe231044f
80003e52:	0456                	.insn	2, 0x0456
80003e54:	f6c6                	.insn	2, 0xf6c6
80003e56:	0458                	.insn	2, 0x0458
80003e58:	b2da                	.insn	2, 0xb2da
80003e5a:	0476                	.insn	2, 0x0476
80003e5c:	7e24                	.insn	2, 0x7e24
80003e5e:	0486                	.insn	2, 0x0486
80003e60:	86b6                	.insn	2, 0x86b6
80003e62:	0498                	.insn	2, 0x0498
80003e64:	49b6                	.insn	2, 0x49b6
80003e66:	049e                	.insn	2, 0x049e
80003e68:	80f2                	.insn	2, 0x80f2
80003e6a:	9c1c04ab          	.insn	4, 0x9c1c04ab
80003e6e:	04c9                	.insn	2, 0x04c9
80003e70:	deea                	.insn	2, 0xdeea
80003e72:	04ca                	.insn	2, 0x04ca
80003e74:	04d2734b          	.insn	4, 0x04d2734b
80003e78:	04da198b          	.insn	4, 0x04da198b
80003e7c:	a428                	.insn	2, 0xa428
80003e7e:	04f0                	.insn	2, 0x04f0
80003e80:	d981                	.insn	2, 0xd981
80003e82:	3571050f          	.insn	4, 0x3571050f
80003e86:	053d                	.insn	2, 0x053d
80003e88:	5552                	.insn	2, 0x5552
80003e8a:	24a4054b          	.insn	4, 0x24a4054b
80003e8e:	0554                	.insn	2, 0x0554
80003e90:	415f 055e 41a4      	.insn	6, 0x41a4055e415f
80003e96:	f25c056f          	jal	a0,7ffc4dba <buflen.1+0x7ffc4d7a>
80003e9a:	057f 45bf 0585 efda 	.insn	10, 0x0588efda058545bf057f
80003ea2:	0588 
80003ea4:	058dfb67          	.insn	4, 0x058dfb67
80003ea8:	05a5ef07          	.insn	4, 0x05a5ef07
80003eac:	1220                	.insn	2, 0x1220
80003eae:	05b5                	.insn	2, 0x05b5
80003eb0:	6e11                	.insn	2, 0x6e11
80003eb2:	05ee                	.insn	2, 0x05ee
80003eb4:	a4ed                	.insn	2, 0xa4ed
80003eb6:	063c                	.insn	2, 0x063c
80003eb8:	0340                	.insn	2, 0x0340
80003eba:	063e                	.insn	2, 0x063e
80003ebc:	091f 0648 d5d4      	.insn	6, 0xd5d40648091f
80003ec2:	0654                	.insn	2, 0x0654
80003ec4:	065a84b7          	lui	s1,0x65a8
80003ec8:	06622783          	lw	a5,102(tp) # 66 <buflen.1+0x26>
80003ecc:	2422                	.insn	2, 0x2422
80003ece:	47c40663          	beq	s0,t3,8000433a <verify_data+0x606>
80003ed2:	0670                	.insn	2, 0x0670
80003ed4:	3ad6                	.insn	2, 0x3ad6
80003ed6:	0675                	.insn	2, 0x0675
80003ed8:	417f 0676 895f 0679 	.insn	18, 0x864806873ee4067fc1000679895f0676417f
80003ee0:	c100 067f 3ee4 0687 
80003ee8:	8648 
80003eea:	06ad                	.insn	2, 0x06ad
80003eec:	e19d                	.insn	2, 0xe19d
80003eee:	06b6                	.insn	2, 0x06b6
80003ef0:	06c34b8b          	.insn	4, 0x06c34b8b
80003ef4:	1870                	.insn	2, 0x1870
80003ef6:	06c5                	.insn	2, 0x06c5
80003ef8:	9628                	.insn	2, 0x9628
80003efa:	06ce                	.insn	2, 0x06ce
80003efc:	02e2                	.insn	2, 0x02e2
80003efe:	b7c306db          	.insn	4, 0xb7c306db
80003f02:	06f5                	.insn	2, 0x06f5
80003f04:	3fc0                	.insn	2, 0x3fc0
80003f06:	06fd                	.insn	2, 0x06fd
80003f08:	8f21                	.insn	2, 0x8f21
80003f0a:	06fd                	.insn	2, 0x06fd
80003f0c:	f79f 0704 25d6      	.insn	6, 0x25d60704f79f
80003f12:	071c                	.insn	2, 0x071c
80003f14:	d1ee                	.insn	2, 0xd1ee
80003f16:	0721                	.insn	2, 0x0721
80003f18:	07477a3f 075a3493 	.insn	8, 0x075a349307477a3f
80003f20:	076267bf 079f193f 	.insn	8, 0x079f193f076267bf
80003f28:	afe9                	.insn	2, 0xafe9
80003f2a:	07a1                	.insn	2, 0x07a1
80003f2c:	a8fc                	.insn	2, 0xa8fc
80003f2e:	154507bf 7b3807d5 	.insn	8, 0x7b3807d5154507bf
80003f36:	07f9                	.insn	2, 0x07f9
80003f38:	08039873          	csrrw	a6,0x80,t2
80003f3c:	2215                	.insn	2, 0x2215
80003f3e:	080c                	.insn	2, 0x080c
80003f40:	49ca                	.insn	2, 0x49ca
80003f42:	0816                	.insn	2, 0x0816
80003f44:	082b2a17          	auipc	s4,0x82b2
80003f48:	9b68                	.insn	2, 0x9b68
80003f4a:	0836                	.insn	2, 0x0836
80003f4c:	8469                	.insn	2, 0x8469
80003f4e:	0850                	.insn	2, 0x0850
80003f50:	08606c9b          	.insn	4, 0x08606c9b
80003f54:	da71                	.insn	2, 0xda71
80003f56:	08ad                	.insn	2, 0x08ad
80003f58:	08b3d3db          	.insn	4, 0x08b3d3db
80003f5c:	09fd                	.insn	2, 0x09fd
80003f5e:	08d4                	.insn	2, 0x08d4
80003f60:	08da5b6b          	.insn	4, 0x08da5b6b
80003f64:	2c11                	.insn	2, 0x2c11
80003f66:	08e4                	.insn	2, 0x08e4
80003f68:	08fe3757          	.insn	4, 0x08fe3757
80003f6c:	6d30                	.insn	2, 0x6d30
80003f6e:	0906                	.insn	2, 0x0906
80003f70:	8185                	.insn	2, 0x8185
80003f72:	03e50913          	addi	s2,a0,62
80003f76:	094a                	.insn	2, 0x094a
80003f78:	f9c1                	.insn	2, 0xf9c1
80003f7a:	f94f0953          	.insn	4, 0xf94f0953
80003f7e:	89600957          	.insn	4, 0x89600957
80003f82:	099f 54b6 09a0      	.insn	6, 0x09a054b6099f
80003f88:	b5b6                	.insn	2, 0xb5b6
80003f8a:	09bc                	.insn	2, 0x09bc
80003f8c:	09fe3077          	.insn	4, 0x09fe3077
80003f90:	4130                	.insn	2, 0x4130
80003f92:	379b0a0f          	.insn	4, 0x379b0a0f
80003f96:	d3450a17          	auipc	s4,0xd3450
80003f9a:	0a1d                	.insn	2, 0x0a1d
80003f9c:	4a15                	.insn	2, 0x4a15
80003f9e:	0a26                	.insn	2, 0x0a26
80003fa0:	2f1a                	.insn	2, 0x2f1a
80003fa2:	0a42                	.insn	2, 0x0a42
80003fa4:	0a50ba03          	.insn	4, 0x0a50ba03
80003fa8:	53d9                	.insn	2, 0x53d9
80003faa:	0a5c                	.insn	2, 0x0a5c
80003fac:	48d2                	.insn	2, 0x48d2
80003fae:	0a60                	.insn	2, 0x0a60
80003fb0:	0a6dc44f          	.insn	4, 0x0a6dc44f
80003fb4:	c97f 0a79 2930 0a7b 	.insn	18, 0xd0990a8e58740a7dea250a7b29300a79c97f
80003fbc:	ea25 0a7d 5874 0a8e 
80003fc4:	d099 
80003fc6:	0aa9                	.insn	2, 0x0aa9
80003fc8:	f591                	.insn	2, 0xf591
80003fca:	0ac2                	.insn	2, 0x0ac2
80003fcc:	0ac3bca3          	.insn	4, 0x0ac3bca3
80003fd0:	8142                	.insn	2, 0x8142
80003fd2:	0ad2                	.insn	2, 0x0ad2
80003fd4:	3aae                	.insn	2, 0x3aae
80003fd6:	0ae2                	.insn	2, 0x0ae2
80003fd8:	ba5a                	.insn	2, 0xba5a
80003fda:	0af2                	.insn	2, 0x0af2
80003fdc:	0b0fe933          	.insn	4, 0x0b0fe933
80003fe0:	eae8                	.insn	2, 0xeae8
80003fe2:	0b10                	.insn	2, 0x0b10
80003fe4:	d360                	.insn	2, 0xd360
80003fe6:	0b15                	.insn	2, 0x0b15
80003fe8:	dbe0                	.insn	2, 0xdbe0
80003fea:	dcd00b17          	auipc	s6,0xdcd00
80003fee:	0b18                	.insn	2, 0x0b18
80003ff0:	e892                	.insn	2, 0xe892
80003ff2:	0b34                	.insn	2, 0x0b34
80003ff4:	0b5676e3          	bgeu	a2,s5,800048a0 <verify_data+0xb6c>
80003ff8:	5a9a                	.insn	2, 0x5a9a
80003ffa:	7c260b5b          	.insn	4, 0x7c260b5b
80003ffe:	0b5f 4814 0b8e      	.insn	6, 0x0b8e48140b5f
80004004:	3f66                	.insn	2, 0x3f66
80004006:	0ba5                	.insn	2, 0x0ba5
80004008:	db0a                	.insn	2, 0xdb0a
8000400a:	0bb4                	.insn	2, 0x0bb4
8000400c:	b420                	.insn	2, 0xb420
8000400e:	0bcc                	.insn	2, 0x0bcc
80004010:	16b9                	.insn	2, 0x16b9
80004012:	0bd0                	.insn	2, 0x0bd0
80004014:	cd60                	.insn	2, 0xcd60
80004016:	0bd0                	.insn	2, 0x0bd0
80004018:	0919                	.insn	2, 0x0919
8000401a:	0bed                	.insn	2, 0x0bed
8000401c:	9f16                	.insn	2, 0x9f16
8000401e:	f2ea0bef          	jal	s7,7ffa474c <buflen.1+0x7ffa470c>
80004022:	0c11                	.insn	2, 0x0c11
80004024:	0c30a657          	.insn	4, 0x0c30a657
80004028:	2cec                	.insn	2, 0x2cec
8000402a:	0c38                	.insn	2, 0x0c38
8000402c:	0c514963          	blt	sp,t0,800040fe <verify_data+0x3ca>
80004030:	45e2                	.insn	2, 0x45e2
80004032:	0c68                	.insn	2, 0x0c68
80004034:	6fc0                	.insn	2, 0x6fc0
80004036:	0c6c                	.insn	2, 0x0c6c
80004038:	d928                	.insn	2, 0xd928
8000403a:	0c85                	.insn	2, 0x0c85
8000403c:	c4ff 0c8f 366e 0c92 	.insn	18, 0x75090caf65910ca390c00c92366e0c8fc4ff
80004044:	90c0 0ca3 6591 0caf 
8000404c:	7509 
8000404e:	0ccc                	.insn	2, 0x0ccc
80004050:	ea80                	.insn	2, 0xea80
80004052:	0cd0                	.insn	2, 0x0cd0
80004054:	8aa1                	.insn	2, 0x8aa1
80004056:	0ce6                	.insn	2, 0x0ce6
80004058:	68ec                	.insn	2, 0x68ec
8000405a:	0ce8                	.insn	2, 0x0ce8
8000405c:	cc9f 0cfa a7e9      	.insn	6, 0xa7e90cfacc9f
80004062:	0d08                	.insn	2, 0x0d08
80004064:	3b0a                	.insn	2, 0x3b0a
80004066:	0d31                	.insn	2, 0x0d31
80004068:	0d36494b          	.insn	4, 0x0d36494b
8000406c:	88d1                	.insn	2, 0x88d1
8000406e:	9e8b0d43          	.insn	4, 0x9e8b0d43
80004072:	0d6a                	.insn	2, 0x0d6a
80004074:	18cd                	.insn	2, 0x18cd
80004076:	7e030d77          	.insn	4, 0x7e030d77
8000407a:	85140d77          	.insn	4, 0x85140d77
8000407e:	90d40d83          	lb	s11,-1779(s0)
80004082:	507c0d83          	lb	s11,1287(s8)
80004086:	0d86                	.insn	2, 0x0d86
80004088:	0d8789af          	.insn	4, 0x0d8789af
8000408c:	0d8e43d3          	.insn	4, 0x0d8e43d3
80004090:	05ac                	.insn	2, 0x05ac
80004092:	0d95                	.insn	2, 0x0d95
80004094:	a911                	.insn	2, 0xa911
80004096:	0da5                	.insn	2, 0x0da5
80004098:	1500                	.insn	2, 0x1500
8000409a:	0db4                	.insn	2, 0x0db4
8000409c:	b6ca                	.insn	2, 0xb6ca
8000409e:	0dba                	.insn	2, 0x0dba
800040a0:	323a                	.insn	2, 0x323a
800040a2:	8d110dbf a4550dc7 	.insn	8, 0xa4550dc78d110dbf
800040aa:	0dd6                	.insn	2, 0x0dd6
800040ac:	27b1                	.insn	2, 0x27b1
800040ae:	124f0df3          	.insn	4, 0x124f0df3
800040b2:	0e1e                	.insn	2, 0x0e1e
800040b4:	0e20a51b          	.insn	4, 0x0e20a51b
800040b8:	d8e0                	.insn	2, 0xd8e0
800040ba:	3b240e33          	.insn	4, 0x3b240e33
800040be:	0e38                	.insn	2, 0x0e38
800040c0:	f698                	.insn	2, 0xf698
800040c2:	0e4d                	.insn	2, 0x0e4d
800040c4:	0e578ce3          	beq	a5,t0,800049bc <verify_data+0xc88>
800040c8:	b631                	.insn	2, 0xb631
800040ca:	0e64                	.insn	2, 0x0e64
800040cc:	938a                	.insn	2, 0x938a
800040ce:	0e65                	.insn	2, 0x0e65
800040d0:	3a1d                	.insn	2, 0x3a1d
800040d2:	0e68                	.insn	2, 0x0e68
800040d4:	f848                	.insn	2, 0xf848
800040d6:	0e95                	.insn	2, 0x0e95
800040d8:	06c9                	.insn	2, 0x06c9
800040da:	0e9a                	.insn	2, 0x0e9a
800040dc:	83b2                	.insn	2, 0x83b2
800040de:	0e9f a14b 0ebc      	.insn	6, 0x0ebca14b0e9f
800040e4:	be14                	.insn	2, 0xbe14
800040e6:	c3680ebf 1ec70ebf 	.insn	8, 0x1ec70ebfc3680ebf
800040ee:	0ee2                	.insn	2, 0x0ee2
800040f0:	0ee70b53          	.insn	4, 0x0ee70b53
800040f4:	ab91                	.insn	2, 0xab91
800040f6:	0ee8                	.insn	2, 0x0ee8
800040f8:	db66                	.insn	2, 0xdb66
800040fa:	0ef1                	.insn	2, 0x0ef1
800040fc:	cfda                	.insn	2, 0xcfda
800040fe:	cd000ef3          	.insn	4, 0xcd000ef3
80004102:	0efd                	.insn	2, 0x0efd
80004104:	2f3e                	.insn	2, 0x2f3e
80004106:	0f22                	.insn	2, 0x0f22
80004108:	73da                	.insn	2, 0x73da
8000410a:	0f36                	.insn	2, 0x0f36
8000410c:	760e                	.insn	2, 0x760e
8000410e:	0f45                	.insn	2, 0x0f45
80004110:	61f6                	.insn	2, 0x61f6
80004112:	9eb70f4f          	.insn	4, 0x9eb70f4f
80004116:	0f5c                	.insn	2, 0x0f5c
80004118:	0f637b73          	csrrci	s6,0xf6,6
8000411c:	c1b1                	.insn	2, 0xc1b1
8000411e:	dcbd0f7b          	.insn	4, 0xdcbd0f7b
80004122:	5fc40f7b          	.insn	4, 0x5fc40f7b
80004126:	82b70f83          	lb	t6,-2005(a4) # f82b <buflen.1+0xf7eb>
8000412a:	0f89                	.insn	2, 0x0f89
8000412c:	9338                	.insn	2, 0x9338
8000412e:	0f89                	.insn	2, 0x0f89
80004130:	0f8b5fbf 0f97096e 	.insn	8, 0x0f97096e0f8b5fbf
80004138:	1efe                	.insn	2, 0x1efe
8000413a:	0fd1                	.insn	2, 0x0fd1
8000413c:	c2dc                	.insn	2, 0xc2dc
8000413e:	0fec                	.insn	2, 0x0fec
80004140:	b0dc                	.insn	2, 0xb0dc
80004142:	0ffa                	.insn	2, 0x0ffa
80004144:	2d4e                	.insn	2, 0x2d4e
80004146:	233d100b          	.insn	4, 0x233d100b
8000414a:	101e                	.insn	2, 0x101e
8000414c:	10244d23          	.insn	4, 0x10244d23
80004150:	f81f 1034 4c25      	.insn	6, 0x4c251034f81f
80004156:	1060                	.insn	2, 0x1060
80004158:	45f5                	.insn	2, 0x45f5
8000415a:	108a                	.insn	2, 0x108a
8000415c:	0f29                	.insn	2, 0x0f29
8000415e:	1091                	.insn	2, 0x1091
80004160:	0db2                	.insn	2, 0x0db2
80004162:	10a5                	.insn	2, 0x10a5
80004164:	8f9a                	.insn	2, 0x8f9a
80004166:	10c4                	.insn	2, 0x10c4
80004168:	10e4ceaf          	.insn	4, 0x10e4ceaf
8000416c:	8979                	.insn	2, 0x8979
8000416e:	dde610f7          	.insn	4, 0xdde610f7
80004172:	1122                	.insn	2, 0x1122
80004174:	112b5d0f          	.insn	4, 0x112b5d0f
80004178:	43c8                	.insn	2, 0x43c8
8000417a:	1144                	.insn	2, 0x1144
8000417c:	dc36                	.insn	2, 0xdc36
8000417e:	115c                	.insn	2, 0x115c
80004180:	7eec                	.insn	2, 0x7eec
80004182:	1178                	.insn	2, 0x1178
80004184:	0002                	.insn	2, 0x0002
80004186:	1189                	.insn	2, 0x1189
80004188:	119f8227          	.insn	4, 0x119f8227
8000418c:	4fc8                	.insn	2, 0x4fc8
8000418e:	182611cf          	.insn	4, 0x182611cf
80004192:	11da                	.insn	2, 0x11da
80004194:	8de8                	.insn	2, 0x8de8
80004196:	11e4                	.insn	2, 0x11e4
80004198:	12e0                	.insn	2, 0x12e0
8000419a:	3fa611eb          	.insn	4, 0x3fa611eb
8000419e:	11f6                	.insn	2, 0x11f6
800041a0:	04bd                	.insn	2, 0x04bd
800041a2:	2b6111fb          	.insn	4, 0x2b6111fb
800041a6:	824211fb          	.insn	4, 0x824211fb
800041aa:	51f61203          	lh	tp,1311(a2)
800041ae:	121c                	.insn	2, 0x121c
800041b0:	acb4                	.insn	2, 0xacb4
800041b2:	1220                	.insn	2, 0x1220
800041b4:	e474                	.insn	2, 0xe474
800041b6:	1221                	.insn	2, 0x1221
800041b8:	321c                	.insn	2, 0x321c
800041ba:	1225                	.insn	2, 0x1225
800041bc:	671f 1235 6343      	.insn	6, 0x63431235671f
800041c2:	1239                	.insn	2, 0x1239
800041c4:	c895                	.insn	2, 0xc895
800041c6:	63be125b          	.insn	4, 0x63be125b
800041ca:	1266                	.insn	2, 0x1266
800041cc:	6746                	.insn	2, 0x6746
800041ce:	1268                	.insn	2, 0x1268
800041d0:	c920                	.insn	2, 0xc920
800041d2:	1268                	.insn	2, 0x1268
800041d4:	6408                	.insn	2, 0x6408
800041d6:	127e                	.insn	2, 0x127e
800041d8:	6db5                	.insn	2, 0x6db5
800041da:	1744128b          	.insn	4, 0x1744128b
800041de:	12dd                	.insn	2, 0x12dd
800041e0:	12f40083          	lb	ra,303(s0)
800041e4:	bfaa                	.insn	2, 0xbfaa
800041e6:	e74112ff c0ac1314 	.insn	12, 0x2441133cc0ac1314e74112ff
800041ee:	2441133c 
800041f2:	0e9b1353          	.insn	4, 0x0e9b1353
800041f6:	1364                	.insn	2, 0x1364
800041f8:	136948cb          	.insn	4, 0x136948cb
800041fc:	4dd8                	.insn	2, 0x4dd8
800041fe:	1395                	.insn	2, 0x1395
80004200:	e4b2                	.insn	2, 0xe4b2
80004202:	139c                	.insn	2, 0x139c
80004204:	db86                	.insn	2, 0xdb86
80004206:	a26a13a7          	.insn	4, 0xa26a13a7
8000420a:	13b2                	.insn	2, 0x13b2
8000420c:	13bf00c7          	.insn	4, 0x13bf00c7
80004210:	13ccfe2f          	.insn	4, 0x13ccfe2f
80004214:	b436                	.insn	2, 0xb436
80004216:	13e5                	.insn	2, 0x13e5
80004218:	13e702e3          	beq	a4,t5,80004b3c <verify_data+0xe08>
8000421c:	0138                	.insn	2, 0x0138
8000421e:	13e9                	.insn	2, 0x13e9
80004220:	a794                	.insn	2, 0xa794
80004222:	13fe                	.insn	2, 0x13fe
80004224:	140a3777          	.insn	4, 0x140a3777
80004228:	98ae                	.insn	2, 0x98ae
8000422a:	142d                	.insn	2, 0x142d
8000422c:	8655                	.insn	2, 0x8655
8000422e:	bdd61447          	.insn	4, 0xbdd61447
80004232:	144a                	.insn	2, 0x144a
80004234:	81a2                	.insn	2, 0x81a2
80004236:	145a                	.insn	2, 0x145a
80004238:	145d8bd7          	.insn	4, 0x145d8bd7
8000423c:	14624fa3          	.insn	4, 0x14624fa3
80004240:	5a5e                	.insn	2, 0x5a5e
80004242:	1472                	.insn	2, 0x1472
80004244:	14739627          	.insn	4, 0x14739627
80004248:	2e08                	.insn	2, 0x2e08
8000424a:	147c                	.insn	2, 0x147c
8000424c:	e22a                	.insn	2, 0xe22a
8000424e:	1488                	.insn	2, 0x1488
80004250:	2630                	.insn	2, 0x2630
80004252:	148e                	.insn	2, 0x148e
80004254:	14a8aca7          	.insn	4, 0x14a8aca7
80004258:	108a                	.insn	2, 0x108a
8000425a:	14c0                	.insn	2, 0x14c0
8000425c:	14d11f33          	.insn	4, 0x14d11f33
80004260:	14df5beb          	.insn	4, 0x14df5beb
80004264:	26d6                	.insn	2, 0x26d6
80004266:	caae14f7          	.insn	4, 0xcaae14f7
8000426a:	1518                	.insn	2, 0x1518
8000426c:	3f1e                	.insn	2, 0x3f1e
8000426e:	1532                	.insn	2, 0x1532
80004270:	7742                	.insn	2, 0x7742
80004272:	1540                	.insn	2, 0x1540
80004274:	1541dfdb          	.insn	4, 0x1541dfdb
80004278:	63a5                	.insn	2, 0x63a5
8000427a:	1542                	.insn	2, 0x1542
8000427c:	1fe2                	.insn	2, 0x1fe2
8000427e:	1571                	.insn	2, 0x1571
80004280:	d1f1                	.insn	2, 0xd1f1
80004282:	157e                	.insn	2, 0x157e
80004284:	18e0                	.insn	2, 0x18e0
80004286:	159f b440 15aa      	.insn	6, 0x15aab440159f
8000428c:	15bb2fe7          	.insn	4, 0x15bb2fe7
80004290:	a9d0                	.insn	2, 0xa9d0
80004292:	a7d115bb          	.insn	4, 0xa7d115bb
80004296:	15c5                	.insn	2, 0x15c5
80004298:	7f16                	.insn	2, 0x7f16
8000429a:	15ce                	.insn	2, 0x15ce
8000429c:	68b2                	.insn	2, 0x68b2
8000429e:	0f8915db          	.insn	4, 0x0f8915db
800042a2:	15ee                	.insn	2, 0x15ee
800042a4:	15f77ee7          	.insn	4, 0x15f77ee7
800042a8:	15fcce2f          	.insn	4, 0x15fcce2f
800042ac:	12d6                	.insn	2, 0x12d6
800042ae:	1629                	.insn	2, 0x1629
800042b0:	8dc1                	.insn	2, 0x8dc1
800042b2:	1630                	.insn	2, 0x1630
800042b4:	5f2d                	.insn	2, 0x5f2d
800042b6:	eb5f1633          	.insn	4, 0xeb5f1633
800042ba:	fd611633          	.insn	4, 0xfd611633
800042be:	163e                	.insn	2, 0x163e
800042c0:	2ff2                	.insn	2, 0x2ff2
800042c2:	1640                	.insn	2, 0x1640
800042c4:	379a                	.insn	2, 0x379a
800042c6:	39421667          	.insn	4, 0x39421667
800042ca:	1675                	.insn	2, 0x1675
800042cc:	bf1f 1695 42fc      	.insn	6, 0x42fc1695bf1f
800042d2:	169e                	.insn	2, 0x169e
800042d4:	6ad2                	.insn	2, 0x6ad2
800042d6:	0ad616a7          	.insn	4, 0x0ad616a7
800042da:	534b16b7          	lui	a3,0x534b1
800042de:	16be                	.insn	2, 0x16be
800042e0:	d8e5                	.insn	2, 0xd8e5
800042e2:	4eab16c3          	.insn	4, 0x4eab16c3
800042e6:	098116cb          	.insn	4, 0x098116cb
800042ea:	1700                	.insn	2, 0x1700
800042ec:	1692                	.insn	2, 0x1692
800042ee:	170d                	.insn	2, 0x170d
800042f0:	1621                	.insn	2, 0x1621
800042f2:	1712                	.insn	2, 0x1712
800042f4:	17155447          	.insn	4, 0x17155447
800042f8:	7b35                	.insn	2, 0x7b35
800042fa:	171a                	.insn	2, 0x171a
800042fc:	172d75a3          	.insn	4, 0x172d75a3
80004300:	3a26                	.insn	2, 0x3a26
80004302:	46e31733          	.insn	4, 0x46e31733
80004306:	174a                	.insn	2, 0x174a
80004308:	1753184b          	.insn	4, 0x1753184b
8000430c:	b7d5                	.insn	2, 0xb7d5
8000430e:	1790                	.insn	2, 0x1790
80004310:	394c                	.insn	2, 0x394c
80004312:	17bc                	.insn	2, 0x17bc
80004314:	bb4a                	.insn	2, 0xbb4a
80004316:	17bc                	.insn	2, 0x17bc
80004318:	e6da                	.insn	2, 0xe6da
8000431a:	17c6                	.insn	2, 0x17c6
8000431c:	ff59                	.insn	2, 0xff59
8000431e:	17c9                	.insn	2, 0x17c9
80004320:	3abd                	.insn	2, 0x3abd
80004322:	61c617cf          	.insn	4, 0x61c617cf
80004326:	974017d7          	.insn	4, 0x974017d7
8000432a:	17ed                	.insn	2, 0x17ed
8000432c:	eeec                	.insn	2, 0xeeec
8000432e:	1802                	.insn	2, 0x1802
80004330:	10d2                	.insn	2, 0x10d2
80004332:	1aef180b          	.insn	4, 0x1aef180b
80004336:	184e                	.insn	2, 0x184e
80004338:	8e8d                	.insn	2, 0x8e8d
8000433a:	188c                	.insn	2, 0x188c
8000433c:	c656                	.insn	2, 0xc656
8000433e:	189e                	.insn	2, 0x189e
80004340:	a1ce                	.insn	2, 0xa1ce
80004342:	18d2                	.insn	2, 0x18d2
80004344:	9675                	.insn	2, 0x9675
80004346:	3dfe18e3          	bne	t3,t6,80004f16 <verify_data+0x11e2>
8000434a:	18fa                	.insn	2, 0x18fa
8000434c:	19de                	.insn	2, 0x19de
8000434e:	b28018fb          	.insn	4, 0xb28018fb
80004352:	1900                	.insn	2, 0x1900
80004354:	4ff0                	.insn	2, 0x4ff0
80004356:	190a                	.insn	2, 0x190a
80004358:	191afacb          	.insn	4, 0x191afacb
8000435c:	ed44                	.insn	2, 0xed44
8000435e:	0a531927          	.insn	4, 0x0a531927
80004362:	b1bf193b          	.insn	4, 0xb1bf193b
80004366:	194e                	.insn	2, 0x194e
80004368:	19a2b58b          	.insn	4, 0x19a2b58b
8000436c:	5cc9                	.insn	2, 0x5cc9
8000436e:	19c1                	.insn	2, 0x19c1
80004370:	1980                	.insn	2, 0x1980
80004372:	19c9                	.insn	2, 0x19c9
80004374:	19cee96b          	.insn	4, 0x19cee96b
80004378:	59f1                	.insn	2, 0x59f1
8000437a:	19d5                	.insn	2, 0x19d5
8000437c:	4af1                	.insn	2, 0x4af1
8000437e:	306d19eb          	.insn	4, 0x306d19eb
80004382:	19f1                	.insn	2, 0x19f1
80004384:	f8f2                	.insn	2, 0xf8f2
80004386:	19f1                	.insn	2, 0x19f1
80004388:	1886                	.insn	2, 0x1886
8000438a:	1a04                	.insn	2, 0x1a04
8000438c:	af00                	.insn	2, 0xaf00
8000438e:	1a05                	.insn	2, 0x1a05
80004390:	1a067347          	.insn	4, 0x1a067347
80004394:	efe9                	.insn	2, 0xefe9
80004396:	1a16                	.insn	2, 0x1a16
80004398:	34a2                	.insn	2, 0x34a2
8000439a:	1a26                	.insn	2, 0x1a26
8000439c:	6680                	.insn	2, 0x6680
8000439e:	1a72                	.insn	2, 0x1a72
800043a0:	6a3e                	.insn	2, 0x6a3e
800043a2:	1a7c                	.insn	2, 0x1a7c
800043a4:	1a9b193f 1ab845a1 	.insn	8, 0x1ab845a11a9b193f
800043ac:	c174                	.insn	2, 0xc174
800043ae:	1abe                	.insn	2, 0x1abe
800043b0:	8f99                	.insn	2, 0x8f99
800043b2:	1ae8                	.insn	2, 0x1ae8
800043b4:	88d5                	.insn	2, 0x88d5
800043b6:	1afe                	.insn	2, 0x1afe
800043b8:	fbb4                	.insn	2, 0xfbb4
800043ba:	1b14                	.insn	2, 0x1b14
800043bc:	2e78                	.insn	2, 0x2e78
800043be:	1b16                	.insn	2, 0x1b16
800043c0:	1b1ae0d3          	.insn	4, 0x1b1ae0d3
800043c4:	d252                	.insn	2, 0xd252
800043c6:	0fbf1b2b          	.insn	4, 0x0fbf1b2b
800043ca:	1b35                	.insn	2, 0x1b35
800043cc:	fb86                	.insn	2, 0xfb86
800043ce:	1b60                	.insn	2, 0x1b60
800043d0:	1b717563          	bgeu	sp,s7,8000457a <verify_data+0x846>
800043d4:	ab66                	.insn	2, 0xab66
800043d6:	1b78                	.insn	2, 0x1b78
800043d8:	0f16                	.insn	2, 0x0f16
800043da:	1b81                	.insn	2, 0x1b81
800043dc:	1b825af3          	csrrwi	s5,0x1b8,4
800043e0:	e83e                	.insn	2, 0xe83e
800043e2:	1b94                	.insn	2, 0x1b94
800043e4:	a632                	.insn	2, 0xa632
800043e6:	1b96                	.insn	2, 0x1b96
800043e8:	1baab177          	.insn	4, 0x1baab177
800043ec:	1bb4383f 1bb928d5 	.insn	8, 0x1bb928d51bb4383f
800043f4:	0309                	.insn	2, 0x0309
800043f6:	1c05                	.insn	2, 0x1c05
800043f8:	84d0                	.insn	2, 0x84d0
800043fa:	1c2d                	.insn	2, 0x1c2d
800043fc:	1c2f74ab          	.insn	4, 0x1c2f74ab
80004400:	4355                	.insn	2, 0x4355
80004402:	1c36                	.insn	2, 0x1c36
80004404:	4b00                	.insn	2, 0x4b00
80004406:	a9601c73          	csrrw	s8,0xa96,zero
8000440a:	1c74                	.insn	2, 0x1c74
8000440c:	b4a9                	.insn	2, 0xb4a9
8000440e:	1c88                	.insn	2, 0x1c88
80004410:	0ac5                	.insn	2, 0x0ac5
80004412:	1cb4                	.insn	2, 0x1cb4
80004414:	12d4                	.insn	2, 0x12d4
80004416:	1cb4                	.insn	2, 0x1cb4
80004418:	bb55                	.insn	2, 0xbb55
8000441a:	1cc8                	.insn	2, 0x1cc8
8000441c:	1ccf4e3b          	.insn	4, 0x1ccf4e3b
80004420:	000d                	.insn	2, 0x000d
80004422:	1cf5                	.insn	2, 0x1cf5
80004424:	4c05                	.insn	2, 0x4c05
80004426:	1cfa                	.insn	2, 0x1cfa
80004428:	88a1                	.insn	2, 0x88a1
8000442a:	1cfa                	.insn	2, 0x1cfa
8000442c:	9565                	.insn	2, 0x9565
8000442e:	1d14                	.insn	2, 0x1d14
80004430:	da5f 1d42 1082      	.insn	6, 0x10821d42da5f
80004436:	71bc1d5b          	.insn	4, 0x71bc1d5b
8000443a:	97091d77          	.insn	4, 0x97091d77
8000443e:	1d82                	.insn	2, 0x1d82
80004440:	daea                	.insn	2, 0xdaea
80004442:	1dac                	.insn	2, 0x1dac
80004444:	9829                	.insn	2, 0x9829
80004446:	1db9                	.insn	2, 0x1db9
80004448:	d75f 1dcb 2524      	.insn	6, 0x25241dcbd75f
8000444e:	9af51dd3          	.insn	4, 0x9af51dd3
80004452:	1dd8                	.insn	2, 0x1dd8
80004454:	8a44                	.insn	2, 0x8a44
80004456:	daf91def          	jal	s11,7ff96204 <buflen.1+0x7ff961c4>
8000445a:	1df0                	.insn	2, 0x1df0
8000445c:	6e48                	.insn	2, 0x6e48
8000445e:	1df4                	.insn	2, 0x1df4
80004460:	c9c9                	.insn	2, 0xc9c9
80004462:	1e00                	.insn	2, 0x1e00
80004464:	d51d                	.insn	2, 0xd51d
80004466:	1e08                	.insn	2, 0x1e08
80004468:	1e300f6b          	.insn	4, 0x1e300f6b
8000446c:	25de                	.insn	2, 0x25de
8000446e:	1e45                	.insn	2, 0x1e45
80004470:	8062                	.insn	2, 0x8062
80004472:	1e46                	.insn	2, 0x1e46
80004474:	1e48192b          	.insn	4, 0x1e48192b
80004478:	7f46                	.insn	2, 0x7f46
8000447a:	1e58                	.insn	2, 0x1e58
8000447c:	1641                	.insn	2, 0x1641
8000447e:	1e62                	.insn	2, 0x1e62
80004480:	47e8                	.insn	2, 0x47e8
80004482:	1e6d                	.insn	2, 0x1e6d
80004484:	932c                	.insn	2, 0x932c
80004486:	1e6d                	.insn	2, 0x1e6d
80004488:	0b6e                	.insn	2, 0x0b6e
8000448a:	1e8c                	.insn	2, 0x1e8c
8000448c:	e911                	.insn	2, 0xe911
8000448e:	540d1e93          	.insn	4, 0x540d1e93
80004492:	1e9c                	.insn	2, 0x1e9c
80004494:	1e9ca763          	.insn	4, 0x1e9ca763
80004498:	49c4                	.insn	2, 0x49c4
8000449a:	1ea6                	.insn	2, 0x1ea6
8000449c:	f87d                	.insn	2, 0xf87d
8000449e:	1eb0                	.insn	2, 0x1eb0
800044a0:	98ac                	.insn	2, 0x98ac
800044a2:	1eb8                	.insn	2, 0x1eb8
800044a4:	a950                	.insn	2, 0xa950
800044a6:	1ebe                	.insn	2, 0x1ebe
800044a8:	8110                	.insn	2, 0x8110
800044aa:	1edc                	.insn	2, 0x1edc
800044ac:	2d32                	.insn	2, 0x2d32
800044ae:	1ee1                	.insn	2, 0x1ee1
800044b0:	4855                	.insn	2, 0x4855
800044b2:	1ef2                	.insn	2, 0x1ef2
800044b4:	1ef490c3          	.insn	4, 0x1ef490c3
800044b8:	1ef9fd23          	.insn	4, 0x1ef9fd23
800044bc:	9906                	.insn	2, 0x9906
800044be:	5e7e1f03          	lh	t5,1511(t3)
800044c2:	1f06                	.insn	2, 0x1f06
800044c4:	3d39                	.insn	2, 0x3d39
800044c6:	1f09                	.insn	2, 0x1f09
800044c8:	8905                	.insn	2, 0x8905
800044ca:	1f1f 5071 1f23      	.insn	6, 0x1f2350711f1f
800044d0:	1f407de7          	.insn	4, 0x1f407de7
800044d4:	1c49                	.insn	2, 0x1c49
800044d6:	1f54                	.insn	2, 0x1f54
800044d8:	0239                	.insn	2, 0x0239
800044da:	1f79                	.insn	2, 0x1f79
800044dc:	1f8b77b7          	lui	a5,0x1f8b7
800044e0:	96fd                	.insn	2, 0x96fd
800044e2:	1f98                	.insn	2, 0x1f98
800044e4:	b1ee                	.insn	2, 0xb1ee
800044e6:	cd531fb7          	lui	t6,0xcd531
800044ea:	1fbc                	.insn	2, 0x1fbc
800044ec:	7b61                	.insn	2, 0x7b61
800044ee:	1fc6                	.insn	2, 0x1fc6
800044f0:	0dde                	.insn	2, 0x0dde
800044f2:	1fda                	.insn	2, 0x1fda
800044f4:	16f9                	.insn	2, 0x16f9
800044f6:	1ff0                	.insn	2, 0x1ff0
800044f8:	adc6                	.insn	2, 0xadc6
800044fa:	73bb1ff3          	csrrw	t6,mhpmevent27h,s6
800044fe:	201f 0c4c 2027      	.insn	6, 0x20270c4c201f
80004504:	202edda7          	.insn	4, 0x202edda7
80004508:	202fd7d7          	.insn	4, 0x202fd7d7
8000450c:	2c8c                	.insn	2, 0x2c8c
8000450e:	2031                	.insn	2, 0x2031
80004510:	46f4                	.insn	2, 0x46f4
80004512:	203e                	.insn	2, 0x203e
80004514:	8ed1                	.insn	2, 0x8ed1
80004516:	0db82057          	.insn	4, 0x0db82057
8000451a:	206c                	.insn	2, 0x206c
8000451c:	7fd8                	.insn	2, 0x7fd8
8000451e:	207a                	.insn	2, 0x207a
80004520:	0d30                	.insn	2, 0x0d30
80004522:	207d                	.insn	2, 0x207d
80004524:	3aed                	.insn	2, 0x3aed
80004526:	2085                	.insn	2, 0x2085
80004528:	7fc9                	.insn	2, 0x7fc9
8000452a:	2090                	.insn	2, 0x2090
8000452c:	78d4                	.insn	2, 0x78d4
8000452e:	f31d20b3          	.insn	4, 0xf31d20b3
80004532:	20bc                	.insn	2, 0x20bc
80004534:	7518                	.insn	2, 0x7518
80004536:	20d0                	.insn	2, 0x20d0
80004538:	cf61                	.insn	2, 0xcf61
8000453a:	e50320fb          	.insn	4, 0xe50320fb
8000453e:	2128                	.insn	2, 0x2128
80004540:	7078                	.insn	2, 0x7078
80004542:	2159                	.insn	2, 0x2159
80004544:	0b52                	.insn	2, 0x0b52
80004546:	9d30216b          	.insn	4, 0x9d30216b
8000454a:	218e                	.insn	2, 0x218e
8000454c:	81de                	.insn	2, 0x81de
8000454e:	03af21af          	.insn	4, 0x03af21af
80004552:	a15d21bf f16e21d7 	.insn	8, 0xf16e21d7a15d21bf
8000455a:	21e4                	.insn	2, 0x21e4
8000455c:	21f8bbe7          	.insn	4, 0x21f8bbe7
80004560:	757d                	.insn	2, 0x757d
80004562:	2212                	.insn	2, 0x2212
80004564:	221bb1f3          	csrrc	gp,0x221,s7
80004568:	27e4                	.insn	2, 0x27e4
8000456a:	223a                	.insn	2, 0x223a
8000456c:	e330                	.insn	2, 0xe330
8000456e:	2262                	.insn	2, 0x2262
80004570:	226a2ea7          	.insn	4, 0x226a2ea7
80004574:	9562                	.insn	2, 0x9562
80004576:	226a                	.insn	2, 0x226a
80004578:	227f96f7          	.insn	4, 0x227f96f7
8000457c:	810a                	.insn	2, 0x810a
8000457e:	2285                	.insn	2, 0x2285
80004580:	22992e4b          	.insn	4, 0x22992e4b
80004584:	aa91                	.insn	2, 0xaa91
80004586:	229c                	.insn	2, 0x229c
80004588:	9608                	.insn	2, 0x9608
8000458a:	22c1                	.insn	2, 0x22c1
8000458c:	fb81                	.insn	2, 0xfb81
8000458e:	22e0                	.insn	2, 0x22e0
80004590:	ab60                	.insn	2, 0xab60
80004592:	22ea                	.insn	2, 0x22ea
80004594:	2fa9                	.insn	2, 0x2fa9
80004596:	231c                	.insn	2, 0x231c
80004598:	39df 2335 4e2b      	.insn	6, 0x4e2b233539df
8000459e:	2349                	.insn	2, 0x2349
800045a0:	c94a                	.insn	2, 0xc94a
800045a2:	234c                	.insn	2, 0x234c
800045a4:	23688f3b          	.insn	4, 0x23688f3b
800045a8:	278e                	.insn	2, 0x278e
800045aa:	2374                	.insn	2, 0x2374
800045ac:	ed70                	.insn	2, 0xed70
800045ae:	2381                	.insn	2, 0x2381
800045b0:	04c5                	.insn	2, 0x04c5
800045b2:	239c                	.insn	2, 0x239c
800045b4:	034d                	.insn	2, 0x034d
800045b6:	23a5                	.insn	2, 0x23a5
800045b8:	6a30                	.insn	2, 0x6a30
800045ba:	a2f223e7          	.insn	4, 0xa2f223e7
800045be:	7ca623ef          	jal	t2,80066d88 <__global_pointer$+0x5e854>
800045c2:	e3c123f3          	csrrs	t2,0xe3c,sp
800045c6:	23fe                	.insn	2, 0x23fe
800045c8:	240481ab          	.insn	4, 0x240481ab
800045cc:	37ea                	.insn	2, 0x37ea
800045ce:	491c240f          	.insn	4, 0x491c240f
800045d2:	2435                	.insn	2, 0x2435
800045d4:	b44a                	.insn	2, 0xb44a
800045d6:	2439                	.insn	2, 0x2439
800045d8:	cd3e                	.insn	2, 0xcd3e
800045da:	247e                	.insn	2, 0x247e
800045dc:	490d                	.insn	2, 0x490d
800045de:	249c                	.insn	2, 0x249c
800045e0:	3ecd                	.insn	2, 0x3ecd
800045e2:	24a2                	.insn	2, 0x24a2
800045e4:	5cb5                	.insn	2, 0x5cb5
800045e6:	66c324b3          	.insn	4, 0x66c324b3
800045ea:	24d2                	.insn	2, 0x24d2
800045ec:	24d5dd8b          	.insn	4, 0x24d5dd8b
800045f0:	81fd                	.insn	2, 0x81fd
800045f2:	24d8                	.insn	2, 0x24d8
800045f4:	5376                	.insn	2, 0x5376
800045f6:	24e0                	.insn	2, 0x24e0
800045f8:	bbfa                	.insn	2, 0xbbfa
800045fa:	3a3624eb          	.insn	4, 0x3a3624eb
800045fe:	24ec                	.insn	2, 0x24ec
80004600:	05f9                	.insn	2, 0x05f9
80004602:	24f4                	.insn	2, 0x24f4
80004604:	0b3d                	.insn	2, 0x0b3d
80004606:	24fc                	.insn	2, 0x24fc
80004608:	c3bd                	.insn	2, 0xc3bd
8000460a:	2511                	.insn	2, 0x2511
8000460c:	b685                	.insn	2, 0xb685
8000460e:	2514                	.insn	2, 0x2514
80004610:	90ea                	.insn	2, 0x90ea
80004612:	2515                	.insn	2, 0x2515
80004614:	76c0                	.insn	2, 0x76c0
80004616:	252c                	.insn	2, 0x252c
80004618:	18b0                	.insn	2, 0x18b0
8000461a:	2530                	.insn	2, 0x2530
8000461c:	dc48                	.insn	2, 0xdc48
8000461e:	253a                	.insn	2, 0x253a
80004620:	625f 253c d083      	.insn	6, 0xd083253c625f
80004626:	e0d6253f 5203254f 	.insn	8, 0x5203254fe0d6253f
8000462e:	2575                	.insn	2, 0x2575
80004630:	0af0                	.insn	2, 0x0af0
80004632:	a39e2593          	slti	a1,t3,-1479
80004636:	259c                	.insn	2, 0x259c
80004638:	648d                	.insn	2, 0x648d
8000463a:	25a2                	.insn	2, 0x25a2
8000463c:	25aa979b          	.insn	4, 0x25aa979b
80004640:	e378                	.insn	2, 0xe378
80004642:	25b4                	.insn	2, 0x25b4
80004644:	25bbf907          	.insn	4, 0x25bbf907
80004648:	7b4a                	.insn	2, 0x7b4a
8000464a:	25be                	.insn	2, 0x25be
8000464c:	ff86                	.insn	2, 0xff86
8000464e:	eb4f25ef          	jal	a1,7fff6d02 <buflen.1+0x7fff6cc2>
80004652:	2601                	.insn	2, 0x2601
80004654:	a9bd                	.insn	2, 0xa9bd
80004656:	2609                	.insn	2, 0x2609
80004658:	5fae                	.insn	2, 0x5fae
8000465a:	2632                	.insn	2, 0x2632
8000465c:	2540                	.insn	2, 0x2540
8000465e:	83a92667          	.insn	4, 0x83a92667
80004662:	afc1266f          	jal	a2,7ff1695e <buflen.1+0x7ff1691e>
80004666:	78e9268b          	.insn	4, 0x78e9268b
8000466a:	26ba                	.insn	2, 0x26ba
8000466c:	0b60                	.insn	2, 0x0b60
8000466e:	26c6                	.insn	2, 0x26c6
80004670:	a9e2                	.insn	2, 0xa9e2
80004672:	26d5                	.insn	2, 0x26d5
80004674:	ed86                	.insn	2, 0xed86
80004676:	26d8                	.insn	2, 0x26d8
80004678:	ebc4                	.insn	2, 0xebc4
8000467a:	26dd                	.insn	2, 0x26dd
8000467c:	e848                	.insn	2, 0xe848
8000467e:	26e2                	.insn	2, 0x26e2
80004680:	26ecc43f 26f58add 	.insn	8, 0x26f58add26ecc43f
80004688:	2ad8                	.insn	2, 0x2ad8
8000468a:	2709                	.insn	2, 0x2709
8000468c:	9280                	.insn	2, 0x9280
8000468e:	270d                	.insn	2, 0x270d
80004690:	4fba                	.insn	2, 0x4fba
80004692:	2711                	.insn	2, 0x2711
80004694:	53c2                	.insn	2, 0x53c2
80004696:	2728                	.insn	2, 0x2728
80004698:	272cdbc7          	.insn	4, 0x272cdbc7
8000469c:	ec5c                	.insn	2, 0xec5c
8000469e:	276a                	.insn	2, 0x276a
800046a0:	bfb6                	.insn	2, 0xbfb6
800046a2:	2799                	.insn	2, 0x2799
800046a4:	27ac473b          	.insn	4, 0x27ac473b
800046a8:	e2fd                	.insn	2, 0xe2fd
800046aa:	dfd027bb          	.insn	4, 0xdfd027bb
800046ae:	27f8                	.insn	2, 0x27f8
800046b0:	280b98c7          	.insn	4, 0x280b98c7
800046b4:	d6ad                	.insn	2, 0xd6ad
800046b6:	2812                	.insn	2, 0x2812
800046b8:	281bbd27          	.insn	4, 0x281bbd27
800046bc:	fe11                	.insn	2, 0xfe11
800046be:	2828                	.insn	2, 0x2828
800046c0:	49a5                	.insn	2, 0x49a5
800046c2:	2835                	.insn	2, 0x2835
800046c4:	10f8                	.insn	2, 0x10f8
800046c6:	2844                	.insn	2, 0x2844
800046c8:	2845d05b          	.insn	4, 0x2845d05b
800046cc:	9189                	.insn	2, 0x9189
800046ce:	285d                	.insn	2, 0x285d
800046d0:	2870b66f          	jal	a2,80010156 <__global_pointer$+0x7c22>
800046d4:	a34d                	.insn	2, 0xa34d
800046d6:	2880                	.insn	2, 0x2880
800046d8:	9bfd                	.insn	2, 0x9bfd
800046da:	288a                	.insn	2, 0x288a
800046dc:	c5f0                	.insn	2, 0xc5f0
800046de:	28a6                	.insn	2, 0x28a6
800046e0:	c1b4                	.insn	2, 0xc1b4
800046e2:	f15328bb          	.insn	4, 0xf15328bb
800046e6:	28bd                	.insn	2, 0x28bd
800046e8:	5d55                	.insn	2, 0x5d55
800046ea:	28d4                	.insn	2, 0x28d4
800046ec:	b431                	.insn	2, 0xb431
800046ee:	25ea28ef          	jal	a7,800a694c <__global_pointer$+0x9e418>
800046f2:	2901                	.insn	2, 0x2901
800046f4:	290737e7          	.insn	4, 0x290737e7
800046f8:	6c64                	.insn	2, 0x6c64
800046fa:	2909                	.insn	2, 0x2909
800046fc:	292b6803          	.insn	4, 0x292b6803
80004700:	de5d                	.insn	2, 0xde5d
80004702:	292c                	.insn	2, 0x292c
80004704:	292dc637          	lui	a2,0x292dc
80004708:	4190                	.insn	2, 0x4190
8000470a:	2931                	.insn	2, 0x2931
8000470c:	fc5d                	.insn	2, 0xfc5d
8000470e:	9857294b          	.insn	4, 0x9857294b
80004712:	2959                	.insn	2, 0x2959
80004714:	28ae                	.insn	2, 0x28ae
80004716:	297c                	.insn	2, 0x297c
80004718:	297efd5b          	.insn	4, 0x297efd5b
8000471c:	f432                	.insn	2, 0xf432
8000471e:	2982                	.insn	2, 0x2982
80004720:	d515                	.insn	2, 0xd515
80004722:	2995                	.insn	2, 0x2995
80004724:	daa0                	.insn	2, 0xdaa0
80004726:	986b2997          	auipc	s3,0x986b2
8000472a:	2998                	.insn	2, 0x2998
8000472c:	29a4b67b          	.insn	4, 0x29a4b67b
80004730:	29c439a7          	.insn	4, 0x29c439a7
80004734:	29d70e33          	.insn	4, 0x29d70e33
80004738:	7a22                	.insn	2, 0x7a22
8000473a:	29dd                	.insn	2, 0x29dd
8000473c:	eae5                	.insn	2, 0xeae5
8000473e:	29e8                	.insn	2, 0x29e8
80004740:	35ba                	.insn	2, 0x35ba
80004742:	2a0d                	.insn	2, 0x2a0d
80004744:	2a12718f          	.insn	4, 0x2a12718f
80004748:	2885                	.insn	2, 0x2885
8000474a:	2a1a                	.insn	2, 0x2a1a
8000474c:	4eda                	.insn	2, 0x4eda
8000474e:	2a21                	.insn	2, 0x2a21
80004750:	2a22a5e3          	.insn	4, 0x2a22a5e3
80004754:	6ac2                	.insn	2, 0x6ac2
80004756:	2a4c                	.insn	2, 0x2a4c
80004758:	2a8f6b6f          	jal	s6,800faa00 <__global_pointer$+0xf24cc>
8000475c:	bc82                	.insn	2, 0xbc82
8000475e:	2a95                	.insn	2, 0x2a95
80004760:	6351                	.insn	2, 0x6351
80004762:	2aac                	.insn	2, 0x2aac
80004764:	74f2                	.insn	2, 0x74f2
80004766:	2aca                	.insn	2, 0x2aca
80004768:	832c                	.insn	2, 0x832c
8000476a:	4d282aef          	jal	s5,80086c3c <__global_pointer$+0x7e708>
8000476e:	2afa                	.insn	2, 0x2afa
80004770:	9719                	.insn	2, 0x9719
80004772:	2b01                	.insn	2, 0x2b01
80004774:	2b0b5427          	.insn	4, 0x2b0b5427
80004778:	d0ed                	.insn	2, 0xd0ed
8000477a:	2b0c                	.insn	2, 0x2b0c
8000477c:	261f 2b0e deec      	.insn	6, 0xdeec2b0e261f
80004782:	2b16                	.insn	2, 0x2b16
80004784:	0b2a                	.insn	2, 0x0b2a
80004786:	2b1d                	.insn	2, 0x2b1d
80004788:	4dbe                	.insn	2, 0x4dbe
8000478a:	2b26                	.insn	2, 0x2b26
8000478c:	0c12                	.insn	2, 0x0c12
8000478e:	2b48                	.insn	2, 0x2b48
80004790:	2488                	.insn	2, 0x2488
80004792:	1c4b2b53          	.insn	4, 0x1c4b2b53
80004796:	2b5e                	.insn	2, 0x2b5e
80004798:	e58d                	.insn	2, 0xe58d
8000479a:	2b7a                	.insn	2, 0x2b7a
8000479c:	6fa2                	.insn	2, 0x6fa2
8000479e:	4d812b7b          	.insn	4, 0x4d812b7b
800047a2:	2b84                	.insn	2, 0x2b84
800047a4:	70c8                	.insn	2, 0x70c8
800047a6:	5d0d2b87          	.insn	4, 0x5d0d2b87
800047aa:	2b89                	.insn	2, 0x2b89
800047ac:	d1e1                	.insn	2, 0xd1e1
800047ae:	6ca02b8f          	.insn	4, 0x6ca02b8f
800047b2:	d24e2b9b          	.insn	4, 0xd24e2b9b
800047b6:	2b9d                	.insn	2, 0x2b9d
800047b8:	5d49                	.insn	2, 0x5d49
800047ba:	35dc2ba7          	.insn	4, 0x35dc2ba7
800047be:	2ba8                	.insn	2, 0x2ba8
800047c0:	6a49                	.insn	2, 0x6a49
800047c2:	2be5                	.insn	2, 0x2be5
800047c4:	7d20                	.insn	2, 0x7d20
800047c6:	a3052bf3          	csrrs	s7,0xa30,a0
800047ca:	2bf5                	.insn	2, 0x2bf5
800047cc:	64c0                	.insn	2, 0x64c0
800047ce:	58672c07          	.insn	4, 0x58672c07
800047d2:	2c15                	.insn	2, 0x2c15
800047d4:	aecc                	.insn	2, 0xaecc
800047d6:	f5572c23          	sw	s5,-168(a4)
800047da:	94b82c2b          	.insn	4, 0x94b82c2b
800047de:	2c2d                	.insn	2, 0x2c2d
800047e0:	2c3cdaab          	.insn	4, 0x2c3cdaab
800047e4:	0379                	.insn	2, 0x0379
800047e6:	2c52                	.insn	2, 0x2c52
800047e8:	2c54a803          	lw	a6,709(s1) # 65a82c5 <buflen.1+0x65a8285>
800047ec:	983d                	.insn	2, 0x983d
800047ee:	2c6a                	.insn	2, 0x2c6a
800047f0:	aaad                	.insn	2, 0xaaad
800047f2:	5cab2c73          	csrrs	s8,0x5ca,s6
800047f6:	9f222c8f          	.insn	4, 0x9f222c8f
800047fa:	2c9d                	.insn	2, 0x2c9d
800047fc:	2c45                	.insn	2, 0x2c45
800047fe:	b88a2cab          	.insn	4, 0xb88a2cab
80004802:	2cbd                	.insn	2, 0x2cbd
80004804:	2cc21eab          	.insn	4, 0x2cc21eab
80004808:	ddc4                	.insn	2, 0xddc4
8000480a:	2cd0                	.insn	2, 0x2cd0
8000480c:	8849                	.insn	2, 0x8849
8000480e:	2cd8                	.insn	2, 0x2cd8
80004810:	2ce66627          	.insn	4, 0x2ce66627
80004814:	6b72                	.insn	2, 0x6b72
80004816:	2cf4                	.insn	2, 0x2cf4
80004818:	e584                	.insn	2, 0xe584
8000481a:	2cf4                	.insn	2, 0x2cf4
8000481c:	ceea                	.insn	2, 0xceea
8000481e:	2cfe                	.insn	2, 0x2cfe
80004820:	d921                	.insn	2, 0xd921
80004822:	2d08                	.insn	2, 0x2d08
80004824:	9006                	.insn	2, 0x9006
80004826:	2d0c                	.insn	2, 0x2d0c
80004828:	2d2aea73          	csrrsi	s4,0x2d2,21
8000482c:	8c8c                	.insn	2, 0x8c8c
8000482e:	2d2d                	.insn	2, 0x2d2d
80004830:	d426                	.insn	2, 0xd426
80004832:	2d30                	.insn	2, 0x2d30
80004834:	eda1                	.insn	2, 0xeda1
80004836:	2d68                	.insn	2, 0x2d68
80004838:	2d73d15b          	.insn	4, 0x2d73d15b
8000483c:	7cb6                	.insn	2, 0x7cb6
8000483e:	fe492d97          	auipc	s11,0xfe492
80004842:	ddde2d97          	auipc	s11,0xddde2
80004846:	2d9e                	.insn	2, 0x2d9e
80004848:	ac55                	.insn	2, 0xac55
8000484a:	0f762da3          	sw	s7,251(a2) # 292dc0fb <buflen.1+0x292dc0bb>
8000484e:	ec892dbb          	.insn	4, 0xec892dbb
80004852:	2dc4                	.insn	2, 0x2dc4
80004854:	95c4                	.insn	2, 0x95c4
80004856:	2dc9                	.insn	2, 0x2dc9
80004858:	17e0                	.insn	2, 0x17e0
8000485a:	2dd6                	.insn	2, 0x2dd6
8000485c:	2deb91bf 2df3dfcb 	.insn	8, 0x2df3dfcb2deb91bf
80004864:	2e04b247          	.insn	4, 0x2e04b247
80004868:	9db6                	.insn	2, 0x9db6
8000486a:	77ef2e07          	.insn	4, 0x77ef2e07
8000486e:	0dbb2e0b          	.insn	4, 0x0dbb2e0b
80004872:	2e16                	.insn	2, 0x2e16
80004874:	2e56b07f 2e6a0f7c 	.insn	16, 0x2e70078a2e6c133b2e6a0f7c2e56b07f
8000487c:	2e6c133b 2e70078a 
80004884:	26e2                	.insn	2, 0x26e2
80004886:	2eb2                	.insn	2, 0x2eb2
80004888:	3bb4                	.insn	2, 0x3bb4
8000488a:	2ed0                	.insn	2, 0x2ed0
8000488c:	4040                	.insn	2, 0x4040
8000488e:	2ed9                	.insn	2, 0x2ed9
80004890:	f2c1                	.insn	2, 0xf2c1
80004892:	2edd                	.insn	2, 0x2edd
80004894:	0df8                	.insn	2, 0x0df8
80004896:	2ee2                	.insn	2, 0x2ee2
80004898:	2eea494b          	.insn	4, 0x2eea494b
8000489c:	def5                	.insn	2, 0xdef5
8000489e:	2ef0                	.insn	2, 0x2ef0
800048a0:	8746                	.insn	2, 0x8746
800048a2:	2ef5                	.insn	2, 0x2ef5
800048a4:	9bd8                	.insn	2, 0x9bd8
800048a6:	2ef6                	.insn	2, 0x2ef6
800048a8:	5b1f 2f1a 9f26      	.insn	6, 0x9f262f1a5b1f
800048ae:	2f24                	.insn	2, 0x2f24
800048b0:	9259                	.insn	2, 0x9259
800048b2:	2f28                	.insn	2, 0x2f28
800048b4:	91a6                	.insn	2, 0x91a6
800048b6:	ef642f2b          	.insn	4, 0xef642f2b
800048ba:	b4642f4b          	.insn	4, 0xb4642f4b
800048be:	2f70                	.insn	2, 0x2f70
800048c0:	2c50                	.insn	2, 0x2c50
800048c2:	2f82                	.insn	2, 0x2f82
800048c4:	5026                	.insn	2, 0x5026
800048c6:	d1cb2f97          	auipc	t6,0xd1cb2
800048ca:	b6d42fa7          	.insn	4, 0xb6d42fa7
800048ce:	2faa                	.insn	2, 0x2faa
800048d0:	2fb80fd7          	.insn	4, 0x2fb80fd7
800048d4:	21dc                	.insn	2, 0x21dc
800048d6:	2fb9                	.insn	2, 0x2fb9
800048d8:	2fbefe13          	andi	t3,t4,763
800048dc:	2fc79aeb          	.insn	4, 0x2fc79aeb
800048e0:	2fcade4f          	.insn	4, 0x2fcade4f
800048e4:	b366                	.insn	2, 0xb366
800048e6:	2fd8                	.insn	2, 0x2fd8
800048e8:	2ff1affb          	.insn	4, 0x2ff1affb
800048ec:	30107333          	.insn	4, 0x30107333
800048f0:	301453e7          	.insn	4, 0x301453e7
800048f4:	3014dbb7          	lui	s7,0x3014d
800048f8:	94ee                	.insn	2, 0x94ee
800048fa:	3041                	.insn	2, 0x3041
800048fc:	86c8                	.insn	2, 0x86c8
800048fe:	304d                	.insn	2, 0x304d
80004900:	81e5                	.insn	2, 0x81e5
80004902:	93fd304f          	.insn	4, 0x93fd304f
80004906:	89643067          	.insn	4, 0x89643067
8000490a:	306a                	.insn	2, 0x306a
8000490c:	2809                	.insn	2, 0x2809
8000490e:	3401306b          	.insn	4, 0x3401306b
80004912:	307d                	.insn	2, 0x307d
80004914:	46b2                	.insn	2, 0x46b2
80004916:	3089                	.insn	2, 0x3089
80004918:	9914                	.insn	2, 0x9914
8000491a:	3095                	.insn	2, 0x3095
8000491c:	cd5f 30b8 735e      	.insn	6, 0x735e30b8cd5f
80004922:	30ee                	.insn	2, 0x30ee
80004924:	d0d4                	.insn	2, 0xd0d4
80004926:	30f6                	.insn	2, 0x30f6
80004928:	6af4                	.insn	2, 0x6af4
8000492a:	3108                	.insn	2, 0x3108
8000492c:	1d65                	.insn	2, 0x1d65
8000492e:	3116                	.insn	2, 0x3116
80004930:	31529973          	csrrw	s2,0x315,t0
80004934:	3170694b          	.insn	4, 0x3170694b
80004938:	31766a3f 3181e05e 	.insn	8, 0x3181e05e31766a3f
80004940:	318c2ea3          	sw	s8,797(s8)
80004944:	318c39e7          	.insn	4, 0x318c39e7
80004948:	8c7a                	.insn	2, 0x8c7a
8000494a:	3198                	.insn	2, 0x3198
8000494c:	dfc5                	.insn	2, 0xdfc5
8000494e:	31a6                	.insn	2, 0x31a6
80004950:	31bc1683          	lh	a3,795(s8)
80004954:	0fec                	.insn	2, 0x0fec
80004956:	31c6                	.insn	2, 0x31c6
80004958:	d196                	.insn	2, 0xd196
8000495a:	31cc                	.insn	2, 0x31cc
8000495c:	0a74                	.insn	2, 0x0a74
8000495e:	31d9                	.insn	2, 0x31d9
80004960:	58ee                	.insn	2, 0x58ee
80004962:	fa4731e3          	.insn	4, 0xfa4731e3
80004966:	100a31e3          	.insn	4, 0x100a31e3
8000496a:	31ec                	.insn	2, 0x31ec
8000496c:	de75                	.insn	2, 0xde75
8000496e:	3209                	.insn	2, 0x3209
80004970:	3213004b          	.insn	4, 0x3213004b
80004974:	6e71                	.insn	2, 0x6e71
80004976:	324a                	.insn	2, 0x324a
80004978:	324f49f7          	.insn	4, 0x324f49f7
8000497c:	5676                	.insn	2, 0x5676
8000497e:	3268                	.insn	2, 0x3268
80004980:	e084                	.insn	2, 0xe084
80004982:	326e                	.insn	2, 0x326e
80004984:	dd86                	.insn	2, 0xdd86
80004986:	3276                	.insn	2, 0x3276
80004988:	19a6                	.insn	2, 0x19a6
8000498a:	3280                	.insn	2, 0x3280
8000498c:	9e1e                	.insn	2, 0x9e1e
8000498e:	328d                	.insn	2, 0x328d
80004990:	32919983          	lh	s3,809(gp) # e9c70329 <__global_pointer$+0x69c67df5>
80004994:	2dde                	.insn	2, 0x2dde
80004996:	32a2                	.insn	2, 0x32a2
80004998:	24ff 32be 29b6 32c4 	.insn	14, 0x6a7432cda56532c429b632be24ff
800049a0:	a565 32cd 6a74 
800049a6:	32ce                	.insn	2, 0x32ce
800049a8:	3d32                	.insn	2, 0x3d32
800049aa:	32d5                	.insn	2, 0x32d5
800049ac:	127e                	.insn	2, 0x127e
800049ae:	32e0                	.insn	2, 0x32e0
800049b0:	32ee431b          	.insn	4, 0x32ee431b
800049b4:	e815                	.insn	2, 0xe815
800049b6:	ffd432f7          	.insn	4, 0xffd432f7
800049ba:	330e                	.insn	2, 0x330e
800049bc:	4b8a                	.insn	2, 0x4b8a
800049be:	3312                	.insn	2, 0x3312
800049c0:	33226d3b          	.insn	4, 0x33226d3b
800049c4:	bb69                	.insn	2, 0xbb69
800049c6:	3324                	.insn	2, 0x3324
800049c8:	57fc                	.insn	2, 0x57fc
800049ca:	3326                	.insn	2, 0x3326
800049cc:	3085                	.insn	2, 0x3085
800049ce:	3339                	.insn	2, 0x3339
800049d0:	a3bc                	.insn	2, 0xa3bc
800049d2:	333c                	.insn	2, 0x333c
800049d4:	3348100b          	.insn	4, 0x3348100b
800049d8:	bf5f 3378 37b1      	.insn	6, 0x37b13378bf5f
800049de:	337a                	.insn	2, 0x337a
800049e0:	9944                	.insn	2, 0x9944
800049e2:	339f 69aa 33a5      	.insn	6, 0x33a569aa339f
800049e8:	26c9                	.insn	2, 0x26c9
800049ea:	d57033ab          	.insn	4, 0xd57033ab
800049ee:	33ac                	.insn	2, 0x33ac
800049f0:	f61d                	.insn	2, 0xf61d
800049f2:	33b6                	.insn	2, 0x33b6
800049f4:	e796                	.insn	2, 0xe796
800049f6:	33d8                	.insn	2, 0x33d8
800049f8:	33f842cb          	.insn	4, 0x33f842cb
800049fc:	34127047          	.insn	4, 0x34127047
80004a00:	3417d43b          	.insn	4, 0x3417d43b
80004a04:	86a9                	.insn	2, 0x86a9
80004a06:	341a                	.insn	2, 0x341a
80004a08:	342ec987          	.insn	4, 0x342ec987
80004a0c:	b01d                	.insn	2, 0xb01d
80004a0e:	3438                	.insn	2, 0x3438
80004a10:	c77a                	.insn	2, 0xc77a
80004a12:	345f 935e 3460      	.insn	6, 0x3460935e345f
80004a18:	b74e                	.insn	2, 0xb74e
80004a1a:	3462                	.insn	2, 0x3462
80004a1c:	47ff 346a e798 346c 	.insn	18, 0x3b97347ab34e3471e0a8346ce798346a47ff
80004a24:	e0a8 3471 b34e 347a 
80004a2c:	3b97 
80004a2e:	347e                	.insn	2, 0x347e
80004a30:	3491fb3f 34968f93 	.insn	8, 0x34968f933491fb3f
80004a38:	3499a707          	.insn	4, 0x3499a707
80004a3c:	5b28                	.insn	2, 0x5b28
80004a3e:	34cd                	.insn	2, 0x34cd
80004a40:	3644                	.insn	2, 0x3644
80004a42:	34de                	.insn	2, 0x34de
80004a44:	6341                	.insn	2, 0x6341
80004a46:	5cce34eb          	.insn	4, 0x5cce34eb
80004a4a:	6b953513          	sltiu	a0,a0,1721
80004a4e:	3526                	.insn	2, 0x3526
80004a50:	99c5                	.insn	2, 0x99c5
80004a52:	2e883533          	.insn	4, 0x2e883533
80004a56:	3539                	.insn	2, 0x3539
80004a58:	b79f 353e 36c6      	.insn	6, 0x36c6353eb79f
80004a5e:	b68b3543          	.insn	4, 0xb68b3543
80004a62:	3548                	.insn	2, 0x3548
80004a64:	1a2c                	.insn	2, 0x1a2c
80004a66:	3555                	.insn	2, 0x3555
80004a68:	a8ed                	.insn	2, 0xa8ed
80004a6a:	d7583557          	.insn	4, 0xd7583557
80004a6e:	3559                	.insn	2, 0x3559
80004a70:	3150                	.insn	2, 0x3150
80004a72:	3561                	.insn	2, 0x3561
80004a74:	05a2                	.insn	2, 0x05a2
80004a76:	3594                	.insn	2, 0x3594
80004a78:	35ae                	.insn	2, 0x35ae
80004a7a:	35c0                	.insn	2, 0x35c0
80004a7c:	5411                	.insn	2, 0x5411
80004a7e:	35e6                	.insn	2, 0x35e6
80004a80:	360e2f13          	slti	t5,t3,864
80004a84:	3615d7bf 36182d7f 	.insn	8, 0x36182d7f3615d7bf
80004a8c:	69d9                	.insn	2, 0x69d9
80004a8e:	3632                	.insn	2, 0x3632
80004a90:	93c9                	.insn	2, 0x93c9
80004a92:	3634                	.insn	2, 0x3634
80004a94:	d420                	.insn	2, 0xd420
80004a96:	d5de3647          	.insn	4, 0xd5de3647
80004a9a:	3661                	.insn	2, 0x3661
80004a9c:	5b94                	.insn	2, 0x5b94
80004a9e:	3688                	.insn	2, 0x3688
80004aa0:	42ad                	.insn	2, 0x42ad
80004aa2:	3698                	.insn	2, 0x3698
80004aa4:	2b51                	.insn	2, 0x2b51
80004aa6:	369a                	.insn	2, 0x369a
80004aa8:	10ae                	.insn	2, 0x10ae
80004aaa:	36b0                	.insn	2, 0x36b0
80004aac:	36bd5793          	.insn	4, 0x36bd5793
80004ab0:	36d21197          	auipc	gp,0x36d21
80004ab4:	181a                	.insn	2, 0x181a
80004ab6:	36ee                	.insn	2, 0x36ee
80004ab8:	712a                	.insn	2, 0x712a
80004aba:	2af736f7          	.insn	4, 0x2af736f7
80004abe:	953f370b          	.insn	4, 0x953f370b
80004ac2:	6219370f          	.insn	4, 0x6219370f
80004ac6:	99ac371b          	.insn	4, 0x99ac371b
80004aca:	42b9372b          	.insn	4, 0x42b9372b
80004ace:	3731                	.insn	2, 0x3731
80004ad0:	b46e                	.insn	2, 0xb46e
80004ad2:	3734                	.insn	2, 0x3734
80004ad4:	f7b8                	.insn	2, 0xf7b8
80004ad6:	98ff373f e5553741 	.insn	8, 0xe555374198ff373f
80004ade:	3748                	.insn	2, 0x3748
80004ae0:	3752e6c7          	.insn	4, 0x3752e6c7
80004ae4:	375ced43          	.insn	4, 0x375ced43
80004ae8:	c88e                	.insn	2, 0xc88e
80004aea:	3764                	.insn	2, 0x3764
80004aec:	3774479b          	.insn	4, 0x3774479b
80004af0:	a8b1                	.insn	2, 0xa8b1
80004af2:	a7273793          	sltiu	a5,a4,-1422
80004af6:	37a5                	.insn	2, 0x37a5
80004af8:	37a6bc03          	.insn	4, 0x37a6bc03
80004afc:	74e5                	.insn	2, 0x74e5
80004afe:	37ac                	.insn	2, 0x37ac
80004b00:	66c0                	.insn	2, 0x66c0
80004b02:	37b6                	.insn	2, 0x37b6
80004b04:	7574                	.insn	2, 0x7574
80004b06:	37c2                	.insn	2, 0x37c2
80004b08:	37c3b8f7          	.insn	4, 0x37c3b8f7
80004b0c:	7da5                	.insn	2, 0x7da5
80004b0e:	37c5                	.insn	2, 0x37c5
80004b10:	37c94eb3          	.insn	4, 0x37c94eb3
80004b14:	b958                	.insn	2, 0xb958
80004b16:	37da                	.insn	2, 0x37da
80004b18:	626c                	.insn	2, 0x626c
80004b1a:	37e8                	.insn	2, 0x37e8
80004b1c:	8c39                	.insn	2, 0x8c39
80004b1e:	37e8                	.insn	2, 0x37e8
80004b20:	9834                	.insn	2, 0x9834
80004b22:	b6ea37ff b3cd381d 	.insn	16, 0x20f13842578e3834b3cd381db6ea37ff
80004b2a:	578e3834 20f13842 
80004b32:	384a                	.insn	2, 0x384a
80004b34:	092d                	.insn	2, 0x092d
80004b36:	3862                	.insn	2, 0x3862
80004b38:	38679167          	.insn	4, 0x38679167
80004b3c:	4d02                	.insn	2, 0x4d02
80004b3e:	3869                	.insn	2, 0x3869
80004b40:	386a4a27          	.insn	4, 0x386a4a27
80004b44:	cfc9                	.insn	2, 0xcfc9
80004b46:	c145388b          	.insn	4, 0xc145388b
80004b4a:	3890                	.insn	2, 0x3890
80004b4c:	3893fc2f          	.insn	4, 0x3893fc2f
80004b50:	ffda                	.insn	2, 0xffda
80004b52:	389f 05d1 38b3      	.insn	6, 0x38b305d1389f
80004b58:	38b93c73          	csrrc	s8,0x38b,s2
80004b5c:	f23d                	.insn	2, 0xf23d
80004b5e:	38ca                	.insn	2, 0x38ca
80004b60:	7b46                	.insn	2, 0x7b46
80004b62:	023138d3          	.insn	4, 0x023138d3
80004b66:	a07c38db          	.insn	4, 0xa07c38db
80004b6a:	db9c38e3          	.insn	4, 0xdb9c38e3
80004b6e:	38ea                	.insn	2, 0x38ea
80004b70:	4292                	.insn	2, 0x4292
80004b72:	3b0338eb          	.insn	4, 0x3b0338eb
80004b76:	bd26390b          	.insn	4, 0xbd26390b
80004b7a:	3925                	.insn	2, 0x3925
80004b7c:	9561                	.insn	2, 0x9561
80004b7e:	392e                	.insn	2, 0x392e
80004b80:	6cd4                	.insn	2, 0x6cd4
80004b82:	c9d63947          	.insn	4, 0xc9d63947
80004b86:	397a                	.insn	2, 0x397a
80004b88:	35c4                	.insn	2, 0x35c4
80004b8a:	398c                	.insn	2, 0x398c
80004b8c:	398d5073          	csrwi	0x398,26
80004b90:	399987cf          	.insn	4, 0x399987cf
80004b94:	737c                	.insn	2, 0x737c
80004b96:	eec339bf 6d6839c2 	.insn	8, 0x6d6839c2eec339bf
80004b9e:	39c6                	.insn	2, 0x39c6
80004ba0:	39c73b7f 39c96743 	.insn	16, 0x39f0708e39d3fdf639c9674339c73b7f
80004ba8:	39d3fdf6 39f0708e 
80004bb0:	6835                	.insn	2, 0x6835
80004bb2:	3a04                	.insn	2, 0x3a04
80004bb4:	493e                	.insn	2, 0x493e
80004bb6:	3a06                	.insn	2, 0x3a06
80004bb8:	56e2                	.insn	2, 0x56e2
80004bba:	3a06                	.insn	2, 0x3a06
80004bbc:	3a0a8c2b          	.insn	4, 0x3a0a8c2b
80004bc0:	cef4                	.insn	2, 0xcef4
80004bc2:	3a2c                	.insn	2, 0x3a2c
80004bc4:	8a86                	.insn	2, 0x8a86
80004bc6:	3a2d                	.insn	2, 0x3a2d
80004bc8:	c658                	.insn	2, 0xc658
80004bca:	3a42                	.insn	2, 0x3a42
80004bcc:	3a49aebb          	.insn	4, 0x3a49aebb
80004bd0:	de5c                	.insn	2, 0xde5c
80004bd2:	3a4e                	.insn	2, 0x3a4e
80004bd4:	56ec                	.insn	2, 0x56ec
80004bd6:	3a74                	.insn	2, 0x3a74
80004bd8:	c985                	.insn	2, 0xc985
80004bda:	3a76                	.insn	2, 0x3a76
80004bdc:	3a980e8b          	.insn	4, 0x3a980e8b
80004be0:	3aba90eb          	.insn	4, 0x3aba90eb
80004be4:	3ac8d43b          	.insn	4, 0x3ac8d43b
80004be8:	0afe                	.insn	2, 0x0afe
80004bea:	3ae0                	.insn	2, 0x3ae0
80004bec:	4361                	.insn	2, 0x4361
80004bee:	3aea                	.insn	2, 0x3aea
80004bf0:	3b13e5b7          	lui	a1,0x3b13e
80004bf4:	cef1                	.insn	2, 0xcef1
80004bf6:	3b1e                	.insn	2, 0x3b1e
80004bf8:	fafd                	.insn	2, 0xfafd
80004bfa:	3b26                	.insn	2, 0x3b26
80004bfc:	fdc5                	.insn	2, 0xfdc5
80004bfe:	fc5c3b37          	lui	s6,0xfc5c3
80004c02:	af763b3b          	.insn	4, 0xaf763b3b
80004c06:	ed023b43          	.insn	4, 0xed023b43
80004c0a:	3b76                	.insn	2, 0x3b76
80004c0c:	7cce                	.insn	2, 0x7cce
80004c0e:	3b8a                	.insn	2, 0x3b8a
80004c10:	07e4                	.insn	2, 0x07e4
80004c12:	d0de3b8f          	.insn	4, 0xd0de3b8f
80004c16:	3b90                	.insn	2, 0x3b90
80004c18:	3b99408f          	.insn	4, 0x3b99408f
80004c1c:	3eb0                	.insn	2, 0x3eb0
80004c1e:	3c06                	.insn	2, 0x3c06
80004c20:	e4c1                	.insn	2, 0xe4c1
80004c22:	3c39                	.insn	2, 0x3c39
80004c24:	02ec                	.insn	2, 0x02ec
80004c26:	3c49                	.insn	2, 0x3c49
80004c28:	de19                	.insn	2, 0xde19
80004c2a:	3c49                	.insn	2, 0x3c49
80004c2c:	bdbd                	.insn	2, 0xbdbd
80004c2e:	3a763c4b          	.insn	4, 0x3a763c4b
80004c32:	e86b3c5b          	.insn	4, 0xe86b3c5b
80004c36:	3c6e                	.insn	2, 0x3c6e
80004c38:	1752                	.insn	2, 0x1752
80004c3a:	3c96                	.insn	2, 0x3c96
80004c3c:	3c985217          	auipc	tp,0x3c985
80004c40:	8b6a                	.insn	2, 0x8b6a
80004c42:	3ccc                	.insn	2, 0x3ccc
80004c44:	71b9                	.insn	2, 0x71b9
80004c46:	a1413cdb          	.insn	4, 0xa1413cdb
80004c4a:	0d013cf7          	.insn	4, 0x0d013cf7
80004c4e:	3d1a                	.insn	2, 0x3d1a
80004c50:	bfe5                	.insn	2, 0xbfe5
80004c52:	3d2c                	.insn	2, 0x3d2c
80004c54:	54be                	.insn	2, 0x54be
80004c56:	3d2d                	.insn	2, 0x3d2d
80004c58:	5ae1                	.insn	2, 0x5ae1
80004c5a:	3d42                	.insn	2, 0x3d42
80004c5c:	3d4262f7          	.insn	4, 0x3d4262f7
80004c60:	1d74                	.insn	2, 0x1d74
80004c62:	3d4e                	.insn	2, 0x3d4e
80004c64:	8d0c                	.insn	2, 0x8d0c
80004c66:	3d52                	.insn	2, 0x3d52
80004c68:	56d6                	.insn	2, 0x56d6
80004c6a:	3d54                	.insn	2, 0x3d54
80004c6c:	fb3a                	.insn	2, 0xfb3a
80004c6e:	742a3d57          	.insn	4, 0x742a3d57
80004c72:	3d5a                	.insn	2, 0x3d5a
80004c74:	00fc                	.insn	2, 0x00fc
80004c76:	3d62                	.insn	2, 0x3d62
80004c78:	592a                	.insn	2, 0x592a
80004c7a:	3d7d                	.insn	2, 0x3d7d
80004c7c:	7fc4                	.insn	2, 0x7fc4
80004c7e:	3d8e                	.insn	2, 0x3d8e
80004c80:	3d9105a3          	sb	s9,971(sp)
80004c84:	38e6                	.insn	2, 0x38e6
80004c86:	3da0                	.insn	2, 0x3da0
80004c88:	ffa0                	.insn	2, 0xffa0
80004c8a:	3db1                	.insn	2, 0x3db1
80004c8c:	3dbf7153          	.insn	4, 0x3dbf7153
80004c90:	50ad                	.insn	2, 0x50ad
80004c92:	e9283dd7          	.insn	4, 0xe9283dd7
80004c96:	3dde                	.insn	2, 0x3dde
80004c98:	4c2e                	.insn	2, 0x4c2e
80004c9a:	b7773deb          	.insn	4, 0xb7773deb
80004c9e:	0a4d3e27          	.insn	4, 0x0a4d3e27
80004ca2:	3e2a                	.insn	2, 0x3e2a
80004ca4:	f67f                	.insn	2, 0xf67f
80004ca6:	3e38                	.insn	2, 0x3e38
80004ca8:	3e3b8743          	.insn	4, 0x3e3b8743
80004cac:	3e5303f7          	.insn	4, 0x3e5303f7
80004cb0:	79d1                	.insn	2, 0x79d1
80004cb2:	17143e53          	.insn	4, 0x17143e53
80004cb6:	3e6d                	.insn	2, 0x3e6d
80004cb8:	99ec                	.insn	2, 0x99ec
80004cba:	3e85                	.insn	2, 0x3e85
80004cbc:	b8b0                	.insn	2, 0xb8b0
80004cbe:	3e8d                	.insn	2, 0x3e8d
80004cc0:	6ce8                	.insn	2, 0x6ce8
80004cc2:	8b753e9b          	.insn	4, 0x8b753e9b
80004cc6:	3e9d                	.insn	2, 0x3e9d
80004cc8:	ccad                	.insn	2, 0xccad
80004cca:	c5723ea7          	.insn	4, 0xc5723ea7
80004cce:	99263ed3          	.insn	4, 0x99263ed3
80004cd2:	3f00                	.insn	2, 0x3f00
80004cd4:	227f 3f1a 1b75 3f1e 	.insn	14, 0x204c3f4ac5ee3f1e1b753f1a227f
80004cdc:	c5ee 3f4a 204c 
80004ce2:	3f66                	.insn	2, 0x3f66
80004ce4:	7168                	.insn	2, 0x7168
80004ce6:	d17c3f67          	.insn	4, 0xd17c3f67
80004cea:	e53c3f67          	.insn	4, 0xe53c3f67
80004cee:	3f68                	.insn	2, 0x3f68
80004cf0:	b11e                	.insn	2, 0xb11e
80004cf2:	3f7c                	.insn	2, 0x3f7c
80004cf4:	f425                	.insn	2, 0xf425
80004cf6:	3f81                	.insn	2, 0x3f81
80004cf8:	156e                	.insn	2, 0x156e
80004cfa:	3f8a                	.insn	2, 0x3f8a
80004cfc:	3f95e34b          	.insn	4, 0x3f95e34b
80004d00:	f67d                	.insn	2, 0xf67d
80004d02:	3fa4                	.insn	2, 0x3fa4
80004d04:	5aa8                	.insn	2, 0x5aa8
80004d06:	3fb1                	.insn	2, 0x3fb1
80004d08:	91b1                	.insn	2, 0x91b1
80004d0a:	3fb4                	.insn	2, 0x3fb4
80004d0c:	83ba                	.insn	2, 0x83ba
80004d0e:	3fbe                	.insn	2, 0x3fbe
80004d10:	4afd                	.insn	2, 0x4afd
80004d12:	fa463fff 12294001 	.insn	16, 0x7e40401ed5c8400712294001fa463fff
80004d1a:	d5c84007 7e40401e 
80004d22:	4025                	.insn	2, 0x4025
80004d24:	4043fd5b          	.insn	4, 0x4043fd5b
80004d28:	405d5a9b          	.insn	4, 0x405d5a9b
80004d2c:	a050                	.insn	2, 0xa050
80004d2e:	4085                	.insn	2, 0x4085
80004d30:	345c                	.insn	2, 0x345c
80004d32:	7651408b          	.insn	4, 0x7651408b
80004d36:	c4ff408b          	.insn	4, 0xc4ff408b
80004d3a:	40b0                	.insn	2, 0x40b0
80004d3c:	4885                	.insn	2, 0x4885
80004d3e:	40cd                	.insn	2, 0x40cd
80004d40:	0d2d                	.insn	2, 0x0d2d
80004d42:	40ce                	.insn	2, 0x40ce
80004d44:	24f2                	.insn	2, 0x24f2
80004d46:	40ce                	.insn	2, 0x40ce
80004d48:	cc41                	.insn	2, 0xcc41
80004d4a:	40d2                	.insn	2, 0x40d2
80004d4c:	a17a                	.insn	2, 0xa17a
80004d4e:	40d5                	.insn	2, 0x40d5
80004d50:	0dea                	.insn	2, 0x0dea
80004d52:	a95e40ef          	jal	7ffe97e6 <buflen.1+0x7ffe97a6>
80004d56:	ad3840f3          	.insn	4, 0xad3840f3
80004d5a:	40f9                	.insn	2, 0x40f9
80004d5c:	f865                	.insn	2, 0xf865
80004d5e:	40fd                	.insn	2, 0x40fd
80004d60:	40fed847          	.insn	4, 0x40fed847
80004d64:	411c6f63          	bltu	s8,a7,80005182 <verify_data+0x144e>
80004d68:	41240a87          	.insn	4, 0x41240a87
80004d6c:	6f6a                	.insn	2, 0x6f6a
80004d6e:	4139                	.insn	2, 0x4139
80004d70:	3ab2                	.insn	2, 0x3ab2
80004d72:	413d                	.insn	2, 0x413d
80004d74:	88ae                	.insn	2, 0x88ae
80004d76:	414a                	.insn	2, 0x414a
80004d78:	58f0                	.insn	2, 0x58f0
80004d7a:	418e                	.insn	2, 0x418e
80004d7c:	4ba0                	.insn	2, 0x4ba0
80004d7e:	4191                	.insn	2, 0x4191
80004d80:	07d4                	.insn	2, 0x07d4
80004d82:	4192                	.insn	2, 0x4192
80004d84:	41aaf2ef          	jal	t0,800b419e <__global_pointer$+0xabc6a>
80004d88:	2be4                	.insn	2, 0x2be4
80004d8a:	41ae                	.insn	2, 0x41ae
80004d8c:	a764                	.insn	2, 0xa764
80004d8e:	41b5                	.insn	2, 0x41b5
80004d90:	65ff 41b8 a514 41be 	.insn	22, 0xa0e2423bc726422f299741f694ba41bea51441b865ff
80004d98:	94ba 41f6 2997 422f 
80004da0:	c726 423b a0e2 
80004da6:	4248                	.insn	2, 0x4248
80004da8:	f095                	.insn	2, 0xf095
80004daa:	4252                	.insn	2, 0x4252
80004dac:	9e80                	.insn	2, 0x9e80
80004dae:	4261                	.insn	2, 0x4261
80004db0:	8d86                	.insn	2, 0x8d86
80004db2:	42d0                	.insn	2, 0x42d0
80004db4:	42d7b4a3          	.insn	4, 0x42d7b4a3
80004db8:	42dd5013          	srai	zero,s10,0x2d
80004dbc:	42dfc0af          	.insn	4, 0x42dfc0af
80004dc0:	1664                	.insn	2, 0x1664
80004dc2:	42ec                	.insn	2, 0x42ec
80004dc4:	aca1                	.insn	2, 0xaca1
80004dc6:	42f4                	.insn	2, 0x42f4
80004dc8:	1936                	.insn	2, 0x1936
80004dca:	42f8                	.insn	2, 0x42f8
80004dcc:	430fbce7          	.insn	4, 0x430fbce7
80004dd0:	b1f5                	.insn	2, 0xb1f5
80004dd2:	431a                	.insn	2, 0x431a
80004dd4:	aba4                	.insn	2, 0xaba4
80004dd6:	431d                	.insn	2, 0x431d
80004dd8:	4d99                	.insn	2, 0x4d99
80004dda:	8fd1432f          	.insn	4, 0x8fd1432f
80004dde:	433a                	.insn	2, 0x433a
80004de0:	9488                	.insn	2, 0x9488
80004de2:	4349                	.insn	2, 0x4349
80004de4:	6781                	.insn	2, 0x6781
80004de6:	c7ab4367          	.insn	4, 0xc7ab4367
80004dea:	0f3a4373          	.insn	4, 0x0f3a4373
80004dee:	4382                	.insn	2, 0x4382
80004df0:	7015                	.insn	2, 0x7015
80004df2:	19f2438f          	.insn	4, 0x19f2438f
80004df6:	4396                	.insn	2, 0x4396
80004df8:	4adc                	.insn	2, 0x4adc
80004dfa:	439a                	.insn	2, 0x439a
80004dfc:	d65f 43b2 0354      	.insn	6, 0x035443b2d65f
80004e02:	43ba                	.insn	2, 0x43ba
80004e04:	6d74                	.insn	2, 0x6d74
80004e06:	0be443bb          	.insn	4, 0x0be443bb
80004e0a:	43cd                	.insn	2, 0x43cd
80004e0c:	43e409b7          	lui	s3,0x43e40
80004e10:	3234                	.insn	2, 0x3234
80004e12:	43e6                	.insn	2, 0x43e6
80004e14:	247f 43f3 22f9 43fe 	.insn	14, 0x99ca44235c1243fe22f943f3247f
80004e1c:	5c12 4423 99ca 
80004e22:	4428                	.insn	2, 0x4428
80004e24:	d032                	.insn	2, 0xd032
80004e26:	442d                	.insn	2, 0x442d
80004e28:	5118                	.insn	2, 0x5118
80004e2a:	4430                	.insn	2, 0x4430
80004e2c:	463a                	.insn	2, 0x463a
80004e2e:	443a                	.insn	2, 0x443a
80004e30:	44630ba3          	sb	t1,1111(t1)
80004e34:	ef61                	.insn	2, 0xef61
80004e36:	4469                	.insn	2, 0x4469
80004e38:	4477c207          	.insn	4, 0x4477c207
80004e3c:	1402                	.insn	2, 0x1402
80004e3e:	447e                	.insn	2, 0x447e
80004e40:	82a8                	.insn	2, 0x82a8
80004e42:	3cf24497          	auipc	s1,0x3cf24
80004e46:	79ab44af          	.insn	4, 0x79ab44af
80004e4a:	44b0                	.insn	2, 0x44b0
80004e4c:	7ed5                	.insn	2, 0x7ed5
80004e4e:	44d5                	.insn	2, 0x44d5
80004e50:	e886                	.insn	2, 0xe886
80004e52:	44de                	.insn	2, 0x44de
80004e54:	44e034f3          	csrrc	s1,0x44e,zero
80004e58:	be30                	.insn	2, 0xbe30
80004e5a:	980f44f3          	.insn	4, 0x980f44f3
80004e5e:	4500                	.insn	2, 0x4500
80004e60:	3ef5                	.insn	2, 0x3ef5
80004e62:	451f 4e25 4520      	.insn	6, 0x45204e25451f
80004e68:	a5a0                	.insn	2, 0xa5a0
80004e6a:	4522                	.insn	2, 0x4522
80004e6c:	bf66                	.insn	2, 0xbf66
80004e6e:	4524                	.insn	2, 0x4524
80004e70:	452708a7          	.insn	4, 0x452708a7
80004e74:	45288ea3          	sb	s2,1117(a7)
80004e78:	452947fb          	.insn	4, 0x452947fb
80004e7c:	6738                	.insn	2, 0x6738
80004e7e:	452c                	.insn	2, 0x452c
80004e80:	4f90                	.insn	2, 0x4f90
80004e82:	453c                	.insn	2, 0x453c
80004e84:	14c2                	.insn	2, 0x14c2
80004e86:	454d                	.insn	2, 0x454d
80004e88:	4f41                	.insn	2, 0x4f41
80004e8a:	39da4577          	.insn	4, 0x39da4577
80004e8e:	2dac4583          	lbu	a1,730(s8)
80004e92:	4592                	.insn	2, 0x4592
80004e94:	45a55e33          	.insn	4, 0x45a55e33
80004e98:	8575                	.insn	2, 0x8575
80004e9a:	45b2                	.insn	2, 0x45b2
80004e9c:	91ea                	.insn	2, 0x91ea
80004e9e:	45c4                	.insn	2, 0x45c4
80004ea0:	601e                	.insn	2, 0x601e
80004ea2:	45c8                	.insn	2, 0x45c8
80004ea4:	d378                	.insn	2, 0xd378
80004ea6:	45cc                	.insn	2, 0x45cc
80004ea8:	45da2b4b          	.insn	4, 0x45da2b4b
80004eac:	45dfbae3          	.insn	4, 0x45dfbae3
80004eb0:	60d8                	.insn	2, 0x60d8
80004eb2:	22c245f7          	.insn	4, 0x22c245f7
80004eb6:	45f8                	.insn	2, 0x45f8
80004eb8:	c688                	.insn	2, 0xc688
80004eba:	4602                	.insn	2, 0x4602
80004ebc:	2449                	.insn	2, 0x2449
80004ebe:	4609                	.insn	2, 0x4609
80004ec0:	952d                	.insn	2, 0x952d
80004ec2:	4616                	.insn	2, 0x4616
80004ec4:	2b82                	.insn	2, 0x2b82
80004ec6:	4638                	.insn	2, 0x4638
80004ec8:	d58c                	.insn	2, 0xd58c
80004eca:	463a                	.insn	2, 0x463a
80004ecc:	20ae                	.insn	2, 0x20ae
80004ece:	464e                	.insn	2, 0x464e
80004ed0:	5558                	.insn	2, 0x5558
80004ed2:	4656                	.insn	2, 0x4656
80004ed4:	465d649b          	.insn	4, 0x465d649b
80004ed8:	8db4                	.insn	2, 0x8db4
80004eda:	3a7a4667          	.insn	4, 0x3a7a4667
80004ede:	468a                	.insn	2, 0x468a
80004ee0:	fa54                	.insn	2, 0xfa54
80004ee2:	469a                	.insn	2, 0x469a
80004ee4:	42ff 46ae 9d13 46d0 	.insn	18, 0xa1b846e0db7846dadd1346d09d1346ae42ff
80004eec:	dd13 46da db78 46e0 
80004ef4:	a1b8 
80004ef6:	8a9e46e3          	blt	t3,s1,800047a2 <verify_data+0xa6e>
80004efa:	6c8346fb          	.insn	4, 0x6c8346fb
80004efe:	46fe                	.insn	2, 0x46fe
80004f00:	0e38                	.insn	2, 0x0e38
80004f02:	4705                	.insn	2, 0x4705
80004f04:	dae5                	.insn	2, 0xdae5
80004f06:	470e                	.insn	2, 0x470e
80004f08:	9f7d                	.insn	2, 0x9f7d
80004f0a:	d0aa472b          	.insn	4, 0xd0aa472b
80004f0e:	4735                	.insn	2, 0x4735
80004f10:	47c5                	.insn	2, 0x47c5
80004f12:	ead3476b          	.insn	4, 0xead3476b
80004f16:	1b49476b          	.insn	4, 0x1b49476b
80004f1a:	4775                	.insn	2, 0x4775
80004f1c:	229c                	.insn	2, 0x229c
80004f1e:	477c                	.insn	2, 0x477c
80004f20:	4797b60f          	.insn	4, 0x4797b60f
80004f24:	479820a3          	sw	s9,1121(a6)
80004f28:	ddb4                	.insn	2, 0xddb4
80004f2a:	479f 3740 47a5      	.insn	6, 0x47a53740479f
80004f30:	8ad5                	.insn	2, 0x8ad5
80004f32:	155447a7          	.insn	4, 0x155447a7
80004f36:	47ba                	.insn	2, 0x47ba
80004f38:	0524                	.insn	2, 0x0524
80004f3a:	47c2                	.insn	2, 0x47c2
80004f3c:	b8f5                	.insn	2, 0xb8f5
80004f3e:	47d2                	.insn	2, 0x47d2
80004f40:	d05f 47da 8286      	.insn	6, 0x828647dad05f
80004f46:	47e0                	.insn	2, 0x47e0
80004f48:	b732                	.insn	2, 0xb732
80004f4a:	47e6                	.insn	2, 0x47e6
80004f4c:	481bd9f3          	csrrwi	s3,0x481,23
80004f50:	0125                	.insn	2, 0x0125
80004f52:	481f 3db3 4847      	.insn	6, 0x48473db3481f
80004f58:	8551                	.insn	2, 0x8551
80004f5a:	484c                	.insn	2, 0x484c
80004f5c:	f4ee                	.insn	2, 0xf4ee
80004f5e:	4861                	.insn	2, 0x4861
80004f60:	adb0                	.insn	2, 0xadb0
80004f62:	486a                	.insn	2, 0x486a
80004f64:	6559                	.insn	2, 0x6559
80004f66:	486c                	.insn	2, 0x486c
80004f68:	0341                	.insn	2, 0x0341
80004f6a:	486d                	.insn	2, 0x486d
80004f6c:	4881f2b7          	lui	t0,0x4881f
80004f70:	36f5                	.insn	2, 0x36f5
80004f72:	4896                	.insn	2, 0x4896
80004f74:	2d61                	.insn	2, 0x2d61
80004f76:	48a1                	.insn	2, 0x48a1
80004f78:	48bfb5ef          	jal	a1,80100c02 <__global_pointer$+0xf86ce>
80004f7c:	b06d                	.insn	2, 0xb06d
80004f7e:	48c5                	.insn	2, 0x48c5
80004f80:	a2c4                	.insn	2, 0xa2c4
80004f82:	48c8                	.insn	2, 0x48c8
80004f84:	48d2104f          	.insn	4, 0x48d2104f
80004f88:	48deb2b3          	.insn	4, 0x48deb2b3
80004f8c:	c11e                	.insn	2, 0xc11e
80004f8e:	48ec                	.insn	2, 0x48ec
80004f90:	48ee3bd3          	.insn	4, 0x48ee3bd3
80004f94:	662c                	.insn	2, 0x662c
80004f96:	48ee                	.insn	2, 0x48ee
80004f98:	493e456f          	jal	a0,800e9c2a <__global_pointer$+0xe16f6>
80004f9c:	2b3c                	.insn	2, 0x2b3c
80004f9e:	44f24957          	.insn	4, 0x44f24957
80004fa2:	4961                	.insn	2, 0x4961
80004fa4:	d92d                	.insn	2, 0xd92d
80004fa6:	4961                	.insn	2, 0x4961
80004fa8:	49635f53          	.insn	4, 0x49635f53
80004fac:	523d                	.insn	2, 0x523d
80004fae:	4969                	.insn	2, 0x4969
80004fb0:	ccf5                	.insn	2, 0xccf5
80004fb2:	496d                	.insn	2, 0x496d
80004fb4:	49777d6b          	.insn	4, 0x49777d6b
80004fb8:	f754                	.insn	2, 0xf754
80004fba:	497d                	.insn	2, 0x497d
80004fbc:	6fb9                	.insn	2, 0x6fb9
80004fbe:	497e                	.insn	2, 0x497e
80004fc0:	c139                	.insn	2, 0xc139
80004fc2:	c342498f          	.insn	4, 0xc342498f
80004fc6:	cba1499b          	.insn	4, 0xcba1499b
80004fca:	49b049e3          	bgtz	s11,80005c5c <verify_data+0x1f28>
80004fce:	49ed                	.insn	2, 0x49ed
80004fd0:	4a41b0ab          	.insn	4, 0x4a41b0ab
80004fd4:	4a5ba023          	sw	t0,1184(s7) # 3014d4a0 <buflen.1+0x3014d460>
80004fd8:	8c9f 4a73 0635      	.insn	6, 0x06354a738c9f
80004fde:	4a75                	.insn	2, 0x4a75
80004fe0:	fd96                	.insn	2, 0xfd96
80004fe2:	4a86                	.insn	2, 0x4a86
80004fe4:	ca59                	.insn	2, 0xca59
80004fe6:	4ad5                	.insn	2, 0x4ad5
80004fe8:	4699                	.insn	2, 0x4699
80004fea:	4add                	.insn	2, 0x4add
80004fec:	5c10                	.insn	2, 0x5c10
80004fee:	4adf bad6 4ae2      	.insn	6, 0x4ae2bad64adf
80004ff4:	0a4e                	.insn	2, 0x0a4e
80004ff6:	4af4                	.insn	2, 0x4af4
80004ff8:	4b27318b          	.insn	4, 0x4b27318b
80004ffc:	af6d                	.insn	2, 0xaf6d
80004ffe:	4b3e                	.insn	2, 0x4b3e
80005000:	4b8786af          	.insn	4, 0x4b8786af
80005004:	3372                	.insn	2, 0x3372
80005006:	4bae                	.insn	2, 0x4bae
80005008:	91ec                	.insn	2, 0x91ec
8000500a:	d9bb4bc7          	.insn	4, 0xd9bb4bc7
8000500e:	058c4be3          	blt	s8,s8,80005864 <verify_data+0x1b30>
80005012:	9b834bef          	jal	s7,7ff391ca <buflen.1+0x7ff3918a>
80005016:	4bf2                	.insn	2, 0x4bf2
80005018:	5c1f 4bf6 040c      	.insn	6, 0x040c4bf65c1f
8000501e:	4c04                	.insn	2, 0x4c04
80005020:	97d2                	.insn	2, 0x97d2
80005022:	4c06                	.insn	2, 0x4c06
80005024:	58c2                	.insn	2, 0x58c2
80005026:	4c11                	.insn	2, 0x4c11
80005028:	8cce                	.insn	2, 0x8cce
8000502a:	4c2d                	.insn	2, 0x4c2d
8000502c:	4c38983f 4c38dab4 	.insn	8, 0x4c38dab44c38983f
80005034:	4c3ceec7          	.insn	4, 0x4c3ceec7
80005038:	f69e                	.insn	2, 0xf69e
8000503a:	4c4a                	.insn	2, 0x4c4a
8000503c:	465f 4c61 7db2      	.insn	6, 0x7db24c61465f
80005042:	e8004c9b          	.insn	4, 0xe8004c9b
80005046:	4cb5                	.insn	2, 0x4cb5
80005048:	acda                	.insn	2, 0xacda
8000504a:	4cb8                	.insn	2, 0x4cb8
8000504c:	4cc2bb0b          	.insn	4, 0x4cc2bb0b
80005050:	c236                	.insn	2, 0xc236
80005052:	47684ccf          	.insn	4, 0x47684ccf
80005056:	4cd9                	.insn	2, 0x4cd9
80005058:	4ced7143          	.insn	4, 0x4ced7143
8000505c:	a049                	.insn	2, 0xa049
8000505e:	4cf2                	.insn	2, 0x4cf2
80005060:	7b64                	.insn	2, 0x7b64
80005062:	2ba04cf3          	.insn	4, 0x2ba04cf3
80005066:	4cf4                	.insn	2, 0x4cf4
80005068:	cad2                	.insn	2, 0xcad2
8000506a:	4cf9                	.insn	2, 0x4cf9
8000506c:	1e4c                	.insn	2, 0x1e4c
8000506e:	aadb4d03          	lbu	s10,-1363(s6) # fc5c2aad <__global_pointer$+0x7c5ba579>
80005072:	4d08                	.insn	2, 0x4d08
80005074:	4d130333          	.insn	4, 0x4d130333
80005078:	345f 4d2e 799b      	.insn	6, 0x799b4d2e345f
8000507e:	4d4c                	.insn	2, 0x4d4c
80005080:	f848                	.insn	2, 0xf848
80005082:	4d60                	.insn	2, 0x4d60
80005084:	5bb8                	.insn	2, 0x5bb8
80005086:	1a904d77          	.insn	4, 0x1a904d77
8000508a:	4d9f fe51 4da5      	.insn	6, 0x4da5fe514d9f
80005090:	6f29                	.insn	2, 0x6f29
80005092:	4db5                	.insn	2, 0x4db5
80005094:	cec0                	.insn	2, 0xcec0
80005096:	4dc9                	.insn	2, 0x4dc9
80005098:	4e03cf67          	.insn	4, 0x4e03cf67
8000509c:	b8a4                	.insn	2, 0xb8a4
8000509e:	82044e17          	auipc	t3,0x82044
800050a2:	4e34                	.insn	2, 0x4e34
800050a4:	b850                	.insn	2, 0xb850
800050a6:	4e3a                	.insn	2, 0x4e3a
800050a8:	4e448da7          	.insn	4, 0x4e448da7
800050ac:	4e4c9107          	.insn	4, 0x4e4c9107
800050b0:	1808                	.insn	2, 0x1808
800050b2:	4e50                	.insn	2, 0x4e50
800050b4:	6961                	.insn	2, 0x6961
800050b6:	4e72                	.insn	2, 0x4e72
800050b8:	0276                	.insn	2, 0x0276
800050ba:	4e81                	.insn	2, 0x4e81
800050bc:	e729                	.insn	2, 0xe729
800050be:	4e82                	.insn	2, 0x4e82
800050c0:	94d2                	.insn	2, 0x94d2
800050c2:	d2144e8f          	.insn	4, 0xd2144e8f
800050c6:	4e9c                	.insn	2, 0x4e9c
800050c8:	4eaa874f          	.insn	4, 0x4eaa874f
800050cc:	8f85                	.insn	2, 0x8f85
800050ce:	4eca                	.insn	2, 0x4eca
800050d0:	687e                	.insn	2, 0x687e
800050d2:	4ed0                	.insn	2, 0x4ed0
800050d4:	4ed6bee3          	.insn	4, 0x4ed6bee3
800050d8:	9124                	.insn	2, 0x9124
800050da:	85ea4ee7          	.insn	4, 0x85ea4ee7
800050de:	4eec                	.insn	2, 0x4eec
800050e0:	aeb6                	.insn	2, 0xaeb6
800050e2:	4ef5                	.insn	2, 0x4ef5
800050e4:	4efa053b          	.insn	4, 0x4efa053b
800050e8:	2d0a                	.insn	2, 0x2d0a
800050ea:	6b084efb          	.insn	4, 0x6b084efb
800050ee:	4f09                	.insn	2, 0x4f09
800050f0:	d49f 4f2b 2e2c      	.insn	6, 0x2e2c4f2bd49f
800050f6:	4f35                	.insn	2, 0x4f35
800050f8:	4c14                	.insn	2, 0x4c14
800050fa:	82e34f5b          	.insn	4, 0x82e34f5b
800050fe:	4f5e                	.insn	2, 0x4f5e
80005100:	7e0c                	.insn	2, 0x7e0c
80005102:	4f6a                	.insn	2, 0x4f6a
80005104:	d6f6                	.insn	2, 0xd6f6
80005106:	2e644f6b          	.insn	4, 0x2e644f6b
8000510a:	4f6e                	.insn	2, 0x4f6e
8000510c:	4f730137          	lui	sp,0x4f730
80005110:	0661                	.insn	2, 0x0661
80005112:	4f80                	.insn	2, 0x4f80
80005114:	4e44                	.insn	2, 0x4e44
80005116:	4f90                	.insn	2, 0x4f90
80005118:	177e                	.insn	2, 0x177e
8000511a:	4f96                	.insn	2, 0x4f96
8000511c:	08d9                	.insn	2, 0x08d9
8000511e:	6eff4f97          	auipc	t6,0x6eff4
80005122:	4f9c                	.insn	2, 0x4f9c
80005124:	9f10                	.insn	2, 0x9f10
80005126:	4f9f 6481 4fa3      	.insn	6, 0x4fa364814f9f
8000512c:	94c6                	.insn	2, 0x94c6
8000512e:	4fa9                	.insn	2, 0x4fa9
80005130:	3271                	.insn	2, 0x3271
80005132:	a3944fb7          	lui	t6,0xa3944
80005136:	4fc1                	.insn	2, 0x4fc1
80005138:	fda0                	.insn	2, 0xfda0
8000513a:	44314fd3          	.insn	4, 0x44314fd3
8000513e:	4fed                	.insn	2, 0x4fed
80005140:	b9ad                	.insn	2, 0xb9ad
80005142:	501d                	.insn	2, 0x501d
80005144:	495f 502b d8ac      	.insn	6, 0xd8ac502b495f
8000514a:	5030                	.insn	2, 0x5030
8000514c:	503866b3          	.insn	4, 0x503866b3
80005150:	259f 503a ed35      	.insn	6, 0xed35503a259f
80005156:	504d                	.insn	2, 0x504d
80005158:	5c0d                	.insn	2, 0x5c0d
8000515a:	505e                	.insn	2, 0x505e
8000515c:	8da5                	.insn	2, 0x8da5
8000515e:	505e                	.insn	2, 0x505e
80005160:	5615                	.insn	2, 0x5615
80005162:	5081                	.insn	2, 0x5081
80005164:	9ad6                	.insn	2, 0x9ad6
80005166:	50a2                	.insn	2, 0x50a2
80005168:	5896                	.insn	2, 0x5896
8000516a:	636650a7          	.insn	4, 0x636650a7
8000516e:	50b4                	.insn	2, 0x50b4
80005170:	fc05                	.insn	2, 0xfc05
80005172:	50c4                	.insn	2, 0x50c4
80005174:	a0ae                	.insn	2, 0xa0ae
80005176:	50c9                	.insn	2, 0x50c9
80005178:	50dfdaef          	jal	s5,80102e84 <__global_pointer$+0xfa950>
8000517c:	67d5                	.insn	2, 0x67d5
8000517e:	511f 6762 5120      	.insn	6, 0x51206762511f
80005184:	b562                	.insn	2, 0xb562
80005186:	5162                	.insn	2, 0x5162
80005188:	eb98                	.insn	2, 0xeb98
8000518a:	5185                	.insn	2, 0x5185
8000518c:	518d9d7b          	.insn	4, 0x518d9d7b
80005190:	9932                	.insn	2, 0x9932
80005192:	51b0                	.insn	2, 0x51b0
80005194:	a63a                	.insn	2, 0xa63a
80005196:	51c9                	.insn	2, 0x51c9
80005198:	3fa1                	.insn	2, 0x3fa1
8000519a:	51e5                	.insn	2, 0x51e5
8000519c:	7c82                	.insn	2, 0x7c82
8000519e:	049e51e7          	.insn	4, 0x049e51e7
800051a2:	51fc                	.insn	2, 0x51fc
800051a4:	8b7a                	.insn	2, 0x8b7a
800051a6:	5222                	.insn	2, 0x5222
800051a8:	5235d287          	.insn	4, 0x5235d287
800051ac:	e641                	.insn	2, 0xe641
800051ae:	5238                	.insn	2, 0x5238
800051b0:	10ed                	.insn	2, 0x10ed
800051b2:	5241                	.insn	2, 0x5241
800051b4:	34f5                	.insn	2, 0x34f5
800051b6:	5266                	.insn	2, 0x5266
800051b8:	52670823          	sb	t1,1328(a4)
800051bc:	52680fd7          	.insn	4, 0x52680fd7
800051c0:	4906                	.insn	2, 0x4906
800051c2:	526d                	.insn	2, 0x526d
800051c4:	9a3e                	.insn	2, 0x9a3e
800051c6:	adf35273          	csrrwi	tp,0xadf,6
800051ca:	5278                	.insn	2, 0x5278
800051cc:	5282f6af          	.insn	4, 0x5282f6af
800051d0:	b9a9                	.insn	2, 0xb9a9
800051d2:	9ede5297          	auipc	t0,0x9ede5
800051d6:	52a0                	.insn	2, 0x52a0
800051d8:	47ea                	.insn	2, 0x47ea
800051da:	52a2                	.insn	2, 0x52a2
800051dc:	8c68                	.insn	2, 0x8c68
800051de:	52ac                	.insn	2, 0x52ac
800051e0:	2390                	.insn	2, 0x2390
800051e2:	52b9                	.insn	2, 0x52b9
800051e4:	cb54                	.insn	2, 0xcb54
800051e6:	52c6                	.insn	2, 0x52c6
800051e8:	52d6793b          	.insn	4, 0x52d6793b
800051ec:	52d9061b          	.insn	4, 0x52d9061b
800051f0:	52da5463          	bge	s4,a3,80005718 <verify_data+0x19e4>
800051f4:	e6d4                	.insn	2, 0xe6d4
800051f6:	52dd                	.insn	2, 0x52dd
800051f8:	6649                	.insn	2, 0x6649
800051fa:	52de                	.insn	2, 0x52de
800051fc:	02a1                	.insn	2, 0x02a1
800051fe:	52e1                	.insn	2, 0x52e1
80005200:	bc78                	.insn	2, 0xbc78
80005202:	70bb52e3          	bge	s6,a1,80006106 <input_data+0x3d2>
80005206:	52ea                	.insn	2, 0x52ea
80005208:	9892                	.insn	2, 0x9892
8000520a:	52f5                	.insn	2, 0x52f5
8000520c:	b766                	.insn	2, 0xb766
8000520e:	52fa                	.insn	2, 0x52fa
80005210:	5324eef7          	.insn	4, 0x5324eef7
80005214:	5328610f          	.insn	4, 0x5328610f
80005218:	6e6c                	.insn	2, 0x6e6c
8000521a:	532a                	.insn	2, 0x532a
8000521c:	5f7c                	.insn	2, 0x5f7c
8000521e:	50f6533f 167d536d 	.insn	8, 0x167d536d50f6533f
80005226:	5370                	.insn	2, 0x5370
80005228:	537361cf          	.insn	4, 0x537361cf
8000522c:	53807c37          	lui	s8,0x53807
80005230:	538275d3          	.insn	4, 0x538275d3
80005234:	8780                	.insn	2, 0x8780
80005236:	5390                	.insn	2, 0x5390
80005238:	099e                	.insn	2, 0x099e
8000523a:	539c                	.insn	2, 0x539c
8000523c:	53a33aef          	jal	s5,80038776 <__global_pointer$+0x30242>
80005240:	da66                	.insn	2, 0xda66
80005242:	70b553ab          	.insn	4, 0x70b553ab
80005246:	53ba                	.insn	2, 0x53ba
80005248:	53c8cb9b          	.insn	4, 0x53c8cb9b
8000524c:	53ca3e2f          	.insn	4, 0x53ca3e2f
80005250:	8d40                	.insn	2, 0x8d40
80005252:	53de                	.insn	2, 0x53de
80005254:	53f8a88b          	.insn	4, 0x53f8a88b
80005258:	a9d0                	.insn	2, 0xa9d0
8000525a:	a88853fb          	.insn	4, 0xa88853fb
8000525e:	5431                	.insn	2, 0x5431
80005260:	ce4c                	.insn	2, 0xce4c
80005262:	5445                	.insn	2, 0x5445
80005264:	148d                	.insn	2, 0x148d
80005266:	544a                	.insn	2, 0x544a
80005268:	6075                	.insn	2, 0x6075
8000526a:	544a                	.insn	2, 0x544a
8000526c:	2416                	.insn	2, 0x2416
8000526e:	545d                	.insn	2, 0x545d
80005270:	0c00                	.insn	2, 0x0c00
80005272:	547c                	.insn	2, 0x547c
80005274:	e13c                	.insn	2, 0xe13c
80005276:	547e                	.insn	2, 0x547e
80005278:	d742                	.insn	2, 0xd742
8000527a:	af9c54af          	.insn	4, 0xaf9c54af
8000527e:	54ec                	.insn	2, 0x54ec
80005280:	a2b4                	.insn	2, 0xa2b4
80005282:	54ed                	.insn	2, 0x54ed
80005284:	6adf 5506 fc8e      	.insn	6, 0xfc8e55066adf
8000528a:	5515                	.insn	2, 0x5515
8000528c:	f601                	.insn	2, 0xf601
8000528e:	5520                	.insn	2, 0x5520
80005290:	9b08                	.insn	2, 0x9b08
80005292:	5548                	.insn	2, 0x5548
80005294:	5552d8af          	.insn	4, 0x5552d8af
80005298:	5557c007          	.insn	4, 0x5557c007
8000529c:	5579cfa7          	.insn	4, 0x5579cfa7
800052a0:	5582c697          	auipc	a3,0x5582c
800052a4:	7b2e                	.insn	2, 0x7b2e
800052a6:	5595                	.insn	2, 0x5595
800052a8:	1f9c                	.insn	2, 0x1f9c
800052aa:	55a9                	.insn	2, 0x55a9
800052ac:	e12a                	.insn	2, 0xe12a
800052ae:	55d6                	.insn	2, 0x55d6
800052b0:	4c62                	.insn	2, 0x4c62
800052b2:	55f0                	.insn	2, 0x55f0
800052b4:	56126e87          	.insn	4, 0x56126e87
800052b8:	ddb0                	.insn	2, 0xddb0
800052ba:	5612                	.insn	2, 0x5612
800052bc:	657f 5624 35e2 5625 	.insn	22, 0xdc38564cd7805646a03f562654c2562535e25624657f
800052c4:	54c2 5626 a03f 5646 
800052cc:	d780 564c dc38 
800052d2:	567a                	.insn	2, 0x567a
800052d4:	5680bd3f 56834290 	.insn	8, 0x568342905680bd3f
800052dc:	17e6                	.insn	2, 0x17e6
800052de:	56a1                	.insn	2, 0x56a1
800052e0:	56be5ff3          	csrrwi	t6,0x56b,28
800052e4:	16b2                	.insn	2, 0x16b2
800052e6:	56c5                	.insn	2, 0x56c5
800052e8:	263e                	.insn	2, 0x263e
800052ea:	56df 1c4d 56f8      	.insn	6, 0x56f81c4d56df
800052f0:	b0b9                	.insn	2, 0xb0b9
800052f2:	56f8                	.insn	2, 0x56f8
800052f4:	3468                	.insn	2, 0x3468
800052f6:	56fe                	.insn	2, 0x56fe
800052f8:	0bc1                	.insn	2, 0x0bc1
800052fa:	5700                	.insn	2, 0x5700
800052fc:	4838                	.insn	2, 0x4838
800052fe:	02115727          	.insn	4, 0x02115727
80005302:	572c                	.insn	2, 0x572c
80005304:	3a00                	.insn	2, 0x3a00
80005306:	5730                	.insn	2, 0x5730
80005308:	6a81                	.insn	2, 0x6a81
8000530a:	5732                	.insn	2, 0x5732
8000530c:	5737b9e3          	.insn	4, 0x5737b9e3
80005310:	08ff 576b c149 576b 	.insn	10, 0x6483576bc149576b08ff
80005318:	6483 
8000531a:	5776                	.insn	2, 0x5776
8000531c:	5511                	.insn	2, 0x5511
8000531e:	c65d5787          	.insn	4, 0xc65d5787
80005322:	57a2                	.insn	2, 0x57a2
80005324:	b06e                	.insn	2, 0xb06e
80005326:	b82b57af          	.insn	4, 0xb82b57af
8000532a:	57b4                	.insn	2, 0x57b4
8000532c:	ceb2                	.insn	2, 0xceb2
8000532e:	57b6                	.insn	2, 0x57b6
80005330:	973c                	.insn	2, 0x973c
80005332:	57c5                	.insn	2, 0x57c5
80005334:	57cebc73          	csrrc	s8,0x57c,t4
80005338:	6a2e                	.insn	2, 0x6a2e
8000533a:	73e657d7          	.insn	4, 0x73e657d7
8000533e:	57f4                	.insn	2, 0x57f4
80005340:	2e9a                	.insn	2, 0x2e9a
80005342:	f556583b          	.insn	4, 0xf556583b
80005346:	b0c8583b          	.insn	4, 0xb0c8583b
8000534a:	583d                	.insn	2, 0x583d
8000534c:	86a0                	.insn	2, 0x86a0
8000534e:	5864                	.insn	2, 0x5864
80005350:	9850                	.insn	2, 0x9850
80005352:	588e                	.insn	2, 0x588e
80005354:	a0ea                	.insn	2, 0xa0ea
80005356:	4ae3589b          	.insn	4, 0x4ae3589b
8000535a:	01ab58ab          	.insn	4, 0x01ab58ab
8000535e:	236f58cb          	.insn	4, 0x236f58cb
80005362:	58e6                	.insn	2, 0x58e6
80005364:	3434                	.insn	2, 0x3434
80005366:	917d58ef          	jal	a7,7ffdac7c <buflen.1+0x7ffdac3c>
8000536a:	58f5                	.insn	2, 0x58f5
8000536c:	592c584b          	.insn	4, 0x592c584b
80005370:	62d6                	.insn	2, 0x62d6
80005372:	ca9b592f          	.insn	4, 0xca9b592f
80005376:	5944                	.insn	2, 0x5944
80005378:	8add                	.insn	2, 0x8add
8000537a:	5948                	.insn	2, 0x5948
8000537c:	1fe2                	.insn	2, 0x1fe2
8000537e:	5952                	.insn	2, 0x5952
80005380:	5969bfbf 597a35f0 	.insn	8, 0x597a35f05969bfbf
80005388:	c412                	.insn	2, 0xc412
8000538a:	598a                	.insn	2, 0x598a
8000538c:	09c4                	.insn	2, 0x09c4
8000538e:	598e                	.insn	2, 0x598e
80005390:	359a                	.insn	2, 0x359a
80005392:	930e598f          	.insn	4, 0x930e598f
80005396:	59a5                	.insn	2, 0x59a5
80005398:	d140                	.insn	2, 0xd140
8000539a:	59b4                	.insn	2, 0x59b4
8000539c:	59bbba97          	auipc	s5,0x59bbb
800053a0:	ad26                	.insn	2, 0xad26
800053a2:	59ce                	.insn	2, 0x59ce
800053a4:	9a45                	.insn	2, 0x9a45
800053a6:	59d9                	.insn	2, 0x59d9
800053a8:	0492                	.insn	2, 0x0492
800053aa:	59ed                	.insn	2, 0x59ed
800053ac:	ce14                	.insn	2, 0xce14
800053ae:	5a02                	.insn	2, 0x5a02
800053b0:	5c31                	.insn	2, 0x5c31
800053b2:	5a21                	.insn	2, 0x5a21
800053b4:	ca46                	.insn	2, 0xca46
800053b6:	5a21                	.insn	2, 0x5a21
800053b8:	7271                	.insn	2, 0x7271
800053ba:	5a32                	.insn	2, 0x5a32
800053bc:	0f8e                	.insn	2, 0x0f8e
800053be:	5a42                	.insn	2, 0x5a42
800053c0:	5a46b2c3          	.insn	4, 0x5a46b2c3
800053c4:	e44c                	.insn	2, 0xe44c
800053c6:	5a49                	.insn	2, 0x5a49
800053c8:	11fa                	.insn	2, 0x11fa
800053ca:	5a51                	.insn	2, 0x5a51
800053cc:	2220                	.insn	2, 0x2220
800053ce:	5a55                	.insn	2, 0x5a55
800053d0:	50ec                	.insn	2, 0x50ec
800053d2:	5d345a5b          	.insn	4, 0x5d345a5b
800053d6:	5a8a                	.insn	2, 0x5a8a
800053d8:	8bfd                	.insn	2, 0x8bfd
800053da:	e4a25aa3          	.insn	4, 0xe4a25aa3
800053de:	5aa6                	.insn	2, 0x5aa6
800053e0:	5aadf643          	.insn	4, 0x5aadf643
800053e4:	b38c                	.insn	2, 0xb38c
800053e6:	5abc                	.insn	2, 0x5abc
800053e8:	7ebd                	.insn	2, 0x7ebd
800053ea:	5ad6                	.insn	2, 0x5ad6
800053ec:	e652                	.insn	2, 0xe652
800053ee:	5add                	.insn	2, 0x5add
800053f0:	8a1a                	.insn	2, 0x8a1a
800053f2:	5aec                	.insn	2, 0x5aec
800053f4:	8572                	.insn	2, 0x8572
800053f6:	5b04                	.insn	2, 0x5b04
800053f8:	5b13e84b          	.insn	4, 0x5b13e84b
800053fc:	5b668c23          	sb	s6,1464(a3) # d5831858 <__global_pointer$+0x55829324>
80005400:	4e8e                	.insn	2, 0x4e8e
80005402:	085b5b67          	.insn	4, 0x085b5b67
80005406:	5b74                	.insn	2, 0x5b74
80005408:	c33a                	.insn	2, 0xc33a
8000540a:	5b90                	.insn	2, 0x5b90
8000540c:	c554                	.insn	2, 0xc554
8000540e:	13985ba3          	.insn	4, 0x13985ba3
80005412:	5bad                	.insn	2, 0x5bad
80005414:	fea1                	.insn	2, 0xfea1
80005416:	5bb1                	.insn	2, 0x5bb1
80005418:	5bc3d43b          	.insn	4, 0x5bc3d43b
8000541c:	5bdbb757          	.insn	4, 0x5bdbb757
80005420:	d285                	.insn	2, 0xd285
80005422:	20625bdb          	.insn	4, 0x20625bdb
80005426:	5be2                	.insn	2, 0x5be2
80005428:	4fe1                	.insn	2, 0x4fe1
8000542a:	5c1f f7b7 5c26      	.insn	6, 0x5c26f7b75c1f
80005430:	ae74                	.insn	2, 0xae74
80005432:	754a5c27          	.insn	4, 0x754a5c27
80005436:	96b35c3f e1405c4d 	.insn	8, 0xe1405c4d96b35c3f
8000543e:	5c50                	.insn	2, 0x5c50
80005440:	4f7e                	.insn	2, 0x4f7e
80005442:	8f185c63          	bge	a6,a7,8000453a <verify_data+0x806>
80005446:	5c65                	.insn	2, 0x5c65
80005448:	5c6b23e3          	.insn	4, 0x5c6b23e3
8000544c:	21b4                	.insn	2, 0x21b4
8000544e:	5c6e                	.insn	2, 0x5c6e
80005450:	5c7c7ae7          	.insn	4, 0x5c7c7ae7
80005454:	4274                	.insn	2, 0x4274
80005456:	5c99                	.insn	2, 0x5c99
80005458:	c924                	.insn	2, 0xc924
8000545a:	5ca1                	.insn	2, 0x5ca1
8000545c:	6251                	.insn	2, 0x6251
8000545e:	5cb4                	.insn	2, 0x5cb4
80005460:	7dfd                	.insn	2, 0x7dfd
80005462:	5cb9                	.insn	2, 0x5cb9
80005464:	ecf0                	.insn	2, 0xecf0
80005466:	5ce0                	.insn	2, 0x5ce0
80005468:	cf1d                	.insn	2, 0xcf1d
8000546a:	e2f05ce7          	.insn	4, 0xe2f05ce7
8000546e:	5cfd                	.insn	2, 0x5cfd
80005470:	5d0e34db          	.insn	4, 0x5d0e34db
80005474:	cf00                	.insn	2, 0xcf00
80005476:	5d0e                	.insn	2, 0x5d0e
80005478:	6bb9                	.insn	2, 0x6bb9
8000547a:	5d11                	.insn	2, 0x5d11
8000547c:	5d161ea7          	.insn	4, 0x5d161ea7
80005480:	5d347033          	.insn	4, 0x5d347033
80005484:	5d39ae3b          	.insn	4, 0x5d39ae3b
80005488:	52b6                	.insn	2, 0x52b6
8000548a:	5d51                	.insn	2, 0x5d51
8000548c:	5d52b08f          	.insn	4, 0x5d52b08f
80005490:	acbd                	.insn	2, 0xacbd
80005492:	5d64                	.insn	2, 0x5d64
80005494:	791e                	.insn	2, 0x791e
80005496:	5d78                	.insn	2, 0x5d78
80005498:	d049                	.insn	2, 0xd049
8000549a:	861e5d7b          	.insn	4, 0x861e5d7b
8000549e:	5cf85d83          	lhu	s11,1487(a6)
800054a2:	5d8c                	.insn	2, 0x5d8c
800054a4:	2534                	.insn	2, 0x2534
800054a6:	5d9e                	.insn	2, 0x5d9e
800054a8:	af35                	.insn	2, 0xaf35
800054aa:	5dac                	.insn	2, 0x5dac
800054ac:	5db6107f 5de66704 	.insn	12, 0x5dffa3b25de667045db6107f
800054b4:	5dffa3b2 
800054b8:	b1aa                	.insn	2, 0xb1aa
800054ba:	5e0d                	.insn	2, 0x5e0d
800054bc:	b1a2                	.insn	2, 0xb1a2
800054be:	5e28                	.insn	2, 0x5e28
800054c0:	1801                	.insn	2, 0x1801
800054c2:	5e3d                	.insn	2, 0x5e3d
800054c4:	f449                	.insn	2, 0xf449
800054c6:	5e3d                	.insn	2, 0x5e3d
800054c8:	5f29                	.insn	2, 0x5f29
800054ca:	5e48                	.insn	2, 0x5e48
800054cc:	2640                	.insn	2, 0x2640
800054ce:	5e70                	.insn	2, 0x5e70
800054d0:	f286                	.insn	2, 0xf286
800054d2:	5e79                	.insn	2, 0x5e79
800054d4:	58ce                	.insn	2, 0x58ce
800054d6:	5eaa                	.insn	2, 0x5eaa
800054d8:	5eb1deab          	.insn	4, 0x5eb1deab
800054dc:	2f60                	.insn	2, 0x2f60
800054de:	5eb9                	.insn	2, 0x5eb9
800054e0:	859f 5ecc 3d98      	.insn	6, 0x3d985ecc859f
800054e6:	5ed1                	.insn	2, 0x5ed1
800054e8:	babe                	.insn	2, 0xbabe
800054ea:	5ef8                	.insn	2, 0x5ef8
800054ec:	5f000727          	.insn	4, 0x5f000727
800054f0:	fee2                	.insn	2, 0xfee2
800054f2:	ae285f0b          	.insn	4, 0xae285f0b
800054f6:	5f21                	.insn	2, 0x5f21
800054f8:	5f2d8e87          	.insn	4, 0x5f2d8e87
800054fc:	0230                	.insn	2, 0x0230
800054fe:	5f38                	.insn	2, 0x5f38
80005500:	3635                	.insn	2, 0x3635
80005502:	5f46                	.insn	2, 0x5f46
80005504:	5f5770ab          	.insn	4, 0x5f5770ab
80005508:	2df2                	.insn	2, 0x2df2
8000550a:	5f5c                	.insn	2, 0x5f5c
8000550c:	6aa2                	.insn	2, 0x6aa2
8000550e:	5f5e                	.insn	2, 0x5f5e
80005510:	9731                	.insn	2, 0x9731
80005512:	5f65                	.insn	2, 0x5f65
80005514:	5ea0                	.insn	2, 0x5ea0
80005516:	183e5f6f          	jal	t5,800eae98 <__global_pointer$+0xe2964>
8000551a:	5f71                	.insn	2, 0x5f71
8000551c:	bf85                	.insn	2, 0xbf85
8000551e:	5f76                	.insn	2, 0x5f76
80005520:	796a                	.insn	2, 0x796a
80005522:	5f84                	.insn	2, 0x5f84
80005524:	3495                	.insn	2, 0x3495
80005526:	5f89                	.insn	2, 0x5f89
80005528:	5f8b586b          	.insn	4, 0x5f8b586b
8000552c:	5ed6                	.insn	2, 0x5ed6
8000552e:	5f92                	.insn	2, 0x5f92
80005530:	25c2                	.insn	2, 0x25c2
80005532:	5fa0                	.insn	2, 0x5fa0
80005534:	8e1a                	.insn	2, 0x8e1a
80005536:	5fa0                	.insn	2, 0x5fa0
80005538:	5faed877          	.insn	4, 0x5faed877
8000553c:	5faffcaf          	.insn	4, 0x5faffcaf
80005540:	fdc5                	.insn	2, 0xfdc5
80005542:	beb65fcb          	.insn	4, 0xbeb65fcb
80005546:	5fd0                	.insn	2, 0x5fd0
80005548:	7672                	.insn	2, 0x7672
8000554a:	5fd2                	.insn	2, 0x5fd2
8000554c:	378e                	.insn	2, 0x378e
8000554e:	f9555fd3          	.insn	4, 0xf9555fd3
80005552:	5ff5                	.insn	2, 0x5ff5
80005554:	5ffa6057          	.insn	4, 0x5ffa6057
80005558:	e246                	.insn	2, 0xe246
8000555a:	5ffe                	.insn	2, 0x5ffe
8000555c:	8c4e                	.insn	2, 0x8c4e
8000555e:	600d                	.insn	2, 0x600d
80005560:	6f54                	.insn	2, 0x6f54
80005562:	600e                	.insn	2, 0x600e
80005564:	4a40                	.insn	2, 0x4a40
80005566:	6010                	.insn	2, 0x6010
80005568:	3b49                	.insn	2, 0x3b49
8000556a:	601e                	.insn	2, 0x601e
8000556c:	601e79bb          	.insn	4, 0x601e79bb
80005570:	9910                	.insn	2, 0x9910
80005572:	f51e603f 804f6064 	.insn	8, 0x804f6064f51e603f
8000557a:	6076                	.insn	2, 0x6076
8000557c:	1c78                	.insn	2, 0x1c78
8000557e:	6089                	.insn	2, 0x6089
80005580:	c63a                	.insn	2, 0xc63a
80005582:	6089                	.insn	2, 0x6089
80005584:	d200                	.insn	2, 0xd200
80005586:	7ef86097          	auipc	ra,0x7ef86
8000558a:	540c609b          	.insn	4, 0x540c609b
8000558e:	60b8                	.insn	2, 0x60b8
80005590:	52a1                	.insn	2, 0x52a1
80005592:	60b9                	.insn	2, 0x60b9
80005594:	3d99                	.insn	2, 0x3d99
80005596:	60d6                	.insn	2, 0x60d6
80005598:	7a9e                	.insn	2, 0x7a9e
8000559a:	60ff 3a28 610f 407d 	.insn	22, 0x612c4ec4612686e061223bea610f407d610f3a2860ff
800055a2:	610f 3bea 6122 86e0 
800055aa:	6126 4ec4 612c 
800055b0:	6133ac8b          	.insn	4, 0x6133ac8b
800055b4:	4569                	.insn	2, 0x4569
800055b6:	613d                	.insn	2, 0x613d
800055b8:	5b08                	.insn	2, 0x5b08
800055ba:	6145                	.insn	2, 0x6145
800055bc:	6ca9                	.insn	2, 0x6ca9
800055be:	615d                	.insn	2, 0x615d
800055c0:	a80d                	.insn	2, 0xa80d
800055c2:	a6ab616b          	.insn	4, 0xa6ab616b
800055c6:	6182                	.insn	2, 0x6182
800055c8:	7cc8                	.insn	2, 0x7cc8
800055ca:	6186                	.insn	2, 0x6186
800055cc:	8322                	.insn	2, 0x8322
800055ce:	6190                	.insn	2, 0x6190
800055d0:	f3c1                	.insn	2, 0xf3c1
800055d2:	61ce                	.insn	2, 0x61ce
800055d4:	19ad                	.insn	2, 0x19ad
800055d6:	61e4                	.insn	2, 0x61e4
800055d8:	6d64                	.insn	2, 0x6d64
800055da:	61ec                	.insn	2, 0x61ec
800055dc:	52ca                	.insn	2, 0x52ca
800055de:	61fd                	.insn	2, 0x61fd
800055e0:	d948                	.insn	2, 0xd948
800055e2:	6202                	.insn	2, 0x6202
800055e4:	800e                	.insn	2, 0x800e
800055e6:	b61d621b          	.insn	4, 0xb61d621b
800055ea:	6226                	.insn	2, 0x6226
800055ec:	4380                	.insn	2, 0x4380
800055ee:	fe036243          	.insn	4, 0xfe036243
800055f2:	624e                	.insn	2, 0x624e
800055f4:	b9e0                	.insn	2, 0xb9e0
800055f6:	bb78624f          	.insn	4, 0xbb78624f
800055fa:	6266                	.insn	2, 0x6266
800055fc:	2af9                	.insn	2, 0x2af9
800055fe:	6279                	.insn	2, 0x6279
80005600:	628bd913          	.insn	4, 0x628bd913
80005604:	62a986eb          	.insn	4, 0x62a986eb
80005608:	9932                	.insn	2, 0x9932
8000560a:	62bc                	.insn	2, 0x62bc
8000560c:	62c3d607          	.insn	4, 0x62c3d607
80005610:	a545                	.insn	2, 0xa545
80005612:	8bab62d3          	.insn	4, 0x8bab62d3
80005616:	6d6f62e3          	bltu	t5,s6,800064da <input_data+0x7a6>
8000561a:	62e4                	.insn	2, 0x62e4
8000561c:	f09c                	.insn	2, 0xf09c
8000561e:	e6d262fb          	.insn	4, 0xe6d262fb
80005622:	6320                	.insn	2, 0x6320
80005624:	632cf297          	auipc	t0,0x632cf
80005628:	d69d                	.insn	2, 0xd69d
8000562a:	463a634b          	.insn	4, 0x463a634b
8000562e:	634e                	.insn	2, 0x634e
80005630:	f658                	.insn	2, 0xf658
80005632:	635d                	.insn	2, 0x635d
80005634:	c3dd                	.insn	2, 0xc3dd
80005636:	6366                	.insn	2, 0x6366
80005638:	a131                	.insn	2, 0xa131
8000563a:	c12363ab          	.insn	4, 0xc12363ab
8000563e:	63bc                	.insn	2, 0x63bc
80005640:	e759                	.insn	2, 0xe759
80005642:	0cb163c7          	.insn	4, 0x0cb163c7
80005646:	032663db          	.insn	4, 0x032663db
8000564a:	63de                	.insn	2, 0x63de
8000564c:	da45                	.insn	2, 0xda45
8000564e:	036f63fb          	.insn	4, 0x036f63fb
80005652:	748b6413          	ori	s0,s6,1864
80005656:	6418                	.insn	2, 0x6418
80005658:	5eb2                	.insn	2, 0x5eb2
8000565a:	641f 9a25 6426      	.insn	6, 0x64269a25641f
80005660:	4216                	.insn	2, 0x4216
80005662:	3fdd6427          	.insn	4, 0x3fdd6427
80005666:	f9ef643f 83b4644b 	.insn	8, 0x83b4644bf9ef643f
8000566e:	645e                	.insn	2, 0x645e
80005670:	1629                	.insn	2, 0x1629
80005672:	6460                	.insn	2, 0x6460
80005674:	6941                	.insn	2, 0x6941
80005676:	6474                	.insn	2, 0x6474
80005678:	7cc8                	.insn	2, 0x7cc8
8000567a:	647c                	.insn	2, 0x647c
8000567c:	9cdc                	.insn	2, 0x9cdc
8000567e:	6481                	.insn	2, 0x6481
80005680:	a0ff 6485 071f 6487 	.insn	14, 0xf0a06495d2ea6487071f6485a0ff
80005688:	d2ea 6495 f0a0 
8000568e:	c97d649b          	.insn	4, 0xc97d649b
80005692:	64a6                	.insn	2, 0x64a6
80005694:	8b6a                	.insn	2, 0x8b6a
80005696:	64ba                	.insn	2, 0x64ba
80005698:	e9f0                	.insn	2, 0xe9f0
8000569a:	64bd                	.insn	2, 0x64bd
8000569c:	0924                	.insn	2, 0x0924
8000569e:	64d2                	.insn	2, 0x64d2
800056a0:	ef6e                	.insn	2, 0xef6e
800056a2:	64d4                	.insn	2, 0x64d4
800056a4:	938e                	.insn	2, 0x938e
800056a6:	650a                	.insn	2, 0x650a
800056a8:	1121                	.insn	2, 0x1121
800056aa:	6511                	.insn	2, 0x6511
800056ac:	a2b8                	.insn	2, 0xa2b8
800056ae:	6530                	.insn	2, 0x6530
800056b0:	f2a1                	.insn	2, 0xf2a1
800056b2:	6578                	.insn	2, 0x6578
800056b4:	8ac2                	.insn	2, 0x8ac2
800056b6:	6599                	.insn	2, 0x6599
800056b8:	65a60287          	.insn	4, 0x65a60287
800056bc:	0f15                	.insn	2, 0x0f15
800056be:	65ae                	.insn	2, 0x65ae
800056c0:	8f02                	.insn	2, 0x8f02
800056c2:	0e4c65b7          	lui	a1,0xe4c6
800056c6:	65ce                	.insn	2, 0x65ce
800056c8:	a371                	.insn	2, 0xa371
800056ca:	ef3e65cf          	.insn	4, 0xef3e65cf
800056ce:	924f65cf          	.insn	4, 0x924f65cf
800056d2:	65dd                	.insn	2, 0x65dd
800056d4:	eb55                	.insn	2, 0xeb55
800056d6:	d54865e7          	.insn	4, 0xd54865e7
800056da:	65e9                	.insn	2, 0x65e9
800056dc:	31f2                	.insn	2, 0x31f2
800056de:	65f1                	.insn	2, 0x65f1
800056e0:	660479c3          	.insn	4, 0x660479c3
800056e4:	c086                	.insn	2, 0xc086
800056e6:	6606                	.insn	2, 0x6606
800056e8:	66076677          	.insn	4, 0x66076677
800056ec:	77b2                	.insn	2, 0x77b2
800056ee:	27536607          	.insn	4, 0x27536607
800056f2:	436d660f          	.insn	4, 0x436d660f
800056f6:	6610                	.insn	2, 0x6610
800056f8:	661d2f27          	.insn	4, 0x661d2f27
800056fc:	8e36                	.insn	2, 0x8e36
800056fe:	6621                	.insn	2, 0x6621
80005700:	12f4                	.insn	2, 0x12f4
80005702:	662e                	.insn	2, 0x662e
80005704:	160e                	.insn	2, 0x160e
80005706:	663d                	.insn	2, 0x663d
80005708:	9be5                	.insn	2, 0x9be5
8000570a:	663e                	.insn	2, 0x663e
8000570c:	663ef68b          	.insn	4, 0x663ef68b
80005710:	192a                	.insn	2, 0x192a
80005712:	6655                	.insn	2, 0x6655
80005714:	02a2                	.insn	2, 0x02a2
80005716:	6676                	.insn	2, 0x6676
80005718:	667e9cb3          	.insn	4, 0x667e9cb3
8000571c:	66a01657          	.insn	4, 0x66a01657
80005720:	152e                	.insn	2, 0x152e
80005722:	66b5                	.insn	2, 0x66b5
80005724:	ac6e                	.insn	2, 0xac6e
80005726:	66d9                	.insn	2, 0x66d9
80005728:	bcfc                	.insn	2, 0xbcfc
8000572a:	d44c66ef          	jal	a3,7ffcbc6e <buflen.1+0x7ffcbc2e>
8000572e:	66f8                	.insn	2, 0x66f8
80005730:	ca7a                	.insn	2, 0xca7a
80005732:	6722                	.insn	2, 0x6722
80005734:	b5d9                	.insn	2, 0xb5d9
80005736:	6728                	.insn	2, 0x6728
80005738:	72c2                	.insn	2, 0x72c2
8000573a:	a6b0673b          	.insn	4, 0xa6b0673b
8000573e:	673c                	.insn	2, 0x673c
80005740:	1266                	.insn	2, 0x1266
80005742:	6751                	.insn	2, 0x6751
80005744:	79cd                	.insn	2, 0x79cd
80005746:	675a                	.insn	2, 0x675a
80005748:	6796bc67          	.insn	4, 0x6796bc67
8000574c:	2ace                	.insn	2, 0x2ace
8000574e:	679d                	.insn	2, 0x679d
80005750:	67b7ceef          	jal	t4,800825ca <__global_pointer$+0x7a096>
80005754:	2ddd                	.insn	2, 0x2ddd
80005756:	67c2                	.insn	2, 0x67c2
80005758:	3ffd                	.insn	2, 0x3ffd
8000575a:	67c2                	.insn	2, 0x67c2
8000575c:	67d54dcb          	.insn	4, 0x67d54dcb
80005760:	6f8c                	.insn	2, 0x6f8c
80005762:	5d2467db          	.insn	4, 0x5d2467db
80005766:	6806                	.insn	2, 0x6806
80005768:	96cd                	.insn	2, 0x96cd
8000576a:	6808                	.insn	2, 0x6808
8000576c:	680ae06b          	.insn	4, 0x680ae06b
80005770:	68160343          	.insn	4, 0x68160343
80005774:	1e9a                	.insn	2, 0x1e9a
80005776:	6819                	.insn	2, 0x6819
80005778:	a664                	.insn	2, 0xa664
8000577a:	681f 3f29 682e      	.insn	6, 0x682e3f29681f
80005780:	778c                	.insn	2, 0x778c
80005782:	684e                	.insn	2, 0x684e
80005784:	e6c8                	.insn	2, 0xe6c8
80005786:	6851                	.insn	2, 0x6851
80005788:	a4ba                	.insn	2, 0xa4ba
8000578a:	6855                	.insn	2, 0x6855
8000578c:	685d77c3          	.insn	4, 0x685d77c3
80005790:	686ebe97          	auipc	t4,0x686eb
80005794:	42d6                	.insn	2, 0x42d6
80005796:	6872                	.insn	2, 0x6872
80005798:	86aa                	.insn	2, 0x86aa
8000579a:	6876                	.insn	2, 0x6876
8000579c:	9209                	.insn	2, 0x9209
8000579e:	687e                	.insn	2, 0x687e
800057a0:	6892be83          	.insn	4, 0x6892be83
800057a4:	4cb0                	.insn	2, 0x4cb0
800057a6:	689e                	.insn	2, 0x689e
800057a8:	1f5a                	.insn	2, 0x1f5a
800057aa:	68ba                	.insn	2, 0x68ba
800057ac:	6041                	.insn	2, 0x6041
800057ae:	68d4                	.insn	2, 0x68d4
800057b0:	68f47697          	auipc	a3,0x68f47
800057b4:	24b9                	.insn	2, 0x24b9
800057b6:	3a4f68fb          	.insn	4, 0x3a4f68fb
800057ba:	6921                	.insn	2, 0x6921
800057bc:	29f1                	.insn	2, 0x29f1
800057be:	2dd1692b          	.insn	4, 0x2dd1692b
800057c2:	6939                	.insn	2, 0x6939
800057c4:	6e7e                	.insn	2, 0x6e7e
800057c6:	6940                	.insn	2, 0x6940
800057c8:	1426                	.insn	2, 0x1426
800057ca:	6958                	.insn	2, 0x6958
800057cc:	ac82                	.insn	2, 0xac82
800057ce:	696d                	.insn	2, 0x696d
800057d0:	a53a                	.insn	2, 0xa53a
800057d2:	b03a6987          	.insn	4, 0xb03a6987
800057d6:	6998                	.insn	2, 0x6998
800057d8:	6b32                	.insn	2, 0x6b32
800057da:	699d                	.insn	2, 0x699d
800057dc:	2da4                	.insn	2, 0x2da4
800057de:	69aa                	.insn	2, 0x69aa
800057e0:	69c06c73          	csrrsi	s8,0x69c,0
800057e4:	0ac0                	.insn	2, 0x0ac0
800057e6:	404869c7          	.insn	4, 0x404869c7
800057ea:	69c9                	.insn	2, 0x69c9
800057ec:	679c                	.insn	2, 0x679c
800057ee:	69d1                	.insn	2, 0x69d1
800057f0:	a229                	.insn	2, 0xa229
800057f2:	69d5                	.insn	2, 0x69d5
800057f4:	a2f9                	.insn	2, 0xa2f9
800057f6:	69d8                	.insn	2, 0x69d8
800057f8:	cf72                	.insn	2, 0xcf72
800057fa:	69e2                	.insn	2, 0x69e2
800057fc:	bb2a                	.insn	2, 0xbb2a
800057fe:	6e2669e7          	.insn	4, 0x6e2669e7
80005802:	6a02                	.insn	2, 0x6a02
80005804:	7850                	.insn	2, 0x7850
80005806:	809e6a2b          	.insn	4, 0x809e6a2b
8000580a:	6a35                	.insn	2, 0x6a35
8000580c:	fa95                	.insn	2, 0xfa95
8000580e:	6a49                	.insn	2, 0x6a49
80005810:	cfe1                	.insn	2, 0xcfe1
80005812:	6a54                	.insn	2, 0x6a54
80005814:	182e                	.insn	2, 0x182e
80005816:	6a60                	.insn	2, 0x6a60
80005818:	9f9f 6a88 6f2a      	.insn	6, 0x6f2a6a889f9f
8000581e:	6a89                	.insn	2, 0x6a89
80005820:	6a98a6bb          	.insn	4, 0x6a98a6bb
80005824:	bdbc                	.insn	2, 0xbdbc
80005826:	6ab9                	.insn	2, 0x6ab9
80005828:	4a64                	.insn	2, 0x4a64
8000582a:	ec2c6adb          	.insn	4, 0xec2c6adb
8000582e:	6ae1                	.insn	2, 0x6ae1
80005830:	6a98                	.insn	2, 0x6a98
80005832:	6aea                	.insn	2, 0x6aea
80005834:	d36e                	.insn	2, 0xd36e
80005836:	6b25                	.insn	2, 0x6b25
80005838:	c5fc                	.insn	2, 0xc5fc
8000583a:	6b3d                	.insn	2, 0x6b3d
8000583c:	a94d                	.insn	2, 0xa94d
8000583e:	6b4c                	.insn	2, 0x6b4c
80005840:	6b51cb4f          	.insn	4, 0x6b51cb4f
80005844:	6b6b5947          	.insn	4, 0x6b6b5947
80005848:	56e2                	.insn	2, 0x56e2
8000584a:	6b6d                	.insn	2, 0x6b6d
8000584c:	6522                	.insn	2, 0x6522
8000584e:	6b7a                	.insn	2, 0x6b7a
80005850:	5071                	.insn	2, 0x5071
80005852:	6ba6                	.insn	2, 0x6ba6
80005854:	f150                	.insn	2, 0xf150
80005856:	6bb5                	.insn	2, 0x6bb5
80005858:	6bb744cb          	.insn	4, 0x6bb744cb
8000585c:	845e                	.insn	2, 0x845e
8000585e:	02a06bc7          	.insn	4, 0x02a06bc7
80005862:	f0ee6bf3          	csrrsi	s7,0xf0e,28
80005866:	6c34                	.insn	2, 0x6c34
80005868:	6c47c04b          	.insn	4, 0x6c47c04b
8000586c:	9a26                	.insn	2, 0x9a26
8000586e:	4a886c4f          	.insn	4, 0x4a886c4f
80005872:	6c7f 9de8 6c91 cb9d 	.insn	22, 0x6ca995026ca2da286c9dc8546c92cb9d6c919de86c7f
8000587a:	6c92 c854 6c9d da28 
80005882:	6ca2 9502 6ca9 
80005888:	8e32                	.insn	2, 0x8e32
8000588a:	6cdf 2228 6ce0      	.insn	6, 0x6ce022286cdf
80005890:	6ce3fc13          	andi	s8,t2,1742
80005894:	c129                	.insn	2, 0xc129
80005896:	a8146cef          	jal	s9,7ff4c316 <buflen.1+0x7ff4c2d6>
8000589a:	6d49                	.insn	2, 0x6d49
8000589c:	929f 6d4a 14f7      	.insn	6, 0x14f76d4a929f
800058a2:	82826d53          	.insn	4, 0x82826d53
800058a6:	6d54                	.insn	2, 0x6d54
800058a8:	6d54fafb          	.insn	4, 0x6d54fafb
800058ac:	7909                	.insn	2, 0x7909
800058ae:	6d55                	.insn	2, 0x6d55
800058b0:	8b9f 6d56 a105      	.insn	6, 0xa1056d568b9f
800058b6:	6d5d                	.insn	2, 0x6d5d
800058b8:	fa38                	.insn	2, 0xfa38
800058ba:	6d62                	.insn	2, 0x6d62
800058bc:	003e                	.insn	2, 0x003e
800058be:	6d6d                	.insn	2, 0x6d6d
800058c0:	ccb2                	.insn	2, 0xccb2
800058c2:	6d6e                	.insn	2, 0x6d6e
800058c4:	f5ee                	.insn	2, 0xf5ee
800058c6:	6d70                	.insn	2, 0x6d70
800058c8:	ac1f 6d82 fbd7      	.insn	6, 0xfbd76d82ac1f
800058ce:	6d90                	.insn	2, 0x6d90
800058d0:	6d9de20f          	.insn	4, 0x6d9de20f
800058d4:	6db9d8c7          	.insn	4, 0x6db9d8c7
800058d8:	f7a0                	.insn	2, 0xf7a0
800058da:	6e10                	.insn	2, 0x6e10
800058dc:	6e24d8eb          	.insn	4, 0x6e24d8eb
800058e0:	a2ea                	.insn	2, 0xa2ea
800058e2:	6e30                	.insn	2, 0x6e30
800058e4:	6e3d0eeb          	.insn	4, 0x6e3d0eeb
800058e8:	6e3f8a0b          	.insn	4, 0x6e3f8a0b
800058ec:	d051                	.insn	2, 0xd051
800058ee:	0dc06e3f 89186e66 	.insn	8, 0x89186e660dc06e3f
800058f6:	6e96                	.insn	2, 0x6e96
800058f8:	8f2e                	.insn	2, 0x8f2e
800058fa:	6ec8                	.insn	2, 0x6ec8
800058fc:	1281                	.insn	2, 0x1281
800058fe:	6ecd                	.insn	2, 0x6ecd
80005900:	82f5                	.insn	2, 0x82f5
80005902:	6ed8                	.insn	2, 0x6ed8
80005904:	fea4                	.insn	2, 0xfea4
80005906:	28036ee3          	bltu	t1,zero,800063a2 <input_data+0x66e>
8000590a:	6eea                	.insn	2, 0x6eea
8000590c:	3c64                	.insn	2, 0x3c64
8000590e:	6f09                	.insn	2, 0x6f09
80005910:	ec4e                	.insn	2, 0xec4e
80005912:	6f28                	.insn	2, 0x6f28
80005914:	6f3a5657          	.insn	4, 0x6f3a5657
80005918:	bc8d                	.insn	2, 0xbc8d
8000591a:	6f59                	.insn	2, 0x6f59
8000591c:	d541                	.insn	2, 0xd541
8000591e:	b5926f5b          	.insn	4, 0xb5926f5b
80005922:	6f6a                	.insn	2, 0x6f6a
80005924:	6f793433          	.insn	4, 0x6f793433
80005928:	0ec2                	.insn	2, 0x0ec2
8000592a:	1d7a6f83          	.insn	4, 0x1d7a6f83
8000592e:	6f86                	.insn	2, 0x6f86
80005930:	a3d2                	.insn	2, 0xa3d2
80005932:	73bb6f8f          	.insn	4, 0x73bb6f8f
80005936:	6fb1                	.insn	2, 0x6fb1
80005938:	6fb360db          	.insn	4, 0x6fb360db
8000593c:	6fc00817          	auipc	a6,0x6fc00
80005940:	6241                	.insn	2, 0x6241
80005942:	6fd5                	.insn	2, 0x6fd5
80005944:	e188                	.insn	2, 0xe188
80005946:	a4ac6ff3          	csrrsi	t6,0xa4a,24
8000594a:	6ff6                	.insn	2, 0x6ff6
8000594c:	7008f7cb          	.insn	4, 0x7008f7cb
80005950:	e7fa                	.insn	2, 0xe7fa
80005952:	7015                	.insn	2, 0x7015
80005954:	701755cb          	.insn	4, 0x701755cb
80005958:	a7de                	.insn	2, 0xa7de
8000595a:	7021                	.insn	2, 0x7021
8000595c:	e0a1                	.insn	2, 0xe0a1
8000595e:	703e                	.insn	2, 0x703e
80005960:	8c1c                	.insn	2, 0x8c1c
80005962:	ed6c704b          	.insn	4, 0xed6c704b
80005966:	706e                	.insn	2, 0x706e
80005968:	70b4af37          	lui	t5,0x70b4a
8000596c:	6f0e                	.insn	2, 0x6f0e
8000596e:	70b5                	.insn	2, 0x70b5
80005970:	fc69                	.insn	2, 0xfc69
80005972:	2dc170bf 482e70c4 	.insn	8, 0x482e70c42dc170bf
8000597a:	584070cb          	.insn	4, 0x584070cb
8000597e:	70d6                	.insn	2, 0x70d6
80005980:	3381                	.insn	2, 0x3381
80005982:	7111                	.insn	2, 0x7111
80005984:	711c785b          	.insn	4, 0x711c785b
80005988:	c500                	.insn	2, 0xc500
8000598a:	711f 12ec 712a      	.insn	6, 0x712a12ec711f
80005990:	71422f0f          	.insn	4, 0x71422f0f
80005994:	71490dbf 7157291f 	.insn	8, 0x7157291f71490dbf
8000599c:	df4c                	.insn	2, 0xdf4c
8000599e:	7165                	.insn	2, 0x7165
800059a0:	4d82                	.insn	2, 0x4d82
800059a2:	74f47167          	.insn	4, 0x74f47167
800059a6:	7180                	.insn	2, 0x7180
800059a8:	94e1                	.insn	2, 0x94e1
800059aa:	7184                	.insn	2, 0x7184
800059ac:	88e1                	.insn	2, 0x88e1
800059ae:	7185                	.insn	2, 0x7185
800059b0:	7f30                	.insn	2, 0x7f30
800059b2:	7188                	.insn	2, 0x7188
800059b4:	420c                	.insn	2, 0x420c
800059b6:	7190                	.insn	2, 0x7190
800059b8:	86fc                	.insn	2, 0x86fc
800059ba:	71a0                	.insn	2, 0x71a0
800059bc:	9e52                	.insn	2, 0x9e52
800059be:	71b6                	.insn	2, 0x71b6
800059c0:	328d                	.insn	2, 0x328d
800059c2:	6c2a71bb          	.insn	4, 0x6c2a71bb
800059c6:	364471d3          	.insn	4, 0x364471d3
800059ca:	ceae71e7          	.insn	4, 0xceae71e7
800059ce:	887a71f7          	.insn	4, 0x887a71f7
800059d2:	720d                	.insn	2, 0x720d
800059d4:	ee24                	.insn	2, 0xee24
800059d6:	720e                	.insn	2, 0x720e
800059d8:	32b5                	.insn	2, 0x32b5
800059da:	7214                	.insn	2, 0x7214
800059dc:	7220fd73          	csrrci	s10,minstretcfgh,1
800059e0:	adc9                	.insn	2, 0xadc9
800059e2:	7221                	.insn	2, 0x7221
800059e4:	3950                	.insn	2, 0x3950
800059e6:	06f2722b          	.insn	4, 0x06f2722b
800059ea:	723d                	.insn	2, 0x723d
800059ec:	c58d                	.insn	2, 0xc58d
800059ee:	a9257257          	.insn	4, 0xa9257257
800059f2:	1f647273          	csrrci	tp,0x1f6,8
800059f6:	5fea72b7          	lui	t0,0x5fea7
800059fa:	496172d7          	.insn	4, 0x496172d7
800059fe:	72e1                	.insn	2, 0x72e1
80005a00:	ac02                	.insn	2, 0xac02
80005a02:	58a272ef          	jal	t0,8002cf8c <__global_pointer$+0x24a58>
80005a06:	90f072f3          	csrrci	t0,0x90f,0
80005a0a:	e6287313          	andi	t1,a6,-414
80005a0e:	7316                	.insn	2, 0x7316
80005a10:	0655                	.insn	2, 0x0655
80005a12:	731d                	.insn	2, 0x731d
80005a14:	4038                	.insn	2, 0x4038
80005a16:	7320                	.insn	2, 0x7320
80005a18:	a425                	.insn	2, 0xa425
80005a1a:	7329                	.insn	2, 0x7329
80005a1c:	5cd4                	.insn	2, 0x5cd4
80005a1e:	53ad733f e6707345 	.insn	8, 0xe670734553ad733f
80005a26:	7359                	.insn	2, 0x7359
80005a28:	736f35b7          	lui	a1,0x736f3
80005a2c:	73877afb          	.insn	4, 0x73877afb
80005a30:	739d378b          	.insn	4, 0x739d378b
80005a34:	eeb2                	.insn	2, 0xeeb2
80005a36:	73c1                	.insn	2, 0x73c1
80005a38:	ee10                	.insn	2, 0xee10
80005a3a:	73d1                	.insn	2, 0x73d1
80005a3c:	73d9c2c7          	.insn	4, 0x73d9c2c7
80005a40:	73e9750b          	.insn	4, 0x73e9750b
80005a44:	0760                	.insn	2, 0x0760
80005a46:	73f0                	.insn	2, 0x73f0
80005a48:	aae2                	.insn	2, 0xaae2
80005a4a:	73fd                	.insn	2, 0x73fd
80005a4c:	fa75                	.insn	2, 0xfa75
80005a4e:	741d                	.insn	2, 0x741d
80005a50:	1086                	.insn	2, 0x1086
80005a52:	7439                	.insn	2, 0x7439
80005a54:	8909                	.insn	2, 0x8909
80005a56:	743c                	.insn	2, 0x743c
80005a58:	744d6397          	auipc	t2,0x744d6
80005a5c:	dd6a                	.insn	2, 0xdd6a
80005a5e:	b729745b          	.insn	4, 0xb729745b
80005a62:	745e                	.insn	2, 0x745e
80005a64:	7465                	.insn	2, 0x7465
80005a66:	7465                	.insn	2, 0x7465
80005a68:	4bc0                	.insn	2, 0x4bc0
80005a6a:	7398746f          	jal	s0,8008d9a2 <__global_pointer$+0x8546e>
80005a6e:	7476                	.insn	2, 0x7476
80005a70:	748d9613          	.insn	4, 0x748d9613
80005a74:	8ffa                	.insn	2, 0x8ffa
80005a76:	74b0                	.insn	2, 0x74b0
80005a78:	d7c8                	.insn	2, 0xd7c8
80005a7a:	74b2                	.insn	2, 0x74b2
80005a7c:	74bac3d7          	.insn	4, 0x74bac3d7
80005a80:	5bd8                	.insn	2, 0x5bd8
80005a82:	6dec74c7          	.insn	4, 0x6dec74c7
80005a86:	74c8                	.insn	2, 0x74c8
80005a88:	f214                	.insn	2, 0xf214
80005a8a:	5c8374eb          	.insn	4, 0x5c8374eb
80005a8e:	74ec                	.insn	2, 0x74ec
80005a90:	43cd                	.insn	2, 0x43cd
80005a92:	74fc                	.insn	2, 0x74fc
80005a94:	d010                	.insn	2, 0xd010
80005a96:	7501                	.insn	2, 0x7501
80005a98:	ff5d                	.insn	2, 0xff5d
80005a9a:	7524                	.insn	2, 0x7524
80005a9c:	91ec                	.insn	2, 0x91ec
80005a9e:	752c                	.insn	2, 0x752c
80005aa0:	cea2                	.insn	2, 0xcea2
80005aa2:	7548                	.insn	2, 0x7548
80005aa4:	7556939b          	.insn	4, 0x7556939b
80005aa8:	ce81                	.insn	2, 0xce81
80005aaa:	7556                	.insn	2, 0x7556
80005aac:	ae6e                	.insn	2, 0xae6e
80005aae:	fa5f7567          	.insn	4, 0xfa5f7567
80005ab2:	76de7577          	.insn	4, 0x76de7577
80005ab6:	7582                	.insn	2, 0x7582
80005ab8:	10d0                	.insn	2, 0x10d0
80005aba:	7585                	.insn	2, 0x7585
80005abc:	d4b4                	.insn	2, 0xd4b4
80005abe:	803b75e3          	bgeu	s6,gp,800052c8 <verify_data+0x1594>
80005ac2:	7612                	.insn	2, 0x7612
80005ac4:	01e6                	.insn	2, 0x01e6
80005ac6:	f891761b          	.insn	4, 0xf891761b
80005aca:	a0507637          	lui	a2,0xa0507
80005ace:	c41b7643          	.insn	4, 0xc41b7643
80005ad2:	5c327643          	.insn	4, 0x5c327643
80005ad6:	765e                	.insn	2, 0x765e
80005ad8:	039c                	.insn	2, 0x039c
80005ada:	766e                	.insn	2, 0x766e
80005adc:	66c4                	.insn	2, 0x66c4
80005ade:	7691                	.insn	2, 0x7691
80005ae0:	76c9de3b          	.insn	4, 0x76c9de3b
80005ae4:	76e02b87          	.insn	4, 0x76e02b87
80005ae8:	770d9d97          	auipc	s11,0x770d9
80005aec:	b4d1                	.insn	2, 0xb4d1
80005aee:	7745                	.insn	2, 0x7745
80005af0:	8a60                	.insn	2, 0x8a60
80005af2:	7761                	.insn	2, 0x7761
80005af4:	c005                	.insn	2, 0xc005
80005af6:	777c                	.insn	2, 0x777c
80005af8:	5dbc                	.insn	2, 0x5dbc
80005afa:	777e                	.insn	2, 0x777e
80005afc:	3159                	.insn	2, 0x3159
80005afe:	7782                	.insn	2, 0x7782
80005b00:	d711                	.insn	2, 0xd711
80005b02:	56c3778b          	.insn	4, 0x56c3778b
80005b06:	778e                	.insn	2, 0x778e
80005b08:	0736                	.insn	2, 0x0736
80005b0a:	7796                	.insn	2, 0x7796
80005b0c:	779e33eb          	.insn	4, 0x779e33eb
80005b10:	a4f9                	.insn	2, 0xa4f9
80005b12:	77c2                	.insn	2, 0x77c2
80005b14:	8b1a                	.insn	2, 0x8b1a
80005b16:	77d6                	.insn	2, 0x77d6
80005b18:	0db6                	.insn	2, 0x0db6
80005b1a:	77ea                	.insn	2, 0x77ea
80005b1c:	96b1                	.insn	2, 0x96b1
80005b1e:	780c                	.insn	2, 0x780c
80005b20:	2c8c                	.insn	2, 0x2c8c
80005b22:	780d                	.insn	2, 0x780d
80005b24:	78276307          	.insn	4, 0x78276307
80005b28:	3012                	.insn	2, 0x3012
80005b2a:	782c                	.insn	2, 0x782c
80005b2c:	d041                	.insn	2, 0xd041
80005b2e:	7830                	.insn	2, 0x7830
80005b30:	783be667          	.insn	4, 0x783be667
80005b34:	5ebc                	.insn	2, 0x5ebc
80005b36:	784d                	.insn	2, 0x784d
80005b38:	b865                	.insn	2, 0xb865
80005b3a:	7889                	.insn	2, 0x7889
80005b3c:	1f55                	.insn	2, 0x1f55
80005b3e:	7894                	.insn	2, 0x7894
80005b40:	23fa                	.insn	2, 0x23fa
80005b42:	789c                	.insn	2, 0x789c
80005b44:	d08a                	.insn	2, 0xd08a
80005b46:	78b0                	.insn	2, 0x78b0
80005b48:	5dae                	.insn	2, 0x5dae
80005b4a:	78d8                	.insn	2, 0x78d8
80005b4c:	fd24                	.insn	2, 0xfd24
80005b4e:	78dd                	.insn	2, 0x78dd
80005b50:	35aa                	.insn	2, 0x35aa
80005b52:	78de                	.insn	2, 0x78de
80005b54:	7171                	.insn	2, 0x7171
80005b56:	78df 9a07 78e2      	.insn	6, 0x78e29a0778df
80005b5c:	78f220af          	.insn	4, 0x78f220af
80005b60:	f786                	.insn	2, 0xf786
80005b62:	78fd                	.insn	2, 0x78fd
80005b64:	2c44                	.insn	2, 0x2c44
80005b66:	792d                	.insn	2, 0x792d
80005b68:	c459                	.insn	2, 0xc459
80005b6a:	7939                	.insn	2, 0x7939
80005b6c:	1798                	.insn	2, 0x1798
80005b6e:	7948                	.insn	2, 0x7948
80005b70:	d530                	.insn	2, 0xd530
80005b72:	574d795b          	.insn	4, 0x574d795b
80005b76:	7966                	.insn	2, 0x7966
80005b78:	ee36                	.insn	2, 0xee36
80005b7a:	796c                	.insn	2, 0x796c
80005b7c:	89e9                	.insn	2, 0x89e9
80005b7e:	de277987          	.insn	4, 0xde277987
80005b82:	7988                	.insn	2, 0x7988
80005b84:	79b5933b          	.insn	4, 0x79b5933b
80005b88:	79c39977          	.insn	4, 0x79c39977
80005b8c:	35d0                	.insn	2, 0x35d0
80005b8e:	79d5                	.insn	2, 0x79d5
80005b90:	79ea714f          	.insn	4, 0x79ea714f
80005b94:	c122                	.insn	2, 0xc122
80005b96:	79f0                	.insn	2, 0x79f0
80005b98:	135a                	.insn	2, 0x135a
80005b9a:	79ff                	.insn	2, 0x79ff
80005b9c:	7a02d7ff 7a0e7c57 	.insn	20, 0x7a2bec617a1a8d0d7a1523997a0e7c577a02d7ff
80005ba4:	7a152399 7a1a8d0d 
80005bac:	7a2bec61 
80005bb0:	f0f9                	.insn	2, 0xf0f9
80005bb2:	0e127a53          	.insn	4, 0x0e127a53
80005bb6:	7a54                	.insn	2, 0x7a54
80005bb8:	7a54488b          	.insn	4, 0x7a54488b
80005bbc:	039a                	.insn	2, 0x039a
80005bbe:	7a6c                	.insn	2, 0x7a6c
80005bc0:	cbd4                	.insn	2, 0xcbd4
80005bc2:	7a70                	.insn	2, 0x7a70
80005bc4:	c442                	.insn	2, 0xc442
80005bc6:	7a88                	.insn	2, 0x7a88
80005bc8:	e546                	.insn	2, 0xe546
80005bca:	939c7ad7          	.insn	4, 0x939c7ad7
80005bce:	7ada                	.insn	2, 0x7ada
80005bd0:	7afd1cd3          	.insn	4, 0x7afd1cd3
80005bd4:	5c90                	.insn	2, 0x5c90
80005bd6:	7b08                	.insn	2, 0x7b08
80005bd8:	d916                	.insn	2, 0xd916
80005bda:	7b0a                	.insn	2, 0x7b0a
80005bdc:	7b2b5f8b          	.insn	4, 0x7b2b5f8b
80005be0:	de31                	.insn	2, 0xde31
80005be2:	7b31                	.insn	2, 0x7b31
80005be4:	7b35733f 7b3b8ae9 	.insn	8, 0x7b3b8ae97b35733f
80005bec:	69d2                	.insn	2, 0x69d2
80005bee:	7b48                	.insn	2, 0x7b48
80005bf0:	84c1                	.insn	2, 0x84c1
80005bf2:	7b4e                	.insn	2, 0x7b4e
80005bf4:	26e9                	.insn	2, 0x26e9
80005bf6:	7b55                	.insn	2, 0x7b55
80005bf8:	d215                	.insn	2, 0xd215
80005bfa:	7b68                	.insn	2, 0x7b68
80005bfc:	7b86eff3          	csrrsi	t6,0x7b8,13
80005c00:	d676                	.insn	2, 0xd676
80005c02:	7b96                	.insn	2, 0x7b96
80005c04:	8d3a                	.insn	2, 0x8d3a
80005c06:	678e7bab          	.insn	4, 0x678e7bab
80005c0a:	7bac                	.insn	2, 0x7bac
80005c0c:	7bc697fb          	.insn	4, 0x7bc697fb
80005c10:	b108                	.insn	2, 0xb108
80005c12:	7bd6                	.insn	2, 0x7bd6
80005c14:	7be3d2d7          	.insn	4, 0x7be3d2d7
80005c18:	8a2c                	.insn	2, 0x8a2c
80005c1a:	7bf2                	.insn	2, 0x7bf2
80005c1c:	80f5                	.insn	2, 0x80f5
80005c1e:	7c05                	.insn	2, 0x7c05
80005c20:	da01                	.insn	2, 0xda01
80005c22:	7c11                	.insn	2, 0x7c11
80005c24:	67a4                	.insn	2, 0x67a4
80005c26:	7c24                	.insn	2, 0x7c24
80005c28:	7c45df3b          	.insn	4, 0x7c45df3b
80005c2c:	8234                	.insn	2, 0x8234
80005c2e:	2dab7c4b          	.insn	4, 0x2dab7c4b
80005c32:	27d67c6f          	jal	s8,8006d6ae <__global_pointer$+0x6517a>
80005c36:	7c7d                	.insn	2, 0x7c7d
80005c38:	5be8                	.insn	2, 0x5be8
80005c3a:	7c80                	.insn	2, 0x7c80
80005c3c:	ee66                	.insn	2, 0xee66
80005c3e:	7c82                	.insn	2, 0x7c82
80005c40:	7c9296e3          	bne	t0,s1,80006c0c <input_data+0xed8>
80005c44:	7c93425b          	.insn	4, 0x7c93425b
80005c48:	29ad                	.insn	2, 0x29ad
80005c4a:	91207c9b          	.insn	4, 0x91207c9b
80005c4e:	4ee17c9b          	.insn	4, 0x4ee17c9b
80005c52:	7c9d                	.insn	2, 0x7c9d
80005c54:	ae2c                	.insn	2, 0xae2c
80005c56:	da267cab          	.insn	4, 0xda267cab
80005c5a:	35837cc7          	.insn	4, 0x35837cc7
80005c5e:	7cd1                	.insn	2, 0x7cd1
80005c60:	5531                	.insn	2, 0x5531
80005c62:	7cd2                	.insn	2, 0x7cd2
80005c64:	ed64                	.insn	2, 0xed64
80005c66:	7cd8                	.insn	2, 0x7cd8
80005c68:	172d                	.insn	2, 0x172d
80005c6a:	7cdd                	.insn	2, 0x7cdd
80005c6c:	8ed0                	.insn	2, 0x8ed0
80005c6e:	7cfe                	.insn	2, 0x7cfe
80005c70:	7d199933          	.insn	4, 0x7d199933
80005c74:	0d94                	.insn	2, 0x0d94
80005c76:	d9767d33          	.insn	4, 0xd9767d33
80005c7a:	7d5c                	.insn	2, 0x7d5c
80005c7c:	a826                	.insn	2, 0xa826
80005c7e:	7d7c                	.insn	2, 0x7d7c
80005c80:	7dc1                	.insn	2, 0x7dc1
80005c82:	7d81                	.insn	2, 0x7d81
80005c84:	b7c8                	.insn	2, 0xb7c8
80005c86:	7d82                	.insn	2, 0x7d82
80005c88:	2f96                	.insn	2, 0x2f96
80005c8a:	7d84                	.insn	2, 0x7d84
80005c8c:	3b66                	.insn	2, 0x3b66
80005c8e:	7dac                	.insn	2, 0x7dac
80005c90:	97d6                	.insn	2, 0x97d6
80005c92:	7db5                	.insn	2, 0x7db5
80005c94:	7dbce1f7          	.insn	4, 0x7dbce1f7
80005c98:	c751                	.insn	2, 0xc751
80005c9a:	7dc1                	.insn	2, 0x7dc1
80005c9c:	7558                	.insn	2, 0x7558
80005c9e:	7df8                	.insn	2, 0x7df8
80005ca0:	7e0a0b8f          	.insn	4, 0x7e0a0b8f
80005ca4:	7e1723f7          	.insn	4, 0x7e1723f7
80005ca8:	287c                	.insn	2, 0x287c
80005caa:	48c77e27          	.insn	4, 0x48c77e27
80005cae:	7e3c                	.insn	2, 0x7e3c
80005cb0:	3888                	.insn	2, 0x3888
80005cb2:	7e41                	.insn	2, 0x7e41
80005cb4:	b8ee                	.insn	2, 0xb8ee
80005cb6:	7e44                	.insn	2, 0x7e44
80005cb8:	69c4                	.insn	2, 0x69c4
80005cba:	7e4a                	.insn	2, 0x7e4a
80005cbc:	a6bd                	.insn	2, 0xa6bd
80005cbe:	7e4a                	.insn	2, 0x7e4a
80005cc0:	de88                	.insn	2, 0xde88
80005cc2:	282b7e53          	.insn	4, 0x282b7e53
80005cc6:	7e7f                	.insn	2, 0x7e7f
80005cc8:	2a5f 7e88 3314      	.insn	6, 0x33147e882a5f
80005cce:	7e90                	.insn	2, 0x7e90
80005cd0:	1b69                	.insn	2, 0x1b69
80005cd2:	7ea5                	.insn	2, 0x7ea5
80005cd4:	8eb9                	.insn	2, 0x8eb9
80005cd6:	a1f87eb7          	lui	t4,0xa1f87
80005cda:	7eb8                	.insn	2, 0x7eb8
80005cdc:	8b3e                	.insn	2, 0x8b3e
80005cde:	7ec6                	.insn	2, 0x7ec6
80005ce0:	7ec6e397          	auipc	t2,0x7ec6e
80005ce4:	e55e                	.insn	2, 0xe55e
80005ce6:	50687ed7          	.insn	4, 0x50687ed7
80005cea:	cc317ee3          	bgeu	sp,gp,800059c6 <verify_data+0x1c92>
80005cee:	7eed                	.insn	2, 0x7eed
80005cf0:	2954                	.insn	2, 0x2954
80005cf2:	7ef4                	.insn	2, 0x7ef4
80005cf4:	7ef912b7          	lui	t0,0x7ef91
80005cf8:	a5cd                	.insn	2, 0xa5cd
80005cfa:	7f02                	.insn	2, 0x7f02
80005cfc:	1831                	.insn	2, 0x1831
80005cfe:	7f10                	.insn	2, 0x7f10
80005d00:	a605                	.insn	2, 0xa605
80005d02:	7f10                	.insn	2, 0x7f10
80005d04:	0434                	.insn	2, 0x0434
80005d06:	7f24                	.insn	2, 0x7f24
80005d08:	c95e                	.insn	2, 0xc95e
80005d0a:	731f7f4b          	.insn	4, 0x731f7f4b
80005d0e:	7f8d                	.insn	2, 0x7f8d
80005d10:	3385                	.insn	2, 0x3385
80005d12:	58997f8f          	.insn	4, 0x58997f8f
80005d16:	7f99                	.insn	2, 0x7f99
80005d18:	1715                	.insn	2, 0x1715
80005d1a:	7fa6                	.insn	2, 0x7fa6
80005d1c:	c8f2                	.insn	2, 0xc8f2
80005d1e:	7fb1                	.insn	2, 0x7fb1
80005d20:	8976                	.insn	2, 0x8976
80005d22:	7fc0                	.insn	2, 0x7fc0
80005d24:	d2d0                	.insn	2, 0xd2d0
80005d26:	7fc0                	.insn	2, 0x7fc0
80005d28:	7fca5d7f 7fdb3900 	.insn	20, 0x3a2ccef4055424a47fe84e467fdb39007fca5d7f
80005d30:	7fe84e46  
80005d38:	 

80005d34 <input_data>:
80005d34:	24a4                	.insn	2, 0x24a4
80005d36:	0554                	.insn	2, 0x0554
80005d38:	cef4                	.insn	2, 0xcef4
80005d3a:	3a2c                	.insn	2, 0x3a2c
80005d3c:	4a64                	.insn	2, 0x4a64
80005d3e:	97196adb          	.insn	4, 0x97196adb
80005d42:	2b01                	.insn	2, 0x2b01
80005d44:	f4ee                	.insn	2, 0xf4ee
80005d46:	4861                	.insn	2, 0x4861
80005d48:	0039e5ef          	jal	a1,800a454a <__global_pointer$+0x9c016>
80005d4c:	eeec                	.insn	2, 0xeeec
80005d4e:	1802                	.insn	2, 0x1802
80005d50:	8b3e                	.insn	2, 0x8b3e
80005d52:	7ec6                	.insn	2, 0x7ec6
80005d54:	4a40                	.insn	2, 0x4a40
80005d56:	6010                	.insn	2, 0x6010
80005d58:	0df8                	.insn	2, 0x0df8
80005d5a:	2ee2                	.insn	2, 0x2ee2
80005d5c:	6b72                	.insn	2, 0x6b72
80005d5e:	2cf4                	.insn	2, 0x2cf4
80005d60:	49635f53          	.insn	4, 0x49635f53
80005d64:	8979                	.insn	2, 0x8979
80005d66:	9b6810f7          	.insn	4, 0x9b6810f7
80005d6a:	0836                	.insn	2, 0x0836
80005d6c:	79b5933b          	.insn	4, 0x79b5933b
80005d70:	db86                	.insn	2, 0xdb86
80005d72:	ca5913a7          	.insn	4, 0xca5913a7
80005d76:	4ad5                	.insn	2, 0x4ad5
80005d78:	28d5                	.insn	2, 0x28d5
80005d7a:	1bb9                	.insn	2, 0x1bb9
80005d7c:	72c2                	.insn	2, 0x72c2
80005d7e:	04bd673b          	.insn	4, 0x04bd673b
80005d82:	9f1011fb          	.insn	4, 0x9f1011fb
80005d86:	4f9f 88d5 1afe      	.insn	6, 0x1afe88d54f9f
80005d8c:	8b4c                	.insn	2, 0x8b4c
80005d8e:	d92d00d7          	.insn	4, 0xd92d00d7
80005d92:	4961                	.insn	2, 0x4961
80005d94:	8a60                	.insn	2, 0x8a60
80005d96:	7761                	.insn	2, 0x7761
80005d98:	d1e1                	.insn	2, 0xd1e1
80005d9a:	ee242b8f          	.insn	4, 0xee242b8f
80005d9e:	720e                	.insn	2, 0x720e
80005da0:	040c                	.insn	2, 0x040c
80005da2:	4c04                	.insn	2, 0x4c04
80005da4:	6e71                	.insn	2, 0x6e71
80005da6:	324a                	.insn	2, 0x324a
80005da8:	0655                	.insn	2, 0x0655
80005daa:	731d                	.insn	2, 0x731d
80005dac:	917d                	.insn	2, 0x917d
80005dae:	58f5                	.insn	2, 0x58f5
80005db0:	da5f 1d42 de31      	.insn	6, 0xde311d42da5f
80005db6:	7b31                	.insn	2, 0x7b31
80005db8:	fa95                	.insn	2, 0xfa95
80005dba:	018a                	.insn	2, 0x018a
80005dbc:	d8e0                	.insn	2, 0xd8e0
80005dbe:	12ec0e33          	.insn	4, 0x12ec0e33
80005dc2:	712a                	.insn	2, 0x712a
80005dc4:	db66                	.insn	2, 0xdb66
80005dc6:	0ef1                	.insn	2, 0x0ef1
80005dc8:	3b49                	.insn	2, 0x3b49
80005dca:	601e                	.insn	2, 0x601e
80005dcc:	2601eb4f          	.insn	4, 0x2601eb4f
80005dd0:	cb54                	.insn	2, 0xcb54
80005dd2:	52c6                	.insn	2, 0x52c6
80005dd4:	2b51                	.insn	2, 0x2b51
80005dd6:	369a                	.insn	2, 0x369a
80005dd8:	d5c8                	.insn	2, 0xd5c8
80005dda:	401e                	.insn	2, 0x401e
80005ddc:	10f8                	.insn	2, 0x10f8
80005dde:	2844                	.insn	2, 0x2844
80005de0:	8c39                	.insn	2, 0x8c39
80005de2:	37e8                	.insn	2, 0x37e8
80005de4:	0c00                	.insn	2, 0x0c00
80005de6:	547c                	.insn	2, 0x547c
80005de8:	0492                	.insn	2, 0x0492
80005dea:	59ed                	.insn	2, 0x59ed
80005dec:	632cf297          	auipc	t0,0x632cf
80005df0:	1e9a                	.insn	2, 0x1e9a
80005df2:	6819                	.insn	2, 0x6819
80005df4:	b431                	.insn	2, 0xb431
80005df6:	e1f728ef          	jal	a7,7ff78c14 <buflen.1+0x7ff78bd4>
80005dfa:	7dbc                	.insn	2, 0x7dbc
80005dfc:	3468                	.insn	2, 0x3468
80005dfe:	56fe                	.insn	2, 0x56fe
80005e00:	2441                	.insn	2, 0x2441
80005e02:	a7de1353          	.insn	4, 0xa7de1353
80005e06:	7021                	.insn	2, 0x7021
80005e08:	62d6                	.insn	2, 0x62d6
80005e0a:	86c8592f          	.insn	4, 0x86c8592f
80005e0e:	304d                	.insn	2, 0x304d
80005e10:	8551                	.insn	2, 0x8551
80005e12:	484c                	.insn	2, 0x484c
80005e14:	8b6a                	.insn	2, 0x8b6a
80005e16:	3ccc                	.insn	2, 0x3ccc
80005e18:	fb81                	.insn	2, 0xfb81
80005e1a:	22e0                	.insn	2, 0x22e0
80005e1c:	783be667          	.insn	4, 0x783be667
80005e20:	2128e503          	.insn	4, 0x2128e503
80005e24:	bf66                	.insn	2, 0xbf66
80005e26:	4524                	.insn	2, 0x4524
80005e28:	52ea70bb          	.insn	4, 0x52ea70bb
80005e2c:	662c                	.insn	2, 0x662c
80005e2e:	48ee                	.insn	2, 0x48ee
80005e30:	6f6a                	.insn	2, 0x6f6a
80005e32:	4139                	.insn	2, 0x4139
80005e34:	af00                	.insn	2, 0xaf00
80005e36:	1a05                	.insn	2, 0x1a05
80005e38:	0b5676e3          	bgeu	a2,s5,800066e4 <input_data+0x9b0>
80005e3c:	7ca6                	.insn	2, 0x7ca6
80005e3e:	727123f3          	csrrs	t2,mhpmevent7h,sp
80005e42:	5a32                	.insn	2, 0x5a32
80005e44:	5b08                	.insn	2, 0x5b08
80005e46:	6145                	.insn	2, 0x6145
80005e48:	e12a                	.insn	2, 0xe12a
80005e4a:	55d6                	.insn	2, 0x55d6
80005e4c:	6f29                	.insn	2, 0x6f29
80005e4e:	4db5                	.insn	2, 0x4db5
80005e50:	301453e7          	.insn	4, 0x301453e7
80005e54:	4ba0                	.insn	2, 0x4ba0
80005e56:	4191                	.insn	2, 0x4191
80005e58:	42ff 46ae 148d 544a 	.insn	18, 0x058c1900b280780c96b1544a148d46ae42ff
80005e60:	96b1 780c b280 1900 
80005e68:	058c 
80005e6a:	c97f4bef          	jal	s7,7fffab00 <buflen.1+0x7fffaac0>
80005e6e:	0a79                	.insn	2, 0x0a79
80005e70:	c11e                	.insn	2, 0xc11e
80005e72:	48ec                	.insn	2, 0x48ec
80005e74:	27e4                	.insn	2, 0x27e4
80005e76:	223a                	.insn	2, 0x223a
80005e78:	135a                	.insn	2, 0x135a
80005e7a:	79ff                	.insn	2, 0x79ff
80005e7c:	1082                	.insn	2, 0x1082
80005e7e:	16571d5b          	.insn	4, 0x16571d5b
80005e82:	66a0                	.insn	2, 0x66a0
80005e84:	0c12                	.insn	2, 0x0c12
80005e86:	2b48                	.insn	2, 0x2b48
80005e88:	5c10                	.insn	2, 0x5c10
80005e8a:	4adf f786 78fd      	.insn	6, 0x78fdf7864adf
80005e90:	34f5                	.insn	2, 0x34f5
80005e92:	5266                	.insn	2, 0x5266
80005e94:	739d378b          	.insn	4, 0x739d378b
80005e98:	9259                	.insn	2, 0x9259
80005e9a:	2f28                	.insn	2, 0x2f28
80005e9c:	1ef9fd23          	.insn	4, 0x1ef9fd23
80005ea0:	ccad                	.insn	2, 0xccad
80005ea2:	43cd3ea7          	.insn	4, 0x43cd3ea7
80005ea6:	74fc                	.insn	2, 0x74fc
80005ea8:	2a22a5e3          	.insn	4, 0x2a22a5e3
80005eac:	cf72                	.insn	2, 0xcf72
80005eae:	69e2                	.insn	2, 0x69e2
80005eb0:	281bbd27          	.insn	4, 0x281bbd27
80005eb4:	778e56c3          	.insn	4, 0x778e56c3
80005eb8:	4bf29b83          	lh	s7,1215(t0) # e32d52ab <__global_pointer$+0x632ccd77>
80005ebc:	de88                	.insn	2, 0xde88
80005ebe:	0fec7e53          	.insn	4, 0x0fec7e53
80005ec2:	31c6                	.insn	2, 0x31c6
80005ec4:	191afacb          	.insn	4, 0x191afacb
80005ec8:	8575                	.insn	2, 0x8575
80005eca:	45b2                	.insn	2, 0x45b2
80005ecc:	5c90                	.insn	2, 0x5c90
80005ece:	7b08                	.insn	2, 0x7b08
80005ed0:	5f7c                	.insn	2, 0x5f7c
80005ed2:	2d61533f 7dc148a1 	.insn	8, 0x7dc148a12d61533f
80005eda:	7d81                	.insn	2, 0x7d81
80005edc:	e584                	.insn	2, 0xe584
80005ede:	2cf4                	.insn	2, 0x2cf4
80005ee0:	7fca5d7f 532a6e6c 	.insn	20, 0x0a264a155431a8886855a4ba532a6e6c7fca5d7f
80005ee8:	6855a4ba 5431a888 
80005ef0:	0a264a15 
80005ef4:	3a26                	.insn	2, 0x3a26
80005ef6:	45a11733          	.insn	4, 0x45a11733
80005efa:	1ab8                	.insn	2, 0x1ab8
80005efc:	0e578ce3          	beq	a5,t0,800067f4 <input_data+0xac0>
80005f00:	4e46                	.insn	2, 0x4e46
80005f02:	7fe8                	.insn	2, 0x7fe8
80005f04:	f7a0                	.insn	2, 0xf7a0
80005f06:	6e10                	.insn	2, 0x6e10
80005f08:	6366                	.insn	2, 0x6366
80005f0a:	50b4                	.insn	2, 0x50b4
80005f0c:	08606c9b          	.insn	4, 0x08606c9b
80005f10:	cb9d                	.insn	2, 0xcb9d
80005f12:	6c92                	.insn	2, 0x6c92
80005f14:	05f9                	.insn	2, 0x05f9
80005f16:	24f4                	.insn	2, 0x24f4
80005f18:	0f8e                	.insn	2, 0x0f8e
80005f1a:	5a42                	.insn	2, 0x5a42
80005f1c:	2cc21eab          	.insn	4, 0x2cc21eab
80005f20:	d2d0                	.insn	2, 0xd2d0
80005f22:	7fc0                	.insn	2, 0x7fc0
80005f24:	321c                	.insn	2, 0x321c
80005f26:	1225                	.insn	2, 0x1225
80005f28:	0d30                	.insn	2, 0x0d30
80005f2a:	207d                	.insn	2, 0x207d
80005f2c:	aae2                	.insn	2, 0xaae2
80005f2e:	73fd                	.insn	2, 0x73fd
80005f30:	1398                	.insn	2, 0x1398
80005f32:	5bad                	.insn	2, 0x5bad
80005f34:	7f30                	.insn	2, 0x7f30
80005f36:	7188                	.insn	2, 0x7188
80005f38:	6219                	.insn	2, 0x6219
80005f3a:	a15d371b          	.insn	4, 0xa15d371b
80005f3e:	b79f21d7          	.insn	4, 0xb79f21d7
80005f42:	353e                	.insn	2, 0x353e
80005f44:	cba1                	.insn	2, 0xcba1
80005f46:	980f49e3          	bltz	t5,800058d8 <verify_data+0x1ba4>
80005f4a:	4500                	.insn	2, 0x4500
80005f4c:	2f96                	.insn	2, 0x2f96
80005f4e:	7d84                	.insn	2, 0x7d84
80005f50:	59bbba97          	auipc	s5,0x59bbb
80005f54:	7cc8                	.insn	2, 0x7cc8
80005f56:	6186                	.insn	2, 0x6186
80005f58:	00949033          	sll	zero,s1,s1
80005f5c:	2d32                	.insn	2, 0x2d32
80005f5e:	1ee1                	.insn	2, 0x1ee1
80005f60:	7168                	.insn	2, 0x7168
80005f62:	fb3a3f67          	.insn	4, 0xfb3a3f67
80005f66:	ea803d57          	.insn	4, 0xea803d57
80005f6a:	0cd0                	.insn	2, 0x0cd0
80005f6c:	fa46                	.insn	2, 0xfa46
80005f6e:	4001                	.insn	2, 0x4001
80005f70:	1281                	.insn	2, 0x1281
80005f72:	6ecd                	.insn	2, 0x6ecd
80005f74:	69aa                	.insn	2, 0x69aa
80005f76:	33a5                	.insn	2, 0x33a5
80005f78:	58e6236f          	jal	t1,80068506 <__global_pointer$+0x5ffd2>
80005f7c:	a960                	.insn	2, 0xa960
80005f7e:	1c74                	.insn	2, 0x1c74
80005f80:	3150                	.insn	2, 0x3150
80005f82:	3561                	.insn	2, 0x3561
80005f84:	a07c                	.insn	2, 0xa07c
80005f86:	a9bd38e3          	.insn	4, 0xa9bd38e3
80005f8a:	2609                	.insn	2, 0x2609
80005f8c:	8f18                	.insn	2, 0x8f18
80005f8e:	5c65                	.insn	2, 0x5c65
80005f90:	3ecd                	.insn	2, 0x3ecd
80005f92:	24a2                	.insn	2, 0x24a2
80005f94:	17e6                	.insn	2, 0x17e6
80005f96:	56a1                	.insn	2, 0x56a1
80005f98:	4e44                	.insn	2, 0x4e44
80005f9a:	4f90                	.insn	2, 0x4f90
80005f9c:	28bdf153          	.insn	4, 0x28bdf153
80005fa0:	4130                	.insn	2, 0x4130
80005fa2:	0ac50a0f          	.insn	4, 0x0ac50a0f
80005fa6:	1cb4                	.insn	2, 0x1cb4
80005fa8:	9006                	.insn	2, 0x9006
80005faa:	2d0c                	.insn	2, 0x2d0c
80005fac:	3012                	.insn	2, 0x3012
80005fae:	782c                	.insn	2, 0x782c
80005fb0:	14c2                	.insn	2, 0x14c2
80005fb2:	454d                	.insn	2, 0x454d
80005fb4:	bbfa                	.insn	2, 0xbbfa
80005fb6:	664924eb          	.insn	4, 0x664924eb
80005fba:	52de                	.insn	2, 0x52de
80005fbc:	61f6                	.insn	2, 0x61f6
80005fbe:	a7d10f4f          	.insn	4, 0xa7d10f4f
80005fc2:	15c5                	.insn	2, 0x15c5
80005fc4:	687e                	.insn	2, 0x687e
80005fc6:	4ed0                	.insn	2, 0x4ed0
80005fc8:	4adc                	.insn	2, 0x4adc
80005fca:	439a                	.insn	2, 0x439a
80005fcc:	fe51                	.insn	2, 0xfe51
80005fce:	4da5                	.insn	2, 0x4da5
80005fd0:	c3bd                	.insn	2, 0xc3bd
80005fd2:	2511                	.insn	2, 0x2511
80005fd4:	100a                	.insn	2, 0x100a
80005fd6:	31ec                	.insn	2, 0x31ec
80005fd8:	66076677          	.insn	4, 0x66076677
80005fdc:	ceea                	.insn	2, 0xceea
80005fde:	2cfe                	.insn	2, 0x2cfe
80005fe0:	152e                	.insn	2, 0x152e
80005fe2:	66b5                	.insn	2, 0x66b5
80005fe4:	de5c                	.insn	2, 0xde5c
80005fe6:	3a4e                	.insn	2, 0x3a4e
80005fe8:	e140                	.insn	2, 0xe140
80005fea:	5c50                	.insn	2, 0x5c50
80005fec:	034d                	.insn	2, 0x034d
80005fee:	23a5                	.insn	2, 0x23a5
80005ff0:	4569                	.insn	2, 0x4569
80005ff2:	613d                	.insn	2, 0x613d
80005ff4:	9f26                	.insn	2, 0x9f26
80005ff6:	2f24                	.insn	2, 0x2f24
80005ff8:	796a                	.insn	2, 0x796a
80005ffa:	5f84                	.insn	2, 0x5f84
80005ffc:	2df3dfcb          	.insn	4, 0x2df3dfcb
80006000:	16b9                	.insn	2, 0x16b9
80006002:	0bd0                	.insn	2, 0x0bd0
80006004:	4699                	.insn	2, 0x4699
80006006:	4add                	.insn	2, 0x4add
80006008:	a1f8                	.insn	2, 0xa1f8
8000600a:	7eb8                	.insn	2, 0x7eb8
8000600c:	2215                	.insn	2, 0x2215
8000600e:	080c                	.insn	2, 0x080c
80006010:	9608                	.insn	2, 0x9608
80006012:	22c1                	.insn	2, 0x22c1
80006014:	3888                	.insn	2, 0x3888
80006016:	7e41                	.insn	2, 0x7e41
80006018:	8b9f 6d56 d570      	.insn	6, 0xd5706d568b9f
8000601e:	33ac                	.insn	2, 0x33ac
80006020:	938e                	.insn	2, 0x938e
80006022:	650a                	.insn	2, 0x650a
80006024:	983d                	.insn	2, 0x983d
80006026:	2c6a                	.insn	2, 0x2c6a
80006028:	99ca                	.insn	2, 0x99ca
8000602a:	4428                	.insn	2, 0x4428
8000602c:	f095                	.insn	2, 0xf095
8000602e:	4252                	.insn	2, 0x4252
80006030:	b4a9                	.insn	2, 0xb4a9
80006032:	1c88                	.insn	2, 0x1c88
80006034:	8ad5                	.insn	2, 0x8ad5
80006036:	e5b747a7          	.insn	4, 0xe5b747a7
8000603a:	b7293b13          	sltiu	s6,s2,-1166
8000603e:	745e                	.insn	2, 0x745e
80006040:	1ef490c3          	.insn	4, 0x1ef490c3
80006044:	f658                	.insn	2, 0xf658
80006046:	635d                	.insn	2, 0x635d
80006048:	2deb91bf 20b378d4 	.insn	8, 0x20b378d42deb91bf
80006050:	2a8f6b6f          	jal	s6,800fc2f8 <__global_pointer$+0xf3dc4>
80006054:	e759                	.insn	2, 0xe759
80006056:	ceb263c7          	.insn	4, 0xceb263c7
8000605a:	57b6                	.insn	2, 0x57b6
8000605c:	e800                	.insn	2, 0xe800
8000605e:	4cb5                	.insn	2, 0x4cb5
80006060:	3d98                	.insn	2, 0x3d98
80006062:	5ed1                	.insn	2, 0x5ed1
80006064:	6746                	.insn	2, 0x6746
80006066:	1268                	.insn	2, 0x1268
80006068:	9561                	.insn	2, 0x9561
8000606a:	392e                	.insn	2, 0x392e
8000606c:	e231                	.insn	2, 0xe231
8000606e:	0456                	.insn	2, 0x0456
80006070:	dfd0                	.insn	2, 0xdfd0
80006072:	27f8                	.insn	2, 0x27f8
80006074:	2d4e                	.insn	2, 0x2d4e
80006076:	3635100b          	.insn	4, 0x3635100b
8000607a:	5f46                	.insn	2, 0x5f46
8000607c:	23fa                	.insn	2, 0x23fa
8000607e:	789c                	.insn	2, 0x789c
80006080:	47c5                	.insn	2, 0x47c5
80006082:	33eb476b          	.insn	4, 0x33eb476b
80006086:	779e                	.insn	2, 0x779e
80006088:	00fc                	.insn	2, 0x00fc
8000608a:	3d62                	.insn	2, 0x3d62
8000608c:	02a2                	.insn	2, 0x02a2
8000608e:	6676                	.insn	2, 0x6676
80006090:	476bead3          	.insn	4, 0x476bead3
80006094:	46dadd13          	.insn	4, 0x46dadd13
80006098:	66c4                	.insn	2, 0x66c4
8000609a:	7691                	.insn	2, 0x7691
8000609c:	e555                	.insn	2, 0xe555
8000609e:	3748                	.insn	2, 0x3748
800060a0:	77b2                	.insn	2, 0x77b2
800060a2:	eef76607          	.insn	4, 0xeef76607
800060a6:	5324                	.insn	2, 0x5324
800060a8:	17e0                	.insn	2, 0x17e0
800060aa:	2dd6                	.insn	2, 0x2dd6
800060ac:	7a02d7ff 722b3950 	.insn	20, 0x028131ca5557c00724e05376722b39507a02d7ff
800060b4:	24e05376 5557c007 
800060bc:	028131ca 
800060c0:	94ba                	.insn	2, 0x94ba
800060c2:	41f6                	.insn	2, 0x41f6
800060c4:	2422                	.insn	2, 0x2422
800060c6:	229c0663          	beq	s8,s1,800062f2 <input_data+0x5be>
800060ca:	477c                	.insn	2, 0x477c
800060cc:	0b0fe933          	.insn	4, 0x0b0fe933
800060d0:	6f793433          	.insn	4, 0x6f793433
800060d4:	2cec                	.insn	2, 0x2cec
800060d6:	0c38                	.insn	2, 0x0c38
800060d8:	7909                	.insn	2, 0x7909
800060da:	6d55                	.insn	2, 0x6d55
800060dc:	cfc9                	.insn	2, 0xcfc9
800060de:	9167388b          	.insn	4, 0x9167388b
800060e2:	af6d3867          	.insn	4, 0xaf6d3867
800060e6:	4b3e                	.insn	2, 0x4b3e
800060e8:	1545                	.insn	2, 0x1545
800060ea:	07d5                	.insn	2, 0x07d5
800060ec:	8f85                	.insn	2, 0x8f85
800060ee:	4eca                	.insn	2, 0x4eca
800060f0:	b0b9                	.insn	2, 0xb0b9
800060f2:	56f8                	.insn	2, 0x56f8
800060f4:	d0d4                	.insn	2, 0xd0d4
800060f6:	30f6                	.insn	2, 0x30f6
800060f8:	6a74                	.insn	2, 0x6a74
800060fa:	32ce                	.insn	2, 0x32ce
800060fc:	e3c1                	.insn	2, 0xe3c1
800060fe:	23fe                	.insn	2, 0x23fe
80006100:	ffb9                	.insn	2, 0xffb9
80006102:	013a                	.insn	2, 0x013a
80006104:	6796bc67          	.insn	4, 0x6796bc67
80006108:	bdad                	.insn	2, 0xbdad
8000610a:	0236                	.insn	2, 0x0236
8000610c:	27d6                	.insn	2, 0x27d6
8000610e:	7c7d                	.insn	2, 0x7c7d
80006110:	68b2                	.insn	2, 0x68b2
80006112:	24b915db          	.insn	4, 0x24b915db
80006116:	e0d668fb          	.insn	4, 0xe0d668fb
8000611a:	f557254f          	.insn	4, 0xf557254f
8000611e:	cd5f2c2b          	.insn	4, 0xcd5f2c2b
80006122:	30b8                	.insn	2, 0x30b8
80006124:	6d68                	.insn	2, 0x6d68
80006126:	39c6                	.insn	2, 0x39c6
80006128:	44b079ab          	.insn	4, 0x44b079ab
8000612c:	2be4                	.insn	2, 0x2be4
8000612e:	41ae                	.insn	2, 0x41ae
80006130:	3abd                	.insn	2, 0x3abd
80006132:	678e17cf          	.insn	4, 0x678e17cf
80006136:	7bac                	.insn	2, 0x7bac
80006138:	76de                	.insn	2, 0x76de
8000613a:	7582                	.insn	2, 0x7582
8000613c:	2c8f5cab          	.insn	4, 0x2c8f5cab
80006140:	452947fb          	.insn	4, 0x452947fb
80006144:	2ace                	.insn	2, 0x2ace
80006146:	679d                	.insn	2, 0x679d
80006148:	7558                	.insn	2, 0x7558
8000614a:	7df8                	.insn	2, 0x7df8
8000614c:	3381                	.insn	2, 0x3381
8000614e:	7111                	.insn	2, 0x7111
80006150:	328d                	.insn	2, 0x328d
80006152:	34f371bb          	.insn	4, 0x34f371bb
80006156:	44e0                	.insn	2, 0x44e0
80006158:	f79f 0704 1798      	.insn	6, 0x17980704f79f
8000615e:	7948                	.insn	2, 0x7948
80006160:	6961                	.insn	2, 0x6961
80006162:	4e72                	.insn	2, 0x4e72
80006164:	9a45                	.insn	2, 0x9a45
80006166:	59d9                	.insn	2, 0x59d9
80006168:	79ea714f          	.insn	4, 0x79ea714f
8000616c:	ddde                	.insn	2, 0xddde
8000616e:	2d9e                	.insn	2, 0x2d9e
80006170:	592a                	.insn	2, 0x592a
80006172:	3d7d                	.insn	2, 0x3d7d
80006174:	b06d                	.insn	2, 0xb06d
80006176:	48c5                	.insn	2, 0x48c5
80006178:	136948cb          	.insn	4, 0x136948cb
8000617c:	06f2                	.insn	2, 0x06f2
8000617e:	723d                	.insn	2, 0x723d
80006180:	6bd8                	.insn	2, 0x6bd8
80006182:	00fa                	.insn	2, 0x00fa
80006184:	3e02                	.insn	2, 0x3e02
80006186:	02d4                	.insn	2, 0x02d4
80006188:	10ed                	.insn	2, 0x10ed
8000618a:	5241                	.insn	2, 0x5241
8000618c:	a2c4                	.insn	2, 0xa2c4
8000618e:	48c8                	.insn	2, 0x48c8
80006190:	4d28                	.insn	2, 0x4d28
80006192:	2afa                	.insn	2, 0x2afa
80006194:	5552d8af          	.insn	4, 0x5552d8af
80006198:	5cf8                	.insn	2, 0x5cf8
8000619a:	5d8c                	.insn	2, 0x5d8c
8000619c:	93c9                	.insn	2, 0x93c9
8000619e:	3634                	.insn	2, 0x3634
800061a0:	0c30a657          	.insn	4, 0x0c30a657
800061a4:	37a6bc03          	.insn	4, 0x37a6bc03
800061a8:	5d52b08f          	.insn	4, 0x5d52b08f
800061ac:	145d8bd7          	.insn	4, 0x145d8bd7
800061b0:	a2f2                	.insn	2, 0xa2f2
800061b2:	02d623ef          	jal	t2,800689de <__global_pointer$+0x604aa>
800061b6:	0051                	.insn	2, 0x0051
800061b8:	2dde                	.insn	2, 0x2dde
800061ba:	32a2                	.insn	2, 0x32a2
800061bc:	0ac3bca3          	.insn	4, 0x0ac3bca3
800061c0:	b0c8                	.insn	2, 0xb0c8
800061c2:	583d                	.insn	2, 0x583d
800061c4:	1fbccd53          	.insn	4, 0x1fbccd53
800061c8:	74bac3d7          	.insn	4, 0x74bac3d7
800061cc:	d5d4                	.insn	2, 0xd5d4
800061ce:	0654                	.insn	2, 0x0654
800061d0:	0d01                	.insn	2, 0x0d01
800061d2:	3d1a                	.insn	2, 0x3d1a
800061d4:	7da5                	.insn	2, 0x7da5
800061d6:	37c5                	.insn	2, 0x37c5
800061d8:	686ebe97          	auipc	t4,0x686eb
800061dc:	8ac2                	.insn	2, 0x8ac2
800061de:	6599                	.insn	2, 0x6599
800061e0:	d049                	.insn	2, 0xd049
800061e2:	d5415d7b          	.insn	4, 0xd5415d7b
800061e6:	bbe76f5b          	.insn	4, 0xbbe76f5b
800061ea:	21f8                	.insn	2, 0x21f8
800061ec:	79d1                	.insn	2, 0x79d1
800061ee:	4c253e53          	.insn	4, 0x4c253e53
800061f2:	1060                	.insn	2, 0x1060
800061f4:	5cce                	.insn	2, 0x5cce
800061f6:	25de3513          	sltiu	a0,t3,605
800061fa:	1e45                	.insn	2, 0x1e45
800061fc:	ef64                	.insn	2, 0xef64
800061fe:	ab662f4b          	.insn	4, 0xab662f4b
80006202:	1b78                	.insn	2, 0x1b78
80006204:	20ae                	.insn	2, 0x20ae
80006206:	464e                	.insn	2, 0x464e
80006208:	172d75a3          	.insn	4, 0x172d75a3
8000620c:	9e80                	.insn	2, 0x9e80
8000620e:	4261                	.insn	2, 0x4261
80006210:	00d3e7bb          	.insn	4, 0x00d3e7bb
80006214:	6c2a                	.insn	2, 0x6c2a
80006216:	a05071d3          	.insn	4, 0xa05071d3
8000621a:	4085                	.insn	2, 0x4085
8000621c:	08ff 576b 465f 4c61 	.insn	10, 0xcd3e4c61465f576b08ff
80006224:	cd3e 
80006226:	247e                	.insn	2, 0x247e
80006228:	2ff2                	.insn	2, 0x2ff2
8000622a:	1640                	.insn	2, 0x1640
8000622c:	f16e                	.insn	2, 0xf16e
8000622e:	21e4                	.insn	2, 0x21e4
80006230:	5278adf3          	csrrs	s11,0x527,a7
80006234:	4afd                	.insn	2, 0x4afd
80006236:	aaad3fff d0832c73 	.insn	16, 0x58a24cd94768253fd0832c73aaad3fff
8000623e:	4768253f 58a24cd9 
80006246:	09fd72f3          	csrrci	t0,0x9f,26
8000624a:	08d4                	.insn	2, 0x08d4
8000624c:	e83e                	.insn	2, 0xe83e
8000624e:	1b94                	.insn	2, 0x1b94
80006250:	6ce3fc13          	andi	s8,t2,1742
80006254:	af35                	.insn	2, 0xaf35
80006256:	5dac                	.insn	2, 0x5dac
80006258:	2416                	.insn	2, 0x2416
8000625a:	545d                	.insn	2, 0x545d
8000625c:	2e9a                	.insn	2, 0x2e9a
8000625e:	82e3583b          	.insn	4, 0x82e3583b
80006262:	4f5e                	.insn	2, 0x4f5e
80006264:	202fd7d7          	.insn	4, 0x202fd7d7
80006268:	096e                	.insn	2, 0x096e
8000626a:	e9f00f97          	auipc	t6,0xe9f00
8000626e:	64bd                	.insn	2, 0x64bd
80006270:	10e4ceaf          	.insn	4, 0x10e4ceaf
80006274:	d0aa                	.insn	2, 0xd0aa
80006276:	4735                	.insn	2, 0x4735
80006278:	7850                	.insn	2, 0x7850
8000627a:	78e96a2b          	.insn	4, 0x78e96a2b
8000627e:	26ba                	.insn	2, 0x26ba
80006280:	5579cfa7          	.insn	4, 0x5579cfa7
80006284:	d65f 43b2 a8b1      	.insn	6, 0xa8b143b2d65f
8000628a:	601e3793          	sltiu	a5,t3,1537
8000628e:	45c8                	.insn	2, 0x45c8
80006290:	99ec                	.insn	2, 0x99ec
80006292:	3e85                	.insn	2, 0x3e85
80006294:	fc5d                	.insn	2, 0xfc5d
80006296:	d200294b          	.insn	4, 0xd200294b
8000629a:	574d6097          	auipc	ra,0x574d6
8000629e:	7966                	.insn	2, 0x7966
800062a0:	233d                	.insn	2, 0x233d
800062a2:	101e                	.insn	2, 0x101e
800062a4:	24d5dd8b          	.insn	4, 0x24d5dd8b
800062a8:	ed35                	.insn	2, 0xed35
800062aa:	504d                	.insn	2, 0x504d
800062ac:	b03a                	.insn	2, 0xb03a
800062ae:	6998                	.insn	2, 0x6998
800062b0:	01d8e9c7          	.insn	4, 0x01d8e9c7
800062b4:	4fba                	.insn	2, 0x4fba
800062b6:	2711                	.insn	2, 0x2711
800062b8:	54ee                	.insn	2, 0x54ee
800062ba:	1121015b          	.insn	4, 0x1121015b
800062be:	6511                	.insn	2, 0x6511
800062c0:	f61d                	.insn	2, 0xf61d
800062c2:	33b6                	.insn	2, 0x33b6
800062c4:	a3b2                	.insn	2, 0xa3b2
800062c6:	05ac5dff 1cd30d95 	.insn	20, 0x60412ef69bd85a21ca467afd1cd30d9505ac5dff
800062ce:	ca467afd 9bd85a21 
800062d6:	60412ef6 
800062da:	68d4                	.insn	2, 0x68d4
800062dc:	4274                	.insn	2, 0x4274
800062de:	5c99                	.insn	2, 0x5c99
800062e0:	7b86eff3          	csrrsi	t6,0x7b8,13
800062e4:	e378                	.insn	2, 0xe378
800062e6:	25b4                	.insn	2, 0x25b4
800062e8:	34127047          	.insn	4, 0x34127047
800062ec:	8ed0                	.insn	2, 0x8ed0
800062ee:	7cfe                	.insn	2, 0x7cfe
800062f0:	7008f7cb          	.insn	4, 0x7008f7cb
800062f4:	70b5                	.insn	2, 0x70b5
800062f6:	53ba                	.insn	2, 0x53ba
800062f8:	6db9d8c7          	.insn	4, 0x6db9d8c7
800062fc:	f955                	.insn	2, 0xf955
800062fe:	5ff5                	.insn	2, 0x5ff5
80006300:	dbe0                	.insn	2, 0xdbe0
80006302:	db0a0b17          	auipc	s6,0xdb0a0
80006306:	0bb4                	.insn	2, 0x0bb4
80006308:	a8fc                	.insn	2, 0xa8fc
8000630a:	46b207bf d7423089 	.insn	8, 0xd742308946b207bf
80006312:	507c54af          	.insn	4, 0x507c54af
80006316:	0d86                	.insn	2, 0x0d86
80006318:	7b2e                	.insn	2, 0x7b2e
8000631a:	5595                	.insn	2, 0x5595
8000631c:	3b0a                	.insn	2, 0x3b0a
8000631e:	0d31                	.insn	2, 0x0d31
80006320:	e4b2                	.insn	2, 0xe4b2
80006322:	139c                	.insn	2, 0x139c
80006324:	735e                	.insn	2, 0x735e
80006326:	30ee                	.insn	2, 0x30ee
80006328:	0f8b5fbf 538275d3 	.insn	8, 0x538275d30f8b5fbf
80006330:	366e                	.insn	2, 0x366e
80006332:	0c92                	.insn	2, 0x0c92
80006334:	0ac0                	.insn	2, 0x0ac0
80006336:	364469c7          	.insn	4, 0x364469c7
8000633a:	34de                	.insn	2, 0x34de
8000633c:	f150                	.insn	2, 0xf150
8000633e:	6bb5                	.insn	2, 0x6bb5
80006340:	1e48192b          	.insn	4, 0x1e48192b
80006344:	0f76                	.insn	2, 0x0f76
80006346:	36cb2dbb          	.insn	4, 0x36cb2dbb
8000634a:	bfaa0197          	auipc	gp,0xbfaa0
8000634e:	d42012ff 3fc03647 	.insn	12, 0x8d3a06fd3fc03647d42012ff
80006356:	8d3a06fd 
8000635a:	3fa67bab          	.insn	4, 0x3fa67bab
8000635e:	11f6                	.insn	2, 0x11f6
80006360:	1bb4383f 7a6c039a 	.insn	8, 0x7a6c039a1bb4383f
80006368:	08d9                	.insn	2, 0x08d9
8000636a:	a3054f97          	auipc	t6,0xa3054
8000636e:	2bf5                	.insn	2, 0x2bf5
80006370:	2e56b07f 44630ba3 	.insn	16, 0x610f407d761b01e644630ba32e56b07f
80006378:	761b01e6 610f407d 
80006380:	c554                	.insn	2, 0xc554
80006382:	b4a35ba3          	.insn	4, 0xb4a35ba3
80006386:	b76642d7          	.insn	4, 0xb76642d7
8000638a:	52fa                	.insn	2, 0x52fa
8000638c:	6b51cb4f          	.insn	4, 0x6b51cb4f
80006390:	2540                	.insn	2, 0x2540
80006392:	d9bb2667          	.insn	4, 0xd9bb2667
80006396:	86fc4be3          	blt	s8,a5,80005c0c <verify_data+0x1ed8>
8000639a:	71a0                	.insn	2, 0x71a0
8000639c:	2a85                	.insn	2, 0x2a85
8000639e:	648301af          	.insn	4, 0x648301af
800063a2:	5776                	.insn	2, 0x5776
800063a4:	5f2d                	.insn	2, 0x5f2d
800063a6:	80f21633          	.insn	4, 0x80f21633
800063aa:	49ca04ab          	.insn	4, 0x49ca04ab
800063ae:	0816                	.insn	2, 0x0816
800063b0:	c5ee                	.insn	2, 0xc5ee
800063b2:	3f4a                	.insn	2, 0x3f4a
800063b4:	5fc4                	.insn	2, 0x5fc4
800063b6:	fa540f83          	lb	t6,-91(s0)
800063ba:	469a                	.insn	2, 0x469a
800063bc:	dde6                	.insn	2, 0xdde6
800063be:	1122                	.insn	2, 0x1122
800063c0:	7ed5                	.insn	2, 0x7ed5
800063c2:	44d5                	.insn	2, 0x44d5
800063c4:	86e0                	.insn	2, 0x86e0
800063c6:	6126                	.insn	2, 0x6126
800063c8:	7c45df3b          	.insn	4, 0x7c45df3b
800063cc:	b6d4                	.insn	2, 0xb6d4
800063ce:	2faa                	.insn	2, 0x2faa
800063d0:	52670823          	sb	t1,1328(a4)
800063d4:	c122                	.insn	2, 0xc122
800063d6:	79f0                	.insn	2, 0x79f0
800063d8:	37a5a727          	.insn	4, 0x37a5a727
800063dc:	d981                	.insn	2, 0xd981
800063de:	2e88050f          	.insn	4, 0x2e88050f
800063e2:	3539                	.insn	2, 0x3539
800063e4:	0db2                	.insn	2, 0x0db2
800063e6:	10a5                	.insn	2, 0x10a5
800063e8:	ed86                	.insn	2, 0xed86
800063ea:	26d8                	.insn	2, 0x26d8
800063ec:	3b24                	.insn	2, 0x3b24
800063ee:	0e38                	.insn	2, 0x0e38
800063f0:	b3cd                	.insn	2, 0xb3cd
800063f2:	3834                	.insn	2, 0x3834
800063f4:	da28                	.insn	2, 0xda28
800063f6:	6ca2                	.insn	2, 0x6ca2
800063f8:	d051                	.insn	2, 0xd051
800063fa:	98346e3f 734737ff 	.insn	8, 0x734737ff98346e3f
80006402:	1a06                	.insn	2, 0x1a06
80006404:	f31d                	.insn	2, 0xf31d
80006406:	20bc                	.insn	2, 0x20bc
80006408:	56d6                	.insn	2, 0x56d6
8000640a:	3d54                	.insn	2, 0x3d54
8000640c:	810a                	.insn	2, 0x810a
8000640e:	2285                	.insn	2, 0x2285
80006410:	1b69                	.insn	2, 0x1b69
80006412:	7ea5                	.insn	2, 0x7ea5
80006414:	b34e                	.insn	2, 0xb34e
80006416:	347a                	.insn	2, 0x347a
80006418:	4290                	.insn	2, 0x4290
8000641a:	56155683          	lhu	a3,1377(a0)
8000641e:	5081                	.insn	2, 0x5081
80006420:	ae74                	.insn	2, 0xae74
80006422:	bb695c27          	.insn	4, 0xbb695c27
80006426:	3324                	.insn	2, 0x3324
80006428:	cc31                	.insn	2, 0xcc31
8000642a:	7eed                	.insn	2, 0x7eed
8000642c:	8db4                	.insn	2, 0x8db4
8000642e:	1c4b4667          	.insn	4, 0x1c4b4667
80006432:	2b5e                	.insn	2, 0x2b5e
80006434:	1c78                	.insn	2, 0x1c78
80006436:	6089                	.insn	2, 0x6089
80006438:	39c2eec3          	.insn	4, 0x39c2eec3
8000643c:	48473db3          	.insn	4, 0x48473db3
80006440:	6762                	.insn	2, 0x6762
80006442:	5120                	.insn	2, 0x5120
80006444:	15f77ee7          	.insn	4, 0x15f77ee7
80006448:	13e702e3          	beq	a4,t5,80006d6c <input_data+0x1038>
8000644c:	8266                	.insn	2, 0x8266
8000644e:	027c                	.insn	2, 0x027c
80006450:	e6d4                	.insn	2, 0xe6d4
80006452:	52dd                	.insn	2, 0x52dd
80006454:	5d347033          	.insn	4, 0x5d347033
80006458:	3a0a8c2b          	.insn	4, 0x3a0a8c2b
8000645c:	4043fd5b          	.insn	4, 0x4043fd5b
80006460:	36bd5793          	.insn	4, 0x36bd5793
80006464:	a131                	.insn	2, 0xa131
80006466:	3ab263ab          	.insn	4, 0x3ab263ab
8000646a:	413d                	.insn	2, 0x413d
8000646c:	058545bf 7eb78eb9 	.insn	8, 0x7eb78eb9058545bf
80006474:	7ef8                	.insn	2, 0x7ef8
80006476:	42ad609b          	.insn	4, 0x42ad609b
8000647a:	3698                	.insn	2, 0x3698
8000647c:	0a6dc44f          	.insn	4, 0x0a6dc44f
80006480:	befe                	.insn	2, 0xbefe
80006482:	01a1                	.insn	2, 0x01a1
80006484:	306d                	.insn	2, 0x306d
80006486:	19f1                	.insn	2, 0x19f1
80006488:	4c2e                	.insn	2, 0x4c2e
8000648a:	14f73deb          	.insn	4, 0x14f73deb
8000648e:	63436d53          	.insn	4, 0x63436d53
80006492:	1239                	.insn	2, 0x1239
80006494:	a26a                	.insn	2, 0xa26a
80006496:	13b2                	.insn	2, 0x13b2
80006498:	5d0d                	.insn	2, 0x5d0d
8000649a:	2b89                	.insn	2, 0x2b89
8000649c:	a80d                	.insn	2, 0xa80d
8000649e:	004b616b          	.insn	4, 0x004b616b
800064a2:	ec893213          	sltiu	tp,s2,-312
800064a6:	2dc4                	.insn	2, 0x2dc4
800064a8:	3ee4                	.insn	2, 0x3ee4
800064aa:	fd240687          	.insn	4, 0xfd240687
800064ae:	78dd                	.insn	2, 0x78dd
800064b0:	0f89                	.insn	2, 0x0f89
800064b2:	15ee                	.insn	2, 0x15ee
800064b4:	f891                	.insn	2, 0xf891
800064b6:	03337637          	lui	a2,0x3337
800064ba:	718f4d13          	xori	s10,t5,1816
800064be:	2a12                	.insn	2, 0x2a12
800064c0:	8514                	.insn	2, 0x8514
800064c2:	f67d0d83          	lb	s11,-153(s10)
800064c6:	3fa4                	.insn	2, 0x3fa4
800064c8:	67a4                	.insn	2, 0x67a4
800064ca:	7c24                	.insn	2, 0x7c24
800064cc:	38b93c73          	csrrc	s8,0x38b,s2
800064d0:	0f8982b7          	lui	t0,0xf898
800064d4:	c726                	.insn	2, 0xc726
800064d6:	fc69423b          	.insn	4, 0xfc69423b
800064da:	d28770bf ea255235 	.insn	8, 0xea255235d28770bf
800064e2:	0a7d                	.insn	2, 0x0a7d
800064e4:	278e                	.insn	2, 0x278e
800064e6:	2374                	.insn	2, 0x2374
800064e8:	0ec2                	.insn	2, 0x0ec2
800064ea:	8b6a6f83          	.insn	4, 0x8b6a6f83
800064ee:	64ba                	.insn	2, 0x64ba
800064f0:	a049                	.insn	2, 0xa049
800064f2:	4cf2                	.insn	2, 0x4cf2
800064f4:	06c9                	.insn	2, 0x06c9
800064f6:	0e9a                	.insn	2, 0x0e9a
800064f8:	4d4c799b          	.insn	4, 0x4d4c799b
800064fc:	02a0                	.insn	2, 0x02a0
800064fe:	73bb6bf3          	csrrsi	s7,mhpmevent27h,22
80006502:	6fb1                	.insn	2, 0x6fb1
80006504:	1086                	.insn	2, 0x1086
80006506:	7439                	.insn	2, 0x7439
80006508:	9e52                	.insn	2, 0x9e52
8000650a:	71b6                	.insn	2, 0x71b6
8000650c:	23494e2b          	.insn	4, 0x23494e2b
80006510:	b850                	.insn	2, 0xb850
80006512:	4e3a                	.insn	2, 0x4e3a
80006514:	1641                	.insn	2, 0x1641
80006516:	1e62                	.insn	2, 0x1e62
80006518:	e796                	.insn	2, 0xe796
8000651a:	33d8                	.insn	2, 0x33d8
8000651c:	c4c2                	.insn	2, 0xc4c2
8000651e:	0439                	.insn	2, 0x0439
80006520:	c9c9                	.insn	2, 0xc9c9
80006522:	1e00                	.insn	2, 0x1e00
80006524:	a0ff 6485 586b 5f8b 	.insn	14, 0xc7ab486aadb05f8b586b6485a0ff
8000652c:	adb0 486a c7ab 
80006532:	95c44373          	.insn	4, 0x95c44373
80006536:	2dc9                	.insn	2, 0x2dc9
80006538:	c94a                	.insn	2, 0xc94a
8000653a:	234c                	.insn	2, 0x234c
8000653c:	d44c                	.insn	2, 0xd44c
8000653e:	66f8                	.insn	2, 0x66f8
80006540:	3893fc2f          	.insn	4, 0x3893fc2f
80006544:	68f47697          	auipc	a3,0x68f47
80006548:	9565                	.insn	2, 0x9565
8000654a:	1d14                	.insn	2, 0x1d14
8000654c:	9910                	.insn	2, 0x9910
8000654e:	804f603f 6a306076 	.insn	8, 0x6a306076804f603f
80006556:	9a0723e7          	.insn	4, 0x9a0723e7
8000655a:	78e2                	.insn	2, 0x78e2
8000655c:	ba5a                	.insn	2, 0xba5a
8000655e:	0af2                	.insn	2, 0x0af2
80006560:	cf00                	.insn	2, 0xcf00
80006562:	5d0e                	.insn	2, 0x5d0e
80006564:	3ac8d43b          	.insn	4, 0x3ac8d43b
80006568:	8a1a                	.insn	2, 0x8a1a
8000656a:	5aec                	.insn	2, 0x5aec
8000656c:	3a49aebb          	.insn	4, 0x3a49aebb
80006570:	1980                	.insn	2, 0x1980
80006572:	19c9                	.insn	2, 0x19c9
80006574:	5b13e84b          	.insn	4, 0x5b13e84b
80006578:	06f5b7c3          	.insn	4, 0x06f5b7c3
8000657c:	0afe                	.insn	2, 0x0afe
8000657e:	3ae0                	.insn	2, 0x3ae0
80006580:	4ec4                	.insn	2, 0x4ec4
80006582:	612c                	.insn	2, 0x612c
80006584:	415f 055e 9628      	.insn	6, 0x9628055e415f
8000658a:	06ce                	.insn	2, 0x06ce
8000658c:	0db8                	.insn	2, 0x0db8
8000658e:	206c                	.insn	2, 0x206c
80006590:	e815                	.insn	2, 0xe815
80006592:	280932f7          	.insn	4, 0x280932f7
80006596:	5552306b          	.insn	4, 0x5552306b
8000659a:	0a87054b          	.insn	4, 0x0a87054b
8000659e:	4124                	.insn	2, 0x4124
800065a0:	acb4                	.insn	2, 0xacb4
800065a2:	1220                	.insn	2, 0x1220
800065a4:	d140                	.insn	2, 0xd140
800065a6:	59b4                	.insn	2, 0x59b4
800065a8:	1a2c                	.insn	2, 0x1a2c
800065aa:	3555                	.insn	2, 0x3555
800065ac:	6e3d0eeb          	.insn	4, 0x6e3d0eeb
800065b0:	beb6                	.insn	2, 0xbeb6
800065b2:	5fd0                	.insn	2, 0x5fd0
800065b4:	7fc4                	.insn	2, 0x7fc4
800065b6:	3d8e                	.insn	2, 0x3d8e
800065b8:	1c2f74ab          	.insn	4, 0x1c2f74ab
800065bc:	babe                	.insn	2, 0xbabe
800065be:	5ef8                	.insn	2, 0x5ef8
800065c0:	3d4262f7          	.insn	4, 0x3d4262f7
800065c4:	1229                	.insn	2, 0x1229
800065c6:	d6074007          	.insn	4, 0xd6074007
800065ca:	e65262c3          	.insn	4, 0xe65262c3
800065ce:	5add                	.insn	2, 0x5add
800065d0:	1621                	.insn	2, 0x1621
800065d2:	1712                	.insn	2, 0x1712
800065d4:	06622783          	lw	a5,102(tp) # bc989ca2 <__global_pointer$+0x3c98176e>
800065d8:	e928                	.insn	2, 0xe928
800065da:	3dde                	.insn	2, 0x3dde
800065dc:	5026                	.insn	2, 0x5026
800065de:	a0ea2f97          	auipc	t6,0xa0ea2
800065e2:	a4ac589b          	.insn	4, 0xa4ac589b
800065e6:	6ff6                	.insn	2, 0x6ff6
800065e8:	cf1d                	.insn	2, 0xcf1d
800065ea:	2c445ce7          	.insn	4, 0x2c445ce7
800065ee:	792d                	.insn	2, 0x792d
800065f0:	fd61                	.insn	2, 0xfd61
800065f2:	163e                	.insn	2, 0x163e
800065f4:	0434                	.insn	2, 0x0434
800065f6:	7f24                	.insn	2, 0x7f24
800065f8:	61c6                	.insn	2, 0x61c6
800065fa:	0f3a17d7          	.insn	4, 0x0f3a17d7
800065fe:	4382                	.insn	2, 0x4382
80006600:	ff5d                	.insn	2, 0xff5d
80006602:	7524                	.insn	2, 0x7524
80006604:	5c7c7ae7          	.insn	4, 0x5c7c7ae7
80006608:	be92                	.insn	2, 0xbe92
8000660a:	0035                	.insn	2, 0x0035
8000660c:	37c94eb3          	.insn	4, 0x37c94eb3
80006610:	d215                	.insn	2, 0xd215
80006612:	7b68                	.insn	2, 0x7b68
80006614:	9af5                	.insn	2, 0x9af5
80006616:	1dd8                	.insn	2, 0x1dd8
80006618:	7b61                	.insn	2, 0x7b61
8000661a:	1fc6                	.insn	2, 0x1fc6
8000661c:	91b1                	.insn	2, 0x91b1
8000661e:	3fb4                	.insn	2, 0x3fb4
80006620:	7cce                	.insn	2, 0x7cce
80006622:	3b8a                	.insn	2, 0x3b8a
80006624:	5969bfbf 2e70078a 	.insn	8, 0x2e70078a5969bfbf
8000662c:	ea69                	.insn	2, 0xea69
8000662e:	c0af03f7          	.insn	4, 0xc0af03f7
80006632:	42df 2c45 2cab      	.insn	6, 0x2cab2c4542df
80006638:	daf9                	.insn	2, 0xdaf9
8000663a:	1df0                	.insn	2, 0x1df0
8000663c:	201f73bb          	.insn	4, 0x201f73bb
80006640:	c1b1                	.insn	2, 0xc1b1
80006642:	66270f7b          	.insn	4, 0x66270f7b
80006646:	2ce6                	.insn	2, 0x2ce6
80006648:	3571                	.insn	2, 0x3571
8000664a:	053d                	.insn	2, 0x053d
8000664c:	0c4c                	.insn	2, 0x0c4c
8000664e:	0cb12027          	.insn	4, 0x0cb12027
80006652:	f75463db          	.insn	4, 0xf75463db
80006656:	497d                	.insn	2, 0x497d
80006658:	4ff0                	.insn	2, 0x4ff0
8000665a:	190a                	.insn	2, 0x190a
8000665c:	6941                	.insn	2, 0x6941
8000665e:	6474                	.insn	2, 0x6474
80006660:	14a8aca7          	.insn	4, 0x14a8aca7
80006664:	5ffa6057          	.insn	4, 0x5ffa6057
80006668:	0230                	.insn	2, 0x0230
8000666a:	5f38                	.insn	2, 0x5f38
8000666c:	405d5a9b          	.insn	4, 0x405d5a9b
80006670:	20f1                	.insn	2, 0x20f1
80006672:	384a                	.insn	2, 0x384a
80006674:	a53a                	.insn	2, 0xa53a
80006676:	fe496987          	.insn	4, 0xfe496987
8000667a:	bb2a2d97          	auipc	s11,0xbb2a2
8000667e:	26c969e7          	.insn	4, 0x26c969e7
80006682:	7f1633ab          	.insn	4, 0x7f1633ab
80006686:	15ce                	.insn	2, 0x15ce
80006688:	e474                	.insn	2, 0xe474
8000668a:	1221                	.insn	2, 0x1221
8000668c:	2630                	.insn	2, 0x2630
8000668e:	148e                	.insn	2, 0x148e
80006690:	67d5                	.insn	2, 0x67d5
80006692:	511f dc38 567a      	.insn	6, 0x567adc38511f
80006698:	90ea                	.insn	2, 0x90ea
8000669a:	2515                	.insn	2, 0x2515
8000669c:	042c2c93          	slti	s9,s8,66
800066a0:	3fdd                	.insn	2, 0x3fdd
800066a2:	f8f2643f 25ea19f1 	.insn	8, 0x25ea19f1f8f2643f
800066aa:	2901                	.insn	2, 0x2901
800066ac:	63be                	.insn	2, 0x63be
800066ae:	1266                	.insn	2, 0x1266
800066b0:	eb98                	.insn	2, 0xeb98
800066b2:	5185                	.insn	2, 0x5185
800066b4:	6d54fafb          	.insn	4, 0x6d54fafb
800066b8:	73da                	.insn	2, 0x73da
800066ba:	0f36                	.insn	2, 0x0f36
800066bc:	4814                	.insn	2, 0x4814
800066be:	0b8e                	.insn	2, 0x0b8e
800066c0:	929f 6d4a 9983      	.insn	6, 0x99836d4a929f
800066c6:	3291                	.insn	2, 0x3291
800066c8:	8185                	.insn	2, 0x8185
800066ca:	8d110913          	addi	s2,sp,-1839 # 4f72f8d1 <buflen.1+0x4f72f891>
800066ce:	be830dc7          	.insn	4, 0xbe830dc7
800066d2:	6892                	.insn	2, 0x6892
800066d4:	6d90fbd7          	.insn	4, 0x6d90fbd7
800066d8:	31bc1683          	lh	a3,795(s8) # 5380731b <buflen.1+0x538072db>
800066dc:	1500                	.insn	2, 0x1500
800066de:	0db4                	.insn	2, 0x0db4
800066e0:	f0f9                	.insn	2, 0xf0f9
800066e2:	98ae7a53          	.insn	4, 0x98ae7a53
800066e6:	142d                	.insn	2, 0x142d
800066e8:	49b6                	.insn	2, 0x49b6
800066ea:	049e                	.insn	2, 0x049e
800066ec:	00c56a53          	.insn	4, 0x00c56a53
800066f0:	2b34                	.insn	2, 0x2b34
800066f2:	800e0223          	sb	zero,-2044(t3) # 20488a2 <buflen.1+0x2048862>
800066f6:	35f0621b          	.insn	4, 0x35f0621b
800066fa:	597a                	.insn	2, 0x597a
800066fc:	34a2                	.insn	2, 0x34a2
800066fe:	1a26                	.insn	2, 0x1a26
80006700:	592c584b          	.insn	4, 0x592c584b
80006704:	19de                	.insn	2, 0x19de
80006706:	16b218fb          	.insn	4, 0x16b218fb
8000670a:	56c5                	.insn	2, 0x56c5
8000670c:	c342                	.insn	2, 0xc342
8000670e:	acda499b          	.insn	4, 0xacda499b
80006712:	4cb8                	.insn	2, 0x4cb8
80006714:	0309                	.insn	2, 0x0309
80006716:	1c05                	.insn	2, 0x1c05
80006718:	71422f0f          	.insn	4, 0x71422f0f
8000671c:	6781                	.insn	2, 0x6781
8000671e:	2da44367          	.insn	4, 0x2da44367
80006722:	69aa                	.insn	2, 0x69aa
80006724:	16be534b          	.insn	4, 0x16be534b
80006728:	5faffcaf          	.insn	4, 0x5faffcaf
8000672c:	f87d                	.insn	2, 0xf87d
8000672e:	1eb0                	.insn	2, 0x1eb0
80006730:	af76                	.insn	2, 0xaf76
80006732:	359a3b43          	.insn	4, 0x359a3b43
80006736:	58f0598f          	.insn	4, 0x58f0598f
8000673a:	418e                	.insn	2, 0x418e
8000673c:	7a9e                	.insn	2, 0x7a9e
8000673e:	60ff c207 4477 5d34 	.insn	22, 0x36ee181a065a84b7386a4a275a8a5d344477c20760ff
80006746:	5a8a 4a27 386a 84b7 
8000674e:	065a 181a 36ee 
80006754:	8142                	.insn	2, 0x8142
80006756:	0ad2                	.insn	2, 0x0ad2
80006758:	6704                	.insn	2, 0x6704
8000675a:	5de6                	.insn	2, 0x5de6
8000675c:	667e9cb3          	.insn	4, 0x667e9cb3
80006760:	5d161ea7          	.insn	4, 0x5d161ea7
80006764:	a925                	.insn	2, 0xa925
80006766:	ce147273          	csrrci	tp,0xce1,8
8000676a:	5a02                	.insn	2, 0x5a02
8000676c:	65ff 41b8 952d 4616 	.insn	22, 0x192a3f1e1b750b15d3602fd8b3664616952d41b865ff
80006774:	b366 2fd8 d360 0b15 
8000677c:	1b75 3f1e 192a 
80006782:	6655                	.insn	2, 0x6655
80006784:	2134                	.insn	2, 0x2134
80006786:	01e2                	.insn	2, 0x01e2
80006788:	a632                	.insn	2, 0xa632
8000678a:	1b96                	.insn	2, 0x1b96
8000678c:	6eff 4f9c b6a6 02cd 	.insn	22, 0xafe90d4388d1536d50f60aa9d09902cdb6a64f9c6eff
80006794:	d099 0aa9 50f6 536d 
8000679c:	88d1 0d43 afe9 
800067a2:	07a1                	.insn	2, 0x07a1
800067a4:	ef3e                	.insn	2, 0xef3e
800067a6:	953f65cf          	.insn	4, 0x953f65cf
800067aa:	803b370f          	.insn	4, 0x803b370f
800067ae:	7612                	.insn	2, 0x7612
800067b0:	ce4c                	.insn	2, 0xce4c
800067b2:	5445                	.insn	2, 0x5445
800067b4:	52680fd7          	.insn	4, 0x52680fd7
800067b8:	45e2                	.insn	2, 0x45e2
800067ba:	0c68                	.insn	2, 0x0c68
800067bc:	482e                	.insn	2, 0x482e
800067be:	ae2c70cb          	.insn	4, 0xae2c70cb
800067c2:	ec2c7cab          	.insn	4, 0xec2c7cab
800067c6:	6ae1                	.insn	2, 0x6ae1
800067c8:	e13c                	.insn	2, 0xe13c
800067ca:	547e                	.insn	2, 0x547e
800067cc:	a950                	.insn	2, 0xa950
800067ce:	1ebe                	.insn	2, 0x1ebe
800067d0:	7bc697fb          	.insn	4, 0x7bc697fb
800067d4:	fdc5                	.insn	2, 0xfdc5
800067d6:	4d993b37          	lui	s6,0x4d993
800067da:	83b2432f          	.insn	4, 0x83b2432f
800067de:	0e9f 9873 0803      	.insn	6, 0x080398730e9f
800067e4:	b732                	.insn	2, 0xb732
800067e6:	47e6                	.insn	2, 0x47e6
800067e8:	b9ad                	.insn	2, 0xb9ad
800067ea:	501d                	.insn	2, 0x501d
800067ec:	3234                	.insn	2, 0x3234
800067ee:	43e6                	.insn	2, 0x43e6
800067f0:	a9e2                	.insn	2, 0xa9e2
800067f2:	26d5                	.insn	2, 0x26d5
800067f4:	c7f5                	.insn	2, 0xc7f5
800067f6:	0151                	.insn	2, 0x0151
800067f8:	c33a                	.insn	2, 0xc33a
800067fa:	5b90                	.insn	2, 0x5b90
800067fc:	8976                	.insn	2, 0x8976
800067fe:	7fc0                	.insn	2, 0x7fc0
80006800:	e0a8                	.insn	2, 0xe0a8
80006802:	3471                	.insn	2, 0x3471
80006804:	73e9750b          	.insn	4, 0x73e9750b
80006808:	25d6                	.insn	2, 0x25d6
8000680a:	071c                	.insn	2, 0x071c
8000680c:	8c7a                	.insn	2, 0x8c7a
8000680e:	3198                	.insn	2, 0x3198
80006810:	acbd                	.insn	2, 0xacbd
80006812:	5d64                	.insn	2, 0x5d64
80006814:	b01d                	.insn	2, 0xb01d
80006816:	3438                	.insn	2, 0x3438
80006818:	53c2                	.insn	2, 0x53c2
8000681a:	2728                	.insn	2, 0x2728
8000681c:	90d4                	.insn	2, 0x90d4
8000681e:	626c0d83          	lb	s11,1574(s8)
80006822:	37e8                	.insn	2, 0x37e8
80006824:	3740                	.insn	2, 0x3740
80006826:	47a5                	.insn	2, 0x47a5
80006828:	73877afb          	.insn	4, 0x73877afb
8000682c:	2c8c                	.insn	2, 0x2c8c
8000682e:	780d                	.insn	2, 0x780d
80006830:	5c1f 4bf6 a764      	.insn	6, 0xa7644bf65c1f
80006836:	41b5                	.insn	2, 0x41b5
80006838:	9850                	.insn	2, 0x9850
8000683a:	588e                	.insn	2, 0x588e
8000683c:	e798                	.insn	2, 0xe798
8000683e:	346c                	.insn	2, 0x346c
80006840:	660f2753          	.insn	4, 0x660f2753
80006844:	0b60                	.insn	2, 0x0b60
80006846:	26c6                	.insn	2, 0x26c6
80006848:	5aa8                	.insn	2, 0x5aa8
8000684a:	3fb1                	.insn	2, 0x3fb1
8000684c:	4af1                	.insn	2, 0x4af1
8000684e:	4eab19eb          	.insn	4, 0x4eab19eb
80006852:	119716cb          	.insn	4, 0x119716cb
80006856:	36d2                	.insn	2, 0x36d2
80006858:	b865                	.insn	2, 0xb865
8000685a:	7889                	.insn	2, 0x7889
8000685c:	4eaa874f          	.insn	4, 0x4eaa874f
80006860:	731f 7f8d b247      	.insn	6, 0xb2477f8d731f
80006866:	2e04                	.insn	2, 0x2e04
80006868:	38e6                	.insn	2, 0x38e6
8000686a:	3da0                	.insn	2, 0x3da0
8000686c:	8d86                	.insn	2, 0x8d86
8000686e:	42d0                	.insn	2, 0x42d0
80006870:	8655                	.insn	2, 0x8655
80006872:	b06e1447          	.insn	4, 0xb06e1447
80006876:	142657af          	.insn	4, 0x142657af
8000687a:	6958                	.insn	2, 0x6958
8000687c:	127d                	.insn	2, 0x127d
8000687e:	02d4                	.insn	2, 0x02d4
80006880:	1808                	.insn	2, 0x1808
80006882:	4e50                	.insn	2, 0x4e50
80006884:	ff59                	.insn	2, 0xff59
80006886:	17c9                	.insn	2, 0x17c9
80006888:	6a81                	.insn	2, 0x6a81
8000688a:	5732                	.insn	2, 0x5732
8000688c:	280b98c7          	.insn	4, 0x280b98c7
80006890:	c8a5                	.insn	2, 0xc8a5
80006892:	01e1                	.insn	2, 0x01e1
80006894:	b6ca                	.insn	2, 0xb6ca
80006896:	0dba                	.insn	2, 0x0dba
80006898:	f698                	.insn	2, 0xf698
8000689a:	0e4d                	.insn	2, 0x0e4d
8000689c:	39df 2335 12f4      	.insn	6, 0x12f4233539df
800068a2:	662e                	.insn	2, 0x662e
800068a4:	dfc5                	.insn	2, 0xdfc5
800068a6:	31a6                	.insn	2, 0x31a6
800068a8:	bb4a                	.insn	2, 0xbb4a
800068aa:	17bc                	.insn	2, 0x17bc
800068ac:	8905                	.insn	2, 0x8905
800068ae:	1f1f bef4 000d      	.insn	6, 0x000dbef41f1f
800068b4:	3e5303f7          	.insn	4, 0x3e5303f7
800068b8:	4fe1                	.insn	2, 0x4fe1
800068ba:	5c1f 89af 0d87      	.insn	6, 0x0d8789af5c1f
800068c0:	6fc0                	.insn	2, 0x6fc0
800068c2:	0c6c                	.insn	2, 0x0c6c
800068c4:	09c4                	.insn	2, 0x09c4
800068c6:	598e                	.insn	2, 0x598e
800068c8:	8c4e                	.insn	2, 0x8c4e
800068ca:	600d                	.insn	2, 0x600d
800068cc:	53ad                	.insn	2, 0x53ad
800068ce:	7345                	.insn	2, 0x7345
800068d0:	5eb1deab          	.insn	4, 0x5eb1deab
800068d4:	62a986eb          	.insn	4, 0x62a986eb
800068d8:	778c                	.insn	2, 0x778c
800068da:	684e                	.insn	2, 0x684e
800068dc:	9ede                	.insn	2, 0x9ede
800068de:	52a0                	.insn	2, 0x52a0
800068e0:	7574                	.insn	2, 0x7574
800068e2:	37c2                	.insn	2, 0x37c2
800068e4:	53d9                	.insn	2, 0x53d9
800068e6:	0a5c                	.insn	2, 0x0a5c
800068e8:	7a22                	.insn	2, 0x7a22
800068ea:	29dd                	.insn	2, 0x29dd
800068ec:	108a                	.insn	2, 0x108a
800068ee:	14c0                	.insn	2, 0x14c0
800068f0:	04da198b          	.insn	4, 0x04da198b
800068f4:	342ec987          	.insn	4, 0x342ec987
800068f8:	f6c6                	.insn	2, 0xf6c6
800068fa:	0458                	.insn	2, 0x0458
800068fc:	c459                	.insn	2, 0xc459
800068fe:	7939                	.insn	2, 0x7939
80006900:	1a90                	.insn	2, 0x1a90
80006902:	4d9f b410 03dc      	.insn	6, 0x03dcb4104d9f
80006908:	8b1a                	.insn	2, 0x8b1a
8000690a:	77d6                	.insn	2, 0x77d6
8000690c:	2af9                	.insn	2, 0x2af9
8000690e:	6279                	.insn	2, 0x6279
80006910:	55e0                	.insn	2, 0x55e0
80006912:	0378                	.insn	2, 0x0378
80006914:	a3d2                	.insn	2, 0xa3d2
80006916:	5a9a6f8f          	.insn	4, 0x5a9a6f8f
8000691a:	f8480b5b          	.insn	4, 0xf8480b5b
8000691e:	0e95                	.insn	2, 0x0e95
80006920:	c145                	.insn	2, 0xc145
80006922:	3890                	.insn	2, 0x3890
80006924:	e741                	.insn	2, 0xe741
80006926:	1314                	.insn	2, 0x1314
80006928:	e58d                	.insn	2, 0xe58d
8000692a:	2b7a                	.insn	2, 0x2b7a
8000692c:	7b38                	.insn	2, 0x7b38
8000692e:	07f9                	.insn	2, 0x07f9
80006930:	aecc                	.insn	2, 0xaecc
80006932:	17442c23          	sw	s4,376(s0)
80006936:	12dd                	.insn	2, 0x12dd
80006938:	0e38                	.insn	2, 0x0e38
8000693a:	4705                	.insn	2, 0x4705
8000693c:	6b6b5947          	.insn	4, 0x6b6b5947
80006940:	3bb4                	.insn	2, 0x3bb4
80006942:	2ed0                	.insn	2, 0x2ed0
80006944:	6c47c04b          	.insn	4, 0x6c47c04b
80006948:	0e12                	.insn	2, 0x0e12
8000694a:	7a54                	.insn	2, 0x7a54
8000694c:	3774479b          	.insn	4, 0x3774479b
80006950:	7c82                	.insn	2, 0x7c82
80006952:	51f651e7          	.insn	4, 0x51f651e7
80006956:	121c                	.insn	2, 0x121c
80006958:	3d32                	.insn	2, 0x3d32
8000695a:	32d5                	.insn	2, 0x32d5
8000695c:	fbb4                	.insn	2, 0xfbb4
8000695e:	1b14                	.insn	2, 0x1b14
80006960:	1831                	.insn	2, 0x1831
80006962:	7f10                	.insn	2, 0x7f10
80006964:	1f5a                	.insn	2, 0x1f5a
80006966:	68ba                	.insn	2, 0x68ba
80006968:	adc6                	.insn	2, 0xadc6
8000696a:	2dd11ff3          	csrrw	t6,0x2dd,sp
8000696e:	6939                	.insn	2, 0x6939
80006970:	2488                	.insn	2, 0x2488
80006972:	d9f32b53          	.insn	4, 0xd9f32b53
80006976:	bdbc481b          	.insn	4, 0xbdbc481b
8000697a:	6ab9                	.insn	2, 0x6ab9
8000697c:	26e2                	.insn	2, 0x26e2
8000697e:	2eb2                	.insn	2, 0x2eb2
80006980:	7cd13583          	.insn	4, 0x7cd13583
80006984:	9124                	.insn	2, 0x9124
80006986:	e0844ee7          	.insn	4, 0xe0844ee7
8000698a:	326e                	.insn	2, 0x326e
8000698c:	f425                	.insn	2, 0xf425
8000698e:	3f81                	.insn	2, 0x3f81
80006990:	221bb1f3          	csrrc	gp,0x221,s7
80006994:	680ae06b          	.insn	4, 0x680ae06b
80006998:	02ec                	.insn	2, 0x02ec
8000699a:	3c49                	.insn	2, 0x3c49
8000699c:	fa5f 7577 9f22      	.insn	6, 0x9f227577fa5f
800069a2:	2c9d                	.insn	2, 0x2c9d
800069a4:	14739627          	.insn	4, 0x14739627
800069a8:	0b2a                	.insn	2, 0x0b2a
800069aa:	2b1d                	.insn	2, 0x2b1d
800069ac:	42b9                	.insn	2, 0x42b9
800069ae:	3731                	.insn	2, 0x3731
800069b0:	35ae                	.insn	2, 0x35ae
800069b2:	35c0                	.insn	2, 0x35c0
800069b4:	bcfc                	.insn	2, 0xbcfc
800069b6:	16f966ef          	jal	a3,8009d324 <__global_pointer$+0x94df0>
800069ba:	1ff0                	.insn	2, 0x1ff0
800069bc:	7b35                	.insn	2, 0x7b35
800069be:	171a                	.insn	2, 0x171a
800069c0:	1baab177          	.insn	4, 0x1baab177
800069c4:	91ea                	.insn	2, 0x91ea
800069c6:	45c4                	.insn	2, 0x45c4
800069c8:	39da                	.insn	2, 0x39da
800069ca:	44cb4583          	lbu	a1,1100(s6) # 4d99344c <buflen.1+0x4d99340c>
800069ce:	eeb26bb7          	lui	s7,0xeeb26
800069d2:	73c1                	.insn	2, 0x73c1
800069d4:	3aba90eb          	.insn	4, 0x3aba90eb
800069d8:	518d9d7b          	.insn	4, 0x518d9d7b
800069dc:	0924                	.insn	2, 0x0924
800069de:	64d2                	.insn	2, 0x64d2
800069e0:	861e                	.insn	2, 0x861e
800069e2:	62415d83          	lhu	s11,1572(sp)
800069e6:	6fd5                	.insn	2, 0x6fd5
800069e8:	0635                	.insn	2, 0x0635
800069ea:	4a75                	.insn	2, 0x4a75
800069ec:	31f2                	.insn	2, 0x31f2
800069ee:	65f1                	.insn	2, 0x65f1
800069f0:	69213a4f          	.insn	4, 0x69213a4f
800069f4:	1266                	.insn	2, 0x1266
800069f6:	6751                	.insn	2, 0x6751
800069f8:	ddb0                	.insn	2, 0xddb0
800069fa:	5612                	.insn	2, 0x5612
800069fc:	3bea                	.insn	2, 0x3bea
800069fe:	6122                	.insn	2, 0x6122
80006a00:	a826                	.insn	2, 0xa826
80006a02:	7d7c                	.insn	2, 0x7d7c
80006a04:	0d6a9e8b          	.insn	4, 0x0d6a9e8b
80006a08:	05a2                	.insn	2, 0x05a2
80006a0a:	3594                	.insn	2, 0x3594
80006a0c:	bf5f 3378 4c62      	.insn	6, 0x4c623378bf5f
80006a12:	55f0                	.insn	2, 0x55f0
80006a14:	7fc9                	.insn	2, 0x7fc9
80006a16:	2090                	.insn	2, 0x2090
80006a18:	d4b4                	.insn	2, 0xd4b4
80006a1a:	287c75e3          	bgeu	s8,t2,800074a4 <input_data+0x1770>
80006a1e:	104f7e27          	.insn	4, 0x104f7e27
80006a22:	48d2                	.insn	2, 0x48d2
80006a24:	7eec                	.insn	2, 0x7eec
80006a26:	1178                	.insn	2, 0x1178
80006a28:	bf85                	.insn	2, 0xbf85
80006a2a:	5f76                	.insn	2, 0x5f76
80006a2c:	791e                	.insn	2, 0x791e
80006a2e:	5d78                	.insn	2, 0x5d78
80006a30:	af9c                	.insn	2, 0xaf9c
80006a32:	54ec                	.insn	2, 0x54ec
80006a34:	bad6                	.insn	2, 0xbad6
80006a36:	4ae2                	.insn	2, 0x4ae2
80006a38:	4fc8                	.insn	2, 0x4fc8
80006a3a:	0e4c11cf          	.insn	4, 0x0e4c11cf
80006a3e:	65ce                	.insn	2, 0x65ce
80006a40:	3170694b          	.insn	4, 0x3170694b
80006a44:	6b95                	.insn	2, 0x6b95
80006a46:	3526                	.insn	2, 0x3526
80006a48:	76e02b87          	.insn	4, 0x76e02b87
80006a4c:	0354                	.insn	2, 0x0354
80006a4e:	43ba                	.insn	2, 0x43ba
80006a50:	8dc1                	.insn	2, 0x8dc1
80006a52:	1630                	.insn	2, 0x1630
80006a54:	8bfd                	.insn	2, 0x8bfd
80006a56:	0e8b5aa3          	.insn	4, 0x0e8b5aa3
80006a5a:	3a98                	.insn	2, 0x3a98
80006a5c:	46fe6c83          	.insn	4, 0x46fe6c83
80006a60:	9bfd                	.insn	2, 0x9bfd
80006a62:	288a                	.insn	2, 0x288a
80006a64:	3401                	.insn	2, 0x3401
80006a66:	307d                	.insn	2, 0x307d
80006a68:	b7d5                	.insn	2, 0xb7d5
80006a6a:	1790                	.insn	2, 0x1790
80006a6c:	4380                	.insn	2, 0x4380
80006a6e:	bfe56243          	.insn	4, 0xbfe56243
80006a72:	3d2c                	.insn	2, 0x3d2c
80006a74:	0d94                	.insn	2, 0x0d94
80006a76:	ed447d33          	.insn	4, 0xed447d33
80006a7a:	7f461927          	.insn	4, 0x7f461927
80006a7e:	1e58                	.insn	2, 0x1e58
80006a80:	a3bc                	.insn	2, 0xa3bc
80006a82:	333c                	.insn	2, 0x333c
80006a84:	ee36                	.insn	2, 0xee36
80006a86:	796c                	.insn	2, 0x796c
80006a88:	d758                	.insn	2, 0xd758
80006a8a:	3559                	.insn	2, 0x3559
80006a8c:	71bc                	.insn	2, 0x71bc
80006a8e:	a6b01d77          	.insn	4, 0xa6b01d77
80006a92:	673c                	.insn	2, 0x673c
80006a94:	3f1e                	.insn	2, 0x3f1e
80006a96:	1532                	.insn	2, 0x1532
80006a98:	1715                	.insn	2, 0x1715
80006a9a:	7fa6                	.insn	2, 0x7fa6
80006a9c:	24f2                	.insn	2, 0x24f2
80006a9e:	40ce                	.insn	2, 0x40ce
80006aa0:	aa91                	.insn	2, 0xaa91
80006aa2:	229c                	.insn	2, 0x229c
80006aa4:	0d777e03          	.insn	4, 0x0d777e03
80006aa8:	1801                	.insn	2, 0x1801
80006aaa:	5e3d                	.insn	2, 0x5e3d
80006aac:	11fa                	.insn	2, 0x11fa
80006aae:	5a51                	.insn	2, 0x5a51
80006ab0:	5944ca9b          	.insn	4, 0x5944ca9b
80006ab4:	c086                	.insn	2, 0xc086
80006ab6:	6606                	.insn	2, 0x6606
80006ab8:	4048                	.insn	2, 0x4048
80006aba:	69c9                	.insn	2, 0x69c9
80006abc:	2b61                	.insn	2, 0x2b61
80006abe:	6d7411fb          	.insn	4, 0x6d7411fb
80006ac2:	c43f43bb          	.insn	4, 0xc43f43bb
80006ac6:	26ec                	.insn	2, 0x26ec
80006ac8:	c100                	.insn	2, 0xc100
80006aca:	067f d548 65e9 4431 	.insn	10, 0x4fed443165e9d548067f
80006ad2:	4fed 
80006ad4:	b562                	.insn	2, 0xb562
80006ad6:	5162                	.insn	2, 0x5162
80006ad8:	e886                	.insn	2, 0xe886
80006ada:	44de                	.insn	2, 0x44de
80006adc:	0524                	.insn	2, 0x0524
80006ade:	47c2                	.insn	2, 0x47c2
80006ae0:	e892                	.insn	2, 0xe892
80006ae2:	0b34                	.insn	2, 0x0b34
80006ae4:	760e                	.insn	2, 0x760e
80006ae6:	0f45                	.insn	2, 0x0f45
80006ae8:	25bbf907          	.insn	4, 0x25bbf907
80006aec:	0125630f          	.insn	4, 0x0125630f
80006af0:	ec4e                	.insn	2, 0xec4e
80006af2:	6f28                	.insn	2, 0x6f28
80006af4:	d032                	.insn	2, 0xd032
80006af6:	442d                	.insn	2, 0x442d
80006af8:	0e20a51b          	.insn	4, 0x0e20a51b
80006afc:	e6c8                	.insn	2, 0xe6c8
80006afe:	6851                	.insn	2, 0x6851
80006b00:	4b8a                	.insn	2, 0x4b8a
80006b02:	3312                	.insn	2, 0x3312
80006b04:	9c1c                	.insn	2, 0x9c1c
80006b06:	04c9                	.insn	2, 0x04c9
80006b08:	6418748b          	.insn	4, 0x6418748b
80006b0c:	0a4e                	.insn	2, 0x0a4e
80006b0e:	4af4                	.insn	2, 0x4af4
80006b10:	52da5463          	bge	s4,a3,80007038 <input_data+0x1304>
80006b14:	859f 5ecc 7333      	.insn	6, 0x73335ecc859f
80006b1a:	3010                	.insn	2, 0x3010
80006b1c:	4c14                	.insn	2, 0x4c14
80006b1e:	35aa4f5b          	.insn	4, 0x35aa4f5b
80006b22:	78de                	.insn	2, 0x78de
80006b24:	b9e0                	.insn	2, 0xb9e0
80006b26:	ac02624f          	.insn	4, 0xac02624f
80006b2a:	5ae172ef          	jal	t0,8001e0d8 <__global_pointer$+0x15ba4>
80006b2e:	3d42                	.insn	2, 0x3d42
80006b30:	4b8786af          	.insn	4, 0x4b8786af
80006b34:	076267bf 05b51220 	.insn	8, 0x05b51220076267bf
80006b3c:	e546                	.insn	2, 0xe546
80006b3e:	3a367ad7          	.insn	4, 0x3a367ad7
80006b42:	24ec                	.insn	2, 0x24ec
80006b44:	9cdc                	.insn	2, 0x9cdc
80006b46:	6481                	.insn	2, 0x6481
80006b48:	9a26                	.insn	2, 0x9a26
80006b4a:	a6bd6c4f          	.insn	4, 0xa6bd6c4f
80006b4e:	7e4a                	.insn	2, 0x7e4a
80006b50:	5f2d8e87          	.insn	4, 0x5f2d8e87
80006b54:	a94d                	.insn	2, 0xa94d
80006b56:	6b4c                	.insn	2, 0x6b4c
80006b58:	6591                	.insn	2, 0x6591
80006b5a:	ec5c0caf          	.insn	4, 0xec5c0caf
80006b5e:	276a                	.insn	2, 0x276a
80006b60:	aca1                	.insn	2, 0xaca1
80006b62:	42f4                	.insn	2, 0x42f4
80006b64:	08b3d3db          	.insn	4, 0x08b3d3db
80006b68:	0231                	.insn	2, 0x0231
80006b6a:	6b3238db          	.insn	4, 0x6b3238db
80006b6e:	699d                	.insn	2, 0x699d
80006b70:	c88e                	.insn	2, 0xc88e
80006b72:	3764                	.insn	2, 0x3764
80006b74:	c8f2                	.insn	2, 0xc8f2
80006b76:	7fb1                	.insn	2, 0x7fb1
80006b78:	1541dfdb          	.insn	4, 0x1541dfdb
80006b7c:	e246                	.insn	2, 0xe246
80006b7e:	5ffe                	.insn	2, 0x5ffe
80006b80:	b4d1                	.insn	2, 0xb4d1
80006b82:	7745                	.insn	2, 0x7745
80006b84:	15fcce2f          	.insn	4, 0x15fcce2f
80006b88:	3e1f 03b5 a229      	.insn	6, 0xa22903b53e1f
80006b8e:	69d5                	.insn	2, 0x69d5
80006b90:	fafd                	.insn	2, 0xfafd
80006b92:	3b26                	.insn	2, 0x3b26
80006b94:	6481                	.insn	2, 0x6481
80006b96:	f4324fa3          	.insn	4, 0xf4324fa3
80006b9a:	2982                	.insn	2, 0x2982
80006b9c:	b436                	.insn	2, 0xb436
80006b9e:	13e5                	.insn	2, 0x13e5
80006ba0:	ab60                	.insn	2, 0xab60
80006ba2:	22ea                	.insn	2, 0x22ea
80006ba4:	a2f9                	.insn	2, 0xa2f9
80006ba6:	69d8                	.insn	2, 0x69d8
80006ba8:	94ee                	.insn	2, 0x94ee
80006baa:	3041                	.insn	2, 0x3041
80006bac:	058dfb67          	.insn	4, 0x058dfb67
80006bb0:	35dc                	.insn	2, 0x35dc
80006bb2:	2ba8                	.insn	2, 0x2ba8
80006bb4:	3434                	.insn	2, 0x3434
80006bb6:	90f058ef          	jal	a7,7ff0c4c4 <buflen.1+0x7ff0c484>
80006bba:	48d27313          	andi	t1,tp,1165
80006bbe:	0a60                	.insn	2, 0x0a60
80006bc0:	bdd6                	.insn	2, 0xbdd6
80006bc2:	144a                	.insn	2, 0x144a
80006bc4:	8062                	.insn	2, 0x8062
80006bc6:	1e46                	.insn	2, 0x1e46
80006bc8:	18e0                	.insn	2, 0x18e0
80006bca:	159f fdc5 5fcb      	.insn	6, 0x5fcbfdc5159f
80006bd0:	7b46                	.insn	2, 0x7b46
80006bd2:	2df238d3          	.insn	4, 0x2df238d3
80006bd6:	5f5c                	.insn	2, 0x5f5c
80006bd8:	a1ce                	.insn	2, 0xa1ce
80006bda:	18d2                	.insn	2, 0x18d2
80006bdc:	757d                	.insn	2, 0x757d
80006bde:	2212                	.insn	2, 0x2212
80006be0:	50dfdaef          	jal	s5,801048ec <__global_pointer$+0xfc3b8>
80006be4:	c2dc                	.insn	2, 0xc2dc
80006be6:	0fec                	.insn	2, 0x0fec
80006be8:	0db6                	.insn	2, 0x0db6
80006bea:	77ea                	.insn	2, 0x77ea
80006bec:	5db6107f 231c2fa9 	.insn	12, 0x78b0d08a231c2fa95db6107f
80006bf4:	78b0d08a 
80006bf8:	9a25                	.insn	2, 0x9a25
80006bfa:	6426                	.insn	2, 0x6426
80006bfc:	5b94                	.insn	2, 0x5b94
80006bfe:	3688                	.insn	2, 0x3688
80006c00:	e6da                	.insn	2, 0xe6da
80006c02:	17c6                	.insn	2, 0x17c6
80006c04:	b464                	.insn	2, 0xb464
80006c06:	2f70                	.insn	2, 0x2f70
80006c08:	d6f6                	.insn	2, 0xd6f6
80006c0a:	6c644f6b          	.insn	4, 0x6c644f6b
80006c0e:	2909                	.insn	2, 0x2909
80006c10:	25755203          	lhu	tp,599(a0)
80006c14:	227f96f7          	.insn	4, 0x227f96f7
80006c18:	0736                	.insn	2, 0x0736
80006c1a:	7796                	.insn	2, 0x7796
80006c1c:	2dac                	.insn	2, 0x2dac
80006c1e:	4592                	.insn	2, 0x4592
80006c20:	140a3777          	.insn	4, 0x140a3777
80006c24:	f3c1                	.insn	2, 0xf3c1
80006c26:	61ce                	.insn	2, 0x61ce
80006c28:	6e26                	.insn	2, 0x6e26
80006c2a:	6a02                	.insn	2, 0x6a02
80006c2c:	f51e                	.insn	2, 0xf51e
80006c2e:	6064                	.insn	2, 0x6064
80006c30:	7c26                	.insn	2, 0x7c26
80006c32:	0b5f 939b 7556      	.insn	6, 0x7556939b0b5f
80006c38:	2a5f 7e88 5cd7      	.insn	6, 0x5cd77e882a5f
80006c3e:	589601db          	.insn	4, 0x589601db
80006c42:	83c450a7          	.insn	4, 0x83c450a7
80006c46:	0021                	.insn	2, 0x0021
80006c48:	5328610f          	.insn	4, 0x5328610f
80006c4c:	fa75                	.insn	2, 0xfa75
80006c4e:	741d                	.insn	2, 0x741d
80006c50:	aaf4                	.insn	2, 0xaaf4
80006c52:	041e                	.insn	2, 0x041e
80006c54:	3385                	.insn	2, 0x3385
80006c56:	9b627f8f          	.insn	4, 0x9b627f8f
80006c5a:	0026                	.insn	2, 0x0026
80006c5c:	2ddd                	.insn	2, 0x2ddd
80006c5e:	67c2                	.insn	2, 0x67c2
80006c60:	183e                	.insn	2, 0x183e
80006c62:	5f71                	.insn	2, 0x5f71
80006c64:	8286                	.insn	2, 0x8286
80006c66:	47e0                	.insn	2, 0x47e0
80006c68:	57fc                	.insn	2, 0x57fc
80006c6a:	3326                	.insn	2, 0x3326
80006c6c:	e188                	.insn	2, 0xe188
80006c6e:	cea26ff3          	csrrsi	t6,0xcea,4
80006c72:	7548                	.insn	2, 0x7548
80006c74:	29ad                	.insn	2, 0x29ad
80006c76:	f2a17c9b          	.insn	4, 0xf2a17c9b
80006c7a:	6578                	.insn	2, 0x6578
80006c7c:	b685                	.insn	2, 0xb685
80006c7e:	2514                	.insn	2, 0x2514
80006c80:	dae5                	.insn	2, 0xdae5
80006c82:	470e                	.insn	2, 0x470e
80006c84:	88ae                	.insn	2, 0x88ae
80006c86:	414a                	.insn	2, 0x414a
80006c88:	7e1723f7          	.insn	4, 0x7e1723f7
80006c8c:	4797b60f          	.insn	4, 0x4797b60f
80006c90:	22f9                	.insn	2, 0x22f9
80006c92:	43fe                	.insn	2, 0x43fe
80006c94:	8234                	.insn	2, 0x8234
80006c96:	7b647c4b          	.insn	4, 0x7b647c4b
80006c9a:	42cb4cf3          	.insn	4, 0x42cb4cf3
80006c9e:	33f8                	.insn	2, 0x33f8
80006ca0:	37b1                	.insn	2, 0x37b1
80006ca2:	337a                	.insn	2, 0x337a
80006ca4:	4a41b0ab          	.insn	4, 0x4a41b0ab
80006ca8:	5511                	.insn	2, 0x5511
80006caa:	a39e5787          	.insn	4, 0xa39e5787
80006cae:	259c                	.insn	2, 0x259c
80006cb0:	4f90                	.insn	2, 0x4f90
80006cb2:	453c                	.insn	2, 0x453c
80006cb4:	202edda7          	.insn	4, 0x202edda7
80006cb8:	ee10                	.insn	2, 0xee10
80006cba:	73d1                	.insn	2, 0x73d1
80006cbc:	2228                	.insn	2, 0x2228
80006cbe:	6ce0                	.insn	2, 0x6ce0
80006cc0:	dcbd                	.insn	2, 0xdcbd
80006cc2:	45f50f7b          	.insn	4, 0x45f50f7b
80006cc6:	108a                	.insn	2, 0x108a
80006cc8:	5899                	.insn	2, 0x5899
80006cca:	7f99                	.insn	2, 0x7f99
80006ccc:	56e2                	.insn	2, 0x56e2
80006cce:	3a06                	.insn	2, 0x3a06
80006cd0:	42dd5013          	srai	zero,s10,0x2d
80006cd4:	5bc3d43b          	.insn	4, 0x5bc3d43b
80006cd8:	3271                	.insn	2, 0x3271
80006cda:	dcd04fb7          	lui	t6,0xdcd04
80006cde:	0b18                	.insn	2, 0x0b18
80006ce0:	bb55                	.insn	2, 0xbb55
80006ce2:	1cc8                	.insn	2, 0x1cc8
80006ce4:	1c4d                	.insn	2, 0x1c4d
80006ce6:	56f8                	.insn	2, 0x56f8
80006ce8:	1f64                	.insn	2, 0x1f64
80006cea:	46e372b7          	lui	t0,0x46e37
80006cee:	174a                	.insn	2, 0x174a
80006cf0:	247f 43f3 8110 1edc 	.insn	14, 0xd0ed692b29f11edc811043f3247f
80006cf8:	29f1 692b d0ed 
80006cfe:	2b0c                	.insn	2, 0x2b0c
80006d00:	53807c37          	lui	s8,0x53807
80006d04:	8f02                	.insn	2, 0x8f02
80006d06:	4c0565b7          	lui	a1,0x4c056
80006d0a:	1cfa                	.insn	2, 0x1cfa
80006d0c:	e641                	.insn	2, 0xe641
80006d0e:	5238                	.insn	2, 0x5238
80006d10:	0c514963          	blt	sp,t0,80006de2 <input_data+0x10ae>
80006d14:	0030356f          	jal	a0,8000a516 <__global_pointer$+0x1fe2>
80006d18:	81de                	.insn	2, 0x81de
80006d1a:	37e721af          	.insn	4, 0x37e721af
80006d1e:	3bd32907          	.insn	4, 0x3bd32907
80006d22:	48ee                	.insn	2, 0x48ee
80006d24:	7e7f282b          	.insn	4, 0x7e7f282b
80006d28:	e911                	.insn	2, 0xe911
80006d2a:	bc781e93          	.insn	4, 0xbc781e93
80006d2e:	f81f52e3          	bge	t5,ra,80006cb2 <input_data+0xf7e>
80006d32:	1034                	.insn	2, 0x1034
80006d34:	540c                	.insn	2, 0x540c
80006d36:	60b8                	.insn	2, 0x60b8
80006d38:	4e448da7          	.insn	4, 0x4e448da7
80006d3c:	939c                	.insn	2, 0x939c
80006d3e:	7ada                	.insn	2, 0x7ada
80006d40:	8e8d                	.insn	2, 0x8e8d
80006d42:	188c                	.insn	2, 0x188c
80006d44:	efe9                	.insn	2, 0xefe9
80006d46:	1a16                	.insn	2, 0x1a16
80006d48:	1e9ca763          	.insn	4, 0x1e9ca763
80006d4c:	671f 1235 2f27      	.insn	6, 0x2f271235671f
80006d52:	661d                	.insn	2, 0x661d
80006d54:	17155447          	.insn	4, 0x17155447
80006d58:	291f 7157 83a9      	.insn	6, 0x83a97157291f
80006d5e:	ccf5266f          	jal	a2,7ff59a2c <buflen.1+0x7ff599ec>
80006d62:	496d                	.insn	2, 0x496d
80006d64:	63a5                	.insn	2, 0x63a5
80006d66:	1542                	.insn	2, 0x1542
80006d68:	a455                	.insn	2, 0xa455
80006d6a:	0dd6                	.insn	2, 0x0dd6
80006d6c:	8322                	.insn	2, 0x8322
80006d6e:	6190                	.insn	2, 0x6190
80006d70:	8242                	.insn	2, 0x8242
80006d72:	ed641203          	lh	tp,-298(s0)
80006d76:	7cd8                	.insn	2, 0x7cd8
80006d78:	a2b8                	.insn	2, 0xa2b8
80006d7a:	6530                	.insn	2, 0x6530
80006d7c:	02a1                	.insn	2, 0x02a1
80006d7e:	52e1                	.insn	2, 0x52e1
80006d80:	a814                	.insn	2, 0xa814
80006d82:	6d49                	.insn	2, 0x6d49
80006d84:	1554                	.insn	2, 0x1554
80006d86:	47ba                	.insn	2, 0x47ba
80006d88:	b802                	.insn	2, 0xb802
80006d8a:	0309                	.insn	2, 0x0309
80006d8c:	7e0c                	.insn	2, 0x7e0c
80006d8e:	4f6a                	.insn	2, 0x4f6a
80006d90:	5a46b2c3          	.insn	4, 0x5a46b2c3
80006d94:	69d9                	.insn	2, 0x69d9
80006d96:	3632                	.insn	2, 0x3632
80006d98:	adc9                	.insn	2, 0xadc9
80006d9a:	7221                	.insn	2, 0x7221
80006d9c:	0b52                	.insn	2, 0x0b52
80006d9e:	05a3216b          	.insn	4, 0x05a3216b
80006da2:	3d91                	.insn	2, 0x3d91
80006da4:	4881f2b7          	lui	t0,0x4881f
80006da8:	06c34b8b          	.insn	4, 0x06c34b8b
80006dac:	4f41                	.insn	2, 0x4f41
80006dae:	0fd74577          	.insn	4, 0x0fd74577
80006db2:	2fb8                	.insn	2, 0x2fb8
80006db4:	227f 3f1a 5cc9 19c1 	.insn	14, 0x24497f10a60519c15cc93f1a227f
80006dbc:	a605 7f10 2449 
80006dc2:	4609                	.insn	2, 0x4609
80006dc4:	3495                	.insn	2, 0x3495
80006dc6:	5f89                	.insn	2, 0x5f89
80006dc8:	b74e                	.insn	2, 0xb74e
80006dca:	3462                	.insn	2, 0x3462
80006dcc:	1a9b193f 0f5c9eb7 	.insn	8, 0x0f5c9eb71a9b193f
80006dd4:	21dc                	.insn	2, 0x21dc
80006dd6:	2fb9                	.insn	2, 0x2fb9
80006dd8:	2390                	.insn	2, 0x2390
80006dda:	52b9                	.insn	2, 0x52b9
80006ddc:	5dbc                	.insn	2, 0x5dbc
80006dde:	777e                	.insn	2, 0x777e
80006de0:	07e4                	.insn	2, 0x07e4
80006de2:	f6013b8f          	.insn	4, 0xf6013b8f
80006de6:	5520                	.insn	2, 0x5520
80006de8:	2930                	.insn	2, 0x2930
80006dea:	b2da0a7b          	.insn	4, 0xb2da0a7b
80006dee:	0476                	.insn	2, 0x0476
80006df0:	0af0                	.insn	2, 0x0af0
80006df2:	ef612593          	slti	a1,sp,-266
80006df6:	4469                	.insn	2, 0x4469
80006df8:	e19d                	.insn	2, 0xe19d
80006dfa:	06b6                	.insn	2, 0x06b6
80006dfc:	1d74                	.insn	2, 0x1d74
80006dfe:	3d4e                	.insn	2, 0x3d4e
80006e00:	2dc1                	.insn	2, 0x2dc1
80006e02:	70c4                	.insn	2, 0x70c4
80006e04:	7398                	.insn	2, 0x7398
80006e06:	7476                	.insn	2, 0x7476
80006e08:	12d4                	.insn	2, 0x12d4
80006e0a:	1cb4                	.insn	2, 0x1cb4
80006e0c:	1886                	.insn	2, 0x1886
80006e0e:	1a04                	.insn	2, 0x1a04
80006e10:	5ea0                	.insn	2, 0x5ea0
80006e12:	82a85f6f          	jal	t5,7ff8be3c <buflen.1+0x7ff8bdfc>
80006e16:	f449044f          	.insn	4, 0xf449044f
80006e1a:	5e3d                	.insn	2, 0x5e3d
80006e1c:	1b717563          	bgeu	sp,s7,80006fc6 <input_data+0x1292>
80006e20:	88e1                	.insn	2, 0x88e1
80006e22:	7185                	.insn	2, 0x7185
80006e24:	f2c1                	.insn	2, 0xf2c1
80006e26:	2edd                	.insn	2, 0x2edd
80006e28:	1fe2                	.insn	2, 0x1fe2
80006e2a:	1571                	.insn	2, 0x1571
80006e2c:	c58d                	.insn	2, 0xc58d
80006e2e:	82bc7257          	.insn	4, 0x82bc7257
80006e32:	003d                	.insn	2, 0x003d
80006e34:	5eb2                	.insn	2, 0x5eb2
80006e36:	641f 5118 4430      	.insn	6, 0x44305118641f
80006e3c:	4838                	.insn	2, 0x4838
80006e3e:	c6375727          	.insn	4, 0xc6375727
80006e42:	292d                	.insn	2, 0x292d
80006e44:	50ec                	.insn	2, 0x50ec
80006e46:	b4405a5b          	.insn	4, 0xb4405a5b
80006e4a:	15aa                	.insn	2, 0x15aa
80006e4c:	f556                	.insn	2, 0xf556
80006e4e:	8743583b          	.insn	4, 0x8743583b
80006e52:	d5303e3b          	.insn	4, 0xd5303e3b
80006e56:	a7e9795b          	.insn	4, 0xa7e9795b
80006e5a:	0d08                	.insn	2, 0x0d08
80006e5c:	e05e                	.insn	2, 0xe05e
80006e5e:	3181                	.insn	2, 0x3181
80006e60:	d8e5                	.insn	2, 0xd8e5
80006e62:	3ad616c3          	.insn	4, 0x3ad616c3
80006e66:	0675                	.insn	2, 0x0675
80006e68:	f25c                	.insn	2, 0xf25c
80006e6a:	057f cc9f 0cfa b38c 	.insn	10, 0x5abcb38c0cfacc9f057f
80006e72:	5abc 
80006e74:	71b9                	.insn	2, 0x71b9
80006e76:	8d403cdb          	.insn	4, 0x8d403cdb
80006e7a:	53de                	.insn	2, 0x53de
80006e7c:	33226d3b          	.insn	4, 0x33226d3b
80006e80:	ce81                	.insn	2, 0xce81
80006e82:	7556                	.insn	2, 0x7556
80006e84:	0bc1                	.insn	2, 0x0bc1
80006e86:	5700                	.insn	2, 0x5700
80006e88:	495f 502b 6ac2      	.insn	6, 0x6ac2502b495f
80006e8e:	2a4c                	.insn	2, 0x2a4c
80006e90:	5e7e                	.insn	2, 0x5e7e
80006e92:	1f06                	.insn	2, 0x1f06
80006e94:	8d0d                	.insn	2, 0x8d0d
80006e96:	7a1a                	.insn	2, 0x7a1a
80006e98:	ac82                	.insn	2, 0xac82
80006e9a:	696d                	.insn	2, 0x696d
80006e9c:	3c6ee86b          	.insn	4, 0x3c6ee86b
80006ea0:	eb55                	.insn	2, 0xeb55
80006ea2:	54be65e7          	.insn	4, 0x54be65e7
80006ea6:	3d2d                	.insn	2, 0x3d2d
80006ea8:	8b7a                	.insn	2, 0x8b7a
80006eaa:	5222                	.insn	2, 0x5222
80006eac:	e2f0                	.insn	2, 0xe2f0
80006eae:	5cfd                	.insn	2, 0x5cfd
80006eb0:	8ed1                	.insn	2, 0x8ed1
80006eb2:	085b2057          	.insn	4, 0x085b2057
80006eb6:	5b74                	.insn	2, 0x5b74
80006eb8:	0239                	.insn	2, 0x0239
80006eba:	1f79                	.insn	2, 0x1f79
80006ebc:	78276307          	.insn	4, 0x78276307
80006ec0:	13640e9b          	.insn	4, 0x13640e9b
80006ec4:	0be4                	.insn	2, 0x0be4
80006ec6:	43cd                	.insn	2, 0x43cd
80006ec8:	8c1c                	.insn	2, 0x8c1c
80006eca:	1d7a704b          	.insn	4, 0x1d7a704b
80006ece:	6f86                	.insn	2, 0x6f86
80006ed0:	6351                	.insn	2, 0x6351
80006ed2:	2aac                	.insn	2, 0x2aac
80006ed4:	09fe3077          	.insn	4, 0x09fe3077
80006ed8:	1e4c                	.insn	2, 0x1e4c
80006eda:	bae34d03          	lbu	s10,-1106(t1)
80006ede:	45df 5ebc 784d      	.insn	6, 0x784d5ebc45df
80006ee4:	744d6397          	auipc	t2,0x744d6
80006ee8:	463a                	.insn	2, 0x463a
80006eea:	634e                	.insn	2, 0x634e
80006eec:	a105                	.insn	2, 0xa105
80006eee:	6d5d                	.insn	2, 0x6d5d
80006ef0:	32ee431b          	.insn	4, 0x32ee431b
80006ef4:	c920                	.insn	2, 0xc920
80006ef6:	1268                	.insn	2, 0x1268
80006ef8:	6e48                	.insn	2, 0x6e48
80006efa:	1df4                	.insn	2, 0x1df4
80006efc:	b7c8                	.insn	2, 0xb7c8
80006efe:	7d82                	.insn	2, 0x7d82
80006f00:	3d99                	.insn	2, 0x3d99
80006f02:	60d6                	.insn	2, 0x60d6
80006f04:	49c4                	.insn	2, 0x49c4
80006f06:	1ea6                	.insn	2, 0x1ea6
80006f08:	8a86                	.insn	2, 0x8a86
80006f0a:	3a2d                	.insn	2, 0x3a2d
80006f0c:	0d8e43d3          	.insn	4, 0x0d8e43d3
80006f10:	d5de                	.insn	2, 0xd5de
80006f12:	3661                	.insn	2, 0x3661
80006f14:	4040                	.insn	2, 0x4040
80006f16:	2ed9                	.insn	2, 0x2ed9
80006f18:	8f99                	.insn	2, 0x8f99
80006f1a:	1ae8                	.insn	2, 0x1ae8
80006f1c:	90c0                	.insn	2, 0x90c0
80006f1e:	84c10ca3          	sb	a2,-1959(sp)
80006f22:	7b4e                	.insn	2, 0x7b4e
80006f24:	8f21                	.insn	2, 0x8f21
80006f26:	06fd                	.insn	2, 0x06fd
80006f28:	736f35b7          	lui	a1,0x736f3
80006f2c:	c4ff 0c8f c41b 7643 	.insn	18, 0xd94853fba9d03862092d7643c41b0c8fc4ff
80006f34:	092d 3862 a9d0 53fb 
80006f3c:	d948 
80006f3e:	6202                	.insn	2, 0x6202
80006f40:	43e409b7          	lui	s3,0x43e40
80006f44:	2870b66f          	jal	a2,800129ca <__global_pointer$+0xa496>
80006f48:	4c3ceec7          	.insn	4, 0x4c3ceec7
80006f4c:	4dbe                	.insn	2, 0x4dbe
80006f4e:	2b26                	.insn	2, 0x2b26
80006f50:	3f66                	.insn	2, 0x3f66
80006f52:	0ba5                	.insn	2, 0x0ba5
80006f54:	1fe2                	.insn	2, 0x1fe2
80006f56:	5952                	.insn	2, 0x5952
80006f58:	d0de                	.insn	2, 0xd0de
80006f5a:	3b90                	.insn	2, 0x3b90
80006f5c:	d69d                	.insn	2, 0xd69d
80006f5e:	6a2e634b          	.insn	4, 0x6a2e634b
80006f62:	6bb957d7          	.insn	4, 0x6bb957d7
80006f66:	5d11                	.insn	2, 0x5d11
80006f68:	6d30                	.insn	2, 0x6d30
80006f6a:	0906                	.insn	2, 0x0906
80006f6c:	daa0                	.insn	2, 0xdaa0
80006f6e:	52a12997          	auipc	s3,0x52a12
80006f72:	60b9                	.insn	2, 0x60b9
80006f74:	b44a                	.insn	2, 0xb44a
80006f76:	2439                	.insn	2, 0x2439
80006f78:	6f58                	.insn	2, 0x6f58
80006f7a:	042a                	.insn	2, 0x042a
80006f7c:	3cf2                	.insn	2, 0x3cf2
80006f7e:	204c44af          	.insn	4, 0x204c44af
80006f82:	3f66                	.insn	2, 0x3f66
80006f84:	a394                	.insn	2, 0xa394
80006f86:	4fc1                	.insn	2, 0x4fc1
80006f88:	472e                	.insn	2, 0x472e
80006f8a:	034e                	.insn	2, 0x034e
80006f8c:	8cce                	.insn	2, 0x8cce
80006f8e:	4c2d                	.insn	2, 0x4c2d
80006f90:	31e3fa47          	.insn	4, 0x31e3fa47
80006f94:	7220fd73          	csrrci	s10,minstretcfgh,1
80006f98:	b8b0                	.insn	2, 0xb8b0
80006f9a:	3e8d                	.insn	2, 0x3e8d
80006f9c:	54b6                	.insn	2, 0x54b6
80006f9e:	09a0                	.insn	2, 0x09a0
80006fa0:	deea                	.insn	2, 0xdeea
80006fa2:	04ca                	.insn	2, 0x04ca
80006fa4:	625f 253c 47ff      	.insn	6, 0x47ff253c625f
80006faa:	346a                	.insn	2, 0x346a
80006fac:	3f95e34b          	.insn	4, 0x3f95e34b
80006fb0:	049e                	.insn	2, 0x049e
80006fb2:	51fc                	.insn	2, 0x51fc
80006fb4:	5d0e34db          	.insn	4, 0x5d0e34db
80006fb8:	2382                	.insn	2, 0x2382
80006fba:	038a                	.insn	2, 0x038a
80006fbc:	399987cf          	.insn	4, 0x399987cf
80006fc0:	35d0                	.insn	2, 0x35d0
80006fc2:	79d5                	.insn	2, 0x79d5
80006fc4:	2b82                	.insn	2, 0x2b82
80006fc6:	4638                	.insn	2, 0x4638
80006fc8:	4e25                	.insn	2, 0x4e25
80006fca:	4520                	.insn	2, 0x4520
80006fcc:	dc36                	.insn	2, 0xdc36
80006fce:	115c                	.insn	2, 0x115c
80006fd0:	0a50ba03          	.insn	4, 0x0a50ba03
80006fd4:	b9a9                	.insn	2, 0xb9a9
80006fd6:	ebc45297          	auipc	t0,0xebc45
80006fda:	26dd                	.insn	2, 0x26dd
80006fdc:	56e2                	.insn	2, 0x56e2
80006fde:	6b6d                	.insn	2, 0x6b6d
80006fe0:	7dfd                	.insn	2, 0x7dfd
80006fe2:	5cb9                	.insn	2, 0x5cb9
80006fe4:	18b0                	.insn	2, 0x18b0
80006fe6:	2530                	.insn	2, 0x2530
80006fe8:	b1a2                	.insn	2, 0xb1a2
80006fea:	5e28                	.insn	2, 0x5e28
80006fec:	624efe03          	.insn	4, 0x624efe03
80006ff0:	10244d23          	.insn	4, 0x10244d23
80006ff4:	14df5beb          	.insn	4, 0x14df5beb
80006ff8:	46d09d13          	.insn	4, 0x46d09d13
80006ffc:	3548b68b          	.insn	4, 0x3548b68b
80007000:	0dde                	.insn	2, 0x0dde
80007002:	1fda                	.insn	2, 0x1fda
80007004:	9926                	.insn	2, 0x9926
80007006:	3f00                	.insn	2, 0x3f00
80007008:	323a                	.insn	2, 0x323a
8000700a:	48c70dbf 133b7e3c 	.insn	8, 0x133b7e3c48c70dbf
80007012:	2e6c                	.insn	2, 0x2e6c
80007014:	cfda                	.insn	2, 0xcfda
80007016:	a4ed0ef3          	.insn	4, 0xa4ed0ef3
8000701a:	063c                	.insn	2, 0x063c
8000701c:	d49f 4f2b b592      	.insn	6, 0xb5924f2bd49f
80007022:	6f6a                	.insn	2, 0x6f6a
80007024:	6e24d8eb          	.insn	4, 0x6e24d8eb
80007028:	6db5                	.insn	2, 0x6db5
8000702a:	0f6b128b          	.insn	4, 0x0f6b128b
8000702e:	1e30                	.insn	2, 0x1e30
80007030:	845e                	.insn	2, 0x845e
80007032:	491c6bc7          	.insn	4, 0x491c6bc7
80007036:	2435                	.insn	2, 0x2435
80007038:	ecf0                	.insn	2, 0xecf0
8000703a:	5ce0                	.insn	2, 0x5ce0
8000703c:	493e456f          	jal	a0,800ebcce <__global_pointer$+0xe379a>
80007040:	832c                	.insn	2, 0x832c
80007042:	d0102aef          	jal	s5,7ff09d42 <buflen.1+0x7ff09d02>
80007046:	7501                	.insn	2, 0x7501
80007048:	de19                	.insn	2, 0xde19
8000704a:	3c49                	.insn	2, 0x3c49
8000704c:	b8f5                	.insn	2, 0xb8f5
8000704e:	47d2                	.insn	2, 0x47d2
80007050:	21bf03af          	.insn	4, 0x21bf03af
80007054:	3dfe                	.insn	2, 0x3dfe
80007056:	18fa                	.insn	2, 0x18fa
80007058:	7d20                	.insn	2, 0x7d20
8000705a:	99062bf3          	csrrs	s7,0x990,a2
8000705e:	ceef1f03          	lh	t5,-786(t5) # 70b49cee <buflen.1+0x70b49cae>
80007062:	f9ef67b7          	lui	a5,0xf9ef6
80007066:	5ff3644b          	.insn	4, 0x5ff3644b
8000706a:	56be                	.insn	2, 0x56be
8000706c:	69c4                	.insn	2, 0x69c4
8000706e:	7e4a                	.insn	2, 0x7e4a
80007070:	6fa2                	.insn	2, 0x6fa2
80007072:	52b62b7b          	.insn	4, 0x52b62b7b
80007076:	5d51                	.insn	2, 0x5d51
80007078:	261f 2b0e 5867      	.insn	6, 0x58672b0e261f
8000707e:	2c15                	.insn	2, 0x2c15
80007080:	34968f93          	addi	t6,a3,841 # e8f4d88d <__global_pointer$+0x68f45359>
80007084:	b46e                	.insn	2, 0xb46e
80007086:	3734                	.insn	2, 0x3734
80007088:	3b99408f          	.insn	4, 0x3b99408f
8000708c:	94d2                	.insn	2, 0x94d2
8000708e:	7a3f4e8f          	.insn	4, 0x7a3f4e8f
80007092:	6ca90747          	.insn	4, 0x6ca90747
80007096:	615d                	.insn	2, 0x615d
80007098:	3372                	.insn	2, 0x3372
8000709a:	4bae                	.insn	2, 0x4bae
8000709c:	6ad2                	.insn	2, 0x6ad2
8000709e:	f67f16a7          	.insn	4, 0xf67f16a7
800070a2:	3e38                	.insn	2, 0x3e38
800070a4:	27ac473b          	.insn	4, 0x27ac473b
800070a8:	3417d43b          	.insn	4, 0x3417d43b
800070ac:	74f2                	.insn	2, 0x74f2
800070ae:	2aca                	.insn	2, 0x2aca
800070b0:	c95e                	.insn	2, 0xc95e
800070b2:	eda17f4b          	.insn	4, 0xeda17f4b
800070b6:	2d68                	.insn	2, 0x2d68
800070b8:	25c2                	.insn	2, 0x25c2
800070ba:	5fa0                	.insn	2, 0x5fa0
800070bc:	e2fd                	.insn	2, 0xe2fd
800070be:	540d27bb          	.insn	4, 0x540d27bb
800070c2:	1e9c                	.insn	2, 0x1e9c
800070c4:	930e                	.insn	2, 0x930e
800070c6:	59a5                	.insn	2, 0x59a5
800070c8:	9488                	.insn	2, 0x9488
800070ca:	4349                	.insn	2, 0x4349
800070cc:	6e11                	.insn	2, 0x6e11
800070ce:	05ee                	.insn	2, 0x05ee
800070d0:	deec                	.insn	2, 0xdeec
800070d2:	2b16                	.insn	2, 0x2b16
800070d4:	1714                	.insn	2, 0x1714
800070d6:	3e6d                	.insn	2, 0x3e6d
800070d8:	7518                	.insn	2, 0x7518
800070da:	20d0                	.insn	2, 0x20d0
800070dc:	345c                	.insn	2, 0x345c
800070de:	43c8408b          	.insn	4, 0x43c8408b
800070e2:	1144                	.insn	2, 0x1144
800070e4:	68ec                	.insn	2, 0x68ec
800070e6:	0ce8                	.insn	2, 0x0ce8
800070e8:	c688                	.insn	2, 0xc688
800070ea:	4602                	.insn	2, 0x4602
800070ec:	5676                	.insn	2, 0x5676
800070ee:	3268                	.insn	2, 0x3268
800070f0:	c924                	.insn	2, 0xc924
800070f2:	5ca1                	.insn	2, 0x5ca1
800070f4:	9562                	.insn	2, 0x9562
800070f6:	226a                	.insn	2, 0x226a
800070f8:	5b1f 2f1a d05b      	.insn	6, 0xd05b2f1a5b1f
800070fe:	2845                	.insn	2, 0x2845
80007100:	78f220af          	.insn	4, 0x78f220af
80007104:	8960                	.insn	2, 0x8960
80007106:	099f a911 0da5      	.insn	6, 0x0da5a911099f
8000710c:	2c54a803          	lw	a6,709(s1) # bcf29107 <__global_pointer$+0x3cf20bd3>
80007110:	9ad6                	.insn	2, 0x9ad6
80007112:	50a2                	.insn	2, 0x50a2
80007114:	3314                	.insn	2, 0x3314
80007116:	7e90                	.insn	2, 0x7e90
80007118:	a565                	.insn	2, 0xa565
8000711a:	32cd                	.insn	2, 0x32cd
8000711c:	2ba0                	.insn	2, 0x2ba0
8000711e:	4cf4                	.insn	2, 0x4cf4
80007120:	c174                	.insn	2, 0xc174
80007122:	1abe                	.insn	2, 0x1abe
80007124:	4bc0                	.insn	2, 0x4bc0
80007126:	2af7746f          	jal	s0,8007ebd4 <__global_pointer$+0x766a0>
8000712a:	9973370b          	.insn	4, 0x9973370b
8000712e:	3152                	.insn	2, 0x3152
80007130:	aba4                	.insn	2, 0xaba4
80007132:	431d                	.insn	2, 0x431d
80007134:	b420                	.insn	2, 0xb420
80007136:	0bcc                	.insn	2, 0x0bcc
80007138:	8f9a                	.insn	2, 0x8f9a
8000713a:	10c4                	.insn	2, 0x10c4
8000713c:	45da2b4b          	.insn	4, 0x45da2b4b
80007140:	7cb6                	.insn	2, 0x7cb6
80007142:	ed702d97          	auipc	s11,0xed702
80007146:	2381                	.insn	2, 0x2381
80007148:	2954                	.insn	2, 0x2954
8000714a:	7ef4                	.insn	2, 0x7ef4
8000714c:	1f9c                	.insn	2, 0x1f9c
8000714e:	55a9                	.insn	2, 0x55a9
80007150:	5646a03f 2d08d921 	.insn	8, 0x2d08d9215646a03f
80007158:	a5cd                	.insn	2, 0xa5cd
8000715a:	7f02                	.insn	2, 0x7f02
8000715c:	fa38                	.insn	2, 0xfa38
8000715e:	6d62                	.insn	2, 0x6d62
80007160:	754a                	.insn	2, 0x754a
80007162:	89185c3f 35c46e96 	.insn	8, 0x35c46e9689185c3f
8000716a:	398c                	.insn	2, 0x398c
8000716c:	d6ad                	.insn	2, 0xd6ad
8000716e:	2812                	.insn	2, 0x2812
80007170:	3aae                	.insn	2, 0x3aae
80007172:	0ae2                	.insn	2, 0x0ae2
80007174:	8aa1                	.insn	2, 0x8aa1
80007176:	0ce6                	.insn	2, 0x0ce6
80007178:	aeb6                	.insn	2, 0xaeb6
8000717a:	4ef5                	.insn	2, 0x4ef5
8000717c:	463a                	.insn	2, 0x463a
8000717e:	443a                	.insn	2, 0x443a
80007180:	2e78                	.insn	2, 0x2e78
80007182:	1b16                	.insn	2, 0x1b16
80007184:	48bfb5ef          	jal	a1,80102e0e <__global_pointer$+0xfa8da>
80007188:	e4a2                	.insn	2, 0xe4a2
8000718a:	5aa6                	.insn	2, 0x5aa6
8000718c:	d36e                	.insn	2, 0xd36e
8000718e:	6b25                	.insn	2, 0x6b25
80007190:	f286                	.insn	2, 0xf286
80007192:	5e79                	.insn	2, 0x5e79
80007194:	2c50                	.insn	2, 0x2c50
80007196:	2f82                	.insn	2, 0x2f82
80007198:	9de8                	.insn	2, 0x9de8
8000719a:	6c91                	.insn	2, 0x6c91
8000719c:	e55e                	.insn	2, 0xe55e
8000719e:	68357ed7          	.insn	4, 0x68357ed7
800071a2:	3a04                	.insn	2, 0x3a04
800071a4:	cef1                	.insn	2, 0xcef1
800071a6:	3b1e                	.insn	2, 0x3b1e
800071a8:	a34d                	.insn	2, 0xa34d
800071aa:	2880                	.insn	2, 0x2880
800071ac:	74ec5c83          	lhu	s9,1870(s8) # 5380774e <buflen.1+0x5380770e>
800071b0:	5531                	.insn	2, 0x5531
800071b2:	7cd2                	.insn	2, 0x7cd2
800071b4:	1753184b          	.insn	4, 0x1753184b
800071b8:	8e1a                	.insn	2, 0x8e1a
800071ba:	5fa0                	.insn	2, 0x5fa0
800071bc:	e330                	.insn	2, 0xe330
800071be:	2262                	.insn	2, 0x2262
800071c0:	436d                	.insn	2, 0x436d
800071c2:	6610                	.insn	2, 0x6610
800071c4:	e22a                	.insn	2, 0xe22a
800071c6:	1488                	.insn	2, 0x1488
800071c8:	1664                	.insn	2, 0x1664
800071ca:	42ec                	.insn	2, 0x42ec
800071cc:	62e38bab          	.insn	4, 0x62e38bab
800071d0:	2e2c                	.insn	2, 0x2e2c
800071d2:	4f35                	.insn	2, 0x4f35
800071d4:	4258                	.insn	2, 0x4258
800071d6:	02e8                	.insn	2, 0x02e8
800071d8:	c368                	.insn	2, 0xc368
800071da:	f5ee0ebf ae3b6d70 	.insn	8, 0xae3b6d70f5ee0ebf
800071e2:	5d39                	.insn	2, 0x5d39
800071e4:	47ea                	.insn	2, 0x47ea
800071e6:	52a2                	.insn	2, 0x52a2
800071e8:	000d                	.insn	2, 0x000d
800071ea:	1cf5                	.insn	2, 0x1cf5
800071ec:	d6fc                	.insn	2, 0xd6fc
800071ee:	0234                	.insn	2, 0x0234
800071f0:	7742                	.insn	2, 0x7742
800071f2:	1540                	.insn	2, 0x1540
800071f4:	0326                	.insn	2, 0x0326
800071f6:	63de                	.insn	2, 0x63de
800071f8:	19a2b58b          	.insn	4, 0x19a2b58b
800071fc:	5bd8                	.insn	2, 0x5bd8
800071fe:	182e74c7          	.insn	4, 0x182e74c7
80007202:	6a60                	.insn	2, 0x6a60
80007204:	6d9de20f          	.insn	4, 0x6d9de20f
80007208:	ae28                	.insn	2, 0xae28
8000720a:	5f21                	.insn	2, 0x5f21
8000720c:	119f8227          	.insn	4, 0x119f8227
80007210:	10d2                	.insn	2, 0x10d2
80007212:	0b8f180b          	.insn	4, 0x0b8f180b
80007216:	7e0a                	.insn	2, 0x7e0a
80007218:	2220                	.insn	2, 0x2220
8000721a:	5a55                	.insn	2, 0x5a55
8000721c:	2062                	.insn	2, 0x2062
8000721e:	5be2                	.insn	2, 0x5be2
80007220:	56126e87          	.insn	4, 0x56126e87
80007224:	0341                	.insn	2, 0x0341
80007226:	486d                	.insn	2, 0x486d
80007228:	f0a0                	.insn	2, 0xf0a0
8000722a:	f7b7649b          	.insn	4, 0xf7b7649b
8000722e:	5c26                	.insn	2, 0x5c26
80007230:	420c                	.insn	2, 0x420c
80007232:	7190                	.insn	2, 0x7190
80007234:	7fd8                	.insn	2, 0x7fd8
80007236:	207a                	.insn	2, 0x207a
80007238:	26e9                	.insn	2, 0x26e9
8000723a:	7b55                	.insn	2, 0x7b55
8000723c:	c97d                	.insn	2, 0xc97d
8000723e:	64a6                	.insn	2, 0x64a6
80007240:	6075                	.insn	2, 0x6075
80007242:	544a                	.insn	2, 0x544a
80007244:	13ccfe2f          	.insn	4, 0x13ccfe2f
80007248:	25aa979b          	.insn	4, 0x25aa979b
8000724c:	193b0a53          	.insn	4, 0x193b0a53
80007250:	4f730137          	lui	sp,0x4f730
80007254:	3aed                	.insn	2, 0x3aed
80007256:	2085                	.insn	2, 0x2085
80007258:	6408                	.insn	2, 0x6408
8000725a:	127e                	.insn	2, 0x127e
8000725c:	6cd4                	.insn	2, 0x6cd4
8000725e:	eb5f3947          	.insn	4, 0xeb5f3947
80007262:	5cd41633          	.insn	4, 0x5cd41633
80007266:	79c3733f 1df96604 	.insn	8, 0x1df9660479c3733f
8000726e:	03e500af          	.insn	4, 0x03e500af
80007272:	094a                	.insn	2, 0x094a
80007274:	29c439a7          	.insn	4, 0x29c439a7
80007278:	263e                	.insn	2, 0x263e
8000727a:	56df 2d0a 4efb      	.insn	6, 0x4efb2d0a56df
80007280:	2f1a                	.insn	2, 0x2f1a
80007282:	0a42                	.insn	2, 0x0a42
80007284:	bfb6                	.insn	2, 0xbfb6
80007286:	2799                	.insn	2, 0x2799
80007288:	65a60287          	.insn	4, 0x65a60287
8000728c:	3942                	.insn	2, 0x3942
8000728e:	1675                	.insn	2, 0x1675
80007290:	973c                	.insn	2, 0x973c
80007292:	57c5                	.insn	2, 0x57c5
80007294:	2e08                	.insn	2, 0x2e08
80007296:	147c                	.insn	2, 0x147c
80007298:	9932                	.insn	2, 0x9932
8000729a:	51b0                	.insn	2, 0x51b0
8000729c:	1efe                	.insn	2, 0x1efe
8000729e:	0fd1                	.insn	2, 0x0fd1
800072a0:	8a2c                	.insn	2, 0x8a2c
800072a2:	7bf2                	.insn	2, 0x7bf2
800072a4:	6522                	.insn	2, 0x6522
800072a6:	6b7a                	.insn	2, 0x6b7a
800072a8:	4855                	.insn	2, 0x4855
800072aa:	1ef2                	.insn	2, 0x1ef2
800072ac:	fea1                	.insn	2, 0xfea1
800072ae:	5bb1                	.insn	2, 0x5bb1
800072b0:	4038                	.insn	2, 0x4038
800072b2:	7320                	.insn	2, 0x7320
800072b4:	3a7a                	.insn	2, 0x3a7a
800072b6:	468a                	.insn	2, 0x468a
800072b8:	58cb01ab          	.insn	4, 0x58cb01ab
800072bc:	9709                	.insn	2, 0x9709
800072be:	1d82                	.insn	2, 0x1d82
800072c0:	2fbefe13          	andi	t3,t4,763
800072c4:	5874                	.insn	2, 0x5874
800072c6:	0a8e                	.insn	2, 0x0a8e
800072c8:	4d08aadb          	.insn	4, 0x4d08aadb
800072cc:	8da5                	.insn	2, 0x8da5
800072ce:	505e                	.insn	2, 0x505e
800072d0:	5c6b23e3          	.insn	4, 0x5c6b23e3
800072d4:	d515                	.insn	2, 0xd515
800072d6:	2995                	.insn	2, 0x2995
800072d8:	ffd4                	.insn	2, 0xffd4
800072da:	330e                	.insn	2, 0x330e
800072dc:	76c9de3b          	.insn	4, 0x76c9de3b
800072e0:	db78                	.insn	2, 0xdb78
800072e2:	46e0                	.insn	2, 0x46e0
800072e4:	0d36494b          	.insn	4, 0x0d36494b
800072e8:	0957f94f          	.insn	4, 0x0957f94f
800072ec:	4c36                	.insn	2, 0x4c36
800072ee:	024d                	.insn	2, 0x024d
800072f0:	379a                	.insn	2, 0x379a
800072f2:	d2d71667          	.insn	4, 0xd2d71667
800072f6:	d9767be3          	bgeu	a2,s7,8000708c <input_data+0x1358>
800072fa:	7d5c                	.insn	2, 0x7d5c
800072fc:	14624fa3          	.insn	4, 0x14624fa3
80007300:	29a4b67b          	.insn	4, 0x29a4b67b
80007304:	0ad6                	.insn	2, 0x0ad6
80007306:	20a316b7          	lui	a3,0x20a31
8000730a:	4798                	.insn	2, 0x4798
8000730c:	97d2                	.insn	2, 0x97d2
8000730e:	4c06                	.insn	2, 0x4c06
80007310:	394c                	.insn	2, 0x394c
80007312:	17bc                	.insn	2, 0x17bc
80007314:	2fc79aeb          	.insn	4, 0x2fc79aeb
80007318:	cc41                	.insn	2, 0xcc41
8000731a:	40d2                	.insn	2, 0x40d2
8000731c:	dd86                	.insn	2, 0xdd86
8000731e:	3276                	.insn	2, 0x3276
80007320:	a2ea                	.insn	2, 0xa2ea
80007322:	6e30                	.insn	2, 0x6e30
80007324:	4cc2bb0b          	.insn	4, 0x4cc2bb0b
80007328:	537361cf          	.insn	4, 0x537361cf
8000732c:	5ed6                	.insn	2, 0x5ed6
8000732e:	5f92                	.insn	2, 0x5f92
80007330:	6fb9                	.insn	2, 0x6fb9
80007332:	497e                	.insn	2, 0x497e
80007334:	81e5                	.insn	2, 0x81e5
80007336:	6803304f          	.insn	4, 0x6803304f
8000733a:	fea4292b          	.insn	4, 0xfea4292b
8000733e:	b88a6ee3          	bltu	s4,s0,80006eda <input_data+0x11a6>
80007342:	2cbd                	.insn	2, 0x2cbd
80007344:	91ec                	.insn	2, 0x91ec
80007346:	100b4bc7          	.insn	4, 0x100b4bc7
8000734a:	3348                	.insn	2, 0x3348
8000734c:	a1b8                	.insn	2, 0xa1b8
8000734e:	32b546e3          	blt	a0,a1,80007e7a <_tbss_end+0xb6>
80007352:	7214                	.insn	2, 0x7214
80007354:	4d02                	.insn	2, 0x4d02
80007356:	3869                	.insn	2, 0x3869
80007358:	f0ee                	.insn	2, 0xf0ee
8000735a:	6c34                	.insn	2, 0x6c34
8000735c:	0379                	.insn	2, 0x0379
8000735e:	2c52                	.insn	2, 0x2c52
80007360:	df4c                	.insn	2, 0xdf4c
80007362:	7165                	.insn	2, 0x7165
80007364:	58c2                	.insn	2, 0x58c2
80007366:	4c11                	.insn	2, 0x4c11
80007368:	d711                	.insn	2, 0xd711
8000736a:	dc48778b          	.insn	4, 0xdc48778b
8000736e:	253a                	.insn	2, 0x253a
80007370:	3b66                	.insn	2, 0x3b66
80007372:	7dac                	.insn	2, 0x7dac
80007374:	dd6a                	.insn	2, 0xdd6a
80007376:	c9d6745b          	.insn	4, 0xc9d6745b
8000737a:	397a                	.insn	2, 0x397a
8000737c:	d378                	.insn	2, 0xd378
8000737e:	45cc                	.insn	2, 0x45cc
80007380:	7ec6e397          	auipc	t2,0x7ec6e
80007384:	8964                	.insn	2, 0x8964
80007386:	306a                	.insn	2, 0x306a
80007388:	895f 0679 56ec      	.insn	6, 0x56ec0679895f
8000738e:	3a74                	.insn	2, 0x3a74
80007390:	bc82                	.insn	2, 0xbc82
80007392:	2a95                	.insn	2, 0x2a95
80007394:	6413036f          	jal	t1,800381d4 <__global_pointer$+0x2fca0>
80007398:	e670                	.insn	2, 0xe670
8000739a:	7359                	.insn	2, 0x7359
8000739c:	0e1e124f          	.insn	4, 0x0e1e124f
800073a0:	d285                	.insn	2, 0xd285
800073a2:	156e5bdb          	.insn	4, 0x156e5bdb
800073a6:	3f8a                	.insn	2, 0x3f8a
800073a8:	7672                	.insn	2, 0x7672
800073aa:	5fd2                	.insn	2, 0x5fd2
800073ac:	5fea                	.insn	2, 0x5fea
800073ae:	429272d7          	.insn	4, 0x429272d7
800073b2:	79cd38eb          	.insn	4, 0x79cd38eb
800073b6:	675a                	.insn	2, 0x675a
800073b8:	4595                	.insn	2, 0x4595
800073ba:	00d9                	.insn	2, 0x00d9
800073bc:	ad26                	.insn	2, 0xad26
800073be:	59ce                	.insn	2, 0x59ce
800073c0:	9e1e                	.insn	2, 0x9e1e
800073c2:	328d                	.insn	2, 0x328d
800073c4:	d58c                	.insn	2, 0xd58c
800073c6:	463a                	.insn	2, 0x463a
800073c8:	490d                	.insn	2, 0x490d
800073ca:	249c                	.insn	2, 0x249c
800073cc:	6ca0                	.insn	2, 0x6ca0
800073ce:	5c312b9b          	.insn	4, 0x5c312b9b
800073d2:	5a21                	.insn	2, 0x5a21
800073d4:	08ea                	.insn	2, 0x08ea
800073d6:	03c5                	.insn	2, 0x03c5
800073d8:	737c                	.insn	2, 0x737c
800073da:	cfe139bf 099e6a54 	.insn	8, 0x099e6a54cfe139bf
800073e2:	539c                	.insn	2, 0x539c
800073e4:	a0ae                	.insn	2, 0xa0ae
800073e6:	50c9                	.insn	2, 0x50c9
800073e8:	62e46d6f          	jal	s10,8004da16 <__global_pointer$+0x454e2>
800073ec:	22c2                	.insn	2, 0x22c2
800073ee:	45f8                	.insn	2, 0x45f8
800073f0:	0a4d                	.insn	2, 0x0a4d
800073f2:	3e2a                	.insn	2, 0x3e2a
800073f4:	d214                	.insn	2, 0xd214
800073f6:	4e9c                	.insn	2, 0x4e9c
800073f8:	1402                	.insn	2, 0x1402
800073fa:	447e                	.insn	2, 0x447e
800073fc:	7c93425b          	.insn	4, 0x7c93425b
80007400:	ddb4                	.insn	2, 0xddb4
80007402:	479f 0b53 0ee7      	.insn	6, 0x0ee70b53479f
80007408:	ffa0                	.insn	2, 0xffa0
8000740a:	3db1                	.insn	2, 0x3db1
8000740c:	49a5                	.insn	2, 0x49a5
8000740e:	2835                	.insn	2, 0x2835
80007410:	f865                	.insn	2, 0xf865
80007412:	40fd                	.insn	2, 0x40fd
80007414:	73d9c2c7          	.insn	4, 0x73d9c2c7
80007418:	74e5                	.insn	2, 0x74e5
8000741a:	37ac                	.insn	2, 0x37ac
8000741c:	7c6f2dab          	.insn	4, 0x7c6f2dab
80007420:	64c0                	.insn	2, 0x64c0
80007422:	cec02c07          	.insn	4, 0xcec02c07
80007426:	4dc9                	.insn	2, 0x4dc9
80007428:	41a4                	.insn	2, 0x41a4
8000742a:	a371056f          	jal	a0,7ff17e60 <buflen.1+0x7ff17e20>
8000742e:	7cc865cf          	.insn	4, 0x7cc865cf
80007432:	647c                	.insn	2, 0x647c
80007434:	15bb2fe7          	.insn	4, 0x15bb2fe7
80007438:	6eea2803          	lw	a6,1774(s4) # 53454684 <buflen.1+0x53454644>
8000743c:	4961                	.insn	2, 0x4961
8000743e:	72e1                	.insn	2, 0x72e1
80007440:	360e2f13          	slti	t5,t3,864
80007444:	40fed847          	.insn	4, 0x40fed847
80007448:	99c5                	.insn	2, 0x99c5
8000744a:	ae6e3533          	.insn	4, 0xae6e3533
8000744e:	60db7567          	.insn	4, 0x60db7567
80007452:	98ff6fb3          	.insn	4, 0x98ff6fb3
80007456:	3741                	.insn	2, 0x3741
80007458:	a5a0                	.insn	2, 0xa5a0
8000745a:	4522                	.insn	2, 0x4522
8000745c:	70c8                	.insn	2, 0x70c8
8000745e:	1f332b87          	.insn	4, 0x1f332b87
80007462:	14d1                	.insn	2, 0x14d1
80007464:	12f40083          	lb	ra,303(s0)
80007468:	18cd                	.insn	2, 0x18cd
8000746a:	4e3b0d77          	.insn	4, 0x4e3b0d77
8000746e:	71531ccf          	.insn	4, 0x71531ccf
80007472:	938a3dbf f69e0e65 	.insn	8, 0xf69e0e65938a3dbf
8000747a:	4c4a                	.insn	2, 0x4c4a
8000747c:	4a5ba023          	sw	t0,1184(s7) # eeb264a0 <__global_pointer$+0x6eb1df6c>
80007480:	be14                	.insn	2, 0xbe14
80007482:	6a980ebf 88496aea 	.insn	8, 0x88496aea6a980ebf
8000748a:	2cd8                	.insn	2, 0x2cd8
8000748c:	112b5d0f          	.insn	4, 0x112b5d0f
80007490:	d676                	.insn	2, 0xd676
80007492:	7b96                	.insn	2, 0x7b96
80007494:	7988de27          	.insn	4, 0x7988de27
80007498:	24d266c3          	.insn	4, 0x24d266c3
8000749c:	59f1                	.insn	2, 0x59f1
8000749e:	19d5                	.insn	2, 0x19d5
800074a0:	d75f 1dcb 8b75      	.insn	6, 0x8b751dcbd75f
800074a6:	3e9d                	.insn	2, 0x3e9d
800074a8:	13bf00c7          	.insn	4, 0x13bf00c7
800074ac:	24ff 32be 345f 4d2e 	.insn	14, 0x3ef5663e9be54d2e345f32be24ff
800074b4:	9be5 663e 3ef5 
800074ba:	451f 742a 3d5a      	.insn	6, 0x3d5a742a451f
800074c0:	5dae                	.insn	2, 0x5dae
800074c2:	78d8                	.insn	2, 0x78d8
800074c4:	628bd913          	.insn	4, 0x628bd913
800074c8:	6fc00817          	auipc	a6,0x6fc00
800074cc:	c139                	.insn	2, 0xc139
800074ce:	9338498f          	.insn	4, 0x9338498f
800074d2:	0f89                	.insn	2, 0x0f89
800074d4:	3e27b777          	.insn	4, 0x3e27b777
800074d8:	8780                	.insn	2, 0x8780
800074da:	5390                	.insn	2, 0x5390
800074dc:	4d81                	.insn	2, 0x4d81
800074de:	2b84                	.insn	2, 0x2b84
800074e0:	96cd                	.insn	2, 0x96cd
800074e2:	6808                	.insn	2, 0x6808
800074e4:	21b4                	.insn	2, 0x21b4
800074e6:	5c6e                	.insn	2, 0x5c6e
800074e8:	378e                	.insn	2, 0x378e
800074ea:	67435fd3          	.insn	4, 0x67435fd3
800074ee:	39c9                	.insn	2, 0x39c9
800074f0:	0f7c                	.insn	2, 0x0f7c
800074f2:	2e6a                	.insn	2, 0x2e6a
800074f4:	6e7e                	.insn	2, 0x6e7e
800074f6:	6940                	.insn	2, 0x6940
800074f8:	d24e                	.insn	2, 0xd24e
800074fa:	2b9d                	.insn	2, 0x2b9d
800074fc:	6aa2                	.insn	2, 0x6aa2
800074fe:	5f5e                	.insn	2, 0x5f5e
80007500:	8ffa                	.insn	2, 0x8ffa
80007502:	74b0                	.insn	2, 0x74b0
80007504:	000a8b27          	.insn	4, 0x000a8b27
80007508:	6a3e                	.insn	2, 0x6a3e
8000750a:	1a7c                	.insn	2, 0x1a7c
8000750c:	4c38983f 4969523d 	.insn	8, 0x4969523d4c38983f
80007514:	04c5                	.insn	2, 0x04c5
80007516:	239c                	.insn	2, 0x239c
80007518:	0d2d                	.insn	2, 0x0d2d
8000751a:	40ce                	.insn	2, 0x40ce
8000751c:	0f637b73          	csrrci	s6,0xf6,6
80007520:	da26                	.insn	2, 0xda26
80007522:	3a007cc7          	.insn	4, 0x3a007cc7
80007526:	5730                	.insn	2, 0x5730
80007528:	7b35733f 610f3a28 	.insn	8, 0x610f3a287b35733f
80007530:	2d73d15b          	.insn	4, 0x2d73d15b
80007534:	9f7d                	.insn	2, 0x9f7d
80007536:	5c0d472b          	.insn	4, 0x5c0d472b
8000753a:	505e                	.insn	2, 0x505e
8000753c:	c854                	.insn	2, 0xc854
8000753e:	6c9d                	.insn	2, 0x6c9d
80007540:	8e32                	.insn	2, 0x8e32
80007542:	6cdf a0e2 4248      	.insn	6, 0x4248a0e26cdf
80007548:	5be8                	.insn	2, 0x5be8
8000754a:	7c80                	.insn	2, 0x7c80
8000754c:	9914                	.insn	2, 0x9914
8000754e:	3095                	.insn	2, 0x3095
80007550:	d7c8                	.insn	2, 0xd7c8
80007552:	74b2                	.insn	2, 0x74b2
80007554:	4885                	.insn	2, 0x4885
80007556:	40cd                	.insn	2, 0x40cd
80007558:	3491fb3f 73f00760 	.insn	8, 0x73f007603491fb3f
80007560:	9932                	.insn	2, 0x9932
80007562:	62bc                	.insn	2, 0x62bc
80007564:	1f8b77b7          	lui	a5,0x1f8b7
80007568:	082b2a17          	auipc	s4,0x82b2
8000756c:	5071                	.insn	2, 0x5071
8000756e:	55cb1f23          	sh	t3,1374(s6)
80007572:	19a67017          	auipc	zero,0x19a67
80007576:	3280                	.insn	2, 0x3280
80007578:	29b6                	.insn	2, 0x29b6
8000757a:	32c4                	.insn	2, 0x32c4
8000757c:	99ac                	.insn	2, 0x99ac
8000757e:	50ad372b          	.insn	4, 0x50ad372b
80007582:	5af33dd7          	.insn	4, 0x5af33dd7
80007586:	1b82                	.insn	2, 0x1b82
80007588:	2e64                	.insn	2, 0x2e64
8000758a:	4f6e                	.insn	2, 0x4f6e
8000758c:	1c49                	.insn	2, 0x1c49
8000758e:	1f54                	.insn	2, 0x1f54
80007590:	52d6793b          	.insn	4, 0x52d6793b
80007594:	8fd1                	.insn	2, 0x8fd1
80007596:	433a                	.insn	2, 0x433a
80007598:	1b49                	.insn	2, 0x1b49
8000759a:	4775                	.insn	2, 0x4775
8000759c:	3085                	.insn	2, 0x3085
8000759e:	3339                	.insn	2, 0x3339
800075a0:	4eda                	.insn	2, 0x4eda
800075a2:	2a21                	.insn	2, 0x2a21
800075a4:	12d6                	.insn	2, 0x12d6
800075a6:	1629                	.insn	2, 0x1629
800075a8:	da71                	.insn	2, 0xda71
800075aa:	08ad                	.insn	2, 0x08ad
800075ac:	9280                	.insn	2, 0x9280
800075ae:	270d                	.insn	2, 0x270d
800075b0:	71490dbf 4f800661 	.insn	8, 0x4f80066171490dbf
800075b8:	41aaf2ef          	jal	t0,800b69d2 <__global_pointer$+0xae49e>
800075bc:	dab4                	.insn	2, 0xdab4
800075be:	4c38                	.insn	2, 0x4c38
800075c0:	7c9296e3          	bne	t0,s1,8000858c <__global_pointer$+0x58>
800075c4:	82a8                	.insn	2, 0x82a8
800075c6:	1f1d4497          	auipc	s1,0x1f1d4
800075ca:	00c9                	.insn	2, 0x00c9
800075cc:	c412                	.insn	2, 0xc412
800075ce:	598a                	.insn	2, 0x598a
800075d0:	a514                	.insn	2, 0xa514
800075d2:	41be                	.insn	2, 0x41be
800075d4:	5a5e                	.insn	2, 0x5a5e
800075d6:	1472                	.insn	2, 0x1472
800075d8:	c500                	.insn	2, 0xc500
800075da:	711f 79bb 601e      	.insn	6, 0x601e79bb711f
800075e0:	0125                	.insn	2, 0x0125
800075e2:	481f 3ffd 67c2      	.insn	6, 0x67c23ffd481f
800075e8:	52ca                	.insn	2, 0x52ca
800075ea:	61fd                	.insn	2, 0x61fd
800075ec:	c658                	.insn	2, 0xc658
800075ee:	3a42                	.insn	2, 0x3a42
800075f0:	8746                	.insn	2, 0x8746
800075f2:	2ef5                	.insn	2, 0x2ef5
800075f4:	b5b6                	.insn	2, 0xb5b6
800075f6:	09bc                	.insn	2, 0x09bc
800075f8:	a17a                	.insn	2, 0xa17a
800075fa:	40d5                	.insn	2, 0x40d5
800075fc:	9f16                	.insn	2, 0x9f16
800075fe:	ef6e0bef          	jal	s7,7ffe7cf4 <buflen.1+0x7ffe7cb4>
80007602:	64d4                	.insn	2, 0x64d4
80007604:	d1f1                	.insn	2, 0xd1f1
80007606:	157e                	.insn	2, 0x157e
80007608:	9f9f 6a88 2442      	.insn	6, 0x24426a889f9f
8000760e:	021f 6af4 3108      	.insn	6, 0x31086af4021f
80007614:	8282                	.insn	2, 0x8282
80007616:	6d54                	.insn	2, 0x6d54
80007618:	a63a                	.insn	2, 0xa63a
8000761a:	51c9                	.insn	2, 0x51c9
8000761c:	d17c                	.insn	2, 0xd17c
8000761e:	493e3f67          	.insn	4, 0x493e3f67
80007622:	3a06                	.insn	2, 0x3a06
80007624:	2998986b          	.insn	4, 0x2998986b
80007628:	f9c1                	.insn	2, 0xf9c1
8000762a:	379b0953          	.insn	4, 0x379b0953
8000762e:	f5910a17          	auipc	s4,0xf5910
80007632:	0ac2                	.insn	2, 0x0ac2
80007634:	8648                	.insn	2, 0x8648
80007636:	06ad                	.insn	2, 0x06ad
80007638:	079f193f 0e683a1d 	.insn	8, 0x0e683a1d079f193f
80007640:	c005                	.insn	2, 0xc005
80007642:	777c                	.insn	2, 0x777c
80007644:	01635b5b          	.insn	4, 0x01635b5b
80007648:	770d9d97          	auipc	s11,0x770d9
8000764c:	6a49                	.insn	2, 0x6a49
8000764e:	2be5                	.insn	2, 0x2be5
80007650:	039c                	.insn	2, 0x039c
80007652:	766e                	.insn	2, 0x766e
80007654:	2534                	.insn	2, 0x2534
80007656:	5d9e                	.insn	2, 0x5d9e
80007658:	8ae9                	.insn	2, 0x8ae9
8000765a:	b9e37b3b          	.insn	4, 0xb9e37b3b
8000765e:	5b6b5737          	lui	a4,0x5b6b5
80007662:	08da                	.insn	2, 0x08da
80007664:	81fd                	.insn	2, 0x81fd
80007666:	24d8                	.insn	2, 0x24d8
80007668:	160e                	.insn	2, 0x160e
8000766a:	663d                	.insn	2, 0x663d
8000766c:	7b2b5f8b          	.insn	4, 0x7b2b5f8b
80007670:	b8ee                	.insn	2, 0xb8ee
80007672:	7e44                	.insn	2, 0x7e44
80007674:	cd60                	.insn	2, 0xcd60
80007676:	0bd0                	.insn	2, 0x0bd0
80007678:	003e                	.insn	2, 0x003e
8000767a:	6d6d                	.insn	2, 0x6d6d
8000767c:	503866b3          	.insn	4, 0x503866b3
80007680:	4d82                	.insn	2, 0x4d82
80007682:	f2147167          	.insn	4, 0xf2147167
80007686:	cad274eb          	.insn	4, 0xcad274eb
8000768a:	4cf9                	.insn	2, 0x4cf9
8000768c:	4efa053b          	.insn	4, 0x4efa053b
80007690:	58ee                	.insn	2, 0x58ee
80007692:	8a0b31e3          	.insn	4, 0x8a0b31e3
80007696:	25246e3f 70ab1dd3 	.insn	8, 0x70ab1dd325246e3f
8000769e:	0f155f57          	.insn	4, 0x0f155f57
800076a2:	65ae                	.insn	2, 0x65ae
800076a4:	9731                	.insn	2, 0x9731
800076a6:	5f65                	.insn	2, 0x5f65
800076a8:	1692                	.insn	2, 0x1692
800076aa:	170d                	.insn	2, 0x170d
800076ac:	8d0c                	.insn	2, 0x8d0c
800076ae:	3d52                	.insn	2, 0x3d52
800076b0:	e6d2                	.insn	2, 0xe6d2
800076b2:	6320                	.insn	2, 0x6320
800076b4:	4ed6bee3          	.insn	4, 0x4ed6bee3
800076b8:	86a0                	.insn	2, 0x86a0
800076ba:	5864                	.insn	2, 0x5864
800076bc:	411c6f63          	bltu	s8,a7,80007ada <input_data+0x1da6>
800076c0:	c3dd                	.insn	2, 0xc3dd
800076c2:	6366                	.insn	2, 0x6366
800076c4:	91ec                	.insn	2, 0x91ec
800076c6:	752c                	.insn	2, 0x752c
800076c8:	e53c                	.insn	2, 0xe53c
800076ca:	3f68                	.insn	2, 0x3f68
800076cc:	67d54dcb          	.insn	4, 0x67d54dcb
800076d0:	8de8                	.insn	2, 0x8de8
800076d2:	11e4                	.insn	2, 0x11e4
800076d4:	0b3d                	.insn	2, 0x0b3d
800076d6:	24fc                	.insn	2, 0x24fc
800076d8:	d51d                	.insn	2, 0xd51d
800076da:	1e08                	.insn	2, 0x1e08
800076dc:	172d                	.insn	2, 0x172d
800076de:	7cdd                	.insn	2, 0x7cdd
800076e0:	3752e6c7          	.insn	4, 0x3752e6c7
800076e4:	0f29                	.insn	2, 0x0f29
800076e6:	1091                	.insn	2, 0x1091
800076e8:	da45                	.insn	2, 0xda45
800076ea:	8c9f63fb          	.insn	4, 0x8c9f63fb
800076ee:	d1cb4a73          	.insn	4, 0xd1cb4a73
800076f2:	55582fa7          	.insn	4, 0x55582fa7
800076f6:	4656                	.insn	2, 0x4656
800076f8:	02e12ea7          	.insn	4, 0x02e12ea7
800076fc:	6f3a5657          	.insn	4, 0x6f3a5657
80007700:	53ca3e2f          	.insn	4, 0x53ca3e2f
80007704:	c751                	.insn	2, 0xc751
80007706:	7dc1                	.insn	2, 0x7dc1
80007708:	fee2                	.insn	2, 0xfee2
8000770a:	2e4b5f0b          	.insn	4, 0x2e4b5f0b
8000770e:	2299                	.insn	2, 0x2299
80007710:	86aa                	.insn	2, 0x86aa
80007712:	6876                	.insn	2, 0x6876
80007714:	fda0                	.insn	2, 0xfda0
80007716:	712a4fd3          	.insn	4, 0x712a4fd3
8000771a:	da6636f7          	.insn	4, 0xda6636f7
8000771e:	182653ab          	.insn	4, 0x182653ab
80007722:	11da                	.insn	2, 0x11da
80007724:	259f 503a f848      	.insn	6, 0xf848503a259f
8000772a:	4d60                	.insn	2, 0x4d60
8000772c:	5068                	.insn	2, 0x5068
8000772e:	91897ee3          	bgeu	s2,s8,8000704a <input_data+0x1316>
80007732:	285d                	.insn	2, 0x285d
80007734:	318c39e7          	.insn	4, 0x318c39e7
80007738:	94b8                	.insn	2, 0x94b8
8000773a:	2c2d                	.insn	2, 0x2c2d
8000773c:	297efd5b          	.insn	4, 0x297efd5b
80007740:	ceae                	.insn	2, 0xceae
80007742:	175271f7          	.insn	4, 0x175271f7
80007746:	3c96                	.insn	2, 0x3c96
80007748:	c5f0                	.insn	2, 0xc5f0
8000774a:	28a6                	.insn	2, 0x28a6
8000774c:	caae                	.insn	2, 0xcaae
8000774e:	1518                	.insn	2, 0x1518
80007750:	7078                	.insn	2, 0x7078
80007752:	2159                	.insn	2, 0x2159
80007754:	98ac                	.insn	2, 0x98ac
80007756:	1eb8                	.insn	2, 0x1eb8
80007758:	0dc0                	.insn	2, 0x0dc0
8000775a:	6e66                	.insn	2, 0x6e66
8000775c:	184e1aef          	jal	s5,800e88e0 <__global_pointer$+0xe03ac>
80007760:	93fd                	.insn	2, 0x93fd
80007762:	82f53067          	.insn	4, 0x82f53067
80007766:	6ed8                	.insn	2, 0x6ed8
80007768:	07d4                	.insn	2, 0x07d4
8000776a:	4192                	.insn	2, 0x4192
8000776c:	9829                	.insn	2, 0x9829
8000776e:	1db9                	.insn	2, 0x1db9
80007770:	8add                	.insn	2, 0x8add
80007772:	26f5                	.insn	2, 0x26f5
80007774:	ac55                	.insn	2, 0xac55
80007776:	37572da3          	sw	s5,891(a4) # 5b6b537b <buflen.1+0x5b6b533b>
8000777a:	08fe                	.insn	2, 0x08fe
8000777c:	4dd8                	.insn	2, 0x4dd8
8000777e:	1395                	.insn	2, 0x1395
80007780:	86b6                	.insn	2, 0x86b6
80007782:	0498                	.insn	2, 0x0498
80007784:	679c                	.insn	2, 0x679c
80007786:	69d1                	.insn	2, 0x69d1
80007788:	ccb2                	.insn	2, 0xccb2
8000778a:	6d6e                	.insn	2, 0x6d6e
8000778c:	2885                	.insn	2, 0x2885
8000778e:	2a1a                	.insn	2, 0x2a1a
80007790:	49b0                	.insn	2, 0x49b0
80007792:	49ed                	.insn	2, 0x49ed
80007794:	de75                	.insn	2, 0xde75
80007796:	3209                	.insn	2, 0x3209
80007798:	c572                	.insn	2, 0xc572
8000779a:	95023ed3          	.insn	4, 0x95023ed3
8000779e:	6ca9                	.insn	2, 0x6ca9
800077a0:	29d70e33          	.insn	4, 0x29d70e33
800077a4:	a428                	.insn	2, 0xa428
800077a6:	04f0                	.insn	2, 0x04f0
800077a8:	e848                	.insn	2, 0xe848
800077aa:	26e2                	.insn	2, 0x26e2
800077ac:	9944                	.insn	2, 0x9944
800077ae:	339f f7b8 373f      	.insn	6, 0x373ff7b8339f
800077b4:	6b08                	.insn	2, 0x6b08
800077b6:	4f09                	.insn	2, 0x4f09
800077b8:	3f29                	.insn	2, 0x3f29
800077ba:	682e                	.insn	2, 0x682e
800077bc:	60d8                	.insn	2, 0x60d8
800077be:	7ebd45f7          	.insn	4, 0x7ebd45f7
800077c2:	5ad6                	.insn	2, 0x5ad6
800077c4:	6680                	.insn	2, 0x6680
800077c6:	1a72                	.insn	2, 0x1a72
800077c8:	d196                	.insn	2, 0xd196
800077ca:	31cc                	.insn	2, 0x31cc
800077cc:	d704                	.insn	2, 0xd704
800077ce:	0051                	.insn	2, 0x0051
800077d0:	69d2                	.insn	2, 0x69d2
800077d2:	7b48                	.insn	2, 0x7b48
800077d4:	83b4                	.insn	2, 0x83b4
800077d6:	645e                	.insn	2, 0x645e
800077d8:	80f5                	.insn	2, 0x80f5
800077da:	7c05                	.insn	2, 0x7c05
800077dc:	887a                	.insn	2, 0x887a
800077de:	720d                	.insn	2, 0x720d
800077e0:	05d1                	.insn	2, 0x05d1
800077e2:	42d638b3          	.insn	4, 0x42d638b3
800077e6:	6872                	.insn	2, 0x6872
800077e8:	091f 0648 a6bb      	.insn	6, 0xa6bb0648091f
800077ee:	6a98                	.insn	2, 0x6a98
800077f0:	6f2a                	.insn	2, 0x6f2a
800077f2:	6a89                	.insn	2, 0x6a89
800077f4:	9b08                	.insn	2, 0x9b08
800077f6:	5548                	.insn	2, 0x5548
800077f8:	46f4                	.insn	2, 0x46f4
800077fa:	203e                	.insn	2, 0x203e
800077fc:	3499a707          	.insn	4, 0x3499a707
80007800:	de5d                	.insn	2, 0xde5d
80007802:	292c                	.insn	2, 0x292c
80007804:	f2ea                	.insn	2, 0xf2ea
80007806:	0c11                	.insn	2, 0x0c11
80007808:	5f000727          	.insn	4, 0x5f000727
8000780c:	96fd                	.insn	2, 0x96fd
8000780e:	1f98                	.insn	2, 0x1f98
80007810:	0981                	.insn	2, 0x0981
80007812:	1700                	.insn	2, 0x1700
80007814:	3615d7bf 1695bf1f 	.insn	8, 0x1695bf1f3615d7bf
8000781c:	1b1ae0d3          	.insn	4, 0x1b1ae0d3
80007820:	cd00                	.insn	2, 0xcd00
80007822:	0efd                	.insn	2, 0x0efd
80007824:	5680bd3f 431ab1f5 	.insn	8, 0x431ab1f55680bd3f
8000782c:	d932                	.insn	2, 0xd932
8000782e:	0144                	.insn	2, 0x0144
80007830:	6d64                	.insn	2, 0x6d64
80007832:	61ec                	.insn	2, 0x61ec
80007834:	2ff1affb          	.insn	4, 0x2ff1affb
80007838:	2399                	.insn	2, 0x2399
8000783a:	7a15                	.insn	2, 0x7a15
8000783c:	10ae                	.insn	2, 0x10ae
8000783e:	36b0                	.insn	2, 0x36b0
80007840:	e44c                	.insn	2, 0xe44c
80007842:	5a49                	.insn	2, 0x5a49
80007844:	8469                	.insn	2, 0x8469
80007846:	0850                	.insn	2, 0x0850
80007848:	5c12                	.insn	2, 0x5c12
8000784a:	02e24423          	.insn	4, 0x02e24423
8000784e:	ca7a06db          	.insn	4, 0xca7a06db
80007852:	6722                	.insn	2, 0x6722
80007854:	6133ac8b          	.insn	4, 0x6133ac8b
80007858:	03065ce3          	bge	a2,a6,80008090 <_tbss_end+0x2cc>
8000785c:	5d24                	.insn	2, 0x5d24
8000785e:	6806                	.insn	2, 0x6806
80007860:	4e4c9107          	.insn	4, 0x4e4c9107
80007864:	7e40                	.insn	2, 0x7e40
80007866:	4025                	.insn	2, 0x4025
80007868:	4a88                	.insn	2, 0x4a88
8000786a:	6c7f b6ea 381d dbb7 	.insn	22, 0x2a0d35ba6d82ac1f2b0b54273014dbb7381db6ea6c7f
80007872:	3014 5427 2b0b ac1f 
8000787a:	6d82 35ba 2a0d 
80007880:	ee66                	.insn	2, 0xee66
80007882:	7c82                	.insn	2, 0x7c82
80007884:	932c                	.insn	2, 0x932c
80007886:	1e6d                	.insn	2, 0x1e6d
80007888:	c325                	.insn	2, 0xc325
8000788a:	0314                	.insn	2, 0x0314
8000788c:	36c6                	.insn	2, 0x36c6
8000788e:	3fa13543          	.insn	4, 0x3fa13543
80007892:	51e5                	.insn	2, 0x51e5
80007894:	3eb0                	.insn	2, 0x3eb0
80007896:	3c06                	.insn	2, 0x3c06
80007898:	5d55                	.insn	2, 0x5d55
8000789a:	28d4                	.insn	2, 0x28d4
8000789c:	57b4b82b          	.insn	4, 0x57b4b82b
800078a0:	6251                	.insn	2, 0x6251
800078a2:	5cb4                	.insn	2, 0x5cb4
800078a4:	6559                	.insn	2, 0x6559
800078a6:	486c                	.insn	2, 0x486c
800078a8:	a2b4                	.insn	2, 0xa2b4
800078aa:	54ed                	.insn	2, 0x54ed
800078ac:	272cdbc7          	.insn	4, 0x272cdbc7
800078b0:	9892                	.insn	2, 0x9892
800078b2:	52f5                	.insn	2, 0x52f5
800078b4:	398d5073          	csrwi	0x398,26
800078b8:	240481ab          	.insn	4, 0x240481ab
800078bc:	7db2                	.insn	2, 0x7db2
800078be:	81a24c9b          	.insn	4, 0x81a24c9b
800078c2:	145a                	.insn	2, 0x145a
800078c4:	0002                	.insn	2, 0x0002
800078c6:	1189                	.insn	2, 0x1189
800078c8:	7b4a                	.insn	2, 0x7b4a
800078ca:	25be                	.insn	2, 0x25be
800078cc:	711c785b          	.insn	4, 0x711c785b
800078d0:	74f4                	.insn	2, 0x74f4
800078d2:	7180                	.insn	2, 0x7180
800078d4:	1d65                	.insn	2, 0x1d65
800078d6:	3116                	.insn	2, 0x3116
800078d8:	b1aa                	.insn	2, 0xb1aa
800078da:	5e0d                	.insn	2, 0x5e0d
800078dc:	d041                	.insn	2, 0xd041
800078de:	7830                	.insn	2, 0x7830
800078e0:	3c64                	.insn	2, 0x3c64
800078e2:	6f09                	.insn	2, 0x6f09
800078e4:	226a2ea7          	.insn	4, 0x226a2ea7
800078e8:	3a76                	.insn	2, 0x3a76
800078ea:	a14b3c5b          	.insn	4, 0xa14b3c5b
800078ee:	0ebc                	.insn	2, 0x0ebc
800078f0:	ff86                	.insn	2, 0xff86
800078f2:	746525ef          	jal	a1,8005a038 <__global_pointer$+0x51b04>
800078f6:	7465                	.insn	2, 0x7465
800078f8:	d780                	.insn	2, 0xd780
800078fa:	564c                	.insn	2, 0x564c
800078fc:	47c4                	.insn	2, 0x47c4
800078fe:	0670                	.insn	2, 0x0670
80007900:	3c985217          	auipc	tp,0x3c985
80007904:	7a0e7c57          	.insn	4, 0x7a0e7c57
80007908:	578e                	.insn	2, 0x578e
8000790a:	3842                	.insn	2, 0x3842
8000790c:	def5                	.insn	2, 0xdef5
8000790e:	2ef0                	.insn	2, 0x2ef0
80007910:	7796                	.insn	2, 0x7796
80007912:	00c2                	.insn	2, 0x00c2
80007914:	127e                	.insn	2, 0x127e
80007916:	32e0                	.insn	2, 0x32e0
80007918:	0138                	.insn	2, 0x0138
8000791a:	13e9                	.insn	2, 0x13e9
8000791c:	cf61                	.insn	2, 0xcf61
8000791e:	0dea20fb          	.insn	4, 0x0dea20fb
80007922:	daea40ef          	jal	7ffabed0 <buflen.1+0x7ffabe90>
80007926:	1dac                	.insn	2, 0x1dac
80007928:	89e9                	.insn	2, 0x89e9
8000792a:	c6977987          	.insn	4, 0xc6977987
8000792e:	5582                	.insn	2, 0x5582
80007930:	4ced7143          	.insn	4, 0x4ced7143
80007934:	7e24                	.insn	2, 0x7e24
80007936:	0486                	.insn	2, 0x0486
80007938:	390b3b03          	.insn	4, 0x390b3b03
8000793c:	7ef912b7          	lui	t0,0x7ef91
80007940:	4b00                	.insn	2, 0x4b00
80007942:	f23d1c73          	csrrw	s8,0xf23,s10
80007946:	38ca                	.insn	2, 0x38ca
80007948:	071f 6487 fb86      	.insn	6, 0xfb866487071f
8000794e:	1b60                	.insn	2, 0x1b60
80007950:	ddc4                	.insn	2, 0xddc4
80007952:	2cd0                	.insn	2, 0x2cd0
80007954:	0a74                	.insn	2, 0x0a74
80007956:	31d9                	.insn	2, 0x31d9
80007958:	7171                	.insn	2, 0x7171
8000795a:	78df 5324 01b7      	.insn	6, 0x01b7532478df
80007960:	c0ac                	.insn	2, 0xc0ac
80007962:	133c                	.insn	2, 0x133c
80007964:	177e                	.insn	2, 0x177e
80007966:	4f96                	.insn	2, 0x4f96
80007968:	2eea494b          	.insn	4, 0x2eea494b
8000796c:	1870                	.insn	2, 0x1870
8000796e:	06c5                	.insn	2, 0x06c5
80007970:	db9c                	.insn	2, 0xdb9c
80007972:	38ea                	.insn	2, 0x38ea
80007974:	0276                	.insn	2, 0x0276
80007976:	4e81                	.insn	2, 0x4e81
80007978:	5bb8                	.insn	2, 0x5bb8
8000797a:	a4f94d77          	.insn	4, 0xa4f94d77
8000797e:	77c2                	.insn	2, 0x77c2
80007980:	5c4d96b3          	.insn	4, 0x5c4d96b3
80007984:	ec61                	.insn	2, 0xec61
80007986:	5d497a2b          	.insn	4, 0x5d497a2b
8000798a:	809e2ba7          	.insn	4, 0x809e2ba7
8000798e:	6a35                	.insn	2, 0x6a35
80007990:	4ee1                	.insn	2, 0x4ee1
80007992:	7c9d                	.insn	2, 0x7c9d
80007994:	fc5c                	.insn	2, 0xfc5c
80007996:	6dec3b3b          	.insn	4, 0x6dec3b3b
8000799a:	74c8                	.insn	2, 0x74c8
8000799c:	94c6                	.insn	2, 0x94c6
8000799e:	4fa9                	.insn	2, 0x4fa9
800079a0:	4190                	.insn	2, 0x4190
800079a2:	2931                	.insn	2, 0x2931
800079a4:	a664                	.insn	2, 0xa664
800079a6:	681f b8f7 37c3      	.insn	6, 0x37c3b8f7681f
800079ac:	1936                	.insn	2, 0x1936
800079ae:	42f8                	.insn	2, 0x42f8
800079b0:	417f 0676 54c2 5626 	.insn	18, 0xa6ab075a34930a1dd345562654c20676417f
800079b8:	d345 0a1d 3493 075a 
800079c0:	a6ab 
800079c2:	6182                	.insn	2, 0x6182
800079c4:	fe11                	.insn	2, 0xfe11
800079c6:	2828                	.insn	2, 0x2828
800079c8:	79c39977          	.insn	4, 0x79c39977
800079cc:	2d2aea73          	csrrsi	s4,0x2d2,21
800079d0:	0b6e                	.insn	2, 0x0b6e
800079d2:	1e8c                	.insn	2, 0x1e8c
800079d4:	d1ee                	.insn	2, 0xd1ee
800079d6:	0721                	.insn	2, 0x0721
800079d8:	705c                	.insn	2, 0x705c
800079da:	91200377          	.insn	4, 0x91200377
800079de:	88a17c9b          	.insn	4, 0x88a17c9b
800079e2:	1cfa                	.insn	2, 0x1cfa
800079e4:	c63a                	.insn	2, 0xc63a
800079e6:	6089                	.insn	2, 0x6089
800079e8:	19cee96b          	.insn	4, 0x19cee96b
800079ec:	a8ed                	.insn	2, 0xa8ed
800079ee:	42fc3557          	.insn	4, 0x42fc3557
800079f2:	169e                	.insn	2, 0x169e
800079f4:	6f0e                	.insn	2, 0x6f0e
800079f6:	70b5                	.insn	2, 0x70b5
800079f8:	ed6c                	.insn	2, 0xed6c
800079fa:	706e                	.insn	2, 0x706e
800079fc:	8f2e                	.insn	2, 0x8f2e
800079fe:	6ec8                	.insn	2, 0x6ec8
80007a00:	39c73b7f 49572b3c 	.insn	16, 0x14f726d670b4af3749572b3c39c73b7f
80007a08:	70b4af37 14f726d6 
80007a10:	7509                	.insn	2, 0x7509
80007a12:	0ccc                	.insn	2, 0x0ccc
80007a14:	4f7e                	.insn	2, 0x4f7e
80007a16:	c8955c63          	bge	a0,s1,80006eae <input_data+0x117a>
80007a1a:	30b0125b          	.insn	4, 0x30b0125b
80007a1e:	0191                	.insn	2, 0x0191
80007a20:	040ea107          	.insn	4, 0x040ea107
80007a24:	9a3e                	.insn	2, 0x9a3e
80007a26:	03435273          	csrrwi	tp,0x34,6
80007a2a:	6816                	.insn	2, 0x6816
80007a2c:	ad38                	.insn	2, 0xad38
80007a2e:	40f9                	.insn	2, 0x40f9
80007a30:	a545                	.insn	2, 0xa545
80007a32:	da0162d3          	.insn	4, 0xda0162d3
80007a36:	7c11                	.insn	2, 0x7c11
80007a38:	7015                	.insn	2, 0x7015
80007a3a:	4216438f          	.insn	4, 0x4216438f
80007a3e:	6ce86427          	.insn	4, 0x6ce86427
80007a42:	50713e9b          	.insn	4, 0x50713e9b
80007a46:	6ba6                	.insn	2, 0x6ba6
80007a48:	8e36                	.insn	2, 0x8e36
80007a4a:	6621                	.insn	2, 0x6621
80007a4c:	3d39                	.insn	2, 0x3d39
80007a4e:	1f09                	.insn	2, 0x1f09
80007a50:	9675                	.insn	2, 0x9675
80007a52:	fc0518e3          	bnez	a0,80007a22 <input_data+0x1cee>
80007a56:	50c4                	.insn	2, 0x50c4
80007a58:	648d                	.insn	2, 0x648d
80007a5a:	25a2                	.insn	2, 0x25a2
80007a5c:	6f8c                	.insn	2, 0x6f8c
80007a5e:	b10867db          	.insn	4, 0xb10867db
80007a62:	7bd6                	.insn	2, 0x7bd6
80007a64:	65dd924f          	.insn	4, 0x65dd924f
80007a68:	23688f3b          	.insn	4, 0x23688f3b
80007a6c:	b958                	.insn	2, 0xb958
80007a6e:	37da                	.insn	2, 0x37da
80007a70:	2c3cdaab          	.insn	4, 0x2c3cdaab
80007a74:	94e1                	.insn	2, 0x94e1
80007a76:	7184                	.insn	2, 0x7184
80007a78:	6341                	.insn	2, 0x6341
80007a7a:	c23634eb          	.insn	4, 0xc23634eb
80007a7e:	b1bf4ccf          	.insn	4, 0xb1bf4ccf
80007a82:	194e                	.insn	2, 0x194e
80007a84:	8add                	.insn	2, 0x8add
80007a86:	5948                	.insn	2, 0x5948
80007a88:	31766a3f 5282f6af 	.insn	8, 0x5282f6af31766a3f
80007a90:	ab91                	.insn	2, 0xab91
80007a92:	0ee8                	.insn	2, 0x0ee8
80007a94:	0919                	.insn	2, 0x0919
80007a96:	0bed                	.insn	2, 0x0bed
80007a98:	29599857          	.insn	4, 0x29599857
80007a9c:	8572                	.insn	2, 0x8572
80007a9e:	5b04                	.insn	2, 0x5b04
80007aa0:	0211                	.insn	2, 0x0211
80007aa2:	572c                	.insn	2, 0x572c
80007aa4:	d2ea                	.insn	2, 0xd2ea
80007aa6:	6495                	.insn	2, 0x6495
80007aa8:	be30                	.insn	2, 0xbe30
80007aaa:	b63144f3          	.insn	4, 0xb63144f3
80007aae:	0e64                	.insn	2, 0x0e64
80007ab0:	8a9e                	.insn	2, 0x8a9e
80007ab2:	fd9646fb          	.insn	4, 0xfd9646fb
80007ab6:	4a86                	.insn	2, 0x4a86
80007ab8:	d916                	.insn	2, 0xd916
80007aba:	7b0a                	.insn	2, 0x7b0a
80007abc:	9418                	.insn	2, 0x9418
80007abe:	01a4                	.insn	2, 0x01a4
80007ac0:	e7fa                	.insn	2, 0xe7fa
80007ac2:	7015                	.insn	2, 0x7015
80007ac4:	a050                	.insn	2, 0xa050
80007ac6:	03407643          	.insn	4, 0x03407643
80007aca:	063e                	.insn	2, 0x063e
80007acc:	85ea                	.insn	2, 0x85ea
80007ace:	4eec                	.insn	2, 0x4eec
80007ad0:	a95e                	.insn	2, 0xa95e
80007ad2:	3aef40f3          	.insn	4, 0x3aef40f3
80007ad6:	e62853a3          	.insn	4, 0xe62853a3
80007ada:	7316                	.insn	2, 0x7316
80007adc:	2e160dbb          	.insn	4, 0x2e160dbb
80007ae0:	452708a7          	.insn	4, 0x452708a7
80007ae4:	9d30                	.insn	2, 0x9d30
80007ae6:	218e                	.insn	2, 0x218e
80007ae8:	b11e                	.insn	2, 0xb11e
80007aea:	3f7c                	.insn	2, 0x3f7c
80007aec:	8a44                	.insn	2, 0x8a44
80007aee:	19ad1def          	jal	s11,800d8c88 <__global_pointer$+0xd0754>
80007af2:	61e4                	.insn	2, 0x61e4
80007af4:	b8a4                	.insn	2, 0xb8a4
80007af6:	b5d94e17          	auipc	t3,0xb5d94
80007afa:	6728                	.insn	2, 0x6728
80007afc:	73e6                	.insn	2, 0x73e6
80007afe:	57f4                	.insn	2, 0x57f4
80007b00:	5cb5                	.insn	2, 0x5cb5
80007b02:	673824b3          	.insn	4, 0x673824b3
80007b06:	452c                	.insn	2, 0x452c
80007b08:	375ced43          	.insn	4, 0x375ced43
80007b0c:	2f3e                	.insn	2, 0x2f3e
80007b0e:	0f22                	.insn	2, 0x0f22
80007b10:	c5fc                	.insn	2, 0xc5fc
80007b12:	6b3d                	.insn	2, 0x6b3d
80007b14:	d05f 47da c656      	.insn	6, 0xc65647dad05f
80007b1a:	189e                	.insn	2, 0x189e
80007b1c:	2f60                	.insn	2, 0x2f60
80007b1e:	5eb9                	.insn	2, 0x5eb9
80007b20:	69c06c73          	csrrsi	s8,0x69c,0
80007b24:	b6de                	.insn	2, 0xb6de
80007b26:	029e                	.insn	2, 0x029e
80007b28:	63bcc123          	.insn	4, 0x63bcc123
80007b2c:	c1b4                	.insn	2, 0xc1b4
80007b2e:	318b28bb          	.insn	4, 0x318b28bb
80007b32:	99334b27          	.insn	4, 0x99334b27
80007b36:	7d19                	.insn	2, 0x7d19
80007b38:	2e0b77ef          	jal	a5,800bee18 <__global_pointer$+0xb68e4>
80007b3c:	49777d6b          	.insn	4, 0x49777d6b
80007b40:	d426                	.insn	2, 0xd426
80007b42:	2d30                	.insn	2, 0x2d30
80007b44:	318c2ea3          	sw	s8,797(s8)
80007b48:	5faed877          	.insn	4, 0x5faed877
80007b4c:	f09c                	.insn	2, 0xf09c
80007b4e:	00ad62fb          	.insn	4, 0x00ad62fb
80007b52:	0174                	.insn	2, 0x0174
80007b54:	6adf 5506 6f54      	.insn	6, 0x6f5455066adf
80007b5a:	600e                	.insn	2, 0x600e
80007b5c:	c4ff 40b0 1040 00c4 	.insn	18, 0x3644345fc77a1b2bd25200c4104040b0c4ff
80007b64:	d252 1b2b c77a 345f 
80007b6c:	3644 
80007b6e:	490671e7          	.insn	4, 0x490671e7
80007b72:	526d                	.insn	2, 0x526d
80007b74:	8909                	.insn	2, 0x8909
80007b76:	743c                	.insn	2, 0x743c
80007b78:	ffda                	.insn	2, 0xffda
80007b7a:	389f 5411 35e6      	.insn	6, 0x35e65411389f
80007b80:	91a6                	.insn	2, 0x91a6
80007b82:	26402f2b          	.insn	4, 0x26402f2b
80007b86:	5e70                	.insn	2, 0x5e70
80007b88:	d928                	.insn	2, 0xd928
80007b8a:	0c85                	.insn	2, 0x0c85
80007b8c:	422f2997          	auipc	s3,0x422f2
80007b90:	a9d0                	.insn	2, 0xa9d0
80007b92:	f68615bb          	.insn	4, 0xf68615bb
80007b96:	0335                	.insn	2, 0x0335
80007b98:	9db6                	.insn	2, 0x9db6
80007b9a:	84d02e07          	.insn	4, 0x84d02e07
80007b9e:	1c2d                	.insn	2, 0x1c2d
80007ba0:	19f2                	.insn	2, 0x19f2
80007ba2:	4396                	.insn	2, 0x4396
80007ba4:	663ef68b          	.insn	4, 0x663ef68b
80007ba8:	657f 5624 b757 5bdb 	.insn	22, 0x4ae370d6584039f0708e08e42c115bdbb7575624657f
80007bb0:	2c11 08e4 708e 39f0 
80007bb8:	5840 70d6 4ae3 
80007bbe:	5fae58ab          	.insn	4, 0x5fae58ab
80007bc2:	2632                	.insn	2, 0x2632
80007bc4:	c65d                	.insn	2, 0xc65d
80007bc6:	57a2                	.insn	2, 0x57a2
80007bc8:	afc1                	.insn	2, 0xafc1
80007bca:	4361268b          	.insn	4, 0x4361268b
80007bce:	3aea                	.insn	2, 0x3aea
80007bd0:	eae5                	.insn	2, 0xeae5
80007bd2:	29e8                	.insn	2, 0x29e8
80007bd4:	9209                	.insn	2, 0x9209
80007bd6:	687e                	.insn	2, 0x687e
80007bd8:	5c32                	.insn	2, 0x5c32
80007bda:	765e                	.insn	2, 0x765e
80007bdc:	28ae                	.insn	2, 0x28ae
80007bde:	297c                	.insn	2, 0x297c
80007be0:	fa95                	.insn	2, 0xfa95
80007be2:	6a49                	.insn	2, 0x6a49
80007be4:	e729                	.insn	2, 0xe729
80007be6:	4e82                	.insn	2, 0x4e82
80007be8:	4cb0                	.insn	2, 0x4cb0
80007bea:	689e                	.insn	2, 0x689e
80007bec:	b1ee                	.insn	2, 0xb1ee
80007bee:	83ba1fb7          	lui	t6,0x83ba1
80007bf2:	3fbe                	.insn	2, 0x3fbe
80007bf4:	0ee21ec7          	.insn	4, 0x0ee21ec7
80007bf8:	1f407de7          	.insn	4, 0x1f407de7
80007bfc:	8c8c                	.insn	2, 0x8c8c
80007bfe:	2d2d                	.insn	2, 0x2d2d
80007c00:	97d6                	.insn	2, 0x97d6
80007c02:	7db5                	.insn	2, 0x7db5
80007c04:	37ea                	.insn	2, 0x37ea
80007c06:	10d0240f          	.insn	4, 0x10d0240f
80007c0a:	7585                	.insn	2, 0x7585
80007c0c:	58ce                	.insn	2, 0x58ce
80007c0e:	5eaa                	.insn	2, 0x5eaa
80007c10:	4e8e                	.insn	2, 0x4e8e
80007c12:	76c05b67          	.insn	4, 0x76c05b67
80007c16:	252c                	.insn	2, 0x252c
80007c18:	53c8cb9b          	.insn	4, 0x53c8cb9b
80007c1c:	748d9613          	.insn	4, 0x748d9613
80007c20:	7651                	.insn	2, 0x7651
80007c22:	8c68408b          	.insn	4, 0x8c68408b
80007c26:	52ac                	.insn	2, 0x52ac
80007c28:	86a9                	.insn	2, 0x86a9
80007c2a:	341a                	.insn	2, 0x341a
80007c2c:	d8ac                	.insn	2, 0xd8ac
80007c2e:	5030                	.insn	2, 0x5030
80007c30:	45a55e33          	.insn	4, 0x45a55e33
80007c34:	3159                	.insn	2, 0x3159
80007c36:	7782                	.insn	2, 0x7782
80007c38:	27b1                	.insn	2, 0x27b1
80007c3a:	43550df3          	.insn	4, 0x43550df3
80007c3e:	1c36                	.insn	2, 0x1c36
80007c40:	2ad8                	.insn	2, 0x2ad8
80007c42:	2709                	.insn	2, 0x2709
80007c44:	57cebc73          	csrrc	s8,0x57c,t4
80007c48:	ed02                	.insn	2, 0xed02
80007c4a:	3b76                	.insn	2, 0x3b76
80007c4c:	2fcade4f          	.insn	4, 0x2fcade4f
80007c50:	7a54488b          	.insn	4, 0x7a54488b
80007c54:	e0a1                	.insn	2, 0xe0a1
80007c56:	703e                	.insn	2, 0x703e
80007c58:	eae8                	.insn	2, 0xeae8
80007c5a:	0b10                	.insn	2, 0x0b10
80007c5c:	52d9061b          	.insn	4, 0x52d9061b
80007c60:	ac6e                	.insn	2, 0xac6e
80007c62:	66d9                	.insn	2, 0x66d9
80007c64:	5b28                	.insn	2, 0x5b28
80007c66:	34cd                	.insn	2, 0x34cd
80007c68:	bd26                	.insn	2, 0xbd26
80007c6a:	3925                	.insn	2, 0x3925
80007c6c:	cbd4                	.insn	2, 0xcbd4
80007c6e:	7a70                	.insn	2, 0x7a70
80007c70:	b6cd                	.insn	2, 0xb6cd
80007c72:	fc8e039b          	.insn	4, 0xfc8e039b
80007c76:	5515                	.insn	2, 0x5515
80007c78:	45288ea3          	sb	s2,1117(a7)
80007c7c:	c129                	.insn	2, 0xc129
80007c7e:	a88b6cef          	jal	s9,7ffbdf06 <buflen.1+0x7ffbdec6>
80007c82:	53f8                	.insn	2, 0x53f8
80007c84:	1629                	.insn	2, 0x1629
80007c86:	6460                	.insn	2, 0x6460
80007c88:	b922                	.insn	2, 0xb922
80007c8a:	03ad                	.insn	2, 0x03ad
80007c8c:	324f49f7          	.insn	4, 0x324f49f7
80007c90:	bdbd                	.insn	2, 0xbdbd
80007c92:	f6433c4b          	.insn	4, 0xf6433c4b
80007c96:	5aad                	.insn	2, 0x5aad
80007c98:	5f29                	.insn	2, 0x5f29
80007c9a:	5e48                	.insn	2, 0x5e48
80007c9c:	2d7f 3618 1f55 7894 	.insn	14, 0x8204430fbce778941f5536182d7f
80007ca4:	bce7 430f 8204 
80007caa:	4e34                	.insn	2, 0x4e34
80007cac:	c149                	.insn	2, 0xc149
80007cae:	fdf6576b          	.insn	4, 0xfdf6576b
80007cb2:	734b39d3          	.insn	4, 0x734b39d3
80007cb6:	04d2                	.insn	2, 0x04d2
80007cb8:	35e2                	.insn	2, 0x35e2
80007cba:	5625                	.insn	2, 0x5625
80007cbc:	a794                	.insn	2, 0xa794
80007cbe:	13fe                	.insn	2, 0x13fe
80007cc0:	47e8                	.insn	2, 0x47e8
80007cc2:	1e6d                	.insn	2, 0x1e6d
80007cc4:	efda                	.insn	2, 0xefda
80007cc6:	0588                	.insn	2, 0x0588
80007cc8:	b61d                	.insn	2, 0xb61d
80007cca:	6226                	.insn	2, 0x6226
80007ccc:	bb78                	.insn	2, 0xbb78
80007cce:	6266                	.insn	2, 0x6266
80007cd0:	5b668c23          	sb	s6,1464(a3) # 20a315b8 <buflen.1+0x20a31578>
80007cd4:	b0dc                	.insn	2, 0xb0dc
80007cd6:	0ffa                	.insn	2, 0x0ffa
80007cd8:	347e3b97          	auipc	s7,0x347e3
80007cdc:	465d649b          	.insn	4, 0x465d649b
80007ce0:	bc8d                	.insn	2, 0xbc8d
80007ce2:	6f59                	.insn	2, 0x6f59
80007ce4:	685d77c3          	.insn	4, 0x685d77c3
80007ce8:	9740                	.insn	2, 0x9740
80007cea:	17ed                	.insn	2, 0x17ed
80007cec:	2c8c                	.insn	2, 0x2c8c
80007cee:	2031                	.insn	2, 0x2031
80007cf0:	a141                	.insn	2, 0xa141
80007cf2:	0f163cf7          	.insn	4, 0x0f163cf7
80007cf6:	1b81                	.insn	2, 0x1b81
80007cf8:	48deb2b3          	.insn	4, 0x48deb2b3
80007cfc:	1b350fbf 05a5ef07 	.insn	8, 0x05a5ef071b350fbf
80007d04:	44f2                	.insn	2, 0x44f2
80007d06:	4961                	.insn	2, 0x4961
80007d08:	3900                	.insn	2, 0x3900
80007d0a:	a4257fdb          	.insn	4, 0xa4257fdb
80007d0e:	7329                	.insn	2, 0x7329
80007d10:	12e0                	.insn	2, 0x12e0
80007d12:	c44211eb          	.insn	4, 0xc44211eb
80007d16:	7a88                	.insn	2, 0x7a88
80007d18:	c985                	.insn	2, 0xc985
80007d1a:	3a76                	.insn	2, 0x3a76
80007d1c:	4e03cf67          	.insn	4, 0x4e03cf67
80007d20:	e4c1                	.insn	2, 0xe4c1
80007d22:	3c39                	.insn	2, 0x3c39
80007d24:	167d                	.insn	2, 0x167d
80007d26:	5370                	.insn	2, 0x5370
80007d28:	36f5                	.insn	2, 0x36f5
80007d2a:	4896                	.insn	2, 0x4896
80007d2c:	66c0                	.insn	2, 0x66c0
80007d2e:	37b6                	.insn	2, 0x37b6
80007d30:	935e                	.insn	2, 0x935e
80007d32:	3460                	.insn	2, 0x3460
