
rsort.riscv:     file format elf32-littleriscv


Disassembly of section .text.init:

80000000 <_start>:
80000000:	00000093          	li	ra,0
80000004:	00000113          	li	sp,0
80000008:	00000193          	li	gp,0
8000000c:	00000213          	li	tp,0
80000010:	00000293          	li	t0,0
80000014:	00000313          	li	t1,0
80000018:	00000393          	li	t2,0
8000001c:	00000413          	li	s0,0
80000020:	00000493          	li	s1,0
80000024:	00000513          	li	a0,0
80000028:	00000593          	li	a1,0
8000002c:	00000613          	li	a2,0
80000030:	00000693          	li	a3,0
80000034:	00000713          	li	a4,0
80000038:	00000793          	li	a5,0
8000003c:	00000813          	li	a6,0
80000040:	00000893          	li	a7,0
80000044:	00000913          	li	s2,0
80000048:	00000993          	li	s3,0
8000004c:	00000a13          	li	s4,0
80000050:	00000a93          	li	s5,0
80000054:	00000b13          	li	s6,0
80000058:	00000b93          	li	s7,0
8000005c:	00000c13          	li	s8,0
80000060:	00000c93          	li	s9,0
80000064:	00000d13          	li	s10,0
80000068:	00000d93          	li	s11,0
8000006c:	00000e13          	li	t3,0
80000070:	00000e93          	li	t4,0
80000074:	00000f13          	li	t5,0
80000078:	00000f93          	li	t6,0
8000007c:	0181e2b7          	lui	t0,0x181e
80000080:	3002a073          	csrs	mstatus,t0
80000084:	00100293          	li	t0,1
80000088:	01f29293          	slli	t0,t0,0x1f
8000008c:	0002ca63          	bltz	t0,800000a0 <_start+0xa0>
80000090:	00100513          	li	a0,1
80000094:	00001297          	auipc	t0,0x1
80000098:	f6a2a623          	sw	a0,-148(t0) # 80001000 <tohost>
8000009c:	ff5ff06f          	j	80000090 <_start+0x90>
800000a0:	00000297          	auipc	t0,0x0
800000a4:	04428293          	addi	t0,t0,68 # 800000e4 <trap_entry>
800000a8:	30529073          	csrw	mtvec,t0
800000ac:	00008197          	auipc	gp,0x8
800000b0:	64c18193          	addi	gp,gp,1612 # 800086f8 <__global_pointer$>
800000b4:	0000a217          	auipc	tp,0xa
800000b8:	ecb20213          	addi	tp,tp,-309 # 80009f7f <_end+0x3f>
800000bc:	fc027213          	andi	tp,tp,-64
800000c0:	f1402573          	csrr	a0,mhartid
800000c4:	00100593          	li	a1,1
800000c8:	00b57063          	bgeu	a0,a1,800000c8 <_start+0xc8>
800000cc:	00150113          	addi	sp,a0,1
800000d0:	01111113          	slli	sp,sp,0x11
800000d4:	00410133          	add	sp,sp,tp
800000d8:	01151613          	slli	a2,a0,0x11
800000dc:	00c20233          	add	tp,tp,a2
800000e0:	4710206f          	j	80002d50 <_init>

800000e4 <trap_entry>:
800000e4:	ef010113          	addi	sp,sp,-272
800000e8:	00112223          	sw	ra,4(sp)
800000ec:	00212423          	sw	sp,8(sp)
800000f0:	00312623          	sw	gp,12(sp)
800000f4:	00412823          	sw	tp,16(sp)
800000f8:	00512a23          	sw	t0,20(sp)
800000fc:	00612c23          	sw	t1,24(sp)
80000100:	00712e23          	sw	t2,28(sp)
80000104:	02812023          	sw	s0,32(sp)
80000108:	02912223          	sw	s1,36(sp)
8000010c:	02a12423          	sw	a0,40(sp)
80000110:	02b12623          	sw	a1,44(sp)
80000114:	02c12823          	sw	a2,48(sp)
80000118:	02d12a23          	sw	a3,52(sp)
8000011c:	02e12c23          	sw	a4,56(sp)
80000120:	02f12e23          	sw	a5,60(sp)
80000124:	05012023          	sw	a6,64(sp)
80000128:	05112223          	sw	a7,68(sp)
8000012c:	05212423          	sw	s2,72(sp)
80000130:	05312623          	sw	s3,76(sp)
80000134:	05412823          	sw	s4,80(sp)
80000138:	05512a23          	sw	s5,84(sp)
8000013c:	05612c23          	sw	s6,88(sp)
80000140:	05712e23          	sw	s7,92(sp)
80000144:	07812023          	sw	s8,96(sp)
80000148:	07912223          	sw	s9,100(sp)
8000014c:	07a12423          	sw	s10,104(sp)
80000150:	07b12623          	sw	s11,108(sp)
80000154:	07c12823          	sw	t3,112(sp)
80000158:	07d12a23          	sw	t4,116(sp)
8000015c:	07e12c23          	sw	t5,120(sp)
80000160:	07f12e23          	sw	t6,124(sp)
80000164:	34202573          	csrr	a0,mcause
80000168:	341025f3          	csrr	a1,mepc
8000016c:	00010613          	mv	a2,sp
80000170:	051020ef          	jal	800029c0 <handle_trap>
80000174:	34151073          	csrw	mepc,a0
80000178:	000022b7          	lui	t0,0x2
8000017c:	80028293          	addi	t0,t0,-2048 # 1800 <buflen.1+0x17c0>
80000180:	3002a073          	csrs	mstatus,t0
80000184:	00412083          	lw	ra,4(sp)
80000188:	00812103          	lw	sp,8(sp)
8000018c:	00c12183          	lw	gp,12(sp)
80000190:	01012203          	lw	tp,16(sp)
80000194:	01412283          	lw	t0,20(sp)
80000198:	01812303          	lw	t1,24(sp)
8000019c:	01c12383          	lw	t2,28(sp)
800001a0:	02012403          	lw	s0,32(sp)
800001a4:	02412483          	lw	s1,36(sp)
800001a8:	02812503          	lw	a0,40(sp)
800001ac:	02c12583          	lw	a1,44(sp)
800001b0:	03012603          	lw	a2,48(sp)
800001b4:	03412683          	lw	a3,52(sp)
800001b8:	03812703          	lw	a4,56(sp)
800001bc:	03c12783          	lw	a5,60(sp)
800001c0:	04012803          	lw	a6,64(sp)
800001c4:	04412883          	lw	a7,68(sp)
800001c8:	04812903          	lw	s2,72(sp)
800001cc:	04c12983          	lw	s3,76(sp)
800001d0:	05012a03          	lw	s4,80(sp)
800001d4:	05412a83          	lw	s5,84(sp)
800001d8:	05812b03          	lw	s6,88(sp)
800001dc:	05c12b83          	lw	s7,92(sp)
800001e0:	06012c03          	lw	s8,96(sp)
800001e4:	06412c83          	lw	s9,100(sp)
800001e8:	06812d03          	lw	s10,104(sp)
800001ec:	06c12d83          	lw	s11,108(sp)
800001f0:	07012e03          	lw	t3,112(sp)
800001f4:	07412e83          	lw	t4,116(sp)
800001f8:	07812f03          	lw	t5,120(sp)
800001fc:	07c12f83          	lw	t6,124(sp)
80000200:	11010113          	addi	sp,sp,272
80000204:	30200073          	mret

Disassembly of section .text:

80002000 <verify.constprop.0>:
80002000:	00050793          	mv	a5,a0
80002004:	00004717          	auipc	a4,0x4
80002008:	ef470713          	addi	a4,a4,-268 # 80005ef8 <input_data>
8000200c:	00000513          	li	a0,0
80002010:	00072603          	lw	a2,0(a4)
80002014:	0007a683          	lw	a3,0(a5)
80002018:	00472803          	lw	a6,4(a4)
8000201c:	0047a583          	lw	a1,4(a5)
80002020:	02d61263          	bne	a2,a3,80002044 <verify.constprop.0+0x44>
80002024:	00250513          	addi	a0,a0,2
80002028:	80050693          	addi	a3,a0,-2048
8000202c:	00b81a63          	bne	a6,a1,80002040 <verify.constprop.0+0x40>
80002030:	00870713          	addi	a4,a4,8
80002034:	00878793          	addi	a5,a5,8
80002038:	fc069ce3          	bnez	a3,80002010 <verify.constprop.0+0x10>
8000203c:	00000513          	li	a0,0
80002040:	00008067          	ret
80002044:	00150513          	addi	a0,a0,1
80002048:	00008067          	ret

8000204c <sort>:
8000204c:	bd010113          	addi	sp,sp,-1072
80002050:	42812423          	sw	s0,1064(sp)
80002054:	00251413          	slli	s0,a0,0x2
80002058:	ff040793          	addi	a5,s0,-16
8000205c:	43212023          	sw	s2,1056(sp)
80002060:	ff07f793          	andi	a5,a5,-16
80002064:	ff340913          	addi	s2,s0,-13
80002068:	42912223          	sw	s1,1060(sp)
8000206c:	41312e23          	sw	s3,1052(sp)
80002070:	41412c23          	sw	s4,1048(sp)
80002074:	41512a23          	sw	s5,1044(sp)
80002078:	41612823          	sw	s6,1040(sp)
8000207c:	41712623          	sw	s7,1036(sp)
80002080:	41812423          	sw	s8,1032(sp)
80002084:	41912223          	sw	s9,1028(sp)
80002088:	41a12023          	sw	s10,1024(sp)
8000208c:	ff440a93          	addi	s5,s0,-12
80002090:	00040993          	mv	s3,s0
80002094:	00010813          	mv	a6,sp
80002098:	42112623          	sw	ra,1068(sp)
8000209c:	00058b13          	mv	s6,a1
800020a0:	00060c93          	mv	s9,a2
800020a4:	40f004b3          	neg	s1,a5
800020a8:	ff097913          	andi	s2,s2,-16
800020ac:	00880a13          	addi	s4,a6,8
800020b0:	40080b93          	addi	s7,a6,1024
800020b4:	ffc40413          	addi	s0,s0,-4
800020b8:	00058d13          	mv	s10,a1
800020bc:	00000c13          	li	s8,0
800020c0:	40000613          	li	a2,1024
800020c4:	00000593          	li	a1,0
800020c8:	00080513          	mv	a0,a6
800020cc:	409000ef          	jal	80002cd4 <memset>
800020d0:	015d05b3          	add	a1,s10,s5
800020d4:	00050813          	mv	a6,a0
800020d8:	000d0613          	mv	a2,s10
800020dc:	000d0713          	mv	a4,s10
800020e0:	08bd7a63          	bgeu	s10,a1,80002174 <sort+0x128>
800020e4:	00062503          	lw	a0,0(a2)
800020e8:	00462683          	lw	a3,4(a2)
800020ec:	00862703          	lw	a4,8(a2)
800020f0:	01855533          	srl	a0,a0,s8
800020f4:	0ff57513          	zext.b	a0,a0
800020f8:	00251513          	slli	a0,a0,0x2
800020fc:	00a80533          	add	a0,a6,a0
80002100:	00052883          	lw	a7,0(a0)
80002104:	0186d6b3          	srl	a3,a3,s8
80002108:	0ff6f693          	zext.b	a3,a3
8000210c:	00188893          	addi	a7,a7,1
80002110:	00269693          	slli	a3,a3,0x2
80002114:	00c62783          	lw	a5,12(a2)
80002118:	00d806b3          	add	a3,a6,a3
8000211c:	01152023          	sw	a7,0(a0)
80002120:	0006a503          	lw	a0,0(a3)
80002124:	01875733          	srl	a4,a4,s8
80002128:	0ff77713          	zext.b	a4,a4
8000212c:	00271713          	slli	a4,a4,0x2
80002130:	00150513          	addi	a0,a0,1
80002134:	00a6a023          	sw	a0,0(a3)
80002138:	00e80733          	add	a4,a6,a4
8000213c:	00072683          	lw	a3,0(a4)
80002140:	0187d7b3          	srl	a5,a5,s8
80002144:	0ff7f793          	zext.b	a5,a5
80002148:	00279793          	slli	a5,a5,0x2
8000214c:	00168693          	addi	a3,a3,1
80002150:	00f807b3          	add	a5,a6,a5
80002154:	00d72023          	sw	a3,0(a4)
80002158:	0007a703          	lw	a4,0(a5)
8000215c:	01060613          	addi	a2,a2,16
80002160:	00170713          	addi	a4,a4,1
80002164:	00e7a023          	sw	a4,0(a5)
80002168:	f6b66ee3          	bltu	a2,a1,800020e4 <sort+0x98>
8000216c:	010d0713          	addi	a4,s10,16
80002170:	00e90733          	add	a4,s2,a4
80002174:	013d0633          	add	a2,s10,s3
80002178:	02c77663          	bgeu	a4,a2,800021a4 <sort+0x158>
8000217c:	00072783          	lw	a5,0(a4)
80002180:	00470713          	addi	a4,a4,4
80002184:	0187d7b3          	srl	a5,a5,s8
80002188:	0ff7f793          	zext.b	a5,a5
8000218c:	00279793          	slli	a5,a5,0x2
80002190:	00f807b3          	add	a5,a6,a5
80002194:	0007a683          	lw	a3,0(a5)
80002198:	00168693          	addi	a3,a3,1
8000219c:	00d7a023          	sw	a3,0(a5)
800021a0:	fcc76ee3          	bltu	a4,a2,8000217c <sort+0x130>
800021a4:	00482683          	lw	a3,4(a6)
800021a8:	00082703          	lw	a4,0(a6)
800021ac:	000a0793          	mv	a5,s4
800021b0:	00e686b3          	add	a3,a3,a4
800021b4:	00d82223          	sw	a3,4(a6)
800021b8:	0007a703          	lw	a4,0(a5)
800021bc:	0047a583          	lw	a1,4(a5)
800021c0:	00878793          	addi	a5,a5,8
800021c4:	00e68733          	add	a4,a3,a4
800021c8:	00b706b3          	add	a3,a4,a1
800021cc:	fee7ac23          	sw	a4,-8(a5)
800021d0:	fed7ae23          	sw	a3,-4(a5)
800021d4:	ff7792e3          	bne	a5,s7,800021b8 <sort+0x16c>
800021d8:	008d08b3          	add	a7,s10,s0
800021dc:	00cd0313          	addi	t1,s10,12
800021e0:	0c68e463          	bltu	a7,t1,800022a8 <sort+0x25c>
800021e4:	00088693          	mv	a3,a7
800021e8:	0006a503          	lw	a0,0(a3)
800021ec:	ffc6a583          	lw	a1,-4(a3)
800021f0:	ff86a603          	lw	a2,-8(a3)
800021f4:	01855733          	srl	a4,a0,s8
800021f8:	0ff77713          	zext.b	a4,a4
800021fc:	00271713          	slli	a4,a4,0x2
80002200:	00e80733          	add	a4,a6,a4
80002204:	00072e03          	lw	t3,0(a4)
80002208:	0185d7b3          	srl	a5,a1,s8
8000220c:	0ff7f793          	zext.b	a5,a5
80002210:	fffe0f13          	addi	t5,t3,-1
80002214:	00279793          	slli	a5,a5,0x2
80002218:	ff46ae83          	lw	t4,-12(a3)
8000221c:	00f807b3          	add	a5,a6,a5
80002220:	01e72023          	sw	t5,0(a4)
80002224:	0007af03          	lw	t5,0(a5)
80002228:	01865733          	srl	a4,a2,s8
8000222c:	0ff77713          	zext.b	a4,a4
80002230:	ffff0f93          	addi	t6,t5,-1
80002234:	00271713          	slli	a4,a4,0x2
80002238:	01f7a023          	sw	t6,0(a5)
8000223c:	00e80733          	add	a4,a6,a4
80002240:	00072f83          	lw	t6,0(a4)
80002244:	018ed7b3          	srl	a5,t4,s8
80002248:	0ff7f793          	zext.b	a5,a5
8000224c:	ffff8293          	addi	t0,t6,-1
80002250:	00279793          	slli	a5,a5,0x2
80002254:	00572023          	sw	t0,0(a4)
80002258:	00f807b3          	add	a5,a6,a5
8000225c:	0007a703          	lw	a4,0(a5)
80002260:	002e1e13          	slli	t3,t3,0x2
80002264:	01cc8e33          	add	t3,s9,t3
80002268:	fff70293          	addi	t0,a4,-1
8000226c:	0057a023          	sw	t0,0(a5)
80002270:	002f1f13          	slli	t5,t5,0x2
80002274:	feae2e23          	sw	a0,-4(t3)
80002278:	01ec8f33          	add	t5,s9,t5
8000227c:	002f9f93          	slli	t6,t6,0x2
80002280:	febf2e23          	sw	a1,-4(t5)
80002284:	01fc8fb3          	add	t6,s9,t6
80002288:	00271713          	slli	a4,a4,0x2
8000228c:	00ec8733          	add	a4,s9,a4
80002290:	fecfae23          	sw	a2,-4(t6)
80002294:	ff068693          	addi	a3,a3,-16
80002298:	ffd72e23          	sw	t4,-4(a4)
8000229c:	f466f6e3          	bgeu	a3,t1,800021e8 <sort+0x19c>
800022a0:	ff088893          	addi	a7,a7,-16
800022a4:	011488b3          	add	a7,s1,a7
800022a8:	03a8ee63          	bltu	a7,s10,800022e4 <sort+0x298>
800022ac:	0008a783          	lw	a5,0(a7)
800022b0:	ffc88893          	addi	a7,a7,-4
800022b4:	0187d7b3          	srl	a5,a5,s8
800022b8:	0ff7f793          	zext.b	a5,a5
800022bc:	00279793          	slli	a5,a5,0x2
800022c0:	00f807b3          	add	a5,a6,a5
800022c4:	0007a703          	lw	a4,0(a5)
800022c8:	fff70713          	addi	a4,a4,-1
800022cc:	00e7a023          	sw	a4,0(a5)
800022d0:	0048a783          	lw	a5,4(a7)
800022d4:	00271713          	slli	a4,a4,0x2
800022d8:	00ec8733          	add	a4,s9,a4
800022dc:	00f72023          	sw	a5,0(a4)
800022e0:	fda8f6e3          	bgeu	a7,s10,800022ac <sort+0x260>
800022e4:	008c0c13          	addi	s8,s8,8
800022e8:	02000793          	li	a5,32
800022ec:	00fc0a63          	beq	s8,a5,80002300 <sort+0x2b4>
800022f0:	000d0793          	mv	a5,s10
800022f4:	000c8d13          	mv	s10,s9
800022f8:	00078c93          	mv	s9,a5
800022fc:	dc5ff06f          	j	800020c0 <sort+0x74>
80002300:	059b0463          	beq	s6,s9,80002348 <sort+0x2fc>
80002304:	42812403          	lw	s0,1064(sp)
80002308:	42c12083          	lw	ra,1068(sp)
8000230c:	42412483          	lw	s1,1060(sp)
80002310:	42012903          	lw	s2,1056(sp)
80002314:	41812a03          	lw	s4,1048(sp)
80002318:	41412a83          	lw	s5,1044(sp)
8000231c:	41012b03          	lw	s6,1040(sp)
80002320:	40c12b83          	lw	s7,1036(sp)
80002324:	40812c03          	lw	s8,1032(sp)
80002328:	00098613          	mv	a2,s3
8000232c:	000d0593          	mv	a1,s10
80002330:	41c12983          	lw	s3,1052(sp)
80002334:	40012d03          	lw	s10,1024(sp)
80002338:	000c8513          	mv	a0,s9
8000233c:	40412c83          	lw	s9,1028(sp)
80002340:	43010113          	addi	sp,sp,1072
80002344:	0c10006f          	j	80002c04 <memcpy>
80002348:	42c12083          	lw	ra,1068(sp)
8000234c:	42812403          	lw	s0,1064(sp)
80002350:	42412483          	lw	s1,1060(sp)
80002354:	42012903          	lw	s2,1056(sp)
80002358:	41c12983          	lw	s3,1052(sp)
8000235c:	41812a03          	lw	s4,1048(sp)
80002360:	41412a83          	lw	s5,1044(sp)
80002364:	41012b03          	lw	s6,1040(sp)
80002368:	40c12b83          	lw	s7,1036(sp)
8000236c:	40812c03          	lw	s8,1032(sp)
80002370:	40412c83          	lw	s9,1028(sp)
80002374:	40012d03          	lw	s10,1024(sp)
80002378:	43010113          	addi	sp,sp,1072
8000237c:	00008067          	ret

80002380 <vprintfmt>:
80002380:	eb010113          	addi	sp,sp,-336
80002384:	14812423          	sw	s0,328(sp)
80002388:	15212023          	sw	s2,320(sp)
8000238c:	13312e23          	sw	s3,316(sp)
80002390:	13512a23          	sw	s5,308(sp)
80002394:	14112623          	sw	ra,332(sp)
80002398:	14912223          	sw	s1,324(sp)
8000239c:	13412c23          	sw	s4,312(sp)
800023a0:	13712623          	sw	s7,300(sp)
800023a4:	13812423          	sw	s8,296(sp)
800023a8:	13912223          	sw	s9,292(sp)
800023ac:	13a12023          	sw	s10,288(sp)
800023b0:	00050993          	mv	s3,a0
800023b4:	00058913          	mv	s2,a1
800023b8:	00060413          	mv	s0,a2
800023bc:	00d12623          	sw	a3,12(sp)
800023c0:	02500a93          	li	s5,37
800023c4:	0140006f          	j	800023d8 <vprintfmt+0x58>
800023c8:	06050463          	beqz	a0,80002430 <vprintfmt+0xb0>
800023cc:	00090593          	mv	a1,s2
800023d0:	00140413          	addi	s0,s0,1
800023d4:	000980e7          	jalr	s3
800023d8:	00044503          	lbu	a0,0(s0)
800023dc:	ff5516e3          	bne	a0,s5,800023c8 <vprintfmt+0x48>
800023e0:	00144683          	lbu	a3,1(s0)
800023e4:	00140a13          	addi	s4,s0,1
800023e8:	fff00493          	li	s1,-1
800023ec:	02000793          	li	a5,32
800023f0:	000a0713          	mv	a4,s4
800023f4:	00048c13          	mv	s8,s1
800023f8:	00f12423          	sw	a5,8(sp)
800023fc:	00000593          	li	a1,0
80002400:	fdd68793          	addi	a5,a3,-35
80002404:	0ff7f793          	zext.b	a5,a5
80002408:	05500613          	li	a2,85
8000240c:	00170413          	addi	s0,a4,1
80002410:	06f66a63          	bltu	a2,a5,80002484 <vprintfmt+0x104>
80002414:	00001617          	auipc	a2,0x1
80002418:	7d860613          	addi	a2,a2,2008 # 80003bec <main+0xec>
8000241c:	00279793          	slli	a5,a5,0x2
80002420:	00c787b3          	add	a5,a5,a2
80002424:	0007a783          	lw	a5,0(a5)
80002428:	00c787b3          	add	a5,a5,a2
8000242c:	00078067          	jr	a5
80002430:	14c12083          	lw	ra,332(sp)
80002434:	14812403          	lw	s0,328(sp)
80002438:	14412483          	lw	s1,324(sp)
8000243c:	14012903          	lw	s2,320(sp)
80002440:	13c12983          	lw	s3,316(sp)
80002444:	13812a03          	lw	s4,312(sp)
80002448:	13412a83          	lw	s5,308(sp)
8000244c:	12c12b83          	lw	s7,300(sp)
80002450:	12812c03          	lw	s8,296(sp)
80002454:	12412c83          	lw	s9,292(sp)
80002458:	12012d03          	lw	s10,288(sp)
8000245c:	15010113          	addi	sp,sp,336
80002460:	00008067          	ret
80002464:	00d12423          	sw	a3,8(sp)
80002468:	00174683          	lbu	a3,1(a4)
8000246c:	05500613          	li	a2,85
80002470:	00040713          	mv	a4,s0
80002474:	fdd68793          	addi	a5,a3,-35
80002478:	0ff7f793          	zext.b	a5,a5
8000247c:	00170413          	addi	s0,a4,1
80002480:	f8f67ae3          	bgeu	a2,a5,80002414 <vprintfmt+0x94>
80002484:	00090593          	mv	a1,s2
80002488:	02500513          	li	a0,37
8000248c:	000980e7          	jalr	s3
80002490:	000a0413          	mv	s0,s4
80002494:	f45ff06f          	j	800023d8 <vprintfmt+0x58>
80002498:	00174603          	lbu	a2,1(a4)
8000249c:	00900513          	li	a0,9
800024a0:	fd068493          	addi	s1,a3,-48
800024a4:	fd060793          	addi	a5,a2,-48
800024a8:	00060693          	mv	a3,a2
800024ac:	00040713          	mv	a4,s0
800024b0:	02f56663          	bltu	a0,a5,800024dc <vprintfmt+0x15c>
800024b4:	00249793          	slli	a5,s1,0x2
800024b8:	009787b3          	add	a5,a5,s1
800024bc:	00170713          	addi	a4,a4,1
800024c0:	00179793          	slli	a5,a5,0x1
800024c4:	00c787b3          	add	a5,a5,a2
800024c8:	00074603          	lbu	a2,0(a4)
800024cc:	fd078493          	addi	s1,a5,-48
800024d0:	fd060793          	addi	a5,a2,-48
800024d4:	00060693          	mv	a3,a2
800024d8:	fcf57ee3          	bgeu	a0,a5,800024b4 <vprintfmt+0x134>
800024dc:	f20c52e3          	bgez	s8,80002400 <vprintfmt+0x80>
800024e0:	00048c13          	mv	s8,s1
800024e4:	fff00493          	li	s1,-1
800024e8:	f19ff06f          	j	80002400 <vprintfmt+0x80>
800024ec:	00174683          	lbu	a3,1(a4)
800024f0:	00040713          	mv	a4,s0
800024f4:	f0dff06f          	j	80002400 <vprintfmt+0x80>
800024f8:	00090593          	mv	a1,s2
800024fc:	02500513          	li	a0,37
80002500:	000980e7          	jalr	s3
80002504:	ed5ff06f          	j	800023d8 <vprintfmt+0x58>
80002508:	00c12783          	lw	a5,12(sp)
8000250c:	00174683          	lbu	a3,1(a4)
80002510:	00040713          	mv	a4,s0
80002514:	0007a483          	lw	s1,0(a5)
80002518:	00478793          	addi	a5,a5,4
8000251c:	00f12623          	sw	a5,12(sp)
80002520:	fbdff06f          	j	800024dc <vprintfmt+0x15c>
80002524:	00090593          	mv	a1,s2
80002528:	03000513          	li	a0,48
8000252c:	13612823          	sw	s6,304(sp)
80002530:	000980e7          	jalr	s3
80002534:	00090593          	mv	a1,s2
80002538:	07800513          	li	a0,120
8000253c:	000980e7          	jalr	s3
80002540:	00c12783          	lw	a5,12(sp)
80002544:	01000b93          	li	s7,16
80002548:	00000d13          	li	s10,0
8000254c:	00478713          	addi	a4,a5,4
80002550:	00c12783          	lw	a5,12(sp)
80002554:	00000c93          	li	s9,0
80002558:	0007a483          	lw	s1,0(a5)
8000255c:	00e12623          	sw	a4,12(sp)
80002560:	000b8613          	mv	a2,s7
80002564:	00000693          	li	a3,0
80002568:	00048513          	mv	a0,s1
8000256c:	000c8593          	mv	a1,s9
80002570:	7e9000ef          	jal	80003558 <__umoddi3>
80002574:	00a12823          	sw	a0,16(sp)
80002578:	279d0863          	beq	s10,s9,800027e8 <vprintfmt+0x468>
8000257c:	11b12e23          	sw	s11,284(sp)
80002580:	00100b13          	li	s6,1
80002584:	01410d93          	addi	s11,sp,20
80002588:	00048513          	mv	a0,s1
8000258c:	000c8593          	mv	a1,s9
80002590:	000b8613          	mv	a2,s7
80002594:	00000693          	li	a3,0
80002598:	1f9000ef          	jal	80002f90 <__udivdi3>
8000259c:	000b8613          	mv	a2,s7
800025a0:	00000693          	li	a3,0
800025a4:	00050493          	mv	s1,a0
800025a8:	00058c93          	mv	s9,a1
800025ac:	7ad000ef          	jal	80003558 <__umoddi3>
800025b0:	00ada023          	sw	a0,0(s11)
800025b4:	000b0a13          	mv	s4,s6
800025b8:	004d8d93          	addi	s11,s11,4
800025bc:	001b0b13          	addi	s6,s6,1
800025c0:	fd9d14e3          	bne	s10,s9,80002588 <vprintfmt+0x208>
800025c4:	fd74f2e3          	bgeu	s1,s7,80002588 <vprintfmt+0x208>
800025c8:	11c12d83          	lw	s11,284(sp)
800025cc:	fffc0b93          	addi	s7,s8,-1
800025d0:	fffb0493          	addi	s1,s6,-1
800025d4:	018b5c63          	bge	s6,s8,800025ec <vprintfmt+0x26c>
800025d8:	00812503          	lw	a0,8(sp)
800025dc:	00090593          	mv	a1,s2
800025e0:	fffb8b93          	addi	s7,s7,-1
800025e4:	000980e7          	jalr	s3
800025e8:	fe9b98e3          	bne	s7,s1,800025d8 <vprintfmt+0x258>
800025ec:	002a1a13          	slli	s4,s4,0x2
800025f0:	01010493          	addi	s1,sp,16
800025f4:	01448a33          	add	s4,s1,s4
800025f8:	00900b13          	li	s6,9
800025fc:	0080006f          	j	80002604 <vprintfmt+0x284>
80002600:	00078a13          	mv	s4,a5
80002604:	000a2783          	lw	a5,0(s4)
80002608:	03000513          	li	a0,48
8000260c:	00fb7463          	bgeu	s6,a5,80002614 <vprintfmt+0x294>
80002610:	05700513          	li	a0,87
80002614:	00a78533          	add	a0,a5,a0
80002618:	00090593          	mv	a1,s2
8000261c:	000980e7          	jalr	s3
80002620:	ffca0793          	addi	a5,s4,-4
80002624:	fd449ee3          	bne	s1,s4,80002600 <vprintfmt+0x280>
80002628:	13012b03          	lw	s6,304(sp)
8000262c:	dadff06f          	j	800023d8 <vprintfmt+0x58>
80002630:	13612823          	sw	s6,304(sp)
80002634:	00100793          	li	a5,1
80002638:	1cb7c063          	blt	a5,a1,800027f8 <vprintfmt+0x478>
8000263c:	00c12783          	lw	a5,12(sp)
80002640:	0007a483          	lw	s1,0(a5)
80002644:	00478793          	addi	a5,a5,4
80002648:	00f12623          	sw	a5,12(sp)
8000264c:	41f4dc93          	srai	s9,s1,0x1f
80002650:	020cd063          	bgez	s9,80002670 <vprintfmt+0x2f0>
80002654:	00090593          	mv	a1,s2
80002658:	02d00513          	li	a0,45
8000265c:	000980e7          	jalr	s3
80002660:	00903733          	snez	a4,s1
80002664:	419007b3          	neg	a5,s9
80002668:	40e78cb3          	sub	s9,a5,a4
8000266c:	409004b3          	neg	s1,s1
80002670:	00a00b93          	li	s7,10
80002674:	00000d13          	li	s10,0
80002678:	ee9ff06f          	j	80002560 <vprintfmt+0x1e0>
8000267c:	00174683          	lbu	a3,1(a4)
80002680:	00158593          	addi	a1,a1,1
80002684:	00040713          	mv	a4,s0
80002688:	d79ff06f          	j	80002400 <vprintfmt+0x80>
8000268c:	13612823          	sw	s6,304(sp)
80002690:	01000b93          	li	s7,16
80002694:	00000d13          	li	s10,0
80002698:	00100793          	li	a5,1
8000269c:	12b7c663          	blt	a5,a1,800027c8 <vprintfmt+0x448>
800026a0:	00c12783          	lw	a5,12(sp)
800026a4:	00478713          	addi	a4,a5,4
800026a8:	ea9ff06f          	j	80002550 <vprintfmt+0x1d0>
800026ac:	00c12783          	lw	a5,12(sp)
800026b0:	0007aa03          	lw	s4,0(a5)
800026b4:	060a0a63          	beqz	s4,80002728 <vprintfmt+0x3a8>
800026b8:	0d805663          	blez	s8,80002784 <vprintfmt+0x404>
800026bc:	00812703          	lw	a4,8(sp)
800026c0:	02d00793          	li	a5,45
800026c4:	08f71063          	bne	a4,a5,80002744 <vprintfmt+0x3c4>
800026c8:	000a4503          	lbu	a0,0(s4)
800026cc:	02050c63          	beqz	a0,80002704 <vprintfmt+0x384>
800026d0:	13612823          	sw	s6,304(sp)
800026d4:	fff00b13          	li	s6,-1
800026d8:	0004c663          	bltz	s1,800026e4 <vprintfmt+0x364>
800026dc:	fff48493          	addi	s1,s1,-1
800026e0:	01648e63          	beq	s1,s6,800026fc <vprintfmt+0x37c>
800026e4:	00090593          	mv	a1,s2
800026e8:	000980e7          	jalr	s3
800026ec:	001a4503          	lbu	a0,1(s4)
800026f0:	001a0a13          	addi	s4,s4,1
800026f4:	fffc0c13          	addi	s8,s8,-1
800026f8:	fe0510e3          	bnez	a0,800026d8 <vprintfmt+0x358>
800026fc:	13012b03          	lw	s6,304(sp)
80002700:	01805c63          	blez	s8,80002718 <vprintfmt+0x398>
80002704:	00090593          	mv	a1,s2
80002708:	02000513          	li	a0,32
8000270c:	fffc0c13          	addi	s8,s8,-1
80002710:	000980e7          	jalr	s3
80002714:	fe0c18e3          	bnez	s8,80002704 <vprintfmt+0x384>
80002718:	00c12783          	lw	a5,12(sp)
8000271c:	00478793          	addi	a5,a5,4
80002720:	00f12623          	sw	a5,12(sp)
80002724:	cb5ff06f          	j	800023d8 <vprintfmt+0x58>
80002728:	11805863          	blez	s8,80002838 <vprintfmt+0x4b8>
8000272c:	00812703          	lw	a4,8(sp)
80002730:	02d00793          	li	a5,45
80002734:	00001a17          	auipc	s4,0x1
80002738:	474a0a13          	addi	s4,s4,1140 # 80003ba8 <main+0xa8>
8000273c:	02800513          	li	a0,40
80002740:	f8f708e3          	beq	a4,a5,800026d0 <vprintfmt+0x350>
80002744:	000a0793          	mv	a5,s4
80002748:	009a06b3          	add	a3,s4,s1
8000274c:	00049863          	bnez	s1,8000275c <vprintfmt+0x3dc>
80002750:	0200006f          	j	80002770 <vprintfmt+0x3f0>
80002754:	00178793          	addi	a5,a5,1
80002758:	00d78663          	beq	a5,a3,80002764 <vprintfmt+0x3e4>
8000275c:	0007c703          	lbu	a4,0(a5)
80002760:	fe071ae3          	bnez	a4,80002754 <vprintfmt+0x3d4>
80002764:	414787b3          	sub	a5,a5,s4
80002768:	40fc0c33          	sub	s8,s8,a5
8000276c:	01805c63          	blez	s8,80002784 <vprintfmt+0x404>
80002770:	00812503          	lw	a0,8(sp)
80002774:	00090593          	mv	a1,s2
80002778:	fffc0c13          	addi	s8,s8,-1
8000277c:	000980e7          	jalr	s3
80002780:	fe0c18e3          	bnez	s8,80002770 <vprintfmt+0x3f0>
80002784:	000a4503          	lbu	a0,0(s4)
80002788:	f80508e3          	beqz	a0,80002718 <vprintfmt+0x398>
8000278c:	13612823          	sw	s6,304(sp)
80002790:	f45ff06f          	j	800026d4 <vprintfmt+0x354>
80002794:	fffc4793          	not	a5,s8
80002798:	41f7d793          	srai	a5,a5,0x1f
8000279c:	00174683          	lbu	a3,1(a4)
800027a0:	00fc7c33          	and	s8,s8,a5
800027a4:	00040713          	mv	a4,s0
800027a8:	c59ff06f          	j	80002400 <vprintfmt+0x80>
800027ac:	00c12783          	lw	a5,12(sp)
800027b0:	00090593          	mv	a1,s2
800027b4:	0007a503          	lw	a0,0(a5)
800027b8:	00478493          	addi	s1,a5,4
800027bc:	000980e7          	jalr	s3
800027c0:	00912623          	sw	s1,12(sp)
800027c4:	c15ff06f          	j	800023d8 <vprintfmt+0x58>
800027c8:	00c12783          	lw	a5,12(sp)
800027cc:	00778793          	addi	a5,a5,7
800027d0:	ff87f793          	andi	a5,a5,-8
800027d4:	00878713          	addi	a4,a5,8
800027d8:	0007a483          	lw	s1,0(a5)
800027dc:	0047ac83          	lw	s9,4(a5)
800027e0:	00e12623          	sw	a4,12(sp)
800027e4:	d7dff06f          	j	80002560 <vprintfmt+0x1e0>
800027e8:	d974fae3          	bgeu	s1,s7,8000257c <vprintfmt+0x1fc>
800027ec:	00000a13          	li	s4,0
800027f0:	00100b13          	li	s6,1
800027f4:	dd9ff06f          	j	800025cc <vprintfmt+0x24c>
800027f8:	00c12783          	lw	a5,12(sp)
800027fc:	00778793          	addi	a5,a5,7
80002800:	ff87f793          	andi	a5,a5,-8
80002804:	00878713          	addi	a4,a5,8
80002808:	0007a483          	lw	s1,0(a5)
8000280c:	0047ac83          	lw	s9,4(a5)
80002810:	00e12623          	sw	a4,12(sp)
80002814:	e3dff06f          	j	80002650 <vprintfmt+0x2d0>
80002818:	13612823          	sw	s6,304(sp)
8000281c:	00a00b93          	li	s7,10
80002820:	00000d13          	li	s10,0
80002824:	e75ff06f          	j	80002698 <vprintfmt+0x318>
80002828:	13612823          	sw	s6,304(sp)
8000282c:	00800b93          	li	s7,8
80002830:	00000d13          	li	s10,0
80002834:	e65ff06f          	j	80002698 <vprintfmt+0x318>
80002838:	13612823          	sw	s6,304(sp)
8000283c:	00001a17          	auipc	s4,0x1
80002840:	36ca0a13          	addi	s4,s4,876 # 80003ba8 <main+0xa8>
80002844:	02800513          	li	a0,40
80002848:	fff00b13          	li	s6,-1
8000284c:	e8dff06f          	j	800026d8 <vprintfmt+0x358>

80002850 <sprintf_putch.0>:
80002850:	0005a783          	lw	a5,0(a1)
80002854:	00a78023          	sb	a0,0(a5)
80002858:	0005a783          	lw	a5,0(a1)
8000285c:	00178793          	addi	a5,a5,1
80002860:	00f5a023          	sw	a5,0(a1)
80002864:	00008067          	ret

80002868 <putchar>:
80002868:	04022783          	lw	a5,64(tp) # 40 <buflen.1>
8000286c:	00020713          	mv	a4,tp
80002870:	f8010113          	addi	sp,sp,-128
80002874:	00f70733          	add	a4,a4,a5
80002878:	00178793          	addi	a5,a5,1
8000287c:	00a70023          	sb	a0,0(a4)
80002880:	04f22023          	sw	a5,64(tp) # 40 <buflen.1>
80002884:	00a00713          	li	a4,10
80002888:	03f10693          	addi	a3,sp,63
8000288c:	fc06f693          	andi	a3,a3,-64
80002890:	00e50c63          	beq	a0,a4,800028a8 <putchar+0x40>
80002894:	04000713          	li	a4,64
80002898:	00e78863          	beq	a5,a4,800028a8 <putchar+0x40>
8000289c:	00000513          	li	a0,0
800028a0:	08010113          	addi	sp,sp,128
800028a4:	00008067          	ret
800028a8:	04000813          	li	a6,64
800028ac:	0106a023          	sw	a6,0(a3)
800028b0:	00000893          	li	a7,0
800028b4:	0116a223          	sw	a7,4(a3)
800028b8:	00100e13          	li	t3,1
800028bc:	01c6a423          	sw	t3,8(a3)
800028c0:	00000e93          	li	t4,0
800028c4:	01d6a623          	sw	t4,12(a3)
800028c8:	00020313          	mv	t1,tp
800028cc:	0066a823          	sw	t1,16(a3)
800028d0:	00000393          	li	t2,0
800028d4:	0076aa23          	sw	t2,20(a3)
800028d8:	00f6ac23          	sw	a5,24(a3)
800028dc:	41f7d893          	srai	a7,a5,0x1f
800028e0:	0116ae23          	sw	a7,28(a3)
800028e4:	0330000f          	fence	rw,rw
800028e8:	ffffe617          	auipc	a2,0xffffe
800028ec:	71860613          	addi	a2,a2,1816 # 80001000 <tohost>
800028f0:	00d62023          	sw	a3,0(a2)
800028f4:	00000793          	li	a5,0
800028f8:	00f62223          	sw	a5,4(a2)
800028fc:	ffffe617          	auipc	a2,0xffffe
80002900:	74460613          	addi	a2,a2,1860 # 80001040 <fromhost>
80002904:	00062703          	lw	a4,0(a2)
80002908:	00462783          	lw	a5,4(a2)
8000290c:	00f76733          	or	a4,a4,a5
80002910:	fe070ae3          	beqz	a4,80002904 <putchar+0x9c>
80002914:	00000793          	li	a5,0
80002918:	00f62023          	sw	a5,0(a2)
8000291c:	00000813          	li	a6,0
80002920:	01062223          	sw	a6,4(a2)
80002924:	0330000f          	fence	rw,rw
80002928:	04022023          	sw	zero,64(tp) # 40 <buflen.1>
8000292c:	0006a703          	lw	a4,0(a3)
80002930:	00000513          	li	a0,0
80002934:	0046a783          	lw	a5,4(a3)
80002938:	08010113          	addi	sp,sp,128
8000293c:	00008067          	ret

80002940 <setStats>:
80002940:	b0002773          	csrr	a4,mcycle
80002944:	00005797          	auipc	a5,0x5
80002948:	5bc78793          	addi	a5,a5,1468 # 80007f00 <counters>
8000294c:	00050a63          	beqz	a0,80002960 <setStats+0x20>
80002950:	00e7a023          	sw	a4,0(a5)
80002954:	b0202773          	csrr	a4,minstret
80002958:	00e7a223          	sw	a4,4(a5)
8000295c:	00008067          	ret
80002960:	0007a583          	lw	a1,0(a5)
80002964:	00005697          	auipc	a3,0x5
80002968:	59468693          	addi	a3,a3,1428 # 80007ef8 <counter_names>
8000296c:	00001617          	auipc	a2,0x1
80002970:	24860613          	addi	a2,a2,584 # 80003bb4 <main+0xb4>
80002974:	40b70733          	sub	a4,a4,a1
80002978:	00e7a023          	sw	a4,0(a5)
8000297c:	00c6a023          	sw	a2,0(a3)
80002980:	b0202773          	csrr	a4,minstret
80002984:	0047a603          	lw	a2,4(a5)
80002988:	00001597          	auipc	a1,0x1
8000298c:	23458593          	addi	a1,a1,564 # 80003bbc <main+0xbc>
80002990:	00b6a223          	sw	a1,4(a3)
80002994:	40c70733          	sub	a4,a4,a2
80002998:	00e7a223          	sw	a4,4(a5)
8000299c:	00008067          	ret

800029a0 <tohost_exit>:
800029a0:	00151693          	slli	a3,a0,0x1
800029a4:	0016e713          	ori	a4,a3,1
800029a8:	ffffe697          	auipc	a3,0xffffe
800029ac:	65868693          	addi	a3,a3,1624 # 80001000 <tohost>
800029b0:	00000793          	li	a5,0
800029b4:	00e6a023          	sw	a4,0(a3)
800029b8:	00f6a223          	sw	a5,4(a3)
800029bc:	0000006f          	j	800029bc <tohost_exit+0x1c>

800029c0 <handle_trap>:
800029c0:	00001637          	lui	a2,0x1
800029c4:	ffffe797          	auipc	a5,0xffffe
800029c8:	63c78793          	addi	a5,a5,1596 # 80001000 <tohost>
800029cc:	a7360613          	addi	a2,a2,-1421 # a73 <buflen.1+0xa33>
800029d0:	00000693          	li	a3,0
800029d4:	00c7a023          	sw	a2,0(a5)
800029d8:	00d7a223          	sw	a3,4(a5)
800029dc:	0000006f          	j	800029dc <handle_trap+0x1c>

800029e0 <exit>:
800029e0:	ff010113          	addi	sp,sp,-16
800029e4:	00112623          	sw	ra,12(sp)
800029e8:	fb9ff0ef          	jal	800029a0 <tohost_exit>

800029ec <abort>:
800029ec:	ffffe797          	auipc	a5,0xffffe
800029f0:	61478793          	addi	a5,a5,1556 # 80001000 <tohost>
800029f4:	10d00613          	li	a2,269
800029f8:	00000693          	li	a3,0
800029fc:	00c7a023          	sw	a2,0(a5)
80002a00:	00d7a223          	sw	a3,4(a5)
80002a04:	0000006f          	j	80002a04 <abort+0x18>

80002a08 <printstr>:
80002a08:	00054783          	lbu	a5,0(a0)
80002a0c:	f8010113          	addi	sp,sp,-128
80002a10:	03f10613          	addi	a2,sp,63
80002a14:	00050813          	mv	a6,a0
80002a18:	00000893          	li	a7,0
80002a1c:	fc067613          	andi	a2,a2,-64
80002a20:	0a078063          	beqz	a5,80002ac0 <printstr+0xb8>
80002a24:	00050793          	mv	a5,a0
80002a28:	0017c703          	lbu	a4,1(a5)
80002a2c:	00178793          	addi	a5,a5,1
80002a30:	fe071ce3          	bnez	a4,80002a28 <printstr+0x20>
80002a34:	40a78333          	sub	t1,a5,a0
80002a38:	00000393          	li	t2,0
80002a3c:	04000713          	li	a4,64
80002a40:	00e62023          	sw	a4,0(a2)
80002a44:	00000793          	li	a5,0
80002a48:	00f62223          	sw	a5,4(a2)
80002a4c:	00100713          	li	a4,1
80002a50:	00e62423          	sw	a4,8(a2)
80002a54:	00000793          	li	a5,0
80002a58:	00f62623          	sw	a5,12(a2)
80002a5c:	01062823          	sw	a6,16(a2)
80002a60:	01162a23          	sw	a7,20(a2)
80002a64:	00662c23          	sw	t1,24(a2)
80002a68:	00762e23          	sw	t2,28(a2)
80002a6c:	0330000f          	fence	rw,rw
80002a70:	ffffe697          	auipc	a3,0xffffe
80002a74:	59068693          	addi	a3,a3,1424 # 80001000 <tohost>
80002a78:	00c6a023          	sw	a2,0(a3)
80002a7c:	00000793          	li	a5,0
80002a80:	00f6a223          	sw	a5,4(a3)
80002a84:	ffffe697          	auipc	a3,0xffffe
80002a88:	5bc68693          	addi	a3,a3,1468 # 80001040 <fromhost>
80002a8c:	0006a703          	lw	a4,0(a3)
80002a90:	0046a783          	lw	a5,4(a3)
80002a94:	00f76733          	or	a4,a4,a5
80002a98:	fe070ae3          	beqz	a4,80002a8c <printstr+0x84>
80002a9c:	00000793          	li	a5,0
80002aa0:	00f6a023          	sw	a5,0(a3)
80002aa4:	00000813          	li	a6,0
80002aa8:	0106a223          	sw	a6,4(a3)
80002aac:	0330000f          	fence	rw,rw
80002ab0:	00062703          	lw	a4,0(a2)
80002ab4:	00462783          	lw	a5,4(a2)
80002ab8:	08010113          	addi	sp,sp,128
80002abc:	00008067          	ret
80002ac0:	00000313          	li	t1,0
80002ac4:	00000393          	li	t2,0
80002ac8:	f75ff06f          	j	80002a3c <printstr+0x34>

80002acc <thread_entry>:
80002acc:	00051463          	bnez	a0,80002ad4 <thread_entry+0x8>
80002ad0:	00008067          	ret
80002ad4:	0000006f          	j	80002ad4 <thread_entry+0x8>

80002ad8 <printhex>:
80002ad8:	fd010113          	addi	sp,sp,-48
80002adc:	00050713          	mv	a4,a0
80002ae0:	02112623          	sw	ra,44(sp)
80002ae4:	00c10513          	addi	a0,sp,12
80002ae8:	01b10613          	addi	a2,sp,27
80002aec:	00900813          	li	a6,9
80002af0:	0080006f          	j	80002af8 <printhex+0x20>
80002af4:	00078613          	mv	a2,a5
80002af8:	00f77793          	andi	a5,a4,15
80002afc:	00f837b3          	sltu	a5,a6,a5
80002b00:	40f007b3          	neg	a5,a5
80002b04:	0277f793          	andi	a5,a5,39
80002b08:	00f77693          	andi	a3,a4,15
80002b0c:	03078793          	addi	a5,a5,48
80002b10:	00f687b3          	add	a5,a3,a5
80002b14:	00f60023          	sb	a5,0(a2)
80002b18:	00475713          	srli	a4,a4,0x4
80002b1c:	01c59793          	slli	a5,a1,0x1c
80002b20:	00e7e733          	or	a4,a5,a4
80002b24:	0045d593          	srli	a1,a1,0x4
80002b28:	fff60793          	addi	a5,a2,-1
80002b2c:	fcc514e3          	bne	a0,a2,80002af4 <printhex+0x1c>
80002b30:	00010e23          	sb	zero,28(sp)
80002b34:	ed5ff0ef          	jal	80002a08 <printstr>
80002b38:	02c12083          	lw	ra,44(sp)
80002b3c:	03010113          	addi	sp,sp,48
80002b40:	00008067          	ret

80002b44 <printf>:
80002b44:	fc010113          	addi	sp,sp,-64
80002b48:	02410313          	addi	t1,sp,36
80002b4c:	02b12223          	sw	a1,36(sp)
80002b50:	02c12423          	sw	a2,40(sp)
80002b54:	02d12623          	sw	a3,44(sp)
80002b58:	00050613          	mv	a2,a0
80002b5c:	00030693          	mv	a3,t1
80002b60:	00000517          	auipc	a0,0x0
80002b64:	d0850513          	addi	a0,a0,-760 # 80002868 <putchar>
80002b68:	00000593          	li	a1,0
80002b6c:	00112e23          	sw	ra,28(sp)
80002b70:	02e12823          	sw	a4,48(sp)
80002b74:	02f12a23          	sw	a5,52(sp)
80002b78:	03012c23          	sw	a6,56(sp)
80002b7c:	03112e23          	sw	a7,60(sp)
80002b80:	00612623          	sw	t1,12(sp)
80002b84:	ffcff0ef          	jal	80002380 <vprintfmt>
80002b88:	01c12083          	lw	ra,28(sp)
80002b8c:	00000513          	li	a0,0
80002b90:	04010113          	addi	sp,sp,64
80002b94:	00008067          	ret

80002b98 <sprintf>:
80002b98:	fb010113          	addi	sp,sp,-80
80002b9c:	03810313          	addi	t1,sp,56
80002ba0:	02812423          	sw	s0,40(sp)
80002ba4:	00a12623          	sw	a0,12(sp)
80002ba8:	02c12c23          	sw	a2,56(sp)
80002bac:	02d12e23          	sw	a3,60(sp)
80002bb0:	00050413          	mv	s0,a0
80002bb4:	00058613          	mv	a2,a1
80002bb8:	00000517          	auipc	a0,0x0
80002bbc:	c9850513          	addi	a0,a0,-872 # 80002850 <sprintf_putch.0>
80002bc0:	00c10593          	addi	a1,sp,12
80002bc4:	00030693          	mv	a3,t1
80002bc8:	02112623          	sw	ra,44(sp)
80002bcc:	04f12223          	sw	a5,68(sp)
80002bd0:	04e12023          	sw	a4,64(sp)
80002bd4:	05012423          	sw	a6,72(sp)
80002bd8:	05112623          	sw	a7,76(sp)
80002bdc:	00612e23          	sw	t1,28(sp)
80002be0:	fa0ff0ef          	jal	80002380 <vprintfmt>
80002be4:	00c12783          	lw	a5,12(sp)
80002be8:	00078023          	sb	zero,0(a5)
80002bec:	00c12503          	lw	a0,12(sp)
80002bf0:	02c12083          	lw	ra,44(sp)
80002bf4:	40850533          	sub	a0,a0,s0
80002bf8:	02812403          	lw	s0,40(sp)
80002bfc:	05010113          	addi	sp,sp,80
80002c00:	00008067          	ret

80002c04 <memcpy>:
80002c04:	00c5e7b3          	or	a5,a1,a2
80002c08:	00f567b3          	or	a5,a0,a5
80002c0c:	0037f793          	andi	a5,a5,3
80002c10:	00058393          	mv	t2,a1
80002c14:	00c506b3          	add	a3,a0,a2
80002c18:	02078463          	beqz	a5,80002c40 <memcpy+0x3c>
80002c1c:	00c58633          	add	a2,a1,a2
80002c20:	00050793          	mv	a5,a0
80002c24:	0ad57263          	bgeu	a0,a3,80002cc8 <memcpy+0xc4>
80002c28:	0005c703          	lbu	a4,0(a1)
80002c2c:	00158593          	addi	a1,a1,1
80002c30:	00178793          	addi	a5,a5,1
80002c34:	fee78fa3          	sb	a4,-1(a5)
80002c38:	fec598e3          	bne	a1,a2,80002c28 <memcpy+0x24>
80002c3c:	00008067          	ret
80002c40:	02050713          	addi	a4,a0,32
80002c44:	08d77463          	bgeu	a4,a3,80002ccc <memcpy+0xc8>
80002c48:	00070793          	mv	a5,a4
80002c4c:	0005a283          	lw	t0,0(a1)
80002c50:	0045af83          	lw	t6,4(a1)
80002c54:	0085af03          	lw	t5,8(a1)
80002c58:	00c5ae83          	lw	t4,12(a1)
80002c5c:	0105ae03          	lw	t3,16(a1)
80002c60:	0145a303          	lw	t1,20(a1)
80002c64:	0185a883          	lw	a7,24(a1)
80002c68:	01c5a803          	lw	a6,28(a1)
80002c6c:	02078793          	addi	a5,a5,32
80002c70:	fc57a023          	sw	t0,-64(a5)
80002c74:	fdf7a223          	sw	t6,-60(a5)
80002c78:	fde7a423          	sw	t5,-56(a5)
80002c7c:	fdd7a623          	sw	t4,-52(a5)
80002c80:	fdc7a823          	sw	t3,-48(a5)
80002c84:	fc67aa23          	sw	t1,-44(a5)
80002c88:	fd17ac23          	sw	a7,-40(a5)
80002c8c:	fd07ae23          	sw	a6,-36(a5)
80002c90:	02058593          	addi	a1,a1,32
80002c94:	fad7ece3          	bltu	a5,a3,80002c4c <memcpy+0x48>
80002c98:	fdf60613          	addi	a2,a2,-33
80002c9c:	fe067613          	andi	a2,a2,-32
80002ca0:	02038393          	addi	t2,t2,32
80002ca4:	00c707b3          	add	a5,a4,a2
80002ca8:	00c385b3          	add	a1,t2,a2
80002cac:	f8d7f8e3          	bgeu	a5,a3,80002c3c <memcpy+0x38>
80002cb0:	0005a703          	lw	a4,0(a1)
80002cb4:	00478793          	addi	a5,a5,4
80002cb8:	00458593          	addi	a1,a1,4
80002cbc:	fee7ae23          	sw	a4,-4(a5)
80002cc0:	fed7e8e3          	bltu	a5,a3,80002cb0 <memcpy+0xac>
80002cc4:	00008067          	ret
80002cc8:	00008067          	ret
80002ccc:	00050793          	mv	a5,a0
80002cd0:	fddff06f          	j	80002cac <memcpy+0xa8>

80002cd4 <memset>:
80002cd4:	ff010113          	addi	sp,sp,-16
80002cd8:	00c567b3          	or	a5,a0,a2
80002cdc:	00812423          	sw	s0,8(sp)
80002ce0:	00112623          	sw	ra,12(sp)
80002ce4:	0037f793          	andi	a5,a5,3
80002ce8:	00050413          	mv	s0,a0
80002cec:	00c50733          	add	a4,a0,a2
80002cf0:	02078263          	beqz	a5,80002d14 <memset+0x40>
80002cf4:	00e57663          	bgeu	a0,a4,80002d00 <memset+0x2c>
80002cf8:	0ff5f593          	zext.b	a1,a1
80002cfc:	fd9ff0ef          	jal	80002cd4 <memset>
80002d00:	00c12083          	lw	ra,12(sp)
80002d04:	00040513          	mv	a0,s0
80002d08:	00812403          	lw	s0,8(sp)
80002d0c:	01010113          	addi	sp,sp,16
80002d10:	00008067          	ret
80002d14:	0ff5f593          	zext.b	a1,a1
80002d18:	00859693          	slli	a3,a1,0x8
80002d1c:	00b686b3          	add	a3,a3,a1
80002d20:	01069793          	slli	a5,a3,0x10
80002d24:	00f686b3          	add	a3,a3,a5
80002d28:	fce57ce3          	bgeu	a0,a4,80002d00 <memset+0x2c>
80002d2c:	00050793          	mv	a5,a0
80002d30:	00478793          	addi	a5,a5,4
80002d34:	fed7ae23          	sw	a3,-4(a5)
80002d38:	fee7ece3          	bltu	a5,a4,80002d30 <memset+0x5c>
80002d3c:	00c12083          	lw	ra,12(sp)
80002d40:	00040513          	mv	a0,s0
80002d44:	00812403          	lw	s0,8(sp)
80002d48:	01010113          	addi	sp,sp,16
80002d4c:	00008067          	ret

80002d50 <_init>:
80002d50:	f6010113          	addi	sp,sp,-160
80002d54:	00007797          	auipc	a5,0x7
80002d58:	1b478793          	addi	a5,a5,436 # 80009f08 <_tdata_begin>
80002d5c:	09312623          	sw	s3,140(sp)
80002d60:	00007997          	auipc	s3,0x7
80002d64:	1a898993          	addi	s3,s3,424 # 80009f08 <_tdata_begin>
80002d68:	09412423          	sw	s4,136(sp)
80002d6c:	40f98a33          	sub	s4,s3,a5
80002d70:	08912a23          	sw	s1,148(sp)
80002d74:	09212823          	sw	s2,144(sp)
80002d78:	00050493          	mv	s1,a0
80002d7c:	00058913          	mv	s2,a1
80002d80:	00020513          	mv	a0,tp
80002d84:	00078593          	mv	a1,a5
80002d88:	000a0613          	mv	a2,s4
80002d8c:	08112e23          	sw	ra,156(sp)
80002d90:	08812c23          	sw	s0,152(sp)
80002d94:	09512223          	sw	s5,132(sp)
80002d98:	00020a93          	mv	s5,tp
80002d9c:	e69ff0ef          	jal	80002c04 <memcpy>
80002da0:	00007617          	auipc	a2,0x7
80002da4:	1e460613          	addi	a2,a2,484 # 80009f84 <_tbss_end>
80002da8:	41360633          	sub	a2,a2,s3
80002dac:	00000593          	li	a1,0
80002db0:	014a8533          	add	a0,s5,s4
80002db4:	f21ff0ef          	jal	80002cd4 <memset>
80002db8:	00090593          	mv	a1,s2
80002dbc:	00048513          	mv	a0,s1
80002dc0:	d0dff0ef          	jal	80002acc <thread_entry>
80002dc4:	00000593          	li	a1,0
80002dc8:	00000513          	li	a0,0
80002dcc:	535000ef          	jal	80003b00 <main>
80002dd0:	00005917          	auipc	s2,0x5
80002dd4:	13090913          	addi	s2,s2,304 # 80007f00 <counters>
80002dd8:	00092683          	lw	a3,0(s2)
80002ddc:	03f10413          	addi	s0,sp,63
80002de0:	fc047413          	andi	s0,s0,-64
80002de4:	00050493          	mv	s1,a0
80002de8:	04069463          	bnez	a3,80002e30 <_init+0xe0>
80002dec:	00492683          	lw	a3,4(s2)
80002df0:	00069663          	bnez	a3,80002dfc <_init+0xac>
80002df4:	00048513          	mv	a0,s1
80002df8:	ba9ff0ef          	jal	800029a0 <tohost_exit>
80002dfc:	00040913          	mv	s2,s0
80002e00:	00005997          	auipc	s3,0x5
80002e04:	0f898993          	addi	s3,s3,248 # 80007ef8 <counter_names>
80002e08:	0049a603          	lw	a2,4(s3)
80002e0c:	00090513          	mv	a0,s2
80002e10:	00001597          	auipc	a1,0x1
80002e14:	dd058593          	addi	a1,a1,-560 # 80003be0 <main+0xe0>
80002e18:	d81ff0ef          	jal	80002b98 <sprintf>
80002e1c:	00a90933          	add	s2,s2,a0
80002e20:	fd240ae3          	beq	s0,s2,80002df4 <_init+0xa4>
80002e24:	00040513          	mv	a0,s0
80002e28:	be1ff0ef          	jal	80002a08 <printstr>
80002e2c:	fc9ff06f          	j	80002df4 <_init+0xa4>
80002e30:	00005997          	auipc	s3,0x5
80002e34:	0c898993          	addi	s3,s3,200 # 80007ef8 <counter_names>
80002e38:	0009a603          	lw	a2,0(s3)
80002e3c:	00001597          	auipc	a1,0x1
80002e40:	da458593          	addi	a1,a1,-604 # 80003be0 <main+0xe0>
80002e44:	00040513          	mv	a0,s0
80002e48:	d51ff0ef          	jal	80002b98 <sprintf>
80002e4c:	00492683          	lw	a3,4(s2)
80002e50:	00a40933          	add	s2,s0,a0
80002e54:	fc0686e3          	beqz	a3,80002e20 <_init+0xd0>
80002e58:	fb1ff06f          	j	80002e08 <_init+0xb8>

80002e5c <strlen>:
80002e5c:	00054783          	lbu	a5,0(a0)
80002e60:	00078e63          	beqz	a5,80002e7c <strlen+0x20>
80002e64:	00050793          	mv	a5,a0
80002e68:	0017c703          	lbu	a4,1(a5)
80002e6c:	00178793          	addi	a5,a5,1
80002e70:	fe071ce3          	bnez	a4,80002e68 <strlen+0xc>
80002e74:	40a78533          	sub	a0,a5,a0
80002e78:	00008067          	ret
80002e7c:	00000513          	li	a0,0
80002e80:	00008067          	ret

80002e84 <strnlen>:
80002e84:	00b506b3          	add	a3,a0,a1
80002e88:	00050793          	mv	a5,a0
80002e8c:	00059863          	bnez	a1,80002e9c <strnlen+0x18>
80002e90:	01c0006f          	j	80002eac <strnlen+0x28>
80002e94:	00178793          	addi	a5,a5,1
80002e98:	00d78663          	beq	a5,a3,80002ea4 <strnlen+0x20>
80002e9c:	0007c703          	lbu	a4,0(a5)
80002ea0:	fe071ae3          	bnez	a4,80002e94 <strnlen+0x10>
80002ea4:	40a78533          	sub	a0,a5,a0
80002ea8:	00008067          	ret
80002eac:	00000513          	li	a0,0
80002eb0:	00008067          	ret

80002eb4 <strcmp>:
80002eb4:	00054783          	lbu	a5,0(a0)
80002eb8:	00150513          	addi	a0,a0,1
80002ebc:	00158593          	addi	a1,a1,1
80002ec0:	fff5c703          	lbu	a4,-1(a1)
80002ec4:	00078863          	beqz	a5,80002ed4 <strcmp+0x20>
80002ec8:	fee786e3          	beq	a5,a4,80002eb4 <strcmp>
80002ecc:	40e78533          	sub	a0,a5,a4
80002ed0:	00008067          	ret
80002ed4:	00000793          	li	a5,0
80002ed8:	ff5ff06f          	j	80002ecc <strcmp+0x18>

80002edc <strcpy>:
80002edc:	00050793          	mv	a5,a0
80002ee0:	0005c703          	lbu	a4,0(a1)
80002ee4:	00158593          	addi	a1,a1,1
80002ee8:	00178793          	addi	a5,a5,1
80002eec:	fee78fa3          	sb	a4,-1(a5)
80002ef0:	fe0718e3          	bnez	a4,80002ee0 <strcpy+0x4>
80002ef4:	00008067          	ret

80002ef8 <atol>:
80002ef8:	00054703          	lbu	a4,0(a0)
80002efc:	02000693          	li	a3,32
80002f00:	00050793          	mv	a5,a0
80002f04:	00d71a63          	bne	a4,a3,80002f18 <atol+0x20>
80002f08:	00070693          	mv	a3,a4
80002f0c:	0017c703          	lbu	a4,1(a5)
80002f10:	00178793          	addi	a5,a5,1
80002f14:	fed70ce3          	beq	a4,a3,80002f0c <atol+0x14>
80002f18:	02d00693          	li	a3,45
80002f1c:	04d70e63          	beq	a4,a3,80002f78 <atol+0x80>
80002f20:	02b00693          	li	a3,43
80002f24:	04d70063          	beq	a4,a3,80002f64 <atol+0x6c>
80002f28:	0007c683          	lbu	a3,0(a5)
80002f2c:	00000593          	li	a1,0
80002f30:	04068c63          	beqz	a3,80002f88 <atol+0x90>
80002f34:	00000513          	li	a0,0
80002f38:	00178793          	addi	a5,a5,1
80002f3c:	fd068613          	addi	a2,a3,-48
80002f40:	00251713          	slli	a4,a0,0x2
80002f44:	0007c683          	lbu	a3,0(a5)
80002f48:	00a70733          	add	a4,a4,a0
80002f4c:	00171713          	slli	a4,a4,0x1
80002f50:	00e60533          	add	a0,a2,a4
80002f54:	fe0692e3          	bnez	a3,80002f38 <atol+0x40>
80002f58:	02058a63          	beqz	a1,80002f8c <atol+0x94>
80002f5c:	40a00533          	neg	a0,a0
80002f60:	00008067          	ret
80002f64:	0017c683          	lbu	a3,1(a5)
80002f68:	00178793          	addi	a5,a5,1
80002f6c:	00068e63          	beqz	a3,80002f88 <atol+0x90>
80002f70:	00000593          	li	a1,0
80002f74:	fc1ff06f          	j	80002f34 <atol+0x3c>
80002f78:	0017c683          	lbu	a3,1(a5)
80002f7c:	00100593          	li	a1,1
80002f80:	00b787b3          	add	a5,a5,a1
80002f84:	fa0698e3          	bnez	a3,80002f34 <atol+0x3c>
80002f88:	00000513          	li	a0,0
80002f8c:	00008067          	ret

80002f90 <__udivdi3>:
80002f90:	fd010113          	addi	sp,sp,-48
80002f94:	01412c23          	sw	s4,24(sp)
80002f98:	02112623          	sw	ra,44(sp)
80002f9c:	02812423          	sw	s0,40(sp)
80002fa0:	02912223          	sw	s1,36(sp)
80002fa4:	03212023          	sw	s2,32(sp)
80002fa8:	01312e23          	sw	s3,28(sp)
80002fac:	01512a23          	sw	s5,20(sp)
80002fb0:	01612823          	sw	s6,16(sp)
80002fb4:	01712623          	sw	s7,12(sp)
80002fb8:	01812423          	sw	s8,8(sp)
80002fbc:	01912223          	sw	s9,4(sp)
80002fc0:	01a12023          	sw	s10,0(sp)
80002fc4:	00050a13          	mv	s4,a0
80002fc8:	38069663          	bnez	a3,80003354 <__udivdi3+0x3c4>
80002fcc:	800047b7          	lui	a5,0x80004
80002fd0:	00060993          	mv	s3,a2
80002fd4:	00050493          	mv	s1,a0
80002fd8:	d4478793          	addi	a5,a5,-700 # 80003d44 <__clz_tab>
80002fdc:	12c5f863          	bgeu	a1,a2,8000310c <__udivdi3+0x17c>
80002fe0:	00010737          	lui	a4,0x10
80002fe4:	00058913          	mv	s2,a1
80002fe8:	10e67863          	bgeu	a2,a4,800030f8 <__udivdi3+0x168>
80002fec:	10063713          	sltiu	a4,a2,256
80002ff0:	00173713          	seqz	a4,a4
80002ff4:	00371713          	slli	a4,a4,0x3
80002ff8:	00e656b3          	srl	a3,a2,a4
80002ffc:	00d787b3          	add	a5,a5,a3
80003000:	0007c783          	lbu	a5,0(a5)
80003004:	02000693          	li	a3,32
80003008:	00e787b3          	add	a5,a5,a4
8000300c:	40f68733          	sub	a4,a3,a5
80003010:	00f68c63          	beq	a3,a5,80003028 <__udivdi3+0x98>
80003014:	00e59933          	sll	s2,a1,a4
80003018:	00fa57b3          	srl	a5,s4,a5
8000301c:	00e619b3          	sll	s3,a2,a4
80003020:	0127e933          	or	s2,a5,s2
80003024:	00ea14b3          	sll	s1,s4,a4
80003028:	0109da93          	srli	s5,s3,0x10
8000302c:	000a8593          	mv	a1,s5
80003030:	00090513          	mv	a0,s2
80003034:	01099b13          	slli	s6,s3,0x10
80003038:	21d000ef          	jal	80003a54 <__hidden___udivsi3>
8000303c:	010b5b13          	srli	s6,s6,0x10
80003040:	00050593          	mv	a1,a0
80003044:	00050a13          	mv	s4,a0
80003048:	000b0513          	mv	a0,s6
8000304c:	1dd000ef          	jal	80003a28 <__mulsi3>
80003050:	00050413          	mv	s0,a0
80003054:	000a8593          	mv	a1,s5
80003058:	00090513          	mv	a0,s2
8000305c:	241000ef          	jal	80003a9c <__umodsi3>
80003060:	01051513          	slli	a0,a0,0x10
80003064:	0104d713          	srli	a4,s1,0x10
80003068:	00a76733          	or	a4,a4,a0
8000306c:	000a0913          	mv	s2,s4
80003070:	00877e63          	bgeu	a4,s0,8000308c <__udivdi3+0xfc>
80003074:	00e98733          	add	a4,s3,a4
80003078:	fffa0913          	addi	s2,s4,-1
8000307c:	01376863          	bltu	a4,s3,8000308c <__udivdi3+0xfc>
80003080:	00877663          	bgeu	a4,s0,8000308c <__udivdi3+0xfc>
80003084:	ffea0913          	addi	s2,s4,-2
80003088:	01370733          	add	a4,a4,s3
8000308c:	40870433          	sub	s0,a4,s0
80003090:	000a8593          	mv	a1,s5
80003094:	00040513          	mv	a0,s0
80003098:	1bd000ef          	jal	80003a54 <__hidden___udivsi3>
8000309c:	00050593          	mv	a1,a0
800030a0:	00050a13          	mv	s4,a0
800030a4:	000b0513          	mv	a0,s6
800030a8:	181000ef          	jal	80003a28 <__mulsi3>
800030ac:	00050b13          	mv	s6,a0
800030b0:	000a8593          	mv	a1,s5
800030b4:	00040513          	mv	a0,s0
800030b8:	1e5000ef          	jal	80003a9c <__umodsi3>
800030bc:	01049493          	slli	s1,s1,0x10
800030c0:	01051513          	slli	a0,a0,0x10
800030c4:	0104d493          	srli	s1,s1,0x10
800030c8:	00a4e4b3          	or	s1,s1,a0
800030cc:	000a0713          	mv	a4,s4
800030d0:	0164fc63          	bgeu	s1,s6,800030e8 <__udivdi3+0x158>
800030d4:	009984b3          	add	s1,s3,s1
800030d8:	fffa0713          	addi	a4,s4,-1
800030dc:	0134e663          	bltu	s1,s3,800030e8 <__udivdi3+0x158>
800030e0:	0164f463          	bgeu	s1,s6,800030e8 <__udivdi3+0x158>
800030e4:	ffea0713          	addi	a4,s4,-2
800030e8:	01091793          	slli	a5,s2,0x10
800030ec:	00e7e7b3          	or	a5,a5,a4
800030f0:	00000913          	li	s2,0
800030f4:	1200006f          	j	80003214 <__udivdi3+0x284>
800030f8:	010006b7          	lui	a3,0x1000
800030fc:	01800713          	li	a4,24
80003100:	eed67ce3          	bgeu	a2,a3,80002ff8 <__udivdi3+0x68>
80003104:	01000713          	li	a4,16
80003108:	ef1ff06f          	j	80002ff8 <__udivdi3+0x68>
8000310c:	00000713          	li	a4,0
80003110:	00060c63          	beqz	a2,80003128 <__udivdi3+0x198>
80003114:	00010737          	lui	a4,0x10
80003118:	12e67e63          	bgeu	a2,a4,80003254 <__udivdi3+0x2c4>
8000311c:	10063713          	sltiu	a4,a2,256
80003120:	00173713          	seqz	a4,a4
80003124:	00371713          	slli	a4,a4,0x3
80003128:	00e656b3          	srl	a3,a2,a4
8000312c:	00d787b3          	add	a5,a5,a3
80003130:	0007c783          	lbu	a5,0(a5)
80003134:	02000693          	li	a3,32
80003138:	00e787b3          	add	a5,a5,a4
8000313c:	40f68733          	sub	a4,a3,a5
80003140:	12f69463          	bne	a3,a5,80003268 <__udivdi3+0x2d8>
80003144:	40c58a33          	sub	s4,a1,a2
80003148:	00100913          	li	s2,1
8000314c:	0109db13          	srli	s6,s3,0x10
80003150:	000b0593          	mv	a1,s6
80003154:	000a0513          	mv	a0,s4
80003158:	01099b93          	slli	s7,s3,0x10
8000315c:	0f9000ef          	jal	80003a54 <__hidden___udivsi3>
80003160:	010bdb93          	srli	s7,s7,0x10
80003164:	00050593          	mv	a1,a0
80003168:	00050c13          	mv	s8,a0
8000316c:	000b8513          	mv	a0,s7
80003170:	0b9000ef          	jal	80003a28 <__mulsi3>
80003174:	00050a93          	mv	s5,a0
80003178:	000b0593          	mv	a1,s6
8000317c:	000a0513          	mv	a0,s4
80003180:	11d000ef          	jal	80003a9c <__umodsi3>
80003184:	01051513          	slli	a0,a0,0x10
80003188:	0104d713          	srli	a4,s1,0x10
8000318c:	00a76733          	or	a4,a4,a0
80003190:	000c0a13          	mv	s4,s8
80003194:	01577e63          	bgeu	a4,s5,800031b0 <__udivdi3+0x220>
80003198:	00e98733          	add	a4,s3,a4
8000319c:	fffc0a13          	addi	s4,s8,-1
800031a0:	01376863          	bltu	a4,s3,800031b0 <__udivdi3+0x220>
800031a4:	01577663          	bgeu	a4,s5,800031b0 <__udivdi3+0x220>
800031a8:	ffec0a13          	addi	s4,s8,-2
800031ac:	01370733          	add	a4,a4,s3
800031b0:	41570433          	sub	s0,a4,s5
800031b4:	000b0593          	mv	a1,s6
800031b8:	00040513          	mv	a0,s0
800031bc:	099000ef          	jal	80003a54 <__hidden___udivsi3>
800031c0:	00050593          	mv	a1,a0
800031c4:	00050a93          	mv	s5,a0
800031c8:	000b8513          	mv	a0,s7
800031cc:	05d000ef          	jal	80003a28 <__mulsi3>
800031d0:	00050b93          	mv	s7,a0
800031d4:	000b0593          	mv	a1,s6
800031d8:	00040513          	mv	a0,s0
800031dc:	0c1000ef          	jal	80003a9c <__umodsi3>
800031e0:	01049493          	slli	s1,s1,0x10
800031e4:	01051513          	slli	a0,a0,0x10
800031e8:	0104d493          	srli	s1,s1,0x10
800031ec:	00a4e4b3          	or	s1,s1,a0
800031f0:	000a8713          	mv	a4,s5
800031f4:	0174fc63          	bgeu	s1,s7,8000320c <__udivdi3+0x27c>
800031f8:	009984b3          	add	s1,s3,s1
800031fc:	fffa8713          	addi	a4,s5,-1
80003200:	0134e663          	bltu	s1,s3,8000320c <__udivdi3+0x27c>
80003204:	0174f463          	bgeu	s1,s7,8000320c <__udivdi3+0x27c>
80003208:	ffea8713          	addi	a4,s5,-2
8000320c:	010a1793          	slli	a5,s4,0x10
80003210:	00e7e7b3          	or	a5,a5,a4
80003214:	02c12083          	lw	ra,44(sp)
80003218:	02812403          	lw	s0,40(sp)
8000321c:	02412483          	lw	s1,36(sp)
80003220:	01c12983          	lw	s3,28(sp)
80003224:	01812a03          	lw	s4,24(sp)
80003228:	01412a83          	lw	s5,20(sp)
8000322c:	01012b03          	lw	s6,16(sp)
80003230:	00c12b83          	lw	s7,12(sp)
80003234:	00812c03          	lw	s8,8(sp)
80003238:	00412c83          	lw	s9,4(sp)
8000323c:	00012d03          	lw	s10,0(sp)
80003240:	00090593          	mv	a1,s2
80003244:	00078513          	mv	a0,a5
80003248:	02012903          	lw	s2,32(sp)
8000324c:	03010113          	addi	sp,sp,48
80003250:	00008067          	ret
80003254:	010006b7          	lui	a3,0x1000
80003258:	01800713          	li	a4,24
8000325c:	ecd676e3          	bgeu	a2,a3,80003128 <__udivdi3+0x198>
80003260:	01000713          	li	a4,16
80003264:	ec5ff06f          	j	80003128 <__udivdi3+0x198>
80003268:	00e619b3          	sll	s3,a2,a4
8000326c:	00f5d933          	srl	s2,a1,a5
80003270:	0109db93          	srli	s7,s3,0x10
80003274:	00e595b3          	sll	a1,a1,a4
80003278:	00fa57b3          	srl	a5,s4,a5
8000327c:	00b7eab3          	or	s5,a5,a1
80003280:	00ea14b3          	sll	s1,s4,a4
80003284:	000b8593          	mv	a1,s7
80003288:	00090513          	mv	a0,s2
8000328c:	01099a13          	slli	s4,s3,0x10
80003290:	7c4000ef          	jal	80003a54 <__hidden___udivsi3>
80003294:	010a5a13          	srli	s4,s4,0x10
80003298:	00050593          	mv	a1,a0
8000329c:	00050b13          	mv	s6,a0
800032a0:	000a0513          	mv	a0,s4
800032a4:	784000ef          	jal	80003a28 <__mulsi3>
800032a8:	00050413          	mv	s0,a0
800032ac:	000b8593          	mv	a1,s7
800032b0:	00090513          	mv	a0,s2
800032b4:	7e8000ef          	jal	80003a9c <__umodsi3>
800032b8:	01051513          	slli	a0,a0,0x10
800032bc:	010ad713          	srli	a4,s5,0x10
800032c0:	00a76733          	or	a4,a4,a0
800032c4:	000b0913          	mv	s2,s6
800032c8:	00877e63          	bgeu	a4,s0,800032e4 <__udivdi3+0x354>
800032cc:	00e98733          	add	a4,s3,a4
800032d0:	fffb0913          	addi	s2,s6,-1
800032d4:	01376863          	bltu	a4,s3,800032e4 <__udivdi3+0x354>
800032d8:	00877663          	bgeu	a4,s0,800032e4 <__udivdi3+0x354>
800032dc:	ffeb0913          	addi	s2,s6,-2
800032e0:	01370733          	add	a4,a4,s3
800032e4:	40870433          	sub	s0,a4,s0
800032e8:	000b8593          	mv	a1,s7
800032ec:	00040513          	mv	a0,s0
800032f0:	764000ef          	jal	80003a54 <__hidden___udivsi3>
800032f4:	00050593          	mv	a1,a0
800032f8:	00050b13          	mv	s6,a0
800032fc:	000a0513          	mv	a0,s4
80003300:	728000ef          	jal	80003a28 <__mulsi3>
80003304:	00050a13          	mv	s4,a0
80003308:	000b8593          	mv	a1,s7
8000330c:	00040513          	mv	a0,s0
80003310:	78c000ef          	jal	80003a9c <__umodsi3>
80003314:	010a9793          	slli	a5,s5,0x10
80003318:	01051513          	slli	a0,a0,0x10
8000331c:	0107d793          	srli	a5,a5,0x10
80003320:	00a7e7b3          	or	a5,a5,a0
80003324:	000b0713          	mv	a4,s6
80003328:	0147fe63          	bgeu	a5,s4,80003344 <__udivdi3+0x3b4>
8000332c:	00f987b3          	add	a5,s3,a5
80003330:	fffb0713          	addi	a4,s6,-1
80003334:	0137e863          	bltu	a5,s3,80003344 <__udivdi3+0x3b4>
80003338:	0147f663          	bgeu	a5,s4,80003344 <__udivdi3+0x3b4>
8000333c:	ffeb0713          	addi	a4,s6,-2
80003340:	013787b3          	add	a5,a5,s3
80003344:	01091913          	slli	s2,s2,0x10
80003348:	41478a33          	sub	s4,a5,s4
8000334c:	00e96933          	or	s2,s2,a4
80003350:	dfdff06f          	j	8000314c <__udivdi3+0x1bc>
80003354:	1ed5ec63          	bltu	a1,a3,8000354c <__udivdi3+0x5bc>
80003358:	000107b7          	lui	a5,0x10
8000335c:	04f6f463          	bgeu	a3,a5,800033a4 <__udivdi3+0x414>
80003360:	1006b713          	sltiu	a4,a3,256
80003364:	00173713          	seqz	a4,a4
80003368:	00371713          	slli	a4,a4,0x3
8000336c:	800047b7          	lui	a5,0x80004
80003370:	00e6d533          	srl	a0,a3,a4
80003374:	d4478793          	addi	a5,a5,-700 # 80003d44 <__clz_tab>
80003378:	00a787b3          	add	a5,a5,a0
8000337c:	0007c803          	lbu	a6,0(a5)
80003380:	02000793          	li	a5,32
80003384:	00e80833          	add	a6,a6,a4
80003388:	41078933          	sub	s2,a5,a6
8000338c:	03079663          	bne	a5,a6,800033b8 <__udivdi3+0x428>
80003390:	00100793          	li	a5,1
80003394:	e8b6e0e3          	bltu	a3,a1,80003214 <__udivdi3+0x284>
80003398:	00ca37b3          	sltu	a5,s4,a2
8000339c:	0017b793          	seqz	a5,a5
800033a0:	e75ff06f          	j	80003214 <__udivdi3+0x284>
800033a4:	010007b7          	lui	a5,0x1000
800033a8:	01800713          	li	a4,24
800033ac:	fcf6f0e3          	bgeu	a3,a5,8000336c <__udivdi3+0x3dc>
800033b0:	01000713          	li	a4,16
800033b4:	fb9ff06f          	j	8000336c <__udivdi3+0x3dc>
800033b8:	012696b3          	sll	a3,a3,s2
800033bc:	01065ab3          	srl	s5,a2,a6
800033c0:	00daeab3          	or	s5,s5,a3
800033c4:	0105d9b3          	srl	s3,a1,a6
800033c8:	010adc13          	srli	s8,s5,0x10
800033cc:	010a5833          	srl	a6,s4,a6
800033d0:	012595b3          	sll	a1,a1,s2
800033d4:	00b864b3          	or	s1,a6,a1
800033d8:	010a9b93          	slli	s7,s5,0x10
800033dc:	000c0593          	mv	a1,s8
800033e0:	00098513          	mv	a0,s3
800033e4:	01261433          	sll	s0,a2,s2
800033e8:	010bdb93          	srli	s7,s7,0x10
800033ec:	668000ef          	jal	80003a54 <__hidden___udivsi3>
800033f0:	00050593          	mv	a1,a0
800033f4:	00050d13          	mv	s10,a0
800033f8:	000b8513          	mv	a0,s7
800033fc:	62c000ef          	jal	80003a28 <__mulsi3>
80003400:	00050c93          	mv	s9,a0
80003404:	000c0593          	mv	a1,s8
80003408:	00098513          	mv	a0,s3
8000340c:	690000ef          	jal	80003a9c <__umodsi3>
80003410:	01051513          	slli	a0,a0,0x10
80003414:	0104d693          	srli	a3,s1,0x10
80003418:	00a6e6b3          	or	a3,a3,a0
8000341c:	000d0b13          	mv	s6,s10
80003420:	0196fe63          	bgeu	a3,s9,8000343c <__udivdi3+0x4ac>
80003424:	00da86b3          	add	a3,s5,a3
80003428:	fffd0b13          	addi	s6,s10,-1
8000342c:	0156e863          	bltu	a3,s5,8000343c <__udivdi3+0x4ac>
80003430:	0196f663          	bgeu	a3,s9,8000343c <__udivdi3+0x4ac>
80003434:	ffed0b13          	addi	s6,s10,-2
80003438:	015686b3          	add	a3,a3,s5
8000343c:	419689b3          	sub	s3,a3,s9
80003440:	000c0593          	mv	a1,s8
80003444:	00098513          	mv	a0,s3
80003448:	60c000ef          	jal	80003a54 <__hidden___udivsi3>
8000344c:	00050593          	mv	a1,a0
80003450:	00050c93          	mv	s9,a0
80003454:	000b8513          	mv	a0,s7
80003458:	5d0000ef          	jal	80003a28 <__mulsi3>
8000345c:	00050b93          	mv	s7,a0
80003460:	000c0593          	mv	a1,s8
80003464:	00098513          	mv	a0,s3
80003468:	634000ef          	jal	80003a9c <__umodsi3>
8000346c:	01049713          	slli	a4,s1,0x10
80003470:	01051513          	slli	a0,a0,0x10
80003474:	01075713          	srli	a4,a4,0x10
80003478:	00a76733          	or	a4,a4,a0
8000347c:	000c8693          	mv	a3,s9
80003480:	01777e63          	bgeu	a4,s7,8000349c <__udivdi3+0x50c>
80003484:	00ea8733          	add	a4,s5,a4
80003488:	fffc8693          	addi	a3,s9,-1
8000348c:	01576863          	bltu	a4,s5,8000349c <__udivdi3+0x50c>
80003490:	01777663          	bgeu	a4,s7,8000349c <__udivdi3+0x50c>
80003494:	ffec8693          	addi	a3,s9,-2
80003498:	01570733          	add	a4,a4,s5
8000349c:	010b1793          	slli	a5,s6,0x10
800034a0:	01069813          	slli	a6,a3,0x10
800034a4:	01041313          	slli	t1,s0,0x10
800034a8:	00d7e7b3          	or	a5,a5,a3
800034ac:	01085813          	srli	a6,a6,0x10
800034b0:	01035313          	srli	t1,t1,0x10
800034b4:	41770733          	sub	a4,a4,s7
800034b8:	0107de13          	srli	t3,a5,0x10
800034bc:	01045413          	srli	s0,s0,0x10
800034c0:	00080513          	mv	a0,a6
800034c4:	00030593          	mv	a1,t1
800034c8:	560000ef          	jal	80003a28 <__mulsi3>
800034cc:	00050893          	mv	a7,a0
800034d0:	00040593          	mv	a1,s0
800034d4:	00080513          	mv	a0,a6
800034d8:	550000ef          	jal	80003a28 <__mulsi3>
800034dc:	00050813          	mv	a6,a0
800034e0:	00030593          	mv	a1,t1
800034e4:	000e0513          	mv	a0,t3
800034e8:	540000ef          	jal	80003a28 <__mulsi3>
800034ec:	00050313          	mv	t1,a0
800034f0:	00040593          	mv	a1,s0
800034f4:	000e0513          	mv	a0,t3
800034f8:	530000ef          	jal	80003a28 <__mulsi3>
800034fc:	0108d693          	srli	a3,a7,0x10
80003500:	00680833          	add	a6,a6,t1
80003504:	010686b3          	add	a3,a3,a6
80003508:	00050613          	mv	a2,a0
8000350c:	0066f663          	bgeu	a3,t1,80003518 <__udivdi3+0x588>
80003510:	000105b7          	lui	a1,0x10
80003514:	00b50633          	add	a2,a0,a1
80003518:	0106d593          	srli	a1,a3,0x10
8000351c:	00c58633          	add	a2,a1,a2
80003520:	02c76263          	bltu	a4,a2,80003544 <__udivdi3+0x5b4>
80003524:	bcc716e3          	bne	a4,a2,800030f0 <__udivdi3+0x160>
80003528:	01089893          	slli	a7,a7,0x10
8000352c:	01069693          	slli	a3,a3,0x10
80003530:	0108d893          	srli	a7,a7,0x10
80003534:	012a1733          	sll	a4,s4,s2
80003538:	011686b3          	add	a3,a3,a7
8000353c:	00000913          	li	s2,0
80003540:	ccd77ae3          	bgeu	a4,a3,80003214 <__udivdi3+0x284>
80003544:	fff78793          	addi	a5,a5,-1 # ffffff <buflen.1+0xffffbf>
80003548:	ba9ff06f          	j	800030f0 <__udivdi3+0x160>
8000354c:	00000913          	li	s2,0
80003550:	00000793          	li	a5,0
80003554:	cc1ff06f          	j	80003214 <__udivdi3+0x284>

80003558 <__umoddi3>:
80003558:	fd010113          	addi	sp,sp,-48
8000355c:	02812423          	sw	s0,40(sp)
80003560:	02912223          	sw	s1,36(sp)
80003564:	02112623          	sw	ra,44(sp)
80003568:	03212023          	sw	s2,32(sp)
8000356c:	01312e23          	sw	s3,28(sp)
80003570:	01412c23          	sw	s4,24(sp)
80003574:	01512a23          	sw	s5,20(sp)
80003578:	01612823          	sw	s6,16(sp)
8000357c:	01712623          	sw	s7,12(sp)
80003580:	01812423          	sw	s8,8(sp)
80003584:	01912223          	sw	s9,4(sp)
80003588:	01a12023          	sw	s10,0(sp)
8000358c:	00050413          	mv	s0,a0
80003590:	00058493          	mv	s1,a1
80003594:	24069c63          	bnez	a3,800037ec <__umoddi3+0x294>
80003598:	800047b7          	lui	a5,0x80004
8000359c:	00060993          	mv	s3,a2
800035a0:	d4478793          	addi	a5,a5,-700 # 80003d44 <__clz_tab>
800035a4:	12c5fe63          	bgeu	a1,a2,800036e0 <__umoddi3+0x188>
800035a8:	00010737          	lui	a4,0x10
800035ac:	12e67063          	bgeu	a2,a4,800036cc <__umoddi3+0x174>
800035b0:	10063713          	sltiu	a4,a2,256
800035b4:	00173713          	seqz	a4,a4
800035b8:	00371713          	slli	a4,a4,0x3
800035bc:	00e656b3          	srl	a3,a2,a4
800035c0:	00d787b3          	add	a5,a5,a3
800035c4:	0007c783          	lbu	a5,0(a5)
800035c8:	00e787b3          	add	a5,a5,a4
800035cc:	02000713          	li	a4,32
800035d0:	40f70933          	sub	s2,a4,a5
800035d4:	00f70c63          	beq	a4,a5,800035ec <__umoddi3+0x94>
800035d8:	012594b3          	sll	s1,a1,s2
800035dc:	00f557b3          	srl	a5,a0,a5
800035e0:	012619b3          	sll	s3,a2,s2
800035e4:	0097e4b3          	or	s1,a5,s1
800035e8:	01251433          	sll	s0,a0,s2
800035ec:	0109da93          	srli	s5,s3,0x10
800035f0:	000a8593          	mv	a1,s5
800035f4:	01099b13          	slli	s6,s3,0x10
800035f8:	00048513          	mv	a0,s1
800035fc:	458000ef          	jal	80003a54 <__hidden___udivsi3>
80003600:	010b5b13          	srli	s6,s6,0x10
80003604:	000b0593          	mv	a1,s6
80003608:	420000ef          	jal	80003a28 <__mulsi3>
8000360c:	00050a13          	mv	s4,a0
80003610:	000a8593          	mv	a1,s5
80003614:	00048513          	mv	a0,s1
80003618:	484000ef          	jal	80003a9c <__umodsi3>
8000361c:	01051513          	slli	a0,a0,0x10
80003620:	01045793          	srli	a5,s0,0x10
80003624:	00a7e7b3          	or	a5,a5,a0
80003628:	0147fa63          	bgeu	a5,s4,8000363c <__umoddi3+0xe4>
8000362c:	00f987b3          	add	a5,s3,a5
80003630:	0137e663          	bltu	a5,s3,8000363c <__umoddi3+0xe4>
80003634:	0147f463          	bgeu	a5,s4,8000363c <__umoddi3+0xe4>
80003638:	013787b3          	add	a5,a5,s3
8000363c:	414784b3          	sub	s1,a5,s4
80003640:	000a8593          	mv	a1,s5
80003644:	00048513          	mv	a0,s1
80003648:	40c000ef          	jal	80003a54 <__hidden___udivsi3>
8000364c:	000b0593          	mv	a1,s6
80003650:	3d8000ef          	jal	80003a28 <__mulsi3>
80003654:	00050a13          	mv	s4,a0
80003658:	000a8593          	mv	a1,s5
8000365c:	00048513          	mv	a0,s1
80003660:	43c000ef          	jal	80003a9c <__umodsi3>
80003664:	01041413          	slli	s0,s0,0x10
80003668:	01051513          	slli	a0,a0,0x10
8000366c:	01045413          	srli	s0,s0,0x10
80003670:	00a46433          	or	s0,s0,a0
80003674:	01447a63          	bgeu	s0,s4,80003688 <__umoddi3+0x130>
80003678:	00898433          	add	s0,s3,s0
8000367c:	01346663          	bltu	s0,s3,80003688 <__umoddi3+0x130>
80003680:	01447463          	bgeu	s0,s4,80003688 <__umoddi3+0x130>
80003684:	01340433          	add	s0,s0,s3
80003688:	41440433          	sub	s0,s0,s4
8000368c:	01245533          	srl	a0,s0,s2
80003690:	00000593          	li	a1,0
80003694:	02c12083          	lw	ra,44(sp)
80003698:	02812403          	lw	s0,40(sp)
8000369c:	02412483          	lw	s1,36(sp)
800036a0:	02012903          	lw	s2,32(sp)
800036a4:	01c12983          	lw	s3,28(sp)
800036a8:	01812a03          	lw	s4,24(sp)
800036ac:	01412a83          	lw	s5,20(sp)
800036b0:	01012b03          	lw	s6,16(sp)
800036b4:	00c12b83          	lw	s7,12(sp)
800036b8:	00812c03          	lw	s8,8(sp)
800036bc:	00412c83          	lw	s9,4(sp)
800036c0:	00012d03          	lw	s10,0(sp)
800036c4:	03010113          	addi	sp,sp,48
800036c8:	00008067          	ret
800036cc:	010006b7          	lui	a3,0x1000
800036d0:	01800713          	li	a4,24
800036d4:	eed674e3          	bgeu	a2,a3,800035bc <__umoddi3+0x64>
800036d8:	01000713          	li	a4,16
800036dc:	ee1ff06f          	j	800035bc <__umoddi3+0x64>
800036e0:	00000713          	li	a4,0
800036e4:	00060c63          	beqz	a2,800036fc <__umoddi3+0x1a4>
800036e8:	00010737          	lui	a4,0x10
800036ec:	0ee67663          	bgeu	a2,a4,800037d8 <__umoddi3+0x280>
800036f0:	10063713          	sltiu	a4,a2,256
800036f4:	00173713          	seqz	a4,a4
800036f8:	00371713          	slli	a4,a4,0x3
800036fc:	00e656b3          	srl	a3,a2,a4
80003700:	00d787b3          	add	a5,a5,a3
80003704:	0007c783          	lbu	a5,0(a5)
80003708:	40c584b3          	sub	s1,a1,a2
8000370c:	00e787b3          	add	a5,a5,a4
80003710:	02000713          	li	a4,32
80003714:	40f70933          	sub	s2,a4,a5
80003718:	ecf70ae3          	beq	a4,a5,800035ec <__umoddi3+0x94>
8000371c:	012619b3          	sll	s3,a2,s2
80003720:	00f5dbb3          	srl	s7,a1,a5
80003724:	0109db13          	srli	s6,s3,0x10
80003728:	00f557b3          	srl	a5,a0,a5
8000372c:	012595b3          	sll	a1,a1,s2
80003730:	00b7ea33          	or	s4,a5,a1
80003734:	01251433          	sll	s0,a0,s2
80003738:	000b0593          	mv	a1,s6
8000373c:	01099a93          	slli	s5,s3,0x10
80003740:	000b8513          	mv	a0,s7
80003744:	310000ef          	jal	80003a54 <__hidden___udivsi3>
80003748:	010ada93          	srli	s5,s5,0x10
8000374c:	000a8593          	mv	a1,s5
80003750:	2d8000ef          	jal	80003a28 <__mulsi3>
80003754:	00050493          	mv	s1,a0
80003758:	000b0593          	mv	a1,s6
8000375c:	000b8513          	mv	a0,s7
80003760:	33c000ef          	jal	80003a9c <__umodsi3>
80003764:	01051513          	slli	a0,a0,0x10
80003768:	010a5713          	srli	a4,s4,0x10
8000376c:	00a76733          	or	a4,a4,a0
80003770:	00977a63          	bgeu	a4,s1,80003784 <__umoddi3+0x22c>
80003774:	00e98733          	add	a4,s3,a4
80003778:	01376663          	bltu	a4,s3,80003784 <__umoddi3+0x22c>
8000377c:	00977463          	bgeu	a4,s1,80003784 <__umoddi3+0x22c>
80003780:	01370733          	add	a4,a4,s3
80003784:	409704b3          	sub	s1,a4,s1
80003788:	000b0593          	mv	a1,s6
8000378c:	00048513          	mv	a0,s1
80003790:	2c4000ef          	jal	80003a54 <__hidden___udivsi3>
80003794:	000a8593          	mv	a1,s5
80003798:	290000ef          	jal	80003a28 <__mulsi3>
8000379c:	00050a93          	mv	s5,a0
800037a0:	000b0593          	mv	a1,s6
800037a4:	00048513          	mv	a0,s1
800037a8:	2f4000ef          	jal	80003a9c <__umodsi3>
800037ac:	010a1793          	slli	a5,s4,0x10
800037b0:	01051513          	slli	a0,a0,0x10
800037b4:	0107d793          	srli	a5,a5,0x10
800037b8:	00a7e7b3          	or	a5,a5,a0
800037bc:	0157fa63          	bgeu	a5,s5,800037d0 <__umoddi3+0x278>
800037c0:	00f987b3          	add	a5,s3,a5
800037c4:	0137e663          	bltu	a5,s3,800037d0 <__umoddi3+0x278>
800037c8:	0157f463          	bgeu	a5,s5,800037d0 <__umoddi3+0x278>
800037cc:	013787b3          	add	a5,a5,s3
800037d0:	415784b3          	sub	s1,a5,s5
800037d4:	e19ff06f          	j	800035ec <__umoddi3+0x94>
800037d8:	010006b7          	lui	a3,0x1000
800037dc:	01800713          	li	a4,24
800037e0:	f0d67ee3          	bgeu	a2,a3,800036fc <__umoddi3+0x1a4>
800037e4:	01000713          	li	a4,16
800037e8:	f15ff06f          	j	800036fc <__umoddi3+0x1a4>
800037ec:	ead5e4e3          	bltu	a1,a3,80003694 <__umoddi3+0x13c>
800037f0:	000107b7          	lui	a5,0x10
800037f4:	04f6fe63          	bgeu	a3,a5,80003850 <__umoddi3+0x2f8>
800037f8:	1006b793          	sltiu	a5,a3,256
800037fc:	0017b793          	seqz	a5,a5
80003800:	00379793          	slli	a5,a5,0x3
80003804:	80004737          	lui	a4,0x80004
80003808:	00f6d833          	srl	a6,a3,a5
8000380c:	d4470713          	addi	a4,a4,-700 # 80003d44 <__clz_tab>
80003810:	01070733          	add	a4,a4,a6
80003814:	00074a83          	lbu	s5,0(a4)
80003818:	00fa8ab3          	add	s5,s5,a5
8000381c:	02000793          	li	a5,32
80003820:	41578a33          	sub	s4,a5,s5
80003824:	05579063          	bne	a5,s5,80003864 <__umoddi3+0x30c>
80003828:	00b6e463          	bltu	a3,a1,80003830 <__umoddi3+0x2d8>
8000382c:	00c56c63          	bltu	a0,a2,80003844 <__umoddi3+0x2ec>
80003830:	40c50933          	sub	s2,a0,a2
80003834:	40d586b3          	sub	a3,a1,a3
80003838:	012534b3          	sltu	s1,a0,s2
8000383c:	00090413          	mv	s0,s2
80003840:	409684b3          	sub	s1,a3,s1
80003844:	00040513          	mv	a0,s0
80003848:	00048593          	mv	a1,s1
8000384c:	e49ff06f          	j	80003694 <__umoddi3+0x13c>
80003850:	01000737          	lui	a4,0x1000
80003854:	01800793          	li	a5,24
80003858:	fae6f6e3          	bgeu	a3,a4,80003804 <__umoddi3+0x2ac>
8000385c:	01000793          	li	a5,16
80003860:	fa5ff06f          	j	80003804 <__umoddi3+0x2ac>
80003864:	014696b3          	sll	a3,a3,s4
80003868:	01565b33          	srl	s6,a2,s5
8000386c:	00db6b33          	or	s6,s6,a3
80003870:	0155dbb3          	srl	s7,a1,s5
80003874:	01555433          	srl	s0,a0,s5
80003878:	014595b3          	sll	a1,a1,s4
8000387c:	010b5493          	srli	s1,s6,0x10
80003880:	00b46433          	or	s0,s0,a1
80003884:	014519b3          	sll	s3,a0,s4
80003888:	00048593          	mv	a1,s1
8000388c:	000b8513          	mv	a0,s7
80003890:	010b1c13          	slli	s8,s6,0x10
80003894:	01461933          	sll	s2,a2,s4
80003898:	010c5c13          	srli	s8,s8,0x10
8000389c:	1b8000ef          	jal	80003a54 <__hidden___udivsi3>
800038a0:	00050593          	mv	a1,a0
800038a4:	00050d13          	mv	s10,a0
800038a8:	000c0513          	mv	a0,s8
800038ac:	17c000ef          	jal	80003a28 <__mulsi3>
800038b0:	00050c93          	mv	s9,a0
800038b4:	00048593          	mv	a1,s1
800038b8:	000b8513          	mv	a0,s7
800038bc:	1e0000ef          	jal	80003a9c <__umodsi3>
800038c0:	01051513          	slli	a0,a0,0x10
800038c4:	01045793          	srli	a5,s0,0x10
800038c8:	00a7e7b3          	or	a5,a5,a0
800038cc:	000d0b93          	mv	s7,s10
800038d0:	0197fe63          	bgeu	a5,s9,800038ec <__umoddi3+0x394>
800038d4:	00fb07b3          	add	a5,s6,a5
800038d8:	fffd0b93          	addi	s7,s10,-1
800038dc:	0167e863          	bltu	a5,s6,800038ec <__umoddi3+0x394>
800038e0:	0197f663          	bgeu	a5,s9,800038ec <__umoddi3+0x394>
800038e4:	ffed0b93          	addi	s7,s10,-2
800038e8:	016787b3          	add	a5,a5,s6
800038ec:	41978cb3          	sub	s9,a5,s9
800038f0:	00048593          	mv	a1,s1
800038f4:	000c8513          	mv	a0,s9
800038f8:	15c000ef          	jal	80003a54 <__hidden___udivsi3>
800038fc:	00050593          	mv	a1,a0
80003900:	00050d13          	mv	s10,a0
80003904:	000c0513          	mv	a0,s8
80003908:	120000ef          	jal	80003a28 <__mulsi3>
8000390c:	00048593          	mv	a1,s1
80003910:	00050c13          	mv	s8,a0
80003914:	000c8513          	mv	a0,s9
80003918:	184000ef          	jal	80003a9c <__umodsi3>
8000391c:	01041593          	slli	a1,s0,0x10
80003920:	01051513          	slli	a0,a0,0x10
80003924:	0105d593          	srli	a1,a1,0x10
80003928:	00a5e5b3          	or	a1,a1,a0
8000392c:	000d0793          	mv	a5,s10
80003930:	0185fe63          	bgeu	a1,s8,8000394c <__umoddi3+0x3f4>
80003934:	00bb05b3          	add	a1,s6,a1
80003938:	fffd0793          	addi	a5,s10,-1
8000393c:	0165e863          	bltu	a1,s6,8000394c <__umoddi3+0x3f4>
80003940:	0185f663          	bgeu	a1,s8,8000394c <__umoddi3+0x3f4>
80003944:	ffed0793          	addi	a5,s10,-2
80003948:	016585b3          	add	a1,a1,s6
8000394c:	010b9b93          	slli	s7,s7,0x10
80003950:	00fbebb3          	or	s7,s7,a5
80003954:	01091893          	slli	a7,s2,0x10
80003958:	01079793          	slli	a5,a5,0x10
8000395c:	0107d793          	srli	a5,a5,0x10
80003960:	0108d893          	srli	a7,a7,0x10
80003964:	418584b3          	sub	s1,a1,s8
80003968:	010bdb93          	srli	s7,s7,0x10
8000396c:	01095713          	srli	a4,s2,0x10
80003970:	00078513          	mv	a0,a5
80003974:	00088593          	mv	a1,a7
80003978:	0b0000ef          	jal	80003a28 <__mulsi3>
8000397c:	00050813          	mv	a6,a0
80003980:	00070593          	mv	a1,a4
80003984:	00078513          	mv	a0,a5
80003988:	00070793          	mv	a5,a4
8000398c:	09c000ef          	jal	80003a28 <__mulsi3>
80003990:	00050713          	mv	a4,a0
80003994:	00088593          	mv	a1,a7
80003998:	000b8513          	mv	a0,s7
8000399c:	08c000ef          	jal	80003a28 <__mulsi3>
800039a0:	00050893          	mv	a7,a0
800039a4:	00078593          	mv	a1,a5
800039a8:	000b8513          	mv	a0,s7
800039ac:	07c000ef          	jal	80003a28 <__mulsi3>
800039b0:	01085793          	srli	a5,a6,0x10
800039b4:	01170733          	add	a4,a4,a7
800039b8:	00e787b3          	add	a5,a5,a4
800039bc:	00050693          	mv	a3,a0
800039c0:	0117f663          	bgeu	a5,a7,800039cc <__umoddi3+0x474>
800039c4:	00010737          	lui	a4,0x10
800039c8:	00e506b3          	add	a3,a0,a4
800039cc:	0107d713          	srli	a4,a5,0x10
800039d0:	01081813          	slli	a6,a6,0x10
800039d4:	01079793          	slli	a5,a5,0x10
800039d8:	01085813          	srli	a6,a6,0x10
800039dc:	00d70733          	add	a4,a4,a3
800039e0:	010787b3          	add	a5,a5,a6
800039e4:	00e4e663          	bltu	s1,a4,800039f0 <__umoddi3+0x498>
800039e8:	00e49e63          	bne	s1,a4,80003a04 <__umoddi3+0x4ac>
800039ec:	00f9fc63          	bgeu	s3,a5,80003a04 <__umoddi3+0x4ac>
800039f0:	41278933          	sub	s2,a5,s2
800039f4:	0127b6b3          	sltu	a3,a5,s2
800039f8:	016686b3          	add	a3,a3,s6
800039fc:	00090793          	mv	a5,s2
80003a00:	40d70733          	sub	a4,a4,a3
80003a04:	40f987b3          	sub	a5,s3,a5
80003a08:	00f9b9b3          	sltu	s3,s3,a5
80003a0c:	40e485b3          	sub	a1,s1,a4
80003a10:	413585b3          	sub	a1,a1,s3
80003a14:	01559ab3          	sll	s5,a1,s5
80003a18:	0147d7b3          	srl	a5,a5,s4
80003a1c:	00fae533          	or	a0,s5,a5
80003a20:	0145d5b3          	srl	a1,a1,s4
80003a24:	c71ff06f          	j	80003694 <__umoddi3+0x13c>

80003a28 <__mulsi3>:
80003a28:	00050613          	mv	a2,a0
80003a2c:	00000513          	li	a0,0
80003a30:	0015f693          	andi	a3,a1,1
80003a34:	00068463          	beqz	a3,80003a3c <__mulsi3+0x14>
80003a38:	00c50533          	add	a0,a0,a2
80003a3c:	0015d593          	srli	a1,a1,0x1
80003a40:	00161613          	slli	a2,a2,0x1
80003a44:	fe0596e3          	bnez	a1,80003a30 <__mulsi3+0x8>
80003a48:	00008067          	ret

80003a4c <__divsi3>:
80003a4c:	06054063          	bltz	a0,80003aac <__umodsi3+0x10>
80003a50:	0605c663          	bltz	a1,80003abc <__umodsi3+0x20>

80003a54 <__hidden___udivsi3>:
80003a54:	00058613          	mv	a2,a1
80003a58:	00050593          	mv	a1,a0
80003a5c:	fff00513          	li	a0,-1
80003a60:	02060c63          	beqz	a2,80003a98 <__hidden___udivsi3+0x44>
80003a64:	00100693          	li	a3,1
80003a68:	00b67a63          	bgeu	a2,a1,80003a7c <__hidden___udivsi3+0x28>
80003a6c:	00c05863          	blez	a2,80003a7c <__hidden___udivsi3+0x28>
80003a70:	00161613          	slli	a2,a2,0x1
80003a74:	00169693          	slli	a3,a3,0x1
80003a78:	feb66ae3          	bltu	a2,a1,80003a6c <__hidden___udivsi3+0x18>
80003a7c:	00000513          	li	a0,0
80003a80:	00c5e663          	bltu	a1,a2,80003a8c <__hidden___udivsi3+0x38>
80003a84:	40c585b3          	sub	a1,a1,a2
80003a88:	00d56533          	or	a0,a0,a3
80003a8c:	0016d693          	srli	a3,a3,0x1
80003a90:	00165613          	srli	a2,a2,0x1
80003a94:	fe0696e3          	bnez	a3,80003a80 <__hidden___udivsi3+0x2c>
80003a98:	00008067          	ret

80003a9c <__umodsi3>:
80003a9c:	00008293          	mv	t0,ra
80003aa0:	fb5ff0ef          	jal	80003a54 <__hidden___udivsi3>
80003aa4:	00058513          	mv	a0,a1
80003aa8:	00028067          	jr	t0
80003aac:	40a00533          	neg	a0,a0
80003ab0:	00b04863          	bgtz	a1,80003ac0 <__umodsi3+0x24>
80003ab4:	40b005b3          	neg	a1,a1
80003ab8:	f9dff06f          	j	80003a54 <__hidden___udivsi3>
80003abc:	40b005b3          	neg	a1,a1
80003ac0:	00008293          	mv	t0,ra
80003ac4:	f91ff0ef          	jal	80003a54 <__hidden___udivsi3>
80003ac8:	40a00533          	neg	a0,a0
80003acc:	00028067          	jr	t0

80003ad0 <__modsi3>:
80003ad0:	00008293          	mv	t0,ra
80003ad4:	0005ca63          	bltz	a1,80003ae8 <__modsi3+0x18>
80003ad8:	00054c63          	bltz	a0,80003af0 <__modsi3+0x20>
80003adc:	f79ff0ef          	jal	80003a54 <__hidden___udivsi3>
80003ae0:	00058513          	mv	a0,a1
80003ae4:	00028067          	jr	t0
80003ae8:	40b005b3          	neg	a1,a1
80003aec:	fe0558e3          	bgez	a0,80003adc <__modsi3+0xc>
80003af0:	40a00533          	neg	a0,a0
80003af4:	f61ff0ef          	jal	80003a54 <__hidden___udivsi3>
80003af8:	40b00533          	neg	a0,a1
80003afc:	00028067          	jr	t0

Disassembly of section .text.startup:

80003b00 <main>:
80003b00:	00001537          	lui	a0,0x1
80003b04:	ff010113          	addi	sp,sp,-16
80003b08:	80050513          	addi	a0,a0,-2048 # 800 <buflen.1+0x7c0>
80003b0c:	00004617          	auipc	a2,0x4
80003b10:	3fc60613          	addi	a2,a2,1020 # 80007f08 <scratch.0>
80003b14:	00000597          	auipc	a1,0x0
80003b18:	3e458593          	addi	a1,a1,996 # 80003ef8 <verify_data>
80003b1c:	00112623          	sw	ra,12(sp)
80003b20:	d2cfe0ef          	jal	8000204c <sort>
80003b24:	00002517          	auipc	a0,0x2
80003b28:	3d450513          	addi	a0,a0,980 # 80005ef8 <input_data>
80003b2c:	cd4fe0ef          	jal	80002000 <verify.constprop.0>
80003b30:	00050a63          	beqz	a0,80003b44 <main+0x44>
80003b34:	00c12083          	lw	ra,12(sp)
80003b38:	00100513          	li	a0,1
80003b3c:	01010113          	addi	sp,sp,16
80003b40:	00008067          	ret
80003b44:	00100513          	li	a0,1
80003b48:	df9fe0ef          	jal	80002940 <setStats>
80003b4c:	00001537          	lui	a0,0x1
80003b50:	80050513          	addi	a0,a0,-2048 # 800 <buflen.1+0x7c0>
80003b54:	00004617          	auipc	a2,0x4
80003b58:	3b460613          	addi	a2,a2,948 # 80007f08 <scratch.0>
80003b5c:	00002597          	auipc	a1,0x2
80003b60:	39c58593          	addi	a1,a1,924 # 80005ef8 <input_data>
80003b64:	ce8fe0ef          	jal	8000204c <sort>
80003b68:	00000513          	li	a0,0
80003b6c:	dd5fe0ef          	jal	80002940 <setStats>
80003b70:	00c12083          	lw	ra,12(sp)
80003b74:	00000517          	auipc	a0,0x0
80003b78:	38450513          	addi	a0,a0,900 # 80003ef8 <verify_data>
80003b7c:	01010113          	addi	sp,sp,16
80003b80:	c80fe06f          	j	80002000 <verify.constprop.0>
80003b84:	ff010113          	addi	sp,sp,-16
80003b88:	00000517          	auipc	a0,0x0
80003b8c:	04050513          	addi	a0,a0,64 # 80003bc8 <main+0xc8>
80003b90:	00112623          	sw	ra,12(sp)
80003b94:	e75fe0ef          	jal	80002a08 <printstr>
80003b98:	00c12083          	lw	ra,12(sp)
80003b9c:	fff00513          	li	a0,-1
80003ba0:	01010113          	addi	sp,sp,16
80003ba4:	00008067          	ret

Disassembly of section .data:

80003ef8 <verify_data>:
80003ef8:	000a8b27          	.insn	4, 0x000a8b27
80003efc:	bef4                	.insn	2, 0xbef4
80003efe:	000d                	.insn	2, 0x000d
80003f00:	83c4                	.insn	2, 0x83c4
80003f02:	0021                	.insn	2, 0x0021
80003f04:	9b62                	.insn	2, 0x9b62
80003f06:	0026                	.insn	2, 0x0026
80003f08:	0030356f          	jal	a0,8000770a <input_data+0x1812>
80003f0c:	be92                	.insn	2, 0xbe92
80003f0e:	0035                	.insn	2, 0x0035
80003f10:	0039e5ef          	jal	a1,800a2712 <_tbss_end+0x9878e>
80003f14:	82bc                	.insn	2, 0x82bc
80003f16:	003d                	.insn	2, 0x003d
80003f18:	02d6                	.insn	2, 0x02d6
80003f1a:	0051                	.insn	2, 0x0051
80003f1c:	d704                	.insn	2, 0xd704
80003f1e:	0051                	.insn	2, 0x0051
80003f20:	00949033          	sll	zero,s1,s1
80003f24:	1df9                	.insn	2, 0x1df9
80003f26:	779600af          	.insn	4, 0x779600af
80003f2a:	00c2                	.insn	2, 0x00c2
80003f2c:	1040                	.insn	2, 0x1040
80003f2e:	00c4                	.insn	2, 0x00c4
80003f30:	00c56a53          	.insn	4, 0x00c56a53
80003f34:	1f1d                	.insn	2, 0x1f1d
80003f36:	00c9                	.insn	2, 0x00c9
80003f38:	00d3e7bb          	.insn	4, 0x00d3e7bb
80003f3c:	8b4c                	.insn	2, 0x8b4c
80003f3e:	459500d7          	.insn	4, 0x459500d7
80003f42:	00d9                	.insn	2, 0x00d9
80003f44:	6bd8                	.insn	2, 0x6bd8
80003f46:	00fa                	.insn	2, 0x00fa
80003f48:	0125630f          	.insn	4, 0x0125630f
80003f4c:	ffb9                	.insn	2, 0xffb9
80003f4e:	013a                	.insn	2, 0x013a
80003f50:	d932                	.insn	2, 0xd932
80003f52:	0144                	.insn	2, 0x0144
80003f54:	c7f5                	.insn	2, 0xc7f5
80003f56:	0151                	.insn	2, 0x0151
80003f58:	54ee                	.insn	2, 0x54ee
80003f5a:	5b5b015b          	.insn	4, 0x5b5b015b
80003f5e:	00ad0163          	beq	s10,a0,80003f60 <verify_data+0x68>
80003f62:	0174                	.insn	2, 0x0174
80003f64:	fa95                	.insn	2, 0xfa95
80003f66:	018a                	.insn	2, 0x018a
80003f68:	30b0                	.insn	2, 0x30b0
80003f6a:	0191                	.insn	2, 0x0191
80003f6c:	019736cb          	.insn	4, 0x019736cb
80003f70:	befe                	.insn	2, 0xbefe
80003f72:	01a1                	.insn	2, 0x01a1
80003f74:	9418                	.insn	2, 0x9418
80003f76:	01a4                	.insn	2, 0x01a4
80003f78:	2a85                	.insn	2, 0x2a85
80003f7a:	532401af          	.insn	4, 0x532401af
80003f7e:	e9c701b7          	lui	gp,0xe9c70
80003f82:	01d8                	.insn	2, 0x01d8
80003f84:	01db5cd7          	.insn	4, 0x01db5cd7
80003f88:	c8a5                	.insn	2, 0xc8a5
80003f8a:	01e1                	.insn	2, 0x01e1
80003f8c:	2134                	.insn	2, 0x2134
80003f8e:	01e2                	.insn	2, 0x01e2
80003f90:	2442                	.insn	2, 0x2442
80003f92:	021f 2b34 0223      	.insn	6, 0x02232b34021f
80003f98:	d6fc                	.insn	2, 0xd6fc
80003f9a:	0234                	.insn	2, 0x0234
80003f9c:	bdad                	.insn	2, 0xbdad
80003f9e:	0236                	.insn	2, 0x0236
80003fa0:	4c36                	.insn	2, 0x4c36
80003fa2:	024d                	.insn	2, 0x024d
80003fa4:	8266                	.insn	2, 0x8266
80003fa6:	027c                	.insn	2, 0x027c
80003fa8:	31ca                	.insn	2, 0x31ca
80003faa:	0281                	.insn	2, 0x0281
80003fac:	b6de                	.insn	2, 0xb6de
80003fae:	029e                	.insn	2, 0x029e
80003fb0:	b6a6                	.insn	2, 0xb6a6
80003fb2:	02cd                	.insn	2, 0x02cd
80003fb4:	127d                	.insn	2, 0x127d
80003fb6:	02d4                	.insn	2, 0x02d4
80003fb8:	3e02                	.insn	2, 0x3e02
80003fba:	02d4                	.insn	2, 0x02d4
80003fbc:	02e12ea7          	.insn	4, 0x02e12ea7
80003fc0:	4258                	.insn	2, 0x4258
80003fc2:	02e8                	.insn	2, 0x02e8
80003fc4:	03065ce3          	bge	a2,a6,800047fc <verify_data+0x904>
80003fc8:	b802                	.insn	2, 0xb802
80003fca:	0309                	.insn	2, 0x0309
80003fcc:	c325                	.insn	2, 0xc325
80003fce:	0314                	.insn	2, 0x0314
80003fd0:	f686                	.insn	2, 0xf686
80003fd2:	0335                	.insn	2, 0x0335
80003fd4:	472e                	.insn	2, 0x472e
80003fd6:	034e                	.insn	2, 0x034e
80003fd8:	705c                	.insn	2, 0x705c
80003fda:	55e00377          	.insn	4, 0x55e00377
80003fde:	0378                	.insn	2, 0x0378
80003fe0:	2382                	.insn	2, 0x2382
80003fe2:	038a                	.insn	2, 0x038a
80003fe4:	b6cd                	.insn	2, 0xb6cd
80003fe6:	b922039b          	.insn	4, 0xb922039b
80003fea:	03ad                	.insn	2, 0x03ad
80003fec:	3e1f 03b5 08ea      	.insn	6, 0x08ea03b53e1f
80003ff2:	03c5                	.insn	2, 0x03c5
80003ff4:	b410                	.insn	2, 0xb410
80003ff6:	03dc                	.insn	2, 0x03dc
80003ff8:	ea69                	.insn	2, 0xea69
80003ffa:	a10703f7          	.insn	4, 0xa10703f7
80003ffe:	040e                	.insn	2, 0x040e
80004000:	aaf4                	.insn	2, 0xaaf4
80004002:	041e                	.insn	2, 0x041e
80004004:	6f58                	.insn	2, 0x6f58
80004006:	042a                	.insn	2, 0x042a
80004008:	042c2c93          	slti	s9,s8,66
8000400c:	c4c2                	.insn	2, 0xc4c2
8000400e:	0439                	.insn	2, 0x0439
80004010:	82a8                	.insn	2, 0x82a8
80004012:	e231044f          	.insn	4, 0xe231044f
80004016:	0456                	.insn	2, 0x0456
80004018:	f6c6                	.insn	2, 0xf6c6
8000401a:	0458                	.insn	2, 0x0458
8000401c:	b2da                	.insn	2, 0xb2da
8000401e:	0476                	.insn	2, 0x0476
80004020:	7e24                	.insn	2, 0x7e24
80004022:	0486                	.insn	2, 0x0486
80004024:	86b6                	.insn	2, 0x86b6
80004026:	0498                	.insn	2, 0x0498
80004028:	49b6                	.insn	2, 0x49b6
8000402a:	049e                	.insn	2, 0x049e
8000402c:	80f2                	.insn	2, 0x80f2
8000402e:	9c1c04ab          	.insn	4, 0x9c1c04ab
80004032:	04c9                	.insn	2, 0x04c9
80004034:	deea                	.insn	2, 0xdeea
80004036:	04ca                	.insn	2, 0x04ca
80004038:	04d2734b          	.insn	4, 0x04d2734b
8000403c:	04da198b          	.insn	4, 0x04da198b
80004040:	a428                	.insn	2, 0xa428
80004042:	04f0                	.insn	2, 0x04f0
80004044:	d981                	.insn	2, 0xd981
80004046:	3571050f          	.insn	4, 0x3571050f
8000404a:	053d                	.insn	2, 0x053d
8000404c:	5552                	.insn	2, 0x5552
8000404e:	24a4054b          	.insn	4, 0x24a4054b
80004052:	0554                	.insn	2, 0x0554
80004054:	415f 055e 41a4      	.insn	6, 0x41a4055e415f
8000405a:	f25c056f          	jal	a0,7ffc4f7e <buflen.1+0x7ffc4f3e>
8000405e:	057f 45bf 0585 efda 	.insn	10, 0x0588efda058545bf057f
80004066:	0588 
80004068:	058dfb67          	.insn	4, 0x058dfb67
8000406c:	05a5ef07          	.insn	4, 0x05a5ef07
80004070:	1220                	.insn	2, 0x1220
80004072:	05b5                	.insn	2, 0x05b5
80004074:	6e11                	.insn	2, 0x6e11
80004076:	05ee                	.insn	2, 0x05ee
80004078:	a4ed                	.insn	2, 0xa4ed
8000407a:	063c                	.insn	2, 0x063c
8000407c:	0340                	.insn	2, 0x0340
8000407e:	063e                	.insn	2, 0x063e
80004080:	091f 0648 d5d4      	.insn	6, 0xd5d40648091f
80004086:	0654                	.insn	2, 0x0654
80004088:	065a84b7          	lui	s1,0x65a8
8000408c:	06622783          	lw	a5,102(tp) # 66 <buflen.1+0x26>
80004090:	2422                	.insn	2, 0x2422
80004092:	47c40663          	beq	s0,t3,800044fe <verify_data+0x606>
80004096:	0670                	.insn	2, 0x0670
80004098:	3ad6                	.insn	2, 0x3ad6
8000409a:	0675                	.insn	2, 0x0675
8000409c:	417f 0676 895f 0679 	.insn	18, 0x864806873ee4067fc1000679895f0676417f
800040a4:	c100 067f 3ee4 0687 
800040ac:	8648 
800040ae:	06ad                	.insn	2, 0x06ad
800040b0:	e19d                	.insn	2, 0xe19d
800040b2:	06b6                	.insn	2, 0x06b6
800040b4:	06c34b8b          	.insn	4, 0x06c34b8b
800040b8:	1870                	.insn	2, 0x1870
800040ba:	06c5                	.insn	2, 0x06c5
800040bc:	9628                	.insn	2, 0x9628
800040be:	06ce                	.insn	2, 0x06ce
800040c0:	02e2                	.insn	2, 0x02e2
800040c2:	b7c306db          	.insn	4, 0xb7c306db
800040c6:	06f5                	.insn	2, 0x06f5
800040c8:	3fc0                	.insn	2, 0x3fc0
800040ca:	06fd                	.insn	2, 0x06fd
800040cc:	8f21                	.insn	2, 0x8f21
800040ce:	06fd                	.insn	2, 0x06fd
800040d0:	f79f 0704 25d6      	.insn	6, 0x25d60704f79f
800040d6:	071c                	.insn	2, 0x071c
800040d8:	d1ee                	.insn	2, 0xd1ee
800040da:	0721                	.insn	2, 0x0721
800040dc:	07477a3f 075a3493 	.insn	8, 0x075a349307477a3f
800040e4:	076267bf 079f193f 	.insn	8, 0x079f193f076267bf
800040ec:	afe9                	.insn	2, 0xafe9
800040ee:	07a1                	.insn	2, 0x07a1
800040f0:	a8fc                	.insn	2, 0xa8fc
800040f2:	154507bf 7b3807d5 	.insn	8, 0x7b3807d5154507bf
800040fa:	07f9                	.insn	2, 0x07f9
800040fc:	08039873          	csrrw	a6,0x80,t2
80004100:	2215                	.insn	2, 0x2215
80004102:	080c                	.insn	2, 0x080c
80004104:	49ca                	.insn	2, 0x49ca
80004106:	0816                	.insn	2, 0x0816
80004108:	082b2a17          	auipc	s4,0x82b2
8000410c:	9b68                	.insn	2, 0x9b68
8000410e:	0836                	.insn	2, 0x0836
80004110:	8469                	.insn	2, 0x8469
80004112:	0850                	.insn	2, 0x0850
80004114:	08606c9b          	.insn	4, 0x08606c9b
80004118:	da71                	.insn	2, 0xda71
8000411a:	08ad                	.insn	2, 0x08ad
8000411c:	08b3d3db          	.insn	4, 0x08b3d3db
80004120:	09fd                	.insn	2, 0x09fd
80004122:	08d4                	.insn	2, 0x08d4
80004124:	08da5b6b          	.insn	4, 0x08da5b6b
80004128:	2c11                	.insn	2, 0x2c11
8000412a:	08e4                	.insn	2, 0x08e4
8000412c:	08fe3757          	.insn	4, 0x08fe3757
80004130:	6d30                	.insn	2, 0x6d30
80004132:	0906                	.insn	2, 0x0906
80004134:	8185                	.insn	2, 0x8185
80004136:	03e50913          	addi	s2,a0,62
8000413a:	094a                	.insn	2, 0x094a
8000413c:	f9c1                	.insn	2, 0xf9c1
8000413e:	f94f0953          	.insn	4, 0xf94f0953
80004142:	89600957          	.insn	4, 0x89600957
80004146:	099f 54b6 09a0      	.insn	6, 0x09a054b6099f
8000414c:	b5b6                	.insn	2, 0xb5b6
8000414e:	09bc                	.insn	2, 0x09bc
80004150:	09fe3077          	.insn	4, 0x09fe3077
80004154:	4130                	.insn	2, 0x4130
80004156:	379b0a0f          	.insn	4, 0x379b0a0f
8000415a:	d3450a17          	auipc	s4,0xd3450
8000415e:	0a1d                	.insn	2, 0x0a1d
80004160:	4a15                	.insn	2, 0x4a15
80004162:	0a26                	.insn	2, 0x0a26
80004164:	2f1a                	.insn	2, 0x2f1a
80004166:	0a42                	.insn	2, 0x0a42
80004168:	0a50ba03          	.insn	4, 0x0a50ba03
8000416c:	53d9                	.insn	2, 0x53d9
8000416e:	0a5c                	.insn	2, 0x0a5c
80004170:	48d2                	.insn	2, 0x48d2
80004172:	0a60                	.insn	2, 0x0a60
80004174:	0a6dc44f          	.insn	4, 0x0a6dc44f
80004178:	c97f 0a79 2930 0a7b 	.insn	18, 0xd0990a8e58740a7dea250a7b29300a79c97f
80004180:	ea25 0a7d 5874 0a8e 
80004188:	d099 
8000418a:	0aa9                	.insn	2, 0x0aa9
8000418c:	f591                	.insn	2, 0xf591
8000418e:	0ac2                	.insn	2, 0x0ac2
80004190:	0ac3bca3          	.insn	4, 0x0ac3bca3
80004194:	8142                	.insn	2, 0x8142
80004196:	0ad2                	.insn	2, 0x0ad2
80004198:	3aae                	.insn	2, 0x3aae
8000419a:	0ae2                	.insn	2, 0x0ae2
8000419c:	ba5a                	.insn	2, 0xba5a
8000419e:	0af2                	.insn	2, 0x0af2
800041a0:	0b0fe933          	.insn	4, 0x0b0fe933
800041a4:	eae8                	.insn	2, 0xeae8
800041a6:	0b10                	.insn	2, 0x0b10
800041a8:	d360                	.insn	2, 0xd360
800041aa:	0b15                	.insn	2, 0x0b15
800041ac:	dbe0                	.insn	2, 0xdbe0
800041ae:	dcd00b17          	auipc	s6,0xdcd00
800041b2:	0b18                	.insn	2, 0x0b18
800041b4:	e892                	.insn	2, 0xe892
800041b6:	0b34                	.insn	2, 0x0b34
800041b8:	0b5676e3          	bgeu	a2,s5,80004a64 <verify_data+0xb6c>
800041bc:	5a9a                	.insn	2, 0x5a9a
800041be:	7c260b5b          	.insn	4, 0x7c260b5b
800041c2:	0b5f 4814 0b8e      	.insn	6, 0x0b8e48140b5f
800041c8:	3f66                	.insn	2, 0x3f66
800041ca:	0ba5                	.insn	2, 0x0ba5
800041cc:	db0a                	.insn	2, 0xdb0a
800041ce:	0bb4                	.insn	2, 0x0bb4
800041d0:	b420                	.insn	2, 0xb420
800041d2:	0bcc                	.insn	2, 0x0bcc
800041d4:	16b9                	.insn	2, 0x16b9
800041d6:	0bd0                	.insn	2, 0x0bd0
800041d8:	cd60                	.insn	2, 0xcd60
800041da:	0bd0                	.insn	2, 0x0bd0
800041dc:	0919                	.insn	2, 0x0919
800041de:	0bed                	.insn	2, 0x0bed
800041e0:	9f16                	.insn	2, 0x9f16
800041e2:	f2ea0bef          	jal	s7,7ffa4910 <buflen.1+0x7ffa48d0>
800041e6:	0c11                	.insn	2, 0x0c11
800041e8:	0c30a657          	.insn	4, 0x0c30a657
800041ec:	2cec                	.insn	2, 0x2cec
800041ee:	0c38                	.insn	2, 0x0c38
800041f0:	0c514963          	blt	sp,t0,800042c2 <verify_data+0x3ca>
800041f4:	45e2                	.insn	2, 0x45e2
800041f6:	0c68                	.insn	2, 0x0c68
800041f8:	6fc0                	.insn	2, 0x6fc0
800041fa:	0c6c                	.insn	2, 0x0c6c
800041fc:	d928                	.insn	2, 0xd928
800041fe:	0c85                	.insn	2, 0x0c85
80004200:	c4ff 0c8f 366e 0c92 	.insn	18, 0x75090caf65910ca390c00c92366e0c8fc4ff
80004208:	90c0 0ca3 6591 0caf 
80004210:	7509 
80004212:	0ccc                	.insn	2, 0x0ccc
80004214:	ea80                	.insn	2, 0xea80
80004216:	0cd0                	.insn	2, 0x0cd0
80004218:	8aa1                	.insn	2, 0x8aa1
8000421a:	0ce6                	.insn	2, 0x0ce6
8000421c:	68ec                	.insn	2, 0x68ec
8000421e:	0ce8                	.insn	2, 0x0ce8
80004220:	cc9f 0cfa a7e9      	.insn	6, 0xa7e90cfacc9f
80004226:	0d08                	.insn	2, 0x0d08
80004228:	3b0a                	.insn	2, 0x3b0a
8000422a:	0d31                	.insn	2, 0x0d31
8000422c:	0d36494b          	.insn	4, 0x0d36494b
80004230:	88d1                	.insn	2, 0x88d1
80004232:	9e8b0d43          	.insn	4, 0x9e8b0d43
80004236:	0d6a                	.insn	2, 0x0d6a
80004238:	18cd                	.insn	2, 0x18cd
8000423a:	7e030d77          	.insn	4, 0x7e030d77
8000423e:	85140d77          	.insn	4, 0x85140d77
80004242:	90d40d83          	lb	s11,-1779(s0)
80004246:	507c0d83          	lb	s11,1287(s8)
8000424a:	0d86                	.insn	2, 0x0d86
8000424c:	0d8789af          	.insn	4, 0x0d8789af
80004250:	0d8e43d3          	.insn	4, 0x0d8e43d3
80004254:	05ac                	.insn	2, 0x05ac
80004256:	0d95                	.insn	2, 0x0d95
80004258:	a911                	.insn	2, 0xa911
8000425a:	0da5                	.insn	2, 0x0da5
8000425c:	1500                	.insn	2, 0x1500
8000425e:	0db4                	.insn	2, 0x0db4
80004260:	b6ca                	.insn	2, 0xb6ca
80004262:	0dba                	.insn	2, 0x0dba
80004264:	323a                	.insn	2, 0x323a
80004266:	8d110dbf a4550dc7 	.insn	8, 0xa4550dc78d110dbf
8000426e:	0dd6                	.insn	2, 0x0dd6
80004270:	27b1                	.insn	2, 0x27b1
80004272:	124f0df3          	.insn	4, 0x124f0df3
80004276:	0e1e                	.insn	2, 0x0e1e
80004278:	0e20a51b          	.insn	4, 0x0e20a51b
8000427c:	d8e0                	.insn	2, 0xd8e0
8000427e:	3b240e33          	.insn	4, 0x3b240e33
80004282:	0e38                	.insn	2, 0x0e38
80004284:	f698                	.insn	2, 0xf698
80004286:	0e4d                	.insn	2, 0x0e4d
80004288:	0e578ce3          	beq	a5,t0,80004b80 <verify_data+0xc88>
8000428c:	b631                	.insn	2, 0xb631
8000428e:	0e64                	.insn	2, 0x0e64
80004290:	938a                	.insn	2, 0x938a
80004292:	0e65                	.insn	2, 0x0e65
80004294:	3a1d                	.insn	2, 0x3a1d
80004296:	0e68                	.insn	2, 0x0e68
80004298:	f848                	.insn	2, 0xf848
8000429a:	0e95                	.insn	2, 0x0e95
8000429c:	06c9                	.insn	2, 0x06c9
8000429e:	0e9a                	.insn	2, 0x0e9a
800042a0:	83b2                	.insn	2, 0x83b2
800042a2:	0e9f a14b 0ebc      	.insn	6, 0x0ebca14b0e9f
800042a8:	be14                	.insn	2, 0xbe14
800042aa:	c3680ebf 1ec70ebf 	.insn	8, 0x1ec70ebfc3680ebf
800042b2:	0ee2                	.insn	2, 0x0ee2
800042b4:	0ee70b53          	.insn	4, 0x0ee70b53
800042b8:	ab91                	.insn	2, 0xab91
800042ba:	0ee8                	.insn	2, 0x0ee8
800042bc:	db66                	.insn	2, 0xdb66
800042be:	0ef1                	.insn	2, 0x0ef1
800042c0:	cfda                	.insn	2, 0xcfda
800042c2:	cd000ef3          	.insn	4, 0xcd000ef3
800042c6:	0efd                	.insn	2, 0x0efd
800042c8:	2f3e                	.insn	2, 0x2f3e
800042ca:	0f22                	.insn	2, 0x0f22
800042cc:	73da                	.insn	2, 0x73da
800042ce:	0f36                	.insn	2, 0x0f36
800042d0:	760e                	.insn	2, 0x760e
800042d2:	0f45                	.insn	2, 0x0f45
800042d4:	61f6                	.insn	2, 0x61f6
800042d6:	9eb70f4f          	.insn	4, 0x9eb70f4f
800042da:	0f5c                	.insn	2, 0x0f5c
800042dc:	0f637b73          	csrrci	s6,0xf6,6
800042e0:	c1b1                	.insn	2, 0xc1b1
800042e2:	dcbd0f7b          	.insn	4, 0xdcbd0f7b
800042e6:	5fc40f7b          	.insn	4, 0x5fc40f7b
800042ea:	82b70f83          	lb	t6,-2005(a4) # f82b <buflen.1+0xf7eb>
800042ee:	0f89                	.insn	2, 0x0f89
800042f0:	9338                	.insn	2, 0x9338
800042f2:	0f89                	.insn	2, 0x0f89
800042f4:	0f8b5fbf 0f97096e 	.insn	8, 0x0f97096e0f8b5fbf
800042fc:	1efe                	.insn	2, 0x1efe
800042fe:	0fd1                	.insn	2, 0x0fd1
80004300:	c2dc                	.insn	2, 0xc2dc
80004302:	0fec                	.insn	2, 0x0fec
80004304:	b0dc                	.insn	2, 0xb0dc
80004306:	0ffa                	.insn	2, 0x0ffa
80004308:	2d4e                	.insn	2, 0x2d4e
8000430a:	233d100b          	.insn	4, 0x233d100b
8000430e:	101e                	.insn	2, 0x101e
80004310:	10244d23          	.insn	4, 0x10244d23
80004314:	f81f 1034 4c25      	.insn	6, 0x4c251034f81f
8000431a:	1060                	.insn	2, 0x1060
8000431c:	45f5                	.insn	2, 0x45f5
8000431e:	108a                	.insn	2, 0x108a
80004320:	0f29                	.insn	2, 0x0f29
80004322:	1091                	.insn	2, 0x1091
80004324:	0db2                	.insn	2, 0x0db2
80004326:	10a5                	.insn	2, 0x10a5
80004328:	8f9a                	.insn	2, 0x8f9a
8000432a:	10c4                	.insn	2, 0x10c4
8000432c:	10e4ceaf          	.insn	4, 0x10e4ceaf
80004330:	8979                	.insn	2, 0x8979
80004332:	dde610f7          	.insn	4, 0xdde610f7
80004336:	1122                	.insn	2, 0x1122
80004338:	112b5d0f          	.insn	4, 0x112b5d0f
8000433c:	43c8                	.insn	2, 0x43c8
8000433e:	1144                	.insn	2, 0x1144
80004340:	dc36                	.insn	2, 0xdc36
80004342:	115c                	.insn	2, 0x115c
80004344:	7eec                	.insn	2, 0x7eec
80004346:	1178                	.insn	2, 0x1178
80004348:	0002                	.insn	2, 0x0002
8000434a:	1189                	.insn	2, 0x1189
8000434c:	119f8227          	.insn	4, 0x119f8227
80004350:	4fc8                	.insn	2, 0x4fc8
80004352:	182611cf          	.insn	4, 0x182611cf
80004356:	11da                	.insn	2, 0x11da
80004358:	8de8                	.insn	2, 0x8de8
8000435a:	11e4                	.insn	2, 0x11e4
8000435c:	12e0                	.insn	2, 0x12e0
8000435e:	3fa611eb          	.insn	4, 0x3fa611eb
80004362:	11f6                	.insn	2, 0x11f6
80004364:	04bd                	.insn	2, 0x04bd
80004366:	2b6111fb          	.insn	4, 0x2b6111fb
8000436a:	824211fb          	.insn	4, 0x824211fb
8000436e:	51f61203          	lh	tp,1311(a2)
80004372:	121c                	.insn	2, 0x121c
80004374:	acb4                	.insn	2, 0xacb4
80004376:	1220                	.insn	2, 0x1220
80004378:	e474                	.insn	2, 0xe474
8000437a:	1221                	.insn	2, 0x1221
8000437c:	321c                	.insn	2, 0x321c
8000437e:	1225                	.insn	2, 0x1225
80004380:	671f 1235 6343      	.insn	6, 0x63431235671f
80004386:	1239                	.insn	2, 0x1239
80004388:	c895                	.insn	2, 0xc895
8000438a:	63be125b          	.insn	4, 0x63be125b
8000438e:	1266                	.insn	2, 0x1266
80004390:	6746                	.insn	2, 0x6746
80004392:	1268                	.insn	2, 0x1268
80004394:	c920                	.insn	2, 0xc920
80004396:	1268                	.insn	2, 0x1268
80004398:	6408                	.insn	2, 0x6408
8000439a:	127e                	.insn	2, 0x127e
8000439c:	6db5                	.insn	2, 0x6db5
8000439e:	1744128b          	.insn	4, 0x1744128b
800043a2:	12dd                	.insn	2, 0x12dd
800043a4:	12f40083          	lb	ra,303(s0)
800043a8:	bfaa                	.insn	2, 0xbfaa
800043aa:	e74112ff c0ac1314 	.insn	12, 0x2441133cc0ac1314e74112ff
800043b2:	2441133c 
800043b6:	0e9b1353          	.insn	4, 0x0e9b1353
800043ba:	1364                	.insn	2, 0x1364
800043bc:	136948cb          	.insn	4, 0x136948cb
800043c0:	4dd8                	.insn	2, 0x4dd8
800043c2:	1395                	.insn	2, 0x1395
800043c4:	e4b2                	.insn	2, 0xe4b2
800043c6:	139c                	.insn	2, 0x139c
800043c8:	db86                	.insn	2, 0xdb86
800043ca:	a26a13a7          	.insn	4, 0xa26a13a7
800043ce:	13b2                	.insn	2, 0x13b2
800043d0:	13bf00c7          	.insn	4, 0x13bf00c7
800043d4:	13ccfe2f          	.insn	4, 0x13ccfe2f
800043d8:	b436                	.insn	2, 0xb436
800043da:	13e5                	.insn	2, 0x13e5
800043dc:	13e702e3          	beq	a4,t5,80004d00 <verify_data+0xe08>
800043e0:	0138                	.insn	2, 0x0138
800043e2:	13e9                	.insn	2, 0x13e9
800043e4:	a794                	.insn	2, 0xa794
800043e6:	13fe                	.insn	2, 0x13fe
800043e8:	140a3777          	.insn	4, 0x140a3777
800043ec:	98ae                	.insn	2, 0x98ae
800043ee:	142d                	.insn	2, 0x142d
800043f0:	8655                	.insn	2, 0x8655
800043f2:	bdd61447          	.insn	4, 0xbdd61447
800043f6:	144a                	.insn	2, 0x144a
800043f8:	81a2                	.insn	2, 0x81a2
800043fa:	145a                	.insn	2, 0x145a
800043fc:	145d8bd7          	.insn	4, 0x145d8bd7
80004400:	14624fa3          	.insn	4, 0x14624fa3
80004404:	5a5e                	.insn	2, 0x5a5e
80004406:	1472                	.insn	2, 0x1472
80004408:	14739627          	.insn	4, 0x14739627
8000440c:	2e08                	.insn	2, 0x2e08
8000440e:	147c                	.insn	2, 0x147c
80004410:	e22a                	.insn	2, 0xe22a
80004412:	1488                	.insn	2, 0x1488
80004414:	2630                	.insn	2, 0x2630
80004416:	148e                	.insn	2, 0x148e
80004418:	14a8aca7          	.insn	4, 0x14a8aca7
8000441c:	108a                	.insn	2, 0x108a
8000441e:	14c0                	.insn	2, 0x14c0
80004420:	14d11f33          	.insn	4, 0x14d11f33
80004424:	14df5beb          	.insn	4, 0x14df5beb
80004428:	26d6                	.insn	2, 0x26d6
8000442a:	caae14f7          	.insn	4, 0xcaae14f7
8000442e:	1518                	.insn	2, 0x1518
80004430:	3f1e                	.insn	2, 0x3f1e
80004432:	1532                	.insn	2, 0x1532
80004434:	7742                	.insn	2, 0x7742
80004436:	1540                	.insn	2, 0x1540
80004438:	1541dfdb          	.insn	4, 0x1541dfdb
8000443c:	63a5                	.insn	2, 0x63a5
8000443e:	1542                	.insn	2, 0x1542
80004440:	1fe2                	.insn	2, 0x1fe2
80004442:	1571                	.insn	2, 0x1571
80004444:	d1f1                	.insn	2, 0xd1f1
80004446:	157e                	.insn	2, 0x157e
80004448:	18e0                	.insn	2, 0x18e0
8000444a:	159f b440 15aa      	.insn	6, 0x15aab440159f
80004450:	15bb2fe7          	.insn	4, 0x15bb2fe7
80004454:	a9d0                	.insn	2, 0xa9d0
80004456:	a7d115bb          	.insn	4, 0xa7d115bb
8000445a:	15c5                	.insn	2, 0x15c5
8000445c:	7f16                	.insn	2, 0x7f16
8000445e:	15ce                	.insn	2, 0x15ce
80004460:	68b2                	.insn	2, 0x68b2
80004462:	0f8915db          	.insn	4, 0x0f8915db
80004466:	15ee                	.insn	2, 0x15ee
80004468:	15f77ee7          	.insn	4, 0x15f77ee7
8000446c:	15fcce2f          	.insn	4, 0x15fcce2f
80004470:	12d6                	.insn	2, 0x12d6
80004472:	1629                	.insn	2, 0x1629
80004474:	8dc1                	.insn	2, 0x8dc1
80004476:	1630                	.insn	2, 0x1630
80004478:	5f2d                	.insn	2, 0x5f2d
8000447a:	eb5f1633          	.insn	4, 0xeb5f1633
8000447e:	fd611633          	.insn	4, 0xfd611633
80004482:	163e                	.insn	2, 0x163e
80004484:	2ff2                	.insn	2, 0x2ff2
80004486:	1640                	.insn	2, 0x1640
80004488:	379a                	.insn	2, 0x379a
8000448a:	39421667          	.insn	4, 0x39421667
8000448e:	1675                	.insn	2, 0x1675
80004490:	bf1f 1695 42fc      	.insn	6, 0x42fc1695bf1f
80004496:	169e                	.insn	2, 0x169e
80004498:	6ad2                	.insn	2, 0x6ad2
8000449a:	0ad616a7          	.insn	4, 0x0ad616a7
8000449e:	534b16b7          	lui	a3,0x534b1
800044a2:	16be                	.insn	2, 0x16be
800044a4:	d8e5                	.insn	2, 0xd8e5
800044a6:	4eab16c3          	.insn	4, 0x4eab16c3
800044aa:	098116cb          	.insn	4, 0x098116cb
800044ae:	1700                	.insn	2, 0x1700
800044b0:	1692                	.insn	2, 0x1692
800044b2:	170d                	.insn	2, 0x170d
800044b4:	1621                	.insn	2, 0x1621
800044b6:	1712                	.insn	2, 0x1712
800044b8:	17155447          	.insn	4, 0x17155447
800044bc:	7b35                	.insn	2, 0x7b35
800044be:	171a                	.insn	2, 0x171a
800044c0:	172d75a3          	.insn	4, 0x172d75a3
800044c4:	3a26                	.insn	2, 0x3a26
800044c6:	46e31733          	.insn	4, 0x46e31733
800044ca:	174a                	.insn	2, 0x174a
800044cc:	1753184b          	.insn	4, 0x1753184b
800044d0:	b7d5                	.insn	2, 0xb7d5
800044d2:	1790                	.insn	2, 0x1790
800044d4:	394c                	.insn	2, 0x394c
800044d6:	17bc                	.insn	2, 0x17bc
800044d8:	bb4a                	.insn	2, 0xbb4a
800044da:	17bc                	.insn	2, 0x17bc
800044dc:	e6da                	.insn	2, 0xe6da
800044de:	17c6                	.insn	2, 0x17c6
800044e0:	ff59                	.insn	2, 0xff59
800044e2:	17c9                	.insn	2, 0x17c9
800044e4:	3abd                	.insn	2, 0x3abd
800044e6:	61c617cf          	.insn	4, 0x61c617cf
800044ea:	974017d7          	.insn	4, 0x974017d7
800044ee:	17ed                	.insn	2, 0x17ed
800044f0:	eeec                	.insn	2, 0xeeec
800044f2:	1802                	.insn	2, 0x1802
800044f4:	10d2                	.insn	2, 0x10d2
800044f6:	1aef180b          	.insn	4, 0x1aef180b
800044fa:	184e                	.insn	2, 0x184e
800044fc:	8e8d                	.insn	2, 0x8e8d
800044fe:	188c                	.insn	2, 0x188c
80004500:	c656                	.insn	2, 0xc656
80004502:	189e                	.insn	2, 0x189e
80004504:	a1ce                	.insn	2, 0xa1ce
80004506:	18d2                	.insn	2, 0x18d2
80004508:	9675                	.insn	2, 0x9675
8000450a:	3dfe18e3          	bne	t3,t6,800050da <verify_data+0x11e2>
8000450e:	18fa                	.insn	2, 0x18fa
80004510:	19de                	.insn	2, 0x19de
80004512:	b28018fb          	.insn	4, 0xb28018fb
80004516:	1900                	.insn	2, 0x1900
80004518:	4ff0                	.insn	2, 0x4ff0
8000451a:	190a                	.insn	2, 0x190a
8000451c:	191afacb          	.insn	4, 0x191afacb
80004520:	ed44                	.insn	2, 0xed44
80004522:	0a531927          	.insn	4, 0x0a531927
80004526:	b1bf193b          	.insn	4, 0xb1bf193b
8000452a:	194e                	.insn	2, 0x194e
8000452c:	19a2b58b          	.insn	4, 0x19a2b58b
80004530:	5cc9                	.insn	2, 0x5cc9
80004532:	19c1                	.insn	2, 0x19c1
80004534:	1980                	.insn	2, 0x1980
80004536:	19c9                	.insn	2, 0x19c9
80004538:	19cee96b          	.insn	4, 0x19cee96b
8000453c:	59f1                	.insn	2, 0x59f1
8000453e:	19d5                	.insn	2, 0x19d5
80004540:	4af1                	.insn	2, 0x4af1
80004542:	306d19eb          	.insn	4, 0x306d19eb
80004546:	19f1                	.insn	2, 0x19f1
80004548:	f8f2                	.insn	2, 0xf8f2
8000454a:	19f1                	.insn	2, 0x19f1
8000454c:	1886                	.insn	2, 0x1886
8000454e:	1a04                	.insn	2, 0x1a04
80004550:	af00                	.insn	2, 0xaf00
80004552:	1a05                	.insn	2, 0x1a05
80004554:	1a067347          	.insn	4, 0x1a067347
80004558:	efe9                	.insn	2, 0xefe9
8000455a:	1a16                	.insn	2, 0x1a16
8000455c:	34a2                	.insn	2, 0x34a2
8000455e:	1a26                	.insn	2, 0x1a26
80004560:	6680                	.insn	2, 0x6680
80004562:	1a72                	.insn	2, 0x1a72
80004564:	6a3e                	.insn	2, 0x6a3e
80004566:	1a7c                	.insn	2, 0x1a7c
80004568:	1a9b193f 1ab845a1 	.insn	8, 0x1ab845a11a9b193f
80004570:	c174                	.insn	2, 0xc174
80004572:	1abe                	.insn	2, 0x1abe
80004574:	8f99                	.insn	2, 0x8f99
80004576:	1ae8                	.insn	2, 0x1ae8
80004578:	88d5                	.insn	2, 0x88d5
8000457a:	1afe                	.insn	2, 0x1afe
8000457c:	fbb4                	.insn	2, 0xfbb4
8000457e:	1b14                	.insn	2, 0x1b14
80004580:	2e78                	.insn	2, 0x2e78
80004582:	1b16                	.insn	2, 0x1b16
80004584:	1b1ae0d3          	.insn	4, 0x1b1ae0d3
80004588:	d252                	.insn	2, 0xd252
8000458a:	0fbf1b2b          	.insn	4, 0x0fbf1b2b
8000458e:	1b35                	.insn	2, 0x1b35
80004590:	fb86                	.insn	2, 0xfb86
80004592:	1b60                	.insn	2, 0x1b60
80004594:	1b717563          	bgeu	sp,s7,8000473e <verify_data+0x846>
80004598:	ab66                	.insn	2, 0xab66
8000459a:	1b78                	.insn	2, 0x1b78
8000459c:	0f16                	.insn	2, 0x0f16
8000459e:	1b81                	.insn	2, 0x1b81
800045a0:	1b825af3          	csrrwi	s5,0x1b8,4
800045a4:	e83e                	.insn	2, 0xe83e
800045a6:	1b94                	.insn	2, 0x1b94
800045a8:	a632                	.insn	2, 0xa632
800045aa:	1b96                	.insn	2, 0x1b96
800045ac:	1baab177          	.insn	4, 0x1baab177
800045b0:	1bb4383f 1bb928d5 	.insn	8, 0x1bb928d51bb4383f
800045b8:	0309                	.insn	2, 0x0309
800045ba:	1c05                	.insn	2, 0x1c05
800045bc:	84d0                	.insn	2, 0x84d0
800045be:	1c2d                	.insn	2, 0x1c2d
800045c0:	1c2f74ab          	.insn	4, 0x1c2f74ab
800045c4:	4355                	.insn	2, 0x4355
800045c6:	1c36                	.insn	2, 0x1c36
800045c8:	4b00                	.insn	2, 0x4b00
800045ca:	a9601c73          	csrrw	s8,0xa96,zero
800045ce:	1c74                	.insn	2, 0x1c74
800045d0:	b4a9                	.insn	2, 0xb4a9
800045d2:	1c88                	.insn	2, 0x1c88
800045d4:	0ac5                	.insn	2, 0x0ac5
800045d6:	1cb4                	.insn	2, 0x1cb4
800045d8:	12d4                	.insn	2, 0x12d4
800045da:	1cb4                	.insn	2, 0x1cb4
800045dc:	bb55                	.insn	2, 0xbb55
800045de:	1cc8                	.insn	2, 0x1cc8
800045e0:	1ccf4e3b          	.insn	4, 0x1ccf4e3b
800045e4:	000d                	.insn	2, 0x000d
800045e6:	1cf5                	.insn	2, 0x1cf5
800045e8:	4c05                	.insn	2, 0x4c05
800045ea:	1cfa                	.insn	2, 0x1cfa
800045ec:	88a1                	.insn	2, 0x88a1
800045ee:	1cfa                	.insn	2, 0x1cfa
800045f0:	9565                	.insn	2, 0x9565
800045f2:	1d14                	.insn	2, 0x1d14
800045f4:	da5f 1d42 1082      	.insn	6, 0x10821d42da5f
800045fa:	71bc1d5b          	.insn	4, 0x71bc1d5b
800045fe:	97091d77          	.insn	4, 0x97091d77
80004602:	1d82                	.insn	2, 0x1d82
80004604:	daea                	.insn	2, 0xdaea
80004606:	1dac                	.insn	2, 0x1dac
80004608:	9829                	.insn	2, 0x9829
8000460a:	1db9                	.insn	2, 0x1db9
8000460c:	d75f 1dcb 2524      	.insn	6, 0x25241dcbd75f
80004612:	9af51dd3          	.insn	4, 0x9af51dd3
80004616:	1dd8                	.insn	2, 0x1dd8
80004618:	8a44                	.insn	2, 0x8a44
8000461a:	daf91def          	jal	s11,7ff963c8 <buflen.1+0x7ff96388>
8000461e:	1df0                	.insn	2, 0x1df0
80004620:	6e48                	.insn	2, 0x6e48
80004622:	1df4                	.insn	2, 0x1df4
80004624:	c9c9                	.insn	2, 0xc9c9
80004626:	1e00                	.insn	2, 0x1e00
80004628:	d51d                	.insn	2, 0xd51d
8000462a:	1e08                	.insn	2, 0x1e08
8000462c:	1e300f6b          	.insn	4, 0x1e300f6b
80004630:	25de                	.insn	2, 0x25de
80004632:	1e45                	.insn	2, 0x1e45
80004634:	8062                	.insn	2, 0x8062
80004636:	1e46                	.insn	2, 0x1e46
80004638:	1e48192b          	.insn	4, 0x1e48192b
8000463c:	7f46                	.insn	2, 0x7f46
8000463e:	1e58                	.insn	2, 0x1e58
80004640:	1641                	.insn	2, 0x1641
80004642:	1e62                	.insn	2, 0x1e62
80004644:	47e8                	.insn	2, 0x47e8
80004646:	1e6d                	.insn	2, 0x1e6d
80004648:	932c                	.insn	2, 0x932c
8000464a:	1e6d                	.insn	2, 0x1e6d
8000464c:	0b6e                	.insn	2, 0x0b6e
8000464e:	1e8c                	.insn	2, 0x1e8c
80004650:	e911                	.insn	2, 0xe911
80004652:	540d1e93          	.insn	4, 0x540d1e93
80004656:	1e9c                	.insn	2, 0x1e9c
80004658:	1e9ca763          	.insn	4, 0x1e9ca763
8000465c:	49c4                	.insn	2, 0x49c4
8000465e:	1ea6                	.insn	2, 0x1ea6
80004660:	f87d                	.insn	2, 0xf87d
80004662:	1eb0                	.insn	2, 0x1eb0
80004664:	98ac                	.insn	2, 0x98ac
80004666:	1eb8                	.insn	2, 0x1eb8
80004668:	a950                	.insn	2, 0xa950
8000466a:	1ebe                	.insn	2, 0x1ebe
8000466c:	8110                	.insn	2, 0x8110
8000466e:	1edc                	.insn	2, 0x1edc
80004670:	2d32                	.insn	2, 0x2d32
80004672:	1ee1                	.insn	2, 0x1ee1
80004674:	4855                	.insn	2, 0x4855
80004676:	1ef2                	.insn	2, 0x1ef2
80004678:	1ef490c3          	.insn	4, 0x1ef490c3
8000467c:	1ef9fd23          	.insn	4, 0x1ef9fd23
80004680:	9906                	.insn	2, 0x9906
80004682:	5e7e1f03          	lh	t5,1511(t3)
80004686:	1f06                	.insn	2, 0x1f06
80004688:	3d39                	.insn	2, 0x3d39
8000468a:	1f09                	.insn	2, 0x1f09
8000468c:	8905                	.insn	2, 0x8905
8000468e:	1f1f 5071 1f23      	.insn	6, 0x1f2350711f1f
80004694:	1f407de7          	.insn	4, 0x1f407de7
80004698:	1c49                	.insn	2, 0x1c49
8000469a:	1f54                	.insn	2, 0x1f54
8000469c:	0239                	.insn	2, 0x0239
8000469e:	1f79                	.insn	2, 0x1f79
800046a0:	1f8b77b7          	lui	a5,0x1f8b7
800046a4:	96fd                	.insn	2, 0x96fd
800046a6:	1f98                	.insn	2, 0x1f98
800046a8:	b1ee                	.insn	2, 0xb1ee
800046aa:	cd531fb7          	lui	t6,0xcd531
800046ae:	1fbc                	.insn	2, 0x1fbc
800046b0:	7b61                	.insn	2, 0x7b61
800046b2:	1fc6                	.insn	2, 0x1fc6
800046b4:	0dde                	.insn	2, 0x0dde
800046b6:	1fda                	.insn	2, 0x1fda
800046b8:	16f9                	.insn	2, 0x16f9
800046ba:	1ff0                	.insn	2, 0x1ff0
800046bc:	adc6                	.insn	2, 0xadc6
800046be:	73bb1ff3          	csrrw	t6,mhpmevent27h,s6
800046c2:	201f 0c4c 2027      	.insn	6, 0x20270c4c201f
800046c8:	202edda7          	.insn	4, 0x202edda7
800046cc:	202fd7d7          	.insn	4, 0x202fd7d7
800046d0:	2c8c                	.insn	2, 0x2c8c
800046d2:	2031                	.insn	2, 0x2031
800046d4:	46f4                	.insn	2, 0x46f4
800046d6:	203e                	.insn	2, 0x203e
800046d8:	8ed1                	.insn	2, 0x8ed1
800046da:	0db82057          	.insn	4, 0x0db82057
800046de:	206c                	.insn	2, 0x206c
800046e0:	7fd8                	.insn	2, 0x7fd8
800046e2:	207a                	.insn	2, 0x207a
800046e4:	0d30                	.insn	2, 0x0d30
800046e6:	207d                	.insn	2, 0x207d
800046e8:	3aed                	.insn	2, 0x3aed
800046ea:	2085                	.insn	2, 0x2085
800046ec:	7fc9                	.insn	2, 0x7fc9
800046ee:	2090                	.insn	2, 0x2090
800046f0:	78d4                	.insn	2, 0x78d4
800046f2:	f31d20b3          	.insn	4, 0xf31d20b3
800046f6:	20bc                	.insn	2, 0x20bc
800046f8:	7518                	.insn	2, 0x7518
800046fa:	20d0                	.insn	2, 0x20d0
800046fc:	cf61                	.insn	2, 0xcf61
800046fe:	e50320fb          	.insn	4, 0xe50320fb
80004702:	2128                	.insn	2, 0x2128
80004704:	7078                	.insn	2, 0x7078
80004706:	2159                	.insn	2, 0x2159
80004708:	0b52                	.insn	2, 0x0b52
8000470a:	9d30216b          	.insn	4, 0x9d30216b
8000470e:	218e                	.insn	2, 0x218e
80004710:	81de                	.insn	2, 0x81de
80004712:	03af21af          	.insn	4, 0x03af21af
80004716:	a15d21bf f16e21d7 	.insn	8, 0xf16e21d7a15d21bf
8000471e:	21e4                	.insn	2, 0x21e4
80004720:	21f8bbe7          	.insn	4, 0x21f8bbe7
80004724:	757d                	.insn	2, 0x757d
80004726:	2212                	.insn	2, 0x2212
80004728:	221bb1f3          	csrrc	gp,0x221,s7
8000472c:	27e4                	.insn	2, 0x27e4
8000472e:	223a                	.insn	2, 0x223a
80004730:	e330                	.insn	2, 0xe330
80004732:	2262                	.insn	2, 0x2262
80004734:	226a2ea7          	.insn	4, 0x226a2ea7
80004738:	9562                	.insn	2, 0x9562
8000473a:	226a                	.insn	2, 0x226a
8000473c:	227f96f7          	.insn	4, 0x227f96f7
80004740:	810a                	.insn	2, 0x810a
80004742:	2285                	.insn	2, 0x2285
80004744:	22992e4b          	.insn	4, 0x22992e4b
80004748:	aa91                	.insn	2, 0xaa91
8000474a:	229c                	.insn	2, 0x229c
8000474c:	9608                	.insn	2, 0x9608
8000474e:	22c1                	.insn	2, 0x22c1
80004750:	fb81                	.insn	2, 0xfb81
80004752:	22e0                	.insn	2, 0x22e0
80004754:	ab60                	.insn	2, 0xab60
80004756:	22ea                	.insn	2, 0x22ea
80004758:	2fa9                	.insn	2, 0x2fa9
8000475a:	231c                	.insn	2, 0x231c
8000475c:	39df 2335 4e2b      	.insn	6, 0x4e2b233539df
80004762:	2349                	.insn	2, 0x2349
80004764:	c94a                	.insn	2, 0xc94a
80004766:	234c                	.insn	2, 0x234c
80004768:	23688f3b          	.insn	4, 0x23688f3b
8000476c:	278e                	.insn	2, 0x278e
8000476e:	2374                	.insn	2, 0x2374
80004770:	ed70                	.insn	2, 0xed70
80004772:	2381                	.insn	2, 0x2381
80004774:	04c5                	.insn	2, 0x04c5
80004776:	239c                	.insn	2, 0x239c
80004778:	034d                	.insn	2, 0x034d
8000477a:	23a5                	.insn	2, 0x23a5
8000477c:	6a30                	.insn	2, 0x6a30
8000477e:	a2f223e7          	.insn	4, 0xa2f223e7
80004782:	7ca623ef          	jal	t2,80066f4c <_tbss_end+0x5cfc8>
80004786:	e3c123f3          	csrrs	t2,0xe3c,sp
8000478a:	23fe                	.insn	2, 0x23fe
8000478c:	240481ab          	.insn	4, 0x240481ab
80004790:	37ea                	.insn	2, 0x37ea
80004792:	491c240f          	.insn	4, 0x491c240f
80004796:	2435                	.insn	2, 0x2435
80004798:	b44a                	.insn	2, 0xb44a
8000479a:	2439                	.insn	2, 0x2439
8000479c:	cd3e                	.insn	2, 0xcd3e
8000479e:	247e                	.insn	2, 0x247e
800047a0:	490d                	.insn	2, 0x490d
800047a2:	249c                	.insn	2, 0x249c
800047a4:	3ecd                	.insn	2, 0x3ecd
800047a6:	24a2                	.insn	2, 0x24a2
800047a8:	5cb5                	.insn	2, 0x5cb5
800047aa:	66c324b3          	.insn	4, 0x66c324b3
800047ae:	24d2                	.insn	2, 0x24d2
800047b0:	24d5dd8b          	.insn	4, 0x24d5dd8b
800047b4:	81fd                	.insn	2, 0x81fd
800047b6:	24d8                	.insn	2, 0x24d8
800047b8:	5376                	.insn	2, 0x5376
800047ba:	24e0                	.insn	2, 0x24e0
800047bc:	bbfa                	.insn	2, 0xbbfa
800047be:	3a3624eb          	.insn	4, 0x3a3624eb
800047c2:	24ec                	.insn	2, 0x24ec
800047c4:	05f9                	.insn	2, 0x05f9
800047c6:	24f4                	.insn	2, 0x24f4
800047c8:	0b3d                	.insn	2, 0x0b3d
800047ca:	24fc                	.insn	2, 0x24fc
800047cc:	c3bd                	.insn	2, 0xc3bd
800047ce:	2511                	.insn	2, 0x2511
800047d0:	b685                	.insn	2, 0xb685
800047d2:	2514                	.insn	2, 0x2514
800047d4:	90ea                	.insn	2, 0x90ea
800047d6:	2515                	.insn	2, 0x2515
800047d8:	76c0                	.insn	2, 0x76c0
800047da:	252c                	.insn	2, 0x252c
800047dc:	18b0                	.insn	2, 0x18b0
800047de:	2530                	.insn	2, 0x2530
800047e0:	dc48                	.insn	2, 0xdc48
800047e2:	253a                	.insn	2, 0x253a
800047e4:	625f 253c d083      	.insn	6, 0xd083253c625f
800047ea:	e0d6253f 5203254f 	.insn	8, 0x5203254fe0d6253f
800047f2:	2575                	.insn	2, 0x2575
800047f4:	0af0                	.insn	2, 0x0af0
800047f6:	a39e2593          	slti	a1,t3,-1479
800047fa:	259c                	.insn	2, 0x259c
800047fc:	648d                	.insn	2, 0x648d
800047fe:	25a2                	.insn	2, 0x25a2
80004800:	25aa979b          	.insn	4, 0x25aa979b
80004804:	e378                	.insn	2, 0xe378
80004806:	25b4                	.insn	2, 0x25b4
80004808:	25bbf907          	.insn	4, 0x25bbf907
8000480c:	7b4a                	.insn	2, 0x7b4a
8000480e:	25be                	.insn	2, 0x25be
80004810:	ff86                	.insn	2, 0xff86
80004812:	eb4f25ef          	jal	a1,7fff6ec6 <buflen.1+0x7fff6e86>
80004816:	2601                	.insn	2, 0x2601
80004818:	a9bd                	.insn	2, 0xa9bd
8000481a:	2609                	.insn	2, 0x2609
8000481c:	5fae                	.insn	2, 0x5fae
8000481e:	2632                	.insn	2, 0x2632
80004820:	2540                	.insn	2, 0x2540
80004822:	83a92667          	.insn	4, 0x83a92667
80004826:	afc1266f          	jal	a2,7ff16b22 <buflen.1+0x7ff16ae2>
8000482a:	78e9268b          	.insn	4, 0x78e9268b
8000482e:	26ba                	.insn	2, 0x26ba
80004830:	0b60                	.insn	2, 0x0b60
80004832:	26c6                	.insn	2, 0x26c6
80004834:	a9e2                	.insn	2, 0xa9e2
80004836:	26d5                	.insn	2, 0x26d5
80004838:	ed86                	.insn	2, 0xed86
8000483a:	26d8                	.insn	2, 0x26d8
8000483c:	ebc4                	.insn	2, 0xebc4
8000483e:	26dd                	.insn	2, 0x26dd
80004840:	e848                	.insn	2, 0xe848
80004842:	26e2                	.insn	2, 0x26e2
80004844:	26ecc43f 26f58add 	.insn	8, 0x26f58add26ecc43f
8000484c:	2ad8                	.insn	2, 0x2ad8
8000484e:	2709                	.insn	2, 0x2709
80004850:	9280                	.insn	2, 0x9280
80004852:	270d                	.insn	2, 0x270d
80004854:	4fba                	.insn	2, 0x4fba
80004856:	2711                	.insn	2, 0x2711
80004858:	53c2                	.insn	2, 0x53c2
8000485a:	2728                	.insn	2, 0x2728
8000485c:	272cdbc7          	.insn	4, 0x272cdbc7
80004860:	ec5c                	.insn	2, 0xec5c
80004862:	276a                	.insn	2, 0x276a
80004864:	bfb6                	.insn	2, 0xbfb6
80004866:	2799                	.insn	2, 0x2799
80004868:	27ac473b          	.insn	4, 0x27ac473b
8000486c:	e2fd                	.insn	2, 0xe2fd
8000486e:	dfd027bb          	.insn	4, 0xdfd027bb
80004872:	27f8                	.insn	2, 0x27f8
80004874:	280b98c7          	.insn	4, 0x280b98c7
80004878:	d6ad                	.insn	2, 0xd6ad
8000487a:	2812                	.insn	2, 0x2812
8000487c:	281bbd27          	.insn	4, 0x281bbd27
80004880:	fe11                	.insn	2, 0xfe11
80004882:	2828                	.insn	2, 0x2828
80004884:	49a5                	.insn	2, 0x49a5
80004886:	2835                	.insn	2, 0x2835
80004888:	10f8                	.insn	2, 0x10f8
8000488a:	2844                	.insn	2, 0x2844
8000488c:	2845d05b          	.insn	4, 0x2845d05b
80004890:	9189                	.insn	2, 0x9189
80004892:	285d                	.insn	2, 0x285d
80004894:	2870b66f          	jal	a2,8001031a <_tbss_end+0x6396>
80004898:	a34d                	.insn	2, 0xa34d
8000489a:	2880                	.insn	2, 0x2880
8000489c:	9bfd                	.insn	2, 0x9bfd
8000489e:	288a                	.insn	2, 0x288a
800048a0:	c5f0                	.insn	2, 0xc5f0
800048a2:	28a6                	.insn	2, 0x28a6
800048a4:	c1b4                	.insn	2, 0xc1b4
800048a6:	f15328bb          	.insn	4, 0xf15328bb
800048aa:	28bd                	.insn	2, 0x28bd
800048ac:	5d55                	.insn	2, 0x5d55
800048ae:	28d4                	.insn	2, 0x28d4
800048b0:	b431                	.insn	2, 0xb431
800048b2:	25ea28ef          	jal	a7,800a6b10 <_tbss_end+0x9cb8c>
800048b6:	2901                	.insn	2, 0x2901
800048b8:	290737e7          	.insn	4, 0x290737e7
800048bc:	6c64                	.insn	2, 0x6c64
800048be:	2909                	.insn	2, 0x2909
800048c0:	292b6803          	.insn	4, 0x292b6803
800048c4:	de5d                	.insn	2, 0xde5d
800048c6:	292c                	.insn	2, 0x292c
800048c8:	292dc637          	lui	a2,0x292dc
800048cc:	4190                	.insn	2, 0x4190
800048ce:	2931                	.insn	2, 0x2931
800048d0:	fc5d                	.insn	2, 0xfc5d
800048d2:	9857294b          	.insn	4, 0x9857294b
800048d6:	2959                	.insn	2, 0x2959
800048d8:	28ae                	.insn	2, 0x28ae
800048da:	297c                	.insn	2, 0x297c
800048dc:	297efd5b          	.insn	4, 0x297efd5b
800048e0:	f432                	.insn	2, 0xf432
800048e2:	2982                	.insn	2, 0x2982
800048e4:	d515                	.insn	2, 0xd515
800048e6:	2995                	.insn	2, 0x2995
800048e8:	daa0                	.insn	2, 0xdaa0
800048ea:	986b2997          	auipc	s3,0x986b2
800048ee:	2998                	.insn	2, 0x2998
800048f0:	29a4b67b          	.insn	4, 0x29a4b67b
800048f4:	29c439a7          	.insn	4, 0x29c439a7
800048f8:	29d70e33          	.insn	4, 0x29d70e33
800048fc:	7a22                	.insn	2, 0x7a22
800048fe:	29dd                	.insn	2, 0x29dd
80004900:	eae5                	.insn	2, 0xeae5
80004902:	29e8                	.insn	2, 0x29e8
80004904:	35ba                	.insn	2, 0x35ba
80004906:	2a0d                	.insn	2, 0x2a0d
80004908:	2a12718f          	.insn	4, 0x2a12718f
8000490c:	2885                	.insn	2, 0x2885
8000490e:	2a1a                	.insn	2, 0x2a1a
80004910:	4eda                	.insn	2, 0x4eda
80004912:	2a21                	.insn	2, 0x2a21
80004914:	2a22a5e3          	.insn	4, 0x2a22a5e3
80004918:	6ac2                	.insn	2, 0x6ac2
8000491a:	2a4c                	.insn	2, 0x2a4c
8000491c:	2a8f6b6f          	jal	s6,800fabc4 <_tbss_end+0xf0c40>
80004920:	bc82                	.insn	2, 0xbc82
80004922:	2a95                	.insn	2, 0x2a95
80004924:	6351                	.insn	2, 0x6351
80004926:	2aac                	.insn	2, 0x2aac
80004928:	74f2                	.insn	2, 0x74f2
8000492a:	2aca                	.insn	2, 0x2aca
8000492c:	832c                	.insn	2, 0x832c
8000492e:	4d282aef          	jal	s5,80086e00 <_tbss_end+0x7ce7c>
80004932:	2afa                	.insn	2, 0x2afa
80004934:	9719                	.insn	2, 0x9719
80004936:	2b01                	.insn	2, 0x2b01
80004938:	2b0b5427          	.insn	4, 0x2b0b5427
8000493c:	d0ed                	.insn	2, 0xd0ed
8000493e:	2b0c                	.insn	2, 0x2b0c
80004940:	261f 2b0e deec      	.insn	6, 0xdeec2b0e261f
80004946:	2b16                	.insn	2, 0x2b16
80004948:	0b2a                	.insn	2, 0x0b2a
8000494a:	2b1d                	.insn	2, 0x2b1d
8000494c:	4dbe                	.insn	2, 0x4dbe
8000494e:	2b26                	.insn	2, 0x2b26
80004950:	0c12                	.insn	2, 0x0c12
80004952:	2b48                	.insn	2, 0x2b48
80004954:	2488                	.insn	2, 0x2488
80004956:	1c4b2b53          	.insn	4, 0x1c4b2b53
8000495a:	2b5e                	.insn	2, 0x2b5e
8000495c:	e58d                	.insn	2, 0xe58d
8000495e:	2b7a                	.insn	2, 0x2b7a
80004960:	6fa2                	.insn	2, 0x6fa2
80004962:	4d812b7b          	.insn	4, 0x4d812b7b
80004966:	2b84                	.insn	2, 0x2b84
80004968:	70c8                	.insn	2, 0x70c8
8000496a:	5d0d2b87          	.insn	4, 0x5d0d2b87
8000496e:	2b89                	.insn	2, 0x2b89
80004970:	d1e1                	.insn	2, 0xd1e1
80004972:	6ca02b8f          	.insn	4, 0x6ca02b8f
80004976:	d24e2b9b          	.insn	4, 0xd24e2b9b
8000497a:	2b9d                	.insn	2, 0x2b9d
8000497c:	5d49                	.insn	2, 0x5d49
8000497e:	35dc2ba7          	.insn	4, 0x35dc2ba7
80004982:	2ba8                	.insn	2, 0x2ba8
80004984:	6a49                	.insn	2, 0x6a49
80004986:	2be5                	.insn	2, 0x2be5
80004988:	7d20                	.insn	2, 0x7d20
8000498a:	a3052bf3          	csrrs	s7,0xa30,a0
8000498e:	2bf5                	.insn	2, 0x2bf5
80004990:	64c0                	.insn	2, 0x64c0
80004992:	58672c07          	.insn	4, 0x58672c07
80004996:	2c15                	.insn	2, 0x2c15
80004998:	aecc                	.insn	2, 0xaecc
8000499a:	f5572c23          	sw	s5,-168(a4)
8000499e:	94b82c2b          	.insn	4, 0x94b82c2b
800049a2:	2c2d                	.insn	2, 0x2c2d
800049a4:	2c3cdaab          	.insn	4, 0x2c3cdaab
800049a8:	0379                	.insn	2, 0x0379
800049aa:	2c52                	.insn	2, 0x2c52
800049ac:	2c54a803          	lw	a6,709(s1) # 65a82c5 <buflen.1+0x65a8285>
800049b0:	983d                	.insn	2, 0x983d
800049b2:	2c6a                	.insn	2, 0x2c6a
800049b4:	aaad                	.insn	2, 0xaaad
800049b6:	5cab2c73          	csrrs	s8,0x5ca,s6
800049ba:	9f222c8f          	.insn	4, 0x9f222c8f
800049be:	2c9d                	.insn	2, 0x2c9d
800049c0:	2c45                	.insn	2, 0x2c45
800049c2:	b88a2cab          	.insn	4, 0xb88a2cab
800049c6:	2cbd                	.insn	2, 0x2cbd
800049c8:	2cc21eab          	.insn	4, 0x2cc21eab
800049cc:	ddc4                	.insn	2, 0xddc4
800049ce:	2cd0                	.insn	2, 0x2cd0
800049d0:	8849                	.insn	2, 0x8849
800049d2:	2cd8                	.insn	2, 0x2cd8
800049d4:	2ce66627          	.insn	4, 0x2ce66627
800049d8:	6b72                	.insn	2, 0x6b72
800049da:	2cf4                	.insn	2, 0x2cf4
800049dc:	e584                	.insn	2, 0xe584
800049de:	2cf4                	.insn	2, 0x2cf4
800049e0:	ceea                	.insn	2, 0xceea
800049e2:	2cfe                	.insn	2, 0x2cfe
800049e4:	d921                	.insn	2, 0xd921
800049e6:	2d08                	.insn	2, 0x2d08
800049e8:	9006                	.insn	2, 0x9006
800049ea:	2d0c                	.insn	2, 0x2d0c
800049ec:	2d2aea73          	csrrsi	s4,0x2d2,21
800049f0:	8c8c                	.insn	2, 0x8c8c
800049f2:	2d2d                	.insn	2, 0x2d2d
800049f4:	d426                	.insn	2, 0xd426
800049f6:	2d30                	.insn	2, 0x2d30
800049f8:	eda1                	.insn	2, 0xeda1
800049fa:	2d68                	.insn	2, 0x2d68
800049fc:	2d73d15b          	.insn	4, 0x2d73d15b
80004a00:	7cb6                	.insn	2, 0x7cb6
80004a02:	fe492d97          	auipc	s11,0xfe492
80004a06:	ddde2d97          	auipc	s11,0xddde2
80004a0a:	2d9e                	.insn	2, 0x2d9e
80004a0c:	ac55                	.insn	2, 0xac55
80004a0e:	0f762da3          	sw	s7,251(a2) # 292dc0fb <buflen.1+0x292dc0bb>
80004a12:	ec892dbb          	.insn	4, 0xec892dbb
80004a16:	2dc4                	.insn	2, 0x2dc4
80004a18:	95c4                	.insn	2, 0x95c4
80004a1a:	2dc9                	.insn	2, 0x2dc9
80004a1c:	17e0                	.insn	2, 0x17e0
80004a1e:	2dd6                	.insn	2, 0x2dd6
80004a20:	2deb91bf 2df3dfcb 	.insn	8, 0x2df3dfcb2deb91bf
80004a28:	2e04b247          	.insn	4, 0x2e04b247
80004a2c:	9db6                	.insn	2, 0x9db6
80004a2e:	77ef2e07          	.insn	4, 0x77ef2e07
80004a32:	0dbb2e0b          	.insn	4, 0x0dbb2e0b
80004a36:	2e16                	.insn	2, 0x2e16
80004a38:	2e56b07f 2e6a0f7c 	.insn	16, 0x2e70078a2e6c133b2e6a0f7c2e56b07f
80004a40:	2e6c133b 2e70078a 
80004a48:	26e2                	.insn	2, 0x26e2
80004a4a:	2eb2                	.insn	2, 0x2eb2
80004a4c:	3bb4                	.insn	2, 0x3bb4
80004a4e:	2ed0                	.insn	2, 0x2ed0
80004a50:	4040                	.insn	2, 0x4040
80004a52:	2ed9                	.insn	2, 0x2ed9
80004a54:	f2c1                	.insn	2, 0xf2c1
80004a56:	2edd                	.insn	2, 0x2edd
80004a58:	0df8                	.insn	2, 0x0df8
80004a5a:	2ee2                	.insn	2, 0x2ee2
80004a5c:	2eea494b          	.insn	4, 0x2eea494b
80004a60:	def5                	.insn	2, 0xdef5
80004a62:	2ef0                	.insn	2, 0x2ef0
80004a64:	8746                	.insn	2, 0x8746
80004a66:	2ef5                	.insn	2, 0x2ef5
80004a68:	9bd8                	.insn	2, 0x9bd8
80004a6a:	2ef6                	.insn	2, 0x2ef6
80004a6c:	5b1f 2f1a 9f26      	.insn	6, 0x9f262f1a5b1f
80004a72:	2f24                	.insn	2, 0x2f24
80004a74:	9259                	.insn	2, 0x9259
80004a76:	2f28                	.insn	2, 0x2f28
80004a78:	91a6                	.insn	2, 0x91a6
80004a7a:	ef642f2b          	.insn	4, 0xef642f2b
80004a7e:	b4642f4b          	.insn	4, 0xb4642f4b
80004a82:	2f70                	.insn	2, 0x2f70
80004a84:	2c50                	.insn	2, 0x2c50
80004a86:	2f82                	.insn	2, 0x2f82
80004a88:	5026                	.insn	2, 0x5026
80004a8a:	d1cb2f97          	auipc	t6,0xd1cb2
80004a8e:	b6d42fa7          	.insn	4, 0xb6d42fa7
80004a92:	2faa                	.insn	2, 0x2faa
80004a94:	2fb80fd7          	.insn	4, 0x2fb80fd7
80004a98:	21dc                	.insn	2, 0x21dc
80004a9a:	2fb9                	.insn	2, 0x2fb9
80004a9c:	2fbefe13          	andi	t3,t4,763
80004aa0:	2fc79aeb          	.insn	4, 0x2fc79aeb
80004aa4:	2fcade4f          	.insn	4, 0x2fcade4f
80004aa8:	b366                	.insn	2, 0xb366
80004aaa:	2fd8                	.insn	2, 0x2fd8
80004aac:	2ff1affb          	.insn	4, 0x2ff1affb
80004ab0:	30107333          	.insn	4, 0x30107333
80004ab4:	301453e7          	.insn	4, 0x301453e7
80004ab8:	3014dbb7          	lui	s7,0x3014d
80004abc:	94ee                	.insn	2, 0x94ee
80004abe:	3041                	.insn	2, 0x3041
80004ac0:	86c8                	.insn	2, 0x86c8
80004ac2:	304d                	.insn	2, 0x304d
80004ac4:	81e5                	.insn	2, 0x81e5
80004ac6:	93fd304f          	.insn	4, 0x93fd304f
80004aca:	89643067          	.insn	4, 0x89643067
80004ace:	306a                	.insn	2, 0x306a
80004ad0:	2809                	.insn	2, 0x2809
80004ad2:	3401306b          	.insn	4, 0x3401306b
80004ad6:	307d                	.insn	2, 0x307d
80004ad8:	46b2                	.insn	2, 0x46b2
80004ada:	3089                	.insn	2, 0x3089
80004adc:	9914                	.insn	2, 0x9914
80004ade:	3095                	.insn	2, 0x3095
80004ae0:	cd5f 30b8 735e      	.insn	6, 0x735e30b8cd5f
80004ae6:	30ee                	.insn	2, 0x30ee
80004ae8:	d0d4                	.insn	2, 0xd0d4
80004aea:	30f6                	.insn	2, 0x30f6
80004aec:	6af4                	.insn	2, 0x6af4
80004aee:	3108                	.insn	2, 0x3108
80004af0:	1d65                	.insn	2, 0x1d65
80004af2:	3116                	.insn	2, 0x3116
80004af4:	31529973          	csrrw	s2,0x315,t0
80004af8:	3170694b          	.insn	4, 0x3170694b
80004afc:	31766a3f 3181e05e 	.insn	8, 0x3181e05e31766a3f
80004b04:	318c2ea3          	sw	s8,797(s8)
80004b08:	318c39e7          	.insn	4, 0x318c39e7
80004b0c:	8c7a                	.insn	2, 0x8c7a
80004b0e:	3198                	.insn	2, 0x3198
80004b10:	dfc5                	.insn	2, 0xdfc5
80004b12:	31a6                	.insn	2, 0x31a6
80004b14:	31bc1683          	lh	a3,795(s8)
80004b18:	0fec                	.insn	2, 0x0fec
80004b1a:	31c6                	.insn	2, 0x31c6
80004b1c:	d196                	.insn	2, 0xd196
80004b1e:	31cc                	.insn	2, 0x31cc
80004b20:	0a74                	.insn	2, 0x0a74
80004b22:	31d9                	.insn	2, 0x31d9
80004b24:	58ee                	.insn	2, 0x58ee
80004b26:	fa4731e3          	.insn	4, 0xfa4731e3
80004b2a:	100a31e3          	.insn	4, 0x100a31e3
80004b2e:	31ec                	.insn	2, 0x31ec
80004b30:	de75                	.insn	2, 0xde75
80004b32:	3209                	.insn	2, 0x3209
80004b34:	3213004b          	.insn	4, 0x3213004b
80004b38:	6e71                	.insn	2, 0x6e71
80004b3a:	324a                	.insn	2, 0x324a
80004b3c:	324f49f7          	.insn	4, 0x324f49f7
80004b40:	5676                	.insn	2, 0x5676
80004b42:	3268                	.insn	2, 0x3268
80004b44:	e084                	.insn	2, 0xe084
80004b46:	326e                	.insn	2, 0x326e
80004b48:	dd86                	.insn	2, 0xdd86
80004b4a:	3276                	.insn	2, 0x3276
80004b4c:	19a6                	.insn	2, 0x19a6
80004b4e:	3280                	.insn	2, 0x3280
80004b50:	9e1e                	.insn	2, 0x9e1e
80004b52:	328d                	.insn	2, 0x328d
80004b54:	32919983          	lh	s3,809(gp) # e9c70329 <_tbss_end+0x69c663a5>
80004b58:	2dde                	.insn	2, 0x2dde
80004b5a:	32a2                	.insn	2, 0x32a2
80004b5c:	24ff 32be 29b6 32c4 	.insn	14, 0x6a7432cda56532c429b632be24ff
80004b64:	a565 32cd 6a74 
80004b6a:	32ce                	.insn	2, 0x32ce
80004b6c:	3d32                	.insn	2, 0x3d32
80004b6e:	32d5                	.insn	2, 0x32d5
80004b70:	127e                	.insn	2, 0x127e
80004b72:	32e0                	.insn	2, 0x32e0
80004b74:	32ee431b          	.insn	4, 0x32ee431b
80004b78:	e815                	.insn	2, 0xe815
80004b7a:	ffd432f7          	.insn	4, 0xffd432f7
80004b7e:	330e                	.insn	2, 0x330e
80004b80:	4b8a                	.insn	2, 0x4b8a
80004b82:	3312                	.insn	2, 0x3312
80004b84:	33226d3b          	.insn	4, 0x33226d3b
80004b88:	bb69                	.insn	2, 0xbb69
80004b8a:	3324                	.insn	2, 0x3324
80004b8c:	57fc                	.insn	2, 0x57fc
80004b8e:	3326                	.insn	2, 0x3326
80004b90:	3085                	.insn	2, 0x3085
80004b92:	3339                	.insn	2, 0x3339
80004b94:	a3bc                	.insn	2, 0xa3bc
80004b96:	333c                	.insn	2, 0x333c
80004b98:	3348100b          	.insn	4, 0x3348100b
80004b9c:	bf5f 3378 37b1      	.insn	6, 0x37b13378bf5f
80004ba2:	337a                	.insn	2, 0x337a
80004ba4:	9944                	.insn	2, 0x9944
80004ba6:	339f 69aa 33a5      	.insn	6, 0x33a569aa339f
80004bac:	26c9                	.insn	2, 0x26c9
80004bae:	d57033ab          	.insn	4, 0xd57033ab
80004bb2:	33ac                	.insn	2, 0x33ac
80004bb4:	f61d                	.insn	2, 0xf61d
80004bb6:	33b6                	.insn	2, 0x33b6
80004bb8:	e796                	.insn	2, 0xe796
80004bba:	33d8                	.insn	2, 0x33d8
80004bbc:	33f842cb          	.insn	4, 0x33f842cb
80004bc0:	34127047          	.insn	4, 0x34127047
80004bc4:	3417d43b          	.insn	4, 0x3417d43b
80004bc8:	86a9                	.insn	2, 0x86a9
80004bca:	341a                	.insn	2, 0x341a
80004bcc:	342ec987          	.insn	4, 0x342ec987
80004bd0:	b01d                	.insn	2, 0xb01d
80004bd2:	3438                	.insn	2, 0x3438
80004bd4:	c77a                	.insn	2, 0xc77a
80004bd6:	345f 935e 3460      	.insn	6, 0x3460935e345f
80004bdc:	b74e                	.insn	2, 0xb74e
80004bde:	3462                	.insn	2, 0x3462
80004be0:	47ff 346a e798 346c 	.insn	18, 0x3b97347ab34e3471e0a8346ce798346a47ff
80004be8:	e0a8 3471 b34e 347a 
80004bf0:	3b97 
80004bf2:	347e                	.insn	2, 0x347e
80004bf4:	3491fb3f 34968f93 	.insn	8, 0x34968f933491fb3f
80004bfc:	3499a707          	.insn	4, 0x3499a707
80004c00:	5b28                	.insn	2, 0x5b28
80004c02:	34cd                	.insn	2, 0x34cd
80004c04:	3644                	.insn	2, 0x3644
80004c06:	34de                	.insn	2, 0x34de
80004c08:	6341                	.insn	2, 0x6341
80004c0a:	5cce34eb          	.insn	4, 0x5cce34eb
80004c0e:	6b953513          	sltiu	a0,a0,1721
80004c12:	3526                	.insn	2, 0x3526
80004c14:	99c5                	.insn	2, 0x99c5
80004c16:	2e883533          	.insn	4, 0x2e883533
80004c1a:	3539                	.insn	2, 0x3539
80004c1c:	b79f 353e 36c6      	.insn	6, 0x36c6353eb79f
80004c22:	b68b3543          	.insn	4, 0xb68b3543
80004c26:	3548                	.insn	2, 0x3548
80004c28:	1a2c                	.insn	2, 0x1a2c
80004c2a:	3555                	.insn	2, 0x3555
80004c2c:	a8ed                	.insn	2, 0xa8ed
80004c2e:	d7583557          	.insn	4, 0xd7583557
80004c32:	3559                	.insn	2, 0x3559
80004c34:	3150                	.insn	2, 0x3150
80004c36:	3561                	.insn	2, 0x3561
80004c38:	05a2                	.insn	2, 0x05a2
80004c3a:	3594                	.insn	2, 0x3594
80004c3c:	35ae                	.insn	2, 0x35ae
80004c3e:	35c0                	.insn	2, 0x35c0
80004c40:	5411                	.insn	2, 0x5411
80004c42:	35e6                	.insn	2, 0x35e6
80004c44:	360e2f13          	slti	t5,t3,864
80004c48:	3615d7bf 36182d7f 	.insn	8, 0x36182d7f3615d7bf
80004c50:	69d9                	.insn	2, 0x69d9
80004c52:	3632                	.insn	2, 0x3632
80004c54:	93c9                	.insn	2, 0x93c9
80004c56:	3634                	.insn	2, 0x3634
80004c58:	d420                	.insn	2, 0xd420
80004c5a:	d5de3647          	.insn	4, 0xd5de3647
80004c5e:	3661                	.insn	2, 0x3661
80004c60:	5b94                	.insn	2, 0x5b94
80004c62:	3688                	.insn	2, 0x3688
80004c64:	42ad                	.insn	2, 0x42ad
80004c66:	3698                	.insn	2, 0x3698
80004c68:	2b51                	.insn	2, 0x2b51
80004c6a:	369a                	.insn	2, 0x369a
80004c6c:	10ae                	.insn	2, 0x10ae
80004c6e:	36b0                	.insn	2, 0x36b0
80004c70:	36bd5793          	.insn	4, 0x36bd5793
80004c74:	36d21197          	auipc	gp,0x36d21
80004c78:	181a                	.insn	2, 0x181a
80004c7a:	36ee                	.insn	2, 0x36ee
80004c7c:	712a                	.insn	2, 0x712a
80004c7e:	2af736f7          	.insn	4, 0x2af736f7
80004c82:	953f370b          	.insn	4, 0x953f370b
80004c86:	6219370f          	.insn	4, 0x6219370f
80004c8a:	99ac371b          	.insn	4, 0x99ac371b
80004c8e:	42b9372b          	.insn	4, 0x42b9372b
80004c92:	3731                	.insn	2, 0x3731
80004c94:	b46e                	.insn	2, 0xb46e
80004c96:	3734                	.insn	2, 0x3734
80004c98:	f7b8                	.insn	2, 0xf7b8
80004c9a:	98ff373f e5553741 	.insn	8, 0xe555374198ff373f
80004ca2:	3748                	.insn	2, 0x3748
80004ca4:	3752e6c7          	.insn	4, 0x3752e6c7
80004ca8:	375ced43          	.insn	4, 0x375ced43
80004cac:	c88e                	.insn	2, 0xc88e
80004cae:	3764                	.insn	2, 0x3764
80004cb0:	3774479b          	.insn	4, 0x3774479b
80004cb4:	a8b1                	.insn	2, 0xa8b1
80004cb6:	a7273793          	sltiu	a5,a4,-1422
80004cba:	37a5                	.insn	2, 0x37a5
80004cbc:	37a6bc03          	.insn	4, 0x37a6bc03
80004cc0:	74e5                	.insn	2, 0x74e5
80004cc2:	37ac                	.insn	2, 0x37ac
80004cc4:	66c0                	.insn	2, 0x66c0
80004cc6:	37b6                	.insn	2, 0x37b6
80004cc8:	7574                	.insn	2, 0x7574
80004cca:	37c2                	.insn	2, 0x37c2
80004ccc:	37c3b8f7          	.insn	4, 0x37c3b8f7
80004cd0:	7da5                	.insn	2, 0x7da5
80004cd2:	37c5                	.insn	2, 0x37c5
80004cd4:	37c94eb3          	.insn	4, 0x37c94eb3
80004cd8:	b958                	.insn	2, 0xb958
80004cda:	37da                	.insn	2, 0x37da
80004cdc:	626c                	.insn	2, 0x626c
80004cde:	37e8                	.insn	2, 0x37e8
80004ce0:	8c39                	.insn	2, 0x8c39
80004ce2:	37e8                	.insn	2, 0x37e8
80004ce4:	9834                	.insn	2, 0x9834
80004ce6:	b6ea37ff b3cd381d 	.insn	16, 0x20f13842578e3834b3cd381db6ea37ff
80004cee:	578e3834 20f13842 
80004cf6:	384a                	.insn	2, 0x384a
80004cf8:	092d                	.insn	2, 0x092d
80004cfa:	3862                	.insn	2, 0x3862
80004cfc:	38679167          	.insn	4, 0x38679167
80004d00:	4d02                	.insn	2, 0x4d02
80004d02:	3869                	.insn	2, 0x3869
80004d04:	386a4a27          	.insn	4, 0x386a4a27
80004d08:	cfc9                	.insn	2, 0xcfc9
80004d0a:	c145388b          	.insn	4, 0xc145388b
80004d0e:	3890                	.insn	2, 0x3890
80004d10:	3893fc2f          	.insn	4, 0x3893fc2f
80004d14:	ffda                	.insn	2, 0xffda
80004d16:	389f 05d1 38b3      	.insn	6, 0x38b305d1389f
80004d1c:	38b93c73          	csrrc	s8,0x38b,s2
80004d20:	f23d                	.insn	2, 0xf23d
80004d22:	38ca                	.insn	2, 0x38ca
80004d24:	7b46                	.insn	2, 0x7b46
80004d26:	023138d3          	.insn	4, 0x023138d3
80004d2a:	a07c38db          	.insn	4, 0xa07c38db
80004d2e:	db9c38e3          	.insn	4, 0xdb9c38e3
80004d32:	38ea                	.insn	2, 0x38ea
80004d34:	4292                	.insn	2, 0x4292
80004d36:	3b0338eb          	.insn	4, 0x3b0338eb
80004d3a:	bd26390b          	.insn	4, 0xbd26390b
80004d3e:	3925                	.insn	2, 0x3925
80004d40:	9561                	.insn	2, 0x9561
80004d42:	392e                	.insn	2, 0x392e
80004d44:	6cd4                	.insn	2, 0x6cd4
80004d46:	c9d63947          	.insn	4, 0xc9d63947
80004d4a:	397a                	.insn	2, 0x397a
80004d4c:	35c4                	.insn	2, 0x35c4
80004d4e:	398c                	.insn	2, 0x398c
80004d50:	398d5073          	csrwi	0x398,26
80004d54:	399987cf          	.insn	4, 0x399987cf
80004d58:	737c                	.insn	2, 0x737c
80004d5a:	eec339bf 6d6839c2 	.insn	8, 0x6d6839c2eec339bf
80004d62:	39c6                	.insn	2, 0x39c6
80004d64:	39c73b7f 39c96743 	.insn	16, 0x39f0708e39d3fdf639c9674339c73b7f
80004d6c:	39d3fdf6 39f0708e 
80004d74:	6835                	.insn	2, 0x6835
80004d76:	3a04                	.insn	2, 0x3a04
80004d78:	493e                	.insn	2, 0x493e
80004d7a:	3a06                	.insn	2, 0x3a06
80004d7c:	56e2                	.insn	2, 0x56e2
80004d7e:	3a06                	.insn	2, 0x3a06
80004d80:	3a0a8c2b          	.insn	4, 0x3a0a8c2b
80004d84:	cef4                	.insn	2, 0xcef4
80004d86:	3a2c                	.insn	2, 0x3a2c
80004d88:	8a86                	.insn	2, 0x8a86
80004d8a:	3a2d                	.insn	2, 0x3a2d
80004d8c:	c658                	.insn	2, 0xc658
80004d8e:	3a42                	.insn	2, 0x3a42
80004d90:	3a49aebb          	.insn	4, 0x3a49aebb
80004d94:	de5c                	.insn	2, 0xde5c
80004d96:	3a4e                	.insn	2, 0x3a4e
80004d98:	56ec                	.insn	2, 0x56ec
80004d9a:	3a74                	.insn	2, 0x3a74
80004d9c:	c985                	.insn	2, 0xc985
80004d9e:	3a76                	.insn	2, 0x3a76
80004da0:	3a980e8b          	.insn	4, 0x3a980e8b
80004da4:	3aba90eb          	.insn	4, 0x3aba90eb
80004da8:	3ac8d43b          	.insn	4, 0x3ac8d43b
80004dac:	0afe                	.insn	2, 0x0afe
80004dae:	3ae0                	.insn	2, 0x3ae0
80004db0:	4361                	.insn	2, 0x4361
80004db2:	3aea                	.insn	2, 0x3aea
80004db4:	3b13e5b7          	lui	a1,0x3b13e
80004db8:	cef1                	.insn	2, 0xcef1
80004dba:	3b1e                	.insn	2, 0x3b1e
80004dbc:	fafd                	.insn	2, 0xfafd
80004dbe:	3b26                	.insn	2, 0x3b26
80004dc0:	fdc5                	.insn	2, 0xfdc5
80004dc2:	fc5c3b37          	lui	s6,0xfc5c3
80004dc6:	af763b3b          	.insn	4, 0xaf763b3b
80004dca:	ed023b43          	.insn	4, 0xed023b43
80004dce:	3b76                	.insn	2, 0x3b76
80004dd0:	7cce                	.insn	2, 0x7cce
80004dd2:	3b8a                	.insn	2, 0x3b8a
80004dd4:	07e4                	.insn	2, 0x07e4
80004dd6:	d0de3b8f          	.insn	4, 0xd0de3b8f
80004dda:	3b90                	.insn	2, 0x3b90
80004ddc:	3b99408f          	.insn	4, 0x3b99408f
80004de0:	3eb0                	.insn	2, 0x3eb0
80004de2:	3c06                	.insn	2, 0x3c06
80004de4:	e4c1                	.insn	2, 0xe4c1
80004de6:	3c39                	.insn	2, 0x3c39
80004de8:	02ec                	.insn	2, 0x02ec
80004dea:	3c49                	.insn	2, 0x3c49
80004dec:	de19                	.insn	2, 0xde19
80004dee:	3c49                	.insn	2, 0x3c49
80004df0:	bdbd                	.insn	2, 0xbdbd
80004df2:	3a763c4b          	.insn	4, 0x3a763c4b
80004df6:	e86b3c5b          	.insn	4, 0xe86b3c5b
80004dfa:	3c6e                	.insn	2, 0x3c6e
80004dfc:	1752                	.insn	2, 0x1752
80004dfe:	3c96                	.insn	2, 0x3c96
80004e00:	3c985217          	auipc	tp,0x3c985
80004e04:	8b6a                	.insn	2, 0x8b6a
80004e06:	3ccc                	.insn	2, 0x3ccc
80004e08:	71b9                	.insn	2, 0x71b9
80004e0a:	a1413cdb          	.insn	4, 0xa1413cdb
80004e0e:	0d013cf7          	.insn	4, 0x0d013cf7
80004e12:	3d1a                	.insn	2, 0x3d1a
80004e14:	bfe5                	.insn	2, 0xbfe5
80004e16:	3d2c                	.insn	2, 0x3d2c
80004e18:	54be                	.insn	2, 0x54be
80004e1a:	3d2d                	.insn	2, 0x3d2d
80004e1c:	5ae1                	.insn	2, 0x5ae1
80004e1e:	3d42                	.insn	2, 0x3d42
80004e20:	3d4262f7          	.insn	4, 0x3d4262f7
80004e24:	1d74                	.insn	2, 0x1d74
80004e26:	3d4e                	.insn	2, 0x3d4e
80004e28:	8d0c                	.insn	2, 0x8d0c
80004e2a:	3d52                	.insn	2, 0x3d52
80004e2c:	56d6                	.insn	2, 0x56d6
80004e2e:	3d54                	.insn	2, 0x3d54
80004e30:	fb3a                	.insn	2, 0xfb3a
80004e32:	742a3d57          	.insn	4, 0x742a3d57
80004e36:	3d5a                	.insn	2, 0x3d5a
80004e38:	00fc                	.insn	2, 0x00fc
80004e3a:	3d62                	.insn	2, 0x3d62
80004e3c:	592a                	.insn	2, 0x592a
80004e3e:	3d7d                	.insn	2, 0x3d7d
80004e40:	7fc4                	.insn	2, 0x7fc4
80004e42:	3d8e                	.insn	2, 0x3d8e
80004e44:	3d9105a3          	sb	s9,971(sp)
80004e48:	38e6                	.insn	2, 0x38e6
80004e4a:	3da0                	.insn	2, 0x3da0
80004e4c:	ffa0                	.insn	2, 0xffa0
80004e4e:	3db1                	.insn	2, 0x3db1
80004e50:	3dbf7153          	.insn	4, 0x3dbf7153
80004e54:	50ad                	.insn	2, 0x50ad
80004e56:	e9283dd7          	.insn	4, 0xe9283dd7
80004e5a:	3dde                	.insn	2, 0x3dde
80004e5c:	4c2e                	.insn	2, 0x4c2e
80004e5e:	b7773deb          	.insn	4, 0xb7773deb
80004e62:	0a4d3e27          	.insn	4, 0x0a4d3e27
80004e66:	3e2a                	.insn	2, 0x3e2a
80004e68:	f67f                	.insn	2, 0xf67f
80004e6a:	3e38                	.insn	2, 0x3e38
80004e6c:	3e3b8743          	.insn	4, 0x3e3b8743
80004e70:	3e5303f7          	.insn	4, 0x3e5303f7
80004e74:	79d1                	.insn	2, 0x79d1
80004e76:	17143e53          	.insn	4, 0x17143e53
80004e7a:	3e6d                	.insn	2, 0x3e6d
80004e7c:	99ec                	.insn	2, 0x99ec
80004e7e:	3e85                	.insn	2, 0x3e85
80004e80:	b8b0                	.insn	2, 0xb8b0
80004e82:	3e8d                	.insn	2, 0x3e8d
80004e84:	6ce8                	.insn	2, 0x6ce8
80004e86:	8b753e9b          	.insn	4, 0x8b753e9b
80004e8a:	3e9d                	.insn	2, 0x3e9d
80004e8c:	ccad                	.insn	2, 0xccad
80004e8e:	c5723ea7          	.insn	4, 0xc5723ea7
80004e92:	99263ed3          	.insn	4, 0x99263ed3
80004e96:	3f00                	.insn	2, 0x3f00
80004e98:	227f 3f1a 1b75 3f1e 	.insn	14, 0x204c3f4ac5ee3f1e1b753f1a227f
80004ea0:	c5ee 3f4a 204c 
80004ea6:	3f66                	.insn	2, 0x3f66
80004ea8:	7168                	.insn	2, 0x7168
80004eaa:	d17c3f67          	.insn	4, 0xd17c3f67
80004eae:	e53c3f67          	.insn	4, 0xe53c3f67
80004eb2:	3f68                	.insn	2, 0x3f68
80004eb4:	b11e                	.insn	2, 0xb11e
80004eb6:	3f7c                	.insn	2, 0x3f7c
80004eb8:	f425                	.insn	2, 0xf425
80004eba:	3f81                	.insn	2, 0x3f81
80004ebc:	156e                	.insn	2, 0x156e
80004ebe:	3f8a                	.insn	2, 0x3f8a
80004ec0:	3f95e34b          	.insn	4, 0x3f95e34b
80004ec4:	f67d                	.insn	2, 0xf67d
80004ec6:	3fa4                	.insn	2, 0x3fa4
80004ec8:	5aa8                	.insn	2, 0x5aa8
80004eca:	3fb1                	.insn	2, 0x3fb1
80004ecc:	91b1                	.insn	2, 0x91b1
80004ece:	3fb4                	.insn	2, 0x3fb4
80004ed0:	83ba                	.insn	2, 0x83ba
80004ed2:	3fbe                	.insn	2, 0x3fbe
80004ed4:	4afd                	.insn	2, 0x4afd
80004ed6:	fa463fff 12294001 	.insn	16, 0x7e40401ed5c8400712294001fa463fff
80004ede:	d5c84007 7e40401e 
80004ee6:	4025                	.insn	2, 0x4025
80004ee8:	4043fd5b          	.insn	4, 0x4043fd5b
80004eec:	405d5a9b          	.insn	4, 0x405d5a9b
80004ef0:	a050                	.insn	2, 0xa050
80004ef2:	4085                	.insn	2, 0x4085
80004ef4:	345c                	.insn	2, 0x345c
80004ef6:	7651408b          	.insn	4, 0x7651408b
80004efa:	c4ff408b          	.insn	4, 0xc4ff408b
80004efe:	40b0                	.insn	2, 0x40b0
80004f00:	4885                	.insn	2, 0x4885
80004f02:	40cd                	.insn	2, 0x40cd
80004f04:	0d2d                	.insn	2, 0x0d2d
80004f06:	40ce                	.insn	2, 0x40ce
80004f08:	24f2                	.insn	2, 0x24f2
80004f0a:	40ce                	.insn	2, 0x40ce
80004f0c:	cc41                	.insn	2, 0xcc41
80004f0e:	40d2                	.insn	2, 0x40d2
80004f10:	a17a                	.insn	2, 0xa17a
80004f12:	40d5                	.insn	2, 0x40d5
80004f14:	0dea                	.insn	2, 0x0dea
80004f16:	a95e40ef          	jal	7ffe99aa <buflen.1+0x7ffe996a>
80004f1a:	ad3840f3          	.insn	4, 0xad3840f3
80004f1e:	40f9                	.insn	2, 0x40f9
80004f20:	f865                	.insn	2, 0xf865
80004f22:	40fd                	.insn	2, 0x40fd
80004f24:	40fed847          	.insn	4, 0x40fed847
80004f28:	411c6f63          	bltu	s8,a7,80005346 <verify_data+0x144e>
80004f2c:	41240a87          	.insn	4, 0x41240a87
80004f30:	6f6a                	.insn	2, 0x6f6a
80004f32:	4139                	.insn	2, 0x4139
80004f34:	3ab2                	.insn	2, 0x3ab2
80004f36:	413d                	.insn	2, 0x413d
80004f38:	88ae                	.insn	2, 0x88ae
80004f3a:	414a                	.insn	2, 0x414a
80004f3c:	58f0                	.insn	2, 0x58f0
80004f3e:	418e                	.insn	2, 0x418e
80004f40:	4ba0                	.insn	2, 0x4ba0
80004f42:	4191                	.insn	2, 0x4191
80004f44:	07d4                	.insn	2, 0x07d4
80004f46:	4192                	.insn	2, 0x4192
80004f48:	41aaf2ef          	jal	t0,800b4362 <_tbss_end+0xaa3de>
80004f4c:	2be4                	.insn	2, 0x2be4
80004f4e:	41ae                	.insn	2, 0x41ae
80004f50:	a764                	.insn	2, 0xa764
80004f52:	41b5                	.insn	2, 0x41b5
80004f54:	65ff 41b8 a514 41be 	.insn	22, 0xa0e2423bc726422f299741f694ba41bea51441b865ff
80004f5c:	94ba 41f6 2997 422f 
80004f64:	c726 423b a0e2 
80004f6a:	4248                	.insn	2, 0x4248
80004f6c:	f095                	.insn	2, 0xf095
80004f6e:	4252                	.insn	2, 0x4252
80004f70:	9e80                	.insn	2, 0x9e80
80004f72:	4261                	.insn	2, 0x4261
80004f74:	8d86                	.insn	2, 0x8d86
80004f76:	42d0                	.insn	2, 0x42d0
80004f78:	42d7b4a3          	.insn	4, 0x42d7b4a3
80004f7c:	42dd5013          	srai	zero,s10,0x2d
80004f80:	42dfc0af          	.insn	4, 0x42dfc0af
80004f84:	1664                	.insn	2, 0x1664
80004f86:	42ec                	.insn	2, 0x42ec
80004f88:	aca1                	.insn	2, 0xaca1
80004f8a:	42f4                	.insn	2, 0x42f4
80004f8c:	1936                	.insn	2, 0x1936
80004f8e:	42f8                	.insn	2, 0x42f8
80004f90:	430fbce7          	.insn	4, 0x430fbce7
80004f94:	b1f5                	.insn	2, 0xb1f5
80004f96:	431a                	.insn	2, 0x431a
80004f98:	aba4                	.insn	2, 0xaba4
80004f9a:	431d                	.insn	2, 0x431d
80004f9c:	4d99                	.insn	2, 0x4d99
80004f9e:	8fd1432f          	.insn	4, 0x8fd1432f
80004fa2:	433a                	.insn	2, 0x433a
80004fa4:	9488                	.insn	2, 0x9488
80004fa6:	4349                	.insn	2, 0x4349
80004fa8:	6781                	.insn	2, 0x6781
80004faa:	c7ab4367          	.insn	4, 0xc7ab4367
80004fae:	0f3a4373          	.insn	4, 0x0f3a4373
80004fb2:	4382                	.insn	2, 0x4382
80004fb4:	7015                	.insn	2, 0x7015
80004fb6:	19f2438f          	.insn	4, 0x19f2438f
80004fba:	4396                	.insn	2, 0x4396
80004fbc:	4adc                	.insn	2, 0x4adc
80004fbe:	439a                	.insn	2, 0x439a
80004fc0:	d65f 43b2 0354      	.insn	6, 0x035443b2d65f
80004fc6:	43ba                	.insn	2, 0x43ba
80004fc8:	6d74                	.insn	2, 0x6d74
80004fca:	0be443bb          	.insn	4, 0x0be443bb
80004fce:	43cd                	.insn	2, 0x43cd
80004fd0:	43e409b7          	lui	s3,0x43e40
80004fd4:	3234                	.insn	2, 0x3234
80004fd6:	43e6                	.insn	2, 0x43e6
80004fd8:	247f 43f3 22f9 43fe 	.insn	14, 0x99ca44235c1243fe22f943f3247f
80004fe0:	5c12 4423 99ca 
80004fe6:	4428                	.insn	2, 0x4428
80004fe8:	d032                	.insn	2, 0xd032
80004fea:	442d                	.insn	2, 0x442d
80004fec:	5118                	.insn	2, 0x5118
80004fee:	4430                	.insn	2, 0x4430
80004ff0:	463a                	.insn	2, 0x463a
80004ff2:	443a                	.insn	2, 0x443a
80004ff4:	44630ba3          	sb	t1,1111(t1)
80004ff8:	ef61                	.insn	2, 0xef61
80004ffa:	4469                	.insn	2, 0x4469
80004ffc:	4477c207          	.insn	4, 0x4477c207
80005000:	1402                	.insn	2, 0x1402
80005002:	447e                	.insn	2, 0x447e
80005004:	82a8                	.insn	2, 0x82a8
80005006:	3cf24497          	auipc	s1,0x3cf24
8000500a:	79ab44af          	.insn	4, 0x79ab44af
8000500e:	44b0                	.insn	2, 0x44b0
80005010:	7ed5                	.insn	2, 0x7ed5
80005012:	44d5                	.insn	2, 0x44d5
80005014:	e886                	.insn	2, 0xe886
80005016:	44de                	.insn	2, 0x44de
80005018:	44e034f3          	csrrc	s1,0x44e,zero
8000501c:	be30                	.insn	2, 0xbe30
8000501e:	980f44f3          	.insn	4, 0x980f44f3
80005022:	4500                	.insn	2, 0x4500
80005024:	3ef5                	.insn	2, 0x3ef5
80005026:	451f 4e25 4520      	.insn	6, 0x45204e25451f
8000502c:	a5a0                	.insn	2, 0xa5a0
8000502e:	4522                	.insn	2, 0x4522
80005030:	bf66                	.insn	2, 0xbf66
80005032:	4524                	.insn	2, 0x4524
80005034:	452708a7          	.insn	4, 0x452708a7
80005038:	45288ea3          	sb	s2,1117(a7)
8000503c:	452947fb          	.insn	4, 0x452947fb
80005040:	6738                	.insn	2, 0x6738
80005042:	452c                	.insn	2, 0x452c
80005044:	4f90                	.insn	2, 0x4f90
80005046:	453c                	.insn	2, 0x453c
80005048:	14c2                	.insn	2, 0x14c2
8000504a:	454d                	.insn	2, 0x454d
8000504c:	4f41                	.insn	2, 0x4f41
8000504e:	39da4577          	.insn	4, 0x39da4577
80005052:	2dac4583          	lbu	a1,730(s8)
80005056:	4592                	.insn	2, 0x4592
80005058:	45a55e33          	.insn	4, 0x45a55e33
8000505c:	8575                	.insn	2, 0x8575
8000505e:	45b2                	.insn	2, 0x45b2
80005060:	91ea                	.insn	2, 0x91ea
80005062:	45c4                	.insn	2, 0x45c4
80005064:	601e                	.insn	2, 0x601e
80005066:	45c8                	.insn	2, 0x45c8
80005068:	d378                	.insn	2, 0xd378
8000506a:	45cc                	.insn	2, 0x45cc
8000506c:	45da2b4b          	.insn	4, 0x45da2b4b
80005070:	45dfbae3          	.insn	4, 0x45dfbae3
80005074:	60d8                	.insn	2, 0x60d8
80005076:	22c245f7          	.insn	4, 0x22c245f7
8000507a:	45f8                	.insn	2, 0x45f8
8000507c:	c688                	.insn	2, 0xc688
8000507e:	4602                	.insn	2, 0x4602
80005080:	2449                	.insn	2, 0x2449
80005082:	4609                	.insn	2, 0x4609
80005084:	952d                	.insn	2, 0x952d
80005086:	4616                	.insn	2, 0x4616
80005088:	2b82                	.insn	2, 0x2b82
8000508a:	4638                	.insn	2, 0x4638
8000508c:	d58c                	.insn	2, 0xd58c
8000508e:	463a                	.insn	2, 0x463a
80005090:	20ae                	.insn	2, 0x20ae
80005092:	464e                	.insn	2, 0x464e
80005094:	5558                	.insn	2, 0x5558
80005096:	4656                	.insn	2, 0x4656
80005098:	465d649b          	.insn	4, 0x465d649b
8000509c:	8db4                	.insn	2, 0x8db4
8000509e:	3a7a4667          	.insn	4, 0x3a7a4667
800050a2:	468a                	.insn	2, 0x468a
800050a4:	fa54                	.insn	2, 0xfa54
800050a6:	469a                	.insn	2, 0x469a
800050a8:	42ff 46ae 9d13 46d0 	.insn	18, 0xa1b846e0db7846dadd1346d09d1346ae42ff
800050b0:	dd13 46da db78 46e0 
800050b8:	a1b8 
800050ba:	8a9e46e3          	blt	t3,s1,80004966 <verify_data+0xa6e>
800050be:	6c8346fb          	.insn	4, 0x6c8346fb
800050c2:	46fe                	.insn	2, 0x46fe
800050c4:	0e38                	.insn	2, 0x0e38
800050c6:	4705                	.insn	2, 0x4705
800050c8:	dae5                	.insn	2, 0xdae5
800050ca:	470e                	.insn	2, 0x470e
800050cc:	9f7d                	.insn	2, 0x9f7d
800050ce:	d0aa472b          	.insn	4, 0xd0aa472b
800050d2:	4735                	.insn	2, 0x4735
800050d4:	47c5                	.insn	2, 0x47c5
800050d6:	ead3476b          	.insn	4, 0xead3476b
800050da:	1b49476b          	.insn	4, 0x1b49476b
800050de:	4775                	.insn	2, 0x4775
800050e0:	229c                	.insn	2, 0x229c
800050e2:	477c                	.insn	2, 0x477c
800050e4:	4797b60f          	.insn	4, 0x4797b60f
800050e8:	479820a3          	sw	s9,1121(a6)
800050ec:	ddb4                	.insn	2, 0xddb4
800050ee:	479f 3740 47a5      	.insn	6, 0x47a53740479f
800050f4:	8ad5                	.insn	2, 0x8ad5
800050f6:	155447a7          	.insn	4, 0x155447a7
800050fa:	47ba                	.insn	2, 0x47ba
800050fc:	0524                	.insn	2, 0x0524
800050fe:	47c2                	.insn	2, 0x47c2
80005100:	b8f5                	.insn	2, 0xb8f5
80005102:	47d2                	.insn	2, 0x47d2
80005104:	d05f 47da 8286      	.insn	6, 0x828647dad05f
8000510a:	47e0                	.insn	2, 0x47e0
8000510c:	b732                	.insn	2, 0xb732
8000510e:	47e6                	.insn	2, 0x47e6
80005110:	481bd9f3          	csrrwi	s3,0x481,23
80005114:	0125                	.insn	2, 0x0125
80005116:	481f 3db3 4847      	.insn	6, 0x48473db3481f
8000511c:	8551                	.insn	2, 0x8551
8000511e:	484c                	.insn	2, 0x484c
80005120:	f4ee                	.insn	2, 0xf4ee
80005122:	4861                	.insn	2, 0x4861
80005124:	adb0                	.insn	2, 0xadb0
80005126:	486a                	.insn	2, 0x486a
80005128:	6559                	.insn	2, 0x6559
8000512a:	486c                	.insn	2, 0x486c
8000512c:	0341                	.insn	2, 0x0341
8000512e:	486d                	.insn	2, 0x486d
80005130:	4881f2b7          	lui	t0,0x4881f
80005134:	36f5                	.insn	2, 0x36f5
80005136:	4896                	.insn	2, 0x4896
80005138:	2d61                	.insn	2, 0x2d61
8000513a:	48a1                	.insn	2, 0x48a1
8000513c:	48bfb5ef          	jal	a1,80100dc6 <_tbss_end+0xf6e42>
80005140:	b06d                	.insn	2, 0xb06d
80005142:	48c5                	.insn	2, 0x48c5
80005144:	a2c4                	.insn	2, 0xa2c4
80005146:	48c8                	.insn	2, 0x48c8
80005148:	48d2104f          	.insn	4, 0x48d2104f
8000514c:	48deb2b3          	.insn	4, 0x48deb2b3
80005150:	c11e                	.insn	2, 0xc11e
80005152:	48ec                	.insn	2, 0x48ec
80005154:	48ee3bd3          	.insn	4, 0x48ee3bd3
80005158:	662c                	.insn	2, 0x662c
8000515a:	48ee                	.insn	2, 0x48ee
8000515c:	493e456f          	jal	a0,800e9dee <_tbss_end+0xdfe6a>
80005160:	2b3c                	.insn	2, 0x2b3c
80005162:	44f24957          	.insn	4, 0x44f24957
80005166:	4961                	.insn	2, 0x4961
80005168:	d92d                	.insn	2, 0xd92d
8000516a:	4961                	.insn	2, 0x4961
8000516c:	49635f53          	.insn	4, 0x49635f53
80005170:	523d                	.insn	2, 0x523d
80005172:	4969                	.insn	2, 0x4969
80005174:	ccf5                	.insn	2, 0xccf5
80005176:	496d                	.insn	2, 0x496d
80005178:	49777d6b          	.insn	4, 0x49777d6b
8000517c:	f754                	.insn	2, 0xf754
8000517e:	497d                	.insn	2, 0x497d
80005180:	6fb9                	.insn	2, 0x6fb9
80005182:	497e                	.insn	2, 0x497e
80005184:	c139                	.insn	2, 0xc139
80005186:	c342498f          	.insn	4, 0xc342498f
8000518a:	cba1499b          	.insn	4, 0xcba1499b
8000518e:	49b049e3          	bgtz	s11,80005e20 <verify_data+0x1f28>
80005192:	49ed                	.insn	2, 0x49ed
80005194:	4a41b0ab          	.insn	4, 0x4a41b0ab
80005198:	4a5ba023          	sw	t0,1184(s7) # 3014d4a0 <buflen.1+0x3014d460>
8000519c:	8c9f 4a73 0635      	.insn	6, 0x06354a738c9f
800051a2:	4a75                	.insn	2, 0x4a75
800051a4:	fd96                	.insn	2, 0xfd96
800051a6:	4a86                	.insn	2, 0x4a86
800051a8:	ca59                	.insn	2, 0xca59
800051aa:	4ad5                	.insn	2, 0x4ad5
800051ac:	4699                	.insn	2, 0x4699
800051ae:	4add                	.insn	2, 0x4add
800051b0:	5c10                	.insn	2, 0x5c10
800051b2:	4adf bad6 4ae2      	.insn	6, 0x4ae2bad64adf
800051b8:	0a4e                	.insn	2, 0x0a4e
800051ba:	4af4                	.insn	2, 0x4af4
800051bc:	4b27318b          	.insn	4, 0x4b27318b
800051c0:	af6d                	.insn	2, 0xaf6d
800051c2:	4b3e                	.insn	2, 0x4b3e
800051c4:	4b8786af          	.insn	4, 0x4b8786af
800051c8:	3372                	.insn	2, 0x3372
800051ca:	4bae                	.insn	2, 0x4bae
800051cc:	91ec                	.insn	2, 0x91ec
800051ce:	d9bb4bc7          	.insn	4, 0xd9bb4bc7
800051d2:	058c4be3          	blt	s8,s8,80005a28 <verify_data+0x1b30>
800051d6:	9b834bef          	jal	s7,7ff3938e <buflen.1+0x7ff3934e>
800051da:	4bf2                	.insn	2, 0x4bf2
800051dc:	5c1f 4bf6 040c      	.insn	6, 0x040c4bf65c1f
800051e2:	4c04                	.insn	2, 0x4c04
800051e4:	97d2                	.insn	2, 0x97d2
800051e6:	4c06                	.insn	2, 0x4c06
800051e8:	58c2                	.insn	2, 0x58c2
800051ea:	4c11                	.insn	2, 0x4c11
800051ec:	8cce                	.insn	2, 0x8cce
800051ee:	4c2d                	.insn	2, 0x4c2d
800051f0:	4c38983f 4c38dab4 	.insn	8, 0x4c38dab44c38983f
800051f8:	4c3ceec7          	.insn	4, 0x4c3ceec7
800051fc:	f69e                	.insn	2, 0xf69e
800051fe:	4c4a                	.insn	2, 0x4c4a
80005200:	465f 4c61 7db2      	.insn	6, 0x7db24c61465f
80005206:	e8004c9b          	.insn	4, 0xe8004c9b
8000520a:	4cb5                	.insn	2, 0x4cb5
8000520c:	acda                	.insn	2, 0xacda
8000520e:	4cb8                	.insn	2, 0x4cb8
80005210:	4cc2bb0b          	.insn	4, 0x4cc2bb0b
80005214:	c236                	.insn	2, 0xc236
80005216:	47684ccf          	.insn	4, 0x47684ccf
8000521a:	4cd9                	.insn	2, 0x4cd9
8000521c:	4ced7143          	.insn	4, 0x4ced7143
80005220:	a049                	.insn	2, 0xa049
80005222:	4cf2                	.insn	2, 0x4cf2
80005224:	7b64                	.insn	2, 0x7b64
80005226:	2ba04cf3          	.insn	4, 0x2ba04cf3
8000522a:	4cf4                	.insn	2, 0x4cf4
8000522c:	cad2                	.insn	2, 0xcad2
8000522e:	4cf9                	.insn	2, 0x4cf9
80005230:	1e4c                	.insn	2, 0x1e4c
80005232:	aadb4d03          	lbu	s10,-1363(s6) # fc5c2aad <_tbss_end+0x7c5b8b29>
80005236:	4d08                	.insn	2, 0x4d08
80005238:	4d130333          	.insn	4, 0x4d130333
8000523c:	345f 4d2e 799b      	.insn	6, 0x799b4d2e345f
80005242:	4d4c                	.insn	2, 0x4d4c
80005244:	f848                	.insn	2, 0xf848
80005246:	4d60                	.insn	2, 0x4d60
80005248:	5bb8                	.insn	2, 0x5bb8
8000524a:	1a904d77          	.insn	4, 0x1a904d77
8000524e:	4d9f fe51 4da5      	.insn	6, 0x4da5fe514d9f
80005254:	6f29                	.insn	2, 0x6f29
80005256:	4db5                	.insn	2, 0x4db5
80005258:	cec0                	.insn	2, 0xcec0
8000525a:	4dc9                	.insn	2, 0x4dc9
8000525c:	4e03cf67          	.insn	4, 0x4e03cf67
80005260:	b8a4                	.insn	2, 0xb8a4
80005262:	82044e17          	auipc	t3,0x82044
80005266:	4e34                	.insn	2, 0x4e34
80005268:	b850                	.insn	2, 0xb850
8000526a:	4e3a                	.insn	2, 0x4e3a
8000526c:	4e448da7          	.insn	4, 0x4e448da7
80005270:	4e4c9107          	.insn	4, 0x4e4c9107
80005274:	1808                	.insn	2, 0x1808
80005276:	4e50                	.insn	2, 0x4e50
80005278:	6961                	.insn	2, 0x6961
8000527a:	4e72                	.insn	2, 0x4e72
8000527c:	0276                	.insn	2, 0x0276
8000527e:	4e81                	.insn	2, 0x4e81
80005280:	e729                	.insn	2, 0xe729
80005282:	4e82                	.insn	2, 0x4e82
80005284:	94d2                	.insn	2, 0x94d2
80005286:	d2144e8f          	.insn	4, 0xd2144e8f
8000528a:	4e9c                	.insn	2, 0x4e9c
8000528c:	4eaa874f          	.insn	4, 0x4eaa874f
80005290:	8f85                	.insn	2, 0x8f85
80005292:	4eca                	.insn	2, 0x4eca
80005294:	687e                	.insn	2, 0x687e
80005296:	4ed0                	.insn	2, 0x4ed0
80005298:	4ed6bee3          	.insn	4, 0x4ed6bee3
8000529c:	9124                	.insn	2, 0x9124
8000529e:	85ea4ee7          	.insn	4, 0x85ea4ee7
800052a2:	4eec                	.insn	2, 0x4eec
800052a4:	aeb6                	.insn	2, 0xaeb6
800052a6:	4ef5                	.insn	2, 0x4ef5
800052a8:	4efa053b          	.insn	4, 0x4efa053b
800052ac:	2d0a                	.insn	2, 0x2d0a
800052ae:	6b084efb          	.insn	4, 0x6b084efb
800052b2:	4f09                	.insn	2, 0x4f09
800052b4:	d49f 4f2b 2e2c      	.insn	6, 0x2e2c4f2bd49f
800052ba:	4f35                	.insn	2, 0x4f35
800052bc:	4c14                	.insn	2, 0x4c14
800052be:	82e34f5b          	.insn	4, 0x82e34f5b
800052c2:	4f5e                	.insn	2, 0x4f5e
800052c4:	7e0c                	.insn	2, 0x7e0c
800052c6:	4f6a                	.insn	2, 0x4f6a
800052c8:	d6f6                	.insn	2, 0xd6f6
800052ca:	2e644f6b          	.insn	4, 0x2e644f6b
800052ce:	4f6e                	.insn	2, 0x4f6e
800052d0:	4f730137          	lui	sp,0x4f730
800052d4:	0661                	.insn	2, 0x0661
800052d6:	4f80                	.insn	2, 0x4f80
800052d8:	4e44                	.insn	2, 0x4e44
800052da:	4f90                	.insn	2, 0x4f90
800052dc:	177e                	.insn	2, 0x177e
800052de:	4f96                	.insn	2, 0x4f96
800052e0:	08d9                	.insn	2, 0x08d9
800052e2:	6eff4f97          	auipc	t6,0x6eff4
800052e6:	4f9c                	.insn	2, 0x4f9c
800052e8:	9f10                	.insn	2, 0x9f10
800052ea:	4f9f 6481 4fa3      	.insn	6, 0x4fa364814f9f
800052f0:	94c6                	.insn	2, 0x94c6
800052f2:	4fa9                	.insn	2, 0x4fa9
800052f4:	3271                	.insn	2, 0x3271
800052f6:	a3944fb7          	lui	t6,0xa3944
800052fa:	4fc1                	.insn	2, 0x4fc1
800052fc:	fda0                	.insn	2, 0xfda0
800052fe:	44314fd3          	.insn	4, 0x44314fd3
80005302:	4fed                	.insn	2, 0x4fed
80005304:	b9ad                	.insn	2, 0xb9ad
80005306:	501d                	.insn	2, 0x501d
80005308:	495f 502b d8ac      	.insn	6, 0xd8ac502b495f
8000530e:	5030                	.insn	2, 0x5030
80005310:	503866b3          	.insn	4, 0x503866b3
80005314:	259f 503a ed35      	.insn	6, 0xed35503a259f
8000531a:	504d                	.insn	2, 0x504d
8000531c:	5c0d                	.insn	2, 0x5c0d
8000531e:	505e                	.insn	2, 0x505e
80005320:	8da5                	.insn	2, 0x8da5
80005322:	505e                	.insn	2, 0x505e
80005324:	5615                	.insn	2, 0x5615
80005326:	5081                	.insn	2, 0x5081
80005328:	9ad6                	.insn	2, 0x9ad6
8000532a:	50a2                	.insn	2, 0x50a2
8000532c:	5896                	.insn	2, 0x5896
8000532e:	636650a7          	.insn	4, 0x636650a7
80005332:	50b4                	.insn	2, 0x50b4
80005334:	fc05                	.insn	2, 0xfc05
80005336:	50c4                	.insn	2, 0x50c4
80005338:	a0ae                	.insn	2, 0xa0ae
8000533a:	50c9                	.insn	2, 0x50c9
8000533c:	50dfdaef          	jal	s5,80103048 <_tbss_end+0xf90c4>
80005340:	67d5                	.insn	2, 0x67d5
80005342:	511f 6762 5120      	.insn	6, 0x51206762511f
80005348:	b562                	.insn	2, 0xb562
8000534a:	5162                	.insn	2, 0x5162
8000534c:	eb98                	.insn	2, 0xeb98
8000534e:	5185                	.insn	2, 0x5185
80005350:	518d9d7b          	.insn	4, 0x518d9d7b
80005354:	9932                	.insn	2, 0x9932
80005356:	51b0                	.insn	2, 0x51b0
80005358:	a63a                	.insn	2, 0xa63a
8000535a:	51c9                	.insn	2, 0x51c9
8000535c:	3fa1                	.insn	2, 0x3fa1
8000535e:	51e5                	.insn	2, 0x51e5
80005360:	7c82                	.insn	2, 0x7c82
80005362:	049e51e7          	.insn	4, 0x049e51e7
80005366:	51fc                	.insn	2, 0x51fc
80005368:	8b7a                	.insn	2, 0x8b7a
8000536a:	5222                	.insn	2, 0x5222
8000536c:	5235d287          	.insn	4, 0x5235d287
80005370:	e641                	.insn	2, 0xe641
80005372:	5238                	.insn	2, 0x5238
80005374:	10ed                	.insn	2, 0x10ed
80005376:	5241                	.insn	2, 0x5241
80005378:	34f5                	.insn	2, 0x34f5
8000537a:	5266                	.insn	2, 0x5266
8000537c:	52670823          	sb	t1,1328(a4)
80005380:	52680fd7          	.insn	4, 0x52680fd7
80005384:	4906                	.insn	2, 0x4906
80005386:	526d                	.insn	2, 0x526d
80005388:	9a3e                	.insn	2, 0x9a3e
8000538a:	adf35273          	csrrwi	tp,0xadf,6
8000538e:	5278                	.insn	2, 0x5278
80005390:	5282f6af          	.insn	4, 0x5282f6af
80005394:	b9a9                	.insn	2, 0xb9a9
80005396:	9ede5297          	auipc	t0,0x9ede5
8000539a:	52a0                	.insn	2, 0x52a0
8000539c:	47ea                	.insn	2, 0x47ea
8000539e:	52a2                	.insn	2, 0x52a2
800053a0:	8c68                	.insn	2, 0x8c68
800053a2:	52ac                	.insn	2, 0x52ac
800053a4:	2390                	.insn	2, 0x2390
800053a6:	52b9                	.insn	2, 0x52b9
800053a8:	cb54                	.insn	2, 0xcb54
800053aa:	52c6                	.insn	2, 0x52c6
800053ac:	52d6793b          	.insn	4, 0x52d6793b
800053b0:	52d9061b          	.insn	4, 0x52d9061b
800053b4:	52da5463          	bge	s4,a3,800058dc <verify_data+0x19e4>
800053b8:	e6d4                	.insn	2, 0xe6d4
800053ba:	52dd                	.insn	2, 0x52dd
800053bc:	6649                	.insn	2, 0x6649
800053be:	52de                	.insn	2, 0x52de
800053c0:	02a1                	.insn	2, 0x02a1
800053c2:	52e1                	.insn	2, 0x52e1
800053c4:	bc78                	.insn	2, 0xbc78
800053c6:	70bb52e3          	bge	s6,a1,800062ca <input_data+0x3d2>
800053ca:	52ea                	.insn	2, 0x52ea
800053cc:	9892                	.insn	2, 0x9892
800053ce:	52f5                	.insn	2, 0x52f5
800053d0:	b766                	.insn	2, 0xb766
800053d2:	52fa                	.insn	2, 0x52fa
800053d4:	5324eef7          	.insn	4, 0x5324eef7
800053d8:	5328610f          	.insn	4, 0x5328610f
800053dc:	6e6c                	.insn	2, 0x6e6c
800053de:	532a                	.insn	2, 0x532a
800053e0:	5f7c                	.insn	2, 0x5f7c
800053e2:	50f6533f 167d536d 	.insn	8, 0x167d536d50f6533f
800053ea:	5370                	.insn	2, 0x5370
800053ec:	537361cf          	.insn	4, 0x537361cf
800053f0:	53807c37          	lui	s8,0x53807
800053f4:	538275d3          	.insn	4, 0x538275d3
800053f8:	8780                	.insn	2, 0x8780
800053fa:	5390                	.insn	2, 0x5390
800053fc:	099e                	.insn	2, 0x099e
800053fe:	539c                	.insn	2, 0x539c
80005400:	53a33aef          	jal	s5,8003893a <_tbss_end+0x2e9b6>
80005404:	da66                	.insn	2, 0xda66
80005406:	70b553ab          	.insn	4, 0x70b553ab
8000540a:	53ba                	.insn	2, 0x53ba
8000540c:	53c8cb9b          	.insn	4, 0x53c8cb9b
80005410:	53ca3e2f          	.insn	4, 0x53ca3e2f
80005414:	8d40                	.insn	2, 0x8d40
80005416:	53de                	.insn	2, 0x53de
80005418:	53f8a88b          	.insn	4, 0x53f8a88b
8000541c:	a9d0                	.insn	2, 0xa9d0
8000541e:	a88853fb          	.insn	4, 0xa88853fb
80005422:	5431                	.insn	2, 0x5431
80005424:	ce4c                	.insn	2, 0xce4c
80005426:	5445                	.insn	2, 0x5445
80005428:	148d                	.insn	2, 0x148d
8000542a:	544a                	.insn	2, 0x544a
8000542c:	6075                	.insn	2, 0x6075
8000542e:	544a                	.insn	2, 0x544a
80005430:	2416                	.insn	2, 0x2416
80005432:	545d                	.insn	2, 0x545d
80005434:	0c00                	.insn	2, 0x0c00
80005436:	547c                	.insn	2, 0x547c
80005438:	e13c                	.insn	2, 0xe13c
8000543a:	547e                	.insn	2, 0x547e
8000543c:	d742                	.insn	2, 0xd742
8000543e:	af9c54af          	.insn	4, 0xaf9c54af
80005442:	54ec                	.insn	2, 0x54ec
80005444:	a2b4                	.insn	2, 0xa2b4
80005446:	54ed                	.insn	2, 0x54ed
80005448:	6adf 5506 fc8e      	.insn	6, 0xfc8e55066adf
8000544e:	5515                	.insn	2, 0x5515
80005450:	f601                	.insn	2, 0xf601
80005452:	5520                	.insn	2, 0x5520
80005454:	9b08                	.insn	2, 0x9b08
80005456:	5548                	.insn	2, 0x5548
80005458:	5552d8af          	.insn	4, 0x5552d8af
8000545c:	5557c007          	.insn	4, 0x5557c007
80005460:	5579cfa7          	.insn	4, 0x5579cfa7
80005464:	5582c697          	auipc	a3,0x5582c
80005468:	7b2e                	.insn	2, 0x7b2e
8000546a:	5595                	.insn	2, 0x5595
8000546c:	1f9c                	.insn	2, 0x1f9c
8000546e:	55a9                	.insn	2, 0x55a9
80005470:	e12a                	.insn	2, 0xe12a
80005472:	55d6                	.insn	2, 0x55d6
80005474:	4c62                	.insn	2, 0x4c62
80005476:	55f0                	.insn	2, 0x55f0
80005478:	56126e87          	.insn	4, 0x56126e87
8000547c:	ddb0                	.insn	2, 0xddb0
8000547e:	5612                	.insn	2, 0x5612
80005480:	657f 5624 35e2 5625 	.insn	22, 0xdc38564cd7805646a03f562654c2562535e25624657f
80005488:	54c2 5626 a03f 5646 
80005490:	d780 564c dc38 
80005496:	567a                	.insn	2, 0x567a
80005498:	5680bd3f 56834290 	.insn	8, 0x568342905680bd3f
800054a0:	17e6                	.insn	2, 0x17e6
800054a2:	56a1                	.insn	2, 0x56a1
800054a4:	56be5ff3          	csrrwi	t6,0x56b,28
800054a8:	16b2                	.insn	2, 0x16b2
800054aa:	56c5                	.insn	2, 0x56c5
800054ac:	263e                	.insn	2, 0x263e
800054ae:	56df 1c4d 56f8      	.insn	6, 0x56f81c4d56df
800054b4:	b0b9                	.insn	2, 0xb0b9
800054b6:	56f8                	.insn	2, 0x56f8
800054b8:	3468                	.insn	2, 0x3468
800054ba:	56fe                	.insn	2, 0x56fe
800054bc:	0bc1                	.insn	2, 0x0bc1
800054be:	5700                	.insn	2, 0x5700
800054c0:	4838                	.insn	2, 0x4838
800054c2:	02115727          	.insn	4, 0x02115727
800054c6:	572c                	.insn	2, 0x572c
800054c8:	3a00                	.insn	2, 0x3a00
800054ca:	5730                	.insn	2, 0x5730
800054cc:	6a81                	.insn	2, 0x6a81
800054ce:	5732                	.insn	2, 0x5732
800054d0:	5737b9e3          	.insn	4, 0x5737b9e3
800054d4:	08ff 576b c149 576b 	.insn	10, 0x6483576bc149576b08ff
800054dc:	6483 
800054de:	5776                	.insn	2, 0x5776
800054e0:	5511                	.insn	2, 0x5511
800054e2:	c65d5787          	.insn	4, 0xc65d5787
800054e6:	57a2                	.insn	2, 0x57a2
800054e8:	b06e                	.insn	2, 0xb06e
800054ea:	b82b57af          	.insn	4, 0xb82b57af
800054ee:	57b4                	.insn	2, 0x57b4
800054f0:	ceb2                	.insn	2, 0xceb2
800054f2:	57b6                	.insn	2, 0x57b6
800054f4:	973c                	.insn	2, 0x973c
800054f6:	57c5                	.insn	2, 0x57c5
800054f8:	57cebc73          	csrrc	s8,0x57c,t4
800054fc:	6a2e                	.insn	2, 0x6a2e
800054fe:	73e657d7          	.insn	4, 0x73e657d7
80005502:	57f4                	.insn	2, 0x57f4
80005504:	2e9a                	.insn	2, 0x2e9a
80005506:	f556583b          	.insn	4, 0xf556583b
8000550a:	b0c8583b          	.insn	4, 0xb0c8583b
8000550e:	583d                	.insn	2, 0x583d
80005510:	86a0                	.insn	2, 0x86a0
80005512:	5864                	.insn	2, 0x5864
80005514:	9850                	.insn	2, 0x9850
80005516:	588e                	.insn	2, 0x588e
80005518:	a0ea                	.insn	2, 0xa0ea
8000551a:	4ae3589b          	.insn	4, 0x4ae3589b
8000551e:	01ab58ab          	.insn	4, 0x01ab58ab
80005522:	236f58cb          	.insn	4, 0x236f58cb
80005526:	58e6                	.insn	2, 0x58e6
80005528:	3434                	.insn	2, 0x3434
8000552a:	917d58ef          	jal	a7,7ffdae40 <buflen.1+0x7ffdae00>
8000552e:	58f5                	.insn	2, 0x58f5
80005530:	592c584b          	.insn	4, 0x592c584b
80005534:	62d6                	.insn	2, 0x62d6
80005536:	ca9b592f          	.insn	4, 0xca9b592f
8000553a:	5944                	.insn	2, 0x5944
8000553c:	8add                	.insn	2, 0x8add
8000553e:	5948                	.insn	2, 0x5948
80005540:	1fe2                	.insn	2, 0x1fe2
80005542:	5952                	.insn	2, 0x5952
80005544:	5969bfbf 597a35f0 	.insn	8, 0x597a35f05969bfbf
8000554c:	c412                	.insn	2, 0xc412
8000554e:	598a                	.insn	2, 0x598a
80005550:	09c4                	.insn	2, 0x09c4
80005552:	598e                	.insn	2, 0x598e
80005554:	359a                	.insn	2, 0x359a
80005556:	930e598f          	.insn	4, 0x930e598f
8000555a:	59a5                	.insn	2, 0x59a5
8000555c:	d140                	.insn	2, 0xd140
8000555e:	59b4                	.insn	2, 0x59b4
80005560:	59bbba97          	auipc	s5,0x59bbb
80005564:	ad26                	.insn	2, 0xad26
80005566:	59ce                	.insn	2, 0x59ce
80005568:	9a45                	.insn	2, 0x9a45
8000556a:	59d9                	.insn	2, 0x59d9
8000556c:	0492                	.insn	2, 0x0492
8000556e:	59ed                	.insn	2, 0x59ed
80005570:	ce14                	.insn	2, 0xce14
80005572:	5a02                	.insn	2, 0x5a02
80005574:	5c31                	.insn	2, 0x5c31
80005576:	5a21                	.insn	2, 0x5a21
80005578:	ca46                	.insn	2, 0xca46
8000557a:	5a21                	.insn	2, 0x5a21
8000557c:	7271                	.insn	2, 0x7271
8000557e:	5a32                	.insn	2, 0x5a32
80005580:	0f8e                	.insn	2, 0x0f8e
80005582:	5a42                	.insn	2, 0x5a42
80005584:	5a46b2c3          	.insn	4, 0x5a46b2c3
80005588:	e44c                	.insn	2, 0xe44c
8000558a:	5a49                	.insn	2, 0x5a49
8000558c:	11fa                	.insn	2, 0x11fa
8000558e:	5a51                	.insn	2, 0x5a51
80005590:	2220                	.insn	2, 0x2220
80005592:	5a55                	.insn	2, 0x5a55
80005594:	50ec                	.insn	2, 0x50ec
80005596:	5d345a5b          	.insn	4, 0x5d345a5b
8000559a:	5a8a                	.insn	2, 0x5a8a
8000559c:	8bfd                	.insn	2, 0x8bfd
8000559e:	e4a25aa3          	.insn	4, 0xe4a25aa3
800055a2:	5aa6                	.insn	2, 0x5aa6
800055a4:	5aadf643          	.insn	4, 0x5aadf643
800055a8:	b38c                	.insn	2, 0xb38c
800055aa:	5abc                	.insn	2, 0x5abc
800055ac:	7ebd                	.insn	2, 0x7ebd
800055ae:	5ad6                	.insn	2, 0x5ad6
800055b0:	e652                	.insn	2, 0xe652
800055b2:	5add                	.insn	2, 0x5add
800055b4:	8a1a                	.insn	2, 0x8a1a
800055b6:	5aec                	.insn	2, 0x5aec
800055b8:	8572                	.insn	2, 0x8572
800055ba:	5b04                	.insn	2, 0x5b04
800055bc:	5b13e84b          	.insn	4, 0x5b13e84b
800055c0:	5b668c23          	sb	s6,1464(a3) # d5831a1c <_tbss_end+0x55827a98>
800055c4:	4e8e                	.insn	2, 0x4e8e
800055c6:	085b5b67          	.insn	4, 0x085b5b67
800055ca:	5b74                	.insn	2, 0x5b74
800055cc:	c33a                	.insn	2, 0xc33a
800055ce:	5b90                	.insn	2, 0x5b90
800055d0:	c554                	.insn	2, 0xc554
800055d2:	13985ba3          	.insn	4, 0x13985ba3
800055d6:	5bad                	.insn	2, 0x5bad
800055d8:	fea1                	.insn	2, 0xfea1
800055da:	5bb1                	.insn	2, 0x5bb1
800055dc:	5bc3d43b          	.insn	4, 0x5bc3d43b
800055e0:	5bdbb757          	.insn	4, 0x5bdbb757
800055e4:	d285                	.insn	2, 0xd285
800055e6:	20625bdb          	.insn	4, 0x20625bdb
800055ea:	5be2                	.insn	2, 0x5be2
800055ec:	4fe1                	.insn	2, 0x4fe1
800055ee:	5c1f f7b7 5c26      	.insn	6, 0x5c26f7b75c1f
800055f4:	ae74                	.insn	2, 0xae74
800055f6:	754a5c27          	.insn	4, 0x754a5c27
800055fa:	96b35c3f e1405c4d 	.insn	8, 0xe1405c4d96b35c3f
80005602:	5c50                	.insn	2, 0x5c50
80005604:	4f7e                	.insn	2, 0x4f7e
80005606:	8f185c63          	bge	a6,a7,800046fe <verify_data+0x806>
8000560a:	5c65                	.insn	2, 0x5c65
8000560c:	5c6b23e3          	.insn	4, 0x5c6b23e3
80005610:	21b4                	.insn	2, 0x21b4
80005612:	5c6e                	.insn	2, 0x5c6e
80005614:	5c7c7ae7          	.insn	4, 0x5c7c7ae7
80005618:	4274                	.insn	2, 0x4274
8000561a:	5c99                	.insn	2, 0x5c99
8000561c:	c924                	.insn	2, 0xc924
8000561e:	5ca1                	.insn	2, 0x5ca1
80005620:	6251                	.insn	2, 0x6251
80005622:	5cb4                	.insn	2, 0x5cb4
80005624:	7dfd                	.insn	2, 0x7dfd
80005626:	5cb9                	.insn	2, 0x5cb9
80005628:	ecf0                	.insn	2, 0xecf0
8000562a:	5ce0                	.insn	2, 0x5ce0
8000562c:	cf1d                	.insn	2, 0xcf1d
8000562e:	e2f05ce7          	.insn	4, 0xe2f05ce7
80005632:	5cfd                	.insn	2, 0x5cfd
80005634:	5d0e34db          	.insn	4, 0x5d0e34db
80005638:	cf00                	.insn	2, 0xcf00
8000563a:	5d0e                	.insn	2, 0x5d0e
8000563c:	6bb9                	.insn	2, 0x6bb9
8000563e:	5d11                	.insn	2, 0x5d11
80005640:	5d161ea7          	.insn	4, 0x5d161ea7
80005644:	5d347033          	.insn	4, 0x5d347033
80005648:	5d39ae3b          	.insn	4, 0x5d39ae3b
8000564c:	52b6                	.insn	2, 0x52b6
8000564e:	5d51                	.insn	2, 0x5d51
80005650:	5d52b08f          	.insn	4, 0x5d52b08f
80005654:	acbd                	.insn	2, 0xacbd
80005656:	5d64                	.insn	2, 0x5d64
80005658:	791e                	.insn	2, 0x791e
8000565a:	5d78                	.insn	2, 0x5d78
8000565c:	d049                	.insn	2, 0xd049
8000565e:	861e5d7b          	.insn	4, 0x861e5d7b
80005662:	5cf85d83          	lhu	s11,1487(a6)
80005666:	5d8c                	.insn	2, 0x5d8c
80005668:	2534                	.insn	2, 0x2534
8000566a:	5d9e                	.insn	2, 0x5d9e
8000566c:	af35                	.insn	2, 0xaf35
8000566e:	5dac                	.insn	2, 0x5dac
80005670:	5db6107f 5de66704 	.insn	12, 0x5dffa3b25de667045db6107f
80005678:	5dffa3b2 
8000567c:	b1aa                	.insn	2, 0xb1aa
8000567e:	5e0d                	.insn	2, 0x5e0d
80005680:	b1a2                	.insn	2, 0xb1a2
80005682:	5e28                	.insn	2, 0x5e28
80005684:	1801                	.insn	2, 0x1801
80005686:	5e3d                	.insn	2, 0x5e3d
80005688:	f449                	.insn	2, 0xf449
8000568a:	5e3d                	.insn	2, 0x5e3d
8000568c:	5f29                	.insn	2, 0x5f29
8000568e:	5e48                	.insn	2, 0x5e48
80005690:	2640                	.insn	2, 0x2640
80005692:	5e70                	.insn	2, 0x5e70
80005694:	f286                	.insn	2, 0xf286
80005696:	5e79                	.insn	2, 0x5e79
80005698:	58ce                	.insn	2, 0x58ce
8000569a:	5eaa                	.insn	2, 0x5eaa
8000569c:	5eb1deab          	.insn	4, 0x5eb1deab
800056a0:	2f60                	.insn	2, 0x2f60
800056a2:	5eb9                	.insn	2, 0x5eb9
800056a4:	859f 5ecc 3d98      	.insn	6, 0x3d985ecc859f
800056aa:	5ed1                	.insn	2, 0x5ed1
800056ac:	babe                	.insn	2, 0xbabe
800056ae:	5ef8                	.insn	2, 0x5ef8
800056b0:	5f000727          	.insn	4, 0x5f000727
800056b4:	fee2                	.insn	2, 0xfee2
800056b6:	ae285f0b          	.insn	4, 0xae285f0b
800056ba:	5f21                	.insn	2, 0x5f21
800056bc:	5f2d8e87          	.insn	4, 0x5f2d8e87
800056c0:	0230                	.insn	2, 0x0230
800056c2:	5f38                	.insn	2, 0x5f38
800056c4:	3635                	.insn	2, 0x3635
800056c6:	5f46                	.insn	2, 0x5f46
800056c8:	5f5770ab          	.insn	4, 0x5f5770ab
800056cc:	2df2                	.insn	2, 0x2df2
800056ce:	5f5c                	.insn	2, 0x5f5c
800056d0:	6aa2                	.insn	2, 0x6aa2
800056d2:	5f5e                	.insn	2, 0x5f5e
800056d4:	9731                	.insn	2, 0x9731
800056d6:	5f65                	.insn	2, 0x5f65
800056d8:	5ea0                	.insn	2, 0x5ea0
800056da:	183e5f6f          	jal	t5,800eb05c <_tbss_end+0xe10d8>
800056de:	5f71                	.insn	2, 0x5f71
800056e0:	bf85                	.insn	2, 0xbf85
800056e2:	5f76                	.insn	2, 0x5f76
800056e4:	796a                	.insn	2, 0x796a
800056e6:	5f84                	.insn	2, 0x5f84
800056e8:	3495                	.insn	2, 0x3495
800056ea:	5f89                	.insn	2, 0x5f89
800056ec:	5f8b586b          	.insn	4, 0x5f8b586b
800056f0:	5ed6                	.insn	2, 0x5ed6
800056f2:	5f92                	.insn	2, 0x5f92
800056f4:	25c2                	.insn	2, 0x25c2
800056f6:	5fa0                	.insn	2, 0x5fa0
800056f8:	8e1a                	.insn	2, 0x8e1a
800056fa:	5fa0                	.insn	2, 0x5fa0
800056fc:	5faed877          	.insn	4, 0x5faed877
80005700:	5faffcaf          	.insn	4, 0x5faffcaf
80005704:	fdc5                	.insn	2, 0xfdc5
80005706:	beb65fcb          	.insn	4, 0xbeb65fcb
8000570a:	5fd0                	.insn	2, 0x5fd0
8000570c:	7672                	.insn	2, 0x7672
8000570e:	5fd2                	.insn	2, 0x5fd2
80005710:	378e                	.insn	2, 0x378e
80005712:	f9555fd3          	.insn	4, 0xf9555fd3
80005716:	5ff5                	.insn	2, 0x5ff5
80005718:	5ffa6057          	.insn	4, 0x5ffa6057
8000571c:	e246                	.insn	2, 0xe246
8000571e:	5ffe                	.insn	2, 0x5ffe
80005720:	8c4e                	.insn	2, 0x8c4e
80005722:	600d                	.insn	2, 0x600d
80005724:	6f54                	.insn	2, 0x6f54
80005726:	600e                	.insn	2, 0x600e
80005728:	4a40                	.insn	2, 0x4a40
8000572a:	6010                	.insn	2, 0x6010
8000572c:	3b49                	.insn	2, 0x3b49
8000572e:	601e                	.insn	2, 0x601e
80005730:	601e79bb          	.insn	4, 0x601e79bb
80005734:	9910                	.insn	2, 0x9910
80005736:	f51e603f 804f6064 	.insn	8, 0x804f6064f51e603f
8000573e:	6076                	.insn	2, 0x6076
80005740:	1c78                	.insn	2, 0x1c78
80005742:	6089                	.insn	2, 0x6089
80005744:	c63a                	.insn	2, 0xc63a
80005746:	6089                	.insn	2, 0x6089
80005748:	d200                	.insn	2, 0xd200
8000574a:	7ef86097          	auipc	ra,0x7ef86
8000574e:	540c609b          	.insn	4, 0x540c609b
80005752:	60b8                	.insn	2, 0x60b8
80005754:	52a1                	.insn	2, 0x52a1
80005756:	60b9                	.insn	2, 0x60b9
80005758:	3d99                	.insn	2, 0x3d99
8000575a:	60d6                	.insn	2, 0x60d6
8000575c:	7a9e                	.insn	2, 0x7a9e
8000575e:	60ff 3a28 610f 407d 	.insn	22, 0x612c4ec4612686e061223bea610f407d610f3a2860ff
80005766:	610f 3bea 6122 86e0 
8000576e:	6126 4ec4 612c 
80005774:	6133ac8b          	.insn	4, 0x6133ac8b
80005778:	4569                	.insn	2, 0x4569
8000577a:	613d                	.insn	2, 0x613d
8000577c:	5b08                	.insn	2, 0x5b08
8000577e:	6145                	.insn	2, 0x6145
80005780:	6ca9                	.insn	2, 0x6ca9
80005782:	615d                	.insn	2, 0x615d
80005784:	a80d                	.insn	2, 0xa80d
80005786:	a6ab616b          	.insn	4, 0xa6ab616b
8000578a:	6182                	.insn	2, 0x6182
8000578c:	7cc8                	.insn	2, 0x7cc8
8000578e:	6186                	.insn	2, 0x6186
80005790:	8322                	.insn	2, 0x8322
80005792:	6190                	.insn	2, 0x6190
80005794:	f3c1                	.insn	2, 0xf3c1
80005796:	61ce                	.insn	2, 0x61ce
80005798:	19ad                	.insn	2, 0x19ad
8000579a:	61e4                	.insn	2, 0x61e4
8000579c:	6d64                	.insn	2, 0x6d64
8000579e:	61ec                	.insn	2, 0x61ec
800057a0:	52ca                	.insn	2, 0x52ca
800057a2:	61fd                	.insn	2, 0x61fd
800057a4:	d948                	.insn	2, 0xd948
800057a6:	6202                	.insn	2, 0x6202
800057a8:	800e                	.insn	2, 0x800e
800057aa:	b61d621b          	.insn	4, 0xb61d621b
800057ae:	6226                	.insn	2, 0x6226
800057b0:	4380                	.insn	2, 0x4380
800057b2:	fe036243          	.insn	4, 0xfe036243
800057b6:	624e                	.insn	2, 0x624e
800057b8:	b9e0                	.insn	2, 0xb9e0
800057ba:	bb78624f          	.insn	4, 0xbb78624f
800057be:	6266                	.insn	2, 0x6266
800057c0:	2af9                	.insn	2, 0x2af9
800057c2:	6279                	.insn	2, 0x6279
800057c4:	628bd913          	.insn	4, 0x628bd913
800057c8:	62a986eb          	.insn	4, 0x62a986eb
800057cc:	9932                	.insn	2, 0x9932
800057ce:	62bc                	.insn	2, 0x62bc
800057d0:	62c3d607          	.insn	4, 0x62c3d607
800057d4:	a545                	.insn	2, 0xa545
800057d6:	8bab62d3          	.insn	4, 0x8bab62d3
800057da:	6d6f62e3          	bltu	t5,s6,8000669e <input_data+0x7a6>
800057de:	62e4                	.insn	2, 0x62e4
800057e0:	f09c                	.insn	2, 0xf09c
800057e2:	e6d262fb          	.insn	4, 0xe6d262fb
800057e6:	6320                	.insn	2, 0x6320
800057e8:	632cf297          	auipc	t0,0x632cf
800057ec:	d69d                	.insn	2, 0xd69d
800057ee:	463a634b          	.insn	4, 0x463a634b
800057f2:	634e                	.insn	2, 0x634e
800057f4:	f658                	.insn	2, 0xf658
800057f6:	635d                	.insn	2, 0x635d
800057f8:	c3dd                	.insn	2, 0xc3dd
800057fa:	6366                	.insn	2, 0x6366
800057fc:	a131                	.insn	2, 0xa131
800057fe:	c12363ab          	.insn	4, 0xc12363ab
80005802:	63bc                	.insn	2, 0x63bc
80005804:	e759                	.insn	2, 0xe759
80005806:	0cb163c7          	.insn	4, 0x0cb163c7
8000580a:	032663db          	.insn	4, 0x032663db
8000580e:	63de                	.insn	2, 0x63de
80005810:	da45                	.insn	2, 0xda45
80005812:	036f63fb          	.insn	4, 0x036f63fb
80005816:	748b6413          	ori	s0,s6,1864
8000581a:	6418                	.insn	2, 0x6418
8000581c:	5eb2                	.insn	2, 0x5eb2
8000581e:	641f 9a25 6426      	.insn	6, 0x64269a25641f
80005824:	4216                	.insn	2, 0x4216
80005826:	3fdd6427          	.insn	4, 0x3fdd6427
8000582a:	f9ef643f 83b4644b 	.insn	8, 0x83b4644bf9ef643f
80005832:	645e                	.insn	2, 0x645e
80005834:	1629                	.insn	2, 0x1629
80005836:	6460                	.insn	2, 0x6460
80005838:	6941                	.insn	2, 0x6941
8000583a:	6474                	.insn	2, 0x6474
8000583c:	7cc8                	.insn	2, 0x7cc8
8000583e:	647c                	.insn	2, 0x647c
80005840:	9cdc                	.insn	2, 0x9cdc
80005842:	6481                	.insn	2, 0x6481
80005844:	a0ff 6485 071f 6487 	.insn	14, 0xf0a06495d2ea6487071f6485a0ff
8000584c:	d2ea 6495 f0a0 
80005852:	c97d649b          	.insn	4, 0xc97d649b
80005856:	64a6                	.insn	2, 0x64a6
80005858:	8b6a                	.insn	2, 0x8b6a
8000585a:	64ba                	.insn	2, 0x64ba
8000585c:	e9f0                	.insn	2, 0xe9f0
8000585e:	64bd                	.insn	2, 0x64bd
80005860:	0924                	.insn	2, 0x0924
80005862:	64d2                	.insn	2, 0x64d2
80005864:	ef6e                	.insn	2, 0xef6e
80005866:	64d4                	.insn	2, 0x64d4
80005868:	938e                	.insn	2, 0x938e
8000586a:	650a                	.insn	2, 0x650a
8000586c:	1121                	.insn	2, 0x1121
8000586e:	6511                	.insn	2, 0x6511
80005870:	a2b8                	.insn	2, 0xa2b8
80005872:	6530                	.insn	2, 0x6530
80005874:	f2a1                	.insn	2, 0xf2a1
80005876:	6578                	.insn	2, 0x6578
80005878:	8ac2                	.insn	2, 0x8ac2
8000587a:	6599                	.insn	2, 0x6599
8000587c:	65a60287          	.insn	4, 0x65a60287
80005880:	0f15                	.insn	2, 0x0f15
80005882:	65ae                	.insn	2, 0x65ae
80005884:	8f02                	.insn	2, 0x8f02
80005886:	0e4c65b7          	lui	a1,0xe4c6
8000588a:	65ce                	.insn	2, 0x65ce
8000588c:	a371                	.insn	2, 0xa371
8000588e:	ef3e65cf          	.insn	4, 0xef3e65cf
80005892:	924f65cf          	.insn	4, 0x924f65cf
80005896:	65dd                	.insn	2, 0x65dd
80005898:	eb55                	.insn	2, 0xeb55
8000589a:	d54865e7          	.insn	4, 0xd54865e7
8000589e:	65e9                	.insn	2, 0x65e9
800058a0:	31f2                	.insn	2, 0x31f2
800058a2:	65f1                	.insn	2, 0x65f1
800058a4:	660479c3          	.insn	4, 0x660479c3
800058a8:	c086                	.insn	2, 0xc086
800058aa:	6606                	.insn	2, 0x6606
800058ac:	66076677          	.insn	4, 0x66076677
800058b0:	77b2                	.insn	2, 0x77b2
800058b2:	27536607          	.insn	4, 0x27536607
800058b6:	436d660f          	.insn	4, 0x436d660f
800058ba:	6610                	.insn	2, 0x6610
800058bc:	661d2f27          	.insn	4, 0x661d2f27
800058c0:	8e36                	.insn	2, 0x8e36
800058c2:	6621                	.insn	2, 0x6621
800058c4:	12f4                	.insn	2, 0x12f4
800058c6:	662e                	.insn	2, 0x662e
800058c8:	160e                	.insn	2, 0x160e
800058ca:	663d                	.insn	2, 0x663d
800058cc:	9be5                	.insn	2, 0x9be5
800058ce:	663e                	.insn	2, 0x663e
800058d0:	663ef68b          	.insn	4, 0x663ef68b
800058d4:	192a                	.insn	2, 0x192a
800058d6:	6655                	.insn	2, 0x6655
800058d8:	02a2                	.insn	2, 0x02a2
800058da:	6676                	.insn	2, 0x6676
800058dc:	667e9cb3          	.insn	4, 0x667e9cb3
800058e0:	66a01657          	.insn	4, 0x66a01657
800058e4:	152e                	.insn	2, 0x152e
800058e6:	66b5                	.insn	2, 0x66b5
800058e8:	ac6e                	.insn	2, 0xac6e
800058ea:	66d9                	.insn	2, 0x66d9
800058ec:	bcfc                	.insn	2, 0xbcfc
800058ee:	d44c66ef          	jal	a3,7ffcbe32 <buflen.1+0x7ffcbdf2>
800058f2:	66f8                	.insn	2, 0x66f8
800058f4:	ca7a                	.insn	2, 0xca7a
800058f6:	6722                	.insn	2, 0x6722
800058f8:	b5d9                	.insn	2, 0xb5d9
800058fa:	6728                	.insn	2, 0x6728
800058fc:	72c2                	.insn	2, 0x72c2
800058fe:	a6b0673b          	.insn	4, 0xa6b0673b
80005902:	673c                	.insn	2, 0x673c
80005904:	1266                	.insn	2, 0x1266
80005906:	6751                	.insn	2, 0x6751
80005908:	79cd                	.insn	2, 0x79cd
8000590a:	675a                	.insn	2, 0x675a
8000590c:	6796bc67          	.insn	4, 0x6796bc67
80005910:	2ace                	.insn	2, 0x2ace
80005912:	679d                	.insn	2, 0x679d
80005914:	67b7ceef          	jal	t4,8008278e <_tbss_end+0x7880a>
80005918:	2ddd                	.insn	2, 0x2ddd
8000591a:	67c2                	.insn	2, 0x67c2
8000591c:	3ffd                	.insn	2, 0x3ffd
8000591e:	67c2                	.insn	2, 0x67c2
80005920:	67d54dcb          	.insn	4, 0x67d54dcb
80005924:	6f8c                	.insn	2, 0x6f8c
80005926:	5d2467db          	.insn	4, 0x5d2467db
8000592a:	6806                	.insn	2, 0x6806
8000592c:	96cd                	.insn	2, 0x96cd
8000592e:	6808                	.insn	2, 0x6808
80005930:	680ae06b          	.insn	4, 0x680ae06b
80005934:	68160343          	.insn	4, 0x68160343
80005938:	1e9a                	.insn	2, 0x1e9a
8000593a:	6819                	.insn	2, 0x6819
8000593c:	a664                	.insn	2, 0xa664
8000593e:	681f 3f29 682e      	.insn	6, 0x682e3f29681f
80005944:	778c                	.insn	2, 0x778c
80005946:	684e                	.insn	2, 0x684e
80005948:	e6c8                	.insn	2, 0xe6c8
8000594a:	6851                	.insn	2, 0x6851
8000594c:	a4ba                	.insn	2, 0xa4ba
8000594e:	6855                	.insn	2, 0x6855
80005950:	685d77c3          	.insn	4, 0x685d77c3
80005954:	686ebe97          	auipc	t4,0x686eb
80005958:	42d6                	.insn	2, 0x42d6
8000595a:	6872                	.insn	2, 0x6872
8000595c:	86aa                	.insn	2, 0x86aa
8000595e:	6876                	.insn	2, 0x6876
80005960:	9209                	.insn	2, 0x9209
80005962:	687e                	.insn	2, 0x687e
80005964:	6892be83          	.insn	4, 0x6892be83
80005968:	4cb0                	.insn	2, 0x4cb0
8000596a:	689e                	.insn	2, 0x689e
8000596c:	1f5a                	.insn	2, 0x1f5a
8000596e:	68ba                	.insn	2, 0x68ba
80005970:	6041                	.insn	2, 0x6041
80005972:	68d4                	.insn	2, 0x68d4
80005974:	68f47697          	auipc	a3,0x68f47
80005978:	24b9                	.insn	2, 0x24b9
8000597a:	3a4f68fb          	.insn	4, 0x3a4f68fb
8000597e:	6921                	.insn	2, 0x6921
80005980:	29f1                	.insn	2, 0x29f1
80005982:	2dd1692b          	.insn	4, 0x2dd1692b
80005986:	6939                	.insn	2, 0x6939
80005988:	6e7e                	.insn	2, 0x6e7e
8000598a:	6940                	.insn	2, 0x6940
8000598c:	1426                	.insn	2, 0x1426
8000598e:	6958                	.insn	2, 0x6958
80005990:	ac82                	.insn	2, 0xac82
80005992:	696d                	.insn	2, 0x696d
80005994:	a53a                	.insn	2, 0xa53a
80005996:	b03a6987          	.insn	4, 0xb03a6987
8000599a:	6998                	.insn	2, 0x6998
8000599c:	6b32                	.insn	2, 0x6b32
8000599e:	699d                	.insn	2, 0x699d
800059a0:	2da4                	.insn	2, 0x2da4
800059a2:	69aa                	.insn	2, 0x69aa
800059a4:	69c06c73          	csrrsi	s8,0x69c,0
800059a8:	0ac0                	.insn	2, 0x0ac0
800059aa:	404869c7          	.insn	4, 0x404869c7
800059ae:	69c9                	.insn	2, 0x69c9
800059b0:	679c                	.insn	2, 0x679c
800059b2:	69d1                	.insn	2, 0x69d1
800059b4:	a229                	.insn	2, 0xa229
800059b6:	69d5                	.insn	2, 0x69d5
800059b8:	a2f9                	.insn	2, 0xa2f9
800059ba:	69d8                	.insn	2, 0x69d8
800059bc:	cf72                	.insn	2, 0xcf72
800059be:	69e2                	.insn	2, 0x69e2
800059c0:	bb2a                	.insn	2, 0xbb2a
800059c2:	6e2669e7          	.insn	4, 0x6e2669e7
800059c6:	6a02                	.insn	2, 0x6a02
800059c8:	7850                	.insn	2, 0x7850
800059ca:	809e6a2b          	.insn	4, 0x809e6a2b
800059ce:	6a35                	.insn	2, 0x6a35
800059d0:	fa95                	.insn	2, 0xfa95
800059d2:	6a49                	.insn	2, 0x6a49
800059d4:	cfe1                	.insn	2, 0xcfe1
800059d6:	6a54                	.insn	2, 0x6a54
800059d8:	182e                	.insn	2, 0x182e
800059da:	6a60                	.insn	2, 0x6a60
800059dc:	9f9f 6a88 6f2a      	.insn	6, 0x6f2a6a889f9f
800059e2:	6a89                	.insn	2, 0x6a89
800059e4:	6a98a6bb          	.insn	4, 0x6a98a6bb
800059e8:	bdbc                	.insn	2, 0xbdbc
800059ea:	6ab9                	.insn	2, 0x6ab9
800059ec:	4a64                	.insn	2, 0x4a64
800059ee:	ec2c6adb          	.insn	4, 0xec2c6adb
800059f2:	6ae1                	.insn	2, 0x6ae1
800059f4:	6a98                	.insn	2, 0x6a98
800059f6:	6aea                	.insn	2, 0x6aea
800059f8:	d36e                	.insn	2, 0xd36e
800059fa:	6b25                	.insn	2, 0x6b25
800059fc:	c5fc                	.insn	2, 0xc5fc
800059fe:	6b3d                	.insn	2, 0x6b3d
80005a00:	a94d                	.insn	2, 0xa94d
80005a02:	6b4c                	.insn	2, 0x6b4c
80005a04:	6b51cb4f          	.insn	4, 0x6b51cb4f
80005a08:	6b6b5947          	.insn	4, 0x6b6b5947
80005a0c:	56e2                	.insn	2, 0x56e2
80005a0e:	6b6d                	.insn	2, 0x6b6d
80005a10:	6522                	.insn	2, 0x6522
80005a12:	6b7a                	.insn	2, 0x6b7a
80005a14:	5071                	.insn	2, 0x5071
80005a16:	6ba6                	.insn	2, 0x6ba6
80005a18:	f150                	.insn	2, 0xf150
80005a1a:	6bb5                	.insn	2, 0x6bb5
80005a1c:	6bb744cb          	.insn	4, 0x6bb744cb
80005a20:	845e                	.insn	2, 0x845e
80005a22:	02a06bc7          	.insn	4, 0x02a06bc7
80005a26:	f0ee6bf3          	csrrsi	s7,0xf0e,28
80005a2a:	6c34                	.insn	2, 0x6c34
80005a2c:	6c47c04b          	.insn	4, 0x6c47c04b
80005a30:	9a26                	.insn	2, 0x9a26
80005a32:	4a886c4f          	.insn	4, 0x4a886c4f
80005a36:	6c7f 9de8 6c91 cb9d 	.insn	22, 0x6ca995026ca2da286c9dc8546c92cb9d6c919de86c7f
80005a3e:	6c92 c854 6c9d da28 
80005a46:	6ca2 9502 6ca9 
80005a4c:	8e32                	.insn	2, 0x8e32
80005a4e:	6cdf 2228 6ce0      	.insn	6, 0x6ce022286cdf
80005a54:	6ce3fc13          	andi	s8,t2,1742
80005a58:	c129                	.insn	2, 0xc129
80005a5a:	a8146cef          	jal	s9,7ff4c4da <buflen.1+0x7ff4c49a>
80005a5e:	6d49                	.insn	2, 0x6d49
80005a60:	929f 6d4a 14f7      	.insn	6, 0x14f76d4a929f
80005a66:	82826d53          	.insn	4, 0x82826d53
80005a6a:	6d54                	.insn	2, 0x6d54
80005a6c:	6d54fafb          	.insn	4, 0x6d54fafb
80005a70:	7909                	.insn	2, 0x7909
80005a72:	6d55                	.insn	2, 0x6d55
80005a74:	8b9f 6d56 a105      	.insn	6, 0xa1056d568b9f
80005a7a:	6d5d                	.insn	2, 0x6d5d
80005a7c:	fa38                	.insn	2, 0xfa38
80005a7e:	6d62                	.insn	2, 0x6d62
80005a80:	003e                	.insn	2, 0x003e
80005a82:	6d6d                	.insn	2, 0x6d6d
80005a84:	ccb2                	.insn	2, 0xccb2
80005a86:	6d6e                	.insn	2, 0x6d6e
80005a88:	f5ee                	.insn	2, 0xf5ee
80005a8a:	6d70                	.insn	2, 0x6d70
80005a8c:	ac1f 6d82 fbd7      	.insn	6, 0xfbd76d82ac1f
80005a92:	6d90                	.insn	2, 0x6d90
80005a94:	6d9de20f          	.insn	4, 0x6d9de20f
80005a98:	6db9d8c7          	.insn	4, 0x6db9d8c7
80005a9c:	f7a0                	.insn	2, 0xf7a0
80005a9e:	6e10                	.insn	2, 0x6e10
80005aa0:	6e24d8eb          	.insn	4, 0x6e24d8eb
80005aa4:	a2ea                	.insn	2, 0xa2ea
80005aa6:	6e30                	.insn	2, 0x6e30
80005aa8:	6e3d0eeb          	.insn	4, 0x6e3d0eeb
80005aac:	6e3f8a0b          	.insn	4, 0x6e3f8a0b
80005ab0:	d051                	.insn	2, 0xd051
80005ab2:	0dc06e3f 89186e66 	.insn	8, 0x89186e660dc06e3f
80005aba:	6e96                	.insn	2, 0x6e96
80005abc:	8f2e                	.insn	2, 0x8f2e
80005abe:	6ec8                	.insn	2, 0x6ec8
80005ac0:	1281                	.insn	2, 0x1281
80005ac2:	6ecd                	.insn	2, 0x6ecd
80005ac4:	82f5                	.insn	2, 0x82f5
80005ac6:	6ed8                	.insn	2, 0x6ed8
80005ac8:	fea4                	.insn	2, 0xfea4
80005aca:	28036ee3          	bltu	t1,zero,80006566 <input_data+0x66e>
80005ace:	6eea                	.insn	2, 0x6eea
80005ad0:	3c64                	.insn	2, 0x3c64
80005ad2:	6f09                	.insn	2, 0x6f09
80005ad4:	ec4e                	.insn	2, 0xec4e
80005ad6:	6f28                	.insn	2, 0x6f28
80005ad8:	6f3a5657          	.insn	4, 0x6f3a5657
80005adc:	bc8d                	.insn	2, 0xbc8d
80005ade:	6f59                	.insn	2, 0x6f59
80005ae0:	d541                	.insn	2, 0xd541
80005ae2:	b5926f5b          	.insn	4, 0xb5926f5b
80005ae6:	6f6a                	.insn	2, 0x6f6a
80005ae8:	6f793433          	.insn	4, 0x6f793433
80005aec:	0ec2                	.insn	2, 0x0ec2
80005aee:	1d7a6f83          	.insn	4, 0x1d7a6f83
80005af2:	6f86                	.insn	2, 0x6f86
80005af4:	a3d2                	.insn	2, 0xa3d2
80005af6:	73bb6f8f          	.insn	4, 0x73bb6f8f
80005afa:	6fb1                	.insn	2, 0x6fb1
80005afc:	6fb360db          	.insn	4, 0x6fb360db
80005b00:	6fc00817          	auipc	a6,0x6fc00
80005b04:	6241                	.insn	2, 0x6241
80005b06:	6fd5                	.insn	2, 0x6fd5
80005b08:	e188                	.insn	2, 0xe188
80005b0a:	a4ac6ff3          	csrrsi	t6,0xa4a,24
80005b0e:	6ff6                	.insn	2, 0x6ff6
80005b10:	7008f7cb          	.insn	4, 0x7008f7cb
80005b14:	e7fa                	.insn	2, 0xe7fa
80005b16:	7015                	.insn	2, 0x7015
80005b18:	701755cb          	.insn	4, 0x701755cb
80005b1c:	a7de                	.insn	2, 0xa7de
80005b1e:	7021                	.insn	2, 0x7021
80005b20:	e0a1                	.insn	2, 0xe0a1
80005b22:	703e                	.insn	2, 0x703e
80005b24:	8c1c                	.insn	2, 0x8c1c
80005b26:	ed6c704b          	.insn	4, 0xed6c704b
80005b2a:	706e                	.insn	2, 0x706e
80005b2c:	70b4af37          	lui	t5,0x70b4a
80005b30:	6f0e                	.insn	2, 0x6f0e
80005b32:	70b5                	.insn	2, 0x70b5
80005b34:	fc69                	.insn	2, 0xfc69
80005b36:	2dc170bf 482e70c4 	.insn	8, 0x482e70c42dc170bf
80005b3e:	584070cb          	.insn	4, 0x584070cb
80005b42:	70d6                	.insn	2, 0x70d6
80005b44:	3381                	.insn	2, 0x3381
80005b46:	7111                	.insn	2, 0x7111
80005b48:	711c785b          	.insn	4, 0x711c785b
80005b4c:	c500                	.insn	2, 0xc500
80005b4e:	711f 12ec 712a      	.insn	6, 0x712a12ec711f
80005b54:	71422f0f          	.insn	4, 0x71422f0f
80005b58:	71490dbf 7157291f 	.insn	8, 0x7157291f71490dbf
80005b60:	df4c                	.insn	2, 0xdf4c
80005b62:	7165                	.insn	2, 0x7165
80005b64:	4d82                	.insn	2, 0x4d82
80005b66:	74f47167          	.insn	4, 0x74f47167
80005b6a:	7180                	.insn	2, 0x7180
80005b6c:	94e1                	.insn	2, 0x94e1
80005b6e:	7184                	.insn	2, 0x7184
80005b70:	88e1                	.insn	2, 0x88e1
80005b72:	7185                	.insn	2, 0x7185
80005b74:	7f30                	.insn	2, 0x7f30
80005b76:	7188                	.insn	2, 0x7188
80005b78:	420c                	.insn	2, 0x420c
80005b7a:	7190                	.insn	2, 0x7190
80005b7c:	86fc                	.insn	2, 0x86fc
80005b7e:	71a0                	.insn	2, 0x71a0
80005b80:	9e52                	.insn	2, 0x9e52
80005b82:	71b6                	.insn	2, 0x71b6
80005b84:	328d                	.insn	2, 0x328d
80005b86:	6c2a71bb          	.insn	4, 0x6c2a71bb
80005b8a:	364471d3          	.insn	4, 0x364471d3
80005b8e:	ceae71e7          	.insn	4, 0xceae71e7
80005b92:	887a71f7          	.insn	4, 0x887a71f7
80005b96:	720d                	.insn	2, 0x720d
80005b98:	ee24                	.insn	2, 0xee24
80005b9a:	720e                	.insn	2, 0x720e
80005b9c:	32b5                	.insn	2, 0x32b5
80005b9e:	7214                	.insn	2, 0x7214
80005ba0:	7220fd73          	csrrci	s10,minstretcfgh,1
80005ba4:	adc9                	.insn	2, 0xadc9
80005ba6:	7221                	.insn	2, 0x7221
80005ba8:	3950                	.insn	2, 0x3950
80005baa:	06f2722b          	.insn	4, 0x06f2722b
80005bae:	723d                	.insn	2, 0x723d
80005bb0:	c58d                	.insn	2, 0xc58d
80005bb2:	a9257257          	.insn	4, 0xa9257257
80005bb6:	1f647273          	csrrci	tp,0x1f6,8
80005bba:	5fea72b7          	lui	t0,0x5fea7
80005bbe:	496172d7          	.insn	4, 0x496172d7
80005bc2:	72e1                	.insn	2, 0x72e1
80005bc4:	ac02                	.insn	2, 0xac02
80005bc6:	58a272ef          	jal	t0,8002d150 <_tbss_end+0x231cc>
80005bca:	90f072f3          	csrrci	t0,0x90f,0
80005bce:	e6287313          	andi	t1,a6,-414
80005bd2:	7316                	.insn	2, 0x7316
80005bd4:	0655                	.insn	2, 0x0655
80005bd6:	731d                	.insn	2, 0x731d
80005bd8:	4038                	.insn	2, 0x4038
80005bda:	7320                	.insn	2, 0x7320
80005bdc:	a425                	.insn	2, 0xa425
80005bde:	7329                	.insn	2, 0x7329
80005be0:	5cd4                	.insn	2, 0x5cd4
80005be2:	53ad733f e6707345 	.insn	8, 0xe670734553ad733f
80005bea:	7359                	.insn	2, 0x7359
80005bec:	736f35b7          	lui	a1,0x736f3
80005bf0:	73877afb          	.insn	4, 0x73877afb
80005bf4:	739d378b          	.insn	4, 0x739d378b
80005bf8:	eeb2                	.insn	2, 0xeeb2
80005bfa:	73c1                	.insn	2, 0x73c1
80005bfc:	ee10                	.insn	2, 0xee10
80005bfe:	73d1                	.insn	2, 0x73d1
80005c00:	73d9c2c7          	.insn	4, 0x73d9c2c7
80005c04:	73e9750b          	.insn	4, 0x73e9750b
80005c08:	0760                	.insn	2, 0x0760
80005c0a:	73f0                	.insn	2, 0x73f0
80005c0c:	aae2                	.insn	2, 0xaae2
80005c0e:	73fd                	.insn	2, 0x73fd
80005c10:	fa75                	.insn	2, 0xfa75
80005c12:	741d                	.insn	2, 0x741d
80005c14:	1086                	.insn	2, 0x1086
80005c16:	7439                	.insn	2, 0x7439
80005c18:	8909                	.insn	2, 0x8909
80005c1a:	743c                	.insn	2, 0x743c
80005c1c:	744d6397          	auipc	t2,0x744d6
80005c20:	dd6a                	.insn	2, 0xdd6a
80005c22:	b729745b          	.insn	4, 0xb729745b
80005c26:	745e                	.insn	2, 0x745e
80005c28:	7465                	.insn	2, 0x7465
80005c2a:	7465                	.insn	2, 0x7465
80005c2c:	4bc0                	.insn	2, 0x4bc0
80005c2e:	7398746f          	jal	s0,8008db66 <_tbss_end+0x83be2>
80005c32:	7476                	.insn	2, 0x7476
80005c34:	748d9613          	.insn	4, 0x748d9613
80005c38:	8ffa                	.insn	2, 0x8ffa
80005c3a:	74b0                	.insn	2, 0x74b0
80005c3c:	d7c8                	.insn	2, 0xd7c8
80005c3e:	74b2                	.insn	2, 0x74b2
80005c40:	74bac3d7          	.insn	4, 0x74bac3d7
80005c44:	5bd8                	.insn	2, 0x5bd8
80005c46:	6dec74c7          	.insn	4, 0x6dec74c7
80005c4a:	74c8                	.insn	2, 0x74c8
80005c4c:	f214                	.insn	2, 0xf214
80005c4e:	5c8374eb          	.insn	4, 0x5c8374eb
80005c52:	74ec                	.insn	2, 0x74ec
80005c54:	43cd                	.insn	2, 0x43cd
80005c56:	74fc                	.insn	2, 0x74fc
80005c58:	d010                	.insn	2, 0xd010
80005c5a:	7501                	.insn	2, 0x7501
80005c5c:	ff5d                	.insn	2, 0xff5d
80005c5e:	7524                	.insn	2, 0x7524
80005c60:	91ec                	.insn	2, 0x91ec
80005c62:	752c                	.insn	2, 0x752c
80005c64:	cea2                	.insn	2, 0xcea2
80005c66:	7548                	.insn	2, 0x7548
80005c68:	7556939b          	.insn	4, 0x7556939b
80005c6c:	ce81                	.insn	2, 0xce81
80005c6e:	7556                	.insn	2, 0x7556
80005c70:	ae6e                	.insn	2, 0xae6e
80005c72:	fa5f7567          	.insn	4, 0xfa5f7567
80005c76:	76de7577          	.insn	4, 0x76de7577
80005c7a:	7582                	.insn	2, 0x7582
80005c7c:	10d0                	.insn	2, 0x10d0
80005c7e:	7585                	.insn	2, 0x7585
80005c80:	d4b4                	.insn	2, 0xd4b4
80005c82:	803b75e3          	bgeu	s6,gp,8000548c <verify_data+0x1594>
80005c86:	7612                	.insn	2, 0x7612
80005c88:	01e6                	.insn	2, 0x01e6
80005c8a:	f891761b          	.insn	4, 0xf891761b
80005c8e:	a0507637          	lui	a2,0xa0507
80005c92:	c41b7643          	.insn	4, 0xc41b7643
80005c96:	5c327643          	.insn	4, 0x5c327643
80005c9a:	765e                	.insn	2, 0x765e
80005c9c:	039c                	.insn	2, 0x039c
80005c9e:	766e                	.insn	2, 0x766e
80005ca0:	66c4                	.insn	2, 0x66c4
80005ca2:	7691                	.insn	2, 0x7691
80005ca4:	76c9de3b          	.insn	4, 0x76c9de3b
80005ca8:	76e02b87          	.insn	4, 0x76e02b87
80005cac:	770d9d97          	auipc	s11,0x770d9
80005cb0:	b4d1                	.insn	2, 0xb4d1
80005cb2:	7745                	.insn	2, 0x7745
80005cb4:	8a60                	.insn	2, 0x8a60
80005cb6:	7761                	.insn	2, 0x7761
80005cb8:	c005                	.insn	2, 0xc005
80005cba:	777c                	.insn	2, 0x777c
80005cbc:	5dbc                	.insn	2, 0x5dbc
80005cbe:	777e                	.insn	2, 0x777e
80005cc0:	3159                	.insn	2, 0x3159
80005cc2:	7782                	.insn	2, 0x7782
80005cc4:	d711                	.insn	2, 0xd711
80005cc6:	56c3778b          	.insn	4, 0x56c3778b
80005cca:	778e                	.insn	2, 0x778e
80005ccc:	0736                	.insn	2, 0x0736
80005cce:	7796                	.insn	2, 0x7796
80005cd0:	779e33eb          	.insn	4, 0x779e33eb
80005cd4:	a4f9                	.insn	2, 0xa4f9
80005cd6:	77c2                	.insn	2, 0x77c2
80005cd8:	8b1a                	.insn	2, 0x8b1a
80005cda:	77d6                	.insn	2, 0x77d6
80005cdc:	0db6                	.insn	2, 0x0db6
80005cde:	77ea                	.insn	2, 0x77ea
80005ce0:	96b1                	.insn	2, 0x96b1
80005ce2:	780c                	.insn	2, 0x780c
80005ce4:	2c8c                	.insn	2, 0x2c8c
80005ce6:	780d                	.insn	2, 0x780d
80005ce8:	78276307          	.insn	4, 0x78276307
80005cec:	3012                	.insn	2, 0x3012
80005cee:	782c                	.insn	2, 0x782c
80005cf0:	d041                	.insn	2, 0xd041
80005cf2:	7830                	.insn	2, 0x7830
80005cf4:	783be667          	.insn	4, 0x783be667
80005cf8:	5ebc                	.insn	2, 0x5ebc
80005cfa:	784d                	.insn	2, 0x784d
80005cfc:	b865                	.insn	2, 0xb865
80005cfe:	7889                	.insn	2, 0x7889
80005d00:	1f55                	.insn	2, 0x1f55
80005d02:	7894                	.insn	2, 0x7894
80005d04:	23fa                	.insn	2, 0x23fa
80005d06:	789c                	.insn	2, 0x789c
80005d08:	d08a                	.insn	2, 0xd08a
80005d0a:	78b0                	.insn	2, 0x78b0
80005d0c:	5dae                	.insn	2, 0x5dae
80005d0e:	78d8                	.insn	2, 0x78d8
80005d10:	fd24                	.insn	2, 0xfd24
80005d12:	78dd                	.insn	2, 0x78dd
80005d14:	35aa                	.insn	2, 0x35aa
80005d16:	78de                	.insn	2, 0x78de
80005d18:	7171                	.insn	2, 0x7171
80005d1a:	78df 9a07 78e2      	.insn	6, 0x78e29a0778df
80005d20:	78f220af          	.insn	4, 0x78f220af
80005d24:	f786                	.insn	2, 0xf786
80005d26:	78fd                	.insn	2, 0x78fd
80005d28:	2c44                	.insn	2, 0x2c44
80005d2a:	792d                	.insn	2, 0x792d
80005d2c:	c459                	.insn	2, 0xc459
80005d2e:	7939                	.insn	2, 0x7939
80005d30:	1798                	.insn	2, 0x1798
80005d32:	7948                	.insn	2, 0x7948
80005d34:	d530                	.insn	2, 0xd530
80005d36:	574d795b          	.insn	4, 0x574d795b
80005d3a:	7966                	.insn	2, 0x7966
80005d3c:	ee36                	.insn	2, 0xee36
80005d3e:	796c                	.insn	2, 0x796c
80005d40:	89e9                	.insn	2, 0x89e9
80005d42:	de277987          	.insn	4, 0xde277987
80005d46:	7988                	.insn	2, 0x7988
80005d48:	79b5933b          	.insn	4, 0x79b5933b
80005d4c:	79c39977          	.insn	4, 0x79c39977
80005d50:	35d0                	.insn	2, 0x35d0
80005d52:	79d5                	.insn	2, 0x79d5
80005d54:	79ea714f          	.insn	4, 0x79ea714f
80005d58:	c122                	.insn	2, 0xc122
80005d5a:	79f0                	.insn	2, 0x79f0
80005d5c:	135a                	.insn	2, 0x135a
80005d5e:	79ff                	.insn	2, 0x79ff
80005d60:	7a02d7ff 7a0e7c57 	.insn	20, 0x7a2bec617a1a8d0d7a1523997a0e7c577a02d7ff
80005d68:	7a152399 7a1a8d0d 
80005d70:	7a2bec61 
80005d74:	f0f9                	.insn	2, 0xf0f9
80005d76:	0e127a53          	.insn	4, 0x0e127a53
80005d7a:	7a54                	.insn	2, 0x7a54
80005d7c:	7a54488b          	.insn	4, 0x7a54488b
80005d80:	039a                	.insn	2, 0x039a
80005d82:	7a6c                	.insn	2, 0x7a6c
80005d84:	cbd4                	.insn	2, 0xcbd4
80005d86:	7a70                	.insn	2, 0x7a70
80005d88:	c442                	.insn	2, 0xc442
80005d8a:	7a88                	.insn	2, 0x7a88
80005d8c:	e546                	.insn	2, 0xe546
80005d8e:	939c7ad7          	.insn	4, 0x939c7ad7
80005d92:	7ada                	.insn	2, 0x7ada
80005d94:	7afd1cd3          	.insn	4, 0x7afd1cd3
80005d98:	5c90                	.insn	2, 0x5c90
80005d9a:	7b08                	.insn	2, 0x7b08
80005d9c:	d916                	.insn	2, 0xd916
80005d9e:	7b0a                	.insn	2, 0x7b0a
80005da0:	7b2b5f8b          	.insn	4, 0x7b2b5f8b
80005da4:	de31                	.insn	2, 0xde31
80005da6:	7b31                	.insn	2, 0x7b31
80005da8:	7b35733f 7b3b8ae9 	.insn	8, 0x7b3b8ae97b35733f
80005db0:	69d2                	.insn	2, 0x69d2
80005db2:	7b48                	.insn	2, 0x7b48
80005db4:	84c1                	.insn	2, 0x84c1
80005db6:	7b4e                	.insn	2, 0x7b4e
80005db8:	26e9                	.insn	2, 0x26e9
80005dba:	7b55                	.insn	2, 0x7b55
80005dbc:	d215                	.insn	2, 0xd215
80005dbe:	7b68                	.insn	2, 0x7b68
80005dc0:	7b86eff3          	csrrsi	t6,0x7b8,13
80005dc4:	d676                	.insn	2, 0xd676
80005dc6:	7b96                	.insn	2, 0x7b96
80005dc8:	8d3a                	.insn	2, 0x8d3a
80005dca:	678e7bab          	.insn	4, 0x678e7bab
80005dce:	7bac                	.insn	2, 0x7bac
80005dd0:	7bc697fb          	.insn	4, 0x7bc697fb
80005dd4:	b108                	.insn	2, 0xb108
80005dd6:	7bd6                	.insn	2, 0x7bd6
80005dd8:	7be3d2d7          	.insn	4, 0x7be3d2d7
80005ddc:	8a2c                	.insn	2, 0x8a2c
80005dde:	7bf2                	.insn	2, 0x7bf2
80005de0:	80f5                	.insn	2, 0x80f5
80005de2:	7c05                	.insn	2, 0x7c05
80005de4:	da01                	.insn	2, 0xda01
80005de6:	7c11                	.insn	2, 0x7c11
80005de8:	67a4                	.insn	2, 0x67a4
80005dea:	7c24                	.insn	2, 0x7c24
80005dec:	7c45df3b          	.insn	4, 0x7c45df3b
80005df0:	8234                	.insn	2, 0x8234
80005df2:	2dab7c4b          	.insn	4, 0x2dab7c4b
80005df6:	27d67c6f          	jal	s8,8006d872 <_tbss_end+0x638ee>
80005dfa:	7c7d                	.insn	2, 0x7c7d
80005dfc:	5be8                	.insn	2, 0x5be8
80005dfe:	7c80                	.insn	2, 0x7c80
80005e00:	ee66                	.insn	2, 0xee66
80005e02:	7c82                	.insn	2, 0x7c82
80005e04:	7c9296e3          	bne	t0,s1,80006dd0 <input_data+0xed8>
80005e08:	7c93425b          	.insn	4, 0x7c93425b
80005e0c:	29ad                	.insn	2, 0x29ad
80005e0e:	91207c9b          	.insn	4, 0x91207c9b
80005e12:	4ee17c9b          	.insn	4, 0x4ee17c9b
80005e16:	7c9d                	.insn	2, 0x7c9d
80005e18:	ae2c                	.insn	2, 0xae2c
80005e1a:	da267cab          	.insn	4, 0xda267cab
80005e1e:	35837cc7          	.insn	4, 0x35837cc7
80005e22:	7cd1                	.insn	2, 0x7cd1
80005e24:	5531                	.insn	2, 0x5531
80005e26:	7cd2                	.insn	2, 0x7cd2
80005e28:	ed64                	.insn	2, 0xed64
80005e2a:	7cd8                	.insn	2, 0x7cd8
80005e2c:	172d                	.insn	2, 0x172d
80005e2e:	7cdd                	.insn	2, 0x7cdd
80005e30:	8ed0                	.insn	2, 0x8ed0
80005e32:	7cfe                	.insn	2, 0x7cfe
80005e34:	7d199933          	.insn	4, 0x7d199933
80005e38:	0d94                	.insn	2, 0x0d94
80005e3a:	d9767d33          	.insn	4, 0xd9767d33
80005e3e:	7d5c                	.insn	2, 0x7d5c
80005e40:	a826                	.insn	2, 0xa826
80005e42:	7d7c                	.insn	2, 0x7d7c
80005e44:	7dc1                	.insn	2, 0x7dc1
80005e46:	7d81                	.insn	2, 0x7d81
80005e48:	b7c8                	.insn	2, 0xb7c8
80005e4a:	7d82                	.insn	2, 0x7d82
80005e4c:	2f96                	.insn	2, 0x2f96
80005e4e:	7d84                	.insn	2, 0x7d84
80005e50:	3b66                	.insn	2, 0x3b66
80005e52:	7dac                	.insn	2, 0x7dac
80005e54:	97d6                	.insn	2, 0x97d6
80005e56:	7db5                	.insn	2, 0x7db5
80005e58:	7dbce1f7          	.insn	4, 0x7dbce1f7
80005e5c:	c751                	.insn	2, 0xc751
80005e5e:	7dc1                	.insn	2, 0x7dc1
80005e60:	7558                	.insn	2, 0x7558
80005e62:	7df8                	.insn	2, 0x7df8
80005e64:	7e0a0b8f          	.insn	4, 0x7e0a0b8f
80005e68:	7e1723f7          	.insn	4, 0x7e1723f7
80005e6c:	287c                	.insn	2, 0x287c
80005e6e:	48c77e27          	.insn	4, 0x48c77e27
80005e72:	7e3c                	.insn	2, 0x7e3c
80005e74:	3888                	.insn	2, 0x3888
80005e76:	7e41                	.insn	2, 0x7e41
80005e78:	b8ee                	.insn	2, 0xb8ee
80005e7a:	7e44                	.insn	2, 0x7e44
80005e7c:	69c4                	.insn	2, 0x69c4
80005e7e:	7e4a                	.insn	2, 0x7e4a
80005e80:	a6bd                	.insn	2, 0xa6bd
80005e82:	7e4a                	.insn	2, 0x7e4a
80005e84:	de88                	.insn	2, 0xde88
80005e86:	282b7e53          	.insn	4, 0x282b7e53
80005e8a:	7e7f                	.insn	2, 0x7e7f
80005e8c:	2a5f 7e88 3314      	.insn	6, 0x33147e882a5f
80005e92:	7e90                	.insn	2, 0x7e90
80005e94:	1b69                	.insn	2, 0x1b69
80005e96:	7ea5                	.insn	2, 0x7ea5
80005e98:	8eb9                	.insn	2, 0x8eb9
80005e9a:	a1f87eb7          	lui	t4,0xa1f87
80005e9e:	7eb8                	.insn	2, 0x7eb8
80005ea0:	8b3e                	.insn	2, 0x8b3e
80005ea2:	7ec6                	.insn	2, 0x7ec6
80005ea4:	7ec6e397          	auipc	t2,0x7ec6e
80005ea8:	e55e                	.insn	2, 0xe55e
80005eaa:	50687ed7          	.insn	4, 0x50687ed7
80005eae:	cc317ee3          	bgeu	sp,gp,80005b8a <verify_data+0x1c92>
80005eb2:	7eed                	.insn	2, 0x7eed
80005eb4:	2954                	.insn	2, 0x2954
80005eb6:	7ef4                	.insn	2, 0x7ef4
80005eb8:	7ef912b7          	lui	t0,0x7ef91
80005ebc:	a5cd                	.insn	2, 0xa5cd
80005ebe:	7f02                	.insn	2, 0x7f02
80005ec0:	1831                	.insn	2, 0x1831
80005ec2:	7f10                	.insn	2, 0x7f10
80005ec4:	a605                	.insn	2, 0xa605
80005ec6:	7f10                	.insn	2, 0x7f10
80005ec8:	0434                	.insn	2, 0x0434
80005eca:	7f24                	.insn	2, 0x7f24
80005ecc:	c95e                	.insn	2, 0xc95e
80005ece:	731f7f4b          	.insn	4, 0x731f7f4b
80005ed2:	7f8d                	.insn	2, 0x7f8d
80005ed4:	3385                	.insn	2, 0x3385
80005ed6:	58997f8f          	.insn	4, 0x58997f8f
80005eda:	7f99                	.insn	2, 0x7f99
80005edc:	1715                	.insn	2, 0x1715
80005ede:	7fa6                	.insn	2, 0x7fa6
80005ee0:	c8f2                	.insn	2, 0xc8f2
80005ee2:	7fb1                	.insn	2, 0x7fb1
80005ee4:	8976                	.insn	2, 0x8976
80005ee6:	7fc0                	.insn	2, 0x7fc0
80005ee8:	d2d0                	.insn	2, 0xd2d0
80005eea:	7fc0                	.insn	2, 0x7fc0
80005eec:	7fca5d7f 7fdb3900 	.insn	20, 0x3a2ccef4055424a47fe84e467fdb39007fca5d7f
80005ef4:	7fe84e46  
80005efc:	 

80005ef8 <input_data>:
80005ef8:	24a4                	.insn	2, 0x24a4
80005efa:	0554                	.insn	2, 0x0554
80005efc:	cef4                	.insn	2, 0xcef4
80005efe:	3a2c                	.insn	2, 0x3a2c
80005f00:	4a64                	.insn	2, 0x4a64
80005f02:	97196adb          	.insn	4, 0x97196adb
80005f06:	2b01                	.insn	2, 0x2b01
80005f08:	f4ee                	.insn	2, 0xf4ee
80005f0a:	4861                	.insn	2, 0x4861
80005f0c:	0039e5ef          	jal	a1,800a470e <_tbss_end+0x9a78a>
80005f10:	eeec                	.insn	2, 0xeeec
80005f12:	1802                	.insn	2, 0x1802
80005f14:	8b3e                	.insn	2, 0x8b3e
80005f16:	7ec6                	.insn	2, 0x7ec6
80005f18:	4a40                	.insn	2, 0x4a40
80005f1a:	6010                	.insn	2, 0x6010
80005f1c:	0df8                	.insn	2, 0x0df8
80005f1e:	2ee2                	.insn	2, 0x2ee2
80005f20:	6b72                	.insn	2, 0x6b72
80005f22:	2cf4                	.insn	2, 0x2cf4
80005f24:	49635f53          	.insn	4, 0x49635f53
80005f28:	8979                	.insn	2, 0x8979
80005f2a:	9b6810f7          	.insn	4, 0x9b6810f7
80005f2e:	0836                	.insn	2, 0x0836
80005f30:	79b5933b          	.insn	4, 0x79b5933b
80005f34:	db86                	.insn	2, 0xdb86
80005f36:	ca5913a7          	.insn	4, 0xca5913a7
80005f3a:	4ad5                	.insn	2, 0x4ad5
80005f3c:	28d5                	.insn	2, 0x28d5
80005f3e:	1bb9                	.insn	2, 0x1bb9
80005f40:	72c2                	.insn	2, 0x72c2
80005f42:	04bd673b          	.insn	4, 0x04bd673b
80005f46:	9f1011fb          	.insn	4, 0x9f1011fb
80005f4a:	4f9f 88d5 1afe      	.insn	6, 0x1afe88d54f9f
80005f50:	8b4c                	.insn	2, 0x8b4c
80005f52:	d92d00d7          	.insn	4, 0xd92d00d7
80005f56:	4961                	.insn	2, 0x4961
80005f58:	8a60                	.insn	2, 0x8a60
80005f5a:	7761                	.insn	2, 0x7761
80005f5c:	d1e1                	.insn	2, 0xd1e1
80005f5e:	ee242b8f          	.insn	4, 0xee242b8f
80005f62:	720e                	.insn	2, 0x720e
80005f64:	040c                	.insn	2, 0x040c
80005f66:	4c04                	.insn	2, 0x4c04
80005f68:	6e71                	.insn	2, 0x6e71
80005f6a:	324a                	.insn	2, 0x324a
80005f6c:	0655                	.insn	2, 0x0655
80005f6e:	731d                	.insn	2, 0x731d
80005f70:	917d                	.insn	2, 0x917d
80005f72:	58f5                	.insn	2, 0x58f5
80005f74:	da5f 1d42 de31      	.insn	6, 0xde311d42da5f
80005f7a:	7b31                	.insn	2, 0x7b31
80005f7c:	fa95                	.insn	2, 0xfa95
80005f7e:	018a                	.insn	2, 0x018a
80005f80:	d8e0                	.insn	2, 0xd8e0
80005f82:	12ec0e33          	.insn	4, 0x12ec0e33
80005f86:	712a                	.insn	2, 0x712a
80005f88:	db66                	.insn	2, 0xdb66
80005f8a:	0ef1                	.insn	2, 0x0ef1
80005f8c:	3b49                	.insn	2, 0x3b49
80005f8e:	601e                	.insn	2, 0x601e
80005f90:	2601eb4f          	.insn	4, 0x2601eb4f
80005f94:	cb54                	.insn	2, 0xcb54
80005f96:	52c6                	.insn	2, 0x52c6
80005f98:	2b51                	.insn	2, 0x2b51
80005f9a:	369a                	.insn	2, 0x369a
80005f9c:	d5c8                	.insn	2, 0xd5c8
80005f9e:	401e                	.insn	2, 0x401e
80005fa0:	10f8                	.insn	2, 0x10f8
80005fa2:	2844                	.insn	2, 0x2844
80005fa4:	8c39                	.insn	2, 0x8c39
80005fa6:	37e8                	.insn	2, 0x37e8
80005fa8:	0c00                	.insn	2, 0x0c00
80005faa:	547c                	.insn	2, 0x547c
80005fac:	0492                	.insn	2, 0x0492
80005fae:	59ed                	.insn	2, 0x59ed
80005fb0:	632cf297          	auipc	t0,0x632cf
80005fb4:	1e9a                	.insn	2, 0x1e9a
80005fb6:	6819                	.insn	2, 0x6819
80005fb8:	b431                	.insn	2, 0xb431
80005fba:	e1f728ef          	jal	a7,7ff78dd8 <buflen.1+0x7ff78d98>
80005fbe:	7dbc                	.insn	2, 0x7dbc
80005fc0:	3468                	.insn	2, 0x3468
80005fc2:	56fe                	.insn	2, 0x56fe
80005fc4:	2441                	.insn	2, 0x2441
80005fc6:	a7de1353          	.insn	4, 0xa7de1353
80005fca:	7021                	.insn	2, 0x7021
80005fcc:	62d6                	.insn	2, 0x62d6
80005fce:	86c8592f          	.insn	4, 0x86c8592f
80005fd2:	304d                	.insn	2, 0x304d
80005fd4:	8551                	.insn	2, 0x8551
80005fd6:	484c                	.insn	2, 0x484c
80005fd8:	8b6a                	.insn	2, 0x8b6a
80005fda:	3ccc                	.insn	2, 0x3ccc
80005fdc:	fb81                	.insn	2, 0xfb81
80005fde:	22e0                	.insn	2, 0x22e0
80005fe0:	783be667          	.insn	4, 0x783be667
80005fe4:	2128e503          	.insn	4, 0x2128e503
80005fe8:	bf66                	.insn	2, 0xbf66
80005fea:	4524                	.insn	2, 0x4524
80005fec:	52ea70bb          	.insn	4, 0x52ea70bb
80005ff0:	662c                	.insn	2, 0x662c
80005ff2:	48ee                	.insn	2, 0x48ee
80005ff4:	6f6a                	.insn	2, 0x6f6a
80005ff6:	4139                	.insn	2, 0x4139
80005ff8:	af00                	.insn	2, 0xaf00
80005ffa:	1a05                	.insn	2, 0x1a05
80005ffc:	0b5676e3          	bgeu	a2,s5,800068a8 <input_data+0x9b0>
80006000:	7ca6                	.insn	2, 0x7ca6
80006002:	727123f3          	csrrs	t2,mhpmevent7h,sp
80006006:	5a32                	.insn	2, 0x5a32
80006008:	5b08                	.insn	2, 0x5b08
8000600a:	6145                	.insn	2, 0x6145
8000600c:	e12a                	.insn	2, 0xe12a
8000600e:	55d6                	.insn	2, 0x55d6
80006010:	6f29                	.insn	2, 0x6f29
80006012:	4db5                	.insn	2, 0x4db5
80006014:	301453e7          	.insn	4, 0x301453e7
80006018:	4ba0                	.insn	2, 0x4ba0
8000601a:	4191                	.insn	2, 0x4191
8000601c:	42ff 46ae 148d 544a 	.insn	18, 0x058c1900b280780c96b1544a148d46ae42ff
80006024:	96b1 780c b280 1900 
8000602c:	058c 
8000602e:	c97f4bef          	jal	s7,7fffacc4 <buflen.1+0x7fffac84>
80006032:	0a79                	.insn	2, 0x0a79
80006034:	c11e                	.insn	2, 0xc11e
80006036:	48ec                	.insn	2, 0x48ec
80006038:	27e4                	.insn	2, 0x27e4
8000603a:	223a                	.insn	2, 0x223a
8000603c:	135a                	.insn	2, 0x135a
8000603e:	79ff                	.insn	2, 0x79ff
80006040:	1082                	.insn	2, 0x1082
80006042:	16571d5b          	.insn	4, 0x16571d5b
80006046:	66a0                	.insn	2, 0x66a0
80006048:	0c12                	.insn	2, 0x0c12
8000604a:	2b48                	.insn	2, 0x2b48
8000604c:	5c10                	.insn	2, 0x5c10
8000604e:	4adf f786 78fd      	.insn	6, 0x78fdf7864adf
80006054:	34f5                	.insn	2, 0x34f5
80006056:	5266                	.insn	2, 0x5266
80006058:	739d378b          	.insn	4, 0x739d378b
8000605c:	9259                	.insn	2, 0x9259
8000605e:	2f28                	.insn	2, 0x2f28
80006060:	1ef9fd23          	.insn	4, 0x1ef9fd23
80006064:	ccad                	.insn	2, 0xccad
80006066:	43cd3ea7          	.insn	4, 0x43cd3ea7
8000606a:	74fc                	.insn	2, 0x74fc
8000606c:	2a22a5e3          	.insn	4, 0x2a22a5e3
80006070:	cf72                	.insn	2, 0xcf72
80006072:	69e2                	.insn	2, 0x69e2
80006074:	281bbd27          	.insn	4, 0x281bbd27
80006078:	778e56c3          	.insn	4, 0x778e56c3
8000607c:	4bf29b83          	lh	s7,1215(t0) # e32d546f <_tbss_end+0x632cb4eb>
80006080:	de88                	.insn	2, 0xde88
80006082:	0fec7e53          	.insn	4, 0x0fec7e53
80006086:	31c6                	.insn	2, 0x31c6
80006088:	191afacb          	.insn	4, 0x191afacb
8000608c:	8575                	.insn	2, 0x8575
8000608e:	45b2                	.insn	2, 0x45b2
80006090:	5c90                	.insn	2, 0x5c90
80006092:	7b08                	.insn	2, 0x7b08
80006094:	5f7c                	.insn	2, 0x5f7c
80006096:	2d61533f 7dc148a1 	.insn	8, 0x7dc148a12d61533f
8000609e:	7d81                	.insn	2, 0x7d81
800060a0:	e584                	.insn	2, 0xe584
800060a2:	2cf4                	.insn	2, 0x2cf4
800060a4:	7fca5d7f 532a6e6c 	.insn	20, 0x0a264a155431a8886855a4ba532a6e6c7fca5d7f
800060ac:	6855a4ba 5431a888 
800060b4:	0a264a15 
800060b8:	3a26                	.insn	2, 0x3a26
800060ba:	45a11733          	.insn	4, 0x45a11733
800060be:	1ab8                	.insn	2, 0x1ab8
800060c0:	0e578ce3          	beq	a5,t0,800069b8 <input_data+0xac0>
800060c4:	4e46                	.insn	2, 0x4e46
800060c6:	7fe8                	.insn	2, 0x7fe8
800060c8:	f7a0                	.insn	2, 0xf7a0
800060ca:	6e10                	.insn	2, 0x6e10
800060cc:	6366                	.insn	2, 0x6366
800060ce:	50b4                	.insn	2, 0x50b4
800060d0:	08606c9b          	.insn	4, 0x08606c9b
800060d4:	cb9d                	.insn	2, 0xcb9d
800060d6:	6c92                	.insn	2, 0x6c92
800060d8:	05f9                	.insn	2, 0x05f9
800060da:	24f4                	.insn	2, 0x24f4
800060dc:	0f8e                	.insn	2, 0x0f8e
800060de:	5a42                	.insn	2, 0x5a42
800060e0:	2cc21eab          	.insn	4, 0x2cc21eab
800060e4:	d2d0                	.insn	2, 0xd2d0
800060e6:	7fc0                	.insn	2, 0x7fc0
800060e8:	321c                	.insn	2, 0x321c
800060ea:	1225                	.insn	2, 0x1225
800060ec:	0d30                	.insn	2, 0x0d30
800060ee:	207d                	.insn	2, 0x207d
800060f0:	aae2                	.insn	2, 0xaae2
800060f2:	73fd                	.insn	2, 0x73fd
800060f4:	1398                	.insn	2, 0x1398
800060f6:	5bad                	.insn	2, 0x5bad
800060f8:	7f30                	.insn	2, 0x7f30
800060fa:	7188                	.insn	2, 0x7188
800060fc:	6219                	.insn	2, 0x6219
800060fe:	a15d371b          	.insn	4, 0xa15d371b
80006102:	b79f21d7          	.insn	4, 0xb79f21d7
80006106:	353e                	.insn	2, 0x353e
80006108:	cba1                	.insn	2, 0xcba1
8000610a:	980f49e3          	bltz	t5,80005a9c <verify_data+0x1ba4>
8000610e:	4500                	.insn	2, 0x4500
80006110:	2f96                	.insn	2, 0x2f96
80006112:	7d84                	.insn	2, 0x7d84
80006114:	59bbba97          	auipc	s5,0x59bbb
80006118:	7cc8                	.insn	2, 0x7cc8
8000611a:	6186                	.insn	2, 0x6186
8000611c:	00949033          	sll	zero,s1,s1
80006120:	2d32                	.insn	2, 0x2d32
80006122:	1ee1                	.insn	2, 0x1ee1
80006124:	7168                	.insn	2, 0x7168
80006126:	fb3a3f67          	.insn	4, 0xfb3a3f67
8000612a:	ea803d57          	.insn	4, 0xea803d57
8000612e:	0cd0                	.insn	2, 0x0cd0
80006130:	fa46                	.insn	2, 0xfa46
80006132:	4001                	.insn	2, 0x4001
80006134:	1281                	.insn	2, 0x1281
80006136:	6ecd                	.insn	2, 0x6ecd
80006138:	69aa                	.insn	2, 0x69aa
8000613a:	33a5                	.insn	2, 0x33a5
8000613c:	58e6236f          	jal	t1,800686ca <_tbss_end+0x5e746>
80006140:	a960                	.insn	2, 0xa960
80006142:	1c74                	.insn	2, 0x1c74
80006144:	3150                	.insn	2, 0x3150
80006146:	3561                	.insn	2, 0x3561
80006148:	a07c                	.insn	2, 0xa07c
8000614a:	a9bd38e3          	.insn	4, 0xa9bd38e3
8000614e:	2609                	.insn	2, 0x2609
80006150:	8f18                	.insn	2, 0x8f18
80006152:	5c65                	.insn	2, 0x5c65
80006154:	3ecd                	.insn	2, 0x3ecd
80006156:	24a2                	.insn	2, 0x24a2
80006158:	17e6                	.insn	2, 0x17e6
8000615a:	56a1                	.insn	2, 0x56a1
8000615c:	4e44                	.insn	2, 0x4e44
8000615e:	4f90                	.insn	2, 0x4f90
80006160:	28bdf153          	.insn	4, 0x28bdf153
80006164:	4130                	.insn	2, 0x4130
80006166:	0ac50a0f          	.insn	4, 0x0ac50a0f
8000616a:	1cb4                	.insn	2, 0x1cb4
8000616c:	9006                	.insn	2, 0x9006
8000616e:	2d0c                	.insn	2, 0x2d0c
80006170:	3012                	.insn	2, 0x3012
80006172:	782c                	.insn	2, 0x782c
80006174:	14c2                	.insn	2, 0x14c2
80006176:	454d                	.insn	2, 0x454d
80006178:	bbfa                	.insn	2, 0xbbfa
8000617a:	664924eb          	.insn	4, 0x664924eb
8000617e:	52de                	.insn	2, 0x52de
80006180:	61f6                	.insn	2, 0x61f6
80006182:	a7d10f4f          	.insn	4, 0xa7d10f4f
80006186:	15c5                	.insn	2, 0x15c5
80006188:	687e                	.insn	2, 0x687e
8000618a:	4ed0                	.insn	2, 0x4ed0
8000618c:	4adc                	.insn	2, 0x4adc
8000618e:	439a                	.insn	2, 0x439a
80006190:	fe51                	.insn	2, 0xfe51
80006192:	4da5                	.insn	2, 0x4da5
80006194:	c3bd                	.insn	2, 0xc3bd
80006196:	2511                	.insn	2, 0x2511
80006198:	100a                	.insn	2, 0x100a
8000619a:	31ec                	.insn	2, 0x31ec
8000619c:	66076677          	.insn	4, 0x66076677
800061a0:	ceea                	.insn	2, 0xceea
800061a2:	2cfe                	.insn	2, 0x2cfe
800061a4:	152e                	.insn	2, 0x152e
800061a6:	66b5                	.insn	2, 0x66b5
800061a8:	de5c                	.insn	2, 0xde5c
800061aa:	3a4e                	.insn	2, 0x3a4e
800061ac:	e140                	.insn	2, 0xe140
800061ae:	5c50                	.insn	2, 0x5c50
800061b0:	034d                	.insn	2, 0x034d
800061b2:	23a5                	.insn	2, 0x23a5
800061b4:	4569                	.insn	2, 0x4569
800061b6:	613d                	.insn	2, 0x613d
800061b8:	9f26                	.insn	2, 0x9f26
800061ba:	2f24                	.insn	2, 0x2f24
800061bc:	796a                	.insn	2, 0x796a
800061be:	5f84                	.insn	2, 0x5f84
800061c0:	2df3dfcb          	.insn	4, 0x2df3dfcb
800061c4:	16b9                	.insn	2, 0x16b9
800061c6:	0bd0                	.insn	2, 0x0bd0
800061c8:	4699                	.insn	2, 0x4699
800061ca:	4add                	.insn	2, 0x4add
800061cc:	a1f8                	.insn	2, 0xa1f8
800061ce:	7eb8                	.insn	2, 0x7eb8
800061d0:	2215                	.insn	2, 0x2215
800061d2:	080c                	.insn	2, 0x080c
800061d4:	9608                	.insn	2, 0x9608
800061d6:	22c1                	.insn	2, 0x22c1
800061d8:	3888                	.insn	2, 0x3888
800061da:	7e41                	.insn	2, 0x7e41
800061dc:	8b9f 6d56 d570      	.insn	6, 0xd5706d568b9f
800061e2:	33ac                	.insn	2, 0x33ac
800061e4:	938e                	.insn	2, 0x938e
800061e6:	650a                	.insn	2, 0x650a
800061e8:	983d                	.insn	2, 0x983d
800061ea:	2c6a                	.insn	2, 0x2c6a
800061ec:	99ca                	.insn	2, 0x99ca
800061ee:	4428                	.insn	2, 0x4428
800061f0:	f095                	.insn	2, 0xf095
800061f2:	4252                	.insn	2, 0x4252
800061f4:	b4a9                	.insn	2, 0xb4a9
800061f6:	1c88                	.insn	2, 0x1c88
800061f8:	8ad5                	.insn	2, 0x8ad5
800061fa:	e5b747a7          	.insn	4, 0xe5b747a7
800061fe:	b7293b13          	sltiu	s6,s2,-1166
80006202:	745e                	.insn	2, 0x745e
80006204:	1ef490c3          	.insn	4, 0x1ef490c3
80006208:	f658                	.insn	2, 0xf658
8000620a:	635d                	.insn	2, 0x635d
8000620c:	2deb91bf 20b378d4 	.insn	8, 0x20b378d42deb91bf
80006214:	2a8f6b6f          	jal	s6,800fc4bc <_tbss_end+0xf2538>
80006218:	e759                	.insn	2, 0xe759
8000621a:	ceb263c7          	.insn	4, 0xceb263c7
8000621e:	57b6                	.insn	2, 0x57b6
80006220:	e800                	.insn	2, 0xe800
80006222:	4cb5                	.insn	2, 0x4cb5
80006224:	3d98                	.insn	2, 0x3d98
80006226:	5ed1                	.insn	2, 0x5ed1
80006228:	6746                	.insn	2, 0x6746
8000622a:	1268                	.insn	2, 0x1268
8000622c:	9561                	.insn	2, 0x9561
8000622e:	392e                	.insn	2, 0x392e
80006230:	e231                	.insn	2, 0xe231
80006232:	0456                	.insn	2, 0x0456
80006234:	dfd0                	.insn	2, 0xdfd0
80006236:	27f8                	.insn	2, 0x27f8
80006238:	2d4e                	.insn	2, 0x2d4e
8000623a:	3635100b          	.insn	4, 0x3635100b
8000623e:	5f46                	.insn	2, 0x5f46
80006240:	23fa                	.insn	2, 0x23fa
80006242:	789c                	.insn	2, 0x789c
80006244:	47c5                	.insn	2, 0x47c5
80006246:	33eb476b          	.insn	4, 0x33eb476b
8000624a:	779e                	.insn	2, 0x779e
8000624c:	00fc                	.insn	2, 0x00fc
8000624e:	3d62                	.insn	2, 0x3d62
80006250:	02a2                	.insn	2, 0x02a2
80006252:	6676                	.insn	2, 0x6676
80006254:	476bead3          	.insn	4, 0x476bead3
80006258:	46dadd13          	.insn	4, 0x46dadd13
8000625c:	66c4                	.insn	2, 0x66c4
8000625e:	7691                	.insn	2, 0x7691
80006260:	e555                	.insn	2, 0xe555
80006262:	3748                	.insn	2, 0x3748
80006264:	77b2                	.insn	2, 0x77b2
80006266:	eef76607          	.insn	4, 0xeef76607
8000626a:	5324                	.insn	2, 0x5324
8000626c:	17e0                	.insn	2, 0x17e0
8000626e:	2dd6                	.insn	2, 0x2dd6
80006270:	7a02d7ff 722b3950 	.insn	20, 0x028131ca5557c00724e05376722b39507a02d7ff
80006278:	24e05376 5557c007 
80006280:	028131ca 
80006284:	94ba                	.insn	2, 0x94ba
80006286:	41f6                	.insn	2, 0x41f6
80006288:	2422                	.insn	2, 0x2422
8000628a:	229c0663          	beq	s8,s1,800064b6 <input_data+0x5be>
8000628e:	477c                	.insn	2, 0x477c
80006290:	0b0fe933          	.insn	4, 0x0b0fe933
80006294:	6f793433          	.insn	4, 0x6f793433
80006298:	2cec                	.insn	2, 0x2cec
8000629a:	0c38                	.insn	2, 0x0c38
8000629c:	7909                	.insn	2, 0x7909
8000629e:	6d55                	.insn	2, 0x6d55
800062a0:	cfc9                	.insn	2, 0xcfc9
800062a2:	9167388b          	.insn	4, 0x9167388b
800062a6:	af6d3867          	.insn	4, 0xaf6d3867
800062aa:	4b3e                	.insn	2, 0x4b3e
800062ac:	1545                	.insn	2, 0x1545
800062ae:	07d5                	.insn	2, 0x07d5
800062b0:	8f85                	.insn	2, 0x8f85
800062b2:	4eca                	.insn	2, 0x4eca
800062b4:	b0b9                	.insn	2, 0xb0b9
800062b6:	56f8                	.insn	2, 0x56f8
800062b8:	d0d4                	.insn	2, 0xd0d4
800062ba:	30f6                	.insn	2, 0x30f6
800062bc:	6a74                	.insn	2, 0x6a74
800062be:	32ce                	.insn	2, 0x32ce
800062c0:	e3c1                	.insn	2, 0xe3c1
800062c2:	23fe                	.insn	2, 0x23fe
800062c4:	ffb9                	.insn	2, 0xffb9
800062c6:	013a                	.insn	2, 0x013a
800062c8:	6796bc67          	.insn	4, 0x6796bc67
800062cc:	bdad                	.insn	2, 0xbdad
800062ce:	0236                	.insn	2, 0x0236
800062d0:	27d6                	.insn	2, 0x27d6
800062d2:	7c7d                	.insn	2, 0x7c7d
800062d4:	68b2                	.insn	2, 0x68b2
800062d6:	24b915db          	.insn	4, 0x24b915db
800062da:	e0d668fb          	.insn	4, 0xe0d668fb
800062de:	f557254f          	.insn	4, 0xf557254f
800062e2:	cd5f2c2b          	.insn	4, 0xcd5f2c2b
800062e6:	30b8                	.insn	2, 0x30b8
800062e8:	6d68                	.insn	2, 0x6d68
800062ea:	39c6                	.insn	2, 0x39c6
800062ec:	44b079ab          	.insn	4, 0x44b079ab
800062f0:	2be4                	.insn	2, 0x2be4
800062f2:	41ae                	.insn	2, 0x41ae
800062f4:	3abd                	.insn	2, 0x3abd
800062f6:	678e17cf          	.insn	4, 0x678e17cf
800062fa:	7bac                	.insn	2, 0x7bac
800062fc:	76de                	.insn	2, 0x76de
800062fe:	7582                	.insn	2, 0x7582
80006300:	2c8f5cab          	.insn	4, 0x2c8f5cab
80006304:	452947fb          	.insn	4, 0x452947fb
80006308:	2ace                	.insn	2, 0x2ace
8000630a:	679d                	.insn	2, 0x679d
8000630c:	7558                	.insn	2, 0x7558
8000630e:	7df8                	.insn	2, 0x7df8
80006310:	3381                	.insn	2, 0x3381
80006312:	7111                	.insn	2, 0x7111
80006314:	328d                	.insn	2, 0x328d
80006316:	34f371bb          	.insn	4, 0x34f371bb
8000631a:	44e0                	.insn	2, 0x44e0
8000631c:	f79f 0704 1798      	.insn	6, 0x17980704f79f
80006322:	7948                	.insn	2, 0x7948
80006324:	6961                	.insn	2, 0x6961
80006326:	4e72                	.insn	2, 0x4e72
80006328:	9a45                	.insn	2, 0x9a45
8000632a:	59d9                	.insn	2, 0x59d9
8000632c:	79ea714f          	.insn	4, 0x79ea714f
80006330:	ddde                	.insn	2, 0xddde
80006332:	2d9e                	.insn	2, 0x2d9e
80006334:	592a                	.insn	2, 0x592a
80006336:	3d7d                	.insn	2, 0x3d7d
80006338:	b06d                	.insn	2, 0xb06d
8000633a:	48c5                	.insn	2, 0x48c5
8000633c:	136948cb          	.insn	4, 0x136948cb
80006340:	06f2                	.insn	2, 0x06f2
80006342:	723d                	.insn	2, 0x723d
80006344:	6bd8                	.insn	2, 0x6bd8
80006346:	00fa                	.insn	2, 0x00fa
80006348:	3e02                	.insn	2, 0x3e02
8000634a:	02d4                	.insn	2, 0x02d4
8000634c:	10ed                	.insn	2, 0x10ed
8000634e:	5241                	.insn	2, 0x5241
80006350:	a2c4                	.insn	2, 0xa2c4
80006352:	48c8                	.insn	2, 0x48c8
80006354:	4d28                	.insn	2, 0x4d28
80006356:	2afa                	.insn	2, 0x2afa
80006358:	5552d8af          	.insn	4, 0x5552d8af
8000635c:	5cf8                	.insn	2, 0x5cf8
8000635e:	5d8c                	.insn	2, 0x5d8c
80006360:	93c9                	.insn	2, 0x93c9
80006362:	3634                	.insn	2, 0x3634
80006364:	0c30a657          	.insn	4, 0x0c30a657
80006368:	37a6bc03          	.insn	4, 0x37a6bc03
8000636c:	5d52b08f          	.insn	4, 0x5d52b08f
80006370:	145d8bd7          	.insn	4, 0x145d8bd7
80006374:	a2f2                	.insn	2, 0xa2f2
80006376:	02d623ef          	jal	t2,80068ba2 <_tbss_end+0x5ec1e>
8000637a:	0051                	.insn	2, 0x0051
8000637c:	2dde                	.insn	2, 0x2dde
8000637e:	32a2                	.insn	2, 0x32a2
80006380:	0ac3bca3          	.insn	4, 0x0ac3bca3
80006384:	b0c8                	.insn	2, 0xb0c8
80006386:	583d                	.insn	2, 0x583d
80006388:	1fbccd53          	.insn	4, 0x1fbccd53
8000638c:	74bac3d7          	.insn	4, 0x74bac3d7
80006390:	d5d4                	.insn	2, 0xd5d4
80006392:	0654                	.insn	2, 0x0654
80006394:	0d01                	.insn	2, 0x0d01
80006396:	3d1a                	.insn	2, 0x3d1a
80006398:	7da5                	.insn	2, 0x7da5
8000639a:	37c5                	.insn	2, 0x37c5
8000639c:	686ebe97          	auipc	t4,0x686eb
800063a0:	8ac2                	.insn	2, 0x8ac2
800063a2:	6599                	.insn	2, 0x6599
800063a4:	d049                	.insn	2, 0xd049
800063a6:	d5415d7b          	.insn	4, 0xd5415d7b
800063aa:	bbe76f5b          	.insn	4, 0xbbe76f5b
800063ae:	21f8                	.insn	2, 0x21f8
800063b0:	79d1                	.insn	2, 0x79d1
800063b2:	4c253e53          	.insn	4, 0x4c253e53
800063b6:	1060                	.insn	2, 0x1060
800063b8:	5cce                	.insn	2, 0x5cce
800063ba:	25de3513          	sltiu	a0,t3,605
800063be:	1e45                	.insn	2, 0x1e45
800063c0:	ef64                	.insn	2, 0xef64
800063c2:	ab662f4b          	.insn	4, 0xab662f4b
800063c6:	1b78                	.insn	2, 0x1b78
800063c8:	20ae                	.insn	2, 0x20ae
800063ca:	464e                	.insn	2, 0x464e
800063cc:	172d75a3          	.insn	4, 0x172d75a3
800063d0:	9e80                	.insn	2, 0x9e80
800063d2:	4261                	.insn	2, 0x4261
800063d4:	00d3e7bb          	.insn	4, 0x00d3e7bb
800063d8:	6c2a                	.insn	2, 0x6c2a
800063da:	a05071d3          	.insn	4, 0xa05071d3
800063de:	4085                	.insn	2, 0x4085
800063e0:	08ff 576b 465f 4c61 	.insn	10, 0xcd3e4c61465f576b08ff
800063e8:	cd3e 
800063ea:	247e                	.insn	2, 0x247e
800063ec:	2ff2                	.insn	2, 0x2ff2
800063ee:	1640                	.insn	2, 0x1640
800063f0:	f16e                	.insn	2, 0xf16e
800063f2:	21e4                	.insn	2, 0x21e4
800063f4:	5278adf3          	csrrs	s11,0x527,a7
800063f8:	4afd                	.insn	2, 0x4afd
800063fa:	aaad3fff d0832c73 	.insn	16, 0x58a24cd94768253fd0832c73aaad3fff
80006402:	4768253f 58a24cd9 
8000640a:	09fd72f3          	csrrci	t0,0x9f,26
8000640e:	08d4                	.insn	2, 0x08d4
80006410:	e83e                	.insn	2, 0xe83e
80006412:	1b94                	.insn	2, 0x1b94
80006414:	6ce3fc13          	andi	s8,t2,1742
80006418:	af35                	.insn	2, 0xaf35
8000641a:	5dac                	.insn	2, 0x5dac
8000641c:	2416                	.insn	2, 0x2416
8000641e:	545d                	.insn	2, 0x545d
80006420:	2e9a                	.insn	2, 0x2e9a
80006422:	82e3583b          	.insn	4, 0x82e3583b
80006426:	4f5e                	.insn	2, 0x4f5e
80006428:	202fd7d7          	.insn	4, 0x202fd7d7
8000642c:	096e                	.insn	2, 0x096e
8000642e:	e9f00f97          	auipc	t6,0xe9f00
80006432:	64bd                	.insn	2, 0x64bd
80006434:	10e4ceaf          	.insn	4, 0x10e4ceaf
80006438:	d0aa                	.insn	2, 0xd0aa
8000643a:	4735                	.insn	2, 0x4735
8000643c:	7850                	.insn	2, 0x7850
8000643e:	78e96a2b          	.insn	4, 0x78e96a2b
80006442:	26ba                	.insn	2, 0x26ba
80006444:	5579cfa7          	.insn	4, 0x5579cfa7
80006448:	d65f 43b2 a8b1      	.insn	6, 0xa8b143b2d65f
8000644e:	601e3793          	sltiu	a5,t3,1537
80006452:	45c8                	.insn	2, 0x45c8
80006454:	99ec                	.insn	2, 0x99ec
80006456:	3e85                	.insn	2, 0x3e85
80006458:	fc5d                	.insn	2, 0xfc5d
8000645a:	d200294b          	.insn	4, 0xd200294b
8000645e:	574d6097          	auipc	ra,0x574d6
80006462:	7966                	.insn	2, 0x7966
80006464:	233d                	.insn	2, 0x233d
80006466:	101e                	.insn	2, 0x101e
80006468:	24d5dd8b          	.insn	4, 0x24d5dd8b
8000646c:	ed35                	.insn	2, 0xed35
8000646e:	504d                	.insn	2, 0x504d
80006470:	b03a                	.insn	2, 0xb03a
80006472:	6998                	.insn	2, 0x6998
80006474:	01d8e9c7          	.insn	4, 0x01d8e9c7
80006478:	4fba                	.insn	2, 0x4fba
8000647a:	2711                	.insn	2, 0x2711
8000647c:	54ee                	.insn	2, 0x54ee
8000647e:	1121015b          	.insn	4, 0x1121015b
80006482:	6511                	.insn	2, 0x6511
80006484:	f61d                	.insn	2, 0xf61d
80006486:	33b6                	.insn	2, 0x33b6
80006488:	a3b2                	.insn	2, 0xa3b2
8000648a:	05ac5dff 1cd30d95 	.insn	20, 0x60412ef69bd85a21ca467afd1cd30d9505ac5dff
80006492:	ca467afd 9bd85a21 
8000649a:	60412ef6 
8000649e:	68d4                	.insn	2, 0x68d4
800064a0:	4274                	.insn	2, 0x4274
800064a2:	5c99                	.insn	2, 0x5c99
800064a4:	7b86eff3          	csrrsi	t6,0x7b8,13
800064a8:	e378                	.insn	2, 0xe378
800064aa:	25b4                	.insn	2, 0x25b4
800064ac:	34127047          	.insn	4, 0x34127047
800064b0:	8ed0                	.insn	2, 0x8ed0
800064b2:	7cfe                	.insn	2, 0x7cfe
800064b4:	7008f7cb          	.insn	4, 0x7008f7cb
800064b8:	70b5                	.insn	2, 0x70b5
800064ba:	53ba                	.insn	2, 0x53ba
800064bc:	6db9d8c7          	.insn	4, 0x6db9d8c7
800064c0:	f955                	.insn	2, 0xf955
800064c2:	5ff5                	.insn	2, 0x5ff5
800064c4:	dbe0                	.insn	2, 0xdbe0
800064c6:	db0a0b17          	auipc	s6,0xdb0a0
800064ca:	0bb4                	.insn	2, 0x0bb4
800064cc:	a8fc                	.insn	2, 0xa8fc
800064ce:	46b207bf d7423089 	.insn	8, 0xd742308946b207bf
800064d6:	507c54af          	.insn	4, 0x507c54af
800064da:	0d86                	.insn	2, 0x0d86
800064dc:	7b2e                	.insn	2, 0x7b2e
800064de:	5595                	.insn	2, 0x5595
800064e0:	3b0a                	.insn	2, 0x3b0a
800064e2:	0d31                	.insn	2, 0x0d31
800064e4:	e4b2                	.insn	2, 0xe4b2
800064e6:	139c                	.insn	2, 0x139c
800064e8:	735e                	.insn	2, 0x735e
800064ea:	30ee                	.insn	2, 0x30ee
800064ec:	0f8b5fbf 538275d3 	.insn	8, 0x538275d30f8b5fbf
800064f4:	366e                	.insn	2, 0x366e
800064f6:	0c92                	.insn	2, 0x0c92
800064f8:	0ac0                	.insn	2, 0x0ac0
800064fa:	364469c7          	.insn	4, 0x364469c7
800064fe:	34de                	.insn	2, 0x34de
80006500:	f150                	.insn	2, 0xf150
80006502:	6bb5                	.insn	2, 0x6bb5
80006504:	1e48192b          	.insn	4, 0x1e48192b
80006508:	0f76                	.insn	2, 0x0f76
8000650a:	36cb2dbb          	.insn	4, 0x36cb2dbb
8000650e:	bfaa0197          	auipc	gp,0xbfaa0
80006512:	d42012ff 3fc03647 	.insn	12, 0x8d3a06fd3fc03647d42012ff
8000651a:	8d3a06fd 
8000651e:	3fa67bab          	.insn	4, 0x3fa67bab
80006522:	11f6                	.insn	2, 0x11f6
80006524:	1bb4383f 7a6c039a 	.insn	8, 0x7a6c039a1bb4383f
8000652c:	08d9                	.insn	2, 0x08d9
8000652e:	a3054f97          	auipc	t6,0xa3054
80006532:	2bf5                	.insn	2, 0x2bf5
80006534:	2e56b07f 44630ba3 	.insn	16, 0x610f407d761b01e644630ba32e56b07f
8000653c:	761b01e6 610f407d 
80006544:	c554                	.insn	2, 0xc554
80006546:	b4a35ba3          	.insn	4, 0xb4a35ba3
8000654a:	b76642d7          	.insn	4, 0xb76642d7
8000654e:	52fa                	.insn	2, 0x52fa
80006550:	6b51cb4f          	.insn	4, 0x6b51cb4f
80006554:	2540                	.insn	2, 0x2540
80006556:	d9bb2667          	.insn	4, 0xd9bb2667
8000655a:	86fc4be3          	blt	s8,a5,80005dd0 <verify_data+0x1ed8>
8000655e:	71a0                	.insn	2, 0x71a0
80006560:	2a85                	.insn	2, 0x2a85
80006562:	648301af          	.insn	4, 0x648301af
80006566:	5776                	.insn	2, 0x5776
80006568:	5f2d                	.insn	2, 0x5f2d
8000656a:	80f21633          	.insn	4, 0x80f21633
8000656e:	49ca04ab          	.insn	4, 0x49ca04ab
80006572:	0816                	.insn	2, 0x0816
80006574:	c5ee                	.insn	2, 0xc5ee
80006576:	3f4a                	.insn	2, 0x3f4a
80006578:	5fc4                	.insn	2, 0x5fc4
8000657a:	fa540f83          	lb	t6,-91(s0)
8000657e:	469a                	.insn	2, 0x469a
80006580:	dde6                	.insn	2, 0xdde6
80006582:	1122                	.insn	2, 0x1122
80006584:	7ed5                	.insn	2, 0x7ed5
80006586:	44d5                	.insn	2, 0x44d5
80006588:	86e0                	.insn	2, 0x86e0
8000658a:	6126                	.insn	2, 0x6126
8000658c:	7c45df3b          	.insn	4, 0x7c45df3b
80006590:	b6d4                	.insn	2, 0xb6d4
80006592:	2faa                	.insn	2, 0x2faa
80006594:	52670823          	sb	t1,1328(a4)
80006598:	c122                	.insn	2, 0xc122
8000659a:	79f0                	.insn	2, 0x79f0
8000659c:	37a5a727          	.insn	4, 0x37a5a727
800065a0:	d981                	.insn	2, 0xd981
800065a2:	2e88050f          	.insn	4, 0x2e88050f
800065a6:	3539                	.insn	2, 0x3539
800065a8:	0db2                	.insn	2, 0x0db2
800065aa:	10a5                	.insn	2, 0x10a5
800065ac:	ed86                	.insn	2, 0xed86
800065ae:	26d8                	.insn	2, 0x26d8
800065b0:	3b24                	.insn	2, 0x3b24
800065b2:	0e38                	.insn	2, 0x0e38
800065b4:	b3cd                	.insn	2, 0xb3cd
800065b6:	3834                	.insn	2, 0x3834
800065b8:	da28                	.insn	2, 0xda28
800065ba:	6ca2                	.insn	2, 0x6ca2
800065bc:	d051                	.insn	2, 0xd051
800065be:	98346e3f 734737ff 	.insn	8, 0x734737ff98346e3f
800065c6:	1a06                	.insn	2, 0x1a06
800065c8:	f31d                	.insn	2, 0xf31d
800065ca:	20bc                	.insn	2, 0x20bc
800065cc:	56d6                	.insn	2, 0x56d6
800065ce:	3d54                	.insn	2, 0x3d54
800065d0:	810a                	.insn	2, 0x810a
800065d2:	2285                	.insn	2, 0x2285
800065d4:	1b69                	.insn	2, 0x1b69
800065d6:	7ea5                	.insn	2, 0x7ea5
800065d8:	b34e                	.insn	2, 0xb34e
800065da:	347a                	.insn	2, 0x347a
800065dc:	4290                	.insn	2, 0x4290
800065de:	56155683          	lhu	a3,1377(a0)
800065e2:	5081                	.insn	2, 0x5081
800065e4:	ae74                	.insn	2, 0xae74
800065e6:	bb695c27          	.insn	4, 0xbb695c27
800065ea:	3324                	.insn	2, 0x3324
800065ec:	cc31                	.insn	2, 0xcc31
800065ee:	7eed                	.insn	2, 0x7eed
800065f0:	8db4                	.insn	2, 0x8db4
800065f2:	1c4b4667          	.insn	4, 0x1c4b4667
800065f6:	2b5e                	.insn	2, 0x2b5e
800065f8:	1c78                	.insn	2, 0x1c78
800065fa:	6089                	.insn	2, 0x6089
800065fc:	39c2eec3          	.insn	4, 0x39c2eec3
80006600:	48473db3          	.insn	4, 0x48473db3
80006604:	6762                	.insn	2, 0x6762
80006606:	5120                	.insn	2, 0x5120
80006608:	15f77ee7          	.insn	4, 0x15f77ee7
8000660c:	13e702e3          	beq	a4,t5,80006f30 <input_data+0x1038>
80006610:	8266                	.insn	2, 0x8266
80006612:	027c                	.insn	2, 0x027c
80006614:	e6d4                	.insn	2, 0xe6d4
80006616:	52dd                	.insn	2, 0x52dd
80006618:	5d347033          	.insn	4, 0x5d347033
8000661c:	3a0a8c2b          	.insn	4, 0x3a0a8c2b
80006620:	4043fd5b          	.insn	4, 0x4043fd5b
80006624:	36bd5793          	.insn	4, 0x36bd5793
80006628:	a131                	.insn	2, 0xa131
8000662a:	3ab263ab          	.insn	4, 0x3ab263ab
8000662e:	413d                	.insn	2, 0x413d
80006630:	058545bf 7eb78eb9 	.insn	8, 0x7eb78eb9058545bf
80006638:	7ef8                	.insn	2, 0x7ef8
8000663a:	42ad609b          	.insn	4, 0x42ad609b
8000663e:	3698                	.insn	2, 0x3698
80006640:	0a6dc44f          	.insn	4, 0x0a6dc44f
80006644:	befe                	.insn	2, 0xbefe
80006646:	01a1                	.insn	2, 0x01a1
80006648:	306d                	.insn	2, 0x306d
8000664a:	19f1                	.insn	2, 0x19f1
8000664c:	4c2e                	.insn	2, 0x4c2e
8000664e:	14f73deb          	.insn	4, 0x14f73deb
80006652:	63436d53          	.insn	4, 0x63436d53
80006656:	1239                	.insn	2, 0x1239
80006658:	a26a                	.insn	2, 0xa26a
8000665a:	13b2                	.insn	2, 0x13b2
8000665c:	5d0d                	.insn	2, 0x5d0d
8000665e:	2b89                	.insn	2, 0x2b89
80006660:	a80d                	.insn	2, 0xa80d
80006662:	004b616b          	.insn	4, 0x004b616b
80006666:	ec893213          	sltiu	tp,s2,-312
8000666a:	2dc4                	.insn	2, 0x2dc4
8000666c:	3ee4                	.insn	2, 0x3ee4
8000666e:	fd240687          	.insn	4, 0xfd240687
80006672:	78dd                	.insn	2, 0x78dd
80006674:	0f89                	.insn	2, 0x0f89
80006676:	15ee                	.insn	2, 0x15ee
80006678:	f891                	.insn	2, 0xf891
8000667a:	03337637          	lui	a2,0x3337
8000667e:	718f4d13          	xori	s10,t5,1816
80006682:	2a12                	.insn	2, 0x2a12
80006684:	8514                	.insn	2, 0x8514
80006686:	f67d0d83          	lb	s11,-153(s10)
8000668a:	3fa4                	.insn	2, 0x3fa4
8000668c:	67a4                	.insn	2, 0x67a4
8000668e:	7c24                	.insn	2, 0x7c24
80006690:	38b93c73          	csrrc	s8,0x38b,s2
80006694:	0f8982b7          	lui	t0,0xf898
80006698:	c726                	.insn	2, 0xc726
8000669a:	fc69423b          	.insn	4, 0xfc69423b
8000669e:	d28770bf ea255235 	.insn	8, 0xea255235d28770bf
800066a6:	0a7d                	.insn	2, 0x0a7d
800066a8:	278e                	.insn	2, 0x278e
800066aa:	2374                	.insn	2, 0x2374
800066ac:	0ec2                	.insn	2, 0x0ec2
800066ae:	8b6a6f83          	.insn	4, 0x8b6a6f83
800066b2:	64ba                	.insn	2, 0x64ba
800066b4:	a049                	.insn	2, 0xa049
800066b6:	4cf2                	.insn	2, 0x4cf2
800066b8:	06c9                	.insn	2, 0x06c9
800066ba:	0e9a                	.insn	2, 0x0e9a
800066bc:	4d4c799b          	.insn	4, 0x4d4c799b
800066c0:	02a0                	.insn	2, 0x02a0
800066c2:	73bb6bf3          	csrrsi	s7,mhpmevent27h,22
800066c6:	6fb1                	.insn	2, 0x6fb1
800066c8:	1086                	.insn	2, 0x1086
800066ca:	7439                	.insn	2, 0x7439
800066cc:	9e52                	.insn	2, 0x9e52
800066ce:	71b6                	.insn	2, 0x71b6
800066d0:	23494e2b          	.insn	4, 0x23494e2b
800066d4:	b850                	.insn	2, 0xb850
800066d6:	4e3a                	.insn	2, 0x4e3a
800066d8:	1641                	.insn	2, 0x1641
800066da:	1e62                	.insn	2, 0x1e62
800066dc:	e796                	.insn	2, 0xe796
800066de:	33d8                	.insn	2, 0x33d8
800066e0:	c4c2                	.insn	2, 0xc4c2
800066e2:	0439                	.insn	2, 0x0439
800066e4:	c9c9                	.insn	2, 0xc9c9
800066e6:	1e00                	.insn	2, 0x1e00
800066e8:	a0ff 6485 586b 5f8b 	.insn	14, 0xc7ab486aadb05f8b586b6485a0ff
800066f0:	adb0 486a c7ab 
800066f6:	95c44373          	.insn	4, 0x95c44373
800066fa:	2dc9                	.insn	2, 0x2dc9
800066fc:	c94a                	.insn	2, 0xc94a
800066fe:	234c                	.insn	2, 0x234c
80006700:	d44c                	.insn	2, 0xd44c
80006702:	66f8                	.insn	2, 0x66f8
80006704:	3893fc2f          	.insn	4, 0x3893fc2f
80006708:	68f47697          	auipc	a3,0x68f47
8000670c:	9565                	.insn	2, 0x9565
8000670e:	1d14                	.insn	2, 0x1d14
80006710:	9910                	.insn	2, 0x9910
80006712:	804f603f 6a306076 	.insn	8, 0x6a306076804f603f
8000671a:	9a0723e7          	.insn	4, 0x9a0723e7
8000671e:	78e2                	.insn	2, 0x78e2
80006720:	ba5a                	.insn	2, 0xba5a
80006722:	0af2                	.insn	2, 0x0af2
80006724:	cf00                	.insn	2, 0xcf00
80006726:	5d0e                	.insn	2, 0x5d0e
80006728:	3ac8d43b          	.insn	4, 0x3ac8d43b
8000672c:	8a1a                	.insn	2, 0x8a1a
8000672e:	5aec                	.insn	2, 0x5aec
80006730:	3a49aebb          	.insn	4, 0x3a49aebb
80006734:	1980                	.insn	2, 0x1980
80006736:	19c9                	.insn	2, 0x19c9
80006738:	5b13e84b          	.insn	4, 0x5b13e84b
8000673c:	06f5b7c3          	.insn	4, 0x06f5b7c3
80006740:	0afe                	.insn	2, 0x0afe
80006742:	3ae0                	.insn	2, 0x3ae0
80006744:	4ec4                	.insn	2, 0x4ec4
80006746:	612c                	.insn	2, 0x612c
80006748:	415f 055e 9628      	.insn	6, 0x9628055e415f
8000674e:	06ce                	.insn	2, 0x06ce
80006750:	0db8                	.insn	2, 0x0db8
80006752:	206c                	.insn	2, 0x206c
80006754:	e815                	.insn	2, 0xe815
80006756:	280932f7          	.insn	4, 0x280932f7
8000675a:	5552306b          	.insn	4, 0x5552306b
8000675e:	0a87054b          	.insn	4, 0x0a87054b
80006762:	4124                	.insn	2, 0x4124
80006764:	acb4                	.insn	2, 0xacb4
80006766:	1220                	.insn	2, 0x1220
80006768:	d140                	.insn	2, 0xd140
8000676a:	59b4                	.insn	2, 0x59b4
8000676c:	1a2c                	.insn	2, 0x1a2c
8000676e:	3555                	.insn	2, 0x3555
80006770:	6e3d0eeb          	.insn	4, 0x6e3d0eeb
80006774:	beb6                	.insn	2, 0xbeb6
80006776:	5fd0                	.insn	2, 0x5fd0
80006778:	7fc4                	.insn	2, 0x7fc4
8000677a:	3d8e                	.insn	2, 0x3d8e
8000677c:	1c2f74ab          	.insn	4, 0x1c2f74ab
80006780:	babe                	.insn	2, 0xbabe
80006782:	5ef8                	.insn	2, 0x5ef8
80006784:	3d4262f7          	.insn	4, 0x3d4262f7
80006788:	1229                	.insn	2, 0x1229
8000678a:	d6074007          	.insn	4, 0xd6074007
8000678e:	e65262c3          	.insn	4, 0xe65262c3
80006792:	5add                	.insn	2, 0x5add
80006794:	1621                	.insn	2, 0x1621
80006796:	1712                	.insn	2, 0x1712
80006798:	06622783          	lw	a5,102(tp) # bc989e66 <_tbss_end+0x3c97fee2>
8000679c:	e928                	.insn	2, 0xe928
8000679e:	3dde                	.insn	2, 0x3dde
800067a0:	5026                	.insn	2, 0x5026
800067a2:	a0ea2f97          	auipc	t6,0xa0ea2
800067a6:	a4ac589b          	.insn	4, 0xa4ac589b
800067aa:	6ff6                	.insn	2, 0x6ff6
800067ac:	cf1d                	.insn	2, 0xcf1d
800067ae:	2c445ce7          	.insn	4, 0x2c445ce7
800067b2:	792d                	.insn	2, 0x792d
800067b4:	fd61                	.insn	2, 0xfd61
800067b6:	163e                	.insn	2, 0x163e
800067b8:	0434                	.insn	2, 0x0434
800067ba:	7f24                	.insn	2, 0x7f24
800067bc:	61c6                	.insn	2, 0x61c6
800067be:	0f3a17d7          	.insn	4, 0x0f3a17d7
800067c2:	4382                	.insn	2, 0x4382
800067c4:	ff5d                	.insn	2, 0xff5d
800067c6:	7524                	.insn	2, 0x7524
800067c8:	5c7c7ae7          	.insn	4, 0x5c7c7ae7
800067cc:	be92                	.insn	2, 0xbe92
800067ce:	0035                	.insn	2, 0x0035
800067d0:	37c94eb3          	.insn	4, 0x37c94eb3
800067d4:	d215                	.insn	2, 0xd215
800067d6:	7b68                	.insn	2, 0x7b68
800067d8:	9af5                	.insn	2, 0x9af5
800067da:	1dd8                	.insn	2, 0x1dd8
800067dc:	7b61                	.insn	2, 0x7b61
800067de:	1fc6                	.insn	2, 0x1fc6
800067e0:	91b1                	.insn	2, 0x91b1
800067e2:	3fb4                	.insn	2, 0x3fb4
800067e4:	7cce                	.insn	2, 0x7cce
800067e6:	3b8a                	.insn	2, 0x3b8a
800067e8:	5969bfbf 2e70078a 	.insn	8, 0x2e70078a5969bfbf
800067f0:	ea69                	.insn	2, 0xea69
800067f2:	c0af03f7          	.insn	4, 0xc0af03f7
800067f6:	42df 2c45 2cab      	.insn	6, 0x2cab2c4542df
800067fc:	daf9                	.insn	2, 0xdaf9
800067fe:	1df0                	.insn	2, 0x1df0
80006800:	201f73bb          	.insn	4, 0x201f73bb
80006804:	c1b1                	.insn	2, 0xc1b1
80006806:	66270f7b          	.insn	4, 0x66270f7b
8000680a:	2ce6                	.insn	2, 0x2ce6
8000680c:	3571                	.insn	2, 0x3571
8000680e:	053d                	.insn	2, 0x053d
80006810:	0c4c                	.insn	2, 0x0c4c
80006812:	0cb12027          	.insn	4, 0x0cb12027
80006816:	f75463db          	.insn	4, 0xf75463db
8000681a:	497d                	.insn	2, 0x497d
8000681c:	4ff0                	.insn	2, 0x4ff0
8000681e:	190a                	.insn	2, 0x190a
80006820:	6941                	.insn	2, 0x6941
80006822:	6474                	.insn	2, 0x6474
80006824:	14a8aca7          	.insn	4, 0x14a8aca7
80006828:	5ffa6057          	.insn	4, 0x5ffa6057
8000682c:	0230                	.insn	2, 0x0230
8000682e:	5f38                	.insn	2, 0x5f38
80006830:	405d5a9b          	.insn	4, 0x405d5a9b
80006834:	20f1                	.insn	2, 0x20f1
80006836:	384a                	.insn	2, 0x384a
80006838:	a53a                	.insn	2, 0xa53a
8000683a:	fe496987          	.insn	4, 0xfe496987
8000683e:	bb2a2d97          	auipc	s11,0xbb2a2
80006842:	26c969e7          	.insn	4, 0x26c969e7
80006846:	7f1633ab          	.insn	4, 0x7f1633ab
8000684a:	15ce                	.insn	2, 0x15ce
8000684c:	e474                	.insn	2, 0xe474
8000684e:	1221                	.insn	2, 0x1221
80006850:	2630                	.insn	2, 0x2630
80006852:	148e                	.insn	2, 0x148e
80006854:	67d5                	.insn	2, 0x67d5
80006856:	511f dc38 567a      	.insn	6, 0x567adc38511f
8000685c:	90ea                	.insn	2, 0x90ea
8000685e:	2515                	.insn	2, 0x2515
80006860:	042c2c93          	slti	s9,s8,66
80006864:	3fdd                	.insn	2, 0x3fdd
80006866:	f8f2643f 25ea19f1 	.insn	8, 0x25ea19f1f8f2643f
8000686e:	2901                	.insn	2, 0x2901
80006870:	63be                	.insn	2, 0x63be
80006872:	1266                	.insn	2, 0x1266
80006874:	eb98                	.insn	2, 0xeb98
80006876:	5185                	.insn	2, 0x5185
80006878:	6d54fafb          	.insn	4, 0x6d54fafb
8000687c:	73da                	.insn	2, 0x73da
8000687e:	0f36                	.insn	2, 0x0f36
80006880:	4814                	.insn	2, 0x4814
80006882:	0b8e                	.insn	2, 0x0b8e
80006884:	929f 6d4a 9983      	.insn	6, 0x99836d4a929f
8000688a:	3291                	.insn	2, 0x3291
8000688c:	8185                	.insn	2, 0x8185
8000688e:	8d110913          	addi	s2,sp,-1839 # 4f72f8d1 <buflen.1+0x4f72f891>
80006892:	be830dc7          	.insn	4, 0xbe830dc7
80006896:	6892                	.insn	2, 0x6892
80006898:	6d90fbd7          	.insn	4, 0x6d90fbd7
8000689c:	31bc1683          	lh	a3,795(s8) # 5380731b <buflen.1+0x538072db>
800068a0:	1500                	.insn	2, 0x1500
800068a2:	0db4                	.insn	2, 0x0db4
800068a4:	f0f9                	.insn	2, 0xf0f9
800068a6:	98ae7a53          	.insn	4, 0x98ae7a53
800068aa:	142d                	.insn	2, 0x142d
800068ac:	49b6                	.insn	2, 0x49b6
800068ae:	049e                	.insn	2, 0x049e
800068b0:	00c56a53          	.insn	4, 0x00c56a53
800068b4:	2b34                	.insn	2, 0x2b34
800068b6:	800e0223          	sb	zero,-2044(t3) # 2048a66 <buflen.1+0x2048a26>
800068ba:	35f0621b          	.insn	4, 0x35f0621b
800068be:	597a                	.insn	2, 0x597a
800068c0:	34a2                	.insn	2, 0x34a2
800068c2:	1a26                	.insn	2, 0x1a26
800068c4:	592c584b          	.insn	4, 0x592c584b
800068c8:	19de                	.insn	2, 0x19de
800068ca:	16b218fb          	.insn	4, 0x16b218fb
800068ce:	56c5                	.insn	2, 0x56c5
800068d0:	c342                	.insn	2, 0xc342
800068d2:	acda499b          	.insn	4, 0xacda499b
800068d6:	4cb8                	.insn	2, 0x4cb8
800068d8:	0309                	.insn	2, 0x0309
800068da:	1c05                	.insn	2, 0x1c05
800068dc:	71422f0f          	.insn	4, 0x71422f0f
800068e0:	6781                	.insn	2, 0x6781
800068e2:	2da44367          	.insn	4, 0x2da44367
800068e6:	69aa                	.insn	2, 0x69aa
800068e8:	16be534b          	.insn	4, 0x16be534b
800068ec:	5faffcaf          	.insn	4, 0x5faffcaf
800068f0:	f87d                	.insn	2, 0xf87d
800068f2:	1eb0                	.insn	2, 0x1eb0
800068f4:	af76                	.insn	2, 0xaf76
800068f6:	359a3b43          	.insn	4, 0x359a3b43
800068fa:	58f0598f          	.insn	4, 0x58f0598f
800068fe:	418e                	.insn	2, 0x418e
80006900:	7a9e                	.insn	2, 0x7a9e
80006902:	60ff c207 4477 5d34 	.insn	22, 0x36ee181a065a84b7386a4a275a8a5d344477c20760ff
8000690a:	5a8a 4a27 386a 84b7 
80006912:	065a 181a 36ee 
80006918:	8142                	.insn	2, 0x8142
8000691a:	0ad2                	.insn	2, 0x0ad2
8000691c:	6704                	.insn	2, 0x6704
8000691e:	5de6                	.insn	2, 0x5de6
80006920:	667e9cb3          	.insn	4, 0x667e9cb3
80006924:	5d161ea7          	.insn	4, 0x5d161ea7
80006928:	a925                	.insn	2, 0xa925
8000692a:	ce147273          	csrrci	tp,0xce1,8
8000692e:	5a02                	.insn	2, 0x5a02
80006930:	65ff 41b8 952d 4616 	.insn	22, 0x192a3f1e1b750b15d3602fd8b3664616952d41b865ff
80006938:	b366 2fd8 d360 0b15 
80006940:	1b75 3f1e 192a 
80006946:	6655                	.insn	2, 0x6655
80006948:	2134                	.insn	2, 0x2134
8000694a:	01e2                	.insn	2, 0x01e2
8000694c:	a632                	.insn	2, 0xa632
8000694e:	1b96                	.insn	2, 0x1b96
80006950:	6eff 4f9c b6a6 02cd 	.insn	22, 0xafe90d4388d1536d50f60aa9d09902cdb6a64f9c6eff
80006958:	d099 0aa9 50f6 536d 
80006960:	88d1 0d43 afe9 
80006966:	07a1                	.insn	2, 0x07a1
80006968:	ef3e                	.insn	2, 0xef3e
8000696a:	953f65cf          	.insn	4, 0x953f65cf
8000696e:	803b370f          	.insn	4, 0x803b370f
80006972:	7612                	.insn	2, 0x7612
80006974:	ce4c                	.insn	2, 0xce4c
80006976:	5445                	.insn	2, 0x5445
80006978:	52680fd7          	.insn	4, 0x52680fd7
8000697c:	45e2                	.insn	2, 0x45e2
8000697e:	0c68                	.insn	2, 0x0c68
80006980:	482e                	.insn	2, 0x482e
80006982:	ae2c70cb          	.insn	4, 0xae2c70cb
80006986:	ec2c7cab          	.insn	4, 0xec2c7cab
8000698a:	6ae1                	.insn	2, 0x6ae1
8000698c:	e13c                	.insn	2, 0xe13c
8000698e:	547e                	.insn	2, 0x547e
80006990:	a950                	.insn	2, 0xa950
80006992:	1ebe                	.insn	2, 0x1ebe
80006994:	7bc697fb          	.insn	4, 0x7bc697fb
80006998:	fdc5                	.insn	2, 0xfdc5
8000699a:	4d993b37          	lui	s6,0x4d993
8000699e:	83b2432f          	.insn	4, 0x83b2432f
800069a2:	0e9f 9873 0803      	.insn	6, 0x080398730e9f
800069a8:	b732                	.insn	2, 0xb732
800069aa:	47e6                	.insn	2, 0x47e6
800069ac:	b9ad                	.insn	2, 0xb9ad
800069ae:	501d                	.insn	2, 0x501d
800069b0:	3234                	.insn	2, 0x3234
800069b2:	43e6                	.insn	2, 0x43e6
800069b4:	a9e2                	.insn	2, 0xa9e2
800069b6:	26d5                	.insn	2, 0x26d5
800069b8:	c7f5                	.insn	2, 0xc7f5
800069ba:	0151                	.insn	2, 0x0151
800069bc:	c33a                	.insn	2, 0xc33a
800069be:	5b90                	.insn	2, 0x5b90
800069c0:	8976                	.insn	2, 0x8976
800069c2:	7fc0                	.insn	2, 0x7fc0
800069c4:	e0a8                	.insn	2, 0xe0a8
800069c6:	3471                	.insn	2, 0x3471
800069c8:	73e9750b          	.insn	4, 0x73e9750b
800069cc:	25d6                	.insn	2, 0x25d6
800069ce:	071c                	.insn	2, 0x071c
800069d0:	8c7a                	.insn	2, 0x8c7a
800069d2:	3198                	.insn	2, 0x3198
800069d4:	acbd                	.insn	2, 0xacbd
800069d6:	5d64                	.insn	2, 0x5d64
800069d8:	b01d                	.insn	2, 0xb01d
800069da:	3438                	.insn	2, 0x3438
800069dc:	53c2                	.insn	2, 0x53c2
800069de:	2728                	.insn	2, 0x2728
800069e0:	90d4                	.insn	2, 0x90d4
800069e2:	626c0d83          	lb	s11,1574(s8)
800069e6:	37e8                	.insn	2, 0x37e8
800069e8:	3740                	.insn	2, 0x3740
800069ea:	47a5                	.insn	2, 0x47a5
800069ec:	73877afb          	.insn	4, 0x73877afb
800069f0:	2c8c                	.insn	2, 0x2c8c
800069f2:	780d                	.insn	2, 0x780d
800069f4:	5c1f 4bf6 a764      	.insn	6, 0xa7644bf65c1f
800069fa:	41b5                	.insn	2, 0x41b5
800069fc:	9850                	.insn	2, 0x9850
800069fe:	588e                	.insn	2, 0x588e
80006a00:	e798                	.insn	2, 0xe798
80006a02:	346c                	.insn	2, 0x346c
80006a04:	660f2753          	.insn	4, 0x660f2753
80006a08:	0b60                	.insn	2, 0x0b60
80006a0a:	26c6                	.insn	2, 0x26c6
80006a0c:	5aa8                	.insn	2, 0x5aa8
80006a0e:	3fb1                	.insn	2, 0x3fb1
80006a10:	4af1                	.insn	2, 0x4af1
80006a12:	4eab19eb          	.insn	4, 0x4eab19eb
80006a16:	119716cb          	.insn	4, 0x119716cb
80006a1a:	36d2                	.insn	2, 0x36d2
80006a1c:	b865                	.insn	2, 0xb865
80006a1e:	7889                	.insn	2, 0x7889
80006a20:	4eaa874f          	.insn	4, 0x4eaa874f
80006a24:	731f 7f8d b247      	.insn	6, 0xb2477f8d731f
80006a2a:	2e04                	.insn	2, 0x2e04
80006a2c:	38e6                	.insn	2, 0x38e6
80006a2e:	3da0                	.insn	2, 0x3da0
80006a30:	8d86                	.insn	2, 0x8d86
80006a32:	42d0                	.insn	2, 0x42d0
80006a34:	8655                	.insn	2, 0x8655
80006a36:	b06e1447          	.insn	4, 0xb06e1447
80006a3a:	142657af          	.insn	4, 0x142657af
80006a3e:	6958                	.insn	2, 0x6958
80006a40:	127d                	.insn	2, 0x127d
80006a42:	02d4                	.insn	2, 0x02d4
80006a44:	1808                	.insn	2, 0x1808
80006a46:	4e50                	.insn	2, 0x4e50
80006a48:	ff59                	.insn	2, 0xff59
80006a4a:	17c9                	.insn	2, 0x17c9
80006a4c:	6a81                	.insn	2, 0x6a81
80006a4e:	5732                	.insn	2, 0x5732
80006a50:	280b98c7          	.insn	4, 0x280b98c7
80006a54:	c8a5                	.insn	2, 0xc8a5
80006a56:	01e1                	.insn	2, 0x01e1
80006a58:	b6ca                	.insn	2, 0xb6ca
80006a5a:	0dba                	.insn	2, 0x0dba
80006a5c:	f698                	.insn	2, 0xf698
80006a5e:	0e4d                	.insn	2, 0x0e4d
80006a60:	39df 2335 12f4      	.insn	6, 0x12f4233539df
80006a66:	662e                	.insn	2, 0x662e
80006a68:	dfc5                	.insn	2, 0xdfc5
80006a6a:	31a6                	.insn	2, 0x31a6
80006a6c:	bb4a                	.insn	2, 0xbb4a
80006a6e:	17bc                	.insn	2, 0x17bc
80006a70:	8905                	.insn	2, 0x8905
80006a72:	1f1f bef4 000d      	.insn	6, 0x000dbef41f1f
80006a78:	3e5303f7          	.insn	4, 0x3e5303f7
80006a7c:	4fe1                	.insn	2, 0x4fe1
80006a7e:	5c1f 89af 0d87      	.insn	6, 0x0d8789af5c1f
80006a84:	6fc0                	.insn	2, 0x6fc0
80006a86:	0c6c                	.insn	2, 0x0c6c
80006a88:	09c4                	.insn	2, 0x09c4
80006a8a:	598e                	.insn	2, 0x598e
80006a8c:	8c4e                	.insn	2, 0x8c4e
80006a8e:	600d                	.insn	2, 0x600d
80006a90:	53ad                	.insn	2, 0x53ad
80006a92:	7345                	.insn	2, 0x7345
80006a94:	5eb1deab          	.insn	4, 0x5eb1deab
80006a98:	62a986eb          	.insn	4, 0x62a986eb
80006a9c:	778c                	.insn	2, 0x778c
80006a9e:	684e                	.insn	2, 0x684e
80006aa0:	9ede                	.insn	2, 0x9ede
80006aa2:	52a0                	.insn	2, 0x52a0
80006aa4:	7574                	.insn	2, 0x7574
80006aa6:	37c2                	.insn	2, 0x37c2
80006aa8:	53d9                	.insn	2, 0x53d9
80006aaa:	0a5c                	.insn	2, 0x0a5c
80006aac:	7a22                	.insn	2, 0x7a22
80006aae:	29dd                	.insn	2, 0x29dd
80006ab0:	108a                	.insn	2, 0x108a
80006ab2:	14c0                	.insn	2, 0x14c0
80006ab4:	04da198b          	.insn	4, 0x04da198b
80006ab8:	342ec987          	.insn	4, 0x342ec987
80006abc:	f6c6                	.insn	2, 0xf6c6
80006abe:	0458                	.insn	2, 0x0458
80006ac0:	c459                	.insn	2, 0xc459
80006ac2:	7939                	.insn	2, 0x7939
80006ac4:	1a90                	.insn	2, 0x1a90
80006ac6:	4d9f b410 03dc      	.insn	6, 0x03dcb4104d9f
80006acc:	8b1a                	.insn	2, 0x8b1a
80006ace:	77d6                	.insn	2, 0x77d6
80006ad0:	2af9                	.insn	2, 0x2af9
80006ad2:	6279                	.insn	2, 0x6279
80006ad4:	55e0                	.insn	2, 0x55e0
80006ad6:	0378                	.insn	2, 0x0378
80006ad8:	a3d2                	.insn	2, 0xa3d2
80006ada:	5a9a6f8f          	.insn	4, 0x5a9a6f8f
80006ade:	f8480b5b          	.insn	4, 0xf8480b5b
80006ae2:	0e95                	.insn	2, 0x0e95
80006ae4:	c145                	.insn	2, 0xc145
80006ae6:	3890                	.insn	2, 0x3890
80006ae8:	e741                	.insn	2, 0xe741
80006aea:	1314                	.insn	2, 0x1314
80006aec:	e58d                	.insn	2, 0xe58d
80006aee:	2b7a                	.insn	2, 0x2b7a
80006af0:	7b38                	.insn	2, 0x7b38
80006af2:	07f9                	.insn	2, 0x07f9
80006af4:	aecc                	.insn	2, 0xaecc
80006af6:	17442c23          	sw	s4,376(s0)
80006afa:	12dd                	.insn	2, 0x12dd
80006afc:	0e38                	.insn	2, 0x0e38
80006afe:	4705                	.insn	2, 0x4705
80006b00:	6b6b5947          	.insn	4, 0x6b6b5947
80006b04:	3bb4                	.insn	2, 0x3bb4
80006b06:	2ed0                	.insn	2, 0x2ed0
80006b08:	6c47c04b          	.insn	4, 0x6c47c04b
80006b0c:	0e12                	.insn	2, 0x0e12
80006b0e:	7a54                	.insn	2, 0x7a54
80006b10:	3774479b          	.insn	4, 0x3774479b
80006b14:	7c82                	.insn	2, 0x7c82
80006b16:	51f651e7          	.insn	4, 0x51f651e7
80006b1a:	121c                	.insn	2, 0x121c
80006b1c:	3d32                	.insn	2, 0x3d32
80006b1e:	32d5                	.insn	2, 0x32d5
80006b20:	fbb4                	.insn	2, 0xfbb4
80006b22:	1b14                	.insn	2, 0x1b14
80006b24:	1831                	.insn	2, 0x1831
80006b26:	7f10                	.insn	2, 0x7f10
80006b28:	1f5a                	.insn	2, 0x1f5a
80006b2a:	68ba                	.insn	2, 0x68ba
80006b2c:	adc6                	.insn	2, 0xadc6
80006b2e:	2dd11ff3          	csrrw	t6,0x2dd,sp
80006b32:	6939                	.insn	2, 0x6939
80006b34:	2488                	.insn	2, 0x2488
80006b36:	d9f32b53          	.insn	4, 0xd9f32b53
80006b3a:	bdbc481b          	.insn	4, 0xbdbc481b
80006b3e:	6ab9                	.insn	2, 0x6ab9
80006b40:	26e2                	.insn	2, 0x26e2
80006b42:	2eb2                	.insn	2, 0x2eb2
80006b44:	7cd13583          	.insn	4, 0x7cd13583
80006b48:	9124                	.insn	2, 0x9124
80006b4a:	e0844ee7          	.insn	4, 0xe0844ee7
80006b4e:	326e                	.insn	2, 0x326e
80006b50:	f425                	.insn	2, 0xf425
80006b52:	3f81                	.insn	2, 0x3f81
80006b54:	221bb1f3          	csrrc	gp,0x221,s7
80006b58:	680ae06b          	.insn	4, 0x680ae06b
80006b5c:	02ec                	.insn	2, 0x02ec
80006b5e:	3c49                	.insn	2, 0x3c49
80006b60:	fa5f 7577 9f22      	.insn	6, 0x9f227577fa5f
80006b66:	2c9d                	.insn	2, 0x2c9d
80006b68:	14739627          	.insn	4, 0x14739627
80006b6c:	0b2a                	.insn	2, 0x0b2a
80006b6e:	2b1d                	.insn	2, 0x2b1d
80006b70:	42b9                	.insn	2, 0x42b9
80006b72:	3731                	.insn	2, 0x3731
80006b74:	35ae                	.insn	2, 0x35ae
80006b76:	35c0                	.insn	2, 0x35c0
80006b78:	bcfc                	.insn	2, 0xbcfc
80006b7a:	16f966ef          	jal	a3,8009d4e8 <_tbss_end+0x93564>
80006b7e:	1ff0                	.insn	2, 0x1ff0
80006b80:	7b35                	.insn	2, 0x7b35
80006b82:	171a                	.insn	2, 0x171a
80006b84:	1baab177          	.insn	4, 0x1baab177
80006b88:	91ea                	.insn	2, 0x91ea
80006b8a:	45c4                	.insn	2, 0x45c4
80006b8c:	39da                	.insn	2, 0x39da
80006b8e:	44cb4583          	lbu	a1,1100(s6) # 4d99344c <buflen.1+0x4d99340c>
80006b92:	eeb26bb7          	lui	s7,0xeeb26
80006b96:	73c1                	.insn	2, 0x73c1
80006b98:	3aba90eb          	.insn	4, 0x3aba90eb
80006b9c:	518d9d7b          	.insn	4, 0x518d9d7b
80006ba0:	0924                	.insn	2, 0x0924
80006ba2:	64d2                	.insn	2, 0x64d2
80006ba4:	861e                	.insn	2, 0x861e
80006ba6:	62415d83          	lhu	s11,1572(sp)
80006baa:	6fd5                	.insn	2, 0x6fd5
80006bac:	0635                	.insn	2, 0x0635
80006bae:	4a75                	.insn	2, 0x4a75
80006bb0:	31f2                	.insn	2, 0x31f2
80006bb2:	65f1                	.insn	2, 0x65f1
80006bb4:	69213a4f          	.insn	4, 0x69213a4f
80006bb8:	1266                	.insn	2, 0x1266
80006bba:	6751                	.insn	2, 0x6751
80006bbc:	ddb0                	.insn	2, 0xddb0
80006bbe:	5612                	.insn	2, 0x5612
80006bc0:	3bea                	.insn	2, 0x3bea
80006bc2:	6122                	.insn	2, 0x6122
80006bc4:	a826                	.insn	2, 0xa826
80006bc6:	7d7c                	.insn	2, 0x7d7c
80006bc8:	0d6a9e8b          	.insn	4, 0x0d6a9e8b
80006bcc:	05a2                	.insn	2, 0x05a2
80006bce:	3594                	.insn	2, 0x3594
80006bd0:	bf5f 3378 4c62      	.insn	6, 0x4c623378bf5f
80006bd6:	55f0                	.insn	2, 0x55f0
80006bd8:	7fc9                	.insn	2, 0x7fc9
80006bda:	2090                	.insn	2, 0x2090
80006bdc:	d4b4                	.insn	2, 0xd4b4
80006bde:	287c75e3          	bgeu	s8,t2,80007668 <input_data+0x1770>
80006be2:	104f7e27          	.insn	4, 0x104f7e27
80006be6:	48d2                	.insn	2, 0x48d2
80006be8:	7eec                	.insn	2, 0x7eec
80006bea:	1178                	.insn	2, 0x1178
80006bec:	bf85                	.insn	2, 0xbf85
80006bee:	5f76                	.insn	2, 0x5f76
80006bf0:	791e                	.insn	2, 0x791e
80006bf2:	5d78                	.insn	2, 0x5d78
80006bf4:	af9c                	.insn	2, 0xaf9c
80006bf6:	54ec                	.insn	2, 0x54ec
80006bf8:	bad6                	.insn	2, 0xbad6
80006bfa:	4ae2                	.insn	2, 0x4ae2
80006bfc:	4fc8                	.insn	2, 0x4fc8
80006bfe:	0e4c11cf          	.insn	4, 0x0e4c11cf
80006c02:	65ce                	.insn	2, 0x65ce
80006c04:	3170694b          	.insn	4, 0x3170694b
80006c08:	6b95                	.insn	2, 0x6b95
80006c0a:	3526                	.insn	2, 0x3526
80006c0c:	76e02b87          	.insn	4, 0x76e02b87
80006c10:	0354                	.insn	2, 0x0354
80006c12:	43ba                	.insn	2, 0x43ba
80006c14:	8dc1                	.insn	2, 0x8dc1
80006c16:	1630                	.insn	2, 0x1630
80006c18:	8bfd                	.insn	2, 0x8bfd
80006c1a:	0e8b5aa3          	.insn	4, 0x0e8b5aa3
80006c1e:	3a98                	.insn	2, 0x3a98
80006c20:	46fe6c83          	.insn	4, 0x46fe6c83
80006c24:	9bfd                	.insn	2, 0x9bfd
80006c26:	288a                	.insn	2, 0x288a
80006c28:	3401                	.insn	2, 0x3401
80006c2a:	307d                	.insn	2, 0x307d
80006c2c:	b7d5                	.insn	2, 0xb7d5
80006c2e:	1790                	.insn	2, 0x1790
80006c30:	4380                	.insn	2, 0x4380
80006c32:	bfe56243          	.insn	4, 0xbfe56243
80006c36:	3d2c                	.insn	2, 0x3d2c
80006c38:	0d94                	.insn	2, 0x0d94
80006c3a:	ed447d33          	.insn	4, 0xed447d33
80006c3e:	7f461927          	.insn	4, 0x7f461927
80006c42:	1e58                	.insn	2, 0x1e58
80006c44:	a3bc                	.insn	2, 0xa3bc
80006c46:	333c                	.insn	2, 0x333c
80006c48:	ee36                	.insn	2, 0xee36
80006c4a:	796c                	.insn	2, 0x796c
80006c4c:	d758                	.insn	2, 0xd758
80006c4e:	3559                	.insn	2, 0x3559
80006c50:	71bc                	.insn	2, 0x71bc
80006c52:	a6b01d77          	.insn	4, 0xa6b01d77
80006c56:	673c                	.insn	2, 0x673c
80006c58:	3f1e                	.insn	2, 0x3f1e
80006c5a:	1532                	.insn	2, 0x1532
80006c5c:	1715                	.insn	2, 0x1715
80006c5e:	7fa6                	.insn	2, 0x7fa6
80006c60:	24f2                	.insn	2, 0x24f2
80006c62:	40ce                	.insn	2, 0x40ce
80006c64:	aa91                	.insn	2, 0xaa91
80006c66:	229c                	.insn	2, 0x229c
80006c68:	0d777e03          	.insn	4, 0x0d777e03
80006c6c:	1801                	.insn	2, 0x1801
80006c6e:	5e3d                	.insn	2, 0x5e3d
80006c70:	11fa                	.insn	2, 0x11fa
80006c72:	5a51                	.insn	2, 0x5a51
80006c74:	5944ca9b          	.insn	4, 0x5944ca9b
80006c78:	c086                	.insn	2, 0xc086
80006c7a:	6606                	.insn	2, 0x6606
80006c7c:	4048                	.insn	2, 0x4048
80006c7e:	69c9                	.insn	2, 0x69c9
80006c80:	2b61                	.insn	2, 0x2b61
80006c82:	6d7411fb          	.insn	4, 0x6d7411fb
80006c86:	c43f43bb          	.insn	4, 0xc43f43bb
80006c8a:	26ec                	.insn	2, 0x26ec
80006c8c:	c100                	.insn	2, 0xc100
80006c8e:	067f d548 65e9 4431 	.insn	10, 0x4fed443165e9d548067f
80006c96:	4fed 
80006c98:	b562                	.insn	2, 0xb562
80006c9a:	5162                	.insn	2, 0x5162
80006c9c:	e886                	.insn	2, 0xe886
80006c9e:	44de                	.insn	2, 0x44de
80006ca0:	0524                	.insn	2, 0x0524
80006ca2:	47c2                	.insn	2, 0x47c2
80006ca4:	e892                	.insn	2, 0xe892
80006ca6:	0b34                	.insn	2, 0x0b34
80006ca8:	760e                	.insn	2, 0x760e
80006caa:	0f45                	.insn	2, 0x0f45
80006cac:	25bbf907          	.insn	4, 0x25bbf907
80006cb0:	0125630f          	.insn	4, 0x0125630f
80006cb4:	ec4e                	.insn	2, 0xec4e
80006cb6:	6f28                	.insn	2, 0x6f28
80006cb8:	d032                	.insn	2, 0xd032
80006cba:	442d                	.insn	2, 0x442d
80006cbc:	0e20a51b          	.insn	4, 0x0e20a51b
80006cc0:	e6c8                	.insn	2, 0xe6c8
80006cc2:	6851                	.insn	2, 0x6851
80006cc4:	4b8a                	.insn	2, 0x4b8a
80006cc6:	3312                	.insn	2, 0x3312
80006cc8:	9c1c                	.insn	2, 0x9c1c
80006cca:	04c9                	.insn	2, 0x04c9
80006ccc:	6418748b          	.insn	4, 0x6418748b
80006cd0:	0a4e                	.insn	2, 0x0a4e
80006cd2:	4af4                	.insn	2, 0x4af4
80006cd4:	52da5463          	bge	s4,a3,800071fc <input_data+0x1304>
80006cd8:	859f 5ecc 7333      	.insn	6, 0x73335ecc859f
80006cde:	3010                	.insn	2, 0x3010
80006ce0:	4c14                	.insn	2, 0x4c14
80006ce2:	35aa4f5b          	.insn	4, 0x35aa4f5b
80006ce6:	78de                	.insn	2, 0x78de
80006ce8:	b9e0                	.insn	2, 0xb9e0
80006cea:	ac02624f          	.insn	4, 0xac02624f
80006cee:	5ae172ef          	jal	t0,8001e29c <_tbss_end+0x14318>
80006cf2:	3d42                	.insn	2, 0x3d42
80006cf4:	4b8786af          	.insn	4, 0x4b8786af
80006cf8:	076267bf 05b51220 	.insn	8, 0x05b51220076267bf
80006d00:	e546                	.insn	2, 0xe546
80006d02:	3a367ad7          	.insn	4, 0x3a367ad7
80006d06:	24ec                	.insn	2, 0x24ec
80006d08:	9cdc                	.insn	2, 0x9cdc
80006d0a:	6481                	.insn	2, 0x6481
80006d0c:	9a26                	.insn	2, 0x9a26
80006d0e:	a6bd6c4f          	.insn	4, 0xa6bd6c4f
80006d12:	7e4a                	.insn	2, 0x7e4a
80006d14:	5f2d8e87          	.insn	4, 0x5f2d8e87
80006d18:	a94d                	.insn	2, 0xa94d
80006d1a:	6b4c                	.insn	2, 0x6b4c
80006d1c:	6591                	.insn	2, 0x6591
80006d1e:	ec5c0caf          	.insn	4, 0xec5c0caf
80006d22:	276a                	.insn	2, 0x276a
80006d24:	aca1                	.insn	2, 0xaca1
80006d26:	42f4                	.insn	2, 0x42f4
80006d28:	08b3d3db          	.insn	4, 0x08b3d3db
80006d2c:	0231                	.insn	2, 0x0231
80006d2e:	6b3238db          	.insn	4, 0x6b3238db
80006d32:	699d                	.insn	2, 0x699d
80006d34:	c88e                	.insn	2, 0xc88e
80006d36:	3764                	.insn	2, 0x3764
80006d38:	c8f2                	.insn	2, 0xc8f2
80006d3a:	7fb1                	.insn	2, 0x7fb1
80006d3c:	1541dfdb          	.insn	4, 0x1541dfdb
80006d40:	e246                	.insn	2, 0xe246
80006d42:	5ffe                	.insn	2, 0x5ffe
80006d44:	b4d1                	.insn	2, 0xb4d1
80006d46:	7745                	.insn	2, 0x7745
80006d48:	15fcce2f          	.insn	4, 0x15fcce2f
80006d4c:	3e1f 03b5 a229      	.insn	6, 0xa22903b53e1f
80006d52:	69d5                	.insn	2, 0x69d5
80006d54:	fafd                	.insn	2, 0xfafd
80006d56:	3b26                	.insn	2, 0x3b26
80006d58:	6481                	.insn	2, 0x6481
80006d5a:	f4324fa3          	.insn	4, 0xf4324fa3
80006d5e:	2982                	.insn	2, 0x2982
80006d60:	b436                	.insn	2, 0xb436
80006d62:	13e5                	.insn	2, 0x13e5
80006d64:	ab60                	.insn	2, 0xab60
80006d66:	22ea                	.insn	2, 0x22ea
80006d68:	a2f9                	.insn	2, 0xa2f9
80006d6a:	69d8                	.insn	2, 0x69d8
80006d6c:	94ee                	.insn	2, 0x94ee
80006d6e:	3041                	.insn	2, 0x3041
80006d70:	058dfb67          	.insn	4, 0x058dfb67
80006d74:	35dc                	.insn	2, 0x35dc
80006d76:	2ba8                	.insn	2, 0x2ba8
80006d78:	3434                	.insn	2, 0x3434
80006d7a:	90f058ef          	jal	a7,7ff0c688 <buflen.1+0x7ff0c648>
80006d7e:	48d27313          	andi	t1,tp,1165
80006d82:	0a60                	.insn	2, 0x0a60
80006d84:	bdd6                	.insn	2, 0xbdd6
80006d86:	144a                	.insn	2, 0x144a
80006d88:	8062                	.insn	2, 0x8062
80006d8a:	1e46                	.insn	2, 0x1e46
80006d8c:	18e0                	.insn	2, 0x18e0
80006d8e:	159f fdc5 5fcb      	.insn	6, 0x5fcbfdc5159f
80006d94:	7b46                	.insn	2, 0x7b46
80006d96:	2df238d3          	.insn	4, 0x2df238d3
80006d9a:	5f5c                	.insn	2, 0x5f5c
80006d9c:	a1ce                	.insn	2, 0xa1ce
80006d9e:	18d2                	.insn	2, 0x18d2
80006da0:	757d                	.insn	2, 0x757d
80006da2:	2212                	.insn	2, 0x2212
80006da4:	50dfdaef          	jal	s5,80104ab0 <_tbss_end+0xfab2c>
80006da8:	c2dc                	.insn	2, 0xc2dc
80006daa:	0fec                	.insn	2, 0x0fec
80006dac:	0db6                	.insn	2, 0x0db6
80006dae:	77ea                	.insn	2, 0x77ea
80006db0:	5db6107f 231c2fa9 	.insn	12, 0x78b0d08a231c2fa95db6107f
80006db8:	78b0d08a 
80006dbc:	9a25                	.insn	2, 0x9a25
80006dbe:	6426                	.insn	2, 0x6426
80006dc0:	5b94                	.insn	2, 0x5b94
80006dc2:	3688                	.insn	2, 0x3688
80006dc4:	e6da                	.insn	2, 0xe6da
80006dc6:	17c6                	.insn	2, 0x17c6
80006dc8:	b464                	.insn	2, 0xb464
80006dca:	2f70                	.insn	2, 0x2f70
80006dcc:	d6f6                	.insn	2, 0xd6f6
80006dce:	6c644f6b          	.insn	4, 0x6c644f6b
80006dd2:	2909                	.insn	2, 0x2909
80006dd4:	25755203          	lhu	tp,599(a0)
80006dd8:	227f96f7          	.insn	4, 0x227f96f7
80006ddc:	0736                	.insn	2, 0x0736
80006dde:	7796                	.insn	2, 0x7796
80006de0:	2dac                	.insn	2, 0x2dac
80006de2:	4592                	.insn	2, 0x4592
80006de4:	140a3777          	.insn	4, 0x140a3777
80006de8:	f3c1                	.insn	2, 0xf3c1
80006dea:	61ce                	.insn	2, 0x61ce
80006dec:	6e26                	.insn	2, 0x6e26
80006dee:	6a02                	.insn	2, 0x6a02
80006df0:	f51e                	.insn	2, 0xf51e
80006df2:	6064                	.insn	2, 0x6064
80006df4:	7c26                	.insn	2, 0x7c26
80006df6:	0b5f 939b 7556      	.insn	6, 0x7556939b0b5f
80006dfc:	2a5f 7e88 5cd7      	.insn	6, 0x5cd77e882a5f
80006e02:	589601db          	.insn	4, 0x589601db
80006e06:	83c450a7          	.insn	4, 0x83c450a7
80006e0a:	0021                	.insn	2, 0x0021
80006e0c:	5328610f          	.insn	4, 0x5328610f
80006e10:	fa75                	.insn	2, 0xfa75
80006e12:	741d                	.insn	2, 0x741d
80006e14:	aaf4                	.insn	2, 0xaaf4
80006e16:	041e                	.insn	2, 0x041e
80006e18:	3385                	.insn	2, 0x3385
80006e1a:	9b627f8f          	.insn	4, 0x9b627f8f
80006e1e:	0026                	.insn	2, 0x0026
80006e20:	2ddd                	.insn	2, 0x2ddd
80006e22:	67c2                	.insn	2, 0x67c2
80006e24:	183e                	.insn	2, 0x183e
80006e26:	5f71                	.insn	2, 0x5f71
80006e28:	8286                	.insn	2, 0x8286
80006e2a:	47e0                	.insn	2, 0x47e0
80006e2c:	57fc                	.insn	2, 0x57fc
80006e2e:	3326                	.insn	2, 0x3326
80006e30:	e188                	.insn	2, 0xe188
80006e32:	cea26ff3          	csrrsi	t6,0xcea,4
80006e36:	7548                	.insn	2, 0x7548
80006e38:	29ad                	.insn	2, 0x29ad
80006e3a:	f2a17c9b          	.insn	4, 0xf2a17c9b
80006e3e:	6578                	.insn	2, 0x6578
80006e40:	b685                	.insn	2, 0xb685
80006e42:	2514                	.insn	2, 0x2514
80006e44:	dae5                	.insn	2, 0xdae5
80006e46:	470e                	.insn	2, 0x470e
80006e48:	88ae                	.insn	2, 0x88ae
80006e4a:	414a                	.insn	2, 0x414a
80006e4c:	7e1723f7          	.insn	4, 0x7e1723f7
80006e50:	4797b60f          	.insn	4, 0x4797b60f
80006e54:	22f9                	.insn	2, 0x22f9
80006e56:	43fe                	.insn	2, 0x43fe
80006e58:	8234                	.insn	2, 0x8234
80006e5a:	7b647c4b          	.insn	4, 0x7b647c4b
80006e5e:	42cb4cf3          	.insn	4, 0x42cb4cf3
80006e62:	33f8                	.insn	2, 0x33f8
80006e64:	37b1                	.insn	2, 0x37b1
80006e66:	337a                	.insn	2, 0x337a
80006e68:	4a41b0ab          	.insn	4, 0x4a41b0ab
80006e6c:	5511                	.insn	2, 0x5511
80006e6e:	a39e5787          	.insn	4, 0xa39e5787
80006e72:	259c                	.insn	2, 0x259c
80006e74:	4f90                	.insn	2, 0x4f90
80006e76:	453c                	.insn	2, 0x453c
80006e78:	202edda7          	.insn	4, 0x202edda7
80006e7c:	ee10                	.insn	2, 0xee10
80006e7e:	73d1                	.insn	2, 0x73d1
80006e80:	2228                	.insn	2, 0x2228
80006e82:	6ce0                	.insn	2, 0x6ce0
80006e84:	dcbd                	.insn	2, 0xdcbd
80006e86:	45f50f7b          	.insn	4, 0x45f50f7b
80006e8a:	108a                	.insn	2, 0x108a
80006e8c:	5899                	.insn	2, 0x5899
80006e8e:	7f99                	.insn	2, 0x7f99
80006e90:	56e2                	.insn	2, 0x56e2
80006e92:	3a06                	.insn	2, 0x3a06
80006e94:	42dd5013          	srai	zero,s10,0x2d
80006e98:	5bc3d43b          	.insn	4, 0x5bc3d43b
80006e9c:	3271                	.insn	2, 0x3271
80006e9e:	dcd04fb7          	lui	t6,0xdcd04
80006ea2:	0b18                	.insn	2, 0x0b18
80006ea4:	bb55                	.insn	2, 0xbb55
80006ea6:	1cc8                	.insn	2, 0x1cc8
80006ea8:	1c4d                	.insn	2, 0x1c4d
80006eaa:	56f8                	.insn	2, 0x56f8
80006eac:	1f64                	.insn	2, 0x1f64
80006eae:	46e372b7          	lui	t0,0x46e37
80006eb2:	174a                	.insn	2, 0x174a
80006eb4:	247f 43f3 8110 1edc 	.insn	14, 0xd0ed692b29f11edc811043f3247f
80006ebc:	29f1 692b d0ed 
80006ec2:	2b0c                	.insn	2, 0x2b0c
80006ec4:	53807c37          	lui	s8,0x53807
80006ec8:	8f02                	.insn	2, 0x8f02
80006eca:	4c0565b7          	lui	a1,0x4c056
80006ece:	1cfa                	.insn	2, 0x1cfa
80006ed0:	e641                	.insn	2, 0xe641
80006ed2:	5238                	.insn	2, 0x5238
80006ed4:	0c514963          	blt	sp,t0,80006fa6 <input_data+0x10ae>
80006ed8:	0030356f          	jal	a0,8000a6da <_tbss_end+0x756>
80006edc:	81de                	.insn	2, 0x81de
80006ede:	37e721af          	.insn	4, 0x37e721af
80006ee2:	3bd32907          	.insn	4, 0x3bd32907
80006ee6:	48ee                	.insn	2, 0x48ee
80006ee8:	7e7f282b          	.insn	4, 0x7e7f282b
80006eec:	e911                	.insn	2, 0xe911
80006eee:	bc781e93          	.insn	4, 0xbc781e93
80006ef2:	f81f52e3          	bge	t5,ra,80006e76 <input_data+0xf7e>
80006ef6:	1034                	.insn	2, 0x1034
80006ef8:	540c                	.insn	2, 0x540c
80006efa:	60b8                	.insn	2, 0x60b8
80006efc:	4e448da7          	.insn	4, 0x4e448da7
80006f00:	939c                	.insn	2, 0x939c
80006f02:	7ada                	.insn	2, 0x7ada
80006f04:	8e8d                	.insn	2, 0x8e8d
80006f06:	188c                	.insn	2, 0x188c
80006f08:	efe9                	.insn	2, 0xefe9
80006f0a:	1a16                	.insn	2, 0x1a16
80006f0c:	1e9ca763          	.insn	4, 0x1e9ca763
80006f10:	671f 1235 2f27      	.insn	6, 0x2f271235671f
80006f16:	661d                	.insn	2, 0x661d
80006f18:	17155447          	.insn	4, 0x17155447
80006f1c:	291f 7157 83a9      	.insn	6, 0x83a97157291f
80006f22:	ccf5266f          	jal	a2,7ff59bf0 <buflen.1+0x7ff59bb0>
80006f26:	496d                	.insn	2, 0x496d
80006f28:	63a5                	.insn	2, 0x63a5
80006f2a:	1542                	.insn	2, 0x1542
80006f2c:	a455                	.insn	2, 0xa455
80006f2e:	0dd6                	.insn	2, 0x0dd6
80006f30:	8322                	.insn	2, 0x8322
80006f32:	6190                	.insn	2, 0x6190
80006f34:	8242                	.insn	2, 0x8242
80006f36:	ed641203          	lh	tp,-298(s0)
80006f3a:	7cd8                	.insn	2, 0x7cd8
80006f3c:	a2b8                	.insn	2, 0xa2b8
80006f3e:	6530                	.insn	2, 0x6530
80006f40:	02a1                	.insn	2, 0x02a1
80006f42:	52e1                	.insn	2, 0x52e1
80006f44:	a814                	.insn	2, 0xa814
80006f46:	6d49                	.insn	2, 0x6d49
80006f48:	1554                	.insn	2, 0x1554
80006f4a:	47ba                	.insn	2, 0x47ba
80006f4c:	b802                	.insn	2, 0xb802
80006f4e:	0309                	.insn	2, 0x0309
80006f50:	7e0c                	.insn	2, 0x7e0c
80006f52:	4f6a                	.insn	2, 0x4f6a
80006f54:	5a46b2c3          	.insn	4, 0x5a46b2c3
80006f58:	69d9                	.insn	2, 0x69d9
80006f5a:	3632                	.insn	2, 0x3632
80006f5c:	adc9                	.insn	2, 0xadc9
80006f5e:	7221                	.insn	2, 0x7221
80006f60:	0b52                	.insn	2, 0x0b52
80006f62:	05a3216b          	.insn	4, 0x05a3216b
80006f66:	3d91                	.insn	2, 0x3d91
80006f68:	4881f2b7          	lui	t0,0x4881f
80006f6c:	06c34b8b          	.insn	4, 0x06c34b8b
80006f70:	4f41                	.insn	2, 0x4f41
80006f72:	0fd74577          	.insn	4, 0x0fd74577
80006f76:	2fb8                	.insn	2, 0x2fb8
80006f78:	227f 3f1a 5cc9 19c1 	.insn	14, 0x24497f10a60519c15cc93f1a227f
80006f80:	a605 7f10 2449 
80006f86:	4609                	.insn	2, 0x4609
80006f88:	3495                	.insn	2, 0x3495
80006f8a:	5f89                	.insn	2, 0x5f89
80006f8c:	b74e                	.insn	2, 0xb74e
80006f8e:	3462                	.insn	2, 0x3462
80006f90:	1a9b193f 0f5c9eb7 	.insn	8, 0x0f5c9eb71a9b193f
80006f98:	21dc                	.insn	2, 0x21dc
80006f9a:	2fb9                	.insn	2, 0x2fb9
80006f9c:	2390                	.insn	2, 0x2390
80006f9e:	52b9                	.insn	2, 0x52b9
80006fa0:	5dbc                	.insn	2, 0x5dbc
80006fa2:	777e                	.insn	2, 0x777e
80006fa4:	07e4                	.insn	2, 0x07e4
80006fa6:	f6013b8f          	.insn	4, 0xf6013b8f
80006faa:	5520                	.insn	2, 0x5520
80006fac:	2930                	.insn	2, 0x2930
80006fae:	b2da0a7b          	.insn	4, 0xb2da0a7b
80006fb2:	0476                	.insn	2, 0x0476
80006fb4:	0af0                	.insn	2, 0x0af0
80006fb6:	ef612593          	slti	a1,sp,-266
80006fba:	4469                	.insn	2, 0x4469
80006fbc:	e19d                	.insn	2, 0xe19d
80006fbe:	06b6                	.insn	2, 0x06b6
80006fc0:	1d74                	.insn	2, 0x1d74
80006fc2:	3d4e                	.insn	2, 0x3d4e
80006fc4:	2dc1                	.insn	2, 0x2dc1
80006fc6:	70c4                	.insn	2, 0x70c4
80006fc8:	7398                	.insn	2, 0x7398
80006fca:	7476                	.insn	2, 0x7476
80006fcc:	12d4                	.insn	2, 0x12d4
80006fce:	1cb4                	.insn	2, 0x1cb4
80006fd0:	1886                	.insn	2, 0x1886
80006fd2:	1a04                	.insn	2, 0x1a04
80006fd4:	5ea0                	.insn	2, 0x5ea0
80006fd6:	82a85f6f          	jal	t5,7ff8c000 <buflen.1+0x7ff8bfc0>
80006fda:	f449044f          	.insn	4, 0xf449044f
80006fde:	5e3d                	.insn	2, 0x5e3d
80006fe0:	1b717563          	bgeu	sp,s7,8000718a <input_data+0x1292>
80006fe4:	88e1                	.insn	2, 0x88e1
80006fe6:	7185                	.insn	2, 0x7185
80006fe8:	f2c1                	.insn	2, 0xf2c1
80006fea:	2edd                	.insn	2, 0x2edd
80006fec:	1fe2                	.insn	2, 0x1fe2
80006fee:	1571                	.insn	2, 0x1571
80006ff0:	c58d                	.insn	2, 0xc58d
80006ff2:	82bc7257          	.insn	4, 0x82bc7257
80006ff6:	003d                	.insn	2, 0x003d
80006ff8:	5eb2                	.insn	2, 0x5eb2
80006ffa:	641f 5118 4430      	.insn	6, 0x44305118641f
80007000:	4838                	.insn	2, 0x4838
80007002:	c6375727          	.insn	4, 0xc6375727
80007006:	292d                	.insn	2, 0x292d
80007008:	50ec                	.insn	2, 0x50ec
8000700a:	b4405a5b          	.insn	4, 0xb4405a5b
8000700e:	15aa                	.insn	2, 0x15aa
80007010:	f556                	.insn	2, 0xf556
80007012:	8743583b          	.insn	4, 0x8743583b
80007016:	d5303e3b          	.insn	4, 0xd5303e3b
8000701a:	a7e9795b          	.insn	4, 0xa7e9795b
8000701e:	0d08                	.insn	2, 0x0d08
80007020:	e05e                	.insn	2, 0xe05e
80007022:	3181                	.insn	2, 0x3181
80007024:	d8e5                	.insn	2, 0xd8e5
80007026:	3ad616c3          	.insn	4, 0x3ad616c3
8000702a:	0675                	.insn	2, 0x0675
8000702c:	f25c                	.insn	2, 0xf25c
8000702e:	057f cc9f 0cfa b38c 	.insn	10, 0x5abcb38c0cfacc9f057f
80007036:	5abc 
80007038:	71b9                	.insn	2, 0x71b9
8000703a:	8d403cdb          	.insn	4, 0x8d403cdb
8000703e:	53de                	.insn	2, 0x53de
80007040:	33226d3b          	.insn	4, 0x33226d3b
80007044:	ce81                	.insn	2, 0xce81
80007046:	7556                	.insn	2, 0x7556
80007048:	0bc1                	.insn	2, 0x0bc1
8000704a:	5700                	.insn	2, 0x5700
8000704c:	495f 502b 6ac2      	.insn	6, 0x6ac2502b495f
80007052:	2a4c                	.insn	2, 0x2a4c
80007054:	5e7e                	.insn	2, 0x5e7e
80007056:	1f06                	.insn	2, 0x1f06
80007058:	8d0d                	.insn	2, 0x8d0d
8000705a:	7a1a                	.insn	2, 0x7a1a
8000705c:	ac82                	.insn	2, 0xac82
8000705e:	696d                	.insn	2, 0x696d
80007060:	3c6ee86b          	.insn	4, 0x3c6ee86b
80007064:	eb55                	.insn	2, 0xeb55
80007066:	54be65e7          	.insn	4, 0x54be65e7
8000706a:	3d2d                	.insn	2, 0x3d2d
8000706c:	8b7a                	.insn	2, 0x8b7a
8000706e:	5222                	.insn	2, 0x5222
80007070:	e2f0                	.insn	2, 0xe2f0
80007072:	5cfd                	.insn	2, 0x5cfd
80007074:	8ed1                	.insn	2, 0x8ed1
80007076:	085b2057          	.insn	4, 0x085b2057
8000707a:	5b74                	.insn	2, 0x5b74
8000707c:	0239                	.insn	2, 0x0239
8000707e:	1f79                	.insn	2, 0x1f79
80007080:	78276307          	.insn	4, 0x78276307
80007084:	13640e9b          	.insn	4, 0x13640e9b
80007088:	0be4                	.insn	2, 0x0be4
8000708a:	43cd                	.insn	2, 0x43cd
8000708c:	8c1c                	.insn	2, 0x8c1c
8000708e:	1d7a704b          	.insn	4, 0x1d7a704b
80007092:	6f86                	.insn	2, 0x6f86
80007094:	6351                	.insn	2, 0x6351
80007096:	2aac                	.insn	2, 0x2aac
80007098:	09fe3077          	.insn	4, 0x09fe3077
8000709c:	1e4c                	.insn	2, 0x1e4c
8000709e:	bae34d03          	lbu	s10,-1106(t1)
800070a2:	45df 5ebc 784d      	.insn	6, 0x784d5ebc45df
800070a8:	744d6397          	auipc	t2,0x744d6
800070ac:	463a                	.insn	2, 0x463a
800070ae:	634e                	.insn	2, 0x634e
800070b0:	a105                	.insn	2, 0xa105
800070b2:	6d5d                	.insn	2, 0x6d5d
800070b4:	32ee431b          	.insn	4, 0x32ee431b
800070b8:	c920                	.insn	2, 0xc920
800070ba:	1268                	.insn	2, 0x1268
800070bc:	6e48                	.insn	2, 0x6e48
800070be:	1df4                	.insn	2, 0x1df4
800070c0:	b7c8                	.insn	2, 0xb7c8
800070c2:	7d82                	.insn	2, 0x7d82
800070c4:	3d99                	.insn	2, 0x3d99
800070c6:	60d6                	.insn	2, 0x60d6
800070c8:	49c4                	.insn	2, 0x49c4
800070ca:	1ea6                	.insn	2, 0x1ea6
800070cc:	8a86                	.insn	2, 0x8a86
800070ce:	3a2d                	.insn	2, 0x3a2d
800070d0:	0d8e43d3          	.insn	4, 0x0d8e43d3
800070d4:	d5de                	.insn	2, 0xd5de
800070d6:	3661                	.insn	2, 0x3661
800070d8:	4040                	.insn	2, 0x4040
800070da:	2ed9                	.insn	2, 0x2ed9
800070dc:	8f99                	.insn	2, 0x8f99
800070de:	1ae8                	.insn	2, 0x1ae8
800070e0:	90c0                	.insn	2, 0x90c0
800070e2:	84c10ca3          	sb	a2,-1959(sp)
800070e6:	7b4e                	.insn	2, 0x7b4e
800070e8:	8f21                	.insn	2, 0x8f21
800070ea:	06fd                	.insn	2, 0x06fd
800070ec:	736f35b7          	lui	a1,0x736f3
800070f0:	c4ff 0c8f c41b 7643 	.insn	18, 0xd94853fba9d03862092d7643c41b0c8fc4ff
800070f8:	092d 3862 a9d0 53fb 
80007100:	d948 
80007102:	6202                	.insn	2, 0x6202
80007104:	43e409b7          	lui	s3,0x43e40
80007108:	2870b66f          	jal	a2,80012b8e <_tbss_end+0x8c0a>
8000710c:	4c3ceec7          	.insn	4, 0x4c3ceec7
80007110:	4dbe                	.insn	2, 0x4dbe
80007112:	2b26                	.insn	2, 0x2b26
80007114:	3f66                	.insn	2, 0x3f66
80007116:	0ba5                	.insn	2, 0x0ba5
80007118:	1fe2                	.insn	2, 0x1fe2
8000711a:	5952                	.insn	2, 0x5952
8000711c:	d0de                	.insn	2, 0xd0de
8000711e:	3b90                	.insn	2, 0x3b90
80007120:	d69d                	.insn	2, 0xd69d
80007122:	6a2e634b          	.insn	4, 0x6a2e634b
80007126:	6bb957d7          	.insn	4, 0x6bb957d7
8000712a:	5d11                	.insn	2, 0x5d11
8000712c:	6d30                	.insn	2, 0x6d30
8000712e:	0906                	.insn	2, 0x0906
80007130:	daa0                	.insn	2, 0xdaa0
80007132:	52a12997          	auipc	s3,0x52a12
80007136:	60b9                	.insn	2, 0x60b9
80007138:	b44a                	.insn	2, 0xb44a
8000713a:	2439                	.insn	2, 0x2439
8000713c:	6f58                	.insn	2, 0x6f58
8000713e:	042a                	.insn	2, 0x042a
80007140:	3cf2                	.insn	2, 0x3cf2
80007142:	204c44af          	.insn	4, 0x204c44af
80007146:	3f66                	.insn	2, 0x3f66
80007148:	a394                	.insn	2, 0xa394
8000714a:	4fc1                	.insn	2, 0x4fc1
8000714c:	472e                	.insn	2, 0x472e
8000714e:	034e                	.insn	2, 0x034e
80007150:	8cce                	.insn	2, 0x8cce
80007152:	4c2d                	.insn	2, 0x4c2d
80007154:	31e3fa47          	.insn	4, 0x31e3fa47
80007158:	7220fd73          	csrrci	s10,minstretcfgh,1
8000715c:	b8b0                	.insn	2, 0xb8b0
8000715e:	3e8d                	.insn	2, 0x3e8d
80007160:	54b6                	.insn	2, 0x54b6
80007162:	09a0                	.insn	2, 0x09a0
80007164:	deea                	.insn	2, 0xdeea
80007166:	04ca                	.insn	2, 0x04ca
80007168:	625f 253c 47ff      	.insn	6, 0x47ff253c625f
8000716e:	346a                	.insn	2, 0x346a
80007170:	3f95e34b          	.insn	4, 0x3f95e34b
80007174:	049e                	.insn	2, 0x049e
80007176:	51fc                	.insn	2, 0x51fc
80007178:	5d0e34db          	.insn	4, 0x5d0e34db
8000717c:	2382                	.insn	2, 0x2382
8000717e:	038a                	.insn	2, 0x038a
80007180:	399987cf          	.insn	4, 0x399987cf
80007184:	35d0                	.insn	2, 0x35d0
80007186:	79d5                	.insn	2, 0x79d5
80007188:	2b82                	.insn	2, 0x2b82
8000718a:	4638                	.insn	2, 0x4638
8000718c:	4e25                	.insn	2, 0x4e25
8000718e:	4520                	.insn	2, 0x4520
80007190:	dc36                	.insn	2, 0xdc36
80007192:	115c                	.insn	2, 0x115c
80007194:	0a50ba03          	.insn	4, 0x0a50ba03
80007198:	b9a9                	.insn	2, 0xb9a9
8000719a:	ebc45297          	auipc	t0,0xebc45
8000719e:	26dd                	.insn	2, 0x26dd
800071a0:	56e2                	.insn	2, 0x56e2
800071a2:	6b6d                	.insn	2, 0x6b6d
800071a4:	7dfd                	.insn	2, 0x7dfd
800071a6:	5cb9                	.insn	2, 0x5cb9
800071a8:	18b0                	.insn	2, 0x18b0
800071aa:	2530                	.insn	2, 0x2530
800071ac:	b1a2                	.insn	2, 0xb1a2
800071ae:	5e28                	.insn	2, 0x5e28
800071b0:	624efe03          	.insn	4, 0x624efe03
800071b4:	10244d23          	.insn	4, 0x10244d23
800071b8:	14df5beb          	.insn	4, 0x14df5beb
800071bc:	46d09d13          	.insn	4, 0x46d09d13
800071c0:	3548b68b          	.insn	4, 0x3548b68b
800071c4:	0dde                	.insn	2, 0x0dde
800071c6:	1fda                	.insn	2, 0x1fda
800071c8:	9926                	.insn	2, 0x9926
800071ca:	3f00                	.insn	2, 0x3f00
800071cc:	323a                	.insn	2, 0x323a
800071ce:	48c70dbf 133b7e3c 	.insn	8, 0x133b7e3c48c70dbf
800071d6:	2e6c                	.insn	2, 0x2e6c
800071d8:	cfda                	.insn	2, 0xcfda
800071da:	a4ed0ef3          	.insn	4, 0xa4ed0ef3
800071de:	063c                	.insn	2, 0x063c
800071e0:	d49f 4f2b b592      	.insn	6, 0xb5924f2bd49f
800071e6:	6f6a                	.insn	2, 0x6f6a
800071e8:	6e24d8eb          	.insn	4, 0x6e24d8eb
800071ec:	6db5                	.insn	2, 0x6db5
800071ee:	0f6b128b          	.insn	4, 0x0f6b128b
800071f2:	1e30                	.insn	2, 0x1e30
800071f4:	845e                	.insn	2, 0x845e
800071f6:	491c6bc7          	.insn	4, 0x491c6bc7
800071fa:	2435                	.insn	2, 0x2435
800071fc:	ecf0                	.insn	2, 0xecf0
800071fe:	5ce0                	.insn	2, 0x5ce0
80007200:	493e456f          	jal	a0,800ebe92 <_tbss_end+0xe1f0e>
80007204:	832c                	.insn	2, 0x832c
80007206:	d0102aef          	jal	s5,7ff09f06 <buflen.1+0x7ff09ec6>
8000720a:	7501                	.insn	2, 0x7501
8000720c:	de19                	.insn	2, 0xde19
8000720e:	3c49                	.insn	2, 0x3c49
80007210:	b8f5                	.insn	2, 0xb8f5
80007212:	47d2                	.insn	2, 0x47d2
80007214:	21bf03af          	.insn	4, 0x21bf03af
80007218:	3dfe                	.insn	2, 0x3dfe
8000721a:	18fa                	.insn	2, 0x18fa
8000721c:	7d20                	.insn	2, 0x7d20
8000721e:	99062bf3          	csrrs	s7,0x990,a2
80007222:	ceef1f03          	lh	t5,-786(t5) # 70b49cee <buflen.1+0x70b49cae>
80007226:	f9ef67b7          	lui	a5,0xf9ef6
8000722a:	5ff3644b          	.insn	4, 0x5ff3644b
8000722e:	56be                	.insn	2, 0x56be
80007230:	69c4                	.insn	2, 0x69c4
80007232:	7e4a                	.insn	2, 0x7e4a
80007234:	6fa2                	.insn	2, 0x6fa2
80007236:	52b62b7b          	.insn	4, 0x52b62b7b
8000723a:	5d51                	.insn	2, 0x5d51
8000723c:	261f 2b0e 5867      	.insn	6, 0x58672b0e261f
80007242:	2c15                	.insn	2, 0x2c15
80007244:	34968f93          	addi	t6,a3,841 # e8f4da51 <_tbss_end+0x68f43acd>
80007248:	b46e                	.insn	2, 0xb46e
8000724a:	3734                	.insn	2, 0x3734
8000724c:	3b99408f          	.insn	4, 0x3b99408f
80007250:	94d2                	.insn	2, 0x94d2
80007252:	7a3f4e8f          	.insn	4, 0x7a3f4e8f
80007256:	6ca90747          	.insn	4, 0x6ca90747
8000725a:	615d                	.insn	2, 0x615d
8000725c:	3372                	.insn	2, 0x3372
8000725e:	4bae                	.insn	2, 0x4bae
80007260:	6ad2                	.insn	2, 0x6ad2
80007262:	f67f16a7          	.insn	4, 0xf67f16a7
80007266:	3e38                	.insn	2, 0x3e38
80007268:	27ac473b          	.insn	4, 0x27ac473b
8000726c:	3417d43b          	.insn	4, 0x3417d43b
80007270:	74f2                	.insn	2, 0x74f2
80007272:	2aca                	.insn	2, 0x2aca
80007274:	c95e                	.insn	2, 0xc95e
80007276:	eda17f4b          	.insn	4, 0xeda17f4b
8000727a:	2d68                	.insn	2, 0x2d68
8000727c:	25c2                	.insn	2, 0x25c2
8000727e:	5fa0                	.insn	2, 0x5fa0
80007280:	e2fd                	.insn	2, 0xe2fd
80007282:	540d27bb          	.insn	4, 0x540d27bb
80007286:	1e9c                	.insn	2, 0x1e9c
80007288:	930e                	.insn	2, 0x930e
8000728a:	59a5                	.insn	2, 0x59a5
8000728c:	9488                	.insn	2, 0x9488
8000728e:	4349                	.insn	2, 0x4349
80007290:	6e11                	.insn	2, 0x6e11
80007292:	05ee                	.insn	2, 0x05ee
80007294:	deec                	.insn	2, 0xdeec
80007296:	2b16                	.insn	2, 0x2b16
80007298:	1714                	.insn	2, 0x1714
8000729a:	3e6d                	.insn	2, 0x3e6d
8000729c:	7518                	.insn	2, 0x7518
8000729e:	20d0                	.insn	2, 0x20d0
800072a0:	345c                	.insn	2, 0x345c
800072a2:	43c8408b          	.insn	4, 0x43c8408b
800072a6:	1144                	.insn	2, 0x1144
800072a8:	68ec                	.insn	2, 0x68ec
800072aa:	0ce8                	.insn	2, 0x0ce8
800072ac:	c688                	.insn	2, 0xc688
800072ae:	4602                	.insn	2, 0x4602
800072b0:	5676                	.insn	2, 0x5676
800072b2:	3268                	.insn	2, 0x3268
800072b4:	c924                	.insn	2, 0xc924
800072b6:	5ca1                	.insn	2, 0x5ca1
800072b8:	9562                	.insn	2, 0x9562
800072ba:	226a                	.insn	2, 0x226a
800072bc:	5b1f 2f1a d05b      	.insn	6, 0xd05b2f1a5b1f
800072c2:	2845                	.insn	2, 0x2845
800072c4:	78f220af          	.insn	4, 0x78f220af
800072c8:	8960                	.insn	2, 0x8960
800072ca:	099f a911 0da5      	.insn	6, 0x0da5a911099f
800072d0:	2c54a803          	lw	a6,709(s1) # bcf292cb <_tbss_end+0x3cf1f347>
800072d4:	9ad6                	.insn	2, 0x9ad6
800072d6:	50a2                	.insn	2, 0x50a2
800072d8:	3314                	.insn	2, 0x3314
800072da:	7e90                	.insn	2, 0x7e90
800072dc:	a565                	.insn	2, 0xa565
800072de:	32cd                	.insn	2, 0x32cd
800072e0:	2ba0                	.insn	2, 0x2ba0
800072e2:	4cf4                	.insn	2, 0x4cf4
800072e4:	c174                	.insn	2, 0xc174
800072e6:	1abe                	.insn	2, 0x1abe
800072e8:	4bc0                	.insn	2, 0x4bc0
800072ea:	2af7746f          	jal	s0,8007ed98 <_tbss_end+0x74e14>
800072ee:	9973370b          	.insn	4, 0x9973370b
800072f2:	3152                	.insn	2, 0x3152
800072f4:	aba4                	.insn	2, 0xaba4
800072f6:	431d                	.insn	2, 0x431d
800072f8:	b420                	.insn	2, 0xb420
800072fa:	0bcc                	.insn	2, 0x0bcc
800072fc:	8f9a                	.insn	2, 0x8f9a
800072fe:	10c4                	.insn	2, 0x10c4
80007300:	45da2b4b          	.insn	4, 0x45da2b4b
80007304:	7cb6                	.insn	2, 0x7cb6
80007306:	ed702d97          	auipc	s11,0xed702
8000730a:	2381                	.insn	2, 0x2381
8000730c:	2954                	.insn	2, 0x2954
8000730e:	7ef4                	.insn	2, 0x7ef4
80007310:	1f9c                	.insn	2, 0x1f9c
80007312:	55a9                	.insn	2, 0x55a9
80007314:	5646a03f 2d08d921 	.insn	8, 0x2d08d9215646a03f
8000731c:	a5cd                	.insn	2, 0xa5cd
8000731e:	7f02                	.insn	2, 0x7f02
80007320:	fa38                	.insn	2, 0xfa38
80007322:	6d62                	.insn	2, 0x6d62
80007324:	754a                	.insn	2, 0x754a
80007326:	89185c3f 35c46e96 	.insn	8, 0x35c46e9689185c3f
8000732e:	398c                	.insn	2, 0x398c
80007330:	d6ad                	.insn	2, 0xd6ad
80007332:	2812                	.insn	2, 0x2812
80007334:	3aae                	.insn	2, 0x3aae
80007336:	0ae2                	.insn	2, 0x0ae2
80007338:	8aa1                	.insn	2, 0x8aa1
8000733a:	0ce6                	.insn	2, 0x0ce6
8000733c:	aeb6                	.insn	2, 0xaeb6
8000733e:	4ef5                	.insn	2, 0x4ef5
80007340:	463a                	.insn	2, 0x463a
80007342:	443a                	.insn	2, 0x443a
80007344:	2e78                	.insn	2, 0x2e78
80007346:	1b16                	.insn	2, 0x1b16
80007348:	48bfb5ef          	jal	a1,80102fd2 <_tbss_end+0xf904e>
8000734c:	e4a2                	.insn	2, 0xe4a2
8000734e:	5aa6                	.insn	2, 0x5aa6
80007350:	d36e                	.insn	2, 0xd36e
80007352:	6b25                	.insn	2, 0x6b25
80007354:	f286                	.insn	2, 0xf286
80007356:	5e79                	.insn	2, 0x5e79
80007358:	2c50                	.insn	2, 0x2c50
8000735a:	2f82                	.insn	2, 0x2f82
8000735c:	9de8                	.insn	2, 0x9de8
8000735e:	6c91                	.insn	2, 0x6c91
80007360:	e55e                	.insn	2, 0xe55e
80007362:	68357ed7          	.insn	4, 0x68357ed7
80007366:	3a04                	.insn	2, 0x3a04
80007368:	cef1                	.insn	2, 0xcef1
8000736a:	3b1e                	.insn	2, 0x3b1e
8000736c:	a34d                	.insn	2, 0xa34d
8000736e:	2880                	.insn	2, 0x2880
80007370:	74ec5c83          	lhu	s9,1870(s8) # 5380774e <buflen.1+0x5380770e>
80007374:	5531                	.insn	2, 0x5531
80007376:	7cd2                	.insn	2, 0x7cd2
80007378:	1753184b          	.insn	4, 0x1753184b
8000737c:	8e1a                	.insn	2, 0x8e1a
8000737e:	5fa0                	.insn	2, 0x5fa0
80007380:	e330                	.insn	2, 0xe330
80007382:	2262                	.insn	2, 0x2262
80007384:	436d                	.insn	2, 0x436d
80007386:	6610                	.insn	2, 0x6610
80007388:	e22a                	.insn	2, 0xe22a
8000738a:	1488                	.insn	2, 0x1488
8000738c:	1664                	.insn	2, 0x1664
8000738e:	42ec                	.insn	2, 0x42ec
80007390:	62e38bab          	.insn	4, 0x62e38bab
80007394:	2e2c                	.insn	2, 0x2e2c
80007396:	4f35                	.insn	2, 0x4f35
80007398:	4258                	.insn	2, 0x4258
8000739a:	02e8                	.insn	2, 0x02e8
8000739c:	c368                	.insn	2, 0xc368
8000739e:	f5ee0ebf ae3b6d70 	.insn	8, 0xae3b6d70f5ee0ebf
800073a6:	5d39                	.insn	2, 0x5d39
800073a8:	47ea                	.insn	2, 0x47ea
800073aa:	52a2                	.insn	2, 0x52a2
800073ac:	000d                	.insn	2, 0x000d
800073ae:	1cf5                	.insn	2, 0x1cf5
800073b0:	d6fc                	.insn	2, 0xd6fc
800073b2:	0234                	.insn	2, 0x0234
800073b4:	7742                	.insn	2, 0x7742
800073b6:	1540                	.insn	2, 0x1540
800073b8:	0326                	.insn	2, 0x0326
800073ba:	63de                	.insn	2, 0x63de
800073bc:	19a2b58b          	.insn	4, 0x19a2b58b
800073c0:	5bd8                	.insn	2, 0x5bd8
800073c2:	182e74c7          	.insn	4, 0x182e74c7
800073c6:	6a60                	.insn	2, 0x6a60
800073c8:	6d9de20f          	.insn	4, 0x6d9de20f
800073cc:	ae28                	.insn	2, 0xae28
800073ce:	5f21                	.insn	2, 0x5f21
800073d0:	119f8227          	.insn	4, 0x119f8227
800073d4:	10d2                	.insn	2, 0x10d2
800073d6:	0b8f180b          	.insn	4, 0x0b8f180b
800073da:	7e0a                	.insn	2, 0x7e0a
800073dc:	2220                	.insn	2, 0x2220
800073de:	5a55                	.insn	2, 0x5a55
800073e0:	2062                	.insn	2, 0x2062
800073e2:	5be2                	.insn	2, 0x5be2
800073e4:	56126e87          	.insn	4, 0x56126e87
800073e8:	0341                	.insn	2, 0x0341
800073ea:	486d                	.insn	2, 0x486d
800073ec:	f0a0                	.insn	2, 0xf0a0
800073ee:	f7b7649b          	.insn	4, 0xf7b7649b
800073f2:	5c26                	.insn	2, 0x5c26
800073f4:	420c                	.insn	2, 0x420c
800073f6:	7190                	.insn	2, 0x7190
800073f8:	7fd8                	.insn	2, 0x7fd8
800073fa:	207a                	.insn	2, 0x207a
800073fc:	26e9                	.insn	2, 0x26e9
800073fe:	7b55                	.insn	2, 0x7b55
80007400:	c97d                	.insn	2, 0xc97d
80007402:	64a6                	.insn	2, 0x64a6
80007404:	6075                	.insn	2, 0x6075
80007406:	544a                	.insn	2, 0x544a
80007408:	13ccfe2f          	.insn	4, 0x13ccfe2f
8000740c:	25aa979b          	.insn	4, 0x25aa979b
80007410:	193b0a53          	.insn	4, 0x193b0a53
80007414:	4f730137          	lui	sp,0x4f730
80007418:	3aed                	.insn	2, 0x3aed
8000741a:	2085                	.insn	2, 0x2085
8000741c:	6408                	.insn	2, 0x6408
8000741e:	127e                	.insn	2, 0x127e
80007420:	6cd4                	.insn	2, 0x6cd4
80007422:	eb5f3947          	.insn	4, 0xeb5f3947
80007426:	5cd41633          	.insn	4, 0x5cd41633
8000742a:	79c3733f 1df96604 	.insn	8, 0x1df9660479c3733f
80007432:	03e500af          	.insn	4, 0x03e500af
80007436:	094a                	.insn	2, 0x094a
80007438:	29c439a7          	.insn	4, 0x29c439a7
8000743c:	263e                	.insn	2, 0x263e
8000743e:	56df 2d0a 4efb      	.insn	6, 0x4efb2d0a56df
80007444:	2f1a                	.insn	2, 0x2f1a
80007446:	0a42                	.insn	2, 0x0a42
80007448:	bfb6                	.insn	2, 0xbfb6
8000744a:	2799                	.insn	2, 0x2799
8000744c:	65a60287          	.insn	4, 0x65a60287
80007450:	3942                	.insn	2, 0x3942
80007452:	1675                	.insn	2, 0x1675
80007454:	973c                	.insn	2, 0x973c
80007456:	57c5                	.insn	2, 0x57c5
80007458:	2e08                	.insn	2, 0x2e08
8000745a:	147c                	.insn	2, 0x147c
8000745c:	9932                	.insn	2, 0x9932
8000745e:	51b0                	.insn	2, 0x51b0
80007460:	1efe                	.insn	2, 0x1efe
80007462:	0fd1                	.insn	2, 0x0fd1
80007464:	8a2c                	.insn	2, 0x8a2c
80007466:	7bf2                	.insn	2, 0x7bf2
80007468:	6522                	.insn	2, 0x6522
8000746a:	6b7a                	.insn	2, 0x6b7a
8000746c:	4855                	.insn	2, 0x4855
8000746e:	1ef2                	.insn	2, 0x1ef2
80007470:	fea1                	.insn	2, 0xfea1
80007472:	5bb1                	.insn	2, 0x5bb1
80007474:	4038                	.insn	2, 0x4038
80007476:	7320                	.insn	2, 0x7320
80007478:	3a7a                	.insn	2, 0x3a7a
8000747a:	468a                	.insn	2, 0x468a
8000747c:	58cb01ab          	.insn	4, 0x58cb01ab
80007480:	9709                	.insn	2, 0x9709
80007482:	1d82                	.insn	2, 0x1d82
80007484:	2fbefe13          	andi	t3,t4,763
80007488:	5874                	.insn	2, 0x5874
8000748a:	0a8e                	.insn	2, 0x0a8e
8000748c:	4d08aadb          	.insn	4, 0x4d08aadb
80007490:	8da5                	.insn	2, 0x8da5
80007492:	505e                	.insn	2, 0x505e
80007494:	5c6b23e3          	.insn	4, 0x5c6b23e3
80007498:	d515                	.insn	2, 0xd515
8000749a:	2995                	.insn	2, 0x2995
8000749c:	ffd4                	.insn	2, 0xffd4
8000749e:	330e                	.insn	2, 0x330e
800074a0:	76c9de3b          	.insn	4, 0x76c9de3b
800074a4:	db78                	.insn	2, 0xdb78
800074a6:	46e0                	.insn	2, 0x46e0
800074a8:	0d36494b          	.insn	4, 0x0d36494b
800074ac:	0957f94f          	.insn	4, 0x0957f94f
800074b0:	4c36                	.insn	2, 0x4c36
800074b2:	024d                	.insn	2, 0x024d
800074b4:	379a                	.insn	2, 0x379a
800074b6:	d2d71667          	.insn	4, 0xd2d71667
800074ba:	d9767be3          	bgeu	a2,s7,80007250 <input_data+0x1358>
800074be:	7d5c                	.insn	2, 0x7d5c
800074c0:	14624fa3          	.insn	4, 0x14624fa3
800074c4:	29a4b67b          	.insn	4, 0x29a4b67b
800074c8:	0ad6                	.insn	2, 0x0ad6
800074ca:	20a316b7          	lui	a3,0x20a31
800074ce:	4798                	.insn	2, 0x4798
800074d0:	97d2                	.insn	2, 0x97d2
800074d2:	4c06                	.insn	2, 0x4c06
800074d4:	394c                	.insn	2, 0x394c
800074d6:	17bc                	.insn	2, 0x17bc
800074d8:	2fc79aeb          	.insn	4, 0x2fc79aeb
800074dc:	cc41                	.insn	2, 0xcc41
800074de:	40d2                	.insn	2, 0x40d2
800074e0:	dd86                	.insn	2, 0xdd86
800074e2:	3276                	.insn	2, 0x3276
800074e4:	a2ea                	.insn	2, 0xa2ea
800074e6:	6e30                	.insn	2, 0x6e30
800074e8:	4cc2bb0b          	.insn	4, 0x4cc2bb0b
800074ec:	537361cf          	.insn	4, 0x537361cf
800074f0:	5ed6                	.insn	2, 0x5ed6
800074f2:	5f92                	.insn	2, 0x5f92
800074f4:	6fb9                	.insn	2, 0x6fb9
800074f6:	497e                	.insn	2, 0x497e
800074f8:	81e5                	.insn	2, 0x81e5
800074fa:	6803304f          	.insn	4, 0x6803304f
800074fe:	fea4292b          	.insn	4, 0xfea4292b
80007502:	b88a6ee3          	bltu	s4,s0,8000709e <input_data+0x11a6>
80007506:	2cbd                	.insn	2, 0x2cbd
80007508:	91ec                	.insn	2, 0x91ec
8000750a:	100b4bc7          	.insn	4, 0x100b4bc7
8000750e:	3348                	.insn	2, 0x3348
80007510:	a1b8                	.insn	2, 0xa1b8
80007512:	32b546e3          	blt	a0,a1,8000803e <scratch.0+0x136>
80007516:	7214                	.insn	2, 0x7214
80007518:	4d02                	.insn	2, 0x4d02
8000751a:	3869                	.insn	2, 0x3869
8000751c:	f0ee                	.insn	2, 0xf0ee
8000751e:	6c34                	.insn	2, 0x6c34
80007520:	0379                	.insn	2, 0x0379
80007522:	2c52                	.insn	2, 0x2c52
80007524:	df4c                	.insn	2, 0xdf4c
80007526:	7165                	.insn	2, 0x7165
80007528:	58c2                	.insn	2, 0x58c2
8000752a:	4c11                	.insn	2, 0x4c11
8000752c:	d711                	.insn	2, 0xd711
8000752e:	dc48778b          	.insn	4, 0xdc48778b
80007532:	253a                	.insn	2, 0x253a
80007534:	3b66                	.insn	2, 0x3b66
80007536:	7dac                	.insn	2, 0x7dac
80007538:	dd6a                	.insn	2, 0xdd6a
8000753a:	c9d6745b          	.insn	4, 0xc9d6745b
8000753e:	397a                	.insn	2, 0x397a
80007540:	d378                	.insn	2, 0xd378
80007542:	45cc                	.insn	2, 0x45cc
80007544:	7ec6e397          	auipc	t2,0x7ec6e
80007548:	8964                	.insn	2, 0x8964
8000754a:	306a                	.insn	2, 0x306a
8000754c:	895f 0679 56ec      	.insn	6, 0x56ec0679895f
80007552:	3a74                	.insn	2, 0x3a74
80007554:	bc82                	.insn	2, 0xbc82
80007556:	2a95                	.insn	2, 0x2a95
80007558:	6413036f          	jal	t1,80038398 <_tbss_end+0x2e414>
8000755c:	e670                	.insn	2, 0xe670
8000755e:	7359                	.insn	2, 0x7359
80007560:	0e1e124f          	.insn	4, 0x0e1e124f
80007564:	d285                	.insn	2, 0xd285
80007566:	156e5bdb          	.insn	4, 0x156e5bdb
8000756a:	3f8a                	.insn	2, 0x3f8a
8000756c:	7672                	.insn	2, 0x7672
8000756e:	5fd2                	.insn	2, 0x5fd2
80007570:	5fea                	.insn	2, 0x5fea
80007572:	429272d7          	.insn	4, 0x429272d7
80007576:	79cd38eb          	.insn	4, 0x79cd38eb
8000757a:	675a                	.insn	2, 0x675a
8000757c:	4595                	.insn	2, 0x4595
8000757e:	00d9                	.insn	2, 0x00d9
80007580:	ad26                	.insn	2, 0xad26
80007582:	59ce                	.insn	2, 0x59ce
80007584:	9e1e                	.insn	2, 0x9e1e
80007586:	328d                	.insn	2, 0x328d
80007588:	d58c                	.insn	2, 0xd58c
8000758a:	463a                	.insn	2, 0x463a
8000758c:	490d                	.insn	2, 0x490d
8000758e:	249c                	.insn	2, 0x249c
80007590:	6ca0                	.insn	2, 0x6ca0
80007592:	5c312b9b          	.insn	4, 0x5c312b9b
80007596:	5a21                	.insn	2, 0x5a21
80007598:	08ea                	.insn	2, 0x08ea
8000759a:	03c5                	.insn	2, 0x03c5
8000759c:	737c                	.insn	2, 0x737c
8000759e:	cfe139bf 099e6a54 	.insn	8, 0x099e6a54cfe139bf
800075a6:	539c                	.insn	2, 0x539c
800075a8:	a0ae                	.insn	2, 0xa0ae
800075aa:	50c9                	.insn	2, 0x50c9
800075ac:	62e46d6f          	jal	s10,8004dbda <_tbss_end+0x43c56>
800075b0:	22c2                	.insn	2, 0x22c2
800075b2:	45f8                	.insn	2, 0x45f8
800075b4:	0a4d                	.insn	2, 0x0a4d
800075b6:	3e2a                	.insn	2, 0x3e2a
800075b8:	d214                	.insn	2, 0xd214
800075ba:	4e9c                	.insn	2, 0x4e9c
800075bc:	1402                	.insn	2, 0x1402
800075be:	447e                	.insn	2, 0x447e
800075c0:	7c93425b          	.insn	4, 0x7c93425b
800075c4:	ddb4                	.insn	2, 0xddb4
800075c6:	479f 0b53 0ee7      	.insn	6, 0x0ee70b53479f
800075cc:	ffa0                	.insn	2, 0xffa0
800075ce:	3db1                	.insn	2, 0x3db1
800075d0:	49a5                	.insn	2, 0x49a5
800075d2:	2835                	.insn	2, 0x2835
800075d4:	f865                	.insn	2, 0xf865
800075d6:	40fd                	.insn	2, 0x40fd
800075d8:	73d9c2c7          	.insn	4, 0x73d9c2c7
800075dc:	74e5                	.insn	2, 0x74e5
800075de:	37ac                	.insn	2, 0x37ac
800075e0:	7c6f2dab          	.insn	4, 0x7c6f2dab
800075e4:	64c0                	.insn	2, 0x64c0
800075e6:	cec02c07          	.insn	4, 0xcec02c07
800075ea:	4dc9                	.insn	2, 0x4dc9
800075ec:	41a4                	.insn	2, 0x41a4
800075ee:	a371056f          	jal	a0,7ff18024 <buflen.1+0x7ff17fe4>
800075f2:	7cc865cf          	.insn	4, 0x7cc865cf
800075f6:	647c                	.insn	2, 0x647c
800075f8:	15bb2fe7          	.insn	4, 0x15bb2fe7
800075fc:	6eea2803          	lw	a6,1774(s4) # 53454848 <buflen.1+0x53454808>
80007600:	4961                	.insn	2, 0x4961
80007602:	72e1                	.insn	2, 0x72e1
80007604:	360e2f13          	slti	t5,t3,864
80007608:	40fed847          	.insn	4, 0x40fed847
8000760c:	99c5                	.insn	2, 0x99c5
8000760e:	ae6e3533          	.insn	4, 0xae6e3533
80007612:	60db7567          	.insn	4, 0x60db7567
80007616:	98ff6fb3          	.insn	4, 0x98ff6fb3
8000761a:	3741                	.insn	2, 0x3741
8000761c:	a5a0                	.insn	2, 0xa5a0
8000761e:	4522                	.insn	2, 0x4522
80007620:	70c8                	.insn	2, 0x70c8
80007622:	1f332b87          	.insn	4, 0x1f332b87
80007626:	14d1                	.insn	2, 0x14d1
80007628:	12f40083          	lb	ra,303(s0)
8000762c:	18cd                	.insn	2, 0x18cd
8000762e:	4e3b0d77          	.insn	4, 0x4e3b0d77
80007632:	71531ccf          	.insn	4, 0x71531ccf
80007636:	938a3dbf f69e0e65 	.insn	8, 0xf69e0e65938a3dbf
8000763e:	4c4a                	.insn	2, 0x4c4a
80007640:	4a5ba023          	sw	t0,1184(s7) # eeb264a0 <_tbss_end+0x6eb1c51c>
80007644:	be14                	.insn	2, 0xbe14
80007646:	6a980ebf 88496aea 	.insn	8, 0x88496aea6a980ebf
8000764e:	2cd8                	.insn	2, 0x2cd8
80007650:	112b5d0f          	.insn	4, 0x112b5d0f
80007654:	d676                	.insn	2, 0xd676
80007656:	7b96                	.insn	2, 0x7b96
80007658:	7988de27          	.insn	4, 0x7988de27
8000765c:	24d266c3          	.insn	4, 0x24d266c3
80007660:	59f1                	.insn	2, 0x59f1
80007662:	19d5                	.insn	2, 0x19d5
80007664:	d75f 1dcb 8b75      	.insn	6, 0x8b751dcbd75f
8000766a:	3e9d                	.insn	2, 0x3e9d
8000766c:	13bf00c7          	.insn	4, 0x13bf00c7
80007670:	24ff 32be 345f 4d2e 	.insn	14, 0x3ef5663e9be54d2e345f32be24ff
80007678:	9be5 663e 3ef5 
8000767e:	451f 742a 3d5a      	.insn	6, 0x3d5a742a451f
80007684:	5dae                	.insn	2, 0x5dae
80007686:	78d8                	.insn	2, 0x78d8
80007688:	628bd913          	.insn	4, 0x628bd913
8000768c:	6fc00817          	auipc	a6,0x6fc00
80007690:	c139                	.insn	2, 0xc139
80007692:	9338498f          	.insn	4, 0x9338498f
80007696:	0f89                	.insn	2, 0x0f89
80007698:	3e27b777          	.insn	4, 0x3e27b777
8000769c:	8780                	.insn	2, 0x8780
8000769e:	5390                	.insn	2, 0x5390
800076a0:	4d81                	.insn	2, 0x4d81
800076a2:	2b84                	.insn	2, 0x2b84
800076a4:	96cd                	.insn	2, 0x96cd
800076a6:	6808                	.insn	2, 0x6808
800076a8:	21b4                	.insn	2, 0x21b4
800076aa:	5c6e                	.insn	2, 0x5c6e
800076ac:	378e                	.insn	2, 0x378e
800076ae:	67435fd3          	.insn	4, 0x67435fd3
800076b2:	39c9                	.insn	2, 0x39c9
800076b4:	0f7c                	.insn	2, 0x0f7c
800076b6:	2e6a                	.insn	2, 0x2e6a
800076b8:	6e7e                	.insn	2, 0x6e7e
800076ba:	6940                	.insn	2, 0x6940
800076bc:	d24e                	.insn	2, 0xd24e
800076be:	2b9d                	.insn	2, 0x2b9d
800076c0:	6aa2                	.insn	2, 0x6aa2
800076c2:	5f5e                	.insn	2, 0x5f5e
800076c4:	8ffa                	.insn	2, 0x8ffa
800076c6:	74b0                	.insn	2, 0x74b0
800076c8:	000a8b27          	.insn	4, 0x000a8b27
800076cc:	6a3e                	.insn	2, 0x6a3e
800076ce:	1a7c                	.insn	2, 0x1a7c
800076d0:	4c38983f 4969523d 	.insn	8, 0x4969523d4c38983f
800076d8:	04c5                	.insn	2, 0x04c5
800076da:	239c                	.insn	2, 0x239c
800076dc:	0d2d                	.insn	2, 0x0d2d
800076de:	40ce                	.insn	2, 0x40ce
800076e0:	0f637b73          	csrrci	s6,0xf6,6
800076e4:	da26                	.insn	2, 0xda26
800076e6:	3a007cc7          	.insn	4, 0x3a007cc7
800076ea:	5730                	.insn	2, 0x5730
800076ec:	7b35733f 610f3a28 	.insn	8, 0x610f3a287b35733f
800076f4:	2d73d15b          	.insn	4, 0x2d73d15b
800076f8:	9f7d                	.insn	2, 0x9f7d
800076fa:	5c0d472b          	.insn	4, 0x5c0d472b
800076fe:	505e                	.insn	2, 0x505e
80007700:	c854                	.insn	2, 0xc854
80007702:	6c9d                	.insn	2, 0x6c9d
80007704:	8e32                	.insn	2, 0x8e32
80007706:	6cdf a0e2 4248      	.insn	6, 0x4248a0e26cdf
8000770c:	5be8                	.insn	2, 0x5be8
8000770e:	7c80                	.insn	2, 0x7c80
80007710:	9914                	.insn	2, 0x9914
80007712:	3095                	.insn	2, 0x3095
80007714:	d7c8                	.insn	2, 0xd7c8
80007716:	74b2                	.insn	2, 0x74b2
80007718:	4885                	.insn	2, 0x4885
8000771a:	40cd                	.insn	2, 0x40cd
8000771c:	3491fb3f 73f00760 	.insn	8, 0x73f007603491fb3f
80007724:	9932                	.insn	2, 0x9932
80007726:	62bc                	.insn	2, 0x62bc
80007728:	1f8b77b7          	lui	a5,0x1f8b7
8000772c:	082b2a17          	auipc	s4,0x82b2
80007730:	5071                	.insn	2, 0x5071
80007732:	55cb1f23          	sh	t3,1374(s6)
80007736:	19a67017          	auipc	zero,0x19a67
8000773a:	3280                	.insn	2, 0x3280
8000773c:	29b6                	.insn	2, 0x29b6
8000773e:	32c4                	.insn	2, 0x32c4
80007740:	99ac                	.insn	2, 0x99ac
80007742:	50ad372b          	.insn	4, 0x50ad372b
80007746:	5af33dd7          	.insn	4, 0x5af33dd7
8000774a:	1b82                	.insn	2, 0x1b82
8000774c:	2e64                	.insn	2, 0x2e64
8000774e:	4f6e                	.insn	2, 0x4f6e
80007750:	1c49                	.insn	2, 0x1c49
80007752:	1f54                	.insn	2, 0x1f54
80007754:	52d6793b          	.insn	4, 0x52d6793b
80007758:	8fd1                	.insn	2, 0x8fd1
8000775a:	433a                	.insn	2, 0x433a
8000775c:	1b49                	.insn	2, 0x1b49
8000775e:	4775                	.insn	2, 0x4775
80007760:	3085                	.insn	2, 0x3085
80007762:	3339                	.insn	2, 0x3339
80007764:	4eda                	.insn	2, 0x4eda
80007766:	2a21                	.insn	2, 0x2a21
80007768:	12d6                	.insn	2, 0x12d6
8000776a:	1629                	.insn	2, 0x1629
8000776c:	da71                	.insn	2, 0xda71
8000776e:	08ad                	.insn	2, 0x08ad
80007770:	9280                	.insn	2, 0x9280
80007772:	270d                	.insn	2, 0x270d
80007774:	71490dbf 4f800661 	.insn	8, 0x4f80066171490dbf
8000777c:	41aaf2ef          	jal	t0,800b6b96 <_tbss_end+0xacc12>
80007780:	dab4                	.insn	2, 0xdab4
80007782:	4c38                	.insn	2, 0x4c38
80007784:	7c9296e3          	bne	t0,s1,80008750 <__global_pointer$+0x58>
80007788:	82a8                	.insn	2, 0x82a8
8000778a:	1f1d4497          	auipc	s1,0x1f1d4
8000778e:	00c9                	.insn	2, 0x00c9
80007790:	c412                	.insn	2, 0xc412
80007792:	598a                	.insn	2, 0x598a
80007794:	a514                	.insn	2, 0xa514
80007796:	41be                	.insn	2, 0x41be
80007798:	5a5e                	.insn	2, 0x5a5e
8000779a:	1472                	.insn	2, 0x1472
8000779c:	c500                	.insn	2, 0xc500
8000779e:	711f 79bb 601e      	.insn	6, 0x601e79bb711f
800077a4:	0125                	.insn	2, 0x0125
800077a6:	481f 3ffd 67c2      	.insn	6, 0x67c23ffd481f
800077ac:	52ca                	.insn	2, 0x52ca
800077ae:	61fd                	.insn	2, 0x61fd
800077b0:	c658                	.insn	2, 0xc658
800077b2:	3a42                	.insn	2, 0x3a42
800077b4:	8746                	.insn	2, 0x8746
800077b6:	2ef5                	.insn	2, 0x2ef5
800077b8:	b5b6                	.insn	2, 0xb5b6
800077ba:	09bc                	.insn	2, 0x09bc
800077bc:	a17a                	.insn	2, 0xa17a
800077be:	40d5                	.insn	2, 0x40d5
800077c0:	9f16                	.insn	2, 0x9f16
800077c2:	ef6e0bef          	jal	s7,7ffe7eb8 <buflen.1+0x7ffe7e78>
800077c6:	64d4                	.insn	2, 0x64d4
800077c8:	d1f1                	.insn	2, 0xd1f1
800077ca:	157e                	.insn	2, 0x157e
800077cc:	9f9f 6a88 2442      	.insn	6, 0x24426a889f9f
800077d2:	021f 6af4 3108      	.insn	6, 0x31086af4021f
800077d8:	8282                	.insn	2, 0x8282
800077da:	6d54                	.insn	2, 0x6d54
800077dc:	a63a                	.insn	2, 0xa63a
800077de:	51c9                	.insn	2, 0x51c9
800077e0:	d17c                	.insn	2, 0xd17c
800077e2:	493e3f67          	.insn	4, 0x493e3f67
800077e6:	3a06                	.insn	2, 0x3a06
800077e8:	2998986b          	.insn	4, 0x2998986b
800077ec:	f9c1                	.insn	2, 0xf9c1
800077ee:	379b0953          	.insn	4, 0x379b0953
800077f2:	f5910a17          	auipc	s4,0xf5910
800077f6:	0ac2                	.insn	2, 0x0ac2
800077f8:	8648                	.insn	2, 0x8648
800077fa:	06ad                	.insn	2, 0x06ad
800077fc:	079f193f 0e683a1d 	.insn	8, 0x0e683a1d079f193f
80007804:	c005                	.insn	2, 0xc005
80007806:	777c                	.insn	2, 0x777c
80007808:	01635b5b          	.insn	4, 0x01635b5b
8000780c:	770d9d97          	auipc	s11,0x770d9
80007810:	6a49                	.insn	2, 0x6a49
80007812:	2be5                	.insn	2, 0x2be5
80007814:	039c                	.insn	2, 0x039c
80007816:	766e                	.insn	2, 0x766e
80007818:	2534                	.insn	2, 0x2534
8000781a:	5d9e                	.insn	2, 0x5d9e
8000781c:	8ae9                	.insn	2, 0x8ae9
8000781e:	b9e37b3b          	.insn	4, 0xb9e37b3b
80007822:	5b6b5737          	lui	a4,0x5b6b5
80007826:	08da                	.insn	2, 0x08da
80007828:	81fd                	.insn	2, 0x81fd
8000782a:	24d8                	.insn	2, 0x24d8
8000782c:	160e                	.insn	2, 0x160e
8000782e:	663d                	.insn	2, 0x663d
80007830:	7b2b5f8b          	.insn	4, 0x7b2b5f8b
80007834:	b8ee                	.insn	2, 0xb8ee
80007836:	7e44                	.insn	2, 0x7e44
80007838:	cd60                	.insn	2, 0xcd60
8000783a:	0bd0                	.insn	2, 0x0bd0
8000783c:	003e                	.insn	2, 0x003e
8000783e:	6d6d                	.insn	2, 0x6d6d
80007840:	503866b3          	.insn	4, 0x503866b3
80007844:	4d82                	.insn	2, 0x4d82
80007846:	f2147167          	.insn	4, 0xf2147167
8000784a:	cad274eb          	.insn	4, 0xcad274eb
8000784e:	4cf9                	.insn	2, 0x4cf9
80007850:	4efa053b          	.insn	4, 0x4efa053b
80007854:	58ee                	.insn	2, 0x58ee
80007856:	8a0b31e3          	.insn	4, 0x8a0b31e3
8000785a:	25246e3f 70ab1dd3 	.insn	8, 0x70ab1dd325246e3f
80007862:	0f155f57          	.insn	4, 0x0f155f57
80007866:	65ae                	.insn	2, 0x65ae
80007868:	9731                	.insn	2, 0x9731
8000786a:	5f65                	.insn	2, 0x5f65
8000786c:	1692                	.insn	2, 0x1692
8000786e:	170d                	.insn	2, 0x170d
80007870:	8d0c                	.insn	2, 0x8d0c
80007872:	3d52                	.insn	2, 0x3d52
80007874:	e6d2                	.insn	2, 0xe6d2
80007876:	6320                	.insn	2, 0x6320
80007878:	4ed6bee3          	.insn	4, 0x4ed6bee3
8000787c:	86a0                	.insn	2, 0x86a0
8000787e:	5864                	.insn	2, 0x5864
80007880:	411c6f63          	bltu	s8,a7,80007c9e <input_data+0x1da6>
80007884:	c3dd                	.insn	2, 0xc3dd
80007886:	6366                	.insn	2, 0x6366
80007888:	91ec                	.insn	2, 0x91ec
8000788a:	752c                	.insn	2, 0x752c
8000788c:	e53c                	.insn	2, 0xe53c
8000788e:	3f68                	.insn	2, 0x3f68
80007890:	67d54dcb          	.insn	4, 0x67d54dcb
80007894:	8de8                	.insn	2, 0x8de8
80007896:	11e4                	.insn	2, 0x11e4
80007898:	0b3d                	.insn	2, 0x0b3d
8000789a:	24fc                	.insn	2, 0x24fc
8000789c:	d51d                	.insn	2, 0xd51d
8000789e:	1e08                	.insn	2, 0x1e08
800078a0:	172d                	.insn	2, 0x172d
800078a2:	7cdd                	.insn	2, 0x7cdd
800078a4:	3752e6c7          	.insn	4, 0x3752e6c7
800078a8:	0f29                	.insn	2, 0x0f29
800078aa:	1091                	.insn	2, 0x1091
800078ac:	da45                	.insn	2, 0xda45
800078ae:	8c9f63fb          	.insn	4, 0x8c9f63fb
800078b2:	d1cb4a73          	.insn	4, 0xd1cb4a73
800078b6:	55582fa7          	.insn	4, 0x55582fa7
800078ba:	4656                	.insn	2, 0x4656
800078bc:	02e12ea7          	.insn	4, 0x02e12ea7
800078c0:	6f3a5657          	.insn	4, 0x6f3a5657
800078c4:	53ca3e2f          	.insn	4, 0x53ca3e2f
800078c8:	c751                	.insn	2, 0xc751
800078ca:	7dc1                	.insn	2, 0x7dc1
800078cc:	fee2                	.insn	2, 0xfee2
800078ce:	2e4b5f0b          	.insn	4, 0x2e4b5f0b
800078d2:	2299                	.insn	2, 0x2299
800078d4:	86aa                	.insn	2, 0x86aa
800078d6:	6876                	.insn	2, 0x6876
800078d8:	fda0                	.insn	2, 0xfda0
800078da:	712a4fd3          	.insn	4, 0x712a4fd3
800078de:	da6636f7          	.insn	4, 0xda6636f7
800078e2:	182653ab          	.insn	4, 0x182653ab
800078e6:	11da                	.insn	2, 0x11da
800078e8:	259f 503a f848      	.insn	6, 0xf848503a259f
800078ee:	4d60                	.insn	2, 0x4d60
800078f0:	5068                	.insn	2, 0x5068
800078f2:	91897ee3          	bgeu	s2,s8,8000720e <input_data+0x1316>
800078f6:	285d                	.insn	2, 0x285d
800078f8:	318c39e7          	.insn	4, 0x318c39e7
800078fc:	94b8                	.insn	2, 0x94b8
800078fe:	2c2d                	.insn	2, 0x2c2d
80007900:	297efd5b          	.insn	4, 0x297efd5b
80007904:	ceae                	.insn	2, 0xceae
80007906:	175271f7          	.insn	4, 0x175271f7
8000790a:	3c96                	.insn	2, 0x3c96
8000790c:	c5f0                	.insn	2, 0xc5f0
8000790e:	28a6                	.insn	2, 0x28a6
80007910:	caae                	.insn	2, 0xcaae
80007912:	1518                	.insn	2, 0x1518
80007914:	7078                	.insn	2, 0x7078
80007916:	2159                	.insn	2, 0x2159
80007918:	98ac                	.insn	2, 0x98ac
8000791a:	1eb8                	.insn	2, 0x1eb8
8000791c:	0dc0                	.insn	2, 0x0dc0
8000791e:	6e66                	.insn	2, 0x6e66
80007920:	184e1aef          	jal	s5,800e8aa4 <_tbss_end+0xdeb20>
80007924:	93fd                	.insn	2, 0x93fd
80007926:	82f53067          	.insn	4, 0x82f53067
8000792a:	6ed8                	.insn	2, 0x6ed8
8000792c:	07d4                	.insn	2, 0x07d4
8000792e:	4192                	.insn	2, 0x4192
80007930:	9829                	.insn	2, 0x9829
80007932:	1db9                	.insn	2, 0x1db9
80007934:	8add                	.insn	2, 0x8add
80007936:	26f5                	.insn	2, 0x26f5
80007938:	ac55                	.insn	2, 0xac55
8000793a:	37572da3          	sw	s5,891(a4) # 5b6b537b <buflen.1+0x5b6b533b>
8000793e:	08fe                	.insn	2, 0x08fe
80007940:	4dd8                	.insn	2, 0x4dd8
80007942:	1395                	.insn	2, 0x1395
80007944:	86b6                	.insn	2, 0x86b6
80007946:	0498                	.insn	2, 0x0498
80007948:	679c                	.insn	2, 0x679c
8000794a:	69d1                	.insn	2, 0x69d1
8000794c:	ccb2                	.insn	2, 0xccb2
8000794e:	6d6e                	.insn	2, 0x6d6e
80007950:	2885                	.insn	2, 0x2885
80007952:	2a1a                	.insn	2, 0x2a1a
80007954:	49b0                	.insn	2, 0x49b0
80007956:	49ed                	.insn	2, 0x49ed
80007958:	de75                	.insn	2, 0xde75
8000795a:	3209                	.insn	2, 0x3209
8000795c:	c572                	.insn	2, 0xc572
8000795e:	95023ed3          	.insn	4, 0x95023ed3
80007962:	6ca9                	.insn	2, 0x6ca9
80007964:	29d70e33          	.insn	4, 0x29d70e33
80007968:	a428                	.insn	2, 0xa428
8000796a:	04f0                	.insn	2, 0x04f0
8000796c:	e848                	.insn	2, 0xe848
8000796e:	26e2                	.insn	2, 0x26e2
80007970:	9944                	.insn	2, 0x9944
80007972:	339f f7b8 373f      	.insn	6, 0x373ff7b8339f
80007978:	6b08                	.insn	2, 0x6b08
8000797a:	4f09                	.insn	2, 0x4f09
8000797c:	3f29                	.insn	2, 0x3f29
8000797e:	682e                	.insn	2, 0x682e
80007980:	60d8                	.insn	2, 0x60d8
80007982:	7ebd45f7          	.insn	4, 0x7ebd45f7
80007986:	5ad6                	.insn	2, 0x5ad6
80007988:	6680                	.insn	2, 0x6680
8000798a:	1a72                	.insn	2, 0x1a72
8000798c:	d196                	.insn	2, 0xd196
8000798e:	31cc                	.insn	2, 0x31cc
80007990:	d704                	.insn	2, 0xd704
80007992:	0051                	.insn	2, 0x0051
80007994:	69d2                	.insn	2, 0x69d2
80007996:	7b48                	.insn	2, 0x7b48
80007998:	83b4                	.insn	2, 0x83b4
8000799a:	645e                	.insn	2, 0x645e
8000799c:	80f5                	.insn	2, 0x80f5
8000799e:	7c05                	.insn	2, 0x7c05
800079a0:	887a                	.insn	2, 0x887a
800079a2:	720d                	.insn	2, 0x720d
800079a4:	05d1                	.insn	2, 0x05d1
800079a6:	42d638b3          	.insn	4, 0x42d638b3
800079aa:	6872                	.insn	2, 0x6872
800079ac:	091f 0648 a6bb      	.insn	6, 0xa6bb0648091f
800079b2:	6a98                	.insn	2, 0x6a98
800079b4:	6f2a                	.insn	2, 0x6f2a
800079b6:	6a89                	.insn	2, 0x6a89
800079b8:	9b08                	.insn	2, 0x9b08
800079ba:	5548                	.insn	2, 0x5548
800079bc:	46f4                	.insn	2, 0x46f4
800079be:	203e                	.insn	2, 0x203e
800079c0:	3499a707          	.insn	4, 0x3499a707
800079c4:	de5d                	.insn	2, 0xde5d
800079c6:	292c                	.insn	2, 0x292c
800079c8:	f2ea                	.insn	2, 0xf2ea
800079ca:	0c11                	.insn	2, 0x0c11
800079cc:	5f000727          	.insn	4, 0x5f000727
800079d0:	96fd                	.insn	2, 0x96fd
800079d2:	1f98                	.insn	2, 0x1f98
800079d4:	0981                	.insn	2, 0x0981
800079d6:	1700                	.insn	2, 0x1700
800079d8:	3615d7bf 1695bf1f 	.insn	8, 0x1695bf1f3615d7bf
800079e0:	1b1ae0d3          	.insn	4, 0x1b1ae0d3
800079e4:	cd00                	.insn	2, 0xcd00
800079e6:	0efd                	.insn	2, 0x0efd
800079e8:	5680bd3f 431ab1f5 	.insn	8, 0x431ab1f55680bd3f
800079f0:	d932                	.insn	2, 0xd932
800079f2:	0144                	.insn	2, 0x0144
800079f4:	6d64                	.insn	2, 0x6d64
800079f6:	61ec                	.insn	2, 0x61ec
800079f8:	2ff1affb          	.insn	4, 0x2ff1affb
800079fc:	2399                	.insn	2, 0x2399
800079fe:	7a15                	.insn	2, 0x7a15
80007a00:	10ae                	.insn	2, 0x10ae
80007a02:	36b0                	.insn	2, 0x36b0
80007a04:	e44c                	.insn	2, 0xe44c
80007a06:	5a49                	.insn	2, 0x5a49
80007a08:	8469                	.insn	2, 0x8469
80007a0a:	0850                	.insn	2, 0x0850
80007a0c:	5c12                	.insn	2, 0x5c12
80007a0e:	02e24423          	.insn	4, 0x02e24423
80007a12:	ca7a06db          	.insn	4, 0xca7a06db
80007a16:	6722                	.insn	2, 0x6722
80007a18:	6133ac8b          	.insn	4, 0x6133ac8b
80007a1c:	03065ce3          	bge	a2,a6,80008254 <scratch.0+0x34c>
80007a20:	5d24                	.insn	2, 0x5d24
80007a22:	6806                	.insn	2, 0x6806
80007a24:	4e4c9107          	.insn	4, 0x4e4c9107
80007a28:	7e40                	.insn	2, 0x7e40
80007a2a:	4025                	.insn	2, 0x4025
80007a2c:	4a88                	.insn	2, 0x4a88
80007a2e:	6c7f b6ea 381d dbb7 	.insn	22, 0x2a0d35ba6d82ac1f2b0b54273014dbb7381db6ea6c7f
80007a36:	3014 5427 2b0b ac1f 
80007a3e:	6d82 35ba 2a0d 
80007a44:	ee66                	.insn	2, 0xee66
80007a46:	7c82                	.insn	2, 0x7c82
80007a48:	932c                	.insn	2, 0x932c
80007a4a:	1e6d                	.insn	2, 0x1e6d
80007a4c:	c325                	.insn	2, 0xc325
80007a4e:	0314                	.insn	2, 0x0314
80007a50:	36c6                	.insn	2, 0x36c6
80007a52:	3fa13543          	.insn	4, 0x3fa13543
80007a56:	51e5                	.insn	2, 0x51e5
80007a58:	3eb0                	.insn	2, 0x3eb0
80007a5a:	3c06                	.insn	2, 0x3c06
80007a5c:	5d55                	.insn	2, 0x5d55
80007a5e:	28d4                	.insn	2, 0x28d4
80007a60:	57b4b82b          	.insn	4, 0x57b4b82b
80007a64:	6251                	.insn	2, 0x6251
80007a66:	5cb4                	.insn	2, 0x5cb4
80007a68:	6559                	.insn	2, 0x6559
80007a6a:	486c                	.insn	2, 0x486c
80007a6c:	a2b4                	.insn	2, 0xa2b4
80007a6e:	54ed                	.insn	2, 0x54ed
80007a70:	272cdbc7          	.insn	4, 0x272cdbc7
80007a74:	9892                	.insn	2, 0x9892
80007a76:	52f5                	.insn	2, 0x52f5
80007a78:	398d5073          	csrwi	0x398,26
80007a7c:	240481ab          	.insn	4, 0x240481ab
80007a80:	7db2                	.insn	2, 0x7db2
80007a82:	81a24c9b          	.insn	4, 0x81a24c9b
80007a86:	145a                	.insn	2, 0x145a
80007a88:	0002                	.insn	2, 0x0002
80007a8a:	1189                	.insn	2, 0x1189
80007a8c:	7b4a                	.insn	2, 0x7b4a
80007a8e:	25be                	.insn	2, 0x25be
80007a90:	711c785b          	.insn	4, 0x711c785b
80007a94:	74f4                	.insn	2, 0x74f4
80007a96:	7180                	.insn	2, 0x7180
80007a98:	1d65                	.insn	2, 0x1d65
80007a9a:	3116                	.insn	2, 0x3116
80007a9c:	b1aa                	.insn	2, 0xb1aa
80007a9e:	5e0d                	.insn	2, 0x5e0d
80007aa0:	d041                	.insn	2, 0xd041
80007aa2:	7830                	.insn	2, 0x7830
80007aa4:	3c64                	.insn	2, 0x3c64
80007aa6:	6f09                	.insn	2, 0x6f09
80007aa8:	226a2ea7          	.insn	4, 0x226a2ea7
80007aac:	3a76                	.insn	2, 0x3a76
80007aae:	a14b3c5b          	.insn	4, 0xa14b3c5b
80007ab2:	0ebc                	.insn	2, 0x0ebc
80007ab4:	ff86                	.insn	2, 0xff86
80007ab6:	746525ef          	jal	a1,8005a1fc <_tbss_end+0x50278>
80007aba:	7465                	.insn	2, 0x7465
80007abc:	d780                	.insn	2, 0xd780
80007abe:	564c                	.insn	2, 0x564c
80007ac0:	47c4                	.insn	2, 0x47c4
80007ac2:	0670                	.insn	2, 0x0670
80007ac4:	3c985217          	auipc	tp,0x3c985
80007ac8:	7a0e7c57          	.insn	4, 0x7a0e7c57
80007acc:	578e                	.insn	2, 0x578e
80007ace:	3842                	.insn	2, 0x3842
80007ad0:	def5                	.insn	2, 0xdef5
80007ad2:	2ef0                	.insn	2, 0x2ef0
80007ad4:	7796                	.insn	2, 0x7796
80007ad6:	00c2                	.insn	2, 0x00c2
80007ad8:	127e                	.insn	2, 0x127e
80007ada:	32e0                	.insn	2, 0x32e0
80007adc:	0138                	.insn	2, 0x0138
80007ade:	13e9                	.insn	2, 0x13e9
80007ae0:	cf61                	.insn	2, 0xcf61
80007ae2:	0dea20fb          	.insn	4, 0x0dea20fb
80007ae6:	daea40ef          	jal	7ffac094 <buflen.1+0x7ffac054>
80007aea:	1dac                	.insn	2, 0x1dac
80007aec:	89e9                	.insn	2, 0x89e9
80007aee:	c6977987          	.insn	4, 0xc6977987
80007af2:	5582                	.insn	2, 0x5582
80007af4:	4ced7143          	.insn	4, 0x4ced7143
80007af8:	7e24                	.insn	2, 0x7e24
80007afa:	0486                	.insn	2, 0x0486
80007afc:	390b3b03          	.insn	4, 0x390b3b03
80007b00:	7ef912b7          	lui	t0,0x7ef91
80007b04:	4b00                	.insn	2, 0x4b00
80007b06:	f23d1c73          	csrrw	s8,0xf23,s10
80007b0a:	38ca                	.insn	2, 0x38ca
80007b0c:	071f 6487 fb86      	.insn	6, 0xfb866487071f
80007b12:	1b60                	.insn	2, 0x1b60
80007b14:	ddc4                	.insn	2, 0xddc4
80007b16:	2cd0                	.insn	2, 0x2cd0
80007b18:	0a74                	.insn	2, 0x0a74
80007b1a:	31d9                	.insn	2, 0x31d9
80007b1c:	7171                	.insn	2, 0x7171
80007b1e:	78df 5324 01b7      	.insn	6, 0x01b7532478df
80007b24:	c0ac                	.insn	2, 0xc0ac
80007b26:	133c                	.insn	2, 0x133c
80007b28:	177e                	.insn	2, 0x177e
80007b2a:	4f96                	.insn	2, 0x4f96
80007b2c:	2eea494b          	.insn	4, 0x2eea494b
80007b30:	1870                	.insn	2, 0x1870
80007b32:	06c5                	.insn	2, 0x06c5
80007b34:	db9c                	.insn	2, 0xdb9c
80007b36:	38ea                	.insn	2, 0x38ea
80007b38:	0276                	.insn	2, 0x0276
80007b3a:	4e81                	.insn	2, 0x4e81
80007b3c:	5bb8                	.insn	2, 0x5bb8
80007b3e:	a4f94d77          	.insn	4, 0xa4f94d77
80007b42:	77c2                	.insn	2, 0x77c2
80007b44:	5c4d96b3          	.insn	4, 0x5c4d96b3
80007b48:	ec61                	.insn	2, 0xec61
80007b4a:	5d497a2b          	.insn	4, 0x5d497a2b
80007b4e:	809e2ba7          	.insn	4, 0x809e2ba7
80007b52:	6a35                	.insn	2, 0x6a35
80007b54:	4ee1                	.insn	2, 0x4ee1
80007b56:	7c9d                	.insn	2, 0x7c9d
80007b58:	fc5c                	.insn	2, 0xfc5c
80007b5a:	6dec3b3b          	.insn	4, 0x6dec3b3b
80007b5e:	74c8                	.insn	2, 0x74c8
80007b60:	94c6                	.insn	2, 0x94c6
80007b62:	4fa9                	.insn	2, 0x4fa9
80007b64:	4190                	.insn	2, 0x4190
80007b66:	2931                	.insn	2, 0x2931
80007b68:	a664                	.insn	2, 0xa664
80007b6a:	681f b8f7 37c3      	.insn	6, 0x37c3b8f7681f
80007b70:	1936                	.insn	2, 0x1936
80007b72:	42f8                	.insn	2, 0x42f8
80007b74:	417f 0676 54c2 5626 	.insn	18, 0xa6ab075a34930a1dd345562654c20676417f
80007b7c:	d345 0a1d 3493 075a 
80007b84:	a6ab 
80007b86:	6182                	.insn	2, 0x6182
80007b88:	fe11                	.insn	2, 0xfe11
80007b8a:	2828                	.insn	2, 0x2828
80007b8c:	79c39977          	.insn	4, 0x79c39977
80007b90:	2d2aea73          	csrrsi	s4,0x2d2,21
80007b94:	0b6e                	.insn	2, 0x0b6e
80007b96:	1e8c                	.insn	2, 0x1e8c
80007b98:	d1ee                	.insn	2, 0xd1ee
80007b9a:	0721                	.insn	2, 0x0721
80007b9c:	705c                	.insn	2, 0x705c
80007b9e:	91200377          	.insn	4, 0x91200377
80007ba2:	88a17c9b          	.insn	4, 0x88a17c9b
80007ba6:	1cfa                	.insn	2, 0x1cfa
80007ba8:	c63a                	.insn	2, 0xc63a
80007baa:	6089                	.insn	2, 0x6089
80007bac:	19cee96b          	.insn	4, 0x19cee96b
80007bb0:	a8ed                	.insn	2, 0xa8ed
80007bb2:	42fc3557          	.insn	4, 0x42fc3557
80007bb6:	169e                	.insn	2, 0x169e
80007bb8:	6f0e                	.insn	2, 0x6f0e
80007bba:	70b5                	.insn	2, 0x70b5
80007bbc:	ed6c                	.insn	2, 0xed6c
80007bbe:	706e                	.insn	2, 0x706e
80007bc0:	8f2e                	.insn	2, 0x8f2e
80007bc2:	6ec8                	.insn	2, 0x6ec8
80007bc4:	39c73b7f 49572b3c 	.insn	16, 0x14f726d670b4af3749572b3c39c73b7f
80007bcc:	70b4af37 14f726d6 
80007bd4:	7509                	.insn	2, 0x7509
80007bd6:	0ccc                	.insn	2, 0x0ccc
80007bd8:	4f7e                	.insn	2, 0x4f7e
80007bda:	c8955c63          	bge	a0,s1,80007072 <input_data+0x117a>
80007bde:	30b0125b          	.insn	4, 0x30b0125b
80007be2:	0191                	.insn	2, 0x0191
80007be4:	040ea107          	.insn	4, 0x040ea107
80007be8:	9a3e                	.insn	2, 0x9a3e
80007bea:	03435273          	csrrwi	tp,0x34,6
80007bee:	6816                	.insn	2, 0x6816
80007bf0:	ad38                	.insn	2, 0xad38
80007bf2:	40f9                	.insn	2, 0x40f9
80007bf4:	a545                	.insn	2, 0xa545
80007bf6:	da0162d3          	.insn	4, 0xda0162d3
80007bfa:	7c11                	.insn	2, 0x7c11
80007bfc:	7015                	.insn	2, 0x7015
80007bfe:	4216438f          	.insn	4, 0x4216438f
80007c02:	6ce86427          	.insn	4, 0x6ce86427
80007c06:	50713e9b          	.insn	4, 0x50713e9b
80007c0a:	6ba6                	.insn	2, 0x6ba6
80007c0c:	8e36                	.insn	2, 0x8e36
80007c0e:	6621                	.insn	2, 0x6621
80007c10:	3d39                	.insn	2, 0x3d39
80007c12:	1f09                	.insn	2, 0x1f09
80007c14:	9675                	.insn	2, 0x9675
80007c16:	fc0518e3          	bnez	a0,80007be6 <input_data+0x1cee>
80007c1a:	50c4                	.insn	2, 0x50c4
80007c1c:	648d                	.insn	2, 0x648d
80007c1e:	25a2                	.insn	2, 0x25a2
80007c20:	6f8c                	.insn	2, 0x6f8c
80007c22:	b10867db          	.insn	4, 0xb10867db
80007c26:	7bd6                	.insn	2, 0x7bd6
80007c28:	65dd924f          	.insn	4, 0x65dd924f
80007c2c:	23688f3b          	.insn	4, 0x23688f3b
80007c30:	b958                	.insn	2, 0xb958
80007c32:	37da                	.insn	2, 0x37da
80007c34:	2c3cdaab          	.insn	4, 0x2c3cdaab
80007c38:	94e1                	.insn	2, 0x94e1
80007c3a:	7184                	.insn	2, 0x7184
80007c3c:	6341                	.insn	2, 0x6341
80007c3e:	c23634eb          	.insn	4, 0xc23634eb
80007c42:	b1bf4ccf          	.insn	4, 0xb1bf4ccf
80007c46:	194e                	.insn	2, 0x194e
80007c48:	8add                	.insn	2, 0x8add
80007c4a:	5948                	.insn	2, 0x5948
80007c4c:	31766a3f 5282f6af 	.insn	8, 0x5282f6af31766a3f
80007c54:	ab91                	.insn	2, 0xab91
80007c56:	0ee8                	.insn	2, 0x0ee8
80007c58:	0919                	.insn	2, 0x0919
80007c5a:	0bed                	.insn	2, 0x0bed
80007c5c:	29599857          	.insn	4, 0x29599857
80007c60:	8572                	.insn	2, 0x8572
80007c62:	5b04                	.insn	2, 0x5b04
80007c64:	0211                	.insn	2, 0x0211
80007c66:	572c                	.insn	2, 0x572c
80007c68:	d2ea                	.insn	2, 0xd2ea
80007c6a:	6495                	.insn	2, 0x6495
80007c6c:	be30                	.insn	2, 0xbe30
80007c6e:	b63144f3          	.insn	4, 0xb63144f3
80007c72:	0e64                	.insn	2, 0x0e64
80007c74:	8a9e                	.insn	2, 0x8a9e
80007c76:	fd9646fb          	.insn	4, 0xfd9646fb
80007c7a:	4a86                	.insn	2, 0x4a86
80007c7c:	d916                	.insn	2, 0xd916
80007c7e:	7b0a                	.insn	2, 0x7b0a
80007c80:	9418                	.insn	2, 0x9418
80007c82:	01a4                	.insn	2, 0x01a4
80007c84:	e7fa                	.insn	2, 0xe7fa
80007c86:	7015                	.insn	2, 0x7015
80007c88:	a050                	.insn	2, 0xa050
80007c8a:	03407643          	.insn	4, 0x03407643
80007c8e:	063e                	.insn	2, 0x063e
80007c90:	85ea                	.insn	2, 0x85ea
80007c92:	4eec                	.insn	2, 0x4eec
80007c94:	a95e                	.insn	2, 0xa95e
80007c96:	3aef40f3          	.insn	4, 0x3aef40f3
80007c9a:	e62853a3          	.insn	4, 0xe62853a3
80007c9e:	7316                	.insn	2, 0x7316
80007ca0:	2e160dbb          	.insn	4, 0x2e160dbb
80007ca4:	452708a7          	.insn	4, 0x452708a7
80007ca8:	9d30                	.insn	2, 0x9d30
80007caa:	218e                	.insn	2, 0x218e
80007cac:	b11e                	.insn	2, 0xb11e
80007cae:	3f7c                	.insn	2, 0x3f7c
80007cb0:	8a44                	.insn	2, 0x8a44
80007cb2:	19ad1def          	jal	s11,800d8e4c <_tbss_end+0xceec8>
80007cb6:	61e4                	.insn	2, 0x61e4
80007cb8:	b8a4                	.insn	2, 0xb8a4
80007cba:	b5d94e17          	auipc	t3,0xb5d94
80007cbe:	6728                	.insn	2, 0x6728
80007cc0:	73e6                	.insn	2, 0x73e6
80007cc2:	57f4                	.insn	2, 0x57f4
80007cc4:	5cb5                	.insn	2, 0x5cb5
80007cc6:	673824b3          	.insn	4, 0x673824b3
80007cca:	452c                	.insn	2, 0x452c
80007ccc:	375ced43          	.insn	4, 0x375ced43
80007cd0:	2f3e                	.insn	2, 0x2f3e
80007cd2:	0f22                	.insn	2, 0x0f22
80007cd4:	c5fc                	.insn	2, 0xc5fc
80007cd6:	6b3d                	.insn	2, 0x6b3d
80007cd8:	d05f 47da c656      	.insn	6, 0xc65647dad05f
80007cde:	189e                	.insn	2, 0x189e
80007ce0:	2f60                	.insn	2, 0x2f60
80007ce2:	5eb9                	.insn	2, 0x5eb9
80007ce4:	69c06c73          	csrrsi	s8,0x69c,0
80007ce8:	b6de                	.insn	2, 0xb6de
80007cea:	029e                	.insn	2, 0x029e
80007cec:	63bcc123          	.insn	4, 0x63bcc123
80007cf0:	c1b4                	.insn	2, 0xc1b4
80007cf2:	318b28bb          	.insn	4, 0x318b28bb
80007cf6:	99334b27          	.insn	4, 0x99334b27
80007cfa:	7d19                	.insn	2, 0x7d19
80007cfc:	2e0b77ef          	jal	a5,800befdc <_tbss_end+0xb5058>
80007d00:	49777d6b          	.insn	4, 0x49777d6b
80007d04:	d426                	.insn	2, 0xd426
80007d06:	2d30                	.insn	2, 0x2d30
80007d08:	318c2ea3          	sw	s8,797(s8)
80007d0c:	5faed877          	.insn	4, 0x5faed877
80007d10:	f09c                	.insn	2, 0xf09c
80007d12:	00ad62fb          	.insn	4, 0x00ad62fb
80007d16:	0174                	.insn	2, 0x0174
80007d18:	6adf 5506 6f54      	.insn	6, 0x6f5455066adf
80007d1e:	600e                	.insn	2, 0x600e
80007d20:	c4ff 40b0 1040 00c4 	.insn	18, 0x3644345fc77a1b2bd25200c4104040b0c4ff
80007d28:	d252 1b2b c77a 345f 
80007d30:	3644 
80007d32:	490671e7          	.insn	4, 0x490671e7
80007d36:	526d                	.insn	2, 0x526d
80007d38:	8909                	.insn	2, 0x8909
80007d3a:	743c                	.insn	2, 0x743c
80007d3c:	ffda                	.insn	2, 0xffda
80007d3e:	389f 5411 35e6      	.insn	6, 0x35e65411389f
80007d44:	91a6                	.insn	2, 0x91a6
80007d46:	26402f2b          	.insn	4, 0x26402f2b
80007d4a:	5e70                	.insn	2, 0x5e70
80007d4c:	d928                	.insn	2, 0xd928
80007d4e:	0c85                	.insn	2, 0x0c85
80007d50:	422f2997          	auipc	s3,0x422f2
80007d54:	a9d0                	.insn	2, 0xa9d0
80007d56:	f68615bb          	.insn	4, 0xf68615bb
80007d5a:	0335                	.insn	2, 0x0335
80007d5c:	9db6                	.insn	2, 0x9db6
80007d5e:	84d02e07          	.insn	4, 0x84d02e07
80007d62:	1c2d                	.insn	2, 0x1c2d
80007d64:	19f2                	.insn	2, 0x19f2
80007d66:	4396                	.insn	2, 0x4396
80007d68:	663ef68b          	.insn	4, 0x663ef68b
80007d6c:	657f 5624 b757 5bdb 	.insn	22, 0x4ae370d6584039f0708e08e42c115bdbb7575624657f
80007d74:	2c11 08e4 708e 39f0 
80007d7c:	5840 70d6 4ae3 
80007d82:	5fae58ab          	.insn	4, 0x5fae58ab
80007d86:	2632                	.insn	2, 0x2632
80007d88:	c65d                	.insn	2, 0xc65d
80007d8a:	57a2                	.insn	2, 0x57a2
80007d8c:	afc1                	.insn	2, 0xafc1
80007d8e:	4361268b          	.insn	4, 0x4361268b
80007d92:	3aea                	.insn	2, 0x3aea
80007d94:	eae5                	.insn	2, 0xeae5
80007d96:	29e8                	.insn	2, 0x29e8
80007d98:	9209                	.insn	2, 0x9209
80007d9a:	687e                	.insn	2, 0x687e
80007d9c:	5c32                	.insn	2, 0x5c32
80007d9e:	765e                	.insn	2, 0x765e
80007da0:	28ae                	.insn	2, 0x28ae
80007da2:	297c                	.insn	2, 0x297c
80007da4:	fa95                	.insn	2, 0xfa95
80007da6:	6a49                	.insn	2, 0x6a49
80007da8:	e729                	.insn	2, 0xe729
80007daa:	4e82                	.insn	2, 0x4e82
80007dac:	4cb0                	.insn	2, 0x4cb0
80007dae:	689e                	.insn	2, 0x689e
80007db0:	b1ee                	.insn	2, 0xb1ee
80007db2:	83ba1fb7          	lui	t6,0x83ba1
80007db6:	3fbe                	.insn	2, 0x3fbe
80007db8:	0ee21ec7          	.insn	4, 0x0ee21ec7
80007dbc:	1f407de7          	.insn	4, 0x1f407de7
80007dc0:	8c8c                	.insn	2, 0x8c8c
80007dc2:	2d2d                	.insn	2, 0x2d2d
80007dc4:	97d6                	.insn	2, 0x97d6
80007dc6:	7db5                	.insn	2, 0x7db5
80007dc8:	37ea                	.insn	2, 0x37ea
80007dca:	10d0240f          	.insn	4, 0x10d0240f
80007dce:	7585                	.insn	2, 0x7585
80007dd0:	58ce                	.insn	2, 0x58ce
80007dd2:	5eaa                	.insn	2, 0x5eaa
80007dd4:	4e8e                	.insn	2, 0x4e8e
80007dd6:	76c05b67          	.insn	4, 0x76c05b67
80007dda:	252c                	.insn	2, 0x252c
80007ddc:	53c8cb9b          	.insn	4, 0x53c8cb9b
80007de0:	748d9613          	.insn	4, 0x748d9613
80007de4:	7651                	.insn	2, 0x7651
80007de6:	8c68408b          	.insn	4, 0x8c68408b
80007dea:	52ac                	.insn	2, 0x52ac
80007dec:	86a9                	.insn	2, 0x86a9
80007dee:	341a                	.insn	2, 0x341a
80007df0:	d8ac                	.insn	2, 0xd8ac
80007df2:	5030                	.insn	2, 0x5030
80007df4:	45a55e33          	.insn	4, 0x45a55e33
80007df8:	3159                	.insn	2, 0x3159
80007dfa:	7782                	.insn	2, 0x7782
80007dfc:	27b1                	.insn	2, 0x27b1
80007dfe:	43550df3          	.insn	4, 0x43550df3
80007e02:	1c36                	.insn	2, 0x1c36
80007e04:	2ad8                	.insn	2, 0x2ad8
80007e06:	2709                	.insn	2, 0x2709
80007e08:	57cebc73          	csrrc	s8,0x57c,t4
80007e0c:	ed02                	.insn	2, 0xed02
80007e0e:	3b76                	.insn	2, 0x3b76
80007e10:	2fcade4f          	.insn	4, 0x2fcade4f
80007e14:	7a54488b          	.insn	4, 0x7a54488b
80007e18:	e0a1                	.insn	2, 0xe0a1
80007e1a:	703e                	.insn	2, 0x703e
80007e1c:	eae8                	.insn	2, 0xeae8
80007e1e:	0b10                	.insn	2, 0x0b10
80007e20:	52d9061b          	.insn	4, 0x52d9061b
80007e24:	ac6e                	.insn	2, 0xac6e
80007e26:	66d9                	.insn	2, 0x66d9
80007e28:	5b28                	.insn	2, 0x5b28
80007e2a:	34cd                	.insn	2, 0x34cd
80007e2c:	bd26                	.insn	2, 0xbd26
80007e2e:	3925                	.insn	2, 0x3925
80007e30:	cbd4                	.insn	2, 0xcbd4
80007e32:	7a70                	.insn	2, 0x7a70
80007e34:	b6cd                	.insn	2, 0xb6cd
80007e36:	fc8e039b          	.insn	4, 0xfc8e039b
80007e3a:	5515                	.insn	2, 0x5515
80007e3c:	45288ea3          	sb	s2,1117(a7)
80007e40:	c129                	.insn	2, 0xc129
80007e42:	a88b6cef          	jal	s9,7ffbe0ca <buflen.1+0x7ffbe08a>
80007e46:	53f8                	.insn	2, 0x53f8
80007e48:	1629                	.insn	2, 0x1629
80007e4a:	6460                	.insn	2, 0x6460
80007e4c:	b922                	.insn	2, 0xb922
80007e4e:	03ad                	.insn	2, 0x03ad
80007e50:	324f49f7          	.insn	4, 0x324f49f7
80007e54:	bdbd                	.insn	2, 0xbdbd
80007e56:	f6433c4b          	.insn	4, 0xf6433c4b
80007e5a:	5aad                	.insn	2, 0x5aad
80007e5c:	5f29                	.insn	2, 0x5f29
80007e5e:	5e48                	.insn	2, 0x5e48
80007e60:	2d7f 3618 1f55 7894 	.insn	14, 0x8204430fbce778941f5536182d7f
80007e68:	bce7 430f 8204 
80007e6e:	4e34                	.insn	2, 0x4e34
80007e70:	c149                	.insn	2, 0xc149
80007e72:	fdf6576b          	.insn	4, 0xfdf6576b
80007e76:	734b39d3          	.insn	4, 0x734b39d3
80007e7a:	04d2                	.insn	2, 0x04d2
80007e7c:	35e2                	.insn	2, 0x35e2
80007e7e:	5625                	.insn	2, 0x5625
80007e80:	a794                	.insn	2, 0xa794
80007e82:	13fe                	.insn	2, 0x13fe
80007e84:	47e8                	.insn	2, 0x47e8
80007e86:	1e6d                	.insn	2, 0x1e6d
80007e88:	efda                	.insn	2, 0xefda
80007e8a:	0588                	.insn	2, 0x0588
80007e8c:	b61d                	.insn	2, 0xb61d
80007e8e:	6226                	.insn	2, 0x6226
80007e90:	bb78                	.insn	2, 0xbb78
80007e92:	6266                	.insn	2, 0x6266
80007e94:	5b668c23          	sb	s6,1464(a3) # 20a315b8 <buflen.1+0x20a31578>
80007e98:	b0dc                	.insn	2, 0xb0dc
80007e9a:	0ffa                	.insn	2, 0x0ffa
80007e9c:	347e3b97          	auipc	s7,0x347e3
80007ea0:	465d649b          	.insn	4, 0x465d649b
80007ea4:	bc8d                	.insn	2, 0xbc8d
80007ea6:	6f59                	.insn	2, 0x6f59
80007ea8:	685d77c3          	.insn	4, 0x685d77c3
80007eac:	9740                	.insn	2, 0x9740
80007eae:	17ed                	.insn	2, 0x17ed
80007eb0:	2c8c                	.insn	2, 0x2c8c
80007eb2:	2031                	.insn	2, 0x2031
80007eb4:	a141                	.insn	2, 0xa141
80007eb6:	0f163cf7          	.insn	4, 0x0f163cf7
80007eba:	1b81                	.insn	2, 0x1b81
80007ebc:	48deb2b3          	.insn	4, 0x48deb2b3
80007ec0:	1b350fbf 05a5ef07 	.insn	8, 0x05a5ef071b350fbf
80007ec8:	44f2                	.insn	2, 0x44f2
80007eca:	4961                	.insn	2, 0x4961
80007ecc:	3900                	.insn	2, 0x3900
80007ece:	a4257fdb          	.insn	4, 0xa4257fdb
80007ed2:	7329                	.insn	2, 0x7329
80007ed4:	12e0                	.insn	2, 0x12e0
80007ed6:	c44211eb          	.insn	4, 0xc44211eb
80007eda:	7a88                	.insn	2, 0x7a88
80007edc:	c985                	.insn	2, 0xc985
80007ede:	3a76                	.insn	2, 0x3a76
80007ee0:	4e03cf67          	.insn	4, 0x4e03cf67
80007ee4:	e4c1                	.insn	2, 0xe4c1
80007ee6:	3c39                	.insn	2, 0x3c39
80007ee8:	167d                	.insn	2, 0x167d
80007eea:	5370                	.insn	2, 0x5370
80007eec:	36f5                	.insn	2, 0x36f5
80007eee:	4896                	.insn	2, 0x4896
80007ef0:	66c0                	.insn	2, 0x66c0
80007ef2:	37b6                	.insn	2, 0x37b6
80007ef4:	935e                	.insn	2, 0x935e
80007ef6:	3460                	.insn	2, 0x3460
