
spmv.riscv:     file format elf32-littleriscv


Disassembly of section .text.init:

80000000 <_start>:
80000000:	00000093          	li	ra,0
80000004:	00000113          	li	sp,0
80000008:	00000193          	li	gp,0
8000000c:	00000213          	li	tp,0
80000010:	00000293          	li	t0,0
80000014:	00000313          	li	t1,0
80000018:	00000393          	li	t2,0
8000001c:	00000413          	li	s0,0
80000020:	00000493          	li	s1,0
80000024:	00000513          	li	a0,0
80000028:	00000593          	li	a1,0
8000002c:	00000613          	li	a2,0
80000030:	00000693          	li	a3,0
80000034:	00000713          	li	a4,0
80000038:	00000793          	li	a5,0
8000003c:	00000813          	li	a6,0
80000040:	00000893          	li	a7,0
80000044:	00000913          	li	s2,0
80000048:	00000993          	li	s3,0
8000004c:	00000a13          	li	s4,0
80000050:	00000a93          	li	s5,0
80000054:	00000b13          	li	s6,0
80000058:	00000b93          	li	s7,0
8000005c:	00000c13          	li	s8,0
80000060:	00000c93          	li	s9,0
80000064:	00000d13          	li	s10,0
80000068:	00000d93          	li	s11,0
8000006c:	00000e13          	li	t3,0
80000070:	00000e93          	li	t4,0
80000074:	00000f13          	li	t5,0
80000078:	00000f93          	li	t6,0
8000007c:	0181e2b7          	lui	t0,0x181e
80000080:	3002a073          	csrs	mstatus,t0
80000084:	00100293          	li	t0,1
80000088:	01f29293          	slli	t0,t0,0x1f
8000008c:	0002ca63          	bltz	t0,800000a0 <_start+0xa0>
80000090:	00100513          	li	a0,1
80000094:	00001297          	auipc	t0,0x1
80000098:	f6a2a623          	sw	a0,-148(t0) # 80001000 <tohost>
8000009c:	ff5ff06f          	j	80000090 <_start+0x90>
800000a0:	00000297          	auipc	t0,0x0
800000a4:	04028293          	addi	t0,t0,64 # 800000e0 <trap_entry>
800000a8:	30529073          	csrw	mtvec,t0
800000ac:	0000f197          	auipc	gp,0xf
800000b0:	e1c18193          	addi	gp,gp,-484 # 8000eec8 <__global_pointer$>
800000b4:	87718213          	addi	tp,gp,-1929 # 8000e73f <_end+0x3f>
800000b8:	fc027213          	andi	tp,tp,-64
800000bc:	f1402573          	csrr	a0,mhartid
800000c0:	00100593          	li	a1,1
800000c4:	00b57063          	bgeu	a0,a1,800000c4 <_start+0xc4>
800000c8:	00150113          	addi	sp,a0,1
800000cc:	01111113          	slli	sp,sp,0x11
800000d0:	00410133          	add	sp,sp,tp
800000d4:	01151613          	slli	a2,a0,0x11
800000d8:	00c20233          	add	tp,tp,a2
800000dc:	4fd0206f          	j	80002dd8 <_init>

800000e0 <trap_entry>:
800000e0:	ef010113          	addi	sp,sp,-272
800000e4:	00112223          	sw	ra,4(sp)
800000e8:	00212423          	sw	sp,8(sp)
800000ec:	00312623          	sw	gp,12(sp)
800000f0:	00412823          	sw	tp,16(sp)
800000f4:	00512a23          	sw	t0,20(sp)
800000f8:	00612c23          	sw	t1,24(sp)
800000fc:	00712e23          	sw	t2,28(sp)
80000100:	02812023          	sw	s0,32(sp)
80000104:	02912223          	sw	s1,36(sp)
80000108:	02a12423          	sw	a0,40(sp)
8000010c:	02b12623          	sw	a1,44(sp)
80000110:	02c12823          	sw	a2,48(sp)
80000114:	02d12a23          	sw	a3,52(sp)
80000118:	02e12c23          	sw	a4,56(sp)
8000011c:	02f12e23          	sw	a5,60(sp)
80000120:	05012023          	sw	a6,64(sp)
80000124:	05112223          	sw	a7,68(sp)
80000128:	05212423          	sw	s2,72(sp)
8000012c:	05312623          	sw	s3,76(sp)
80000130:	05412823          	sw	s4,80(sp)
80000134:	05512a23          	sw	s5,84(sp)
80000138:	05612c23          	sw	s6,88(sp)
8000013c:	05712e23          	sw	s7,92(sp)
80000140:	07812023          	sw	s8,96(sp)
80000144:	07912223          	sw	s9,100(sp)
80000148:	07a12423          	sw	s10,104(sp)
8000014c:	07b12623          	sw	s11,108(sp)
80000150:	07c12823          	sw	t3,112(sp)
80000154:	07d12a23          	sw	t4,116(sp)
80000158:	07e12c23          	sw	t5,120(sp)
8000015c:	07f12e23          	sw	t6,124(sp)
80000160:	34202573          	csrr	a0,mcause
80000164:	341025f3          	csrr	a1,mepc
80000168:	00010613          	mv	a2,sp
8000016c:	0dd020ef          	jal	80002a48 <handle_trap>
80000170:	34151073          	csrw	mepc,a0
80000174:	000022b7          	lui	t0,0x2
80000178:	80028293          	addi	t0,t0,-2048 # 1800 <buflen.1+0x17c0>
8000017c:	3002a073          	csrs	mstatus,t0
80000180:	00412083          	lw	ra,4(sp)
80000184:	00812103          	lw	sp,8(sp)
80000188:	00c12183          	lw	gp,12(sp)
8000018c:	01012203          	lw	tp,16(sp)
80000190:	01412283          	lw	t0,20(sp)
80000194:	01812303          	lw	t1,24(sp)
80000198:	01c12383          	lw	t2,28(sp)
8000019c:	02012403          	lw	s0,32(sp)
800001a0:	02412483          	lw	s1,36(sp)
800001a4:	02812503          	lw	a0,40(sp)
800001a8:	02c12583          	lw	a1,44(sp)
800001ac:	03012603          	lw	a2,48(sp)
800001b0:	03412683          	lw	a3,52(sp)
800001b4:	03812703          	lw	a4,56(sp)
800001b8:	03c12783          	lw	a5,60(sp)
800001bc:	04012803          	lw	a6,64(sp)
800001c0:	04412883          	lw	a7,68(sp)
800001c4:	04812903          	lw	s2,72(sp)
800001c8:	04c12983          	lw	s3,76(sp)
800001cc:	05012a03          	lw	s4,80(sp)
800001d0:	05412a83          	lw	s5,84(sp)
800001d4:	05812b03          	lw	s6,88(sp)
800001d8:	05c12b83          	lw	s7,92(sp)
800001dc:	06012c03          	lw	s8,96(sp)
800001e0:	06412c83          	lw	s9,100(sp)
800001e4:	06812d03          	lw	s10,104(sp)
800001e8:	06c12d83          	lw	s11,108(sp)
800001ec:	07012e03          	lw	t3,112(sp)
800001f0:	07412e83          	lw	t4,116(sp)
800001f4:	07812f03          	lw	t5,120(sp)
800001f8:	07c12f83          	lw	t6,124(sp)
800001fc:	11010113          	addi	sp,sp,272
80000200:	30200073          	mret

Disassembly of section .text:

80002000 <spmv>:
80002000:	40a05263          	blez	a0,80002404 <spmv+0x404>
80002004:	f3010113          	addi	sp,sp,-208
80002008:	0b412c23          	sw	s4,184(sp)
8000200c:	0b512a23          	sw	s5,180(sp)
80002010:	00251513          	slli	a0,a0,0x2
80002014:	01012a03          	lw	s4,16(sp)
80002018:	01412a83          	lw	s5,20(sp)
8000201c:	02e12e23          	sw	a4,60(sp)
80002020:	06f12423          	sw	a5,104(sp)
80002024:	00a70733          	add	a4,a4,a0
80002028:	02058793          	addi	a5,a1,32
8000202c:	0b812423          	sw	s8,168(sp)
80002030:	0c112623          	sw	ra,204(sp)
80002034:	0c812423          	sw	s0,200(sp)
80002038:	0c912223          	sw	s1,196(sp)
8000203c:	0d212023          	sw	s2,192(sp)
80002040:	0b312e23          	sw	s3,188(sp)
80002044:	0b612823          	sw	s6,176(sp)
80002048:	0b712623          	sw	s7,172(sp)
8000204c:	0b912223          	sw	s9,164(sp)
80002050:	0ba12023          	sw	s10,160(sp)
80002054:	09b12e23          	sw	s11,156(sp)
80002058:	00068c13          	mv	s8,a3
8000205c:	08e12423          	sw	a4,136(sp)
80002060:	08f12623          	sw	a5,140(sp)
80002064:	06b12c23          	sw	a1,120(sp)
80002068:	06c12e23          	sw	a2,124(sp)
8000206c:	03c12783          	lw	a5,60(sp)
80002070:	0047a883          	lw	a7,4(a5)
80002074:	0007a803          	lw	a6,0(a5)
80002078:	ffd88793          	addi	a5,a7,-3
8000207c:	36f85a63          	bge	a6,a5,800023f0 <spmv+0x3f0>
80002080:	ffc88793          	addi	a5,a7,-4
80002084:	410787b3          	sub	a5,a5,a6
80002088:	ffc7ff13          	andi	t5,a5,-4
8000208c:	08c12683          	lw	a3,140(sp)
80002090:	010f0733          	add	a4,t5,a6
80002094:	00371713          	slli	a4,a4,0x3
80002098:	00d70733          	add	a4,a4,a3
8000209c:	02e12c23          	sw	a4,56(sp)
800020a0:	07812703          	lw	a4,120(sp)
800020a4:	00381413          	slli	s0,a6,0x3
800020a8:	00000793          	li	a5,0
800020ac:	00870433          	add	s0,a4,s0
800020b0:	07c12703          	lw	a4,124(sp)
800020b4:	00000c93          	li	s9,0
800020b8:	00281493          	slli	s1,a6,0x2
800020bc:	07112623          	sw	a7,108(sp)
800020c0:	009704b3          	add	s1,a4,s1
800020c4:	00078993          	mv	s3,a5
800020c8:	000c8913          	mv	s2,s9
800020cc:	07012823          	sw	a6,112(sp)
800020d0:	07e12a23          	sw	t5,116(sp)
800020d4:	00f12823          	sw	a5,16(sp)
800020d8:	00f12c23          	sw	a5,24(sp)
800020dc:	03912023          	sw	s9,32(sp)
800020e0:	000c8893          	mv	a7,s9
800020e4:	0004a583          	lw	a1,0(s1)
800020e8:	00042603          	lw	a2,0(s0)
800020ec:	00442683          	lw	a3,4(s0)
800020f0:	00359593          	slli	a1,a1,0x3
800020f4:	00bc05b3          	add	a1,s8,a1
800020f8:	0005a503          	lw	a0,0(a1)
800020fc:	0045a583          	lw	a1,4(a1)
80002100:	03112a23          	sw	a7,52(sp)
80002104:	02f12423          	sw	a5,40(sp)
80002108:	1b0020ef          	jal	800042b8 <__muldf3>
8000210c:	00050613          	mv	a2,a0
80002110:	00058693          	mv	a3,a1
80002114:	00098513          	mv	a0,s3
80002118:	00090593          	mv	a1,s2
8000211c:	191010ef          	jal	80003aac <__adddf3>
80002120:	00090d93          	mv	s11,s2
80002124:	00058913          	mv	s2,a1
80002128:	0044a583          	lw	a1,4(s1)
8000212c:	00842603          	lw	a2,8(s0)
80002130:	00c42683          	lw	a3,12(s0)
80002134:	00359593          	slli	a1,a1,0x3
80002138:	00bc05b3          	add	a1,s8,a1
8000213c:	00098d13          	mv	s10,s3
80002140:	00050993          	mv	s3,a0
80002144:	0005a503          	lw	a0,0(a1)
80002148:	0045a583          	lw	a1,4(a1)
8000214c:	02040413          	addi	s0,s0,32
80002150:	01048493          	addi	s1,s1,16
80002154:	164020ef          	jal	800042b8 <__muldf3>
80002158:	01012783          	lw	a5,16(sp)
8000215c:	01912623          	sw	s9,12(sp)
80002160:	00050613          	mv	a2,a0
80002164:	00f12423          	sw	a5,8(sp)
80002168:	00058693          	mv	a3,a1
8000216c:	00812503          	lw	a0,8(sp)
80002170:	00c12583          	lw	a1,12(sp)
80002174:	139010ef          	jal	80003aac <__adddf3>
80002178:	ff84a803          	lw	a6,-8(s1)
8000217c:	ff042603          	lw	a2,-16(s0)
80002180:	ff442683          	lw	a3,-12(s0)
80002184:	00381813          	slli	a6,a6,0x3
80002188:	010c0833          	add	a6,s8,a6
8000218c:	00a12823          	sw	a0,16(sp)
80002190:	00058c93          	mv	s9,a1
80002194:	00082503          	lw	a0,0(a6)
80002198:	00482583          	lw	a1,4(a6)
8000219c:	11c020ef          	jal	800042b8 <__muldf3>
800021a0:	01812a03          	lw	s4,24(sp)
800021a4:	02012a83          	lw	s5,32(sp)
800021a8:	00050613          	mv	a2,a0
800021ac:	00058693          	mv	a3,a1
800021b0:	000a0513          	mv	a0,s4
800021b4:	000a8593          	mv	a1,s5
800021b8:	0f5010ef          	jal	80003aac <__adddf3>
800021bc:	ffc4a803          	lw	a6,-4(s1)
800021c0:	00058313          	mv	t1,a1
800021c4:	ff842603          	lw	a2,-8(s0)
800021c8:	00381813          	slli	a6,a6,0x3
800021cc:	010c0833          	add	a6,s8,a6
800021d0:	ffc42683          	lw	a3,-4(s0)
800021d4:	00482583          	lw	a1,4(a6)
800021d8:	00a12c23          	sw	a0,24(sp)
800021dc:	00082503          	lw	a0,0(a6)
800021e0:	02612023          	sw	t1,32(sp)
800021e4:	0d4020ef          	jal	800042b8 <__muldf3>
800021e8:	02812783          	lw	a5,40(sp)
800021ec:	03412883          	lw	a7,52(sp)
800021f0:	00050613          	mv	a2,a0
800021f4:	00058693          	mv	a3,a1
800021f8:	00078513          	mv	a0,a5
800021fc:	00088593          	mv	a1,a7
80002200:	00078b13          	mv	s6,a5
80002204:	00088b93          	mv	s7,a7
80002208:	0a5010ef          	jal	80003aac <__adddf3>
8000220c:	03812703          	lw	a4,56(sp)
80002210:	00050793          	mv	a5,a0
80002214:	00058893          	mv	a7,a1
80002218:	ec8716e3          	bne	a4,s0,800020e4 <spmv+0xe4>
8000221c:	01012e03          	lw	t3,16(sp)
80002220:	01812e83          	lw	t4,24(sp)
80002224:	02012303          	lw	t1,32(sp)
80002228:	000c8713          	mv	a4,s9
8000222c:	07012803          	lw	a6,112(sp)
80002230:	07412f03          	lw	t5,116(sp)
80002234:	05d12823          	sw	t4,80(sp)
80002238:	05c12c23          	sw	t3,88(sp)
8000223c:	04612a23          	sw	t1,84(sp)
80002240:	04e12e23          	sw	a4,92(sp)
80002244:	06c12883          	lw	a7,108(sp)
80002248:	05012603          	lw	a2,80(sp)
8000224c:	05412683          	lw	a3,84(sp)
80002250:	02a12023          	sw	a0,32(sp)
80002254:	00058c93          	mv	s9,a1
80002258:	05812503          	lw	a0,88(sp)
8000225c:	05c12583          	lw	a1,92(sp)
80002260:	00480813          	addi	a6,a6,4
80002264:	01e80833          	add	a6,a6,t5
80002268:	01112c23          	sw	a7,24(sp)
8000226c:	01012823          	sw	a6,16(sp)
80002270:	03d010ef          	jal	80003aac <__adddf3>
80002274:	02012783          	lw	a5,32(sp)
80002278:	07912223          	sw	s9,100(sp)
8000227c:	06412683          	lw	a3,100(sp)
80002280:	06f12023          	sw	a5,96(sp)
80002284:	06012603          	lw	a2,96(sp)
80002288:	025010ef          	jal	80003aac <__adddf3>
8000228c:	01012803          	lw	a6,16(sp)
80002290:	01812883          	lw	a7,24(sp)
80002294:	00058793          	mv	a5,a1
80002298:	0d185863          	bge	a6,a7,80002368 <spmv+0x368>
8000229c:	07812703          	lw	a4,120(sp)
800022a0:	00381493          	slli	s1,a6,0x3
800022a4:	00389893          	slli	a7,a7,0x3
800022a8:	01170433          	add	s0,a4,a7
800022ac:	009704b3          	add	s1,a4,s1
800022b0:	07c12703          	lw	a4,124(sp)
800022b4:	00281813          	slli	a6,a6,0x2
800022b8:	01b12e23          	sw	s11,28(sp)
800022bc:	01070cb3          	add	s9,a4,a6
800022c0:	00098d93          	mv	s11,s3
800022c4:	03512223          	sw	s5,36(sp)
800022c8:	03712623          	sw	s7,44(sp)
800022cc:	00a12823          	sw	a0,16(sp)
800022d0:	000c8b93          	mv	s7,s9
800022d4:	01a12c23          	sw	s10,24(sp)
800022d8:	00078993          	mv	s3,a5
800022dc:	03412023          	sw	s4,32(sp)
800022e0:	00048a93          	mv	s5,s1
800022e4:	03612423          	sw	s6,40(sp)
800022e8:	00040c93          	mv	s9,s0
800022ec:	000ba783          	lw	a5,0(s7)
800022f0:	000aa603          	lw	a2,0(s5)
800022f4:	004aa683          	lw	a3,4(s5)
800022f8:	00379793          	slli	a5,a5,0x3
800022fc:	00fc07b3          	add	a5,s8,a5
80002300:	0007a503          	lw	a0,0(a5)
80002304:	0047a583          	lw	a1,4(a5)
80002308:	008a8a93          	addi	s5,s5,8
8000230c:	000d8413          	mv	s0,s11
80002310:	7a9010ef          	jal	800042b8 <__muldf3>
80002314:	00050613          	mv	a2,a0
80002318:	00058693          	mv	a3,a1
8000231c:	000d8513          	mv	a0,s11
80002320:	00090593          	mv	a1,s2
80002324:	788010ef          	jal	80003aac <__adddf3>
80002328:	00090493          	mv	s1,s2
8000232c:	004b8b93          	addi	s7,s7,4
80002330:	00050d93          	mv	s11,a0
80002334:	00058913          	mv	s2,a1
80002338:	fb9a9ae3          	bne	s5,s9,800022ec <spmv+0x2ec>
8000233c:	00098793          	mv	a5,s3
80002340:	01012503          	lw	a0,16(sp)
80002344:	000d8993          	mv	s3,s11
80002348:	01812d03          	lw	s10,24(sp)
8000234c:	01c12d83          	lw	s11,28(sp)
80002350:	02012a03          	lw	s4,32(sp)
80002354:	02412a83          	lw	s5,36(sp)
80002358:	02812b03          	lw	s6,40(sp)
8000235c:	02c12b83          	lw	s7,44(sp)
80002360:	08812023          	sw	s0,128(sp)
80002364:	08912223          	sw	s1,132(sp)
80002368:	04a12023          	sw	a0,64(sp)
8000236c:	04f12223          	sw	a5,68(sp)
80002370:	05312423          	sw	s3,72(sp)
80002374:	05212623          	sw	s2,76(sp)
80002378:	04012603          	lw	a2,64(sp)
8000237c:	04412683          	lw	a3,68(sp)
80002380:	04812503          	lw	a0,72(sp)
80002384:	04c12583          	lw	a1,76(sp)
80002388:	724010ef          	jal	80003aac <__adddf3>
8000238c:	06812703          	lw	a4,104(sp)
80002390:	03c12783          	lw	a5,60(sp)
80002394:	00a72023          	sw	a0,0(a4)
80002398:	00b72223          	sw	a1,4(a4)
8000239c:	00870713          	addi	a4,a4,8
800023a0:	06e12423          	sw	a4,104(sp)
800023a4:	08812703          	lw	a4,136(sp)
800023a8:	00478793          	addi	a5,a5,4
800023ac:	02f12e23          	sw	a5,60(sp)
800023b0:	caf71ee3          	bne	a4,a5,8000206c <spmv+0x6c>
800023b4:	0cc12083          	lw	ra,204(sp)
800023b8:	0c812403          	lw	s0,200(sp)
800023bc:	0c412483          	lw	s1,196(sp)
800023c0:	0c012903          	lw	s2,192(sp)
800023c4:	0bc12983          	lw	s3,188(sp)
800023c8:	0b812a03          	lw	s4,184(sp)
800023cc:	0b412a83          	lw	s5,180(sp)
800023d0:	0b012b03          	lw	s6,176(sp)
800023d4:	0ac12b83          	lw	s7,172(sp)
800023d8:	0a812c03          	lw	s8,168(sp)
800023dc:	0a412c83          	lw	s9,164(sp)
800023e0:	0a012d03          	lw	s10,160(sp)
800023e4:	09c12d83          	lw	s11,156(sp)
800023e8:	0d010113          	addi	sp,sp,208
800023ec:	00008067          	ret
800023f0:	00000513          	li	a0,0
800023f4:	00000793          	li	a5,0
800023f8:	00050993          	mv	s3,a0
800023fc:	00078913          	mv	s2,a5
80002400:	e99ff06f          	j	80002298 <spmv+0x298>
80002404:	00008067          	ret

80002408 <vprintfmt>:
80002408:	eb010113          	addi	sp,sp,-336
8000240c:	14812423          	sw	s0,328(sp)
80002410:	15212023          	sw	s2,320(sp)
80002414:	13312e23          	sw	s3,316(sp)
80002418:	13512a23          	sw	s5,308(sp)
8000241c:	14112623          	sw	ra,332(sp)
80002420:	14912223          	sw	s1,324(sp)
80002424:	13412c23          	sw	s4,312(sp)
80002428:	13712623          	sw	s7,300(sp)
8000242c:	13812423          	sw	s8,296(sp)
80002430:	13912223          	sw	s9,292(sp)
80002434:	13a12023          	sw	s10,288(sp)
80002438:	00050993          	mv	s3,a0
8000243c:	00058913          	mv	s2,a1
80002440:	00060413          	mv	s0,a2
80002444:	00d12623          	sw	a3,12(sp)
80002448:	02500a93          	li	s5,37
8000244c:	0140006f          	j	80002460 <vprintfmt+0x58>
80002450:	06050463          	beqz	a0,800024b8 <vprintfmt+0xb0>
80002454:	00090593          	mv	a1,s2
80002458:	00140413          	addi	s0,s0,1
8000245c:	000980e7          	jalr	s3
80002460:	00044503          	lbu	a0,0(s0)
80002464:	ff5516e3          	bne	a0,s5,80002450 <vprintfmt+0x48>
80002468:	00144683          	lbu	a3,1(s0)
8000246c:	00140a13          	addi	s4,s0,1
80002470:	fff00493          	li	s1,-1
80002474:	02000793          	li	a5,32
80002478:	000a0713          	mv	a4,s4
8000247c:	00048c13          	mv	s8,s1
80002480:	00f12423          	sw	a5,8(sp)
80002484:	00000593          	li	a1,0
80002488:	fdd68793          	addi	a5,a3,-35
8000248c:	0ff7f793          	zext.b	a5,a5
80002490:	05500613          	li	a2,85
80002494:	00170413          	addi	s0,a4,1
80002498:	06f66a63          	bltu	a2,a5,8000250c <vprintfmt+0x104>
8000249c:	0000c617          	auipc	a2,0xc
800024a0:	edc60613          	addi	a2,a2,-292 # 8000e378 <val+0x4af8>
800024a4:	00279793          	slli	a5,a5,0x2
800024a8:	00c787b3          	add	a5,a5,a2
800024ac:	0007a783          	lw	a5,0(a5)
800024b0:	00c787b3          	add	a5,a5,a2
800024b4:	00078067          	jr	a5
800024b8:	14c12083          	lw	ra,332(sp)
800024bc:	14812403          	lw	s0,328(sp)
800024c0:	14412483          	lw	s1,324(sp)
800024c4:	14012903          	lw	s2,320(sp)
800024c8:	13c12983          	lw	s3,316(sp)
800024cc:	13812a03          	lw	s4,312(sp)
800024d0:	13412a83          	lw	s5,308(sp)
800024d4:	12c12b83          	lw	s7,300(sp)
800024d8:	12812c03          	lw	s8,296(sp)
800024dc:	12412c83          	lw	s9,292(sp)
800024e0:	12012d03          	lw	s10,288(sp)
800024e4:	15010113          	addi	sp,sp,336
800024e8:	00008067          	ret
800024ec:	00d12423          	sw	a3,8(sp)
800024f0:	00174683          	lbu	a3,1(a4)
800024f4:	05500613          	li	a2,85
800024f8:	00040713          	mv	a4,s0
800024fc:	fdd68793          	addi	a5,a3,-35
80002500:	0ff7f793          	zext.b	a5,a5
80002504:	00170413          	addi	s0,a4,1
80002508:	f8f67ae3          	bgeu	a2,a5,8000249c <vprintfmt+0x94>
8000250c:	00090593          	mv	a1,s2
80002510:	02500513          	li	a0,37
80002514:	000980e7          	jalr	s3
80002518:	000a0413          	mv	s0,s4
8000251c:	f45ff06f          	j	80002460 <vprintfmt+0x58>
80002520:	00174603          	lbu	a2,1(a4)
80002524:	00900513          	li	a0,9
80002528:	fd068493          	addi	s1,a3,-48
8000252c:	fd060793          	addi	a5,a2,-48
80002530:	00060693          	mv	a3,a2
80002534:	00040713          	mv	a4,s0
80002538:	02f56663          	bltu	a0,a5,80002564 <vprintfmt+0x15c>
8000253c:	00249793          	slli	a5,s1,0x2
80002540:	009787b3          	add	a5,a5,s1
80002544:	00170713          	addi	a4,a4,1
80002548:	00179793          	slli	a5,a5,0x1
8000254c:	00c787b3          	add	a5,a5,a2
80002550:	00074603          	lbu	a2,0(a4)
80002554:	fd078493          	addi	s1,a5,-48
80002558:	fd060793          	addi	a5,a2,-48
8000255c:	00060693          	mv	a3,a2
80002560:	fcf57ee3          	bgeu	a0,a5,8000253c <vprintfmt+0x134>
80002564:	f20c52e3          	bgez	s8,80002488 <vprintfmt+0x80>
80002568:	00048c13          	mv	s8,s1
8000256c:	fff00493          	li	s1,-1
80002570:	f19ff06f          	j	80002488 <vprintfmt+0x80>
80002574:	00174683          	lbu	a3,1(a4)
80002578:	00040713          	mv	a4,s0
8000257c:	f0dff06f          	j	80002488 <vprintfmt+0x80>
80002580:	00090593          	mv	a1,s2
80002584:	02500513          	li	a0,37
80002588:	000980e7          	jalr	s3
8000258c:	ed5ff06f          	j	80002460 <vprintfmt+0x58>
80002590:	00c12783          	lw	a5,12(sp)
80002594:	00174683          	lbu	a3,1(a4)
80002598:	00040713          	mv	a4,s0
8000259c:	0007a483          	lw	s1,0(a5)
800025a0:	00478793          	addi	a5,a5,4
800025a4:	00f12623          	sw	a5,12(sp)
800025a8:	fbdff06f          	j	80002564 <vprintfmt+0x15c>
800025ac:	00090593          	mv	a1,s2
800025b0:	03000513          	li	a0,48
800025b4:	13612823          	sw	s6,304(sp)
800025b8:	000980e7          	jalr	s3
800025bc:	00090593          	mv	a1,s2
800025c0:	07800513          	li	a0,120
800025c4:	000980e7          	jalr	s3
800025c8:	00c12783          	lw	a5,12(sp)
800025cc:	01000b93          	li	s7,16
800025d0:	00000d13          	li	s10,0
800025d4:	00478713          	addi	a4,a5,4
800025d8:	00c12783          	lw	a5,12(sp)
800025dc:	00000c93          	li	s9,0
800025e0:	0007a483          	lw	s1,0(a5)
800025e4:	00e12623          	sw	a4,12(sp)
800025e8:	000b8613          	mv	a2,s7
800025ec:	00000693          	li	a3,0
800025f0:	00048513          	mv	a0,s1
800025f4:	000c8593          	mv	a1,s9
800025f8:	7e5000ef          	jal	800035dc <__umoddi3>
800025fc:	00a12823          	sw	a0,16(sp)
80002600:	279d0863          	beq	s10,s9,80002870 <vprintfmt+0x468>
80002604:	11b12e23          	sw	s11,284(sp)
80002608:	00100b13          	li	s6,1
8000260c:	01410d93          	addi	s11,sp,20
80002610:	00048513          	mv	a0,s1
80002614:	000c8593          	mv	a1,s9
80002618:	000b8613          	mv	a2,s7
8000261c:	00000693          	li	a3,0
80002620:	1f5000ef          	jal	80003014 <__udivdi3>
80002624:	000b8613          	mv	a2,s7
80002628:	00000693          	li	a3,0
8000262c:	00050493          	mv	s1,a0
80002630:	00058c93          	mv	s9,a1
80002634:	7a9000ef          	jal	800035dc <__umoddi3>
80002638:	00ada023          	sw	a0,0(s11)
8000263c:	000b0a13          	mv	s4,s6
80002640:	004d8d93          	addi	s11,s11,4
80002644:	001b0b13          	addi	s6,s6,1
80002648:	fd9d14e3          	bne	s10,s9,80002610 <vprintfmt+0x208>
8000264c:	fd74f2e3          	bgeu	s1,s7,80002610 <vprintfmt+0x208>
80002650:	11c12d83          	lw	s11,284(sp)
80002654:	fffc0b93          	addi	s7,s8,-1
80002658:	fffb0493          	addi	s1,s6,-1
8000265c:	018b5c63          	bge	s6,s8,80002674 <vprintfmt+0x26c>
80002660:	00812503          	lw	a0,8(sp)
80002664:	00090593          	mv	a1,s2
80002668:	fffb8b93          	addi	s7,s7,-1
8000266c:	000980e7          	jalr	s3
80002670:	fe9b98e3          	bne	s7,s1,80002660 <vprintfmt+0x258>
80002674:	002a1a13          	slli	s4,s4,0x2
80002678:	01010493          	addi	s1,sp,16
8000267c:	01448a33          	add	s4,s1,s4
80002680:	00900b13          	li	s6,9
80002684:	0080006f          	j	8000268c <vprintfmt+0x284>
80002688:	00078a13          	mv	s4,a5
8000268c:	000a2783          	lw	a5,0(s4)
80002690:	03000513          	li	a0,48
80002694:	00fb7463          	bgeu	s6,a5,8000269c <vprintfmt+0x294>
80002698:	05700513          	li	a0,87
8000269c:	00a78533          	add	a0,a5,a0
800026a0:	00090593          	mv	a1,s2
800026a4:	000980e7          	jalr	s3
800026a8:	ffca0793          	addi	a5,s4,-4
800026ac:	fd449ee3          	bne	s1,s4,80002688 <vprintfmt+0x280>
800026b0:	13012b03          	lw	s6,304(sp)
800026b4:	dadff06f          	j	80002460 <vprintfmt+0x58>
800026b8:	13612823          	sw	s6,304(sp)
800026bc:	00100793          	li	a5,1
800026c0:	1cb7c063          	blt	a5,a1,80002880 <vprintfmt+0x478>
800026c4:	00c12783          	lw	a5,12(sp)
800026c8:	0007a483          	lw	s1,0(a5)
800026cc:	00478793          	addi	a5,a5,4
800026d0:	00f12623          	sw	a5,12(sp)
800026d4:	41f4dc93          	srai	s9,s1,0x1f
800026d8:	020cd063          	bgez	s9,800026f8 <vprintfmt+0x2f0>
800026dc:	00090593          	mv	a1,s2
800026e0:	02d00513          	li	a0,45
800026e4:	000980e7          	jalr	s3
800026e8:	00903733          	snez	a4,s1
800026ec:	419007b3          	neg	a5,s9
800026f0:	40e78cb3          	sub	s9,a5,a4
800026f4:	409004b3          	neg	s1,s1
800026f8:	00a00b93          	li	s7,10
800026fc:	00000d13          	li	s10,0
80002700:	ee9ff06f          	j	800025e8 <vprintfmt+0x1e0>
80002704:	00174683          	lbu	a3,1(a4)
80002708:	00158593          	addi	a1,a1,1
8000270c:	00040713          	mv	a4,s0
80002710:	d79ff06f          	j	80002488 <vprintfmt+0x80>
80002714:	13612823          	sw	s6,304(sp)
80002718:	01000b93          	li	s7,16
8000271c:	00000d13          	li	s10,0
80002720:	00100793          	li	a5,1
80002724:	12b7c663          	blt	a5,a1,80002850 <vprintfmt+0x448>
80002728:	00c12783          	lw	a5,12(sp)
8000272c:	00478713          	addi	a4,a5,4
80002730:	ea9ff06f          	j	800025d8 <vprintfmt+0x1d0>
80002734:	00c12783          	lw	a5,12(sp)
80002738:	0007aa03          	lw	s4,0(a5)
8000273c:	060a0a63          	beqz	s4,800027b0 <vprintfmt+0x3a8>
80002740:	0d805663          	blez	s8,8000280c <vprintfmt+0x404>
80002744:	00812703          	lw	a4,8(sp)
80002748:	02d00793          	li	a5,45
8000274c:	08f71063          	bne	a4,a5,800027cc <vprintfmt+0x3c4>
80002750:	000a4503          	lbu	a0,0(s4)
80002754:	02050c63          	beqz	a0,8000278c <vprintfmt+0x384>
80002758:	13612823          	sw	s6,304(sp)
8000275c:	fff00b13          	li	s6,-1
80002760:	0004c663          	bltz	s1,8000276c <vprintfmt+0x364>
80002764:	fff48493          	addi	s1,s1,-1
80002768:	01648e63          	beq	s1,s6,80002784 <vprintfmt+0x37c>
8000276c:	00090593          	mv	a1,s2
80002770:	000980e7          	jalr	s3
80002774:	001a4503          	lbu	a0,1(s4)
80002778:	001a0a13          	addi	s4,s4,1
8000277c:	fffc0c13          	addi	s8,s8,-1
80002780:	fe0510e3          	bnez	a0,80002760 <vprintfmt+0x358>
80002784:	13012b03          	lw	s6,304(sp)
80002788:	01805c63          	blez	s8,800027a0 <vprintfmt+0x398>
8000278c:	00090593          	mv	a1,s2
80002790:	02000513          	li	a0,32
80002794:	fffc0c13          	addi	s8,s8,-1
80002798:	000980e7          	jalr	s3
8000279c:	fe0c18e3          	bnez	s8,8000278c <vprintfmt+0x384>
800027a0:	00c12783          	lw	a5,12(sp)
800027a4:	00478793          	addi	a5,a5,4
800027a8:	00f12623          	sw	a5,12(sp)
800027ac:	cb5ff06f          	j	80002460 <vprintfmt+0x58>
800027b0:	11805863          	blez	s8,800028c0 <vprintfmt+0x4b8>
800027b4:	00812703          	lw	a4,8(sp)
800027b8:	02d00793          	li	a5,45
800027bc:	0000ca17          	auipc	s4,0xc
800027c0:	e14a0a13          	addi	s4,s4,-492 # 8000e5d0 <__clz_tab+0x100>
800027c4:	02800513          	li	a0,40
800027c8:	f8f708e3          	beq	a4,a5,80002758 <vprintfmt+0x350>
800027cc:	000a0793          	mv	a5,s4
800027d0:	009a06b3          	add	a3,s4,s1
800027d4:	00049863          	bnez	s1,800027e4 <vprintfmt+0x3dc>
800027d8:	0200006f          	j	800027f8 <vprintfmt+0x3f0>
800027dc:	00178793          	addi	a5,a5,1
800027e0:	00d78663          	beq	a5,a3,800027ec <vprintfmt+0x3e4>
800027e4:	0007c703          	lbu	a4,0(a5)
800027e8:	fe071ae3          	bnez	a4,800027dc <vprintfmt+0x3d4>
800027ec:	414787b3          	sub	a5,a5,s4
800027f0:	40fc0c33          	sub	s8,s8,a5
800027f4:	01805c63          	blez	s8,8000280c <vprintfmt+0x404>
800027f8:	00812503          	lw	a0,8(sp)
800027fc:	00090593          	mv	a1,s2
80002800:	fffc0c13          	addi	s8,s8,-1
80002804:	000980e7          	jalr	s3
80002808:	fe0c18e3          	bnez	s8,800027f8 <vprintfmt+0x3f0>
8000280c:	000a4503          	lbu	a0,0(s4)
80002810:	f80508e3          	beqz	a0,800027a0 <vprintfmt+0x398>
80002814:	13612823          	sw	s6,304(sp)
80002818:	f45ff06f          	j	8000275c <vprintfmt+0x354>
8000281c:	fffc4793          	not	a5,s8
80002820:	41f7d793          	srai	a5,a5,0x1f
80002824:	00174683          	lbu	a3,1(a4)
80002828:	00fc7c33          	and	s8,s8,a5
8000282c:	00040713          	mv	a4,s0
80002830:	c59ff06f          	j	80002488 <vprintfmt+0x80>
80002834:	00c12783          	lw	a5,12(sp)
80002838:	00090593          	mv	a1,s2
8000283c:	0007a503          	lw	a0,0(a5)
80002840:	00478493          	addi	s1,a5,4
80002844:	000980e7          	jalr	s3
80002848:	00912623          	sw	s1,12(sp)
8000284c:	c15ff06f          	j	80002460 <vprintfmt+0x58>
80002850:	00c12783          	lw	a5,12(sp)
80002854:	00778793          	addi	a5,a5,7
80002858:	ff87f793          	andi	a5,a5,-8
8000285c:	00878713          	addi	a4,a5,8
80002860:	0007a483          	lw	s1,0(a5)
80002864:	0047ac83          	lw	s9,4(a5)
80002868:	00e12623          	sw	a4,12(sp)
8000286c:	d7dff06f          	j	800025e8 <vprintfmt+0x1e0>
80002870:	d974fae3          	bgeu	s1,s7,80002604 <vprintfmt+0x1fc>
80002874:	00000a13          	li	s4,0
80002878:	00100b13          	li	s6,1
8000287c:	dd9ff06f          	j	80002654 <vprintfmt+0x24c>
80002880:	00c12783          	lw	a5,12(sp)
80002884:	00778793          	addi	a5,a5,7
80002888:	ff87f793          	andi	a5,a5,-8
8000288c:	00878713          	addi	a4,a5,8
80002890:	0007a483          	lw	s1,0(a5)
80002894:	0047ac83          	lw	s9,4(a5)
80002898:	00e12623          	sw	a4,12(sp)
8000289c:	e3dff06f          	j	800026d8 <vprintfmt+0x2d0>
800028a0:	13612823          	sw	s6,304(sp)
800028a4:	00a00b93          	li	s7,10
800028a8:	00000d13          	li	s10,0
800028ac:	e75ff06f          	j	80002720 <vprintfmt+0x318>
800028b0:	13612823          	sw	s6,304(sp)
800028b4:	00800b93          	li	s7,8
800028b8:	00000d13          	li	s10,0
800028bc:	e65ff06f          	j	80002720 <vprintfmt+0x318>
800028c0:	13612823          	sw	s6,304(sp)
800028c4:	0000ca17          	auipc	s4,0xc
800028c8:	d0ca0a13          	addi	s4,s4,-756 # 8000e5d0 <__clz_tab+0x100>
800028cc:	02800513          	li	a0,40
800028d0:	fff00b13          	li	s6,-1
800028d4:	e8dff06f          	j	80002760 <vprintfmt+0x358>

800028d8 <sprintf_putch.0>:
800028d8:	0005a783          	lw	a5,0(a1)
800028dc:	00a78023          	sb	a0,0(a5)
800028e0:	0005a783          	lw	a5,0(a1)
800028e4:	00178793          	addi	a5,a5,1
800028e8:	00f5a023          	sw	a5,0(a1)
800028ec:	00008067          	ret

800028f0 <putchar>:
800028f0:	04022783          	lw	a5,64(tp) # 40 <buflen.1>
800028f4:	00020713          	mv	a4,tp
800028f8:	f8010113          	addi	sp,sp,-128
800028fc:	00f70733          	add	a4,a4,a5
80002900:	00178793          	addi	a5,a5,1
80002904:	00a70023          	sb	a0,0(a4)
80002908:	04f22023          	sw	a5,64(tp) # 40 <buflen.1>
8000290c:	00a00713          	li	a4,10
80002910:	03f10693          	addi	a3,sp,63
80002914:	fc06f693          	andi	a3,a3,-64
80002918:	00e50c63          	beq	a0,a4,80002930 <putchar+0x40>
8000291c:	04000713          	li	a4,64
80002920:	00e78863          	beq	a5,a4,80002930 <putchar+0x40>
80002924:	00000513          	li	a0,0
80002928:	08010113          	addi	sp,sp,128
8000292c:	00008067          	ret
80002930:	04000813          	li	a6,64
80002934:	0106a023          	sw	a6,0(a3)
80002938:	00000893          	li	a7,0
8000293c:	0116a223          	sw	a7,4(a3)
80002940:	00100e13          	li	t3,1
80002944:	01c6a423          	sw	t3,8(a3)
80002948:	00000e93          	li	t4,0
8000294c:	01d6a623          	sw	t4,12(a3)
80002950:	00020313          	mv	t1,tp
80002954:	0066a823          	sw	t1,16(a3)
80002958:	00000393          	li	t2,0
8000295c:	0076aa23          	sw	t2,20(a3)
80002960:	00f6ac23          	sw	a5,24(a3)
80002964:	41f7d893          	srai	a7,a5,0x1f
80002968:	0116ae23          	sw	a7,28(a3)
8000296c:	0330000f          	fence	rw,rw
80002970:	ffffe617          	auipc	a2,0xffffe
80002974:	69060613          	addi	a2,a2,1680 # 80001000 <tohost>
80002978:	00d62023          	sw	a3,0(a2)
8000297c:	00000793          	li	a5,0
80002980:	00f62223          	sw	a5,4(a2)
80002984:	ffffe617          	auipc	a2,0xffffe
80002988:	6bc60613          	addi	a2,a2,1724 # 80001040 <fromhost>
8000298c:	00062703          	lw	a4,0(a2)
80002990:	00462783          	lw	a5,4(a2)
80002994:	00f76733          	or	a4,a4,a5
80002998:	fe070ae3          	beqz	a4,8000298c <putchar+0x9c>
8000299c:	00000793          	li	a5,0
800029a0:	00f62023          	sw	a5,0(a2)
800029a4:	00000813          	li	a6,0
800029a8:	01062223          	sw	a6,4(a2)
800029ac:	0330000f          	fence	rw,rw
800029b0:	04022023          	sw	zero,64(tp) # 40 <buflen.1>
800029b4:	0006a703          	lw	a4,0(a3)
800029b8:	00000513          	li	a0,0
800029bc:	0046a783          	lw	a5,4(a3)
800029c0:	08010113          	addi	sp,sp,128
800029c4:	00008067          	ret

800029c8 <setStats>:
800029c8:	b0002773          	csrr	a4,mcycle
800029cc:	0000c797          	auipc	a5,0xc
800029d0:	d0478793          	addi	a5,a5,-764 # 8000e6d0 <counters>
800029d4:	00050a63          	beqz	a0,800029e8 <setStats+0x20>
800029d8:	00e7a023          	sw	a4,0(a5)
800029dc:	b0202773          	csrr	a4,minstret
800029e0:	00e7a223          	sw	a4,4(a5)
800029e4:	00008067          	ret
800029e8:	0007a583          	lw	a1,0(a5)
800029ec:	0000c697          	auipc	a3,0xc
800029f0:	cdc68693          	addi	a3,a3,-804 # 8000e6c8 <counter_names>
800029f4:	0000c617          	auipc	a2,0xc
800029f8:	be860613          	addi	a2,a2,-1048 # 8000e5dc <__clz_tab+0x10c>
800029fc:	40b70733          	sub	a4,a4,a1
80002a00:	00e7a023          	sw	a4,0(a5)
80002a04:	00c6a023          	sw	a2,0(a3)
80002a08:	b0202773          	csrr	a4,minstret
80002a0c:	0047a603          	lw	a2,4(a5)
80002a10:	0000c597          	auipc	a1,0xc
80002a14:	bd458593          	addi	a1,a1,-1068 # 8000e5e4 <__clz_tab+0x114>
80002a18:	00b6a223          	sw	a1,4(a3)
80002a1c:	40c70733          	sub	a4,a4,a2
80002a20:	00e7a223          	sw	a4,4(a5)
80002a24:	00008067          	ret

80002a28 <tohost_exit>:
80002a28:	00151693          	slli	a3,a0,0x1
80002a2c:	0016e713          	ori	a4,a3,1
80002a30:	ffffe697          	auipc	a3,0xffffe
80002a34:	5d068693          	addi	a3,a3,1488 # 80001000 <tohost>
80002a38:	00000793          	li	a5,0
80002a3c:	00e6a023          	sw	a4,0(a3)
80002a40:	00f6a223          	sw	a5,4(a3)
80002a44:	0000006f          	j	80002a44 <tohost_exit+0x1c>

80002a48 <handle_trap>:
80002a48:	00001637          	lui	a2,0x1
80002a4c:	ffffe797          	auipc	a5,0xffffe
80002a50:	5b478793          	addi	a5,a5,1460 # 80001000 <tohost>
80002a54:	a7360613          	addi	a2,a2,-1421 # a73 <buflen.1+0xa33>
80002a58:	00000693          	li	a3,0
80002a5c:	00c7a023          	sw	a2,0(a5)
80002a60:	00d7a223          	sw	a3,4(a5)
80002a64:	0000006f          	j	80002a64 <handle_trap+0x1c>

80002a68 <exit>:
80002a68:	ff010113          	addi	sp,sp,-16
80002a6c:	00112623          	sw	ra,12(sp)
80002a70:	fb9ff0ef          	jal	80002a28 <tohost_exit>

80002a74 <abort>:
80002a74:	ffffe797          	auipc	a5,0xffffe
80002a78:	58c78793          	addi	a5,a5,1420 # 80001000 <tohost>
80002a7c:	10d00613          	li	a2,269
80002a80:	00000693          	li	a3,0
80002a84:	00c7a023          	sw	a2,0(a5)
80002a88:	00d7a223          	sw	a3,4(a5)
80002a8c:	0000006f          	j	80002a8c <abort+0x18>

80002a90 <printstr>:
80002a90:	00054783          	lbu	a5,0(a0)
80002a94:	f8010113          	addi	sp,sp,-128
80002a98:	03f10613          	addi	a2,sp,63
80002a9c:	00050813          	mv	a6,a0
80002aa0:	00000893          	li	a7,0
80002aa4:	fc067613          	andi	a2,a2,-64
80002aa8:	0a078063          	beqz	a5,80002b48 <printstr+0xb8>
80002aac:	00050793          	mv	a5,a0
80002ab0:	0017c703          	lbu	a4,1(a5)
80002ab4:	00178793          	addi	a5,a5,1
80002ab8:	fe071ce3          	bnez	a4,80002ab0 <printstr+0x20>
80002abc:	40a78333          	sub	t1,a5,a0
80002ac0:	00000393          	li	t2,0
80002ac4:	04000713          	li	a4,64
80002ac8:	00e62023          	sw	a4,0(a2)
80002acc:	00000793          	li	a5,0
80002ad0:	00f62223          	sw	a5,4(a2)
80002ad4:	00100713          	li	a4,1
80002ad8:	00e62423          	sw	a4,8(a2)
80002adc:	00000793          	li	a5,0
80002ae0:	00f62623          	sw	a5,12(a2)
80002ae4:	01062823          	sw	a6,16(a2)
80002ae8:	01162a23          	sw	a7,20(a2)
80002aec:	00662c23          	sw	t1,24(a2)
80002af0:	00762e23          	sw	t2,28(a2)
80002af4:	0330000f          	fence	rw,rw
80002af8:	ffffe697          	auipc	a3,0xffffe
80002afc:	50868693          	addi	a3,a3,1288 # 80001000 <tohost>
80002b00:	00c6a023          	sw	a2,0(a3)
80002b04:	00000793          	li	a5,0
80002b08:	00f6a223          	sw	a5,4(a3)
80002b0c:	ffffe697          	auipc	a3,0xffffe
80002b10:	53468693          	addi	a3,a3,1332 # 80001040 <fromhost>
80002b14:	0006a703          	lw	a4,0(a3)
80002b18:	0046a783          	lw	a5,4(a3)
80002b1c:	00f76733          	or	a4,a4,a5
80002b20:	fe070ae3          	beqz	a4,80002b14 <printstr+0x84>
80002b24:	00000793          	li	a5,0
80002b28:	00f6a023          	sw	a5,0(a3)
80002b2c:	00000813          	li	a6,0
80002b30:	0106a223          	sw	a6,4(a3)
80002b34:	0330000f          	fence	rw,rw
80002b38:	00062703          	lw	a4,0(a2)
80002b3c:	00462783          	lw	a5,4(a2)
80002b40:	08010113          	addi	sp,sp,128
80002b44:	00008067          	ret
80002b48:	00000313          	li	t1,0
80002b4c:	00000393          	li	t2,0
80002b50:	f75ff06f          	j	80002ac4 <printstr+0x34>

80002b54 <thread_entry>:
80002b54:	00051463          	bnez	a0,80002b5c <thread_entry+0x8>
80002b58:	00008067          	ret
80002b5c:	0000006f          	j	80002b5c <thread_entry+0x8>

80002b60 <printhex>:
80002b60:	fd010113          	addi	sp,sp,-48
80002b64:	00050713          	mv	a4,a0
80002b68:	02112623          	sw	ra,44(sp)
80002b6c:	00c10513          	addi	a0,sp,12
80002b70:	01b10613          	addi	a2,sp,27
80002b74:	00900813          	li	a6,9
80002b78:	0080006f          	j	80002b80 <printhex+0x20>
80002b7c:	00078613          	mv	a2,a5
80002b80:	00f77793          	andi	a5,a4,15
80002b84:	00f837b3          	sltu	a5,a6,a5
80002b88:	40f007b3          	neg	a5,a5
80002b8c:	0277f793          	andi	a5,a5,39
80002b90:	00f77693          	andi	a3,a4,15
80002b94:	03078793          	addi	a5,a5,48
80002b98:	00f687b3          	add	a5,a3,a5
80002b9c:	00f60023          	sb	a5,0(a2)
80002ba0:	00475713          	srli	a4,a4,0x4
80002ba4:	01c59793          	slli	a5,a1,0x1c
80002ba8:	00e7e733          	or	a4,a5,a4
80002bac:	0045d593          	srli	a1,a1,0x4
80002bb0:	fff60793          	addi	a5,a2,-1
80002bb4:	fcc514e3          	bne	a0,a2,80002b7c <printhex+0x1c>
80002bb8:	00010e23          	sb	zero,28(sp)
80002bbc:	ed5ff0ef          	jal	80002a90 <printstr>
80002bc0:	02c12083          	lw	ra,44(sp)
80002bc4:	03010113          	addi	sp,sp,48
80002bc8:	00008067          	ret

80002bcc <printf>:
80002bcc:	fc010113          	addi	sp,sp,-64
80002bd0:	02410313          	addi	t1,sp,36
80002bd4:	02b12223          	sw	a1,36(sp)
80002bd8:	02c12423          	sw	a2,40(sp)
80002bdc:	02d12623          	sw	a3,44(sp)
80002be0:	00050613          	mv	a2,a0
80002be4:	00030693          	mv	a3,t1
80002be8:	00000517          	auipc	a0,0x0
80002bec:	d0850513          	addi	a0,a0,-760 # 800028f0 <putchar>
80002bf0:	00000593          	li	a1,0
80002bf4:	00112e23          	sw	ra,28(sp)
80002bf8:	02e12823          	sw	a4,48(sp)
80002bfc:	02f12a23          	sw	a5,52(sp)
80002c00:	03012c23          	sw	a6,56(sp)
80002c04:	03112e23          	sw	a7,60(sp)
80002c08:	00612623          	sw	t1,12(sp)
80002c0c:	ffcff0ef          	jal	80002408 <vprintfmt>
80002c10:	01c12083          	lw	ra,28(sp)
80002c14:	00000513          	li	a0,0
80002c18:	04010113          	addi	sp,sp,64
80002c1c:	00008067          	ret

80002c20 <sprintf>:
80002c20:	fb010113          	addi	sp,sp,-80
80002c24:	03810313          	addi	t1,sp,56
80002c28:	02812423          	sw	s0,40(sp)
80002c2c:	00a12623          	sw	a0,12(sp)
80002c30:	02c12c23          	sw	a2,56(sp)
80002c34:	02d12e23          	sw	a3,60(sp)
80002c38:	00050413          	mv	s0,a0
80002c3c:	00058613          	mv	a2,a1
80002c40:	00000517          	auipc	a0,0x0
80002c44:	c9850513          	addi	a0,a0,-872 # 800028d8 <sprintf_putch.0>
80002c48:	00c10593          	addi	a1,sp,12
80002c4c:	00030693          	mv	a3,t1
80002c50:	02112623          	sw	ra,44(sp)
80002c54:	04f12223          	sw	a5,68(sp)
80002c58:	04e12023          	sw	a4,64(sp)
80002c5c:	05012423          	sw	a6,72(sp)
80002c60:	05112623          	sw	a7,76(sp)
80002c64:	00612e23          	sw	t1,28(sp)
80002c68:	fa0ff0ef          	jal	80002408 <vprintfmt>
80002c6c:	00c12783          	lw	a5,12(sp)
80002c70:	00078023          	sb	zero,0(a5)
80002c74:	00c12503          	lw	a0,12(sp)
80002c78:	02c12083          	lw	ra,44(sp)
80002c7c:	40850533          	sub	a0,a0,s0
80002c80:	02812403          	lw	s0,40(sp)
80002c84:	05010113          	addi	sp,sp,80
80002c88:	00008067          	ret

80002c8c <memcpy>:
80002c8c:	00c5e7b3          	or	a5,a1,a2
80002c90:	00f567b3          	or	a5,a0,a5
80002c94:	0037f793          	andi	a5,a5,3
80002c98:	00058393          	mv	t2,a1
80002c9c:	00c506b3          	add	a3,a0,a2
80002ca0:	02078463          	beqz	a5,80002cc8 <memcpy+0x3c>
80002ca4:	00c58633          	add	a2,a1,a2
80002ca8:	00050793          	mv	a5,a0
80002cac:	0ad57263          	bgeu	a0,a3,80002d50 <memcpy+0xc4>
80002cb0:	0005c703          	lbu	a4,0(a1)
80002cb4:	00158593          	addi	a1,a1,1
80002cb8:	00178793          	addi	a5,a5,1
80002cbc:	fee78fa3          	sb	a4,-1(a5)
80002cc0:	fec598e3          	bne	a1,a2,80002cb0 <memcpy+0x24>
80002cc4:	00008067          	ret
80002cc8:	02050713          	addi	a4,a0,32
80002ccc:	08d77463          	bgeu	a4,a3,80002d54 <memcpy+0xc8>
80002cd0:	00070793          	mv	a5,a4
80002cd4:	0005a283          	lw	t0,0(a1)
80002cd8:	0045af83          	lw	t6,4(a1)
80002cdc:	0085af03          	lw	t5,8(a1)
80002ce0:	00c5ae83          	lw	t4,12(a1)
80002ce4:	0105ae03          	lw	t3,16(a1)
80002ce8:	0145a303          	lw	t1,20(a1)
80002cec:	0185a883          	lw	a7,24(a1)
80002cf0:	01c5a803          	lw	a6,28(a1)
80002cf4:	02078793          	addi	a5,a5,32
80002cf8:	fc57a023          	sw	t0,-64(a5)
80002cfc:	fdf7a223          	sw	t6,-60(a5)
80002d00:	fde7a423          	sw	t5,-56(a5)
80002d04:	fdd7a623          	sw	t4,-52(a5)
80002d08:	fdc7a823          	sw	t3,-48(a5)
80002d0c:	fc67aa23          	sw	t1,-44(a5)
80002d10:	fd17ac23          	sw	a7,-40(a5)
80002d14:	fd07ae23          	sw	a6,-36(a5)
80002d18:	02058593          	addi	a1,a1,32
80002d1c:	fad7ece3          	bltu	a5,a3,80002cd4 <memcpy+0x48>
80002d20:	fdf60613          	addi	a2,a2,-33
80002d24:	fe067613          	andi	a2,a2,-32
80002d28:	02038393          	addi	t2,t2,32
80002d2c:	00c707b3          	add	a5,a4,a2
80002d30:	00c385b3          	add	a1,t2,a2
80002d34:	f8d7f8e3          	bgeu	a5,a3,80002cc4 <memcpy+0x38>
80002d38:	0005a703          	lw	a4,0(a1)
80002d3c:	00478793          	addi	a5,a5,4
80002d40:	00458593          	addi	a1,a1,4
80002d44:	fee7ae23          	sw	a4,-4(a5)
80002d48:	fed7e8e3          	bltu	a5,a3,80002d38 <memcpy+0xac>
80002d4c:	00008067          	ret
80002d50:	00008067          	ret
80002d54:	00050793          	mv	a5,a0
80002d58:	fddff06f          	j	80002d34 <memcpy+0xa8>

80002d5c <memset>:
80002d5c:	ff010113          	addi	sp,sp,-16
80002d60:	00c567b3          	or	a5,a0,a2
80002d64:	00812423          	sw	s0,8(sp)
80002d68:	00112623          	sw	ra,12(sp)
80002d6c:	0037f793          	andi	a5,a5,3
80002d70:	00050413          	mv	s0,a0
80002d74:	00c50733          	add	a4,a0,a2
80002d78:	02078263          	beqz	a5,80002d9c <memset+0x40>
80002d7c:	00e57663          	bgeu	a0,a4,80002d88 <memset+0x2c>
80002d80:	0ff5f593          	zext.b	a1,a1
80002d84:	fd9ff0ef          	jal	80002d5c <memset>
80002d88:	00c12083          	lw	ra,12(sp)
80002d8c:	00040513          	mv	a0,s0
80002d90:	00812403          	lw	s0,8(sp)
80002d94:	01010113          	addi	sp,sp,16
80002d98:	00008067          	ret
80002d9c:	0ff5f593          	zext.b	a1,a1
80002da0:	00859693          	slli	a3,a1,0x8
80002da4:	00b686b3          	add	a3,a3,a1
80002da8:	01069793          	slli	a5,a3,0x10
80002dac:	00f686b3          	add	a3,a3,a5
80002db0:	fce57ce3          	bgeu	a0,a4,80002d88 <memset+0x2c>
80002db4:	00050793          	mv	a5,a0
80002db8:	00478793          	addi	a5,a5,4
80002dbc:	fed7ae23          	sw	a3,-4(a5)
80002dc0:	fee7ece3          	bltu	a5,a4,80002db8 <memset+0x5c>
80002dc4:	00c12083          	lw	ra,12(sp)
80002dc8:	00040513          	mv	a0,s0
80002dcc:	00812403          	lw	s0,8(sp)
80002dd0:	01010113          	addi	sp,sp,16
80002dd4:	00008067          	ret

80002dd8 <_init>:
80002dd8:	f6010113          	addi	sp,sp,-160
80002ddc:	0000c797          	auipc	a5,0xc
80002de0:	8fc78793          	addi	a5,a5,-1796 # 8000e6d8 <_tdata_begin>
80002de4:	09312623          	sw	s3,140(sp)
80002de8:	0000c997          	auipc	s3,0xc
80002dec:	8f098993          	addi	s3,s3,-1808 # 8000e6d8 <_tdata_begin>
80002df0:	09412423          	sw	s4,136(sp)
80002df4:	40f98a33          	sub	s4,s3,a5
80002df8:	08912a23          	sw	s1,148(sp)
80002dfc:	09212823          	sw	s2,144(sp)
80002e00:	00050493          	mv	s1,a0
80002e04:	00058913          	mv	s2,a1
80002e08:	00020513          	mv	a0,tp
80002e0c:	00078593          	mv	a1,a5
80002e10:	000a0613          	mv	a2,s4
80002e14:	08112e23          	sw	ra,156(sp)
80002e18:	08812c23          	sw	s0,152(sp)
80002e1c:	09512223          	sw	s5,132(sp)
80002e20:	00020a93          	mv	s5,tp
80002e24:	e69ff0ef          	jal	80002c8c <memcpy>
80002e28:	87c18613          	addi	a2,gp,-1924 # 8000e744 <_tbss_end>
80002e2c:	41360633          	sub	a2,a2,s3
80002e30:	00000593          	li	a1,0
80002e34:	014a8533          	add	a0,s5,s4
80002e38:	f25ff0ef          	jal	80002d5c <memset>
80002e3c:	00090593          	mv	a1,s2
80002e40:	00048513          	mv	a0,s1
80002e44:	d11ff0ef          	jal	80002b54 <thread_entry>
80002e48:	00000593          	li	a1,0
80002e4c:	00000513          	li	a0,0
80002e50:	441010ef          	jal	80004a90 <main>
80002e54:	0000c917          	auipc	s2,0xc
80002e58:	87c90913          	addi	s2,s2,-1924 # 8000e6d0 <counters>
80002e5c:	00092683          	lw	a3,0(s2)
80002e60:	03f10413          	addi	s0,sp,63
80002e64:	fc047413          	andi	s0,s0,-64
80002e68:	00050493          	mv	s1,a0
80002e6c:	04069463          	bnez	a3,80002eb4 <_init+0xdc>
80002e70:	00492683          	lw	a3,4(s2)
80002e74:	00069663          	bnez	a3,80002e80 <_init+0xa8>
80002e78:	00048513          	mv	a0,s1
80002e7c:	badff0ef          	jal	80002a28 <tohost_exit>
80002e80:	00040913          	mv	s2,s0
80002e84:	0000c997          	auipc	s3,0xc
80002e88:	84498993          	addi	s3,s3,-1980 # 8000e6c8 <counter_names>
80002e8c:	0049a603          	lw	a2,4(s3)
80002e90:	00090513          	mv	a0,s2
80002e94:	0000b597          	auipc	a1,0xb
80002e98:	77458593          	addi	a1,a1,1908 # 8000e608 <__clz_tab+0x138>
80002e9c:	d85ff0ef          	jal	80002c20 <sprintf>
80002ea0:	00a90933          	add	s2,s2,a0
80002ea4:	fd240ae3          	beq	s0,s2,80002e78 <_init+0xa0>
80002ea8:	00040513          	mv	a0,s0
80002eac:	be5ff0ef          	jal	80002a90 <printstr>
80002eb0:	fc9ff06f          	j	80002e78 <_init+0xa0>
80002eb4:	0000c997          	auipc	s3,0xc
80002eb8:	81498993          	addi	s3,s3,-2028 # 8000e6c8 <counter_names>
80002ebc:	0009a603          	lw	a2,0(s3)
80002ec0:	0000b597          	auipc	a1,0xb
80002ec4:	74858593          	addi	a1,a1,1864 # 8000e608 <__clz_tab+0x138>
80002ec8:	00040513          	mv	a0,s0
80002ecc:	d55ff0ef          	jal	80002c20 <sprintf>
80002ed0:	00492683          	lw	a3,4(s2)
80002ed4:	00a40933          	add	s2,s0,a0
80002ed8:	fc0686e3          	beqz	a3,80002ea4 <_init+0xcc>
80002edc:	fb1ff06f          	j	80002e8c <_init+0xb4>

80002ee0 <strlen>:
80002ee0:	00054783          	lbu	a5,0(a0)
80002ee4:	00078e63          	beqz	a5,80002f00 <strlen+0x20>
80002ee8:	00050793          	mv	a5,a0
80002eec:	0017c703          	lbu	a4,1(a5)
80002ef0:	00178793          	addi	a5,a5,1
80002ef4:	fe071ce3          	bnez	a4,80002eec <strlen+0xc>
80002ef8:	40a78533          	sub	a0,a5,a0
80002efc:	00008067          	ret
80002f00:	00000513          	li	a0,0
80002f04:	00008067          	ret

80002f08 <strnlen>:
80002f08:	00b506b3          	add	a3,a0,a1
80002f0c:	00050793          	mv	a5,a0
80002f10:	00059863          	bnez	a1,80002f20 <strnlen+0x18>
80002f14:	01c0006f          	j	80002f30 <strnlen+0x28>
80002f18:	00178793          	addi	a5,a5,1
80002f1c:	00d78663          	beq	a5,a3,80002f28 <strnlen+0x20>
80002f20:	0007c703          	lbu	a4,0(a5)
80002f24:	fe071ae3          	bnez	a4,80002f18 <strnlen+0x10>
80002f28:	40a78533          	sub	a0,a5,a0
80002f2c:	00008067          	ret
80002f30:	00000513          	li	a0,0
80002f34:	00008067          	ret

80002f38 <strcmp>:
80002f38:	00054783          	lbu	a5,0(a0)
80002f3c:	00150513          	addi	a0,a0,1
80002f40:	00158593          	addi	a1,a1,1
80002f44:	fff5c703          	lbu	a4,-1(a1)
80002f48:	00078863          	beqz	a5,80002f58 <strcmp+0x20>
80002f4c:	fee786e3          	beq	a5,a4,80002f38 <strcmp>
80002f50:	40e78533          	sub	a0,a5,a4
80002f54:	00008067          	ret
80002f58:	00000793          	li	a5,0
80002f5c:	ff5ff06f          	j	80002f50 <strcmp+0x18>

80002f60 <strcpy>:
80002f60:	00050793          	mv	a5,a0
80002f64:	0005c703          	lbu	a4,0(a1)
80002f68:	00158593          	addi	a1,a1,1
80002f6c:	00178793          	addi	a5,a5,1
80002f70:	fee78fa3          	sb	a4,-1(a5)
80002f74:	fe0718e3          	bnez	a4,80002f64 <strcpy+0x4>
80002f78:	00008067          	ret

80002f7c <atol>:
80002f7c:	00054703          	lbu	a4,0(a0)
80002f80:	02000693          	li	a3,32
80002f84:	00050793          	mv	a5,a0
80002f88:	00d71a63          	bne	a4,a3,80002f9c <atol+0x20>
80002f8c:	00070693          	mv	a3,a4
80002f90:	0017c703          	lbu	a4,1(a5)
80002f94:	00178793          	addi	a5,a5,1
80002f98:	fed70ce3          	beq	a4,a3,80002f90 <atol+0x14>
80002f9c:	02d00693          	li	a3,45
80002fa0:	04d70e63          	beq	a4,a3,80002ffc <atol+0x80>
80002fa4:	02b00693          	li	a3,43
80002fa8:	04d70063          	beq	a4,a3,80002fe8 <atol+0x6c>
80002fac:	0007c683          	lbu	a3,0(a5)
80002fb0:	00000593          	li	a1,0
80002fb4:	04068c63          	beqz	a3,8000300c <atol+0x90>
80002fb8:	00000513          	li	a0,0
80002fbc:	00178793          	addi	a5,a5,1
80002fc0:	fd068613          	addi	a2,a3,-48
80002fc4:	00251713          	slli	a4,a0,0x2
80002fc8:	0007c683          	lbu	a3,0(a5)
80002fcc:	00a70733          	add	a4,a4,a0
80002fd0:	00171713          	slli	a4,a4,0x1
80002fd4:	00e60533          	add	a0,a2,a4
80002fd8:	fe0692e3          	bnez	a3,80002fbc <atol+0x40>
80002fdc:	02058a63          	beqz	a1,80003010 <atol+0x94>
80002fe0:	40a00533          	neg	a0,a0
80002fe4:	00008067          	ret
80002fe8:	0017c683          	lbu	a3,1(a5)
80002fec:	00178793          	addi	a5,a5,1
80002ff0:	00068e63          	beqz	a3,8000300c <atol+0x90>
80002ff4:	00000593          	li	a1,0
80002ff8:	fc1ff06f          	j	80002fb8 <atol+0x3c>
80002ffc:	0017c683          	lbu	a3,1(a5)
80003000:	00100593          	li	a1,1
80003004:	00b787b3          	add	a5,a5,a1
80003008:	fa0698e3          	bnez	a3,80002fb8 <atol+0x3c>
8000300c:	00000513          	li	a0,0
80003010:	00008067          	ret

80003014 <__udivdi3>:
80003014:	fd010113          	addi	sp,sp,-48
80003018:	01412c23          	sw	s4,24(sp)
8000301c:	02112623          	sw	ra,44(sp)
80003020:	02812423          	sw	s0,40(sp)
80003024:	02912223          	sw	s1,36(sp)
80003028:	03212023          	sw	s2,32(sp)
8000302c:	01312e23          	sw	s3,28(sp)
80003030:	01512a23          	sw	s5,20(sp)
80003034:	01612823          	sw	s6,16(sp)
80003038:	01712623          	sw	s7,12(sp)
8000303c:	01812423          	sw	s8,8(sp)
80003040:	01912223          	sw	s9,4(sp)
80003044:	01a12023          	sw	s10,0(sp)
80003048:	00050a13          	mv	s4,a0
8000304c:	38069663          	bnez	a3,800033d8 <__udivdi3+0x3c4>
80003050:	8000e7b7          	lui	a5,0x8000e
80003054:	00060993          	mv	s3,a2
80003058:	00050493          	mv	s1,a0
8000305c:	4d078793          	addi	a5,a5,1232 # 8000e4d0 <__clz_tab>
80003060:	12c5f863          	bgeu	a1,a2,80003190 <__udivdi3+0x17c>
80003064:	00010737          	lui	a4,0x10
80003068:	00058913          	mv	s2,a1
8000306c:	10e67863          	bgeu	a2,a4,8000317c <__udivdi3+0x168>
80003070:	10063713          	sltiu	a4,a2,256
80003074:	00173713          	seqz	a4,a4
80003078:	00371713          	slli	a4,a4,0x3
8000307c:	00e656b3          	srl	a3,a2,a4
80003080:	00d787b3          	add	a5,a5,a3
80003084:	0007c783          	lbu	a5,0(a5)
80003088:	02000693          	li	a3,32
8000308c:	00e787b3          	add	a5,a5,a4
80003090:	40f68733          	sub	a4,a3,a5
80003094:	00f68c63          	beq	a3,a5,800030ac <__udivdi3+0x98>
80003098:	00e59933          	sll	s2,a1,a4
8000309c:	00fa57b3          	srl	a5,s4,a5
800030a0:	00e619b3          	sll	s3,a2,a4
800030a4:	0127e933          	or	s2,a5,s2
800030a8:	00ea14b3          	sll	s1,s4,a4
800030ac:	0109da93          	srli	s5,s3,0x10
800030b0:	000a8593          	mv	a1,s5
800030b4:	00090513          	mv	a0,s2
800030b8:	01099b13          	slli	s6,s3,0x10
800030bc:	0dd010ef          	jal	80004998 <__hidden___udivsi3>
800030c0:	010b5b13          	srli	s6,s6,0x10
800030c4:	00050593          	mv	a1,a0
800030c8:	00050a13          	mv	s4,a0
800030cc:	000b0513          	mv	a0,s6
800030d0:	09d010ef          	jal	8000496c <__mulsi3>
800030d4:	00050413          	mv	s0,a0
800030d8:	000a8593          	mv	a1,s5
800030dc:	00090513          	mv	a0,s2
800030e0:	101010ef          	jal	800049e0 <__umodsi3>
800030e4:	01051513          	slli	a0,a0,0x10
800030e8:	0104d713          	srli	a4,s1,0x10
800030ec:	00a76733          	or	a4,a4,a0
800030f0:	000a0913          	mv	s2,s4
800030f4:	00877e63          	bgeu	a4,s0,80003110 <__udivdi3+0xfc>
800030f8:	00e98733          	add	a4,s3,a4
800030fc:	fffa0913          	addi	s2,s4,-1
80003100:	01376863          	bltu	a4,s3,80003110 <__udivdi3+0xfc>
80003104:	00877663          	bgeu	a4,s0,80003110 <__udivdi3+0xfc>
80003108:	ffea0913          	addi	s2,s4,-2
8000310c:	01370733          	add	a4,a4,s3
80003110:	40870433          	sub	s0,a4,s0
80003114:	000a8593          	mv	a1,s5
80003118:	00040513          	mv	a0,s0
8000311c:	07d010ef          	jal	80004998 <__hidden___udivsi3>
80003120:	00050593          	mv	a1,a0
80003124:	00050a13          	mv	s4,a0
80003128:	000b0513          	mv	a0,s6
8000312c:	041010ef          	jal	8000496c <__mulsi3>
80003130:	00050b13          	mv	s6,a0
80003134:	000a8593          	mv	a1,s5
80003138:	00040513          	mv	a0,s0
8000313c:	0a5010ef          	jal	800049e0 <__umodsi3>
80003140:	01049493          	slli	s1,s1,0x10
80003144:	01051513          	slli	a0,a0,0x10
80003148:	0104d493          	srli	s1,s1,0x10
8000314c:	00a4e4b3          	or	s1,s1,a0
80003150:	000a0713          	mv	a4,s4
80003154:	0164fc63          	bgeu	s1,s6,8000316c <__udivdi3+0x158>
80003158:	009984b3          	add	s1,s3,s1
8000315c:	fffa0713          	addi	a4,s4,-1
80003160:	0134e663          	bltu	s1,s3,8000316c <__udivdi3+0x158>
80003164:	0164f463          	bgeu	s1,s6,8000316c <__udivdi3+0x158>
80003168:	ffea0713          	addi	a4,s4,-2
8000316c:	01091793          	slli	a5,s2,0x10
80003170:	00e7e7b3          	or	a5,a5,a4
80003174:	00000913          	li	s2,0
80003178:	1200006f          	j	80003298 <__udivdi3+0x284>
8000317c:	010006b7          	lui	a3,0x1000
80003180:	01800713          	li	a4,24
80003184:	eed67ce3          	bgeu	a2,a3,8000307c <__udivdi3+0x68>
80003188:	01000713          	li	a4,16
8000318c:	ef1ff06f          	j	8000307c <__udivdi3+0x68>
80003190:	00000713          	li	a4,0
80003194:	00060c63          	beqz	a2,800031ac <__udivdi3+0x198>
80003198:	00010737          	lui	a4,0x10
8000319c:	12e67e63          	bgeu	a2,a4,800032d8 <__udivdi3+0x2c4>
800031a0:	10063713          	sltiu	a4,a2,256
800031a4:	00173713          	seqz	a4,a4
800031a8:	00371713          	slli	a4,a4,0x3
800031ac:	00e656b3          	srl	a3,a2,a4
800031b0:	00d787b3          	add	a5,a5,a3
800031b4:	0007c783          	lbu	a5,0(a5)
800031b8:	02000693          	li	a3,32
800031bc:	00e787b3          	add	a5,a5,a4
800031c0:	40f68733          	sub	a4,a3,a5
800031c4:	12f69463          	bne	a3,a5,800032ec <__udivdi3+0x2d8>
800031c8:	40c58a33          	sub	s4,a1,a2
800031cc:	00100913          	li	s2,1
800031d0:	0109db13          	srli	s6,s3,0x10
800031d4:	000b0593          	mv	a1,s6
800031d8:	000a0513          	mv	a0,s4
800031dc:	01099b93          	slli	s7,s3,0x10
800031e0:	7b8010ef          	jal	80004998 <__hidden___udivsi3>
800031e4:	010bdb93          	srli	s7,s7,0x10
800031e8:	00050593          	mv	a1,a0
800031ec:	00050c13          	mv	s8,a0
800031f0:	000b8513          	mv	a0,s7
800031f4:	778010ef          	jal	8000496c <__mulsi3>
800031f8:	00050a93          	mv	s5,a0
800031fc:	000b0593          	mv	a1,s6
80003200:	000a0513          	mv	a0,s4
80003204:	7dc010ef          	jal	800049e0 <__umodsi3>
80003208:	01051513          	slli	a0,a0,0x10
8000320c:	0104d713          	srli	a4,s1,0x10
80003210:	00a76733          	or	a4,a4,a0
80003214:	000c0a13          	mv	s4,s8
80003218:	01577e63          	bgeu	a4,s5,80003234 <__udivdi3+0x220>
8000321c:	00e98733          	add	a4,s3,a4
80003220:	fffc0a13          	addi	s4,s8,-1
80003224:	01376863          	bltu	a4,s3,80003234 <__udivdi3+0x220>
80003228:	01577663          	bgeu	a4,s5,80003234 <__udivdi3+0x220>
8000322c:	ffec0a13          	addi	s4,s8,-2
80003230:	01370733          	add	a4,a4,s3
80003234:	41570433          	sub	s0,a4,s5
80003238:	000b0593          	mv	a1,s6
8000323c:	00040513          	mv	a0,s0
80003240:	758010ef          	jal	80004998 <__hidden___udivsi3>
80003244:	00050593          	mv	a1,a0
80003248:	00050a93          	mv	s5,a0
8000324c:	000b8513          	mv	a0,s7
80003250:	71c010ef          	jal	8000496c <__mulsi3>
80003254:	00050b93          	mv	s7,a0
80003258:	000b0593          	mv	a1,s6
8000325c:	00040513          	mv	a0,s0
80003260:	780010ef          	jal	800049e0 <__umodsi3>
80003264:	01049493          	slli	s1,s1,0x10
80003268:	01051513          	slli	a0,a0,0x10
8000326c:	0104d493          	srli	s1,s1,0x10
80003270:	00a4e4b3          	or	s1,s1,a0
80003274:	000a8713          	mv	a4,s5
80003278:	0174fc63          	bgeu	s1,s7,80003290 <__udivdi3+0x27c>
8000327c:	009984b3          	add	s1,s3,s1
80003280:	fffa8713          	addi	a4,s5,-1
80003284:	0134e663          	bltu	s1,s3,80003290 <__udivdi3+0x27c>
80003288:	0174f463          	bgeu	s1,s7,80003290 <__udivdi3+0x27c>
8000328c:	ffea8713          	addi	a4,s5,-2
80003290:	010a1793          	slli	a5,s4,0x10
80003294:	00e7e7b3          	or	a5,a5,a4
80003298:	02c12083          	lw	ra,44(sp)
8000329c:	02812403          	lw	s0,40(sp)
800032a0:	02412483          	lw	s1,36(sp)
800032a4:	01c12983          	lw	s3,28(sp)
800032a8:	01812a03          	lw	s4,24(sp)
800032ac:	01412a83          	lw	s5,20(sp)
800032b0:	01012b03          	lw	s6,16(sp)
800032b4:	00c12b83          	lw	s7,12(sp)
800032b8:	00812c03          	lw	s8,8(sp)
800032bc:	00412c83          	lw	s9,4(sp)
800032c0:	00012d03          	lw	s10,0(sp)
800032c4:	00090593          	mv	a1,s2
800032c8:	00078513          	mv	a0,a5
800032cc:	02012903          	lw	s2,32(sp)
800032d0:	03010113          	addi	sp,sp,48
800032d4:	00008067          	ret
800032d8:	010006b7          	lui	a3,0x1000
800032dc:	01800713          	li	a4,24
800032e0:	ecd676e3          	bgeu	a2,a3,800031ac <__udivdi3+0x198>
800032e4:	01000713          	li	a4,16
800032e8:	ec5ff06f          	j	800031ac <__udivdi3+0x198>
800032ec:	00e619b3          	sll	s3,a2,a4
800032f0:	00f5d933          	srl	s2,a1,a5
800032f4:	0109db93          	srli	s7,s3,0x10
800032f8:	00e595b3          	sll	a1,a1,a4
800032fc:	00fa57b3          	srl	a5,s4,a5
80003300:	00b7eab3          	or	s5,a5,a1
80003304:	00ea14b3          	sll	s1,s4,a4
80003308:	000b8593          	mv	a1,s7
8000330c:	00090513          	mv	a0,s2
80003310:	01099a13          	slli	s4,s3,0x10
80003314:	684010ef          	jal	80004998 <__hidden___udivsi3>
80003318:	010a5a13          	srli	s4,s4,0x10
8000331c:	00050593          	mv	a1,a0
80003320:	00050b13          	mv	s6,a0
80003324:	000a0513          	mv	a0,s4
80003328:	644010ef          	jal	8000496c <__mulsi3>
8000332c:	00050413          	mv	s0,a0
80003330:	000b8593          	mv	a1,s7
80003334:	00090513          	mv	a0,s2
80003338:	6a8010ef          	jal	800049e0 <__umodsi3>
8000333c:	01051513          	slli	a0,a0,0x10
80003340:	010ad713          	srli	a4,s5,0x10
80003344:	00a76733          	or	a4,a4,a0
80003348:	000b0913          	mv	s2,s6
8000334c:	00877e63          	bgeu	a4,s0,80003368 <__udivdi3+0x354>
80003350:	00e98733          	add	a4,s3,a4
80003354:	fffb0913          	addi	s2,s6,-1
80003358:	01376863          	bltu	a4,s3,80003368 <__udivdi3+0x354>
8000335c:	00877663          	bgeu	a4,s0,80003368 <__udivdi3+0x354>
80003360:	ffeb0913          	addi	s2,s6,-2
80003364:	01370733          	add	a4,a4,s3
80003368:	40870433          	sub	s0,a4,s0
8000336c:	000b8593          	mv	a1,s7
80003370:	00040513          	mv	a0,s0
80003374:	624010ef          	jal	80004998 <__hidden___udivsi3>
80003378:	00050593          	mv	a1,a0
8000337c:	00050b13          	mv	s6,a0
80003380:	000a0513          	mv	a0,s4
80003384:	5e8010ef          	jal	8000496c <__mulsi3>
80003388:	00050a13          	mv	s4,a0
8000338c:	000b8593          	mv	a1,s7
80003390:	00040513          	mv	a0,s0
80003394:	64c010ef          	jal	800049e0 <__umodsi3>
80003398:	010a9793          	slli	a5,s5,0x10
8000339c:	01051513          	slli	a0,a0,0x10
800033a0:	0107d793          	srli	a5,a5,0x10
800033a4:	00a7e7b3          	or	a5,a5,a0
800033a8:	000b0713          	mv	a4,s6
800033ac:	0147fe63          	bgeu	a5,s4,800033c8 <__udivdi3+0x3b4>
800033b0:	00f987b3          	add	a5,s3,a5
800033b4:	fffb0713          	addi	a4,s6,-1
800033b8:	0137e863          	bltu	a5,s3,800033c8 <__udivdi3+0x3b4>
800033bc:	0147f663          	bgeu	a5,s4,800033c8 <__udivdi3+0x3b4>
800033c0:	ffeb0713          	addi	a4,s6,-2
800033c4:	013787b3          	add	a5,a5,s3
800033c8:	01091913          	slli	s2,s2,0x10
800033cc:	41478a33          	sub	s4,a5,s4
800033d0:	00e96933          	or	s2,s2,a4
800033d4:	dfdff06f          	j	800031d0 <__udivdi3+0x1bc>
800033d8:	1ed5ec63          	bltu	a1,a3,800035d0 <__udivdi3+0x5bc>
800033dc:	000107b7          	lui	a5,0x10
800033e0:	04f6f463          	bgeu	a3,a5,80003428 <__udivdi3+0x414>
800033e4:	1006b713          	sltiu	a4,a3,256
800033e8:	00173713          	seqz	a4,a4
800033ec:	00371713          	slli	a4,a4,0x3
800033f0:	8000e7b7          	lui	a5,0x8000e
800033f4:	00e6d533          	srl	a0,a3,a4
800033f8:	4d078793          	addi	a5,a5,1232 # 8000e4d0 <__clz_tab>
800033fc:	00a787b3          	add	a5,a5,a0
80003400:	0007c803          	lbu	a6,0(a5)
80003404:	02000793          	li	a5,32
80003408:	00e80833          	add	a6,a6,a4
8000340c:	41078933          	sub	s2,a5,a6
80003410:	03079663          	bne	a5,a6,8000343c <__udivdi3+0x428>
80003414:	00100793          	li	a5,1
80003418:	e8b6e0e3          	bltu	a3,a1,80003298 <__udivdi3+0x284>
8000341c:	00ca37b3          	sltu	a5,s4,a2
80003420:	0017b793          	seqz	a5,a5
80003424:	e75ff06f          	j	80003298 <__udivdi3+0x284>
80003428:	010007b7          	lui	a5,0x1000
8000342c:	01800713          	li	a4,24
80003430:	fcf6f0e3          	bgeu	a3,a5,800033f0 <__udivdi3+0x3dc>
80003434:	01000713          	li	a4,16
80003438:	fb9ff06f          	j	800033f0 <__udivdi3+0x3dc>
8000343c:	012696b3          	sll	a3,a3,s2
80003440:	01065ab3          	srl	s5,a2,a6
80003444:	00daeab3          	or	s5,s5,a3
80003448:	0105d9b3          	srl	s3,a1,a6
8000344c:	010adc13          	srli	s8,s5,0x10
80003450:	010a5833          	srl	a6,s4,a6
80003454:	012595b3          	sll	a1,a1,s2
80003458:	00b864b3          	or	s1,a6,a1
8000345c:	010a9b93          	slli	s7,s5,0x10
80003460:	000c0593          	mv	a1,s8
80003464:	00098513          	mv	a0,s3
80003468:	01261433          	sll	s0,a2,s2
8000346c:	010bdb93          	srli	s7,s7,0x10
80003470:	528010ef          	jal	80004998 <__hidden___udivsi3>
80003474:	00050593          	mv	a1,a0
80003478:	00050d13          	mv	s10,a0
8000347c:	000b8513          	mv	a0,s7
80003480:	4ec010ef          	jal	8000496c <__mulsi3>
80003484:	00050c93          	mv	s9,a0
80003488:	000c0593          	mv	a1,s8
8000348c:	00098513          	mv	a0,s3
80003490:	550010ef          	jal	800049e0 <__umodsi3>
80003494:	01051513          	slli	a0,a0,0x10
80003498:	0104d693          	srli	a3,s1,0x10
8000349c:	00a6e6b3          	or	a3,a3,a0
800034a0:	000d0b13          	mv	s6,s10
800034a4:	0196fe63          	bgeu	a3,s9,800034c0 <__udivdi3+0x4ac>
800034a8:	00da86b3          	add	a3,s5,a3
800034ac:	fffd0b13          	addi	s6,s10,-1
800034b0:	0156e863          	bltu	a3,s5,800034c0 <__udivdi3+0x4ac>
800034b4:	0196f663          	bgeu	a3,s9,800034c0 <__udivdi3+0x4ac>
800034b8:	ffed0b13          	addi	s6,s10,-2
800034bc:	015686b3          	add	a3,a3,s5
800034c0:	419689b3          	sub	s3,a3,s9
800034c4:	000c0593          	mv	a1,s8
800034c8:	00098513          	mv	a0,s3
800034cc:	4cc010ef          	jal	80004998 <__hidden___udivsi3>
800034d0:	00050593          	mv	a1,a0
800034d4:	00050c93          	mv	s9,a0
800034d8:	000b8513          	mv	a0,s7
800034dc:	490010ef          	jal	8000496c <__mulsi3>
800034e0:	00050b93          	mv	s7,a0
800034e4:	000c0593          	mv	a1,s8
800034e8:	00098513          	mv	a0,s3
800034ec:	4f4010ef          	jal	800049e0 <__umodsi3>
800034f0:	01049713          	slli	a4,s1,0x10
800034f4:	01051513          	slli	a0,a0,0x10
800034f8:	01075713          	srli	a4,a4,0x10
800034fc:	00a76733          	or	a4,a4,a0
80003500:	000c8693          	mv	a3,s9
80003504:	01777e63          	bgeu	a4,s7,80003520 <__udivdi3+0x50c>
80003508:	00ea8733          	add	a4,s5,a4
8000350c:	fffc8693          	addi	a3,s9,-1
80003510:	01576863          	bltu	a4,s5,80003520 <__udivdi3+0x50c>
80003514:	01777663          	bgeu	a4,s7,80003520 <__udivdi3+0x50c>
80003518:	ffec8693          	addi	a3,s9,-2
8000351c:	01570733          	add	a4,a4,s5
80003520:	010b1793          	slli	a5,s6,0x10
80003524:	01069813          	slli	a6,a3,0x10
80003528:	01041313          	slli	t1,s0,0x10
8000352c:	00d7e7b3          	or	a5,a5,a3
80003530:	01085813          	srli	a6,a6,0x10
80003534:	01035313          	srli	t1,t1,0x10
80003538:	41770733          	sub	a4,a4,s7
8000353c:	0107de13          	srli	t3,a5,0x10
80003540:	01045413          	srli	s0,s0,0x10
80003544:	00080513          	mv	a0,a6
80003548:	00030593          	mv	a1,t1
8000354c:	420010ef          	jal	8000496c <__mulsi3>
80003550:	00050893          	mv	a7,a0
80003554:	00040593          	mv	a1,s0
80003558:	00080513          	mv	a0,a6
8000355c:	410010ef          	jal	8000496c <__mulsi3>
80003560:	00050813          	mv	a6,a0
80003564:	00030593          	mv	a1,t1
80003568:	000e0513          	mv	a0,t3
8000356c:	400010ef          	jal	8000496c <__mulsi3>
80003570:	00050313          	mv	t1,a0
80003574:	00040593          	mv	a1,s0
80003578:	000e0513          	mv	a0,t3
8000357c:	3f0010ef          	jal	8000496c <__mulsi3>
80003580:	0108d693          	srli	a3,a7,0x10
80003584:	00680833          	add	a6,a6,t1
80003588:	010686b3          	add	a3,a3,a6
8000358c:	00050613          	mv	a2,a0
80003590:	0066f663          	bgeu	a3,t1,8000359c <__udivdi3+0x588>
80003594:	000105b7          	lui	a1,0x10
80003598:	00b50633          	add	a2,a0,a1
8000359c:	0106d593          	srli	a1,a3,0x10
800035a0:	00c58633          	add	a2,a1,a2
800035a4:	02c76263          	bltu	a4,a2,800035c8 <__udivdi3+0x5b4>
800035a8:	bcc716e3          	bne	a4,a2,80003174 <__udivdi3+0x160>
800035ac:	01089893          	slli	a7,a7,0x10
800035b0:	01069693          	slli	a3,a3,0x10
800035b4:	0108d893          	srli	a7,a7,0x10
800035b8:	012a1733          	sll	a4,s4,s2
800035bc:	011686b3          	add	a3,a3,a7
800035c0:	00000913          	li	s2,0
800035c4:	ccd77ae3          	bgeu	a4,a3,80003298 <__udivdi3+0x284>
800035c8:	fff78793          	addi	a5,a5,-1 # ffffff <buflen.1+0xffffbf>
800035cc:	ba9ff06f          	j	80003174 <__udivdi3+0x160>
800035d0:	00000913          	li	s2,0
800035d4:	00000793          	li	a5,0
800035d8:	cc1ff06f          	j	80003298 <__udivdi3+0x284>

800035dc <__umoddi3>:
800035dc:	fd010113          	addi	sp,sp,-48
800035e0:	02812423          	sw	s0,40(sp)
800035e4:	02912223          	sw	s1,36(sp)
800035e8:	02112623          	sw	ra,44(sp)
800035ec:	03212023          	sw	s2,32(sp)
800035f0:	01312e23          	sw	s3,28(sp)
800035f4:	01412c23          	sw	s4,24(sp)
800035f8:	01512a23          	sw	s5,20(sp)
800035fc:	01612823          	sw	s6,16(sp)
80003600:	01712623          	sw	s7,12(sp)
80003604:	01812423          	sw	s8,8(sp)
80003608:	01912223          	sw	s9,4(sp)
8000360c:	01a12023          	sw	s10,0(sp)
80003610:	00050413          	mv	s0,a0
80003614:	00058493          	mv	s1,a1
80003618:	24069c63          	bnez	a3,80003870 <__umoddi3+0x294>
8000361c:	8000e7b7          	lui	a5,0x8000e
80003620:	00060993          	mv	s3,a2
80003624:	4d078793          	addi	a5,a5,1232 # 8000e4d0 <__clz_tab>
80003628:	12c5fe63          	bgeu	a1,a2,80003764 <__umoddi3+0x188>
8000362c:	00010737          	lui	a4,0x10
80003630:	12e67063          	bgeu	a2,a4,80003750 <__umoddi3+0x174>
80003634:	10063713          	sltiu	a4,a2,256
80003638:	00173713          	seqz	a4,a4
8000363c:	00371713          	slli	a4,a4,0x3
80003640:	00e656b3          	srl	a3,a2,a4
80003644:	00d787b3          	add	a5,a5,a3
80003648:	0007c783          	lbu	a5,0(a5)
8000364c:	00e787b3          	add	a5,a5,a4
80003650:	02000713          	li	a4,32
80003654:	40f70933          	sub	s2,a4,a5
80003658:	00f70c63          	beq	a4,a5,80003670 <__umoddi3+0x94>
8000365c:	012594b3          	sll	s1,a1,s2
80003660:	00f557b3          	srl	a5,a0,a5
80003664:	012619b3          	sll	s3,a2,s2
80003668:	0097e4b3          	or	s1,a5,s1
8000366c:	01251433          	sll	s0,a0,s2
80003670:	0109da93          	srli	s5,s3,0x10
80003674:	000a8593          	mv	a1,s5
80003678:	01099b13          	slli	s6,s3,0x10
8000367c:	00048513          	mv	a0,s1
80003680:	318010ef          	jal	80004998 <__hidden___udivsi3>
80003684:	010b5b13          	srli	s6,s6,0x10
80003688:	000b0593          	mv	a1,s6
8000368c:	2e0010ef          	jal	8000496c <__mulsi3>
80003690:	00050a13          	mv	s4,a0
80003694:	000a8593          	mv	a1,s5
80003698:	00048513          	mv	a0,s1
8000369c:	344010ef          	jal	800049e0 <__umodsi3>
800036a0:	01051513          	slli	a0,a0,0x10
800036a4:	01045793          	srli	a5,s0,0x10
800036a8:	00a7e7b3          	or	a5,a5,a0
800036ac:	0147fa63          	bgeu	a5,s4,800036c0 <__umoddi3+0xe4>
800036b0:	00f987b3          	add	a5,s3,a5
800036b4:	0137e663          	bltu	a5,s3,800036c0 <__umoddi3+0xe4>
800036b8:	0147f463          	bgeu	a5,s4,800036c0 <__umoddi3+0xe4>
800036bc:	013787b3          	add	a5,a5,s3
800036c0:	414784b3          	sub	s1,a5,s4
800036c4:	000a8593          	mv	a1,s5
800036c8:	00048513          	mv	a0,s1
800036cc:	2cc010ef          	jal	80004998 <__hidden___udivsi3>
800036d0:	000b0593          	mv	a1,s6
800036d4:	298010ef          	jal	8000496c <__mulsi3>
800036d8:	00050a13          	mv	s4,a0
800036dc:	000a8593          	mv	a1,s5
800036e0:	00048513          	mv	a0,s1
800036e4:	2fc010ef          	jal	800049e0 <__umodsi3>
800036e8:	01041413          	slli	s0,s0,0x10
800036ec:	01051513          	slli	a0,a0,0x10
800036f0:	01045413          	srli	s0,s0,0x10
800036f4:	00a46433          	or	s0,s0,a0
800036f8:	01447a63          	bgeu	s0,s4,8000370c <__umoddi3+0x130>
800036fc:	00898433          	add	s0,s3,s0
80003700:	01346663          	bltu	s0,s3,8000370c <__umoddi3+0x130>
80003704:	01447463          	bgeu	s0,s4,8000370c <__umoddi3+0x130>
80003708:	01340433          	add	s0,s0,s3
8000370c:	41440433          	sub	s0,s0,s4
80003710:	01245533          	srl	a0,s0,s2
80003714:	00000593          	li	a1,0
80003718:	02c12083          	lw	ra,44(sp)
8000371c:	02812403          	lw	s0,40(sp)
80003720:	02412483          	lw	s1,36(sp)
80003724:	02012903          	lw	s2,32(sp)
80003728:	01c12983          	lw	s3,28(sp)
8000372c:	01812a03          	lw	s4,24(sp)
80003730:	01412a83          	lw	s5,20(sp)
80003734:	01012b03          	lw	s6,16(sp)
80003738:	00c12b83          	lw	s7,12(sp)
8000373c:	00812c03          	lw	s8,8(sp)
80003740:	00412c83          	lw	s9,4(sp)
80003744:	00012d03          	lw	s10,0(sp)
80003748:	03010113          	addi	sp,sp,48
8000374c:	00008067          	ret
80003750:	010006b7          	lui	a3,0x1000
80003754:	01800713          	li	a4,24
80003758:	eed674e3          	bgeu	a2,a3,80003640 <__umoddi3+0x64>
8000375c:	01000713          	li	a4,16
80003760:	ee1ff06f          	j	80003640 <__umoddi3+0x64>
80003764:	00000713          	li	a4,0
80003768:	00060c63          	beqz	a2,80003780 <__umoddi3+0x1a4>
8000376c:	00010737          	lui	a4,0x10
80003770:	0ee67663          	bgeu	a2,a4,8000385c <__umoddi3+0x280>
80003774:	10063713          	sltiu	a4,a2,256
80003778:	00173713          	seqz	a4,a4
8000377c:	00371713          	slli	a4,a4,0x3
80003780:	00e656b3          	srl	a3,a2,a4
80003784:	00d787b3          	add	a5,a5,a3
80003788:	0007c783          	lbu	a5,0(a5)
8000378c:	40c584b3          	sub	s1,a1,a2
80003790:	00e787b3          	add	a5,a5,a4
80003794:	02000713          	li	a4,32
80003798:	40f70933          	sub	s2,a4,a5
8000379c:	ecf70ae3          	beq	a4,a5,80003670 <__umoddi3+0x94>
800037a0:	012619b3          	sll	s3,a2,s2
800037a4:	00f5dbb3          	srl	s7,a1,a5
800037a8:	0109db13          	srli	s6,s3,0x10
800037ac:	00f557b3          	srl	a5,a0,a5
800037b0:	012595b3          	sll	a1,a1,s2
800037b4:	00b7ea33          	or	s4,a5,a1
800037b8:	01251433          	sll	s0,a0,s2
800037bc:	000b0593          	mv	a1,s6
800037c0:	01099a93          	slli	s5,s3,0x10
800037c4:	000b8513          	mv	a0,s7
800037c8:	1d0010ef          	jal	80004998 <__hidden___udivsi3>
800037cc:	010ada93          	srli	s5,s5,0x10
800037d0:	000a8593          	mv	a1,s5
800037d4:	198010ef          	jal	8000496c <__mulsi3>
800037d8:	00050493          	mv	s1,a0
800037dc:	000b0593          	mv	a1,s6
800037e0:	000b8513          	mv	a0,s7
800037e4:	1fc010ef          	jal	800049e0 <__umodsi3>
800037e8:	01051513          	slli	a0,a0,0x10
800037ec:	010a5713          	srli	a4,s4,0x10
800037f0:	00a76733          	or	a4,a4,a0
800037f4:	00977a63          	bgeu	a4,s1,80003808 <__umoddi3+0x22c>
800037f8:	00e98733          	add	a4,s3,a4
800037fc:	01376663          	bltu	a4,s3,80003808 <__umoddi3+0x22c>
80003800:	00977463          	bgeu	a4,s1,80003808 <__umoddi3+0x22c>
80003804:	01370733          	add	a4,a4,s3
80003808:	409704b3          	sub	s1,a4,s1
8000380c:	000b0593          	mv	a1,s6
80003810:	00048513          	mv	a0,s1
80003814:	184010ef          	jal	80004998 <__hidden___udivsi3>
80003818:	000a8593          	mv	a1,s5
8000381c:	150010ef          	jal	8000496c <__mulsi3>
80003820:	00050a93          	mv	s5,a0
80003824:	000b0593          	mv	a1,s6
80003828:	00048513          	mv	a0,s1
8000382c:	1b4010ef          	jal	800049e0 <__umodsi3>
80003830:	010a1793          	slli	a5,s4,0x10
80003834:	01051513          	slli	a0,a0,0x10
80003838:	0107d793          	srli	a5,a5,0x10
8000383c:	00a7e7b3          	or	a5,a5,a0
80003840:	0157fa63          	bgeu	a5,s5,80003854 <__umoddi3+0x278>
80003844:	00f987b3          	add	a5,s3,a5
80003848:	0137e663          	bltu	a5,s3,80003854 <__umoddi3+0x278>
8000384c:	0157f463          	bgeu	a5,s5,80003854 <__umoddi3+0x278>
80003850:	013787b3          	add	a5,a5,s3
80003854:	415784b3          	sub	s1,a5,s5
80003858:	e19ff06f          	j	80003670 <__umoddi3+0x94>
8000385c:	010006b7          	lui	a3,0x1000
80003860:	01800713          	li	a4,24
80003864:	f0d67ee3          	bgeu	a2,a3,80003780 <__umoddi3+0x1a4>
80003868:	01000713          	li	a4,16
8000386c:	f15ff06f          	j	80003780 <__umoddi3+0x1a4>
80003870:	ead5e4e3          	bltu	a1,a3,80003718 <__umoddi3+0x13c>
80003874:	000107b7          	lui	a5,0x10
80003878:	04f6fe63          	bgeu	a3,a5,800038d4 <__umoddi3+0x2f8>
8000387c:	1006b793          	sltiu	a5,a3,256
80003880:	0017b793          	seqz	a5,a5
80003884:	00379793          	slli	a5,a5,0x3
80003888:	8000e737          	lui	a4,0x8000e
8000388c:	00f6d833          	srl	a6,a3,a5
80003890:	4d070713          	addi	a4,a4,1232 # 8000e4d0 <__clz_tab>
80003894:	01070733          	add	a4,a4,a6
80003898:	00074a83          	lbu	s5,0(a4)
8000389c:	00fa8ab3          	add	s5,s5,a5
800038a0:	02000793          	li	a5,32
800038a4:	41578a33          	sub	s4,a5,s5
800038a8:	05579063          	bne	a5,s5,800038e8 <__umoddi3+0x30c>
800038ac:	00b6e463          	bltu	a3,a1,800038b4 <__umoddi3+0x2d8>
800038b0:	00c56c63          	bltu	a0,a2,800038c8 <__umoddi3+0x2ec>
800038b4:	40c50933          	sub	s2,a0,a2
800038b8:	40d586b3          	sub	a3,a1,a3
800038bc:	012534b3          	sltu	s1,a0,s2
800038c0:	00090413          	mv	s0,s2
800038c4:	409684b3          	sub	s1,a3,s1
800038c8:	00040513          	mv	a0,s0
800038cc:	00048593          	mv	a1,s1
800038d0:	e49ff06f          	j	80003718 <__umoddi3+0x13c>
800038d4:	01000737          	lui	a4,0x1000
800038d8:	01800793          	li	a5,24
800038dc:	fae6f6e3          	bgeu	a3,a4,80003888 <__umoddi3+0x2ac>
800038e0:	01000793          	li	a5,16
800038e4:	fa5ff06f          	j	80003888 <__umoddi3+0x2ac>
800038e8:	014696b3          	sll	a3,a3,s4
800038ec:	01565b33          	srl	s6,a2,s5
800038f0:	00db6b33          	or	s6,s6,a3
800038f4:	0155dbb3          	srl	s7,a1,s5
800038f8:	01555433          	srl	s0,a0,s5
800038fc:	014595b3          	sll	a1,a1,s4
80003900:	010b5493          	srli	s1,s6,0x10
80003904:	00b46433          	or	s0,s0,a1
80003908:	014519b3          	sll	s3,a0,s4
8000390c:	00048593          	mv	a1,s1
80003910:	000b8513          	mv	a0,s7
80003914:	010b1c13          	slli	s8,s6,0x10
80003918:	01461933          	sll	s2,a2,s4
8000391c:	010c5c13          	srli	s8,s8,0x10
80003920:	078010ef          	jal	80004998 <__hidden___udivsi3>
80003924:	00050593          	mv	a1,a0
80003928:	00050d13          	mv	s10,a0
8000392c:	000c0513          	mv	a0,s8
80003930:	03c010ef          	jal	8000496c <__mulsi3>
80003934:	00050c93          	mv	s9,a0
80003938:	00048593          	mv	a1,s1
8000393c:	000b8513          	mv	a0,s7
80003940:	0a0010ef          	jal	800049e0 <__umodsi3>
80003944:	01051513          	slli	a0,a0,0x10
80003948:	01045793          	srli	a5,s0,0x10
8000394c:	00a7e7b3          	or	a5,a5,a0
80003950:	000d0b93          	mv	s7,s10
80003954:	0197fe63          	bgeu	a5,s9,80003970 <__umoddi3+0x394>
80003958:	00fb07b3          	add	a5,s6,a5
8000395c:	fffd0b93          	addi	s7,s10,-1
80003960:	0167e863          	bltu	a5,s6,80003970 <__umoddi3+0x394>
80003964:	0197f663          	bgeu	a5,s9,80003970 <__umoddi3+0x394>
80003968:	ffed0b93          	addi	s7,s10,-2
8000396c:	016787b3          	add	a5,a5,s6
80003970:	41978cb3          	sub	s9,a5,s9
80003974:	00048593          	mv	a1,s1
80003978:	000c8513          	mv	a0,s9
8000397c:	01c010ef          	jal	80004998 <__hidden___udivsi3>
80003980:	00050593          	mv	a1,a0
80003984:	00050d13          	mv	s10,a0
80003988:	000c0513          	mv	a0,s8
8000398c:	7e1000ef          	jal	8000496c <__mulsi3>
80003990:	00048593          	mv	a1,s1
80003994:	00050c13          	mv	s8,a0
80003998:	000c8513          	mv	a0,s9
8000399c:	044010ef          	jal	800049e0 <__umodsi3>
800039a0:	01041593          	slli	a1,s0,0x10
800039a4:	01051513          	slli	a0,a0,0x10
800039a8:	0105d593          	srli	a1,a1,0x10
800039ac:	00a5e5b3          	or	a1,a1,a0
800039b0:	000d0793          	mv	a5,s10
800039b4:	0185fe63          	bgeu	a1,s8,800039d0 <__umoddi3+0x3f4>
800039b8:	00bb05b3          	add	a1,s6,a1
800039bc:	fffd0793          	addi	a5,s10,-1
800039c0:	0165e863          	bltu	a1,s6,800039d0 <__umoddi3+0x3f4>
800039c4:	0185f663          	bgeu	a1,s8,800039d0 <__umoddi3+0x3f4>
800039c8:	ffed0793          	addi	a5,s10,-2
800039cc:	016585b3          	add	a1,a1,s6
800039d0:	010b9b93          	slli	s7,s7,0x10
800039d4:	00fbebb3          	or	s7,s7,a5
800039d8:	01091893          	slli	a7,s2,0x10
800039dc:	01079793          	slli	a5,a5,0x10
800039e0:	0107d793          	srli	a5,a5,0x10
800039e4:	0108d893          	srli	a7,a7,0x10
800039e8:	418584b3          	sub	s1,a1,s8
800039ec:	010bdb93          	srli	s7,s7,0x10
800039f0:	01095713          	srli	a4,s2,0x10
800039f4:	00078513          	mv	a0,a5
800039f8:	00088593          	mv	a1,a7
800039fc:	771000ef          	jal	8000496c <__mulsi3>
80003a00:	00050813          	mv	a6,a0
80003a04:	00070593          	mv	a1,a4
80003a08:	00078513          	mv	a0,a5
80003a0c:	00070793          	mv	a5,a4
80003a10:	75d000ef          	jal	8000496c <__mulsi3>
80003a14:	00050713          	mv	a4,a0
80003a18:	00088593          	mv	a1,a7
80003a1c:	000b8513          	mv	a0,s7
80003a20:	74d000ef          	jal	8000496c <__mulsi3>
80003a24:	00050893          	mv	a7,a0
80003a28:	00078593          	mv	a1,a5
80003a2c:	000b8513          	mv	a0,s7
80003a30:	73d000ef          	jal	8000496c <__mulsi3>
80003a34:	01085793          	srli	a5,a6,0x10
80003a38:	01170733          	add	a4,a4,a7
80003a3c:	00e787b3          	add	a5,a5,a4
80003a40:	00050693          	mv	a3,a0
80003a44:	0117f663          	bgeu	a5,a7,80003a50 <__umoddi3+0x474>
80003a48:	00010737          	lui	a4,0x10
80003a4c:	00e506b3          	add	a3,a0,a4
80003a50:	0107d713          	srli	a4,a5,0x10
80003a54:	01081813          	slli	a6,a6,0x10
80003a58:	01079793          	slli	a5,a5,0x10
80003a5c:	01085813          	srli	a6,a6,0x10
80003a60:	00d70733          	add	a4,a4,a3
80003a64:	010787b3          	add	a5,a5,a6
80003a68:	00e4e663          	bltu	s1,a4,80003a74 <__umoddi3+0x498>
80003a6c:	00e49e63          	bne	s1,a4,80003a88 <__umoddi3+0x4ac>
80003a70:	00f9fc63          	bgeu	s3,a5,80003a88 <__umoddi3+0x4ac>
80003a74:	41278933          	sub	s2,a5,s2
80003a78:	0127b6b3          	sltu	a3,a5,s2
80003a7c:	016686b3          	add	a3,a3,s6
80003a80:	00090793          	mv	a5,s2
80003a84:	40d70733          	sub	a4,a4,a3
80003a88:	40f987b3          	sub	a5,s3,a5
80003a8c:	00f9b9b3          	sltu	s3,s3,a5
80003a90:	40e485b3          	sub	a1,s1,a4
80003a94:	413585b3          	sub	a1,a1,s3
80003a98:	01559ab3          	sll	s5,a1,s5
80003a9c:	0147d7b3          	srl	a5,a5,s4
80003aa0:	00fae533          	or	a0,s5,a5
80003aa4:	0145d5b3          	srl	a1,a1,s4
80003aa8:	c71ff06f          	j	80003718 <__umoddi3+0x13c>

80003aac <__adddf3>:
80003aac:	00100837          	lui	a6,0x100
80003ab0:	fff80813          	addi	a6,a6,-1 # fffff <buflen.1+0xfffbf>
80003ab4:	fe010113          	addi	sp,sp,-32
80003ab8:	00b878b3          	and	a7,a6,a1
80003abc:	0145d713          	srli	a4,a1,0x14
80003ac0:	00d87833          	and	a6,a6,a3
80003ac4:	01412423          	sw	s4,8(sp)
80003ac8:	7ff77a13          	andi	s4,a4,2047
80003acc:	00389713          	slli	a4,a7,0x3
80003ad0:	0146d893          	srli	a7,a3,0x14
80003ad4:	01d55793          	srli	a5,a0,0x1d
80003ad8:	00381813          	slli	a6,a6,0x3
80003adc:	01312623          	sw	s3,12(sp)
80003ae0:	7ff8f893          	andi	a7,a7,2047
80003ae4:	01f5d993          	srli	s3,a1,0x1f
80003ae8:	00112e23          	sw	ra,28(sp)
80003aec:	01d65593          	srli	a1,a2,0x1d
80003af0:	00812c23          	sw	s0,24(sp)
80003af4:	00912a23          	sw	s1,20(sp)
80003af8:	01212823          	sw	s2,16(sp)
80003afc:	01512223          	sw	s5,4(sp)
80003b00:	01f6d693          	srli	a3,a3,0x1f
80003b04:	0105e5b3          	or	a1,a1,a6
80003b08:	00e7e7b3          	or	a5,a5,a4
80003b0c:	00351513          	slli	a0,a0,0x3
80003b10:	00361613          	slli	a2,a2,0x3
80003b14:	411a0833          	sub	a6,s4,a7
80003b18:	7ff00313          	li	t1,2047
80003b1c:	32d99863          	bne	s3,a3,80003e4c <__adddf3+0x3a0>
80003b20:	17005e63          	blez	a6,80003c9c <__adddf3+0x1f0>
80003b24:	0a089863          	bnez	a7,80003bd4 <__adddf3+0x128>
80003b28:	00c5e733          	or	a4,a1,a2
80003b2c:	02070663          	beqz	a4,80003b58 <__adddf3+0xac>
80003b30:	fffa0813          	addi	a6,s4,-1
80003b34:	02081063          	bnez	a6,80003b54 <__adddf3+0xa8>
80003b38:	00c50633          	add	a2,a0,a2
80003b3c:	00a63733          	sltu	a4,a2,a0
80003b40:	00b785b3          	add	a1,a5,a1
80003b44:	00060513          	mv	a0,a2
80003b48:	00e587b3          	add	a5,a1,a4
80003b4c:	00100a13          	li	s4,1
80003b50:	0d40006f          	j	80003c24 <__adddf3+0x178>
80003b54:	086a1663          	bne	s4,t1,80003be0 <__adddf3+0x134>
80003b58:	01d79693          	slli	a3,a5,0x1d
80003b5c:	00355513          	srli	a0,a0,0x3
80003b60:	7ff00713          	li	a4,2047
80003b64:	00a6e6b3          	or	a3,a3,a0
80003b68:	0037d793          	srli	a5,a5,0x3
80003b6c:	00ea1e63          	bne	s4,a4,80003b88 <__adddf3+0xdc>
80003b70:	00f6e6b3          	or	a3,a3,a5
80003b74:	00000793          	li	a5,0
80003b78:	00068863          	beqz	a3,80003b88 <__adddf3+0xdc>
80003b7c:	000807b7          	lui	a5,0x80
80003b80:	00000693          	li	a3,0
80003b84:	00000993          	li	s3,0
80003b88:	014a1713          	slli	a4,s4,0x14
80003b8c:	7ff00637          	lui	a2,0x7ff00
80003b90:	00c79793          	slli	a5,a5,0xc
80003b94:	00c77733          	and	a4,a4,a2
80003b98:	01c12083          	lw	ra,28(sp)
80003b9c:	01812403          	lw	s0,24(sp)
80003ba0:	00c7d793          	srli	a5,a5,0xc
80003ba4:	00f767b3          	or	a5,a4,a5
80003ba8:	01f99713          	slli	a4,s3,0x1f
80003bac:	00e7e633          	or	a2,a5,a4
80003bb0:	01412483          	lw	s1,20(sp)
80003bb4:	01012903          	lw	s2,16(sp)
80003bb8:	00c12983          	lw	s3,12(sp)
80003bbc:	00812a03          	lw	s4,8(sp)
80003bc0:	00412a83          	lw	s5,4(sp)
80003bc4:	00068513          	mv	a0,a3
80003bc8:	00060593          	mv	a1,a2
80003bcc:	02010113          	addi	sp,sp,32
80003bd0:	00008067          	ret
80003bd4:	f86a02e3          	beq	s4,t1,80003b58 <__adddf3+0xac>
80003bd8:	00800737          	lui	a4,0x800
80003bdc:	00e5e5b3          	or	a1,a1,a4
80003be0:	03800713          	li	a4,56
80003be4:	0b074663          	blt	a4,a6,80003c90 <__adddf3+0x1e4>
80003be8:	01f00713          	li	a4,31
80003bec:	02000893          	li	a7,32
80003bf0:	07074863          	blt	a4,a6,80003c60 <__adddf3+0x1b4>
80003bf4:	410888b3          	sub	a7,a7,a6
80003bf8:	01159733          	sll	a4,a1,a7
80003bfc:	010656b3          	srl	a3,a2,a6
80003c00:	011618b3          	sll	a7,a2,a7
80003c04:	00d76733          	or	a4,a4,a3
80003c08:	011038b3          	snez	a7,a7
80003c0c:	01176733          	or	a4,a4,a7
80003c10:	0105d833          	srl	a6,a1,a6
80003c14:	00a70533          	add	a0,a4,a0
80003c18:	00f80833          	add	a6,a6,a5
80003c1c:	00e53733          	sltu	a4,a0,a4
80003c20:	00e807b3          	add	a5,a6,a4
80003c24:	00879713          	slli	a4,a5,0x8
80003c28:	1c075e63          	bgez	a4,80003e04 <__adddf3+0x358>
80003c2c:	001a0a13          	addi	s4,s4,1
80003c30:	7ff00713          	li	a4,2047
80003c34:	5cea0863          	beq	s4,a4,80004204 <__adddf3+0x758>
80003c38:	ff800737          	lui	a4,0xff800
80003c3c:	fff70713          	addi	a4,a4,-1 # ff7fffff <__global_pointer$+0x7f7f1137>
80003c40:	00e7f7b3          	and	a5,a5,a4
80003c44:	00155713          	srli	a4,a0,0x1
80003c48:	00157513          	andi	a0,a0,1
80003c4c:	00a76733          	or	a4,a4,a0
80003c50:	01f79513          	slli	a0,a5,0x1f
80003c54:	00e56533          	or	a0,a0,a4
80003c58:	0017d793          	srli	a5,a5,0x1
80003c5c:	1a80006f          	j	80003e04 <__adddf3+0x358>
80003c60:	fe080713          	addi	a4,a6,-32
80003c64:	00e5d733          	srl	a4,a1,a4
80003c68:	00000693          	li	a3,0
80003c6c:	01180863          	beq	a6,a7,80003c7c <__adddf3+0x1d0>
80003c70:	04000693          	li	a3,64
80003c74:	410686b3          	sub	a3,a3,a6
80003c78:	00d596b3          	sll	a3,a1,a3
80003c7c:	00c6e6b3          	or	a3,a3,a2
80003c80:	00d036b3          	snez	a3,a3
80003c84:	00d76733          	or	a4,a4,a3
80003c88:	00000813          	li	a6,0
80003c8c:	f89ff06f          	j	80003c14 <__adddf3+0x168>
80003c90:	00c5e733          	or	a4,a1,a2
80003c94:	00e03733          	snez	a4,a4
80003c98:	ff1ff06f          	j	80003c88 <__adddf3+0x1dc>
80003c9c:	0c080663          	beqz	a6,80003d68 <__adddf3+0x2bc>
80003ca0:	41488733          	sub	a4,a7,s4
80003ca4:	020a1463          	bnez	s4,80003ccc <__adddf3+0x220>
80003ca8:	00a7e6b3          	or	a3,a5,a0
80003cac:	00068863          	beqz	a3,80003cbc <__adddf3+0x210>
80003cb0:	fff70693          	addi	a3,a4,-1
80003cb4:	e80682e3          	beqz	a3,80003b38 <__adddf3+0x8c>
80003cb8:	02671263          	bne	a4,t1,80003cdc <__adddf3+0x230>
80003cbc:	00058793          	mv	a5,a1
80003cc0:	00060513          	mv	a0,a2
80003cc4:	00070a13          	mv	s4,a4
80003cc8:	e91ff06f          	j	80003b58 <__adddf3+0xac>
80003ccc:	54688263          	beq	a7,t1,80004210 <__adddf3+0x764>
80003cd0:	008006b7          	lui	a3,0x800
80003cd4:	00d7e7b3          	or	a5,a5,a3
80003cd8:	00070693          	mv	a3,a4
80003cdc:	03800713          	li	a4,56
80003ce0:	06d74e63          	blt	a4,a3,80003d5c <__adddf3+0x2b0>
80003ce4:	01f00713          	li	a4,31
80003ce8:	02000313          	li	t1,32
80003cec:	04d74063          	blt	a4,a3,80003d2c <__adddf3+0x280>
80003cf0:	40d30333          	sub	t1,t1,a3
80003cf4:	00679733          	sll	a4,a5,t1
80003cf8:	00d55833          	srl	a6,a0,a3
80003cfc:	00651333          	sll	t1,a0,t1
80003d00:	01076733          	or	a4,a4,a6
80003d04:	00603333          	snez	t1,t1
80003d08:	00676733          	or	a4,a4,t1
80003d0c:	00d7d6b3          	srl	a3,a5,a3
80003d10:	00c70633          	add	a2,a4,a2
80003d14:	00b686b3          	add	a3,a3,a1
80003d18:	00e63733          	sltu	a4,a2,a4
80003d1c:	00060513          	mv	a0,a2
80003d20:	00e687b3          	add	a5,a3,a4
80003d24:	00088a13          	mv	s4,a7
80003d28:	efdff06f          	j	80003c24 <__adddf3+0x178>
80003d2c:	fe068713          	addi	a4,a3,-32 # 7fffe0 <buflen.1+0x7fffa0>
80003d30:	00e7d733          	srl	a4,a5,a4
80003d34:	00000813          	li	a6,0
80003d38:	00668863          	beq	a3,t1,80003d48 <__adddf3+0x29c>
80003d3c:	04000813          	li	a6,64
80003d40:	40d80833          	sub	a6,a6,a3
80003d44:	01079833          	sll	a6,a5,a6
80003d48:	00a86833          	or	a6,a6,a0
80003d4c:	01003833          	snez	a6,a6
80003d50:	01076733          	or	a4,a4,a6
80003d54:	00000693          	li	a3,0
80003d58:	fb9ff06f          	j	80003d10 <__adddf3+0x264>
80003d5c:	00a7e733          	or	a4,a5,a0
80003d60:	00e03733          	snez	a4,a4
80003d64:	ff1ff06f          	j	80003d54 <__adddf3+0x2a8>
80003d68:	001a0713          	addi	a4,s4,1
80003d6c:	7fe77693          	andi	a3,a4,2046
80003d70:	06069663          	bnez	a3,80003ddc <__adddf3+0x330>
80003d74:	00a7e733          	or	a4,a5,a0
80003d78:	040a1263          	bnez	s4,80003dbc <__adddf3+0x310>
80003d7c:	46070263          	beqz	a4,800041e0 <__adddf3+0x734>
80003d80:	00c5e733          	or	a4,a1,a2
80003d84:	46070263          	beqz	a4,800041e8 <__adddf3+0x73c>
80003d88:	00c50733          	add	a4,a0,a2
80003d8c:	00b785b3          	add	a1,a5,a1
80003d90:	00a737b3          	sltu	a5,a4,a0
80003d94:	00f587b3          	add	a5,a1,a5
80003d98:	00879693          	slli	a3,a5,0x8
80003d9c:	00070613          	mv	a2,a4
80003da0:	2c06de63          	bgez	a3,8000407c <__adddf3+0x5d0>
80003da4:	ff8006b7          	lui	a3,0xff800
80003da8:	fff68693          	addi	a3,a3,-1 # ff7fffff <__global_pointer$+0x7f7f1137>
80003dac:	00d7f7b3          	and	a5,a5,a3
80003db0:	00070513          	mv	a0,a4
80003db4:	00100a13          	li	s4,1
80003db8:	da1ff06f          	j	80003b58 <__adddf3+0xac>
80003dbc:	42070a63          	beqz	a4,800041f0 <__adddf3+0x744>
80003dc0:	00c5e633          	or	a2,a1,a2
80003dc4:	00030a13          	mv	s4,t1
80003dc8:	d80608e3          	beqz	a2,80003b58 <__adddf3+0xac>
80003dcc:	00000993          	li	s3,0
80003dd0:	004007b7          	lui	a5,0x400
80003dd4:	00000513          	li	a0,0
80003dd8:	d81ff06f          	j	80003b58 <__adddf3+0xac>
80003ddc:	42670263          	beq	a4,t1,80004200 <__adddf3+0x754>
80003de0:	00c50633          	add	a2,a0,a2
80003de4:	00a63533          	sltu	a0,a2,a0
80003de8:	00b785b3          	add	a1,a5,a1
80003dec:	00a585b3          	add	a1,a1,a0
80003df0:	01f59513          	slli	a0,a1,0x1f
80003df4:	00165613          	srli	a2,a2,0x1
80003df8:	00c56533          	or	a0,a0,a2
80003dfc:	0015d793          	srli	a5,a1,0x1
80003e00:	00070a13          	mv	s4,a4
80003e04:	00757713          	andi	a4,a0,7
80003e08:	02070063          	beqz	a4,80003e28 <__adddf3+0x37c>
80003e0c:	00f57713          	andi	a4,a0,15
80003e10:	00400693          	li	a3,4
80003e14:	00d70a63          	beq	a4,a3,80003e28 <__adddf3+0x37c>
80003e18:	00d50733          	add	a4,a0,a3
80003e1c:	00a736b3          	sltu	a3,a4,a0
80003e20:	00d787b3          	add	a5,a5,a3
80003e24:	00070513          	mv	a0,a4
80003e28:	00879713          	slli	a4,a5,0x8
80003e2c:	d20756e3          	bgez	a4,80003b58 <__adddf3+0xac>
80003e30:	001a0a13          	addi	s4,s4,1
80003e34:	7ff00713          	li	a4,2047
80003e38:	3cea0663          	beq	s4,a4,80004204 <__adddf3+0x758>
80003e3c:	ff800737          	lui	a4,0xff800
80003e40:	fff70713          	addi	a4,a4,-1 # ff7fffff <__global_pointer$+0x7f7f1137>
80003e44:	00e7f7b3          	and	a5,a5,a4
80003e48:	d11ff06f          	j	80003b58 <__adddf3+0xac>
80003e4c:	0f005463          	blez	a6,80003f34 <__adddf3+0x488>
80003e50:	08089c63          	bnez	a7,80003ee8 <__adddf3+0x43c>
80003e54:	00c5e733          	or	a4,a1,a2
80003e58:	d00700e3          	beqz	a4,80003b58 <__adddf3+0xac>
80003e5c:	fffa0813          	addi	a6,s4,-1
80003e60:	02081063          	bnez	a6,80003e80 <__adddf3+0x3d4>
80003e64:	40c50633          	sub	a2,a0,a2
80003e68:	00c53733          	sltu	a4,a0,a2
80003e6c:	40b785b3          	sub	a1,a5,a1
80003e70:	00060513          	mv	a0,a2
80003e74:	40e587b3          	sub	a5,a1,a4
80003e78:	00100a13          	li	s4,1
80003e7c:	0500006f          	j	80003ecc <__adddf3+0x420>
80003e80:	cc6a0ce3          	beq	s4,t1,80003b58 <__adddf3+0xac>
80003e84:	03800713          	li	a4,56
80003e88:	0b074063          	blt	a4,a6,80003f28 <__adddf3+0x47c>
80003e8c:	01f00713          	li	a4,31
80003e90:	02000893          	li	a7,32
80003e94:	07074263          	blt	a4,a6,80003ef8 <__adddf3+0x44c>
80003e98:	410888b3          	sub	a7,a7,a6
80003e9c:	01159733          	sll	a4,a1,a7
80003ea0:	010656b3          	srl	a3,a2,a6
80003ea4:	011618b3          	sll	a7,a2,a7
80003ea8:	00d76733          	or	a4,a4,a3
80003eac:	011038b3          	snez	a7,a7
80003eb0:	01176733          	or	a4,a4,a7
80003eb4:	0105d833          	srl	a6,a1,a6
80003eb8:	40e50733          	sub	a4,a0,a4
80003ebc:	00e536b3          	sltu	a3,a0,a4
80003ec0:	41078833          	sub	a6,a5,a6
80003ec4:	00070513          	mv	a0,a4
80003ec8:	40d807b3          	sub	a5,a6,a3
80003ecc:	00879713          	slli	a4,a5,0x8
80003ed0:	f2075ae3          	bgez	a4,80003e04 <__adddf3+0x358>
80003ed4:	00800937          	lui	s2,0x800
80003ed8:	fff90913          	addi	s2,s2,-1 # 7fffff <buflen.1+0x7fffbf>
80003edc:	0127f933          	and	s2,a5,s2
80003ee0:	00050a93          	mv	s5,a0
80003ee4:	2180006f          	j	800040fc <__adddf3+0x650>
80003ee8:	c66a08e3          	beq	s4,t1,80003b58 <__adddf3+0xac>
80003eec:	00800737          	lui	a4,0x800
80003ef0:	00e5e5b3          	or	a1,a1,a4
80003ef4:	f91ff06f          	j	80003e84 <__adddf3+0x3d8>
80003ef8:	fe080713          	addi	a4,a6,-32
80003efc:	00e5d733          	srl	a4,a1,a4
80003f00:	00000693          	li	a3,0
80003f04:	01180863          	beq	a6,a7,80003f14 <__adddf3+0x468>
80003f08:	04000693          	li	a3,64
80003f0c:	410686b3          	sub	a3,a3,a6
80003f10:	00d596b3          	sll	a3,a1,a3
80003f14:	00c6e6b3          	or	a3,a3,a2
80003f18:	00d036b3          	snez	a3,a3
80003f1c:	00d76733          	or	a4,a4,a3
80003f20:	00000813          	li	a6,0
80003f24:	f95ff06f          	j	80003eb8 <__adddf3+0x40c>
80003f28:	00c5e733          	or	a4,a1,a2
80003f2c:	00e03733          	snez	a4,a4
80003f30:	ff1ff06f          	j	80003f20 <__adddf3+0x474>
80003f34:	0e080463          	beqz	a6,8000401c <__adddf3+0x570>
80003f38:	41488833          	sub	a6,a7,s4
80003f3c:	040a1263          	bnez	s4,80003f80 <__adddf3+0x4d4>
80003f40:	00a7e733          	or	a4,a5,a0
80003f44:	02070463          	beqz	a4,80003f6c <__adddf3+0x4c0>
80003f48:	fff80713          	addi	a4,a6,-1
80003f4c:	00071e63          	bnez	a4,80003f68 <__adddf3+0x4bc>
80003f50:	40a60533          	sub	a0,a2,a0
80003f54:	40f585b3          	sub	a1,a1,a5
80003f58:	00a63633          	sltu	a2,a2,a0
80003f5c:	40c587b3          	sub	a5,a1,a2
80003f60:	00068993          	mv	s3,a3
80003f64:	f15ff06f          	j	80003e78 <__adddf3+0x3cc>
80003f68:	02681463          	bne	a6,t1,80003f90 <__adddf3+0x4e4>
80003f6c:	00068993          	mv	s3,a3
80003f70:	00058793          	mv	a5,a1
80003f74:	00060513          	mv	a0,a2
80003f78:	00080a13          	mv	s4,a6
80003f7c:	bddff06f          	j	80003b58 <__adddf3+0xac>
80003f80:	28688663          	beq	a7,t1,8000420c <__adddf3+0x760>
80003f84:	00800737          	lui	a4,0x800
80003f88:	00e7e7b3          	or	a5,a5,a4
80003f8c:	00080713          	mv	a4,a6
80003f90:	03800813          	li	a6,56
80003f94:	06e84e63          	blt	a6,a4,80004010 <__adddf3+0x564>
80003f98:	01f00813          	li	a6,31
80003f9c:	02000e13          	li	t3,32
80003fa0:	04e84063          	blt	a6,a4,80003fe0 <__adddf3+0x534>
80003fa4:	40ee0e33          	sub	t3,t3,a4
80003fa8:	00e55333          	srl	t1,a0,a4
80003fac:	01c79833          	sll	a6,a5,t3
80003fb0:	01c51e33          	sll	t3,a0,t3
80003fb4:	00686833          	or	a6,a6,t1
80003fb8:	01c03e33          	snez	t3,t3
80003fbc:	01c86533          	or	a0,a6,t3
80003fc0:	00e7d733          	srl	a4,a5,a4
80003fc4:	40a60533          	sub	a0,a2,a0
80003fc8:	40e58733          	sub	a4,a1,a4
80003fcc:	00a63633          	sltu	a2,a2,a0
80003fd0:	40c707b3          	sub	a5,a4,a2
80003fd4:	00088a13          	mv	s4,a7
80003fd8:	00068993          	mv	s3,a3
80003fdc:	ef1ff06f          	j	80003ecc <__adddf3+0x420>
80003fe0:	fe070813          	addi	a6,a4,-32 # 7fffe0 <buflen.1+0x7fffa0>
80003fe4:	0107d833          	srl	a6,a5,a6
80003fe8:	00000313          	li	t1,0
80003fec:	01c70863          	beq	a4,t3,80003ffc <__adddf3+0x550>
80003ff0:	04000313          	li	t1,64
80003ff4:	40e30333          	sub	t1,t1,a4
80003ff8:	00679333          	sll	t1,a5,t1
80003ffc:	00a36333          	or	t1,t1,a0
80004000:	00603333          	snez	t1,t1
80004004:	00686533          	or	a0,a6,t1
80004008:	00000713          	li	a4,0
8000400c:	fb9ff06f          	j	80003fc4 <__adddf3+0x518>
80004010:	00a7e533          	or	a0,a5,a0
80004014:	00a03533          	snez	a0,a0
80004018:	ff1ff06f          	j	80004008 <__adddf3+0x55c>
8000401c:	001a0713          	addi	a4,s4,1
80004020:	7fe77713          	andi	a4,a4,2046
80004024:	0a071463          	bnez	a4,800040cc <__adddf3+0x620>
80004028:	00a7e833          	or	a6,a5,a0
8000402c:	00c5e733          	or	a4,a1,a2
80004030:	060a1a63          	bnez	s4,800040a4 <__adddf3+0x5f8>
80004034:	00081a63          	bnez	a6,80004048 <__adddf3+0x59c>
80004038:	00058793          	mv	a5,a1
8000403c:	02071e63          	bnez	a4,80004078 <__adddf3+0x5cc>
80004040:	00000993          	li	s3,0
80004044:	1c00006f          	j	80004204 <__adddf3+0x758>
80004048:	1a070063          	beqz	a4,800041e8 <__adddf3+0x73c>
8000404c:	40c50833          	sub	a6,a0,a2
80004050:	010538b3          	sltu	a7,a0,a6
80004054:	40b78733          	sub	a4,a5,a1
80004058:	41170733          	sub	a4,a4,a7
8000405c:	00871893          	slli	a7,a4,0x8
80004060:	0208d863          	bgez	a7,80004090 <__adddf3+0x5e4>
80004064:	40a60533          	sub	a0,a2,a0
80004068:	00a63733          	sltu	a4,a2,a0
8000406c:	40f585b3          	sub	a1,a1,a5
80004070:	00050613          	mv	a2,a0
80004074:	40e587b3          	sub	a5,a1,a4
80004078:	00068993          	mv	s3,a3
8000407c:	00c7e533          	or	a0,a5,a2
80004080:	0e050663          	beqz	a0,8000416c <__adddf3+0x6c0>
80004084:	00060513          	mv	a0,a2
80004088:	00000a13          	li	s4,0
8000408c:	d79ff06f          	j	80003e04 <__adddf3+0x358>
80004090:	00e86533          	or	a0,a6,a4
80004094:	18050663          	beqz	a0,80004220 <__adddf3+0x774>
80004098:	00070793          	mv	a5,a4
8000409c:	00080613          	mv	a2,a6
800040a0:	fddff06f          	j	8000407c <__adddf3+0x5d0>
800040a4:	00081e63          	bnez	a6,800040c0 <__adddf3+0x614>
800040a8:	00068993          	mv	s3,a3
800040ac:	14071263          	bnez	a4,800041f0 <__adddf3+0x744>
800040b0:	00000993          	li	s3,0
800040b4:	004007b7          	lui	a5,0x400
800040b8:	00000513          	li	a0,0
800040bc:	13c0006f          	j	800041f8 <__adddf3+0x74c>
800040c0:	00030a13          	mv	s4,t1
800040c4:	a8070ae3          	beqz	a4,80003b58 <__adddf3+0xac>
800040c8:	d05ff06f          	j	80003dcc <__adddf3+0x320>
800040cc:	40c50733          	sub	a4,a0,a2
800040d0:	00e53833          	sltu	a6,a0,a4
800040d4:	40b78933          	sub	s2,a5,a1
800040d8:	41090933          	sub	s2,s2,a6
800040dc:	00891813          	slli	a6,s2,0x8
800040e0:	00070a93          	mv	s5,a4
800040e4:	06085e63          	bgez	a6,80004160 <__adddf3+0x6b4>
800040e8:	40a60ab3          	sub	s5,a2,a0
800040ec:	40f58933          	sub	s2,a1,a5
800040f0:	01563633          	sltu	a2,a2,s5
800040f4:	40c90933          	sub	s2,s2,a2
800040f8:	00068993          	mv	s3,a3
800040fc:	06090e63          	beqz	s2,80004178 <__adddf3+0x6cc>
80004100:	00090513          	mv	a0,s2
80004104:	141000ef          	jal	80004a44 <__clzsi2>
80004108:	ff850613          	addi	a2,a0,-8
8000410c:	02000793          	li	a5,32
80004110:	40c787b3          	sub	a5,a5,a2
80004114:	00c91933          	sll	s2,s2,a2
80004118:	00fad7b3          	srl	a5,s5,a5
8000411c:	0127e7b3          	or	a5,a5,s2
80004120:	00ca9933          	sll	s2,s5,a2
80004124:	0b464263          	blt	a2,s4,800041c8 <__adddf3+0x71c>
80004128:	41460633          	sub	a2,a2,s4
8000412c:	00160593          	addi	a1,a2,1 # 7ff00001 <buflen.1+0x7fefffc1>
80004130:	01f00713          	li	a4,31
80004134:	02000693          	li	a3,32
80004138:	06b74063          	blt	a4,a1,80004198 <__adddf3+0x6ec>
8000413c:	40b686b3          	sub	a3,a3,a1
80004140:	00d79633          	sll	a2,a5,a3
80004144:	00b95733          	srl	a4,s2,a1
80004148:	00d916b3          	sll	a3,s2,a3
8000414c:	00e66633          	or	a2,a2,a4
80004150:	00d036b3          	snez	a3,a3
80004154:	00d66633          	or	a2,a2,a3
80004158:	00b7d7b3          	srl	a5,a5,a1
8000415c:	f21ff06f          	j	8000407c <__adddf3+0x5d0>
80004160:	01276533          	or	a0,a4,s2
80004164:	f8051ce3          	bnez	a0,800040fc <__adddf3+0x650>
80004168:	00000993          	li	s3,0
8000416c:	00000793          	li	a5,0
80004170:	00000a13          	li	s4,0
80004174:	9e5ff06f          	j	80003b58 <__adddf3+0xac>
80004178:	000a8513          	mv	a0,s5
8000417c:	0c9000ef          	jal	80004a44 <__clzsi2>
80004180:	01850613          	addi	a2,a0,24
80004184:	01f00793          	li	a5,31
80004188:	f8c7d2e3          	bge	a5,a2,8000410c <__adddf3+0x660>
8000418c:	ff850793          	addi	a5,a0,-8
80004190:	00fa97b3          	sll	a5,s5,a5
80004194:	f91ff06f          	j	80004124 <__adddf3+0x678>
80004198:	fe160613          	addi	a2,a2,-31
8000419c:	00c7d633          	srl	a2,a5,a2
800041a0:	00000713          	li	a4,0
800041a4:	00d58863          	beq	a1,a3,800041b4 <__adddf3+0x708>
800041a8:	04000713          	li	a4,64
800041ac:	40b70733          	sub	a4,a4,a1
800041b0:	00e79733          	sll	a4,a5,a4
800041b4:	00e96733          	or	a4,s2,a4
800041b8:	00e03733          	snez	a4,a4
800041bc:	00e66633          	or	a2,a2,a4
800041c0:	00000793          	li	a5,0
800041c4:	eb9ff06f          	j	8000407c <__adddf3+0x5d0>
800041c8:	ff800737          	lui	a4,0xff800
800041cc:	fff70713          	addi	a4,a4,-1 # ff7fffff <__global_pointer$+0x7f7f1137>
800041d0:	40ca0a33          	sub	s4,s4,a2
800041d4:	00e7f7b3          	and	a5,a5,a4
800041d8:	00090513          	mv	a0,s2
800041dc:	c29ff06f          	j	80003e04 <__adddf3+0x358>
800041e0:	00058793          	mv	a5,a1
800041e4:	e99ff06f          	j	8000407c <__adddf3+0x5d0>
800041e8:	00050613          	mv	a2,a0
800041ec:	e91ff06f          	j	8000407c <__adddf3+0x5d0>
800041f0:	00058793          	mv	a5,a1
800041f4:	00060513          	mv	a0,a2
800041f8:	00030a13          	mv	s4,t1
800041fc:	95dff06f          	j	80003b58 <__adddf3+0xac>
80004200:	00070a13          	mv	s4,a4
80004204:	00000793          	li	a5,0
80004208:	bcdff06f          	j	80003dd4 <__adddf3+0x328>
8000420c:	00068993          	mv	s3,a3
80004210:	00058793          	mv	a5,a1
80004214:	00060513          	mv	a0,a2
80004218:	00088a13          	mv	s4,a7
8000421c:	93dff06f          	j	80003b58 <__adddf3+0xac>
80004220:	00000993          	li	s3,0
80004224:	00000793          	li	a5,0
80004228:	931ff06f          	j	80003b58 <__adddf3+0xac>

8000422c <__eqdf2>:
8000422c:	0145d713          	srli	a4,a1,0x14
80004230:	001007b7          	lui	a5,0x100
80004234:	fff78793          	addi	a5,a5,-1 # fffff <buflen.1+0xfffbf>
80004238:	0146d813          	srli	a6,a3,0x14
8000423c:	00050313          	mv	t1,a0
80004240:	00050e93          	mv	t4,a0
80004244:	7ff77713          	andi	a4,a4,2047
80004248:	7ff00513          	li	a0,2047
8000424c:	00b7f8b3          	and	a7,a5,a1
80004250:	00060f13          	mv	t5,a2
80004254:	00d7f7b3          	and	a5,a5,a3
80004258:	01f5d593          	srli	a1,a1,0x1f
8000425c:	7ff87813          	andi	a6,a6,2047
80004260:	01f6d693          	srli	a3,a3,0x1f
80004264:	00a71c63          	bne	a4,a0,8000427c <__eqdf2+0x50>
80004268:	0068ee33          	or	t3,a7,t1
8000426c:	00100513          	li	a0,1
80004270:	000e1463          	bnez	t3,80004278 <__eqdf2+0x4c>
80004274:	00e80663          	beq	a6,a4,80004280 <__eqdf2+0x54>
80004278:	00008067          	ret
8000427c:	00a81863          	bne	a6,a0,8000428c <__eqdf2+0x60>
80004280:	00c7e633          	or	a2,a5,a2
80004284:	00100513          	li	a0,1
80004288:	fe0618e3          	bnez	a2,80004278 <__eqdf2+0x4c>
8000428c:	00100513          	li	a0,1
80004290:	ff0714e3          	bne	a4,a6,80004278 <__eqdf2+0x4c>
80004294:	fef892e3          	bne	a7,a5,80004278 <__eqdf2+0x4c>
80004298:	ffee90e3          	bne	t4,t5,80004278 <__eqdf2+0x4c>
8000429c:	00d58a63          	beq	a1,a3,800042b0 <__eqdf2+0x84>
800042a0:	fc071ce3          	bnez	a4,80004278 <__eqdf2+0x4c>
800042a4:	0068e8b3          	or	a7,a7,t1
800042a8:	01103533          	snez	a0,a7
800042ac:	00008067          	ret
800042b0:	00000513          	li	a0,0
800042b4:	00008067          	ret

800042b8 <__muldf3>:
800042b8:	fd010113          	addi	sp,sp,-48
800042bc:	01612823          	sw	s6,16(sp)
800042c0:	0145db13          	srli	s6,a1,0x14
800042c4:	02812423          	sw	s0,40(sp)
800042c8:	02912223          	sw	s1,36(sp)
800042cc:	01412c23          	sw	s4,24(sp)
800042d0:	01512a23          	sw	s5,20(sp)
800042d4:	01812423          	sw	s8,8(sp)
800042d8:	00c59493          	slli	s1,a1,0xc
800042dc:	02112623          	sw	ra,44(sp)
800042e0:	03212023          	sw	s2,32(sp)
800042e4:	01312e23          	sw	s3,28(sp)
800042e8:	01712623          	sw	s7,12(sp)
800042ec:	01912223          	sw	s9,4(sp)
800042f0:	7ffb7b13          	andi	s6,s6,2047
800042f4:	00050413          	mv	s0,a0
800042f8:	00060c13          	mv	s8,a2
800042fc:	00068a13          	mv	s4,a3
80004300:	00c4d493          	srli	s1,s1,0xc
80004304:	01f5da93          	srli	s5,a1,0x1f
80004308:	0c0b0263          	beqz	s6,800043cc <__muldf3+0x114>
8000430c:	7ff00793          	li	a5,2047
80004310:	12fb0463          	beq	s6,a5,80004438 <__muldf3+0x180>
80004314:	00349493          	slli	s1,s1,0x3
80004318:	01d55793          	srli	a5,a0,0x1d
8000431c:	0097e7b3          	or	a5,a5,s1
80004320:	008004b7          	lui	s1,0x800
80004324:	0097e4b3          	or	s1,a5,s1
80004328:	00351b93          	slli	s7,a0,0x3
8000432c:	c01b0b13          	addi	s6,s6,-1023
80004330:	00000c93          	li	s9,0
80004334:	014a5693          	srli	a3,s4,0x14
80004338:	00ca1413          	slli	s0,s4,0xc
8000433c:	7ff6f693          	andi	a3,a3,2047
80004340:	00c45413          	srli	s0,s0,0xc
80004344:	01fa5a13          	srli	s4,s4,0x1f
80004348:	12068063          	beqz	a3,80004468 <__muldf3+0x1b0>
8000434c:	7ff00793          	li	a5,2047
80004350:	18f68463          	beq	a3,a5,800044d8 <__muldf3+0x220>
80004354:	00341413          	slli	s0,s0,0x3
80004358:	01dc5793          	srli	a5,s8,0x1d
8000435c:	0087e7b3          	or	a5,a5,s0
80004360:	00800437          	lui	s0,0x800
80004364:	0087e433          	or	s0,a5,s0
80004368:	c0168693          	addi	a3,a3,-1023
8000436c:	003c1793          	slli	a5,s8,0x3
80004370:	00000613          	li	a2,0
80004374:	002c9713          	slli	a4,s9,0x2
80004378:	00db0b33          	add	s6,s6,a3
8000437c:	00c76733          	or	a4,a4,a2
80004380:	00a00693          	li	a3,10
80004384:	001b0893          	addi	a7,s6,1
80004388:	1ae6c263          	blt	a3,a4,8000452c <__muldf3+0x274>
8000438c:	00200593          	li	a1,2
80004390:	014ac833          	xor	a6,s5,s4
80004394:	00100693          	li	a3,1
80004398:	16e5c863          	blt	a1,a4,80004508 <__muldf3+0x250>
8000439c:	fff70713          	addi	a4,a4,-1
800043a0:	1ae6e663          	bltu	a3,a4,8000454c <__muldf3+0x294>
800043a4:	00060c93          	mv	s9,a2
800043a8:	00200713          	li	a4,2
800043ac:	5aec8063          	beq	s9,a4,8000494c <__muldf3+0x694>
800043b0:	00300713          	li	a4,3
800043b4:	58ec8663          	beq	s9,a4,80004940 <__muldf3+0x688>
800043b8:	00100713          	li	a4,1
800043bc:	40ec9463          	bne	s9,a4,800047c4 <__muldf3+0x50c>
800043c0:	00000413          	li	s0,0
800043c4:	00000693          	li	a3,0
800043c8:	52c0006f          	j	800048f4 <__muldf3+0x63c>
800043cc:	00a4ebb3          	or	s7,s1,a0
800043d0:	060b8e63          	beqz	s7,8000444c <__muldf3+0x194>
800043d4:	04048063          	beqz	s1,80004414 <__muldf3+0x15c>
800043d8:	00048513          	mv	a0,s1
800043dc:	668000ef          	jal	80004a44 <__clzsi2>
800043e0:	ff550713          	addi	a4,a0,-11
800043e4:	01d00793          	li	a5,29
800043e8:	ff850693          	addi	a3,a0,-8
800043ec:	40e787b3          	sub	a5,a5,a4
800043f0:	00d494b3          	sll	s1,s1,a3
800043f4:	00f457b3          	srl	a5,s0,a5
800043f8:	0097e7b3          	or	a5,a5,s1
800043fc:	00d414b3          	sll	s1,s0,a3
80004400:	c0d00b13          	li	s6,-1011
80004404:	00048b93          	mv	s7,s1
80004408:	40ab0b33          	sub	s6,s6,a0
8000440c:	00078493          	mv	s1,a5
80004410:	f21ff06f          	j	80004330 <__muldf3+0x78>
80004414:	630000ef          	jal	80004a44 <__clzsi2>
80004418:	00050793          	mv	a5,a0
8000441c:	01578713          	addi	a4,a5,21
80004420:	01c00693          	li	a3,28
80004424:	02050513          	addi	a0,a0,32
80004428:	fae6dee3          	bge	a3,a4,800043e4 <__muldf3+0x12c>
8000442c:	ff878793          	addi	a5,a5,-8
80004430:	00f417b3          	sll	a5,s0,a5
80004434:	fcdff06f          	j	80004400 <__muldf3+0x148>
80004438:	00a4ebb3          	or	s7,s1,a0
8000443c:	020b9063          	bnez	s7,8000445c <__muldf3+0x1a4>
80004440:	00000493          	li	s1,0
80004444:	00200c93          	li	s9,2
80004448:	eedff06f          	j	80004334 <__muldf3+0x7c>
8000444c:	00000493          	li	s1,0
80004450:	00000b13          	li	s6,0
80004454:	00100c93          	li	s9,1
80004458:	eddff06f          	j	80004334 <__muldf3+0x7c>
8000445c:	00050b93          	mv	s7,a0
80004460:	00300c93          	li	s9,3
80004464:	ed1ff06f          	j	80004334 <__muldf3+0x7c>
80004468:	018467b3          	or	a5,s0,s8
8000446c:	08078063          	beqz	a5,800044ec <__muldf3+0x234>
80004470:	04040063          	beqz	s0,800044b0 <__muldf3+0x1f8>
80004474:	00040513          	mv	a0,s0
80004478:	5cc000ef          	jal	80004a44 <__clzsi2>
8000447c:	ff550693          	addi	a3,a0,-11
80004480:	01d00713          	li	a4,29
80004484:	ff850793          	addi	a5,a0,-8
80004488:	40d70733          	sub	a4,a4,a3
8000448c:	00f41433          	sll	s0,s0,a5
80004490:	00ec5733          	srl	a4,s8,a4
80004494:	00876733          	or	a4,a4,s0
80004498:	00fc1433          	sll	s0,s8,a5
8000449c:	c0d00693          	li	a3,-1011
800044a0:	00040793          	mv	a5,s0
800044a4:	40a686b3          	sub	a3,a3,a0
800044a8:	00070413          	mv	s0,a4
800044ac:	ec5ff06f          	j	80004370 <__muldf3+0xb8>
800044b0:	000c0513          	mv	a0,s8
800044b4:	590000ef          	jal	80004a44 <__clzsi2>
800044b8:	00050793          	mv	a5,a0
800044bc:	01578693          	addi	a3,a5,21
800044c0:	01c00713          	li	a4,28
800044c4:	02050513          	addi	a0,a0,32
800044c8:	fad75ce3          	bge	a4,a3,80004480 <__muldf3+0x1c8>
800044cc:	ff878793          	addi	a5,a5,-8
800044d0:	00fc1733          	sll	a4,s8,a5
800044d4:	fc9ff06f          	j	8000449c <__muldf3+0x1e4>
800044d8:	018467b3          	or	a5,s0,s8
800044dc:	02079063          	bnez	a5,800044fc <__muldf3+0x244>
800044e0:	00000413          	li	s0,0
800044e4:	00200613          	li	a2,2
800044e8:	e8dff06f          	j	80004374 <__muldf3+0xbc>
800044ec:	00000413          	li	s0,0
800044f0:	00000693          	li	a3,0
800044f4:	00100613          	li	a2,1
800044f8:	e7dff06f          	j	80004374 <__muldf3+0xbc>
800044fc:	000c0793          	mv	a5,s8
80004500:	00300613          	li	a2,3
80004504:	e71ff06f          	j	80004374 <__muldf3+0xbc>
80004508:	00e69733          	sll	a4,a3,a4
8000450c:	53077693          	andi	a3,a4,1328
80004510:	02069863          	bnez	a3,80004540 <__muldf3+0x288>
80004514:	24077593          	andi	a1,a4,576
80004518:	40059c63          	bnez	a1,80004930 <__muldf3+0x678>
8000451c:	08877713          	andi	a4,a4,136
80004520:	02070663          	beqz	a4,8000454c <__muldf3+0x294>
80004524:	000a0813          	mv	a6,s4
80004528:	e7dff06f          	j	800043a4 <__muldf3+0xec>
8000452c:	00f00693          	li	a3,15
80004530:	40d70863          	beq	a4,a3,80004940 <__muldf3+0x688>
80004534:	00b00693          	li	a3,11
80004538:	000a8813          	mv	a6,s5
8000453c:	fed704e3          	beq	a4,a3,80004524 <__muldf3+0x26c>
80004540:	00048413          	mv	s0,s1
80004544:	000b8793          	mv	a5,s7
80004548:	e61ff06f          	j	800043a8 <__muldf3+0xf0>
8000454c:	010bd713          	srli	a4,s7,0x10
80004550:	01079393          	slli	t2,a5,0x10
80004554:	010b9b93          	slli	s7,s7,0x10
80004558:	010bdb93          	srli	s7,s7,0x10
8000455c:	0103d393          	srli	t2,t2,0x10
80004560:	0107de13          	srli	t3,a5,0x10
80004564:	000b8513          	mv	a0,s7
80004568:	00038593          	mv	a1,t2
8000456c:	400000ef          	jal	8000496c <__mulsi3>
80004570:	00050793          	mv	a5,a0
80004574:	000e0593          	mv	a1,t3
80004578:	000b8513          	mv	a0,s7
8000457c:	3f0000ef          	jal	8000496c <__mulsi3>
80004580:	00050e93          	mv	t4,a0
80004584:	00038593          	mv	a1,t2
80004588:	00070513          	mv	a0,a4
8000458c:	3e0000ef          	jal	8000496c <__mulsi3>
80004590:	00050f13          	mv	t5,a0
80004594:	000e0593          	mv	a1,t3
80004598:	00070513          	mv	a0,a4
8000459c:	3d0000ef          	jal	8000496c <__mulsi3>
800045a0:	0107d313          	srli	t1,a5,0x10
800045a4:	01ee8eb3          	add	t4,t4,t5
800045a8:	01d30333          	add	t1,t1,t4
800045ac:	00050293          	mv	t0,a0
800045b0:	01e37663          	bgeu	t1,t5,800045bc <__muldf3+0x304>
800045b4:	000106b7          	lui	a3,0x10
800045b8:	00d502b3          	add	t0,a0,a3
800045bc:	01045f13          	srli	t5,s0,0x10
800045c0:	01079793          	slli	a5,a5,0x10
800045c4:	01041413          	slli	s0,s0,0x10
800045c8:	01035a13          	srli	s4,t1,0x10
800045cc:	0107d793          	srli	a5,a5,0x10
800045d0:	01045413          	srli	s0,s0,0x10
800045d4:	01031313          	slli	t1,t1,0x10
800045d8:	00f30333          	add	t1,t1,a5
800045dc:	000b8513          	mv	a0,s7
800045e0:	00040593          	mv	a1,s0
800045e4:	388000ef          	jal	8000496c <__mulsi3>
800045e8:	00050f93          	mv	t6,a0
800045ec:	000f0593          	mv	a1,t5
800045f0:	000b8513          	mv	a0,s7
800045f4:	378000ef          	jal	8000496c <__mulsi3>
800045f8:	00050e93          	mv	t4,a0
800045fc:	00040593          	mv	a1,s0
80004600:	00070513          	mv	a0,a4
80004604:	368000ef          	jal	8000496c <__mulsi3>
80004608:	00050a93          	mv	s5,a0
8000460c:	000f0593          	mv	a1,t5
80004610:	00070513          	mv	a0,a4
80004614:	358000ef          	jal	8000496c <__mulsi3>
80004618:	010fd713          	srli	a4,t6,0x10
8000461c:	015e8eb3          	add	t4,t4,s5
80004620:	01d70733          	add	a4,a4,t4
80004624:	00050793          	mv	a5,a0
80004628:	01577663          	bgeu	a4,s5,80004634 <__muldf3+0x37c>
8000462c:	000106b7          	lui	a3,0x10
80004630:	00d507b3          	add	a5,a0,a3
80004634:	01075e93          	srli	t4,a4,0x10
80004638:	010f9f93          	slli	t6,t6,0x10
8000463c:	00fe8eb3          	add	t4,t4,a5
80004640:	010fdf93          	srli	t6,t6,0x10
80004644:	01071793          	slli	a5,a4,0x10
80004648:	01f787b3          	add	a5,a5,t6
8000464c:	00fa0733          	add	a4,s4,a5
80004650:	0104da13          	srli	s4,s1,0x10
80004654:	01049493          	slli	s1,s1,0x10
80004658:	0104d493          	srli	s1,s1,0x10
8000465c:	00048513          	mv	a0,s1
80004660:	00038593          	mv	a1,t2
80004664:	308000ef          	jal	8000496c <__mulsi3>
80004668:	00050f93          	mv	t6,a0
8000466c:	000e0593          	mv	a1,t3
80004670:	00048513          	mv	a0,s1
80004674:	2f8000ef          	jal	8000496c <__mulsi3>
80004678:	00050a93          	mv	s5,a0
8000467c:	00038593          	mv	a1,t2
80004680:	000a0513          	mv	a0,s4
80004684:	2e8000ef          	jal	8000496c <__mulsi3>
80004688:	00050393          	mv	t2,a0
8000468c:	000e0593          	mv	a1,t3
80004690:	000a0513          	mv	a0,s4
80004694:	2d8000ef          	jal	8000496c <__mulsi3>
80004698:	010fd593          	srli	a1,t6,0x10
8000469c:	007a8ab3          	add	s5,s5,t2
800046a0:	015585b3          	add	a1,a1,s5
800046a4:	00050693          	mv	a3,a0
800046a8:	0075f663          	bgeu	a1,t2,800046b4 <__muldf3+0x3fc>
800046ac:	00010637          	lui	a2,0x10
800046b0:	00c506b3          	add	a3,a0,a2
800046b4:	010f9f93          	slli	t6,t6,0x10
800046b8:	0105de13          	srli	t3,a1,0x10
800046bc:	010fdf93          	srli	t6,t6,0x10
800046c0:	01059593          	slli	a1,a1,0x10
800046c4:	01f58fb3          	add	t6,a1,t6
800046c8:	00de0e33          	add	t3,t3,a3
800046cc:	00048513          	mv	a0,s1
800046d0:	00040593          	mv	a1,s0
800046d4:	298000ef          	jal	8000496c <__mulsi3>
800046d8:	00050393          	mv	t2,a0
800046dc:	000f0593          	mv	a1,t5
800046e0:	00048513          	mv	a0,s1
800046e4:	288000ef          	jal	8000496c <__mulsi3>
800046e8:	00050493          	mv	s1,a0
800046ec:	00040593          	mv	a1,s0
800046f0:	000a0513          	mv	a0,s4
800046f4:	278000ef          	jal	8000496c <__mulsi3>
800046f8:	00050413          	mv	s0,a0
800046fc:	000f0593          	mv	a1,t5
80004700:	000a0513          	mv	a0,s4
80004704:	268000ef          	jal	8000496c <__mulsi3>
80004708:	0103d593          	srli	a1,t2,0x10
8000470c:	008484b3          	add	s1,s1,s0
80004710:	009585b3          	add	a1,a1,s1
80004714:	00050f13          	mv	t5,a0
80004718:	0085f663          	bgeu	a1,s0,80004724 <__muldf3+0x46c>
8000471c:	000106b7          	lui	a3,0x10
80004720:	00d50f33          	add	t5,a0,a3
80004724:	01039393          	slli	t2,t2,0x10
80004728:	00e286b3          	add	a3,t0,a4
8000472c:	0103d393          	srli	t2,t2,0x10
80004730:	01059713          	slli	a4,a1,0x10
80004734:	00770733          	add	a4,a4,t2
80004738:	01d70eb3          	add	t4,a4,t4
8000473c:	00f6b7b3          	sltu	a5,a3,a5
80004740:	00fe87b3          	add	a5,t4,a5
80004744:	00eeb633          	sltu	a2,t4,a4
80004748:	01d7beb3          	sltu	t4,a5,t4
8000474c:	0105d593          	srli	a1,a1,0x10
80004750:	01d66633          	or	a2,a2,t4
80004754:	00b60633          	add	a2,a2,a1
80004758:	01f685b3          	add	a1,a3,t6
8000475c:	01c78e33          	add	t3,a5,t3
80004760:	00d5b6b3          	sltu	a3,a1,a3
80004764:	00de06b3          	add	a3,t3,a3
80004768:	00fe3733          	sltu	a4,t3,a5
8000476c:	01c6be33          	sltu	t3,a3,t3
80004770:	00959793          	slli	a5,a1,0x9
80004774:	01c76733          	or	a4,a4,t3
80004778:	00c70733          	add	a4,a4,a2
8000477c:	0067e7b3          	or	a5,a5,t1
80004780:	01e70733          	add	a4,a4,t5
80004784:	00f037b3          	snez	a5,a5
80004788:	0175d593          	srli	a1,a1,0x17
8000478c:	00971713          	slli	a4,a4,0x9
80004790:	0176d413          	srli	s0,a3,0x17
80004794:	00b7e7b3          	or	a5,a5,a1
80004798:	00969693          	slli	a3,a3,0x9
8000479c:	00d7e7b3          	or	a5,a5,a3
800047a0:	00771693          	slli	a3,a4,0x7
800047a4:	00876433          	or	s0,a4,s0
800047a8:	0c06d663          	bgez	a3,80004874 <__muldf3+0x5bc>
800047ac:	0017d713          	srli	a4,a5,0x1
800047b0:	0017f793          	andi	a5,a5,1
800047b4:	00f76733          	or	a4,a4,a5
800047b8:	01f41793          	slli	a5,s0,0x1f
800047bc:	00f767b3          	or	a5,a4,a5
800047c0:	00145413          	srli	s0,s0,0x1
800047c4:	3ff88713          	addi	a4,a7,1023
800047c8:	0ae05a63          	blez	a4,8000487c <__muldf3+0x5c4>
800047cc:	0077f693          	andi	a3,a5,7
800047d0:	02068063          	beqz	a3,800047f0 <__muldf3+0x538>
800047d4:	00f7f693          	andi	a3,a5,15
800047d8:	00400613          	li	a2,4
800047dc:	00c68a63          	beq	a3,a2,800047f0 <__muldf3+0x538>
800047e0:	00c786b3          	add	a3,a5,a2
800047e4:	00f6b633          	sltu	a2,a3,a5
800047e8:	00c40433          	add	s0,s0,a2
800047ec:	00068793          	mv	a5,a3
800047f0:	00741693          	slli	a3,s0,0x7
800047f4:	0006da63          	bgez	a3,80004808 <__muldf3+0x550>
800047f8:	ff000737          	lui	a4,0xff000
800047fc:	fff70713          	addi	a4,a4,-1 # feffffff <__global_pointer$+0x7eff1137>
80004800:	00e47433          	and	s0,s0,a4
80004804:	40088713          	addi	a4,a7,1024
80004808:	7fe00693          	li	a3,2046
8000480c:	14e6c063          	blt	a3,a4,8000494c <__muldf3+0x694>
80004810:	01d41693          	slli	a3,s0,0x1d
80004814:	0037d793          	srli	a5,a5,0x3
80004818:	00f6e6b3          	or	a3,a3,a5
8000481c:	00345413          	srli	s0,s0,0x3
80004820:	00c41413          	slli	s0,s0,0xc
80004824:	00c45413          	srli	s0,s0,0xc
80004828:	01471713          	slli	a4,a4,0x14
8000482c:	02c12083          	lw	ra,44(sp)
80004830:	00876733          	or	a4,a4,s0
80004834:	02812403          	lw	s0,40(sp)
80004838:	01f81813          	slli	a6,a6,0x1f
8000483c:	010767b3          	or	a5,a4,a6
80004840:	02412483          	lw	s1,36(sp)
80004844:	02012903          	lw	s2,32(sp)
80004848:	01c12983          	lw	s3,28(sp)
8000484c:	01812a03          	lw	s4,24(sp)
80004850:	01412a83          	lw	s5,20(sp)
80004854:	01012b03          	lw	s6,16(sp)
80004858:	00c12b83          	lw	s7,12(sp)
8000485c:	00812c03          	lw	s8,8(sp)
80004860:	00412c83          	lw	s9,4(sp)
80004864:	00068513          	mv	a0,a3
80004868:	00078593          	mv	a1,a5
8000486c:	03010113          	addi	sp,sp,48
80004870:	00008067          	ret
80004874:	000b0893          	mv	a7,s6
80004878:	f4dff06f          	j	800047c4 <__muldf3+0x50c>
8000487c:	00100613          	li	a2,1
80004880:	00070c63          	beqz	a4,80004898 <__muldf3+0x5e0>
80004884:	40e60633          	sub	a2,a2,a4
80004888:	03800693          	li	a3,56
8000488c:	b2c6cae3          	blt	a3,a2,800043c0 <__muldf3+0x108>
80004890:	01f00693          	li	a3,31
80004894:	06c6c463          	blt	a3,a2,800048fc <__muldf3+0x644>
80004898:	41e88893          	addi	a7,a7,1054
8000489c:	00c7d733          	srl	a4,a5,a2
800048a0:	011797b3          	sll	a5,a5,a7
800048a4:	00f037b3          	snez	a5,a5
800048a8:	011418b3          	sll	a7,s0,a7
800048ac:	0117e7b3          	or	a5,a5,a7
800048b0:	00f767b3          	or	a5,a4,a5
800048b4:	00c45433          	srl	s0,s0,a2
800048b8:	0077f713          	andi	a4,a5,7
800048bc:	02070063          	beqz	a4,800048dc <__muldf3+0x624>
800048c0:	00f7f713          	andi	a4,a5,15
800048c4:	00400693          	li	a3,4
800048c8:	00d70a63          	beq	a4,a3,800048dc <__muldf3+0x624>
800048cc:	00d78733          	add	a4,a5,a3
800048d0:	00f736b3          	sltu	a3,a4,a5
800048d4:	00d40433          	add	s0,s0,a3
800048d8:	00070793          	mv	a5,a4
800048dc:	00841713          	slli	a4,s0,0x8
800048e0:	06074e63          	bltz	a4,8000495c <__muldf3+0x6a4>
800048e4:	01d41693          	slli	a3,s0,0x1d
800048e8:	0037d793          	srli	a5,a5,0x3
800048ec:	00f6e6b3          	or	a3,a3,a5
800048f0:	00345413          	srli	s0,s0,0x3
800048f4:	00000713          	li	a4,0
800048f8:	f29ff06f          	j	80004820 <__muldf3+0x568>
800048fc:	fe100693          	li	a3,-31
80004900:	40e68733          	sub	a4,a3,a4
80004904:	02000593          	li	a1,32
80004908:	00e45733          	srl	a4,s0,a4
8000490c:	00000693          	li	a3,0
80004910:	00b60663          	beq	a2,a1,8000491c <__muldf3+0x664>
80004914:	43e88893          	addi	a7,a7,1086
80004918:	011416b3          	sll	a3,s0,a7
8000491c:	00f6e6b3          	or	a3,a3,a5
80004920:	00d036b3          	snez	a3,a3
80004924:	00d767b3          	or	a5,a4,a3
80004928:	00000413          	li	s0,0
8000492c:	f8dff06f          	j	800048b8 <__muldf3+0x600>
80004930:	00080437          	lui	s0,0x80
80004934:	7ff00713          	li	a4,2047
80004938:	00000813          	li	a6,0
8000493c:	ee5ff06f          	j	80004820 <__muldf3+0x568>
80004940:	00080437          	lui	s0,0x80
80004944:	00000693          	li	a3,0
80004948:	fedff06f          	j	80004934 <__muldf3+0x67c>
8000494c:	00000413          	li	s0,0
80004950:	00000693          	li	a3,0
80004954:	7ff00713          	li	a4,2047
80004958:	ec9ff06f          	j	80004820 <__muldf3+0x568>
8000495c:	00000413          	li	s0,0
80004960:	00000693          	li	a3,0
80004964:	00100713          	li	a4,1
80004968:	eb9ff06f          	j	80004820 <__muldf3+0x568>

8000496c <__mulsi3>:
8000496c:	00050613          	mv	a2,a0
80004970:	00000513          	li	a0,0
80004974:	0015f693          	andi	a3,a1,1
80004978:	00068463          	beqz	a3,80004980 <__mulsi3+0x14>
8000497c:	00c50533          	add	a0,a0,a2
80004980:	0015d593          	srli	a1,a1,0x1
80004984:	00161613          	slli	a2,a2,0x1
80004988:	fe0596e3          	bnez	a1,80004974 <__mulsi3+0x8>
8000498c:	00008067          	ret

80004990 <__divsi3>:
80004990:	06054063          	bltz	a0,800049f0 <__umodsi3+0x10>
80004994:	0605c663          	bltz	a1,80004a00 <__umodsi3+0x20>

80004998 <__hidden___udivsi3>:
80004998:	00058613          	mv	a2,a1
8000499c:	00050593          	mv	a1,a0
800049a0:	fff00513          	li	a0,-1
800049a4:	02060c63          	beqz	a2,800049dc <__hidden___udivsi3+0x44>
800049a8:	00100693          	li	a3,1
800049ac:	00b67a63          	bgeu	a2,a1,800049c0 <__hidden___udivsi3+0x28>
800049b0:	00c05863          	blez	a2,800049c0 <__hidden___udivsi3+0x28>
800049b4:	00161613          	slli	a2,a2,0x1
800049b8:	00169693          	slli	a3,a3,0x1
800049bc:	feb66ae3          	bltu	a2,a1,800049b0 <__hidden___udivsi3+0x18>
800049c0:	00000513          	li	a0,0
800049c4:	00c5e663          	bltu	a1,a2,800049d0 <__hidden___udivsi3+0x38>
800049c8:	40c585b3          	sub	a1,a1,a2
800049cc:	00d56533          	or	a0,a0,a3
800049d0:	0016d693          	srli	a3,a3,0x1
800049d4:	00165613          	srli	a2,a2,0x1
800049d8:	fe0696e3          	bnez	a3,800049c4 <__hidden___udivsi3+0x2c>
800049dc:	00008067          	ret

800049e0 <__umodsi3>:
800049e0:	00008293          	mv	t0,ra
800049e4:	fb5ff0ef          	jal	80004998 <__hidden___udivsi3>
800049e8:	00058513          	mv	a0,a1
800049ec:	00028067          	jr	t0
800049f0:	40a00533          	neg	a0,a0
800049f4:	00b04863          	bgtz	a1,80004a04 <__umodsi3+0x24>
800049f8:	40b005b3          	neg	a1,a1
800049fc:	f9dff06f          	j	80004998 <__hidden___udivsi3>
80004a00:	40b005b3          	neg	a1,a1
80004a04:	00008293          	mv	t0,ra
80004a08:	f91ff0ef          	jal	80004998 <__hidden___udivsi3>
80004a0c:	40a00533          	neg	a0,a0
80004a10:	00028067          	jr	t0

80004a14 <__modsi3>:
80004a14:	00008293          	mv	t0,ra
80004a18:	0005ca63          	bltz	a1,80004a2c <__modsi3+0x18>
80004a1c:	00054c63          	bltz	a0,80004a34 <__modsi3+0x20>
80004a20:	f79ff0ef          	jal	80004998 <__hidden___udivsi3>
80004a24:	00058513          	mv	a0,a1
80004a28:	00028067          	jr	t0
80004a2c:	40b005b3          	neg	a1,a1
80004a30:	fe0558e3          	bgez	a0,80004a20 <__modsi3+0xc>
80004a34:	40a00533          	neg	a0,a0
80004a38:	f61ff0ef          	jal	80004998 <__hidden___udivsi3>
80004a3c:	40b00533          	neg	a0,a1
80004a40:	00028067          	jr	t0

80004a44 <__clzsi2>:
80004a44:	000107b7          	lui	a5,0x10
80004a48:	02f57a63          	bgeu	a0,a5,80004a7c <__clzsi2+0x38>
80004a4c:	10053793          	sltiu	a5,a0,256
80004a50:	0017b793          	seqz	a5,a5
80004a54:	00379793          	slli	a5,a5,0x3
80004a58:	8000e737          	lui	a4,0x8000e
80004a5c:	02000693          	li	a3,32
80004a60:	40f686b3          	sub	a3,a3,a5
80004a64:	00f55533          	srl	a0,a0,a5
80004a68:	4d070793          	addi	a5,a4,1232 # 8000e4d0 <__clz_tab>
80004a6c:	00a787b3          	add	a5,a5,a0
80004a70:	0007c503          	lbu	a0,0(a5) # 10000 <buflen.1+0xffc0>
80004a74:	40a68533          	sub	a0,a3,a0
80004a78:	00008067          	ret
80004a7c:	01000737          	lui	a4,0x1000
80004a80:	01800793          	li	a5,24
80004a84:	fce57ae3          	bgeu	a0,a4,80004a58 <__clzsi2+0x14>
80004a88:	01000793          	li	a5,16
80004a8c:	fcdff06f          	j	80004a58 <__clzsi2+0x14>

Disassembly of section .text.startup:

80004a90 <main>:
80004a90:	81010113          	addi	sp,sp,-2032
80004a94:	7e112623          	sw	ra,2028(sp)
80004a98:	7e812423          	sw	s0,2024(sp)
80004a9c:	7f212023          	sw	s2,2016(sp)
80004aa0:	7d312e23          	sw	s3,2012(sp)
80004aa4:	7d612823          	sw	s6,2000(sp)
80004aa8:	7e912223          	sw	s1,2020(sp)
80004aac:	7d412c23          	sw	s4,2008(sp)
80004ab0:	7d512a23          	sw	s5,2004(sp)
80004ab4:	83010113          	addi	sp,sp,-2000
80004ab8:	00010793          	mv	a5,sp
80004abc:	00000717          	auipc	a4,0x0
80004ac0:	12c70713          	addi	a4,a4,300 # 80004be8 <ptr>
80004ac4:	00002697          	auipc	a3,0x2
80004ac8:	89c68693          	addi	a3,a3,-1892 # 80006360 <x>
80004acc:	00003617          	auipc	a2,0x3
80004ad0:	83460613          	addi	a2,a2,-1996 # 80007300 <idx>
80004ad4:	00005597          	auipc	a1,0x5
80004ad8:	dac58593          	addi	a1,a1,-596 # 80009880 <val>
80004adc:	1f400513          	li	a0,500
80004ae0:	d20fd0ef          	jal	80002000 <spmv>
80004ae4:	00100513          	li	a0,1
80004ae8:	ee1fd0ef          	jal	800029c8 <setStats>
80004aec:	00010793          	mv	a5,sp
80004af0:	00000717          	auipc	a4,0x0
80004af4:	0f870713          	addi	a4,a4,248 # 80004be8 <ptr>
80004af8:	00002697          	auipc	a3,0x2
80004afc:	86868693          	addi	a3,a3,-1944 # 80006360 <x>
80004b00:	00003617          	auipc	a2,0x3
80004b04:	80060613          	addi	a2,a2,-2048 # 80007300 <idx>
80004b08:	00005597          	auipc	a1,0x5
80004b0c:	d7858593          	addi	a1,a1,-648 # 80009880 <val>
80004b10:	1f400513          	li	a0,500
80004b14:	cecfd0ef          	jal	80002000 <spmv>
80004b18:	00000513          	li	a0,0
80004b1c:	00010413          	mv	s0,sp
80004b20:	ea9fd0ef          	jal	800029c8 <setStats>
80004b24:	00001917          	auipc	s2,0x1
80004b28:	89c90913          	addi	s2,s2,-1892 # 800053c0 <verify_data>
80004b2c:	00000993          	li	s3,0
80004b30:	1f400b13          	li	s6,500
80004b34:	00042603          	lw	a2,0(s0) # 80000 <buflen.1+0x7ffc0>
80004b38:	00492583          	lw	a1,4(s2)
80004b3c:	00442683          	lw	a3,4(s0)
80004b40:	00092503          	lw	a0,0(s2)
80004b44:	00842a03          	lw	s4,8(s0)
80004b48:	00c42a83          	lw	s5,12(s0)
80004b4c:	ee0ff0ef          	jal	8000422c <__eqdf2>
80004b50:	00050493          	mv	s1,a0
80004b54:	00c92583          	lw	a1,12(s2)
80004b58:	00892503          	lw	a0,8(s2)
80004b5c:	000a0613          	mv	a2,s4
80004b60:	000a8693          	mv	a3,s5
80004b64:	0014b493          	seqz	s1,s1
80004b68:	ec4ff0ef          	jal	8000422c <__eqdf2>
80004b6c:	02050c63          	beqz	a0,80004ba4 <main+0x114>
80004b70:	00198513          	addi	a0,s3,1
80004b74:	00950533          	add	a0,a0,s1
80004b78:	7d010113          	addi	sp,sp,2000
80004b7c:	7ec12083          	lw	ra,2028(sp)
80004b80:	7e812403          	lw	s0,2024(sp)
80004b84:	7e412483          	lw	s1,2020(sp)
80004b88:	7e012903          	lw	s2,2016(sp)
80004b8c:	7dc12983          	lw	s3,2012(sp)
80004b90:	7d812a03          	lw	s4,2008(sp)
80004b94:	7d412a83          	lw	s5,2004(sp)
80004b98:	7d012b03          	lw	s6,2000(sp)
80004b9c:	7f010113          	addi	sp,sp,2032
80004ba0:	00008067          	ret
80004ba4:	fc0486e3          	beqz	s1,80004b70 <main+0xe0>
80004ba8:	00298993          	addi	s3,s3,2
80004bac:	01040413          	addi	s0,s0,16
80004bb0:	01090913          	addi	s2,s2,16
80004bb4:	f96990e3          	bne	s3,s6,80004b34 <main+0xa4>
80004bb8:	00000513          	li	a0,0
80004bbc:	fbdff06f          	j	80004b78 <main+0xe8>
80004bc0:	ff010113          	addi	sp,sp,-16
80004bc4:	0000a517          	auipc	a0,0xa
80004bc8:	a2c50513          	addi	a0,a0,-1492 # 8000e5f0 <__clz_tab+0x120>
80004bcc:	00112623          	sw	ra,12(sp)
80004bd0:	ec1fd0ef          	jal	80002a90 <printstr>
80004bd4:	00c12083          	lw	ra,12(sp)
80004bd8:	fff00513          	li	a0,-1
80004bdc:	01010113          	addi	sp,sp,16
80004be0:	00008067          	ret
