
vvadd.riscv:     file format elf32-littleriscv


Disassembly of section .text.init:

80000000 <_start>:
80000000:	00000093          	li	ra,0
80000004:	00000113          	li	sp,0
80000008:	00000193          	li	gp,0
8000000c:	00000213          	li	tp,0
80000010:	00000293          	li	t0,0
80000014:	00000313          	li	t1,0
80000018:	00000393          	li	t2,0
8000001c:	00000413          	li	s0,0
80000020:	00000493          	li	s1,0
80000024:	00000513          	li	a0,0
80000028:	00000593          	li	a1,0
8000002c:	00000613          	li	a2,0
80000030:	00000693          	li	a3,0
80000034:	00000713          	li	a4,0
80000038:	00000793          	li	a5,0
8000003c:	00000813          	li	a6,0
80000040:	00000893          	li	a7,0
80000044:	00000913          	li	s2,0
80000048:	00000993          	li	s3,0
8000004c:	00000a13          	li	s4,0
80000050:	00000a93          	li	s5,0
80000054:	00000b13          	li	s6,0
80000058:	00000b93          	li	s7,0
8000005c:	00000c13          	li	s8,0
80000060:	00000c93          	li	s9,0
80000064:	00000d13          	li	s10,0
80000068:	00000d93          	li	s11,0
8000006c:	00000e13          	li	t3,0
80000070:	00000e93          	li	t4,0
80000074:	00000f13          	li	t5,0
80000078:	00000f93          	li	t6,0
8000007c:	0181e2b7          	lui	t0,0x181e
80000080:	3002a073          	csrs	mstatus,t0
80000084:	00100293          	li	t0,1
80000088:	01f29293          	slli	t0,t0,0x1f
8000008c:	0002ca63          	bltz	t0,800000a0 <_start+0xa0>
80000090:	00100513          	li	a0,1
80000094:	00001297          	auipc	t0,0x1
80000098:	f6a2a623          	sw	a0,-148(t0) # 80001000 <tohost>
8000009c:	ff5ff06f          	j	80000090 <_start+0x90>
800000a0:	00000297          	auipc	t0,0x0
800000a4:	04028293          	addi	t0,t0,64 # 800000e0 <trap_entry>
800000a8:	30529073          	csrw	mtvec,t0
800000ac:	00005197          	auipc	gp,0x5
800000b0:	17418193          	addi	gp,gp,372 # 80005220 <__global_pointer$>
800000b4:	85f18213          	addi	tp,gp,-1953 # 80004a7f <_end+0x3f>
800000b8:	fc027213          	andi	tp,tp,-64
800000bc:	f1402573          	csrr	a0,mhartid
800000c0:	00100593          	li	a1,1
800000c4:	00b57063          	bgeu	a0,a1,800000c4 <_start+0xc4>
800000c8:	00150113          	addi	sp,a0,1
800000cc:	01111113          	slli	sp,sp,0x11
800000d0:	00410133          	add	sp,sp,tp
800000d4:	01151613          	slli	a2,a0,0x11
800000d8:	00c20233          	add	tp,tp,a2
800000dc:	1250206f          	j	80002a00 <_init>

800000e0 <trap_entry>:
800000e0:	ef010113          	addi	sp,sp,-272
800000e4:	00112223          	sw	ra,4(sp)
800000e8:	00212423          	sw	sp,8(sp)
800000ec:	00312623          	sw	gp,12(sp)
800000f0:	00412823          	sw	tp,16(sp)
800000f4:	00512a23          	sw	t0,20(sp)
800000f8:	00612c23          	sw	t1,24(sp)
800000fc:	00712e23          	sw	t2,28(sp)
80000100:	02812023          	sw	s0,32(sp)
80000104:	02912223          	sw	s1,36(sp)
80000108:	02a12423          	sw	a0,40(sp)
8000010c:	02b12623          	sw	a1,44(sp)
80000110:	02c12823          	sw	a2,48(sp)
80000114:	02d12a23          	sw	a3,52(sp)
80000118:	02e12c23          	sw	a4,56(sp)
8000011c:	02f12e23          	sw	a5,60(sp)
80000120:	05012023          	sw	a6,64(sp)
80000124:	05112223          	sw	a7,68(sp)
80000128:	05212423          	sw	s2,72(sp)
8000012c:	05312623          	sw	s3,76(sp)
80000130:	05412823          	sw	s4,80(sp)
80000134:	05512a23          	sw	s5,84(sp)
80000138:	05612c23          	sw	s6,88(sp)
8000013c:	05712e23          	sw	s7,92(sp)
80000140:	07812023          	sw	s8,96(sp)
80000144:	07912223          	sw	s9,100(sp)
80000148:	07a12423          	sw	s10,104(sp)
8000014c:	07b12623          	sw	s11,108(sp)
80000150:	07c12823          	sw	t3,112(sp)
80000154:	07d12a23          	sw	t4,116(sp)
80000158:	07e12c23          	sw	t5,120(sp)
8000015c:	07f12e23          	sw	t6,124(sp)
80000160:	34202573          	csrr	a0,mcause
80000164:	341025f3          	csrr	a1,mepc
80000168:	00010613          	mv	a2,sp
8000016c:	504020ef          	jal	80002670 <handle_trap>
80000170:	34151073          	csrw	mepc,a0
80000174:	000022b7          	lui	t0,0x2
80000178:	80028293          	addi	t0,t0,-2048 # 1800 <buflen.1+0x17c0>
8000017c:	3002a073          	csrs	mstatus,t0
80000180:	00412083          	lw	ra,4(sp)
80000184:	00812103          	lw	sp,8(sp)
80000188:	00c12183          	lw	gp,12(sp)
8000018c:	01012203          	lw	tp,16(sp)
80000190:	01412283          	lw	t0,20(sp)
80000194:	01812303          	lw	t1,24(sp)
80000198:	01c12383          	lw	t2,28(sp)
8000019c:	02012403          	lw	s0,32(sp)
800001a0:	02412483          	lw	s1,36(sp)
800001a4:	02812503          	lw	a0,40(sp)
800001a8:	02c12583          	lw	a1,44(sp)
800001ac:	03012603          	lw	a2,48(sp)
800001b0:	03412683          	lw	a3,52(sp)
800001b4:	03812703          	lw	a4,56(sp)
800001b8:	03c12783          	lw	a5,60(sp)
800001bc:	04012803          	lw	a6,64(sp)
800001c0:	04412883          	lw	a7,68(sp)
800001c4:	04812903          	lw	s2,72(sp)
800001c8:	04c12983          	lw	s3,76(sp)
800001cc:	05012a03          	lw	s4,80(sp)
800001d0:	05412a83          	lw	s5,84(sp)
800001d4:	05812b03          	lw	s6,88(sp)
800001d8:	05c12b83          	lw	s7,92(sp)
800001dc:	06012c03          	lw	s8,96(sp)
800001e0:	06412c83          	lw	s9,100(sp)
800001e4:	06812d03          	lw	s10,104(sp)
800001e8:	06c12d83          	lw	s11,108(sp)
800001ec:	07012e03          	lw	t3,112(sp)
800001f0:	07412e83          	lw	t4,116(sp)
800001f4:	07812f03          	lw	t5,120(sp)
800001f8:	07c12f83          	lw	t6,124(sp)
800001fc:	11010113          	addi	sp,sp,272
80000200:	30200073          	mret

Disassembly of section .text:

80002000 <vvadd>:
80002000:	02a05663          	blez	a0,8000202c <vvadd+0x2c>
80002004:	00251513          	slli	a0,a0,0x2
80002008:	00a58533          	add	a0,a1,a0
8000200c:	0005a783          	lw	a5,0(a1)
80002010:	00062703          	lw	a4,0(a2)
80002014:	00458593          	addi	a1,a1,4
80002018:	00460613          	addi	a2,a2,4
8000201c:	00e787b3          	add	a5,a5,a4
80002020:	00f6a023          	sw	a5,0(a3)
80002024:	00468693          	addi	a3,a3,4
80002028:	fea592e3          	bne	a1,a0,8000200c <vvadd+0xc>
8000202c:	00008067          	ret

80002030 <vprintfmt>:
80002030:	eb010113          	addi	sp,sp,-336
80002034:	14812423          	sw	s0,328(sp)
80002038:	15212023          	sw	s2,320(sp)
8000203c:	13312e23          	sw	s3,316(sp)
80002040:	13512a23          	sw	s5,308(sp)
80002044:	14112623          	sw	ra,332(sp)
80002048:	14912223          	sw	s1,324(sp)
8000204c:	13412c23          	sw	s4,312(sp)
80002050:	13712623          	sw	s7,300(sp)
80002054:	13812423          	sw	s8,296(sp)
80002058:	13912223          	sw	s9,292(sp)
8000205c:	13a12023          	sw	s10,288(sp)
80002060:	00050993          	mv	s3,a0
80002064:	00058913          	mv	s2,a1
80002068:	00060413          	mv	s0,a2
8000206c:	00d12623          	sw	a3,12(sp)
80002070:	02500a93          	li	s5,37
80002074:	0140006f          	j	80002088 <vprintfmt+0x58>
80002078:	06050463          	beqz	a0,800020e0 <vprintfmt+0xb0>
8000207c:	00090593          	mv	a1,s2
80002080:	00140413          	addi	s0,s0,1
80002084:	000980e7          	jalr	s3
80002088:	00044503          	lbu	a0,0(s0)
8000208c:	ff5516e3          	bne	a0,s5,80002078 <vprintfmt+0x48>
80002090:	00144683          	lbu	a3,1(s0)
80002094:	00140a13          	addi	s4,s0,1
80002098:	fff00493          	li	s1,-1
8000209c:	02000793          	li	a5,32
800020a0:	000a0713          	mv	a4,s4
800020a4:	00048c13          	mv	s8,s1
800020a8:	00f12423          	sw	a5,8(sp)
800020ac:	00000593          	li	a1,0
800020b0:	fdd68793          	addi	a5,a3,-35
800020b4:	0ff7f793          	zext.b	a5,a5
800020b8:	05500613          	li	a2,85
800020bc:	00170413          	addi	s0,a4,1
800020c0:	06f66a63          	bltu	a2,a5,80002134 <vprintfmt+0x104>
800020c4:	00002617          	auipc	a2,0x2
800020c8:	84060613          	addi	a2,a2,-1984 # 80003904 <main+0x158>
800020cc:	00279793          	slli	a5,a5,0x2
800020d0:	00c787b3          	add	a5,a5,a2
800020d4:	0007a783          	lw	a5,0(a5)
800020d8:	00c787b3          	add	a5,a5,a2
800020dc:	00078067          	jr	a5
800020e0:	14c12083          	lw	ra,332(sp)
800020e4:	14812403          	lw	s0,328(sp)
800020e8:	14412483          	lw	s1,324(sp)
800020ec:	14012903          	lw	s2,320(sp)
800020f0:	13c12983          	lw	s3,316(sp)
800020f4:	13812a03          	lw	s4,312(sp)
800020f8:	13412a83          	lw	s5,308(sp)
800020fc:	12c12b83          	lw	s7,300(sp)
80002100:	12812c03          	lw	s8,296(sp)
80002104:	12412c83          	lw	s9,292(sp)
80002108:	12012d03          	lw	s10,288(sp)
8000210c:	15010113          	addi	sp,sp,336
80002110:	00008067          	ret
80002114:	00d12423          	sw	a3,8(sp)
80002118:	00174683          	lbu	a3,1(a4)
8000211c:	05500613          	li	a2,85
80002120:	00040713          	mv	a4,s0
80002124:	fdd68793          	addi	a5,a3,-35
80002128:	0ff7f793          	zext.b	a5,a5
8000212c:	00170413          	addi	s0,a4,1
80002130:	f8f67ae3          	bgeu	a2,a5,800020c4 <vprintfmt+0x94>
80002134:	00090593          	mv	a1,s2
80002138:	02500513          	li	a0,37
8000213c:	000980e7          	jalr	s3
80002140:	000a0413          	mv	s0,s4
80002144:	f45ff06f          	j	80002088 <vprintfmt+0x58>
80002148:	00174603          	lbu	a2,1(a4)
8000214c:	00900513          	li	a0,9
80002150:	fd068493          	addi	s1,a3,-48
80002154:	fd060793          	addi	a5,a2,-48
80002158:	00060693          	mv	a3,a2
8000215c:	00040713          	mv	a4,s0
80002160:	02f56663          	bltu	a0,a5,8000218c <vprintfmt+0x15c>
80002164:	00249793          	slli	a5,s1,0x2
80002168:	009787b3          	add	a5,a5,s1
8000216c:	00170713          	addi	a4,a4,1
80002170:	00179793          	slli	a5,a5,0x1
80002174:	00c787b3          	add	a5,a5,a2
80002178:	00074603          	lbu	a2,0(a4)
8000217c:	fd078493          	addi	s1,a5,-48
80002180:	fd060793          	addi	a5,a2,-48
80002184:	00060693          	mv	a3,a2
80002188:	fcf57ee3          	bgeu	a0,a5,80002164 <vprintfmt+0x134>
8000218c:	f20c52e3          	bgez	s8,800020b0 <vprintfmt+0x80>
80002190:	00048c13          	mv	s8,s1
80002194:	fff00493          	li	s1,-1
80002198:	f19ff06f          	j	800020b0 <vprintfmt+0x80>
8000219c:	00174683          	lbu	a3,1(a4)
800021a0:	00040713          	mv	a4,s0
800021a4:	f0dff06f          	j	800020b0 <vprintfmt+0x80>
800021a8:	00090593          	mv	a1,s2
800021ac:	02500513          	li	a0,37
800021b0:	000980e7          	jalr	s3
800021b4:	ed5ff06f          	j	80002088 <vprintfmt+0x58>
800021b8:	00c12783          	lw	a5,12(sp)
800021bc:	00174683          	lbu	a3,1(a4)
800021c0:	00040713          	mv	a4,s0
800021c4:	0007a483          	lw	s1,0(a5)
800021c8:	00478793          	addi	a5,a5,4
800021cc:	00f12623          	sw	a5,12(sp)
800021d0:	fbdff06f          	j	8000218c <vprintfmt+0x15c>
800021d4:	00090593          	mv	a1,s2
800021d8:	03000513          	li	a0,48
800021dc:	13612823          	sw	s6,304(sp)
800021e0:	000980e7          	jalr	s3
800021e4:	00090593          	mv	a1,s2
800021e8:	07800513          	li	a0,120
800021ec:	000980e7          	jalr	s3
800021f0:	00c12783          	lw	a5,12(sp)
800021f4:	01000b93          	li	s7,16
800021f8:	00000d13          	li	s10,0
800021fc:	00478713          	addi	a4,a5,4
80002200:	00c12783          	lw	a5,12(sp)
80002204:	00000c93          	li	s9,0
80002208:	0007a483          	lw	s1,0(a5)
8000220c:	00e12623          	sw	a4,12(sp)
80002210:	000b8613          	mv	a2,s7
80002214:	00000693          	li	a3,0
80002218:	00048513          	mv	a0,s1
8000221c:	000c8593          	mv	a1,s9
80002220:	7e5000ef          	jal	80003204 <__umoddi3>
80002224:	00a12823          	sw	a0,16(sp)
80002228:	279d0863          	beq	s10,s9,80002498 <vprintfmt+0x468>
8000222c:	11b12e23          	sw	s11,284(sp)
80002230:	00100b13          	li	s6,1
80002234:	01410d93          	addi	s11,sp,20
80002238:	00048513          	mv	a0,s1
8000223c:	000c8593          	mv	a1,s9
80002240:	000b8613          	mv	a2,s7
80002244:	00000693          	li	a3,0
80002248:	1f5000ef          	jal	80002c3c <__udivdi3>
8000224c:	000b8613          	mv	a2,s7
80002250:	00000693          	li	a3,0
80002254:	00050493          	mv	s1,a0
80002258:	00058c93          	mv	s9,a1
8000225c:	7a9000ef          	jal	80003204 <__umoddi3>
80002260:	00ada023          	sw	a0,0(s11)
80002264:	000b0a13          	mv	s4,s6
80002268:	004d8d93          	addi	s11,s11,4
8000226c:	001b0b13          	addi	s6,s6,1
80002270:	fd9d14e3          	bne	s10,s9,80002238 <vprintfmt+0x208>
80002274:	fd74f2e3          	bgeu	s1,s7,80002238 <vprintfmt+0x208>
80002278:	11c12d83          	lw	s11,284(sp)
8000227c:	fffc0b93          	addi	s7,s8,-1
80002280:	fffb0493          	addi	s1,s6,-1
80002284:	018b5c63          	bge	s6,s8,8000229c <vprintfmt+0x26c>
80002288:	00812503          	lw	a0,8(sp)
8000228c:	00090593          	mv	a1,s2
80002290:	fffb8b93          	addi	s7,s7,-1
80002294:	000980e7          	jalr	s3
80002298:	fe9b98e3          	bne	s7,s1,80002288 <vprintfmt+0x258>
8000229c:	002a1a13          	slli	s4,s4,0x2
800022a0:	01010493          	addi	s1,sp,16
800022a4:	01448a33          	add	s4,s1,s4
800022a8:	00900b13          	li	s6,9
800022ac:	0080006f          	j	800022b4 <vprintfmt+0x284>
800022b0:	00078a13          	mv	s4,a5
800022b4:	000a2783          	lw	a5,0(s4)
800022b8:	03000513          	li	a0,48
800022bc:	00fb7463          	bgeu	s6,a5,800022c4 <vprintfmt+0x294>
800022c0:	05700513          	li	a0,87
800022c4:	00a78533          	add	a0,a5,a0
800022c8:	00090593          	mv	a1,s2
800022cc:	000980e7          	jalr	s3
800022d0:	ffca0793          	addi	a5,s4,-4
800022d4:	fd449ee3          	bne	s1,s4,800022b0 <vprintfmt+0x280>
800022d8:	13012b03          	lw	s6,304(sp)
800022dc:	dadff06f          	j	80002088 <vprintfmt+0x58>
800022e0:	13612823          	sw	s6,304(sp)
800022e4:	00100793          	li	a5,1
800022e8:	1cb7c063          	blt	a5,a1,800024a8 <vprintfmt+0x478>
800022ec:	00c12783          	lw	a5,12(sp)
800022f0:	0007a483          	lw	s1,0(a5)
800022f4:	00478793          	addi	a5,a5,4
800022f8:	00f12623          	sw	a5,12(sp)
800022fc:	41f4dc93          	srai	s9,s1,0x1f
80002300:	020cd063          	bgez	s9,80002320 <vprintfmt+0x2f0>
80002304:	00090593          	mv	a1,s2
80002308:	02d00513          	li	a0,45
8000230c:	000980e7          	jalr	s3
80002310:	00903733          	snez	a4,s1
80002314:	419007b3          	neg	a5,s9
80002318:	40e78cb3          	sub	s9,a5,a4
8000231c:	409004b3          	neg	s1,s1
80002320:	00a00b93          	li	s7,10
80002324:	00000d13          	li	s10,0
80002328:	ee9ff06f          	j	80002210 <vprintfmt+0x1e0>
8000232c:	00174683          	lbu	a3,1(a4)
80002330:	00158593          	addi	a1,a1,1
80002334:	00040713          	mv	a4,s0
80002338:	d79ff06f          	j	800020b0 <vprintfmt+0x80>
8000233c:	13612823          	sw	s6,304(sp)
80002340:	01000b93          	li	s7,16
80002344:	00000d13          	li	s10,0
80002348:	00100793          	li	a5,1
8000234c:	12b7c663          	blt	a5,a1,80002478 <vprintfmt+0x448>
80002350:	00c12783          	lw	a5,12(sp)
80002354:	00478713          	addi	a4,a5,4
80002358:	ea9ff06f          	j	80002200 <vprintfmt+0x1d0>
8000235c:	00c12783          	lw	a5,12(sp)
80002360:	0007aa03          	lw	s4,0(a5)
80002364:	060a0a63          	beqz	s4,800023d8 <vprintfmt+0x3a8>
80002368:	0d805663          	blez	s8,80002434 <vprintfmt+0x404>
8000236c:	00812703          	lw	a4,8(sp)
80002370:	02d00793          	li	a5,45
80002374:	08f71063          	bne	a4,a5,800023f4 <vprintfmt+0x3c4>
80002378:	000a4503          	lbu	a0,0(s4)
8000237c:	02050c63          	beqz	a0,800023b4 <vprintfmt+0x384>
80002380:	13612823          	sw	s6,304(sp)
80002384:	fff00b13          	li	s6,-1
80002388:	0004c663          	bltz	s1,80002394 <vprintfmt+0x364>
8000238c:	fff48493          	addi	s1,s1,-1
80002390:	01648e63          	beq	s1,s6,800023ac <vprintfmt+0x37c>
80002394:	00090593          	mv	a1,s2
80002398:	000980e7          	jalr	s3
8000239c:	001a4503          	lbu	a0,1(s4)
800023a0:	001a0a13          	addi	s4,s4,1
800023a4:	fffc0c13          	addi	s8,s8,-1
800023a8:	fe0510e3          	bnez	a0,80002388 <vprintfmt+0x358>
800023ac:	13012b03          	lw	s6,304(sp)
800023b0:	01805c63          	blez	s8,800023c8 <vprintfmt+0x398>
800023b4:	00090593          	mv	a1,s2
800023b8:	02000513          	li	a0,32
800023bc:	fffc0c13          	addi	s8,s8,-1
800023c0:	000980e7          	jalr	s3
800023c4:	fe0c18e3          	bnez	s8,800023b4 <vprintfmt+0x384>
800023c8:	00c12783          	lw	a5,12(sp)
800023cc:	00478793          	addi	a5,a5,4
800023d0:	00f12623          	sw	a5,12(sp)
800023d4:	cb5ff06f          	j	80002088 <vprintfmt+0x58>
800023d8:	11805863          	blez	s8,800024e8 <vprintfmt+0x4b8>
800023dc:	00812703          	lw	a4,8(sp)
800023e0:	02d00793          	li	a5,45
800023e4:	00001a17          	auipc	s4,0x1
800023e8:	4dca0a13          	addi	s4,s4,1244 # 800038c0 <main+0x114>
800023ec:	02800513          	li	a0,40
800023f0:	f8f708e3          	beq	a4,a5,80002380 <vprintfmt+0x350>
800023f4:	000a0793          	mv	a5,s4
800023f8:	009a06b3          	add	a3,s4,s1
800023fc:	00049863          	bnez	s1,8000240c <vprintfmt+0x3dc>
80002400:	0200006f          	j	80002420 <vprintfmt+0x3f0>
80002404:	00178793          	addi	a5,a5,1
80002408:	00d78663          	beq	a5,a3,80002414 <vprintfmt+0x3e4>
8000240c:	0007c703          	lbu	a4,0(a5)
80002410:	fe071ae3          	bnez	a4,80002404 <vprintfmt+0x3d4>
80002414:	414787b3          	sub	a5,a5,s4
80002418:	40fc0c33          	sub	s8,s8,a5
8000241c:	01805c63          	blez	s8,80002434 <vprintfmt+0x404>
80002420:	00812503          	lw	a0,8(sp)
80002424:	00090593          	mv	a1,s2
80002428:	fffc0c13          	addi	s8,s8,-1
8000242c:	000980e7          	jalr	s3
80002430:	fe0c18e3          	bnez	s8,80002420 <vprintfmt+0x3f0>
80002434:	000a4503          	lbu	a0,0(s4)
80002438:	f80508e3          	beqz	a0,800023c8 <vprintfmt+0x398>
8000243c:	13612823          	sw	s6,304(sp)
80002440:	f45ff06f          	j	80002384 <vprintfmt+0x354>
80002444:	fffc4793          	not	a5,s8
80002448:	41f7d793          	srai	a5,a5,0x1f
8000244c:	00174683          	lbu	a3,1(a4)
80002450:	00fc7c33          	and	s8,s8,a5
80002454:	00040713          	mv	a4,s0
80002458:	c59ff06f          	j	800020b0 <vprintfmt+0x80>
8000245c:	00c12783          	lw	a5,12(sp)
80002460:	00090593          	mv	a1,s2
80002464:	0007a503          	lw	a0,0(a5)
80002468:	00478493          	addi	s1,a5,4
8000246c:	000980e7          	jalr	s3
80002470:	00912623          	sw	s1,12(sp)
80002474:	c15ff06f          	j	80002088 <vprintfmt+0x58>
80002478:	00c12783          	lw	a5,12(sp)
8000247c:	00778793          	addi	a5,a5,7
80002480:	ff87f793          	andi	a5,a5,-8
80002484:	00878713          	addi	a4,a5,8
80002488:	0007a483          	lw	s1,0(a5)
8000248c:	0047ac83          	lw	s9,4(a5)
80002490:	00e12623          	sw	a4,12(sp)
80002494:	d7dff06f          	j	80002210 <vprintfmt+0x1e0>
80002498:	d974fae3          	bgeu	s1,s7,8000222c <vprintfmt+0x1fc>
8000249c:	00000a13          	li	s4,0
800024a0:	00100b13          	li	s6,1
800024a4:	dd9ff06f          	j	8000227c <vprintfmt+0x24c>
800024a8:	00c12783          	lw	a5,12(sp)
800024ac:	00778793          	addi	a5,a5,7
800024b0:	ff87f793          	andi	a5,a5,-8
800024b4:	00878713          	addi	a4,a5,8
800024b8:	0007a483          	lw	s1,0(a5)
800024bc:	0047ac83          	lw	s9,4(a5)
800024c0:	00e12623          	sw	a4,12(sp)
800024c4:	e3dff06f          	j	80002300 <vprintfmt+0x2d0>
800024c8:	13612823          	sw	s6,304(sp)
800024cc:	00a00b93          	li	s7,10
800024d0:	00000d13          	li	s10,0
800024d4:	e75ff06f          	j	80002348 <vprintfmt+0x318>
800024d8:	13612823          	sw	s6,304(sp)
800024dc:	00800b93          	li	s7,8
800024e0:	00000d13          	li	s10,0
800024e4:	e65ff06f          	j	80002348 <vprintfmt+0x318>
800024e8:	13612823          	sw	s6,304(sp)
800024ec:	00001a17          	auipc	s4,0x1
800024f0:	3d4a0a13          	addi	s4,s4,980 # 800038c0 <main+0x114>
800024f4:	02800513          	li	a0,40
800024f8:	fff00b13          	li	s6,-1
800024fc:	e8dff06f          	j	80002388 <vprintfmt+0x358>

80002500 <sprintf_putch.0>:
80002500:	0005a783          	lw	a5,0(a1)
80002504:	00a78023          	sb	a0,0(a5)
80002508:	0005a783          	lw	a5,0(a1)
8000250c:	00178793          	addi	a5,a5,1
80002510:	00f5a023          	sw	a5,0(a1)
80002514:	00008067          	ret

80002518 <putchar>:
80002518:	04022783          	lw	a5,64(tp) # 40 <buflen.1>
8000251c:	00020713          	mv	a4,tp
80002520:	f8010113          	addi	sp,sp,-128
80002524:	00f70733          	add	a4,a4,a5
80002528:	00178793          	addi	a5,a5,1
8000252c:	00a70023          	sb	a0,0(a4)
80002530:	04f22023          	sw	a5,64(tp) # 40 <buflen.1>
80002534:	00a00713          	li	a4,10
80002538:	03f10693          	addi	a3,sp,63
8000253c:	fc06f693          	andi	a3,a3,-64
80002540:	00e50c63          	beq	a0,a4,80002558 <putchar+0x40>
80002544:	04000713          	li	a4,64
80002548:	00e78863          	beq	a5,a4,80002558 <putchar+0x40>
8000254c:	00000513          	li	a0,0
80002550:	08010113          	addi	sp,sp,128
80002554:	00008067          	ret
80002558:	04000813          	li	a6,64
8000255c:	0106a023          	sw	a6,0(a3)
80002560:	00000893          	li	a7,0
80002564:	0116a223          	sw	a7,4(a3)
80002568:	00100e13          	li	t3,1
8000256c:	01c6a423          	sw	t3,8(a3)
80002570:	00000e93          	li	t4,0
80002574:	01d6a623          	sw	t4,12(a3)
80002578:	00020313          	mv	t1,tp
8000257c:	0066a823          	sw	t1,16(a3)
80002580:	00000393          	li	t2,0
80002584:	0076aa23          	sw	t2,20(a3)
80002588:	00f6ac23          	sw	a5,24(a3)
8000258c:	41f7d893          	srai	a7,a5,0x1f
80002590:	0116ae23          	sw	a7,28(a3)
80002594:	0330000f          	fence	rw,rw
80002598:	fffff617          	auipc	a2,0xfffff
8000259c:	a6860613          	addi	a2,a2,-1432 # 80001000 <tohost>
800025a0:	00d62023          	sw	a3,0(a2)
800025a4:	00000793          	li	a5,0
800025a8:	00f62223          	sw	a5,4(a2)
800025ac:	fffff617          	auipc	a2,0xfffff
800025b0:	a9460613          	addi	a2,a2,-1388 # 80001040 <fromhost>
800025b4:	00062703          	lw	a4,0(a2)
800025b8:	00462783          	lw	a5,4(a2)
800025bc:	00f76733          	or	a4,a4,a5
800025c0:	fe070ae3          	beqz	a4,800025b4 <putchar+0x9c>
800025c4:	00000793          	li	a5,0
800025c8:	00f62023          	sw	a5,0(a2)
800025cc:	00000813          	li	a6,0
800025d0:	01062223          	sw	a6,4(a2)
800025d4:	0330000f          	fence	rw,rw
800025d8:	04022023          	sw	zero,64(tp) # 40 <buflen.1>
800025dc:	0006a703          	lw	a4,0(a3)
800025e0:	00000513          	li	a0,0
800025e4:	0046a783          	lw	a5,4(a3)
800025e8:	08010113          	addi	sp,sp,128
800025ec:	00008067          	ret

800025f0 <setStats>:
800025f0:	b0002773          	csrr	a4,mcycle
800025f4:	00002797          	auipc	a5,0x2
800025f8:	43478793          	addi	a5,a5,1076 # 80004a28 <counters>
800025fc:	00050a63          	beqz	a0,80002610 <setStats+0x20>
80002600:	00e7a023          	sw	a4,0(a5)
80002604:	b0202773          	csrr	a4,minstret
80002608:	00e7a223          	sw	a4,4(a5)
8000260c:	00008067          	ret
80002610:	0007a583          	lw	a1,0(a5)
80002614:	00002697          	auipc	a3,0x2
80002618:	40c68693          	addi	a3,a3,1036 # 80004a20 <counter_names>
8000261c:	00001617          	auipc	a2,0x1
80002620:	2b060613          	addi	a2,a2,688 # 800038cc <main+0x120>
80002624:	40b70733          	sub	a4,a4,a1
80002628:	00e7a023          	sw	a4,0(a5)
8000262c:	00c6a023          	sw	a2,0(a3)
80002630:	b0202773          	csrr	a4,minstret
80002634:	0047a603          	lw	a2,4(a5)
80002638:	00001597          	auipc	a1,0x1
8000263c:	29c58593          	addi	a1,a1,668 # 800038d4 <main+0x128>
80002640:	00b6a223          	sw	a1,4(a3)
80002644:	40c70733          	sub	a4,a4,a2
80002648:	00e7a223          	sw	a4,4(a5)
8000264c:	00008067          	ret

80002650 <tohost_exit>:
80002650:	00151693          	slli	a3,a0,0x1
80002654:	0016e713          	ori	a4,a3,1
80002658:	fffff697          	auipc	a3,0xfffff
8000265c:	9a868693          	addi	a3,a3,-1624 # 80001000 <tohost>
80002660:	00000793          	li	a5,0
80002664:	00e6a023          	sw	a4,0(a3)
80002668:	00f6a223          	sw	a5,4(a3)
8000266c:	0000006f          	j	8000266c <tohost_exit+0x1c>

80002670 <handle_trap>:
80002670:	00001637          	lui	a2,0x1
80002674:	fffff797          	auipc	a5,0xfffff
80002678:	98c78793          	addi	a5,a5,-1652 # 80001000 <tohost>
8000267c:	a7360613          	addi	a2,a2,-1421 # a73 <buflen.1+0xa33>
80002680:	00000693          	li	a3,0
80002684:	00c7a023          	sw	a2,0(a5)
80002688:	00d7a223          	sw	a3,4(a5)
8000268c:	0000006f          	j	8000268c <handle_trap+0x1c>

80002690 <exit>:
80002690:	ff010113          	addi	sp,sp,-16
80002694:	00112623          	sw	ra,12(sp)
80002698:	fb9ff0ef          	jal	80002650 <tohost_exit>

8000269c <abort>:
8000269c:	fffff797          	auipc	a5,0xfffff
800026a0:	96478793          	addi	a5,a5,-1692 # 80001000 <tohost>
800026a4:	10d00613          	li	a2,269
800026a8:	00000693          	li	a3,0
800026ac:	00c7a023          	sw	a2,0(a5)
800026b0:	00d7a223          	sw	a3,4(a5)
800026b4:	0000006f          	j	800026b4 <abort+0x18>

800026b8 <printstr>:
800026b8:	00054783          	lbu	a5,0(a0)
800026bc:	f8010113          	addi	sp,sp,-128
800026c0:	03f10613          	addi	a2,sp,63
800026c4:	00050813          	mv	a6,a0
800026c8:	00000893          	li	a7,0
800026cc:	fc067613          	andi	a2,a2,-64
800026d0:	0a078063          	beqz	a5,80002770 <printstr+0xb8>
800026d4:	00050793          	mv	a5,a0
800026d8:	0017c703          	lbu	a4,1(a5)
800026dc:	00178793          	addi	a5,a5,1
800026e0:	fe071ce3          	bnez	a4,800026d8 <printstr+0x20>
800026e4:	40a78333          	sub	t1,a5,a0
800026e8:	00000393          	li	t2,0
800026ec:	04000713          	li	a4,64
800026f0:	00e62023          	sw	a4,0(a2)
800026f4:	00000793          	li	a5,0
800026f8:	00f62223          	sw	a5,4(a2)
800026fc:	00100713          	li	a4,1
80002700:	00e62423          	sw	a4,8(a2)
80002704:	00000793          	li	a5,0
80002708:	00f62623          	sw	a5,12(a2)
8000270c:	01062823          	sw	a6,16(a2)
80002710:	01162a23          	sw	a7,20(a2)
80002714:	00662c23          	sw	t1,24(a2)
80002718:	00762e23          	sw	t2,28(a2)
8000271c:	0330000f          	fence	rw,rw
80002720:	fffff697          	auipc	a3,0xfffff
80002724:	8e068693          	addi	a3,a3,-1824 # 80001000 <tohost>
80002728:	00c6a023          	sw	a2,0(a3)
8000272c:	00000793          	li	a5,0
80002730:	00f6a223          	sw	a5,4(a3)
80002734:	fffff697          	auipc	a3,0xfffff
80002738:	90c68693          	addi	a3,a3,-1780 # 80001040 <fromhost>
8000273c:	0006a703          	lw	a4,0(a3)
80002740:	0046a783          	lw	a5,4(a3)
80002744:	00f76733          	or	a4,a4,a5
80002748:	fe070ae3          	beqz	a4,8000273c <printstr+0x84>
8000274c:	00000793          	li	a5,0
80002750:	00f6a023          	sw	a5,0(a3)
80002754:	00000813          	li	a6,0
80002758:	0106a223          	sw	a6,4(a3)
8000275c:	0330000f          	fence	rw,rw
80002760:	00062703          	lw	a4,0(a2)
80002764:	00462783          	lw	a5,4(a2)
80002768:	08010113          	addi	sp,sp,128
8000276c:	00008067          	ret
80002770:	00000313          	li	t1,0
80002774:	00000393          	li	t2,0
80002778:	f75ff06f          	j	800026ec <printstr+0x34>

8000277c <thread_entry>:
8000277c:	00051463          	bnez	a0,80002784 <thread_entry+0x8>
80002780:	00008067          	ret
80002784:	0000006f          	j	80002784 <thread_entry+0x8>

80002788 <printhex>:
80002788:	fd010113          	addi	sp,sp,-48
8000278c:	00050713          	mv	a4,a0
80002790:	02112623          	sw	ra,44(sp)
80002794:	00c10513          	addi	a0,sp,12
80002798:	01b10613          	addi	a2,sp,27
8000279c:	00900813          	li	a6,9
800027a0:	0080006f          	j	800027a8 <printhex+0x20>
800027a4:	00078613          	mv	a2,a5
800027a8:	00f77793          	andi	a5,a4,15
800027ac:	00f837b3          	sltu	a5,a6,a5
800027b0:	40f007b3          	neg	a5,a5
800027b4:	0277f793          	andi	a5,a5,39
800027b8:	00f77693          	andi	a3,a4,15
800027bc:	03078793          	addi	a5,a5,48
800027c0:	00f687b3          	add	a5,a3,a5
800027c4:	00f60023          	sb	a5,0(a2)
800027c8:	00475713          	srli	a4,a4,0x4
800027cc:	01c59793          	slli	a5,a1,0x1c
800027d0:	00e7e733          	or	a4,a5,a4
800027d4:	0045d593          	srli	a1,a1,0x4
800027d8:	fff60793          	addi	a5,a2,-1
800027dc:	fcc514e3          	bne	a0,a2,800027a4 <printhex+0x1c>
800027e0:	00010e23          	sb	zero,28(sp)
800027e4:	ed5ff0ef          	jal	800026b8 <printstr>
800027e8:	02c12083          	lw	ra,44(sp)
800027ec:	03010113          	addi	sp,sp,48
800027f0:	00008067          	ret

800027f4 <printf>:
800027f4:	fc010113          	addi	sp,sp,-64
800027f8:	02410313          	addi	t1,sp,36
800027fc:	02b12223          	sw	a1,36(sp)
80002800:	02c12423          	sw	a2,40(sp)
80002804:	02d12623          	sw	a3,44(sp)
80002808:	00050613          	mv	a2,a0
8000280c:	00030693          	mv	a3,t1
80002810:	00000517          	auipc	a0,0x0
80002814:	d0850513          	addi	a0,a0,-760 # 80002518 <putchar>
80002818:	00000593          	li	a1,0
8000281c:	00112e23          	sw	ra,28(sp)
80002820:	02e12823          	sw	a4,48(sp)
80002824:	02f12a23          	sw	a5,52(sp)
80002828:	03012c23          	sw	a6,56(sp)
8000282c:	03112e23          	sw	a7,60(sp)
80002830:	00612623          	sw	t1,12(sp)
80002834:	ffcff0ef          	jal	80002030 <vprintfmt>
80002838:	01c12083          	lw	ra,28(sp)
8000283c:	00000513          	li	a0,0
80002840:	04010113          	addi	sp,sp,64
80002844:	00008067          	ret

80002848 <sprintf>:
80002848:	fb010113          	addi	sp,sp,-80
8000284c:	03810313          	addi	t1,sp,56
80002850:	02812423          	sw	s0,40(sp)
80002854:	00a12623          	sw	a0,12(sp)
80002858:	02c12c23          	sw	a2,56(sp)
8000285c:	02d12e23          	sw	a3,60(sp)
80002860:	00050413          	mv	s0,a0
80002864:	00058613          	mv	a2,a1
80002868:	00000517          	auipc	a0,0x0
8000286c:	c9850513          	addi	a0,a0,-872 # 80002500 <sprintf_putch.0>
80002870:	00c10593          	addi	a1,sp,12
80002874:	00030693          	mv	a3,t1
80002878:	02112623          	sw	ra,44(sp)
8000287c:	04f12223          	sw	a5,68(sp)
80002880:	04e12023          	sw	a4,64(sp)
80002884:	05012423          	sw	a6,72(sp)
80002888:	05112623          	sw	a7,76(sp)
8000288c:	00612e23          	sw	t1,28(sp)
80002890:	fa0ff0ef          	jal	80002030 <vprintfmt>
80002894:	00c12783          	lw	a5,12(sp)
80002898:	00078023          	sb	zero,0(a5)
8000289c:	00c12503          	lw	a0,12(sp)
800028a0:	02c12083          	lw	ra,44(sp)
800028a4:	40850533          	sub	a0,a0,s0
800028a8:	02812403          	lw	s0,40(sp)
800028ac:	05010113          	addi	sp,sp,80
800028b0:	00008067          	ret

800028b4 <memcpy>:
800028b4:	00c5e7b3          	or	a5,a1,a2
800028b8:	00f567b3          	or	a5,a0,a5
800028bc:	0037f793          	andi	a5,a5,3
800028c0:	00058393          	mv	t2,a1
800028c4:	00c506b3          	add	a3,a0,a2
800028c8:	02078463          	beqz	a5,800028f0 <memcpy+0x3c>
800028cc:	00c58633          	add	a2,a1,a2
800028d0:	00050793          	mv	a5,a0
800028d4:	0ad57263          	bgeu	a0,a3,80002978 <memcpy+0xc4>
800028d8:	0005c703          	lbu	a4,0(a1)
800028dc:	00158593          	addi	a1,a1,1
800028e0:	00178793          	addi	a5,a5,1
800028e4:	fee78fa3          	sb	a4,-1(a5)
800028e8:	fec598e3          	bne	a1,a2,800028d8 <memcpy+0x24>
800028ec:	00008067          	ret
800028f0:	02050713          	addi	a4,a0,32
800028f4:	08d77463          	bgeu	a4,a3,8000297c <memcpy+0xc8>
800028f8:	00070793          	mv	a5,a4
800028fc:	0005a283          	lw	t0,0(a1)
80002900:	0045af83          	lw	t6,4(a1)
80002904:	0085af03          	lw	t5,8(a1)
80002908:	00c5ae83          	lw	t4,12(a1)
8000290c:	0105ae03          	lw	t3,16(a1)
80002910:	0145a303          	lw	t1,20(a1)
80002914:	0185a883          	lw	a7,24(a1)
80002918:	01c5a803          	lw	a6,28(a1)
8000291c:	02078793          	addi	a5,a5,32
80002920:	fc57a023          	sw	t0,-64(a5)
80002924:	fdf7a223          	sw	t6,-60(a5)
80002928:	fde7a423          	sw	t5,-56(a5)
8000292c:	fdd7a623          	sw	t4,-52(a5)
80002930:	fdc7a823          	sw	t3,-48(a5)
80002934:	fc67aa23          	sw	t1,-44(a5)
80002938:	fd17ac23          	sw	a7,-40(a5)
8000293c:	fd07ae23          	sw	a6,-36(a5)
80002940:	02058593          	addi	a1,a1,32
80002944:	fad7ece3          	bltu	a5,a3,800028fc <memcpy+0x48>
80002948:	fdf60613          	addi	a2,a2,-33
8000294c:	fe067613          	andi	a2,a2,-32
80002950:	02038393          	addi	t2,t2,32
80002954:	00c707b3          	add	a5,a4,a2
80002958:	00c385b3          	add	a1,t2,a2
8000295c:	f8d7f8e3          	bgeu	a5,a3,800028ec <memcpy+0x38>
80002960:	0005a703          	lw	a4,0(a1)
80002964:	00478793          	addi	a5,a5,4
80002968:	00458593          	addi	a1,a1,4
8000296c:	fee7ae23          	sw	a4,-4(a5)
80002970:	fed7e8e3          	bltu	a5,a3,80002960 <memcpy+0xac>
80002974:	00008067          	ret
80002978:	00008067          	ret
8000297c:	00050793          	mv	a5,a0
80002980:	fddff06f          	j	8000295c <memcpy+0xa8>

80002984 <memset>:
80002984:	ff010113          	addi	sp,sp,-16
80002988:	00c567b3          	or	a5,a0,a2
8000298c:	00812423          	sw	s0,8(sp)
80002990:	00112623          	sw	ra,12(sp)
80002994:	0037f793          	andi	a5,a5,3
80002998:	00050413          	mv	s0,a0
8000299c:	00c50733          	add	a4,a0,a2
800029a0:	02078263          	beqz	a5,800029c4 <memset+0x40>
800029a4:	00e57663          	bgeu	a0,a4,800029b0 <memset+0x2c>
800029a8:	0ff5f593          	zext.b	a1,a1
800029ac:	fd9ff0ef          	jal	80002984 <memset>
800029b0:	00c12083          	lw	ra,12(sp)
800029b4:	00040513          	mv	a0,s0
800029b8:	00812403          	lw	s0,8(sp)
800029bc:	01010113          	addi	sp,sp,16
800029c0:	00008067          	ret
800029c4:	0ff5f593          	zext.b	a1,a1
800029c8:	00859693          	slli	a3,a1,0x8
800029cc:	00b686b3          	add	a3,a3,a1
800029d0:	01069793          	slli	a5,a3,0x10
800029d4:	00f686b3          	add	a3,a3,a5
800029d8:	fce57ce3          	bgeu	a0,a4,800029b0 <memset+0x2c>
800029dc:	00050793          	mv	a5,a0
800029e0:	00478793          	addi	a5,a5,4
800029e4:	fed7ae23          	sw	a3,-4(a5)
800029e8:	fee7ece3          	bltu	a5,a4,800029e0 <memset+0x5c>
800029ec:	00c12083          	lw	ra,12(sp)
800029f0:	00040513          	mv	a0,s0
800029f4:	00812403          	lw	s0,8(sp)
800029f8:	01010113          	addi	sp,sp,16
800029fc:	00008067          	ret

80002a00 <_init>:
80002a00:	f6010113          	addi	sp,sp,-160
80002a04:	00002797          	auipc	a5,0x2
80002a08:	02c78793          	addi	a5,a5,44 # 80004a30 <_tdata_begin>
80002a0c:	09312623          	sw	s3,140(sp)
80002a10:	00002997          	auipc	s3,0x2
80002a14:	02098993          	addi	s3,s3,32 # 80004a30 <_tdata_begin>
80002a18:	09412423          	sw	s4,136(sp)
80002a1c:	40f98a33          	sub	s4,s3,a5
80002a20:	08912a23          	sw	s1,148(sp)
80002a24:	09212823          	sw	s2,144(sp)
80002a28:	00050493          	mv	s1,a0
80002a2c:	00058913          	mv	s2,a1
80002a30:	00020513          	mv	a0,tp
80002a34:	00078593          	mv	a1,a5
80002a38:	000a0613          	mv	a2,s4
80002a3c:	08112e23          	sw	ra,156(sp)
80002a40:	08812c23          	sw	s0,152(sp)
80002a44:	09512223          	sw	s5,132(sp)
80002a48:	00020a93          	mv	s5,tp
80002a4c:	e69ff0ef          	jal	800028b4 <memcpy>
80002a50:	86418613          	addi	a2,gp,-1948 # 80004a84 <_tbss_end>
80002a54:	41360633          	sub	a2,a2,s3
80002a58:	00000593          	li	a1,0
80002a5c:	014a8533          	add	a0,s5,s4
80002a60:	f25ff0ef          	jal	80002984 <memset>
80002a64:	00090593          	mv	a1,s2
80002a68:	00048513          	mv	a0,s1
80002a6c:	d11ff0ef          	jal	8000277c <thread_entry>
80002a70:	00000593          	li	a1,0
80002a74:	00000513          	li	a0,0
80002a78:	535000ef          	jal	800037ac <main>
80002a7c:	00002917          	auipc	s2,0x2
80002a80:	fac90913          	addi	s2,s2,-84 # 80004a28 <counters>
80002a84:	00092683          	lw	a3,0(s2)
80002a88:	03f10413          	addi	s0,sp,63
80002a8c:	fc047413          	andi	s0,s0,-64
80002a90:	00050493          	mv	s1,a0
80002a94:	04069463          	bnez	a3,80002adc <_init+0xdc>
80002a98:	00492683          	lw	a3,4(s2)
80002a9c:	00069663          	bnez	a3,80002aa8 <_init+0xa8>
80002aa0:	00048513          	mv	a0,s1
80002aa4:	badff0ef          	jal	80002650 <tohost_exit>
80002aa8:	00040913          	mv	s2,s0
80002aac:	00002997          	auipc	s3,0x2
80002ab0:	f7498993          	addi	s3,s3,-140 # 80004a20 <counter_names>
80002ab4:	0049a603          	lw	a2,4(s3)
80002ab8:	00090513          	mv	a0,s2
80002abc:	00001597          	auipc	a1,0x1
80002ac0:	e3c58593          	addi	a1,a1,-452 # 800038f8 <main+0x14c>
80002ac4:	d85ff0ef          	jal	80002848 <sprintf>
80002ac8:	00a90933          	add	s2,s2,a0
80002acc:	fd240ae3          	beq	s0,s2,80002aa0 <_init+0xa0>
80002ad0:	00040513          	mv	a0,s0
80002ad4:	be5ff0ef          	jal	800026b8 <printstr>
80002ad8:	fc9ff06f          	j	80002aa0 <_init+0xa0>
80002adc:	00002997          	auipc	s3,0x2
80002ae0:	f4498993          	addi	s3,s3,-188 # 80004a20 <counter_names>
80002ae4:	0009a603          	lw	a2,0(s3)
80002ae8:	00001597          	auipc	a1,0x1
80002aec:	e1058593          	addi	a1,a1,-496 # 800038f8 <main+0x14c>
80002af0:	00040513          	mv	a0,s0
80002af4:	d55ff0ef          	jal	80002848 <sprintf>
80002af8:	00492683          	lw	a3,4(s2)
80002afc:	00a40933          	add	s2,s0,a0
80002b00:	fc0686e3          	beqz	a3,80002acc <_init+0xcc>
80002b04:	fb1ff06f          	j	80002ab4 <_init+0xb4>

80002b08 <strlen>:
80002b08:	00054783          	lbu	a5,0(a0)
80002b0c:	00078e63          	beqz	a5,80002b28 <strlen+0x20>
80002b10:	00050793          	mv	a5,a0
80002b14:	0017c703          	lbu	a4,1(a5)
80002b18:	00178793          	addi	a5,a5,1
80002b1c:	fe071ce3          	bnez	a4,80002b14 <strlen+0xc>
80002b20:	40a78533          	sub	a0,a5,a0
80002b24:	00008067          	ret
80002b28:	00000513          	li	a0,0
80002b2c:	00008067          	ret

80002b30 <strnlen>:
80002b30:	00b506b3          	add	a3,a0,a1
80002b34:	00050793          	mv	a5,a0
80002b38:	00059863          	bnez	a1,80002b48 <strnlen+0x18>
80002b3c:	01c0006f          	j	80002b58 <strnlen+0x28>
80002b40:	00178793          	addi	a5,a5,1
80002b44:	00d78663          	beq	a5,a3,80002b50 <strnlen+0x20>
80002b48:	0007c703          	lbu	a4,0(a5)
80002b4c:	fe071ae3          	bnez	a4,80002b40 <strnlen+0x10>
80002b50:	40a78533          	sub	a0,a5,a0
80002b54:	00008067          	ret
80002b58:	00000513          	li	a0,0
80002b5c:	00008067          	ret

80002b60 <strcmp>:
80002b60:	00054783          	lbu	a5,0(a0)
80002b64:	00150513          	addi	a0,a0,1
80002b68:	00158593          	addi	a1,a1,1
80002b6c:	fff5c703          	lbu	a4,-1(a1)
80002b70:	00078863          	beqz	a5,80002b80 <strcmp+0x20>
80002b74:	fee786e3          	beq	a5,a4,80002b60 <strcmp>
80002b78:	40e78533          	sub	a0,a5,a4
80002b7c:	00008067          	ret
80002b80:	00000793          	li	a5,0
80002b84:	ff5ff06f          	j	80002b78 <strcmp+0x18>

80002b88 <strcpy>:
80002b88:	00050793          	mv	a5,a0
80002b8c:	0005c703          	lbu	a4,0(a1)
80002b90:	00158593          	addi	a1,a1,1
80002b94:	00178793          	addi	a5,a5,1
80002b98:	fee78fa3          	sb	a4,-1(a5)
80002b9c:	fe0718e3          	bnez	a4,80002b8c <strcpy+0x4>
80002ba0:	00008067          	ret

80002ba4 <atol>:
80002ba4:	00054703          	lbu	a4,0(a0)
80002ba8:	02000693          	li	a3,32
80002bac:	00050793          	mv	a5,a0
80002bb0:	00d71a63          	bne	a4,a3,80002bc4 <atol+0x20>
80002bb4:	00070693          	mv	a3,a4
80002bb8:	0017c703          	lbu	a4,1(a5)
80002bbc:	00178793          	addi	a5,a5,1
80002bc0:	fed70ce3          	beq	a4,a3,80002bb8 <atol+0x14>
80002bc4:	02d00693          	li	a3,45
80002bc8:	04d70e63          	beq	a4,a3,80002c24 <atol+0x80>
80002bcc:	02b00693          	li	a3,43
80002bd0:	04d70063          	beq	a4,a3,80002c10 <atol+0x6c>
80002bd4:	0007c683          	lbu	a3,0(a5)
80002bd8:	00000593          	li	a1,0
80002bdc:	04068c63          	beqz	a3,80002c34 <atol+0x90>
80002be0:	00000513          	li	a0,0
80002be4:	00178793          	addi	a5,a5,1
80002be8:	fd068613          	addi	a2,a3,-48
80002bec:	00251713          	slli	a4,a0,0x2
80002bf0:	0007c683          	lbu	a3,0(a5)
80002bf4:	00a70733          	add	a4,a4,a0
80002bf8:	00171713          	slli	a4,a4,0x1
80002bfc:	00e60533          	add	a0,a2,a4
80002c00:	fe0692e3          	bnez	a3,80002be4 <atol+0x40>
80002c04:	02058a63          	beqz	a1,80002c38 <atol+0x94>
80002c08:	40a00533          	neg	a0,a0
80002c0c:	00008067          	ret
80002c10:	0017c683          	lbu	a3,1(a5)
80002c14:	00178793          	addi	a5,a5,1
80002c18:	00068e63          	beqz	a3,80002c34 <atol+0x90>
80002c1c:	00000593          	li	a1,0
80002c20:	fc1ff06f          	j	80002be0 <atol+0x3c>
80002c24:	0017c683          	lbu	a3,1(a5)
80002c28:	00100593          	li	a1,1
80002c2c:	00b787b3          	add	a5,a5,a1
80002c30:	fa0698e3          	bnez	a3,80002be0 <atol+0x3c>
80002c34:	00000513          	li	a0,0
80002c38:	00008067          	ret

80002c3c <__udivdi3>:
80002c3c:	fd010113          	addi	sp,sp,-48
80002c40:	01412c23          	sw	s4,24(sp)
80002c44:	02112623          	sw	ra,44(sp)
80002c48:	02812423          	sw	s0,40(sp)
80002c4c:	02912223          	sw	s1,36(sp)
80002c50:	03212023          	sw	s2,32(sp)
80002c54:	01312e23          	sw	s3,28(sp)
80002c58:	01512a23          	sw	s5,20(sp)
80002c5c:	01612823          	sw	s6,16(sp)
80002c60:	01712623          	sw	s7,12(sp)
80002c64:	01812423          	sw	s8,8(sp)
80002c68:	01912223          	sw	s9,4(sp)
80002c6c:	01a12023          	sw	s10,0(sp)
80002c70:	00050a13          	mv	s4,a0
80002c74:	38069663          	bnez	a3,80003000 <__udivdi3+0x3c4>
80002c78:	800047b7          	lui	a5,0x80004
80002c7c:	00060993          	mv	s3,a2
80002c80:	00050493          	mv	s1,a0
80002c84:	a5c78793          	addi	a5,a5,-1444 # 80003a5c <__clz_tab>
80002c88:	12c5f863          	bgeu	a1,a2,80002db8 <__udivdi3+0x17c>
80002c8c:	00010737          	lui	a4,0x10
80002c90:	00058913          	mv	s2,a1
80002c94:	10e67863          	bgeu	a2,a4,80002da4 <__udivdi3+0x168>
80002c98:	10063713          	sltiu	a4,a2,256
80002c9c:	00173713          	seqz	a4,a4
80002ca0:	00371713          	slli	a4,a4,0x3
80002ca4:	00e656b3          	srl	a3,a2,a4
80002ca8:	00d787b3          	add	a5,a5,a3
80002cac:	0007c783          	lbu	a5,0(a5)
80002cb0:	02000693          	li	a3,32
80002cb4:	00e787b3          	add	a5,a5,a4
80002cb8:	40f68733          	sub	a4,a3,a5
80002cbc:	00f68c63          	beq	a3,a5,80002cd4 <__udivdi3+0x98>
80002cc0:	00e59933          	sll	s2,a1,a4
80002cc4:	00fa57b3          	srl	a5,s4,a5
80002cc8:	00e619b3          	sll	s3,a2,a4
80002ccc:	0127e933          	or	s2,a5,s2
80002cd0:	00ea14b3          	sll	s1,s4,a4
80002cd4:	0109da93          	srli	s5,s3,0x10
80002cd8:	000a8593          	mv	a1,s5
80002cdc:	00090513          	mv	a0,s2
80002ce0:	01099b13          	slli	s6,s3,0x10
80002ce4:	21d000ef          	jal	80003700 <__hidden___udivsi3>
80002ce8:	010b5b13          	srli	s6,s6,0x10
80002cec:	00050593          	mv	a1,a0
80002cf0:	00050a13          	mv	s4,a0
80002cf4:	000b0513          	mv	a0,s6
80002cf8:	1dd000ef          	jal	800036d4 <__mulsi3>
80002cfc:	00050413          	mv	s0,a0
80002d00:	000a8593          	mv	a1,s5
80002d04:	00090513          	mv	a0,s2
80002d08:	241000ef          	jal	80003748 <__umodsi3>
80002d0c:	01051513          	slli	a0,a0,0x10
80002d10:	0104d713          	srli	a4,s1,0x10
80002d14:	00a76733          	or	a4,a4,a0
80002d18:	000a0913          	mv	s2,s4
80002d1c:	00877e63          	bgeu	a4,s0,80002d38 <__udivdi3+0xfc>
80002d20:	00e98733          	add	a4,s3,a4
80002d24:	fffa0913          	addi	s2,s4,-1
80002d28:	01376863          	bltu	a4,s3,80002d38 <__udivdi3+0xfc>
80002d2c:	00877663          	bgeu	a4,s0,80002d38 <__udivdi3+0xfc>
80002d30:	ffea0913          	addi	s2,s4,-2
80002d34:	01370733          	add	a4,a4,s3
80002d38:	40870433          	sub	s0,a4,s0
80002d3c:	000a8593          	mv	a1,s5
80002d40:	00040513          	mv	a0,s0
80002d44:	1bd000ef          	jal	80003700 <__hidden___udivsi3>
80002d48:	00050593          	mv	a1,a0
80002d4c:	00050a13          	mv	s4,a0
80002d50:	000b0513          	mv	a0,s6
80002d54:	181000ef          	jal	800036d4 <__mulsi3>
80002d58:	00050b13          	mv	s6,a0
80002d5c:	000a8593          	mv	a1,s5
80002d60:	00040513          	mv	a0,s0
80002d64:	1e5000ef          	jal	80003748 <__umodsi3>
80002d68:	01049493          	slli	s1,s1,0x10
80002d6c:	01051513          	slli	a0,a0,0x10
80002d70:	0104d493          	srli	s1,s1,0x10
80002d74:	00a4e4b3          	or	s1,s1,a0
80002d78:	000a0713          	mv	a4,s4
80002d7c:	0164fc63          	bgeu	s1,s6,80002d94 <__udivdi3+0x158>
80002d80:	009984b3          	add	s1,s3,s1
80002d84:	fffa0713          	addi	a4,s4,-1
80002d88:	0134e663          	bltu	s1,s3,80002d94 <__udivdi3+0x158>
80002d8c:	0164f463          	bgeu	s1,s6,80002d94 <__udivdi3+0x158>
80002d90:	ffea0713          	addi	a4,s4,-2
80002d94:	01091793          	slli	a5,s2,0x10
80002d98:	00e7e7b3          	or	a5,a5,a4
80002d9c:	00000913          	li	s2,0
80002da0:	1200006f          	j	80002ec0 <__udivdi3+0x284>
80002da4:	010006b7          	lui	a3,0x1000
80002da8:	01800713          	li	a4,24
80002dac:	eed67ce3          	bgeu	a2,a3,80002ca4 <__udivdi3+0x68>
80002db0:	01000713          	li	a4,16
80002db4:	ef1ff06f          	j	80002ca4 <__udivdi3+0x68>
80002db8:	00000713          	li	a4,0
80002dbc:	00060c63          	beqz	a2,80002dd4 <__udivdi3+0x198>
80002dc0:	00010737          	lui	a4,0x10
80002dc4:	12e67e63          	bgeu	a2,a4,80002f00 <__udivdi3+0x2c4>
80002dc8:	10063713          	sltiu	a4,a2,256
80002dcc:	00173713          	seqz	a4,a4
80002dd0:	00371713          	slli	a4,a4,0x3
80002dd4:	00e656b3          	srl	a3,a2,a4
80002dd8:	00d787b3          	add	a5,a5,a3
80002ddc:	0007c783          	lbu	a5,0(a5)
80002de0:	02000693          	li	a3,32
80002de4:	00e787b3          	add	a5,a5,a4
80002de8:	40f68733          	sub	a4,a3,a5
80002dec:	12f69463          	bne	a3,a5,80002f14 <__udivdi3+0x2d8>
80002df0:	40c58a33          	sub	s4,a1,a2
80002df4:	00100913          	li	s2,1
80002df8:	0109db13          	srli	s6,s3,0x10
80002dfc:	000b0593          	mv	a1,s6
80002e00:	000a0513          	mv	a0,s4
80002e04:	01099b93          	slli	s7,s3,0x10
80002e08:	0f9000ef          	jal	80003700 <__hidden___udivsi3>
80002e0c:	010bdb93          	srli	s7,s7,0x10
80002e10:	00050593          	mv	a1,a0
80002e14:	00050c13          	mv	s8,a0
80002e18:	000b8513          	mv	a0,s7
80002e1c:	0b9000ef          	jal	800036d4 <__mulsi3>
80002e20:	00050a93          	mv	s5,a0
80002e24:	000b0593          	mv	a1,s6
80002e28:	000a0513          	mv	a0,s4
80002e2c:	11d000ef          	jal	80003748 <__umodsi3>
80002e30:	01051513          	slli	a0,a0,0x10
80002e34:	0104d713          	srli	a4,s1,0x10
80002e38:	00a76733          	or	a4,a4,a0
80002e3c:	000c0a13          	mv	s4,s8
80002e40:	01577e63          	bgeu	a4,s5,80002e5c <__udivdi3+0x220>
80002e44:	00e98733          	add	a4,s3,a4
80002e48:	fffc0a13          	addi	s4,s8,-1
80002e4c:	01376863          	bltu	a4,s3,80002e5c <__udivdi3+0x220>
80002e50:	01577663          	bgeu	a4,s5,80002e5c <__udivdi3+0x220>
80002e54:	ffec0a13          	addi	s4,s8,-2
80002e58:	01370733          	add	a4,a4,s3
80002e5c:	41570433          	sub	s0,a4,s5
80002e60:	000b0593          	mv	a1,s6
80002e64:	00040513          	mv	a0,s0
80002e68:	099000ef          	jal	80003700 <__hidden___udivsi3>
80002e6c:	00050593          	mv	a1,a0
80002e70:	00050a93          	mv	s5,a0
80002e74:	000b8513          	mv	a0,s7
80002e78:	05d000ef          	jal	800036d4 <__mulsi3>
80002e7c:	00050b93          	mv	s7,a0
80002e80:	000b0593          	mv	a1,s6
80002e84:	00040513          	mv	a0,s0
80002e88:	0c1000ef          	jal	80003748 <__umodsi3>
80002e8c:	01049493          	slli	s1,s1,0x10
80002e90:	01051513          	slli	a0,a0,0x10
80002e94:	0104d493          	srli	s1,s1,0x10
80002e98:	00a4e4b3          	or	s1,s1,a0
80002e9c:	000a8713          	mv	a4,s5
80002ea0:	0174fc63          	bgeu	s1,s7,80002eb8 <__udivdi3+0x27c>
80002ea4:	009984b3          	add	s1,s3,s1
80002ea8:	fffa8713          	addi	a4,s5,-1
80002eac:	0134e663          	bltu	s1,s3,80002eb8 <__udivdi3+0x27c>
80002eb0:	0174f463          	bgeu	s1,s7,80002eb8 <__udivdi3+0x27c>
80002eb4:	ffea8713          	addi	a4,s5,-2
80002eb8:	010a1793          	slli	a5,s4,0x10
80002ebc:	00e7e7b3          	or	a5,a5,a4
80002ec0:	02c12083          	lw	ra,44(sp)
80002ec4:	02812403          	lw	s0,40(sp)
80002ec8:	02412483          	lw	s1,36(sp)
80002ecc:	01c12983          	lw	s3,28(sp)
80002ed0:	01812a03          	lw	s4,24(sp)
80002ed4:	01412a83          	lw	s5,20(sp)
80002ed8:	01012b03          	lw	s6,16(sp)
80002edc:	00c12b83          	lw	s7,12(sp)
80002ee0:	00812c03          	lw	s8,8(sp)
80002ee4:	00412c83          	lw	s9,4(sp)
80002ee8:	00012d03          	lw	s10,0(sp)
80002eec:	00090593          	mv	a1,s2
80002ef0:	00078513          	mv	a0,a5
80002ef4:	02012903          	lw	s2,32(sp)
80002ef8:	03010113          	addi	sp,sp,48
80002efc:	00008067          	ret
80002f00:	010006b7          	lui	a3,0x1000
80002f04:	01800713          	li	a4,24
80002f08:	ecd676e3          	bgeu	a2,a3,80002dd4 <__udivdi3+0x198>
80002f0c:	01000713          	li	a4,16
80002f10:	ec5ff06f          	j	80002dd4 <__udivdi3+0x198>
80002f14:	00e619b3          	sll	s3,a2,a4
80002f18:	00f5d933          	srl	s2,a1,a5
80002f1c:	0109db93          	srli	s7,s3,0x10
80002f20:	00e595b3          	sll	a1,a1,a4
80002f24:	00fa57b3          	srl	a5,s4,a5
80002f28:	00b7eab3          	or	s5,a5,a1
80002f2c:	00ea14b3          	sll	s1,s4,a4
80002f30:	000b8593          	mv	a1,s7
80002f34:	00090513          	mv	a0,s2
80002f38:	01099a13          	slli	s4,s3,0x10
80002f3c:	7c4000ef          	jal	80003700 <__hidden___udivsi3>
80002f40:	010a5a13          	srli	s4,s4,0x10
80002f44:	00050593          	mv	a1,a0
80002f48:	00050b13          	mv	s6,a0
80002f4c:	000a0513          	mv	a0,s4
80002f50:	784000ef          	jal	800036d4 <__mulsi3>
80002f54:	00050413          	mv	s0,a0
80002f58:	000b8593          	mv	a1,s7
80002f5c:	00090513          	mv	a0,s2
80002f60:	7e8000ef          	jal	80003748 <__umodsi3>
80002f64:	01051513          	slli	a0,a0,0x10
80002f68:	010ad713          	srli	a4,s5,0x10
80002f6c:	00a76733          	or	a4,a4,a0
80002f70:	000b0913          	mv	s2,s6
80002f74:	00877e63          	bgeu	a4,s0,80002f90 <__udivdi3+0x354>
80002f78:	00e98733          	add	a4,s3,a4
80002f7c:	fffb0913          	addi	s2,s6,-1
80002f80:	01376863          	bltu	a4,s3,80002f90 <__udivdi3+0x354>
80002f84:	00877663          	bgeu	a4,s0,80002f90 <__udivdi3+0x354>
80002f88:	ffeb0913          	addi	s2,s6,-2
80002f8c:	01370733          	add	a4,a4,s3
80002f90:	40870433          	sub	s0,a4,s0
80002f94:	000b8593          	mv	a1,s7
80002f98:	00040513          	mv	a0,s0
80002f9c:	764000ef          	jal	80003700 <__hidden___udivsi3>
80002fa0:	00050593          	mv	a1,a0
80002fa4:	00050b13          	mv	s6,a0
80002fa8:	000a0513          	mv	a0,s4
80002fac:	728000ef          	jal	800036d4 <__mulsi3>
80002fb0:	00050a13          	mv	s4,a0
80002fb4:	000b8593          	mv	a1,s7
80002fb8:	00040513          	mv	a0,s0
80002fbc:	78c000ef          	jal	80003748 <__umodsi3>
80002fc0:	010a9793          	slli	a5,s5,0x10
80002fc4:	01051513          	slli	a0,a0,0x10
80002fc8:	0107d793          	srli	a5,a5,0x10
80002fcc:	00a7e7b3          	or	a5,a5,a0
80002fd0:	000b0713          	mv	a4,s6
80002fd4:	0147fe63          	bgeu	a5,s4,80002ff0 <__udivdi3+0x3b4>
80002fd8:	00f987b3          	add	a5,s3,a5
80002fdc:	fffb0713          	addi	a4,s6,-1
80002fe0:	0137e863          	bltu	a5,s3,80002ff0 <__udivdi3+0x3b4>
80002fe4:	0147f663          	bgeu	a5,s4,80002ff0 <__udivdi3+0x3b4>
80002fe8:	ffeb0713          	addi	a4,s6,-2
80002fec:	013787b3          	add	a5,a5,s3
80002ff0:	01091913          	slli	s2,s2,0x10
80002ff4:	41478a33          	sub	s4,a5,s4
80002ff8:	00e96933          	or	s2,s2,a4
80002ffc:	dfdff06f          	j	80002df8 <__udivdi3+0x1bc>
80003000:	1ed5ec63          	bltu	a1,a3,800031f8 <__udivdi3+0x5bc>
80003004:	000107b7          	lui	a5,0x10
80003008:	04f6f463          	bgeu	a3,a5,80003050 <__udivdi3+0x414>
8000300c:	1006b713          	sltiu	a4,a3,256
80003010:	00173713          	seqz	a4,a4
80003014:	00371713          	slli	a4,a4,0x3
80003018:	800047b7          	lui	a5,0x80004
8000301c:	00e6d533          	srl	a0,a3,a4
80003020:	a5c78793          	addi	a5,a5,-1444 # 80003a5c <__clz_tab>
80003024:	00a787b3          	add	a5,a5,a0
80003028:	0007c803          	lbu	a6,0(a5)
8000302c:	02000793          	li	a5,32
80003030:	00e80833          	add	a6,a6,a4
80003034:	41078933          	sub	s2,a5,a6
80003038:	03079663          	bne	a5,a6,80003064 <__udivdi3+0x428>
8000303c:	00100793          	li	a5,1
80003040:	e8b6e0e3          	bltu	a3,a1,80002ec0 <__udivdi3+0x284>
80003044:	00ca37b3          	sltu	a5,s4,a2
80003048:	0017b793          	seqz	a5,a5
8000304c:	e75ff06f          	j	80002ec0 <__udivdi3+0x284>
80003050:	010007b7          	lui	a5,0x1000
80003054:	01800713          	li	a4,24
80003058:	fcf6f0e3          	bgeu	a3,a5,80003018 <__udivdi3+0x3dc>
8000305c:	01000713          	li	a4,16
80003060:	fb9ff06f          	j	80003018 <__udivdi3+0x3dc>
80003064:	012696b3          	sll	a3,a3,s2
80003068:	01065ab3          	srl	s5,a2,a6
8000306c:	00daeab3          	or	s5,s5,a3
80003070:	0105d9b3          	srl	s3,a1,a6
80003074:	010adc13          	srli	s8,s5,0x10
80003078:	010a5833          	srl	a6,s4,a6
8000307c:	012595b3          	sll	a1,a1,s2
80003080:	00b864b3          	or	s1,a6,a1
80003084:	010a9b93          	slli	s7,s5,0x10
80003088:	000c0593          	mv	a1,s8
8000308c:	00098513          	mv	a0,s3
80003090:	01261433          	sll	s0,a2,s2
80003094:	010bdb93          	srli	s7,s7,0x10
80003098:	668000ef          	jal	80003700 <__hidden___udivsi3>
8000309c:	00050593          	mv	a1,a0
800030a0:	00050d13          	mv	s10,a0
800030a4:	000b8513          	mv	a0,s7
800030a8:	62c000ef          	jal	800036d4 <__mulsi3>
800030ac:	00050c93          	mv	s9,a0
800030b0:	000c0593          	mv	a1,s8
800030b4:	00098513          	mv	a0,s3
800030b8:	690000ef          	jal	80003748 <__umodsi3>
800030bc:	01051513          	slli	a0,a0,0x10
800030c0:	0104d693          	srli	a3,s1,0x10
800030c4:	00a6e6b3          	or	a3,a3,a0
800030c8:	000d0b13          	mv	s6,s10
800030cc:	0196fe63          	bgeu	a3,s9,800030e8 <__udivdi3+0x4ac>
800030d0:	00da86b3          	add	a3,s5,a3
800030d4:	fffd0b13          	addi	s6,s10,-1
800030d8:	0156e863          	bltu	a3,s5,800030e8 <__udivdi3+0x4ac>
800030dc:	0196f663          	bgeu	a3,s9,800030e8 <__udivdi3+0x4ac>
800030e0:	ffed0b13          	addi	s6,s10,-2
800030e4:	015686b3          	add	a3,a3,s5
800030e8:	419689b3          	sub	s3,a3,s9
800030ec:	000c0593          	mv	a1,s8
800030f0:	00098513          	mv	a0,s3
800030f4:	60c000ef          	jal	80003700 <__hidden___udivsi3>
800030f8:	00050593          	mv	a1,a0
800030fc:	00050c93          	mv	s9,a0
80003100:	000b8513          	mv	a0,s7
80003104:	5d0000ef          	jal	800036d4 <__mulsi3>
80003108:	00050b93          	mv	s7,a0
8000310c:	000c0593          	mv	a1,s8
80003110:	00098513          	mv	a0,s3
80003114:	634000ef          	jal	80003748 <__umodsi3>
80003118:	01049713          	slli	a4,s1,0x10
8000311c:	01051513          	slli	a0,a0,0x10
80003120:	01075713          	srli	a4,a4,0x10
80003124:	00a76733          	or	a4,a4,a0
80003128:	000c8693          	mv	a3,s9
8000312c:	01777e63          	bgeu	a4,s7,80003148 <__udivdi3+0x50c>
80003130:	00ea8733          	add	a4,s5,a4
80003134:	fffc8693          	addi	a3,s9,-1
80003138:	01576863          	bltu	a4,s5,80003148 <__udivdi3+0x50c>
8000313c:	01777663          	bgeu	a4,s7,80003148 <__udivdi3+0x50c>
80003140:	ffec8693          	addi	a3,s9,-2
80003144:	01570733          	add	a4,a4,s5
80003148:	010b1793          	slli	a5,s6,0x10
8000314c:	01069813          	slli	a6,a3,0x10
80003150:	01041313          	slli	t1,s0,0x10
80003154:	00d7e7b3          	or	a5,a5,a3
80003158:	01085813          	srli	a6,a6,0x10
8000315c:	01035313          	srli	t1,t1,0x10
80003160:	41770733          	sub	a4,a4,s7
80003164:	0107de13          	srli	t3,a5,0x10
80003168:	01045413          	srli	s0,s0,0x10
8000316c:	00080513          	mv	a0,a6
80003170:	00030593          	mv	a1,t1
80003174:	560000ef          	jal	800036d4 <__mulsi3>
80003178:	00050893          	mv	a7,a0
8000317c:	00040593          	mv	a1,s0
80003180:	00080513          	mv	a0,a6
80003184:	550000ef          	jal	800036d4 <__mulsi3>
80003188:	00050813          	mv	a6,a0
8000318c:	00030593          	mv	a1,t1
80003190:	000e0513          	mv	a0,t3
80003194:	540000ef          	jal	800036d4 <__mulsi3>
80003198:	00050313          	mv	t1,a0
8000319c:	00040593          	mv	a1,s0
800031a0:	000e0513          	mv	a0,t3
800031a4:	530000ef          	jal	800036d4 <__mulsi3>
800031a8:	0108d693          	srli	a3,a7,0x10
800031ac:	00680833          	add	a6,a6,t1
800031b0:	010686b3          	add	a3,a3,a6
800031b4:	00050613          	mv	a2,a0
800031b8:	0066f663          	bgeu	a3,t1,800031c4 <__udivdi3+0x588>
800031bc:	000105b7          	lui	a1,0x10
800031c0:	00b50633          	add	a2,a0,a1
800031c4:	0106d593          	srli	a1,a3,0x10
800031c8:	00c58633          	add	a2,a1,a2
800031cc:	02c76263          	bltu	a4,a2,800031f0 <__udivdi3+0x5b4>
800031d0:	bcc716e3          	bne	a4,a2,80002d9c <__udivdi3+0x160>
800031d4:	01089893          	slli	a7,a7,0x10
800031d8:	01069693          	slli	a3,a3,0x10
800031dc:	0108d893          	srli	a7,a7,0x10
800031e0:	012a1733          	sll	a4,s4,s2
800031e4:	011686b3          	add	a3,a3,a7
800031e8:	00000913          	li	s2,0
800031ec:	ccd77ae3          	bgeu	a4,a3,80002ec0 <__udivdi3+0x284>
800031f0:	fff78793          	addi	a5,a5,-1 # ffffff <buflen.1+0xffffbf>
800031f4:	ba9ff06f          	j	80002d9c <__udivdi3+0x160>
800031f8:	00000913          	li	s2,0
800031fc:	00000793          	li	a5,0
80003200:	cc1ff06f          	j	80002ec0 <__udivdi3+0x284>

80003204 <__umoddi3>:
80003204:	fd010113          	addi	sp,sp,-48
80003208:	02812423          	sw	s0,40(sp)
8000320c:	02912223          	sw	s1,36(sp)
80003210:	02112623          	sw	ra,44(sp)
80003214:	03212023          	sw	s2,32(sp)
80003218:	01312e23          	sw	s3,28(sp)
8000321c:	01412c23          	sw	s4,24(sp)
80003220:	01512a23          	sw	s5,20(sp)
80003224:	01612823          	sw	s6,16(sp)
80003228:	01712623          	sw	s7,12(sp)
8000322c:	01812423          	sw	s8,8(sp)
80003230:	01912223          	sw	s9,4(sp)
80003234:	01a12023          	sw	s10,0(sp)
80003238:	00050413          	mv	s0,a0
8000323c:	00058493          	mv	s1,a1
80003240:	24069c63          	bnez	a3,80003498 <__umoddi3+0x294>
80003244:	800047b7          	lui	a5,0x80004
80003248:	00060993          	mv	s3,a2
8000324c:	a5c78793          	addi	a5,a5,-1444 # 80003a5c <__clz_tab>
80003250:	12c5fe63          	bgeu	a1,a2,8000338c <__umoddi3+0x188>
80003254:	00010737          	lui	a4,0x10
80003258:	12e67063          	bgeu	a2,a4,80003378 <__umoddi3+0x174>
8000325c:	10063713          	sltiu	a4,a2,256
80003260:	00173713          	seqz	a4,a4
80003264:	00371713          	slli	a4,a4,0x3
80003268:	00e656b3          	srl	a3,a2,a4
8000326c:	00d787b3          	add	a5,a5,a3
80003270:	0007c783          	lbu	a5,0(a5)
80003274:	00e787b3          	add	a5,a5,a4
80003278:	02000713          	li	a4,32
8000327c:	40f70933          	sub	s2,a4,a5
80003280:	00f70c63          	beq	a4,a5,80003298 <__umoddi3+0x94>
80003284:	012594b3          	sll	s1,a1,s2
80003288:	00f557b3          	srl	a5,a0,a5
8000328c:	012619b3          	sll	s3,a2,s2
80003290:	0097e4b3          	or	s1,a5,s1
80003294:	01251433          	sll	s0,a0,s2
80003298:	0109da93          	srli	s5,s3,0x10
8000329c:	000a8593          	mv	a1,s5
800032a0:	01099b13          	slli	s6,s3,0x10
800032a4:	00048513          	mv	a0,s1
800032a8:	458000ef          	jal	80003700 <__hidden___udivsi3>
800032ac:	010b5b13          	srli	s6,s6,0x10
800032b0:	000b0593          	mv	a1,s6
800032b4:	420000ef          	jal	800036d4 <__mulsi3>
800032b8:	00050a13          	mv	s4,a0
800032bc:	000a8593          	mv	a1,s5
800032c0:	00048513          	mv	a0,s1
800032c4:	484000ef          	jal	80003748 <__umodsi3>
800032c8:	01051513          	slli	a0,a0,0x10
800032cc:	01045793          	srli	a5,s0,0x10
800032d0:	00a7e7b3          	or	a5,a5,a0
800032d4:	0147fa63          	bgeu	a5,s4,800032e8 <__umoddi3+0xe4>
800032d8:	00f987b3          	add	a5,s3,a5
800032dc:	0137e663          	bltu	a5,s3,800032e8 <__umoddi3+0xe4>
800032e0:	0147f463          	bgeu	a5,s4,800032e8 <__umoddi3+0xe4>
800032e4:	013787b3          	add	a5,a5,s3
800032e8:	414784b3          	sub	s1,a5,s4
800032ec:	000a8593          	mv	a1,s5
800032f0:	00048513          	mv	a0,s1
800032f4:	40c000ef          	jal	80003700 <__hidden___udivsi3>
800032f8:	000b0593          	mv	a1,s6
800032fc:	3d8000ef          	jal	800036d4 <__mulsi3>
80003300:	00050a13          	mv	s4,a0
80003304:	000a8593          	mv	a1,s5
80003308:	00048513          	mv	a0,s1
8000330c:	43c000ef          	jal	80003748 <__umodsi3>
80003310:	01041413          	slli	s0,s0,0x10
80003314:	01051513          	slli	a0,a0,0x10
80003318:	01045413          	srli	s0,s0,0x10
8000331c:	00a46433          	or	s0,s0,a0
80003320:	01447a63          	bgeu	s0,s4,80003334 <__umoddi3+0x130>
80003324:	00898433          	add	s0,s3,s0
80003328:	01346663          	bltu	s0,s3,80003334 <__umoddi3+0x130>
8000332c:	01447463          	bgeu	s0,s4,80003334 <__umoddi3+0x130>
80003330:	01340433          	add	s0,s0,s3
80003334:	41440433          	sub	s0,s0,s4
80003338:	01245533          	srl	a0,s0,s2
8000333c:	00000593          	li	a1,0
80003340:	02c12083          	lw	ra,44(sp)
80003344:	02812403          	lw	s0,40(sp)
80003348:	02412483          	lw	s1,36(sp)
8000334c:	02012903          	lw	s2,32(sp)
80003350:	01c12983          	lw	s3,28(sp)
80003354:	01812a03          	lw	s4,24(sp)
80003358:	01412a83          	lw	s5,20(sp)
8000335c:	01012b03          	lw	s6,16(sp)
80003360:	00c12b83          	lw	s7,12(sp)
80003364:	00812c03          	lw	s8,8(sp)
80003368:	00412c83          	lw	s9,4(sp)
8000336c:	00012d03          	lw	s10,0(sp)
80003370:	03010113          	addi	sp,sp,48
80003374:	00008067          	ret
80003378:	010006b7          	lui	a3,0x1000
8000337c:	01800713          	li	a4,24
80003380:	eed674e3          	bgeu	a2,a3,80003268 <__umoddi3+0x64>
80003384:	01000713          	li	a4,16
80003388:	ee1ff06f          	j	80003268 <__umoddi3+0x64>
8000338c:	00000713          	li	a4,0
80003390:	00060c63          	beqz	a2,800033a8 <__umoddi3+0x1a4>
80003394:	00010737          	lui	a4,0x10
80003398:	0ee67663          	bgeu	a2,a4,80003484 <__umoddi3+0x280>
8000339c:	10063713          	sltiu	a4,a2,256
800033a0:	00173713          	seqz	a4,a4
800033a4:	00371713          	slli	a4,a4,0x3
800033a8:	00e656b3          	srl	a3,a2,a4
800033ac:	00d787b3          	add	a5,a5,a3
800033b0:	0007c783          	lbu	a5,0(a5)
800033b4:	40c584b3          	sub	s1,a1,a2
800033b8:	00e787b3          	add	a5,a5,a4
800033bc:	02000713          	li	a4,32
800033c0:	40f70933          	sub	s2,a4,a5
800033c4:	ecf70ae3          	beq	a4,a5,80003298 <__umoddi3+0x94>
800033c8:	012619b3          	sll	s3,a2,s2
800033cc:	00f5dbb3          	srl	s7,a1,a5
800033d0:	0109db13          	srli	s6,s3,0x10
800033d4:	00f557b3          	srl	a5,a0,a5
800033d8:	012595b3          	sll	a1,a1,s2
800033dc:	00b7ea33          	or	s4,a5,a1
800033e0:	01251433          	sll	s0,a0,s2
800033e4:	000b0593          	mv	a1,s6
800033e8:	01099a93          	slli	s5,s3,0x10
800033ec:	000b8513          	mv	a0,s7
800033f0:	310000ef          	jal	80003700 <__hidden___udivsi3>
800033f4:	010ada93          	srli	s5,s5,0x10
800033f8:	000a8593          	mv	a1,s5
800033fc:	2d8000ef          	jal	800036d4 <__mulsi3>
80003400:	00050493          	mv	s1,a0
80003404:	000b0593          	mv	a1,s6
80003408:	000b8513          	mv	a0,s7
8000340c:	33c000ef          	jal	80003748 <__umodsi3>
80003410:	01051513          	slli	a0,a0,0x10
80003414:	010a5713          	srli	a4,s4,0x10
80003418:	00a76733          	or	a4,a4,a0
8000341c:	00977a63          	bgeu	a4,s1,80003430 <__umoddi3+0x22c>
80003420:	00e98733          	add	a4,s3,a4
80003424:	01376663          	bltu	a4,s3,80003430 <__umoddi3+0x22c>
80003428:	00977463          	bgeu	a4,s1,80003430 <__umoddi3+0x22c>
8000342c:	01370733          	add	a4,a4,s3
80003430:	409704b3          	sub	s1,a4,s1
80003434:	000b0593          	mv	a1,s6
80003438:	00048513          	mv	a0,s1
8000343c:	2c4000ef          	jal	80003700 <__hidden___udivsi3>
80003440:	000a8593          	mv	a1,s5
80003444:	290000ef          	jal	800036d4 <__mulsi3>
80003448:	00050a93          	mv	s5,a0
8000344c:	000b0593          	mv	a1,s6
80003450:	00048513          	mv	a0,s1
80003454:	2f4000ef          	jal	80003748 <__umodsi3>
80003458:	010a1793          	slli	a5,s4,0x10
8000345c:	01051513          	slli	a0,a0,0x10
80003460:	0107d793          	srli	a5,a5,0x10
80003464:	00a7e7b3          	or	a5,a5,a0
80003468:	0157fa63          	bgeu	a5,s5,8000347c <__umoddi3+0x278>
8000346c:	00f987b3          	add	a5,s3,a5
80003470:	0137e663          	bltu	a5,s3,8000347c <__umoddi3+0x278>
80003474:	0157f463          	bgeu	a5,s5,8000347c <__umoddi3+0x278>
80003478:	013787b3          	add	a5,a5,s3
8000347c:	415784b3          	sub	s1,a5,s5
80003480:	e19ff06f          	j	80003298 <__umoddi3+0x94>
80003484:	010006b7          	lui	a3,0x1000
80003488:	01800713          	li	a4,24
8000348c:	f0d67ee3          	bgeu	a2,a3,800033a8 <__umoddi3+0x1a4>
80003490:	01000713          	li	a4,16
80003494:	f15ff06f          	j	800033a8 <__umoddi3+0x1a4>
80003498:	ead5e4e3          	bltu	a1,a3,80003340 <__umoddi3+0x13c>
8000349c:	000107b7          	lui	a5,0x10
800034a0:	04f6fe63          	bgeu	a3,a5,800034fc <__umoddi3+0x2f8>
800034a4:	1006b793          	sltiu	a5,a3,256
800034a8:	0017b793          	seqz	a5,a5
800034ac:	00379793          	slli	a5,a5,0x3
800034b0:	80004737          	lui	a4,0x80004
800034b4:	00f6d833          	srl	a6,a3,a5
800034b8:	a5c70713          	addi	a4,a4,-1444 # 80003a5c <__clz_tab>
800034bc:	01070733          	add	a4,a4,a6
800034c0:	00074a83          	lbu	s5,0(a4)
800034c4:	00fa8ab3          	add	s5,s5,a5
800034c8:	02000793          	li	a5,32
800034cc:	41578a33          	sub	s4,a5,s5
800034d0:	05579063          	bne	a5,s5,80003510 <__umoddi3+0x30c>
800034d4:	00b6e463          	bltu	a3,a1,800034dc <__umoddi3+0x2d8>
800034d8:	00c56c63          	bltu	a0,a2,800034f0 <__umoddi3+0x2ec>
800034dc:	40c50933          	sub	s2,a0,a2
800034e0:	40d586b3          	sub	a3,a1,a3
800034e4:	012534b3          	sltu	s1,a0,s2
800034e8:	00090413          	mv	s0,s2
800034ec:	409684b3          	sub	s1,a3,s1
800034f0:	00040513          	mv	a0,s0
800034f4:	00048593          	mv	a1,s1
800034f8:	e49ff06f          	j	80003340 <__umoddi3+0x13c>
800034fc:	01000737          	lui	a4,0x1000
80003500:	01800793          	li	a5,24
80003504:	fae6f6e3          	bgeu	a3,a4,800034b0 <__umoddi3+0x2ac>
80003508:	01000793          	li	a5,16
8000350c:	fa5ff06f          	j	800034b0 <__umoddi3+0x2ac>
80003510:	014696b3          	sll	a3,a3,s4
80003514:	01565b33          	srl	s6,a2,s5
80003518:	00db6b33          	or	s6,s6,a3
8000351c:	0155dbb3          	srl	s7,a1,s5
80003520:	01555433          	srl	s0,a0,s5
80003524:	014595b3          	sll	a1,a1,s4
80003528:	010b5493          	srli	s1,s6,0x10
8000352c:	00b46433          	or	s0,s0,a1
80003530:	014519b3          	sll	s3,a0,s4
80003534:	00048593          	mv	a1,s1
80003538:	000b8513          	mv	a0,s7
8000353c:	010b1c13          	slli	s8,s6,0x10
80003540:	01461933          	sll	s2,a2,s4
80003544:	010c5c13          	srli	s8,s8,0x10
80003548:	1b8000ef          	jal	80003700 <__hidden___udivsi3>
8000354c:	00050593          	mv	a1,a0
80003550:	00050d13          	mv	s10,a0
80003554:	000c0513          	mv	a0,s8
80003558:	17c000ef          	jal	800036d4 <__mulsi3>
8000355c:	00050c93          	mv	s9,a0
80003560:	00048593          	mv	a1,s1
80003564:	000b8513          	mv	a0,s7
80003568:	1e0000ef          	jal	80003748 <__umodsi3>
8000356c:	01051513          	slli	a0,a0,0x10
80003570:	01045793          	srli	a5,s0,0x10
80003574:	00a7e7b3          	or	a5,a5,a0
80003578:	000d0b93          	mv	s7,s10
8000357c:	0197fe63          	bgeu	a5,s9,80003598 <__umoddi3+0x394>
80003580:	00fb07b3          	add	a5,s6,a5
80003584:	fffd0b93          	addi	s7,s10,-1
80003588:	0167e863          	bltu	a5,s6,80003598 <__umoddi3+0x394>
8000358c:	0197f663          	bgeu	a5,s9,80003598 <__umoddi3+0x394>
80003590:	ffed0b93          	addi	s7,s10,-2
80003594:	016787b3          	add	a5,a5,s6
80003598:	41978cb3          	sub	s9,a5,s9
8000359c:	00048593          	mv	a1,s1
800035a0:	000c8513          	mv	a0,s9
800035a4:	15c000ef          	jal	80003700 <__hidden___udivsi3>
800035a8:	00050593          	mv	a1,a0
800035ac:	00050d13          	mv	s10,a0
800035b0:	000c0513          	mv	a0,s8
800035b4:	120000ef          	jal	800036d4 <__mulsi3>
800035b8:	00048593          	mv	a1,s1
800035bc:	00050c13          	mv	s8,a0
800035c0:	000c8513          	mv	a0,s9
800035c4:	184000ef          	jal	80003748 <__umodsi3>
800035c8:	01041593          	slli	a1,s0,0x10
800035cc:	01051513          	slli	a0,a0,0x10
800035d0:	0105d593          	srli	a1,a1,0x10
800035d4:	00a5e5b3          	or	a1,a1,a0
800035d8:	000d0793          	mv	a5,s10
800035dc:	0185fe63          	bgeu	a1,s8,800035f8 <__umoddi3+0x3f4>
800035e0:	00bb05b3          	add	a1,s6,a1
800035e4:	fffd0793          	addi	a5,s10,-1
800035e8:	0165e863          	bltu	a1,s6,800035f8 <__umoddi3+0x3f4>
800035ec:	0185f663          	bgeu	a1,s8,800035f8 <__umoddi3+0x3f4>
800035f0:	ffed0793          	addi	a5,s10,-2
800035f4:	016585b3          	add	a1,a1,s6
800035f8:	010b9b93          	slli	s7,s7,0x10
800035fc:	00fbebb3          	or	s7,s7,a5
80003600:	01091893          	slli	a7,s2,0x10
80003604:	01079793          	slli	a5,a5,0x10
80003608:	0107d793          	srli	a5,a5,0x10
8000360c:	0108d893          	srli	a7,a7,0x10
80003610:	418584b3          	sub	s1,a1,s8
80003614:	010bdb93          	srli	s7,s7,0x10
80003618:	01095713          	srli	a4,s2,0x10
8000361c:	00078513          	mv	a0,a5
80003620:	00088593          	mv	a1,a7
80003624:	0b0000ef          	jal	800036d4 <__mulsi3>
80003628:	00050813          	mv	a6,a0
8000362c:	00070593          	mv	a1,a4
80003630:	00078513          	mv	a0,a5
80003634:	00070793          	mv	a5,a4
80003638:	09c000ef          	jal	800036d4 <__mulsi3>
8000363c:	00050713          	mv	a4,a0
80003640:	00088593          	mv	a1,a7
80003644:	000b8513          	mv	a0,s7
80003648:	08c000ef          	jal	800036d4 <__mulsi3>
8000364c:	00050893          	mv	a7,a0
80003650:	00078593          	mv	a1,a5
80003654:	000b8513          	mv	a0,s7
80003658:	07c000ef          	jal	800036d4 <__mulsi3>
8000365c:	01085793          	srli	a5,a6,0x10
80003660:	01170733          	add	a4,a4,a7
80003664:	00e787b3          	add	a5,a5,a4
80003668:	00050693          	mv	a3,a0
8000366c:	0117f663          	bgeu	a5,a7,80003678 <__umoddi3+0x474>
80003670:	00010737          	lui	a4,0x10
80003674:	00e506b3          	add	a3,a0,a4
80003678:	0107d713          	srli	a4,a5,0x10
8000367c:	01081813          	slli	a6,a6,0x10
80003680:	01079793          	slli	a5,a5,0x10
80003684:	01085813          	srli	a6,a6,0x10
80003688:	00d70733          	add	a4,a4,a3
8000368c:	010787b3          	add	a5,a5,a6
80003690:	00e4e663          	bltu	s1,a4,8000369c <__umoddi3+0x498>
80003694:	00e49e63          	bne	s1,a4,800036b0 <__umoddi3+0x4ac>
80003698:	00f9fc63          	bgeu	s3,a5,800036b0 <__umoddi3+0x4ac>
8000369c:	41278933          	sub	s2,a5,s2
800036a0:	0127b6b3          	sltu	a3,a5,s2
800036a4:	016686b3          	add	a3,a3,s6
800036a8:	00090793          	mv	a5,s2
800036ac:	40d70733          	sub	a4,a4,a3
800036b0:	40f987b3          	sub	a5,s3,a5
800036b4:	00f9b9b3          	sltu	s3,s3,a5
800036b8:	40e485b3          	sub	a1,s1,a4
800036bc:	413585b3          	sub	a1,a1,s3
800036c0:	01559ab3          	sll	s5,a1,s5
800036c4:	0147d7b3          	srl	a5,a5,s4
800036c8:	00fae533          	or	a0,s5,a5
800036cc:	0145d5b3          	srl	a1,a1,s4
800036d0:	c71ff06f          	j	80003340 <__umoddi3+0x13c>

800036d4 <__mulsi3>:
800036d4:	00050613          	mv	a2,a0
800036d8:	00000513          	li	a0,0
800036dc:	0015f693          	andi	a3,a1,1
800036e0:	00068463          	beqz	a3,800036e8 <__mulsi3+0x14>
800036e4:	00c50533          	add	a0,a0,a2
800036e8:	0015d593          	srli	a1,a1,0x1
800036ec:	00161613          	slli	a2,a2,0x1
800036f0:	fe0596e3          	bnez	a1,800036dc <__mulsi3+0x8>
800036f4:	00008067          	ret

800036f8 <__divsi3>:
800036f8:	06054063          	bltz	a0,80003758 <__umodsi3+0x10>
800036fc:	0605c663          	bltz	a1,80003768 <__umodsi3+0x20>

80003700 <__hidden___udivsi3>:
80003700:	00058613          	mv	a2,a1
80003704:	00050593          	mv	a1,a0
80003708:	fff00513          	li	a0,-1
8000370c:	02060c63          	beqz	a2,80003744 <__hidden___udivsi3+0x44>
80003710:	00100693          	li	a3,1
80003714:	00b67a63          	bgeu	a2,a1,80003728 <__hidden___udivsi3+0x28>
80003718:	00c05863          	blez	a2,80003728 <__hidden___udivsi3+0x28>
8000371c:	00161613          	slli	a2,a2,0x1
80003720:	00169693          	slli	a3,a3,0x1
80003724:	feb66ae3          	bltu	a2,a1,80003718 <__hidden___udivsi3+0x18>
80003728:	00000513          	li	a0,0
8000372c:	00c5e663          	bltu	a1,a2,80003738 <__hidden___udivsi3+0x38>
80003730:	40c585b3          	sub	a1,a1,a2
80003734:	00d56533          	or	a0,a0,a3
80003738:	0016d693          	srli	a3,a3,0x1
8000373c:	00165613          	srli	a2,a2,0x1
80003740:	fe0696e3          	bnez	a3,8000372c <__hidden___udivsi3+0x2c>
80003744:	00008067          	ret

80003748 <__umodsi3>:
80003748:	00008293          	mv	t0,ra
8000374c:	fb5ff0ef          	jal	80003700 <__hidden___udivsi3>
80003750:	00058513          	mv	a0,a1
80003754:	00028067          	jr	t0
80003758:	40a00533          	neg	a0,a0
8000375c:	00b04863          	bgtz	a1,8000376c <__umodsi3+0x24>
80003760:	40b005b3          	neg	a1,a1
80003764:	f9dff06f          	j	80003700 <__hidden___udivsi3>
80003768:	40b005b3          	neg	a1,a1
8000376c:	00008293          	mv	t0,ra
80003770:	f91ff0ef          	jal	80003700 <__hidden___udivsi3>
80003774:	40a00533          	neg	a0,a0
80003778:	00028067          	jr	t0

8000377c <__modsi3>:
8000377c:	00008293          	mv	t0,ra
80003780:	0005ca63          	bltz	a1,80003794 <__modsi3+0x18>
80003784:	00054c63          	bltz	a0,8000379c <__modsi3+0x20>
80003788:	f79ff0ef          	jal	80003700 <__hidden___udivsi3>
8000378c:	00058513          	mv	a0,a1
80003790:	00028067          	jr	t0
80003794:	40b005b3          	neg	a1,a1
80003798:	fe0558e3          	bgez	a0,80003788 <__modsi3+0xc>
8000379c:	40a00533          	neg	a0,a0
800037a0:	f61ff0ef          	jal	80003700 <__hidden___udivsi3>
800037a4:	40b00533          	neg	a0,a1
800037a8:	00028067          	jr	t0

Disassembly of section .text.startup:

800037ac <main>:
800037ac:	b3010113          	addi	sp,sp,-1232
800037b0:	4c912223          	sw	s1,1220(sp)
800037b4:	4d212023          	sw	s2,1216(sp)
800037b8:	00000497          	auipc	s1,0x0
800037bc:	45848493          	addi	s1,s1,1112 # 80003c10 <input1_data>
800037c0:	00001917          	auipc	s2,0x1
800037c4:	90090913          	addi	s2,s2,-1792 # 800040c0 <input2_data>
800037c8:	4c812423          	sw	s0,1224(sp)
800037cc:	4b312e23          	sw	s3,1212(sp)
800037d0:	4c112623          	sw	ra,1228(sp)
800037d4:	00010413          	mv	s0,sp
800037d8:	00048793          	mv	a5,s1
800037dc:	00090993          	mv	s3,s2
800037e0:	00090613          	mv	a2,s2
800037e4:	00010693          	mv	a3,sp
800037e8:	0007a703          	lw	a4,0(a5) # 10000 <buflen.1+0xffc0>
800037ec:	00062583          	lw	a1,0(a2)
800037f0:	00478793          	addi	a5,a5,4
800037f4:	00460613          	addi	a2,a2,4
800037f8:	00b70733          	add	a4,a4,a1
800037fc:	00e6a023          	sw	a4,0(a3) # 1000000 <buflen.1+0xffffc0>
80003800:	00468693          	addi	a3,a3,4
80003804:	ff3792e3          	bne	a5,s3,800037e8 <main+0x3c>
80003808:	00100513          	li	a0,1
8000380c:	de5fe0ef          	jal	800025f0 <setStats>
80003810:	00040713          	mv	a4,s0
80003814:	0004a783          	lw	a5,0(s1)
80003818:	00092683          	lw	a3,0(s2)
8000381c:	00448493          	addi	s1,s1,4
80003820:	00490913          	addi	s2,s2,4
80003824:	00d787b3          	add	a5,a5,a3
80003828:	00f72023          	sw	a5,0(a4) # 10000 <buflen.1+0xffc0>
8000382c:	00470713          	addi	a4,a4,4
80003830:	ff3492e3          	bne	s1,s3,80003814 <main+0x68>
80003834:	00000513          	li	a0,0
80003838:	db9fe0ef          	jal	800025f0 <setStats>
8000383c:	00001797          	auipc	a5,0x1
80003840:	d3478793          	addi	a5,a5,-716 # 80004570 <verify_data>
80003844:	00000513          	li	a0,0
80003848:	12c00813          	li	a6,300
8000384c:	00042683          	lw	a3,0(s0)
80003850:	0007a703          	lw	a4,0(a5)
80003854:	00442583          	lw	a1,4(s0)
80003858:	0047a603          	lw	a2,4(a5)
8000385c:	02e69c63          	bne	a3,a4,80003894 <main+0xe8>
80003860:	00250513          	addi	a0,a0,2
80003864:	00c59a63          	bne	a1,a2,80003878 <main+0xcc>
80003868:	00840413          	addi	s0,s0,8
8000386c:	00878793          	addi	a5,a5,8
80003870:	fd051ee3          	bne	a0,a6,8000384c <main+0xa0>
80003874:	00000513          	li	a0,0
80003878:	4cc12083          	lw	ra,1228(sp)
8000387c:	4c812403          	lw	s0,1224(sp)
80003880:	4c412483          	lw	s1,1220(sp)
80003884:	4c012903          	lw	s2,1216(sp)
80003888:	4bc12983          	lw	s3,1212(sp)
8000388c:	4d010113          	addi	sp,sp,1232
80003890:	00008067          	ret
80003894:	00150513          	addi	a0,a0,1
80003898:	fe1ff06f          	j	80003878 <main+0xcc>
8000389c:	ff010113          	addi	sp,sp,-16
800038a0:	00000517          	auipc	a0,0x0
800038a4:	04050513          	addi	a0,a0,64 # 800038e0 <main+0x134>
800038a8:	00112623          	sw	ra,12(sp)
800038ac:	e0dfe0ef          	jal	800026b8 <printstr>
800038b0:	00c12083          	lw	ra,12(sp)
800038b4:	fff00513          	li	a0,-1
800038b8:	01010113          	addi	sp,sp,16
800038bc:	00008067          	ret

Disassembly of section .data:

80003c10 <input1_data>:
80003c10:	0029                	.insn	2, 0x0029
80003c12:	0000                	.insn	2, 0x
80003c14:	0341                	.insn	2, 0x0341
80003c16:	0000                	.insn	2, 0x
80003c18:	0234                	.insn	2, 0x0234
80003c1a:	0000                	.insn	2, 0x
80003c1c:	000000bb          	.insn	4, 0x00bb
80003c20:	02ed                	.insn	2, 0x02ed
80003c22:	0000                	.insn	2, 0x
80003c24:	015e                	.insn	2, 0x015e
80003c26:	0000                	.insn	2, 0x
80003c28:	0084                	.insn	2, 0x0084
80003c2a:	0000                	.insn	2, 0x
80003c2c:	03b5                	.insn	2, 0x03b5
80003c2e:	0000                	.insn	2, 0x
80003c30:	0248                	.insn	2, 0x0248
80003c32:	0000                	.insn	2, 0x
80003c34:	0325                	.insn	2, 0x0325
80003c36:	0000                	.insn	2, 0x
80003c38:	026d                	.insn	2, 0x026d
80003c3a:	0000                	.insn	2, 0x
80003c3c:	0006                	.insn	2, 0x0006
80003c3e:	0000                	.insn	2, 0x
80003c40:	000003a3          	sb	zero,7(zero) # 7 <buf.2+0x7>
80003c44:	037a                	.insn	2, 0x037a
80003c46:	0000                	.insn	2, 0x
80003c48:	0188                	.insn	2, 0x0188
80003c4a:	0000                	.insn	2, 0x
80003c4c:	02b6                	.insn	2, 0x02b6
80003c4e:	0000                	.insn	2, 0x
80003c50:	03c1                	.insn	2, 0x03c1
80003c52:	0000                	.insn	2, 0x
80003c54:	006e                	.insn	2, 0x006e
80003c56:	0000                	.insn	2, 0x
80003c58:	0074                	.insn	2, 0x0074
80003c5a:	0000                	.insn	2, 0x
80003c5c:	0128                	.insn	2, 0x0128
80003c5e:	0000                	.insn	2, 0x
80003c60:	01aa                	.insn	2, 0x01aa
80003c62:	0000                	.insn	2, 0x
80003c64:	013a                	.insn	2, 0x013a
80003c66:	0000                	.insn	2, 0x
80003c68:	00000293          	li	t0,0
80003c6c:	0306                	.insn	2, 0x0306
80003c6e:	0000                	.insn	2, 0x
80003c70:	0000013f 000002a6 	.insn	8, 0x02a60000013f
80003c78:	0000036b          	.insn	4, 0x036b
80003c7c:	0178                	.insn	2, 0x0178
80003c7e:	0000                	.insn	2, 0x
80003c80:	01da                	.insn	2, 0x01da
80003c82:	0000                	.insn	2, 0x
80003c84:	03aa                	.insn	2, 0x03aa
80003c86:	0000                	.insn	2, 0x
80003c88:	0000021b          	.insn	4, 0x021b
80003c8c:	0239                	.insn	2, 0x0239
80003c8e:	0000                	.insn	2, 0x
80003c90:	000000cb          	.insn	4, 0x00cb
80003c94:	0118                	.insn	2, 0x0118
80003c96:	0000                	.insn	2, 0x
80003c98:	000002f7          	.insn	4, 0x02f7
80003c9c:	025e                	.insn	2, 0x025e
80003c9e:	0000                	.insn	2, 0x
80003ca0:	01ff 0000 0291 0000 	.insn	10, 0x00c300000291000001ff
80003ca8:	00c3 
80003caa:	0000                	.insn	2, 0x
80003cac:	0051                	.insn	2, 0x0051
80003cae:	0000                	.insn	2, 0x
80003cb0:	0000010b          	.insn	4, 0x010b
80003cb4:	00e5                	.insn	2, 0x00e5
80003cb6:	0000                	.insn	2, 0x
80003cb8:	0151                	.insn	2, 0x0151
80003cba:	0000                	.insn	2, 0x
80003cbc:	03b0                	.insn	2, 0x03b0
80003cbe:	0000                	.insn	2, 0x
80003cc0:	0386                	.insn	2, 0x0386
80003cc2:	0000                	.insn	2, 0x
80003cc4:	00f1                	.insn	2, 0x00f1
80003cc6:	0000                	.insn	2, 0x
80003cc8:	0391                	.insn	2, 0x0391
80003cca:	0000                	.insn	2, 0x
80003ccc:	033a                	.insn	2, 0x033a
80003cce:	0000                	.insn	2, 0x
80003cd0:	03a5                	.insn	2, 0x03a5
80003cd2:	0000                	.insn	2, 0x
80003cd4:	03d9                	.insn	2, 0x03d9
80003cd6:	0000                	.insn	2, 0x
80003cd8:	000000c3          	.insn	4, 0x00c3
80003cdc:	03c0                	.insn	2, 0x03c0
80003cde:	0000                	.insn	2, 0x
80003ce0:	0236                	.insn	2, 0x0236
80003ce2:	0000                	.insn	2, 0x
80003ce4:	015e                	.insn	2, 0x015e
80003ce6:	0000                	.insn	2, 0x
80003ce8:	0289                	.insn	2, 0x0289
80003cea:	0000                	.insn	2, 0x
80003cec:	0291                	.insn	2, 0x0291
80003cee:	0000                	.insn	2, 0x
80003cf0:	00b5                	.insn	2, 0x00b5
80003cf2:	0000                	.insn	2, 0x
80003cf4:	0000006f          	j	80003cf4 <input1_data+0xe4>
80003cf8:	0000035b          	.insn	4, 0x035b
80003cfc:	0041                	.insn	2, 0x0041
80003cfe:	0000                	.insn	2, 0x
80003d00:	0120                	.insn	2, 0x0120
80003d02:	0000                	.insn	2, 0x
80003d04:	015d                	.insn	2, 0x015d
80003d06:	0000                	.insn	2, 0x
80003d08:	008d                	.insn	2, 0x008d
80003d0a:	0000                	.insn	2, 0x
80003d0c:	0389                	.insn	2, 0x0389
80003d0e:	0000                	.insn	2, 0x
80003d10:	0376                	.insn	2, 0x0376
80003d12:	0000                	.insn	2, 0x
80003d14:	0108                	.insn	2, 0x0108
80003d16:	0000                	.insn	2, 0x
80003d18:	0240                	.insn	2, 0x0240
80003d1a:	0000                	.insn	2, 0x
80003d1c:	000003d3          	.insn	4, 0x03d3
80003d20:	02f9                	.insn	2, 0x02f9
80003d22:	0000                	.insn	2, 0x
80003d24:	00f1                	.insn	2, 0x00f1
80003d26:	0000                	.insn	2, 0x
80003d28:	01de                	.insn	2, 0x01de
80003d2a:	0000                	.insn	2, 0x
80003d2c:	000001f3          	.insn	4, 0x01f3
80003d30:	00000193          	li	gp,0
80003d34:	00de                	.insn	2, 0x00de
80003d36:	0000                	.insn	2, 0x
80003d38:	01bc                	.insn	2, 0x01bc
80003d3a:	0000                	.insn	2, 0x
80003d3c:	02d1                	.insn	2, 0x02d1
80003d3e:	0000                	.insn	2, 0x
80003d40:	02a4                	.insn	2, 0x02a4
80003d42:	0000                	.insn	2, 0x
80003d44:	013d                	.insn	2, 0x013d
80003d46:	0000                	.insn	2, 0x
80003d48:	00e0                	.insn	2, 0x00e0
80003d4a:	0000                	.insn	2, 0x
80003d4c:	03a9                	.insn	2, 0x03a9
80003d4e:	0000                	.insn	2, 0x
80003d50:	0120                	.insn	2, 0x0120
80003d52:	0000                	.insn	2, 0x
80003d54:	00000077          	.insn	4, 0x0077
80003d58:	00000267          	jalr	tp,zero # 0 <buf.2>
80003d5c:	025e                	.insn	2, 0x025e
80003d5e:	0000                	.insn	2, 0x
80003d60:	0185                	.insn	2, 0x0185
80003d62:	0000                	.insn	2, 0x
80003d64:	015f 0000 01c7      	.insn	6, 0x01c70000015f
80003d6a:	0000                	.insn	2, 0x
80003d6c:	0116                	.insn	2, 0x0116
80003d6e:	0000                	.insn	2, 0x
80003d70:	0000016f          	jal	sp,80003d70 <input1_data+0x160>
80003d74:	0166                	.insn	2, 0x0166
80003d76:	0000                	.insn	2, 0x
80003d78:	0248                	.insn	2, 0x0248
80003d7a:	0000                	.insn	2, 0x
80003d7c:	003e                	.insn	2, 0x003e
80003d7e:	0000                	.insn	2, 0x
80003d80:	03d9                	.insn	2, 0x03d9
80003d82:	0000                	.insn	2, 0x
80003d84:	00000193          	li	gp,0
80003d88:	015a                	.insn	2, 0x015a
80003d8a:	0000                	.insn	2, 0x
80003d8c:	0205                	.insn	2, 0x0205
80003d8e:	0000                	.insn	2, 0x
80003d90:	0000022f          	.insn	4, 0x022f
80003d94:	038c                	.insn	2, 0x038c
80003d96:	0000                	.insn	2, 0x
80003d98:	00000307          	.insn	4, 0x0307
80003d9c:	00ff 0000 030a 0000 	.insn	10, 0x02560000030a000000ff
80003da4:	0256 
80003da6:	0000                	.insn	2, 0x
80003da8:	0000008f          	.insn	4, 0x008f
80003dac:	0021                	.insn	2, 0x0021
80003dae:	0000                	.insn	2, 0x
80003db0:	007d                	.insn	2, 0x007d
80003db2:	0000                	.insn	2, 0x
80003db4:	03ad                	.insn	2, 0x03ad
80003db6:	0000                	.insn	2, 0x
80003db8:	03a5                	.insn	2, 0x03a5
80003dba:	0000                	.insn	2, 0x
80003dbc:	031f 0000 0229      	.insn	6, 0x02290000031f
80003dc2:	0000                	.insn	2, 0x
80003dc4:	000001af          	.insn	4, 0x01af
80003dc8:	0288                	.insn	2, 0x0288
80003dca:	0000                	.insn	2, 0x
80003dcc:	03b8                	.insn	2, 0x03b8
80003dce:	0000                	.insn	2, 0x
80003dd0:	011f 0000 0013      	.insn	6, 0x00130000011f
80003dd6:	0000                	.insn	2, 0x
80003dd8:	0031                	.insn	2, 0x0031
80003dda:	0000                	.insn	2, 0x
80003ddc:	0056                	.insn	2, 0x0056
80003dde:	0000                	.insn	2, 0x
80003de0:	005f 0000 01b9      	.insn	6, 0x01b90000005f
80003de6:	0000                	.insn	2, 0x
80003de8:	0000024b          	.insn	4, 0x024b
80003dec:	0266                	.insn	2, 0x0266
80003dee:	0000                	.insn	2, 0x
80003df0:	017e                	.insn	2, 0x017e
80003df2:	0000                	.insn	2, 0x
80003df4:	0118                	.insn	2, 0x0118
80003df6:	0000                	.insn	2, 0x
80003df8:	0328                	.insn	2, 0x0328
80003dfa:	0000                	.insn	2, 0x
80003dfc:	000003cb          	.insn	4, 0x03cb
80003e00:	00000333          	add	t1,zero,zero
80003e04:	0158                	.insn	2, 0x0158
80003e06:	0000                	.insn	2, 0x
80003e08:	01c2                	.insn	2, 0x01c2
80003e0a:	0000                	.insn	2, 0x
80003e0c:	0200                	.insn	2, 0x0200
80003e0e:	0000                	.insn	2, 0x
80003e10:	03c5                	.insn	2, 0x03c5
80003e12:	0000                	.insn	2, 0x
80003e14:	0000015b          	.insn	4, 0x015b
80003e18:	0328                	.insn	2, 0x0328
80003e1a:	0000                	.insn	2, 0x
80003e1c:	0372                	.insn	2, 0x0372
80003e1e:	0000                	.insn	2, 0x
80003e20:	0219                	.insn	2, 0x0219
80003e22:	0000                	.insn	2, 0x
80003e24:	03b2                	.insn	2, 0x03b2
80003e26:	0000                	.insn	2, 0x
80003e28:	02bd                	.insn	2, 0x02bd
80003e2a:	0000                	.insn	2, 0x
80003e2c:	0164                	.insn	2, 0x0164
80003e2e:	0000                	.insn	2, 0x
80003e30:	00000237          	lui	tp,0x0
80003e34:	0000037b          	.insn	4, 0x037b
80003e38:	0016                	.insn	2, 0x0016
80003e3a:	0000                	.insn	2, 0x
80003e3c:	0238                	.insn	2, 0x0238
80003e3e:	0000                	.insn	2, 0x
80003e40:	0299                	.insn	2, 0x0299
80003e42:	0000                	.insn	2, 0x
80003e44:	000001a7          	.insn	4, 0x01a7
80003e48:	01b2                	.insn	2, 0x01b2
80003e4a:	0000                	.insn	2, 0x
80003e4c:	009e                	.insn	2, 0x009e
80003e4e:	0000                	.insn	2, 0x
80003e50:	0002                	.insn	2, 0x0002
80003e52:	0000                	.insn	2, 0x
80003e54:	0054                	.insn	2, 0x0054
80003e56:	0000                	.insn	2, 0x
80003e58:	000000f7          	.insn	4, 0x00f7
80003e5c:	0031                	.insn	2, 0x0031
80003e5e:	0000                	.insn	2, 0x
80003e60:	000001b3          	add	gp,zero,zero
80003e64:	0318                	.insn	2, 0x0318
80003e66:	0000                	.insn	2, 0x
80003e68:	0365                	.insn	2, 0x0365
80003e6a:	0000                	.insn	2, 0x
80003e6c:	01e6                	.insn	2, 0x01e6
80003e6e:	0000                	.insn	2, 0x
80003e70:	019e                	.insn	2, 0x019e
80003e72:	0000                	.insn	2, 0x
80003e74:	0171                	.insn	2, 0x0171
80003e76:	0000                	.insn	2, 0x
80003e78:	0224                	.insn	2, 0x0224
80003e7a:	0000                	.insn	2, 0x
80003e7c:	0206                	.insn	2, 0x0206
80003e7e:	0000                	.insn	2, 0x
80003e80:	0378                	.insn	2, 0x0378
80003e82:	0000                	.insn	2, 0x
80003e84:	02aa                	.insn	2, 0x02aa
80003e86:	0000                	.insn	2, 0x
80003e88:	011c                	.insn	2, 0x011c
80003e8a:	0000                	.insn	2, 0x
80003e8c:	0108                	.insn	2, 0x0108
80003e8e:	0000                	.insn	2, 0x
80003e90:	000001f3          	.insn	4, 0x01f3
80003e94:	0122                	.insn	2, 0x0122
80003e96:	0000                	.insn	2, 0x
80003e98:	0381                	.insn	2, 0x0381
80003e9a:	0000                	.insn	2, 0x
80003e9c:	000000d7          	.insn	4, 0x00d7
80003ea0:	000002db          	.insn	4, 0x02db
80003ea4:	02b0                	.insn	2, 0x02b0
80003ea6:	0000                	.insn	2, 0x
80003ea8:	000000fb          	.insn	4, 0x00fb
80003eac:	0312                	.insn	2, 0x0312
80003eae:	0000                	.insn	2, 0x
80003eb0:	0000022b          	.insn	4, 0x022b
80003eb4:	012e                	.insn	2, 0x012e
80003eb6:	0000                	.insn	2, 0x
80003eb8:	0210                	.insn	2, 0x0210
80003eba:	0000                	.insn	2, 0x
80003ebc:	0220                	.insn	2, 0x0220
80003ebe:	0000                	.insn	2, 0x
80003ec0:	0142                	.insn	2, 0x0142
80003ec2:	0000                	.insn	2, 0x
80003ec4:	000003b3          	add	t2,zero,zero
80003ec8:	011f 0000 0338      	.insn	6, 0x03380000011f
80003ece:	0000                	.insn	2, 0x
80003ed0:	0130                	.insn	2, 0x0130
80003ed2:	0000                	.insn	2, 0x
80003ed4:	0314                	.insn	2, 0x0314
80003ed6:	0000                	.insn	2, 0x
80003ed8:	02dd                	.insn	2, 0x02dd
80003eda:	0000                	.insn	2, 0x
80003edc:	000003bf 0000016e 	.insn	8, 0x016e000003bf
80003ee4:	02d2                	.insn	2, 0x02d2
80003ee6:	0000                	.insn	2, 0x
80003ee8:	0126                	.insn	2, 0x0126
80003eea:	0000                	.insn	2, 0x
80003eec:	000003cf          	.insn	4, 0x03cf
80003ef0:	028d                	.insn	2, 0x028d
80003ef2:	0000                	.insn	2, 0x
80003ef4:	02ec                	.insn	2, 0x02ec
80003ef6:	0000                	.insn	2, 0x
80003ef8:	0000005b          	.insn	4, 0x005b
80003efc:	017a                	.insn	2, 0x017a
80003efe:	0000                	.insn	2, 0x
80003f00:	0069                	.insn	2, 0x0069
80003f02:	0000                	.insn	2, 0x
80003f04:	0066                	.insn	2, 0x0066
80003f06:	0000                	.insn	2, 0x
80003f08:	017d                	.insn	2, 0x017d
80003f0a:	0000                	.insn	2, 0x
80003f0c:	0000028b          	.insn	4, 0x028b
80003f10:	0339                	.insn	2, 0x0339
80003f12:	0000                	.insn	2, 0x
80003f14:	0348                	.insn	2, 0x0348
80003f16:	0000                	.insn	2, 0x
80003f18:	0164                	.insn	2, 0x0164
80003f1a:	0000                	.insn	2, 0x
80003f1c:	0094                	.insn	2, 0x0094
80003f1e:	0000                	.insn	2, 0x
80003f20:	0036                	.insn	2, 0x0036
80003f22:	0000                	.insn	2, 0x
80003f24:	008c                	.insn	2, 0x008c
80003f26:	0000                	.insn	2, 0x
80003f28:	000003bb          	.insn	4, 0x03bb
80003f2c:	00000157          	.insn	4, 0x0157
80003f30:	0215                	.insn	2, 0x0215
80003f32:	0000                	.insn	2, 0x
80003f34:	02f5                	.insn	2, 0x02f5
80003f36:	0000                	.insn	2, 0x
80003f38:	0209                	.insn	2, 0x0209
80003f3a:	0000                	.insn	2, 0x
80003f3c:	0345                	.insn	2, 0x0345
80003f3e:	0000                	.insn	2, 0x
80003f40:	0250                	.insn	2, 0x0250
80003f42:	0000                	.insn	2, 0x
80003f44:	000d                	.insn	2, 0x000d
80003f46:	0000                	.insn	2, 0x
80003f48:	00ad                	.insn	2, 0x00ad
80003f4a:	0000                	.insn	2, 0x
80003f4c:	0000003f 00000079 	.insn	8, 0x00790000003f
80003f54:	0085                	.insn	2, 0x0085
80003f56:	0000                	.insn	2, 0x
80003f58:	02f6                	.insn	2, 0x02f6
80003f5a:	0000                	.insn	2, 0x
80003f5c:	0174                	.insn	2, 0x0174
80003f5e:	0000                	.insn	2, 0x
80003f60:	000003b7          	lui	t2,0x0
80003f64:	00000027          	.insn	4, 0x0027
80003f68:	0081                	.insn	2, 0x0081
80003f6a:	0000                	.insn	2, 0x
80003f6c:	006e                	.insn	2, 0x006e
80003f6e:	0000                	.insn	2, 0x
80003f70:	0000034f          	.insn	4, 0x034f
80003f74:	01b5                	.insn	2, 0x01b5
80003f76:	0000                	.insn	2, 0x
80003f78:	00ff 0000 010d 0000 	.insn	10, 0x01990000010d000000ff
80003f80:	0199 
80003f82:	0000                	.insn	2, 0x
80003f84:	0274                	.insn	2, 0x0274
80003f86:	0000                	.insn	2, 0x
80003f88:	0000018f          	.insn	4, 0x018f
80003f8c:	0225                	.insn	2, 0x0225
80003f8e:	0000                	.insn	2, 0x
80003f90:	02f1                	.insn	2, 0x02f1
80003f92:	0000                	.insn	2, 0x
80003f94:	0234                	.insn	2, 0x0234
80003f96:	0000                	.insn	2, 0x
80003f98:	000000ab          	.insn	4, 0x00ab
80003f9c:	00000013          	nop
80003fa0:	000002d7          	.insn	4, 0x02d7
80003fa4:	01f5                	.insn	2, 0x01f5
80003fa6:	0000                	.insn	2, 0x
80003fa8:	0309                	.insn	2, 0x0309
80003faa:	0000                	.insn	2, 0x
80003fac:	0000002b          	.insn	4, 0x002b
80003fb0:	02f1                	.insn	2, 0x02f1
80003fb2:	0000                	.insn	2, 0x
80003fb4:	0051                	.insn	2, 0x0051
80003fb6:	0000                	.insn	2, 0x
80003fb8:	00ca                	.insn	2, 0x00ca
80003fba:	0000                	.insn	2, 0x
80003fbc:	0355                	.insn	2, 0x0355
80003fbe:	0000                	.insn	2, 0x
80003fc0:	0099                	.insn	2, 0x0099
80003fc2:	0000                	.insn	2, 0x
80003fc4:	02f8                	.insn	2, 0x02f8
80003fc6:	0000                	.insn	2, 0x
80003fc8:	0165                	.insn	2, 0x0165
80003fca:	0000                	.insn	2, 0x
80003fcc:	000003af          	.insn	4, 0x03af
80003fd0:	039a                	.insn	2, 0x039a
80003fd2:	0000                	.insn	2, 0x
80003fd4:	0148                	.insn	2, 0x0148
80003fd6:	0000                	.insn	2, 0x
80003fd8:	01f0                	.insn	2, 0x01f0
80003fda:	0000                	.insn	2, 0x
80003fdc:	01ba                	.insn	2, 0x01ba
80003fde:	0000                	.insn	2, 0x
80003fe0:	0204                	.insn	2, 0x0204
80003fe2:	0000                	.insn	2, 0x
80003fe4:	0281                	.insn	2, 0x0281
80003fe6:	0000                	.insn	2, 0x
80003fe8:	0114                	.insn	2, 0x0114
80003fea:	0000                	.insn	2, 0x
80003fec:	0312                	.insn	2, 0x0312
80003fee:	0000                	.insn	2, 0x
80003ff0:	0071                	.insn	2, 0x0071
80003ff2:	0000                	.insn	2, 0x
80003ff4:	034a                	.insn	2, 0x034a
80003ff6:	0000                	.insn	2, 0x
80003ff8:	0000038b          	.insn	4, 0x038b
80003ffc:	00000113          	li	sp,0
80004000:	00ed                	.insn	2, 0x00ed
80004002:	0000                	.insn	2, 0x
80004004:	0020                	.insn	2, 0x0020
80004006:	0000                	.insn	2, 0x
80004008:	0310                	.insn	2, 0x0310
8000400a:	0000                	.insn	2, 0x
8000400c:	0235                	.insn	2, 0x0235
8000400e:	0000                	.insn	2, 0x
80004010:	0165                	.insn	2, 0x0165
80004012:	0000                	.insn	2, 0x
80004014:	00000323          	sb	zero,6(zero) # 6 <buf.2+0x6>
80004018:	00000333          	add	t1,zero,zero
8000401c:	000002ef          	jal	t0,8000401c <input1_data+0x40c>
80004020:	0118                	.insn	2, 0x0118
80004022:	0000                	.insn	2, 0x
80004024:	0055                	.insn	2, 0x0055
80004026:	0000                	.insn	2, 0x
80004028:	01ca                	.insn	2, 0x01ca
8000402a:	0000                	.insn	2, 0x
8000402c:	01c6                	.insn	2, 0x01c6
8000402e:	0000                	.insn	2, 0x
80004030:	02c6                	.insn	2, 0x02c6
80004032:	0000                	.insn	2, 0x
80004034:	000001cb          	.insn	4, 0x01cb
80004038:	0029                	.insn	2, 0x0029
8000403a:	0000                	.insn	2, 0x
8000403c:	00fd                	.insn	2, 0x00fd
8000403e:	0000                	.insn	2, 0x
80004040:	0179                	.insn	2, 0x0179
80004042:	0000                	.insn	2, 0x
80004044:	01fc                	.insn	2, 0x01fc
80004046:	0000                	.insn	2, 0x
80004048:	02bc                	.insn	2, 0x02bc
8000404a:	0000                	.insn	2, 0x
8000404c:	035c                	.insn	2, 0x035c
8000404e:	0000                	.insn	2, 0x
80004050:	01e0                	.insn	2, 0x01e0
80004052:	0000                	.insn	2, 0x
80004054:	02e5                	.insn	2, 0x02e5
80004056:	0000                	.insn	2, 0x
80004058:	000001f3          	.insn	4, 0x01f3
8000405c:	02c5                	.insn	2, 0x02c5
8000405e:	0000                	.insn	2, 0x
80004060:	0031                	.insn	2, 0x0031
80004062:	0000                	.insn	2, 0x
80004064:	00000173          	.insn	4, 0x0173
80004068:	0369                	.insn	2, 0x0369
8000406a:	0000                	.insn	2, 0x
8000406c:	03b1                	.insn	2, 0x03b1
8000406e:	0000                	.insn	2, 0x
80004070:	03e0                	.insn	2, 0x03e0
80004072:	0000                	.insn	2, 0x
80004074:	020e                	.insn	2, 0x020e
80004076:	0000                	.insn	2, 0x
80004078:	02d1                	.insn	2, 0x02d1
8000407a:	0000                	.insn	2, 0x
8000407c:	000001b3          	add	gp,zero,zero
80004080:	00e8                	.insn	2, 0x00e8
80004082:	0000                	.insn	2, 0x
80004084:	01f1                	.insn	2, 0x01f1
80004086:	0000                	.insn	2, 0x
80004088:	02b9                	.insn	2, 0x02b9
8000408a:	0000                	.insn	2, 0x
8000408c:	001e                	.insn	2, 0x001e
8000408e:	0000                	.insn	2, 0x
80004090:	015c                	.insn	2, 0x015c
80004092:	0000                	.insn	2, 0x
80004094:	00fa                	.insn	2, 0x00fa
80004096:	0000                	.insn	2, 0x
80004098:	015e                	.insn	2, 0x015e
8000409a:	0000                	.insn	2, 0x
8000409c:	00fa                	.insn	2, 0x00fa
8000409e:	0000                	.insn	2, 0x
800040a0:	023d                	.insn	2, 0x023d
800040a2:	0000                	.insn	2, 0x
800040a4:	0310                	.insn	2, 0x0310
800040a6:	0000                	.insn	2, 0x
800040a8:	02ed                	.insn	2, 0x02ed
800040aa:	0000                	.insn	2, 0x
800040ac:	01f6                	.insn	2, 0x01f6
800040ae:	0000                	.insn	2, 0x
800040b0:	00000337          	lui	t1,0x0
800040b4:	033a                	.insn	2, 0x033a
800040b6:	0000                	.insn	2, 0x
800040b8:	00aa                	.insn	2, 0x00aa
800040ba:	0000                	.insn	2, 0x
800040bc:	00a0                	.insn	2, 0x00a0
800040be:	0000                	.insn	2, 0x

800040c0 <input2_data>:
800040c0:	01c6                	.insn	2, 0x01c6
800040c2:	0000                	.insn	2, 0x
800040c4:	0000014f          	.insn	4, 0x014f
800040c8:	0001                	.insn	2, 0x0001
800040ca:	0000                	.insn	2, 0x
800040cc:	03dd                	.insn	2, 0x03dd
800040ce:	0000                	.insn	2, 0x
800040d0:	016d                	.insn	2, 0x016d
800040d2:	0000                	.insn	2, 0x
800040d4:	023c                	.insn	2, 0x023c
800040d6:	0000                	.insn	2, 0x
800040d8:	0040                	.insn	2, 0x0040
800040da:	0000                	.insn	2, 0x
800040dc:	0099                	.insn	2, 0x0099
800040de:	0000                	.insn	2, 0x
800040e0:	00d8                	.insn	2, 0x00d8
800040e2:	0000                	.insn	2, 0x
800040e4:	008c                	.insn	2, 0x008c
800040e6:	0000                	.insn	2, 0x
800040e8:	00d2                	.insn	2, 0x00d2
800040ea:	0000                	.insn	2, 0x
800040ec:	023c                	.insn	2, 0x023c
800040ee:	0000                	.insn	2, 0x
800040f0:	00000153          	.insn	4, 0x0153
800040f4:	0251                	.insn	2, 0x0251
800040f6:	0000                	.insn	2, 0x
800040f8:	0382                	.insn	2, 0x0382
800040fa:	0000                	.insn	2, 0x
800040fc:	00e4                	.insn	2, 0x00e4
800040fe:	0000                	.insn	2, 0x
80004100:	000c                	.insn	2, 0x000c
80004102:	0000                	.insn	2, 0x
80004104:	00000373          	.insn	4, 0x0373
80004108:	02ee                	.insn	2, 0x02ee
8000410a:	0000                	.insn	2, 0x
8000410c:	0286                	.insn	2, 0x0286
8000410e:	0000                	.insn	2, 0x
80004110:	01f4                	.insn	2, 0x01f4
80004112:	0000                	.insn	2, 0x
80004114:	01b4                	.insn	2, 0x01b4
80004116:	0000                	.insn	2, 0x
80004118:	02bd                	.insn	2, 0x02bd
8000411a:	0000                	.insn	2, 0x
8000411c:	032c                	.insn	2, 0x032c
8000411e:	0000                	.insn	2, 0x
80004120:	03d5                	.insn	2, 0x03d5
80004122:	0000                	.insn	2, 0x
80004124:	0096                	.insn	2, 0x0096
80004126:	0000                	.insn	2, 0x
80004128:	02b8                	.insn	2, 0x02b8
8000412a:	0000                	.insn	2, 0x
8000412c:	0234                	.insn	2, 0x0234
8000412e:	0000                	.insn	2, 0x
80004130:	0110                	.insn	2, 0x0110
80004132:	0000                	.insn	2, 0x
80004134:	0102                	.insn	2, 0x0102
80004136:	0000                	.insn	2, 0x
80004138:	00000287          	.insn	4, 0x0287
8000413c:	01fd                	.insn	2, 0x01fd
8000413e:	0000                	.insn	2, 0x
80004140:	0058                	.insn	2, 0x0058
80004142:	0000                	.insn	2, 0x
80004144:	000002bf 0000029d 	.insn	8, 0x029d000002bf
8000414c:	00000177          	.insn	4, 0x0177
80004150:	00000227          	.insn	4, 0x0227
80004154:	03a8                	.insn	2, 0x03a8
80004156:	0000                	.insn	2, 0x
80004158:	0250                	.insn	2, 0x0250
8000415a:	0000                	.insn	2, 0x
8000415c:	0239                	.insn	2, 0x0239
8000415e:	0000                	.insn	2, 0x
80004160:	03b8                	.insn	2, 0x03b8
80004162:	0000                	.insn	2, 0x
80004164:	0320                	.insn	2, 0x0320
80004166:	0000                	.insn	2, 0x
80004168:	0248                	.insn	2, 0x0248
8000416a:	0000                	.insn	2, 0x
8000416c:	00000283          	lb	t0,0(zero) # 0 <buf.2>
80004170:	0170                	.insn	2, 0x0170
80004172:	0000                	.insn	2, 0x
80004174:	01e9                	.insn	2, 0x01e9
80004176:	0000                	.insn	2, 0x
80004178:	0148                	.insn	2, 0x0148
8000417a:	0000                	.insn	2, 0x
8000417c:	0139                	.insn	2, 0x0139
8000417e:	0000                	.insn	2, 0x
80004180:	0250                	.insn	2, 0x0250
80004182:	0000                	.insn	2, 0x
80004184:	0184                	.insn	2, 0x0184
80004186:	0000                	.insn	2, 0x
80004188:	021f 0000 0289      	.insn	6, 0x02890000021f
8000418e:	0000                	.insn	2, 0x
80004190:	000003d3          	.insn	4, 0x03d3
80004194:	03e5                	.insn	2, 0x03e5
80004196:	0000                	.insn	2, 0x
80004198:	032e                	.insn	2, 0x032e
8000419a:	0000                	.insn	2, 0x
8000419c:	0000004f          	.insn	4, 0x004f
800041a0:	00d0                	.insn	2, 0x00d0
800041a2:	0000                	.insn	2, 0x
800041a4:	03e6                	.insn	2, 0x03e6
800041a6:	0000                	.insn	2, 0x
800041a8:	0275                	.insn	2, 0x0275
800041aa:	0000                	.insn	2, 0x
800041ac:	0000034f          	.insn	4, 0x034f
800041b0:	02c0                	.insn	2, 0x02c0
800041b2:	0000                	.insn	2, 0x
800041b4:	03e5                	.insn	2, 0x03e5
800041b6:	0000                	.insn	2, 0x
800041b8:	00fd                	.insn	2, 0x00fd
800041ba:	0000                	.insn	2, 0x
800041bc:	000002cb          	.insn	4, 0x02cb
800041c0:	01ae                	.insn	2, 0x01ae
800041c2:	0000                	.insn	2, 0x
800041c4:	019f 0000 021a      	.insn	6, 0x021a0000019f
800041ca:	0000                	.insn	2, 0x
800041cc:	02bc                	.insn	2, 0x02bc
800041ce:	0000                	.insn	2, 0x
800041d0:	0004                	.insn	2, 0x0004
800041d2:	0000                	.insn	2, 0x
800041d4:	01ee                	.insn	2, 0x01ee
800041d6:	0000                	.insn	2, 0x
800041d8:	0064                	.insn	2, 0x0064
800041da:	0000                	.insn	2, 0x
800041dc:	0360                	.insn	2, 0x0360
800041de:	0000                	.insn	2, 0x
800041e0:	02b5                	.insn	2, 0x02b5
800041e2:	0000                	.insn	2, 0x
800041e4:	01a0                	.insn	2, 0x01a0
800041e6:	0000                	.insn	2, 0x
800041e8:	0128                	.insn	2, 0x0128
800041ea:	0000                	.insn	2, 0x
800041ec:	011d                	.insn	2, 0x011d
800041ee:	0000                	.insn	2, 0x
800041f0:	026c                	.insn	2, 0x026c
800041f2:	0000                	.insn	2, 0x
800041f4:	004e                	.insn	2, 0x004e
800041f6:	0000                	.insn	2, 0x
800041f8:	015f 0000 021c      	.insn	6, 0x021c0000015f
800041fe:	0000                	.insn	2, 0x
80004200:	0286                	.insn	2, 0x0286
80004202:	0000                	.insn	2, 0x
80004204:	00a9                	.insn	2, 0x00a9
80004206:	0000                	.insn	2, 0x
80004208:	0000020f          	.insn	4, 0x020f
8000420c:	0121                	.insn	2, 0x0121
8000420e:	0000                	.insn	2, 0x
80004210:	031c                	.insn	2, 0x031c
80004212:	0000                	.insn	2, 0x
80004214:	0321                	.insn	2, 0x0321
80004216:	0000                	.insn	2, 0x
80004218:	02d0                	.insn	2, 0x02d0
8000421a:	0000                	.insn	2, 0x
8000421c:	02f6                	.insn	2, 0x02f6
8000421e:	0000                	.insn	2, 0x
80004220:	02e9                	.insn	2, 0x02e9
80004222:	0000                	.insn	2, 0x
80004224:	005c                	.insn	2, 0x005c
80004226:	0000                	.insn	2, 0x
80004228:	03dd                	.insn	2, 0x03dd
8000422a:	0000                	.insn	2, 0x
8000422c:	0000010f          	.insn	4, 0x010f
80004230:	0355                	.insn	2, 0x0355
80004232:	0000                	.insn	2, 0x
80004234:	0314                	.insn	2, 0x0314
80004236:	0000                	.insn	2, 0x
80004238:	00000213          	li	tp,0
8000423c:	00de                	.insn	2, 0x00de
8000423e:	0000                	.insn	2, 0x
80004240:	01cd                	.insn	2, 0x01cd
80004242:	0000                	.insn	2, 0x
80004244:	00f1                	.insn	2, 0x00f1
80004246:	0000                	.insn	2, 0x
80004248:	0166                	.insn	2, 0x0166
8000424a:	0000                	.insn	2, 0x
8000424c:	014c                	.insn	2, 0x014c
8000424e:	0000                	.insn	2, 0x
80004250:	02ac                	.insn	2, 0x02ac
80004252:	0000                	.insn	2, 0x
80004254:	02e4                	.insn	2, 0x02e4
80004256:	0000                	.insn	2, 0x
80004258:	01be                	.insn	2, 0x01be
8000425a:	0000                	.insn	2, 0x
8000425c:	00000137          	lui	sp,0x0
80004260:	000002e7          	jalr	t0,zero # 0 <buf.2>
80004264:	022d                	.insn	2, 0x022d
80004266:	0000                	.insn	2, 0x
80004268:	01df 0000 022d      	.insn	6, 0x022d000001df
8000426e:	0000                	.insn	2, 0x
80004270:	039d                	.insn	2, 0x039d
80004272:	0000                	.insn	2, 0x
80004274:	031c                	.insn	2, 0x031c
80004276:	0000                	.insn	2, 0x
80004278:	0165                	.insn	2, 0x0165
8000427a:	0000                	.insn	2, 0x
8000427c:	0000037b          	.insn	4, 0x037b
80004280:	029a                	.insn	2, 0x029a
80004282:	0000                	.insn	2, 0x
80004284:	0202                	.insn	2, 0x0202
80004286:	0000                	.insn	2, 0x
80004288:	022d                	.insn	2, 0x022d
8000428a:	0000                	.insn	2, 0x
8000428c:	0366                	.insn	2, 0x0366
8000428e:	0000                	.insn	2, 0x
80004290:	0355                	.insn	2, 0x0355
80004292:	0000                	.insn	2, 0x
80004294:	01b8                	.insn	2, 0x01b8
80004296:	0000                	.insn	2, 0x
80004298:	003d                	.insn	2, 0x003d
8000429a:	0000                	.insn	2, 0x
8000429c:	02a6                	.insn	2, 0x02a6
8000429e:	0000                	.insn	2, 0x
800042a0:	018c                	.insn	2, 0x018c
800042a2:	0000                	.insn	2, 0x
800042a4:	0009                	.insn	2, 0x0009
800042a6:	0000                	.insn	2, 0x
800042a8:	0011                	.insn	2, 0x0011
800042aa:	0000                	.insn	2, 0x
800042ac:	00aa                	.insn	2, 0x00aa
800042ae:	0000                	.insn	2, 0x
800042b0:	00000123          	sb	zero,2(zero) # 2 <buf.2+0x2>
800042b4:	017c                	.insn	2, 0x017c
800042b6:	0000                	.insn	2, 0x
800042b8:	0218                	.insn	2, 0x0218
800042ba:	0000                	.insn	2, 0x
800042bc:	00b9                	.insn	2, 0x00b9
800042be:	0000                	.insn	2, 0x
800042c0:	0395                	.insn	2, 0x0395
800042c2:	0000                	.insn	2, 0x
800042c4:	0000021b          	.insn	4, 0x021b
800042c8:	000003d7          	.insn	4, 0x03d7
800042cc:	00000377          	.insn	4, 0x0377
800042d0:	0036                	.insn	2, 0x0036
800042d2:	0000                	.insn	2, 0x
800042d4:	0264                	.insn	2, 0x0264
800042d6:	0000                	.insn	2, 0x
800042d8:	000003b7          	lui	t2,0x0
800042dc:	01df 0000 0097      	.insn	6, 0x0097000001df
800042e2:	0000                	.insn	2, 0x
800042e4:	00000007          	.insn	4, 0x0007
800042e8:	0281                	.insn	2, 0x0281
800042ea:	0000                	.insn	2, 0x
800042ec:	0000014f          	.insn	4, 0x014f
800042f0:	02da                	.insn	2, 0x02da
800042f2:	0000                	.insn	2, 0x
800042f4:	005f 0000 02d8      	.insn	6, 0x02d80000005f
800042fa:	0000                	.insn	2, 0x
800042fc:	0118                	.insn	2, 0x0118
800042fe:	0000                	.insn	2, 0x
80004300:	0000018b          	.insn	4, 0x018b
80004304:	02b0                	.insn	2, 0x02b0
80004306:	0000                	.insn	2, 0x
80004308:	0000038f          	.insn	4, 0x038f
8000430c:	01dc                	.insn	2, 0x01dc
8000430e:	0000                	.insn	2, 0x
80004310:	0000032f          	.insn	4, 0x032f
80004314:	02d9                	.insn	2, 0x02d9
80004316:	0000                	.insn	2, 0x
80004318:	0109                	.insn	2, 0x0109
8000431a:	0000                	.insn	2, 0x
8000431c:	007f 0000 00ec 0000 	.insn	10, 0x00d6000000ec0000007f
80004324:	00d6 
80004326:	0000                	.insn	2, 0x
80004328:	00b4                	.insn	2, 0x00b4
8000432a:	0000                	.insn	2, 0x
8000432c:	0006                	.insn	2, 0x0006
8000432e:	0000                	.insn	2, 0x
80004330:	000001f7          	.insn	4, 0x01f7
80004334:	0254                	.insn	2, 0x0254
80004336:	0000                	.insn	2, 0x
80004338:	00ad                	.insn	2, 0x00ad
8000433a:	0000                	.insn	2, 0x
8000433c:	00000283          	lb	t0,0(zero) # 0 <buf.2>
80004340:	015a                	.insn	2, 0x015a
80004342:	0000                	.insn	2, 0x
80004344:	00000257          	.insn	4, 0x0257
80004348:	0044                	.insn	2, 0x0044
8000434a:	0000                	.insn	2, 0x
8000434c:	0351                	.insn	2, 0x0351
8000434e:	0000                	.insn	2, 0x
80004350:	0292                	.insn	2, 0x0292
80004352:	0000                	.insn	2, 0x
80004354:	0000026b          	.insn	4, 0x026b
80004358:	0079                	.insn	2, 0x0079
8000435a:	0000                	.insn	2, 0x
8000435c:	00000083          	lb	ra,0(zero) # 0 <buf.2>
80004360:	033c                	.insn	2, 0x033c
80004362:	0000                	.insn	2, 0x
80004364:	0000029b          	.insn	4, 0x029b
80004368:	01b1                	.insn	2, 0x01b1
8000436a:	0000                	.insn	2, 0x
8000436c:	000001e7          	jalr	gp,zero # 0 <buf.2>
80004370:	02f1                	.insn	2, 0x02f1
80004372:	0000                	.insn	2, 0x
80004374:	007d                	.insn	2, 0x007d
80004376:	0000                	.insn	2, 0x
80004378:	0272                	.insn	2, 0x0272
8000437a:	0000                	.insn	2, 0x
8000437c:	000e                	.insn	2, 0x000e
8000437e:	0000                	.insn	2, 0x
80004380:	000a                	.insn	2, 0x000a
80004382:	0000                	.insn	2, 0x
80004384:	00000193          	li	gp,0
80004388:	006a                	.insn	2, 0x006a
8000438a:	0000                	.insn	2, 0x
8000438c:	000002bf 00000332 	.insn	8, 0x0332000002bf
80004394:	03c4                	.insn	2, 0x03c4
80004396:	0000                	.insn	2, 0x
80004398:	0196                	.insn	2, 0x0196
8000439a:	0000                	.insn	2, 0x
8000439c:	036a                	.insn	2, 0x036a
8000439e:	0000                	.insn	2, 0x
800043a0:	0358                	.insn	2, 0x0358
800043a2:	0000                	.insn	2, 0x
800043a4:	0056                	.insn	2, 0x0056
800043a6:	0000                	.insn	2, 0x
800043a8:	003c                	.insn	2, 0x003c
800043aa:	0000                	.insn	2, 0x
800043ac:	0294                	.insn	2, 0x0294
800043ae:	0000                	.insn	2, 0x
800043b0:	0000029b          	.insn	4, 0x029b
800043b4:	0099                	.insn	2, 0x0099
800043b6:	0000                	.insn	2, 0x
800043b8:	0079                	.insn	2, 0x0079
800043ba:	0000                	.insn	2, 0x
800043bc:	0062                	.insn	2, 0x0062
800043be:	0000                	.insn	2, 0x
800043c0:	019c                	.insn	2, 0x019c
800043c2:	0000                	.insn	2, 0x
800043c4:	00ec                	.insn	2, 0x00ec
800043c6:	0000                	.insn	2, 0x
800043c8:	000c                	.insn	2, 0x000c
800043ca:	0000                	.insn	2, 0x
800043cc:	000001a7          	.insn	4, 0x01a7
800043d0:	03c5                	.insn	2, 0x03c5
800043d2:	0000                	.insn	2, 0x
800043d4:	00d8                	.insn	2, 0x00d8
800043d6:	0000                	.insn	2, 0x
800043d8:	026d                	.insn	2, 0x026d
800043da:	0000                	.insn	2, 0x
800043dc:	0169                	.insn	2, 0x0169
800043de:	0000                	.insn	2, 0x
800043e0:	0399                	.insn	2, 0x0399
800043e2:	0000                	.insn	2, 0x
800043e4:	000002cb          	.insn	4, 0x02cb
800043e8:	00000287          	.insn	4, 0x0287
800043ec:	0000012b          	.insn	4, 0x012b
800043f0:	0376                	.insn	2, 0x0376
800043f2:	0000                	.insn	2, 0x
800043f4:	02aa                	.insn	2, 0x02aa
800043f6:	0000                	.insn	2, 0x
800043f8:	0024                	.insn	2, 0x0024
800043fa:	0000                	.insn	2, 0x
800043fc:	01ed                	.insn	2, 0x01ed
800043fe:	0000                	.insn	2, 0x
80004400:	00000227          	.insn	4, 0x0227
80004404:	0219                	.insn	2, 0x0219
80004406:	0000                	.insn	2, 0x
80004408:	03c9                	.insn	2, 0x03c9
8000440a:	0000                	.insn	2, 0x
8000440c:	00000283          	lb	t0,0(zero) # 0 <buf.2>
80004410:	01b2                	.insn	2, 0x01b2
80004412:	0000                	.insn	2, 0x
80004414:	019f 0000 012f      	.insn	6, 0x012f0000019f
8000441a:	0000                	.insn	2, 0x
8000441c:	01b6                	.insn	2, 0x01b6
8000441e:	0000                	.insn	2, 0x
80004420:	035c                	.insn	2, 0x035c
80004422:	0000                	.insn	2, 0x
80004424:	000000cb          	.insn	4, 0x00cb
80004428:	01de                	.insn	2, 0x01de
8000442a:	0000                	.insn	2, 0x
8000442c:	03dc                	.insn	2, 0x03dc
8000442e:	0000                	.insn	2, 0x
80004430:	000002a3          	sb	zero,5(zero) # 5 <buf.2+0x5>
80004434:	000002cf          	.insn	4, 0x02cf
80004438:	03de                	.insn	2, 0x03de
8000443a:	0000                	.insn	2, 0x
8000443c:	0152                	.insn	2, 0x0152
8000443e:	0000                	.insn	2, 0x
80004440:	01c2                	.insn	2, 0x01c2
80004442:	0000                	.insn	2, 0x
80004444:	0279                	.insn	2, 0x0279
80004446:	0000                	.insn	2, 0x
80004448:	0000009b          	.insn	4, 0x009b
8000444c:	0286                	.insn	2, 0x0286
8000444e:	0000                	.insn	2, 0x
80004450:	01c4                	.insn	2, 0x01c4
80004452:	0000                	.insn	2, 0x
80004454:	000001ab          	.insn	4, 0x01ab
80004458:	01fd                	.insn	2, 0x01fd
8000445a:	0000                	.insn	2, 0x
8000445c:	03dc                	.insn	2, 0x03dc
8000445e:	0000                	.insn	2, 0x
80004460:	01aa                	.insn	2, 0x01aa
80004462:	0000                	.insn	2, 0x
80004464:	000c                	.insn	2, 0x000c
80004466:	0000                	.insn	2, 0x
80004468:	000001e3          	beqz	zero,80004c6a <_tbss_end+0x1e6>
8000446c:	008e                	.insn	2, 0x008e
8000446e:	0000                	.insn	2, 0x
80004470:	00000153          	.insn	4, 0x0153
80004474:	0186                	.insn	2, 0x0186
80004476:	0000                	.insn	2, 0x
80004478:	0032                	.insn	2, 0x0032
8000447a:	0000                	.insn	2, 0x
8000447c:	000000ab          	.insn	4, 0x00ab
80004480:	0259                	.insn	2, 0x0259
80004482:	0000                	.insn	2, 0x
80004484:	0069                	.insn	2, 0x0069
80004486:	0000                	.insn	2, 0x
80004488:	03c8                	.insn	2, 0x03c8
8000448a:	0000                	.insn	2, 0x
8000448c:	0079                	.insn	2, 0x0079
8000448e:	0000                	.insn	2, 0x
80004490:	0000036f          	jal	t1,80004490 <input2_data+0x3d0>
80004494:	0051                	.insn	2, 0x0051
80004496:	0000                	.insn	2, 0x
80004498:	0366                	.insn	2, 0x0366
8000449a:	0000                	.insn	2, 0x
8000449c:	0258                	.insn	2, 0x0258
8000449e:	0000                	.insn	2, 0x
800044a0:	0000025b          	.insn	4, 0x025b
800044a4:	00000367          	jalr	t1,zero # 0 <buf.2>
800044a8:	00000377          	.insn	4, 0x0377
800044ac:	0262                	.insn	2, 0x0262
800044ae:	0000                	.insn	2, 0x
800044b0:	0194                	.insn	2, 0x0194
800044b2:	0000                	.insn	2, 0x
800044b4:	00ea                	.insn	2, 0x00ea
800044b6:	0000                	.insn	2, 0x
800044b8:	02e9                	.insn	2, 0x02e9
800044ba:	0000                	.insn	2, 0x
800044bc:	020e                	.insn	2, 0x020e
800044be:	0000                	.insn	2, 0x
800044c0:	00000113          	li	sp,0
800044c4:	01b9                	.insn	2, 0x01b9
800044c6:	0000                	.insn	2, 0x
800044c8:	00e2                	.insn	2, 0x00e2
800044ca:	0000                	.insn	2, 0x
800044cc:	02f0                	.insn	2, 0x02f0
800044ce:	0000                	.insn	2, 0x
800044d0:	000003af          	.insn	4, 0x03af
800044d4:	02d6                	.insn	2, 0x02d6
800044d6:	0000                	.insn	2, 0x
800044d8:	02c5                	.insn	2, 0x02c5
800044da:	0000                	.insn	2, 0x
800044dc:	00c9                	.insn	2, 0x00c9
800044de:	0000                	.insn	2, 0x
800044e0:	0036                	.insn	2, 0x0036
800044e2:	0000                	.insn	2, 0x
800044e4:	02f6                	.insn	2, 0x02f6
800044e6:	0000                	.insn	2, 0x
800044e8:	0035                	.insn	2, 0x0035
800044ea:	0000                	.insn	2, 0x
800044ec:	018d                	.insn	2, 0x018d
800044ee:	0000                	.insn	2, 0x
800044f0:	0029                	.insn	2, 0x0029
800044f2:	0000                	.insn	2, 0x
800044f4:	008d                	.insn	2, 0x008d
800044f6:	0000                	.insn	2, 0x
800044f8:	01a0                	.insn	2, 0x01a0
800044fa:	0000                	.insn	2, 0x
800044fc:	000002eb          	.insn	4, 0x02eb
80004500:	000000db          	.insn	4, 0x00db
80004504:	01de                	.insn	2, 0x01de
80004506:	0000                	.insn	2, 0x
80004508:	0302                	.insn	2, 0x0302
8000450a:	0000                	.insn	2, 0x
8000450c:	00b4                	.insn	2, 0x00b4
8000450e:	0000                	.insn	2, 0x
80004510:	01e2                	.insn	2, 0x01e2
80004512:	0000                	.insn	2, 0x
80004514:	000002b3          	add	t0,zero,zero
80004518:	02d5                	.insn	2, 0x02d5
8000451a:	0000                	.insn	2, 0x
8000451c:	00ad                	.insn	2, 0x00ad
8000451e:	0000                	.insn	2, 0x
80004520:	00ba                	.insn	2, 0x00ba
80004522:	0000                	.insn	2, 0x
80004524:	0392                	.insn	2, 0x0392
80004526:	0000                	.insn	2, 0x
80004528:	0001                	.insn	2, 0x0001
8000452a:	0000                	.insn	2, 0x
8000452c:	000003c3          	.insn	4, 0x03c3
80004530:	000000f7          	.insn	4, 0x00f7
80004534:	01d0                	.insn	2, 0x01d0
80004536:	0000                	.insn	2, 0x
80004538:	016a                	.insn	2, 0x016a
8000453a:	0000                	.insn	2, 0x
8000453c:	0209                	.insn	2, 0x0209
8000453e:	0000                	.insn	2, 0x
80004540:	00e9                	.insn	2, 0x00e9
80004542:	0000                	.insn	2, 0x
80004544:	0078                	.insn	2, 0x0078
80004546:	0000                	.insn	2, 0x
80004548:	0028                	.insn	2, 0x0028
8000454a:	0000                	.insn	2, 0x
8000454c:	0000030b          	.insn	4, 0x030b
80004550:	000000c3          	.insn	4, 0x00c3
80004554:	00a1                	.insn	2, 0x00a1
80004556:	0000                	.insn	2, 0x
80004558:	000002e7          	jalr	t0,zero # 0 <buf.2>
8000455c:	000001b7          	lui	gp,0x0
80004560:	00000163          	beqz	zero,80004562 <input2_data+0x4a2>
80004564:	00000193          	li	gp,0
80004568:	008d                	.insn	2, 0x008d
8000456a:	0000                	.insn	2, 0x
8000456c:	0279                	.insn	2, 0x0279
8000456e:	0000                	.insn	2, 0x

80004570 <verify_data>:
80004570:	000001ef          	jal	gp,80004570 <verify_data>
80004574:	0490                	.insn	2, 0x0490
80004576:	0000                	.insn	2, 0x
80004578:	0235                	.insn	2, 0x0235
8000457a:	0000                	.insn	2, 0x
8000457c:	0498                	.insn	2, 0x0498
8000457e:	0000                	.insn	2, 0x
80004580:	045a                	.insn	2, 0x045a
80004582:	0000                	.insn	2, 0x
80004584:	039a                	.insn	2, 0x039a
80004586:	0000                	.insn	2, 0x
80004588:	00c4                	.insn	2, 0x00c4
8000458a:	0000                	.insn	2, 0x
8000458c:	044e                	.insn	2, 0x044e
8000458e:	0000                	.insn	2, 0x
80004590:	0320                	.insn	2, 0x0320
80004592:	0000                	.insn	2, 0x
80004594:	03b1                	.insn	2, 0x03b1
80004596:	0000                	.insn	2, 0x
80004598:	0000033f 00000242 	.insn	8, 0x02420000033f
800045a0:	04f6                	.insn	2, 0x04f6
800045a2:	0000                	.insn	2, 0x
800045a4:	000005cb          	.insn	4, 0x05cb
800045a8:	050a                	.insn	2, 0x050a
800045aa:	0000                	.insn	2, 0x
800045ac:	039a                	.insn	2, 0x039a
800045ae:	0000                	.insn	2, 0x
800045b0:	03cd                	.insn	2, 0x03cd
800045b2:	0000                	.insn	2, 0x
800045b4:	03e1                	.insn	2, 0x03e1
800045b6:	0000                	.insn	2, 0x
800045b8:	0362                	.insn	2, 0x0362
800045ba:	0000                	.insn	2, 0x
800045bc:	03ae                	.insn	2, 0x03ae
800045be:	0000                	.insn	2, 0x
800045c0:	039e                	.insn	2, 0x039e
800045c2:	0000                	.insn	2, 0x
800045c4:	02ee                	.insn	2, 0x02ee
800045c6:	0000                	.insn	2, 0x
800045c8:	0550                	.insn	2, 0x0550
800045ca:	0000                	.insn	2, 0x
800045cc:	0632                	.insn	2, 0x0632
800045ce:	0000                	.insn	2, 0x
800045d0:	0514                	.insn	2, 0x0514
800045d2:	0000                	.insn	2, 0x
800045d4:	033c                	.insn	2, 0x033c
800045d6:	0000                	.insn	2, 0x
800045d8:	00000623          	sb	zero,12(zero) # c <buf.2+0xc>
800045dc:	03ac                	.insn	2, 0x03ac
800045de:	0000                	.insn	2, 0x
800045e0:	02ea                	.insn	2, 0x02ea
800045e2:	0000                	.insn	2, 0x
800045e4:	04ac                	.insn	2, 0x04ac
800045e6:	0000                	.insn	2, 0x
800045e8:	04a2                	.insn	2, 0x04a2
800045ea:	0000                	.insn	2, 0x
800045ec:	0436                	.insn	2, 0x0436
800045ee:	0000                	.insn	2, 0x
800045f0:	00000123          	sb	zero,2(zero) # 2 <buf.2+0x2>
800045f4:	000003d7          	.insn	4, 0x03d7
800045f8:	0594                	.insn	2, 0x0594
800045fa:	0000                	.insn	2, 0x
800045fc:	03d5                	.insn	2, 0x03d5
800045fe:	0000                	.insn	2, 0x
80004600:	0426                	.insn	2, 0x0426
80004602:	0000                	.insn	2, 0x
80004604:	0639                	.insn	2, 0x0639
80004606:	0000                	.insn	2, 0x
80004608:	00000313          	li	t1,0
8000460c:	028a                	.insn	2, 0x028a
8000460e:	0000                	.insn	2, 0x
80004610:	000004c3          	.insn	4, 0x04c3
80004614:	0405                	.insn	2, 0x0405
80004616:	0000                	.insn	2, 0x
80004618:	0399                	.insn	2, 0x0399
8000461a:	0000                	.insn	2, 0x
8000461c:	00000633          	add	a2,zero,zero
80004620:	04f6                	.insn	2, 0x04f6
80004622:	0000                	.insn	2, 0x
80004624:	02da                	.insn	2, 0x02da
80004626:	0000                	.insn	2, 0x
80004628:	04d9                	.insn	2, 0x04d9
8000462a:	0000                	.insn	2, 0x
8000462c:	00000473          	.insn	4, 0x0473
80004630:	05f5                	.insn	2, 0x05f5
80004632:	0000                	.insn	2, 0x
80004634:	055d                	.insn	2, 0x055d
80004636:	0000                	.insn	2, 0x
80004638:	02e2                	.insn	2, 0x02e2
8000463a:	0000                	.insn	2, 0x
8000463c:	0649                	.insn	2, 0x0649
8000463e:	0000                	.insn	2, 0x
80004640:	0609                	.insn	2, 0x0609
80004642:	0000                	.insn	2, 0x
80004644:	00000543          	.insn	4, 0x0543
80004648:	000005b7          	lui	a1,0x0
8000464c:	02e0                	.insn	2, 0x02e0
8000464e:	0000                	.insn	2, 0x
80004650:	0185                	.insn	2, 0x0185
80004652:	0000                	.insn	2, 0x
80004654:	0455                	.insn	2, 0x0455
80004656:	0000                	.insn	2, 0x
80004658:	05d0                	.insn	2, 0x05d0
8000465a:	0000                	.insn	2, 0x
8000465c:	0390                	.insn	2, 0x0390
8000465e:	0000                	.insn	2, 0x
80004660:	03e0                	.insn	2, 0x03e0
80004662:	0000                	.insn	2, 0x
80004664:	0542                	.insn	2, 0x0542
80004666:	0000                	.insn	2, 0x
80004668:	018a                	.insn	2, 0x018a
8000466a:	0000                	.insn	2, 0x
8000466c:	0654                	.insn	2, 0x0654
8000466e:	0000                	.insn	2, 0x
80004670:	0524                	.insn	2, 0x0524
80004672:	0000                	.insn	2, 0x
80004674:	000002a7          	.insn	4, 0x02a7
80004678:	045a                	.insn	2, 0x045a
8000467a:	0000                	.insn	2, 0x
8000467c:	0000068f          	.insn	4, 0x068f
80004680:	02fd                	.insn	2, 0x02fd
80004682:	0000                	.insn	2, 0x
80004684:	02df 0000 0242      	.insn	6, 0x0242000002df
8000468a:	0000                	.insn	2, 0x
8000468c:	00000553          	.insn	4, 0x0553
80004690:	0448                	.insn	2, 0x0448
80004692:	0000                	.insn	2, 0x
80004694:	027e                	.insn	2, 0x027e
80004696:	0000                	.insn	2, 0x
80004698:	02e4                	.insn	2, 0x02e4
8000469a:	0000                	.insn	2, 0x
8000469c:	03ee                	.insn	2, 0x03ee
8000469e:	0000                	.insn	2, 0x
800046a0:	0510                	.insn	2, 0x0510
800046a2:	0000                	.insn	2, 0x
800046a4:	0000018b          	.insn	4, 0x018b
800046a8:	0000023f 000005c5 	.insn	8, 0x05c50000023f
800046b0:	03a6                	.insn	2, 0x03a6
800046b2:	0000                	.insn	2, 0x
800046b4:	0120                	.insn	2, 0x0120
800046b6:	0000                	.insn	2, 0x
800046b8:	0476                	.insn	2, 0x0476
800046ba:	0000                	.insn	2, 0x
800046bc:	037f 0000 04a1 0000 	.insn	10, 0x0480000004a10000037f
800046c4:	0480 
800046c6:	0000                	.insn	2, 0x
800046c8:	00000497          	auipc	s1,0x0
800046cc:	040c                	.insn	2, 0x040c
800046ce:	0000                	.insn	2, 0x
800046d0:	0458                	.insn	2, 0x0458
800046d2:	0000                	.insn	2, 0x
800046d4:	01c2                	.insn	2, 0x01c2
800046d6:	0000                	.insn	2, 0x
800046d8:	0625                	.insn	2, 0x0625
800046da:	0000                	.insn	2, 0x
800046dc:	014d                	.insn	2, 0x014d
800046de:	0000                	.insn	2, 0x
800046e0:	072e                	.insn	2, 0x072e
800046e2:	0000                	.insn	2, 0x
800046e4:	000004a7          	.insn	4, 0x04a7
800046e8:	036d                	.insn	2, 0x036d
800046ea:	0000                	.insn	2, 0x
800046ec:	000002e3          	beqz	zero,80004ef0 <_tbss_end+0x46c>
800046f0:	03fc                	.insn	2, 0x03fc
800046f2:	0000                	.insn	2, 0x
800046f4:	047d                	.insn	2, 0x047d
800046f6:	0000                	.insn	2, 0x
800046f8:	046d                	.insn	2, 0x046d
800046fa:	0000                	.insn	2, 0x
800046fc:	0000024b          	.insn	4, 0x024b
80004700:	05b6                	.insn	2, 0x05b6
80004702:	0000                	.insn	2, 0x
80004704:	053a                	.insn	2, 0x053a
80004706:	0000                	.insn	2, 0x
80004708:	024d                	.insn	2, 0x024d
8000470a:	0000                	.insn	2, 0x
8000470c:	0158                	.insn	2, 0x0158
8000470e:	0000                	.insn	2, 0x
80004710:	0364                	.insn	2, 0x0364
80004712:	0000                	.insn	2, 0x
80004714:	05da                	.insn	2, 0x05da
80004716:	0000                	.insn	2, 0x
80004718:	0584                	.insn	2, 0x0584
8000471a:	0000                	.insn	2, 0x
8000471c:	054c                	.insn	2, 0x054c
8000471e:	0000                	.insn	2, 0x
80004720:	05c6                	.insn	2, 0x05c6
80004722:	0000                	.insn	2, 0x
80004724:	000004cb          	.insn	4, 0x04cb
80004728:	03ed                	.insn	2, 0x03ed
8000472a:	0000                	.insn	2, 0x
8000472c:	00000733          	add	a4,zero,zero
80004730:	03b9                	.insn	2, 0x03b9
80004732:	0000                	.insn	2, 0x
80004734:	0215                	.insn	2, 0x0215
80004736:	0000                	.insn	2, 0x
80004738:	025e                	.insn	2, 0x025e
8000473a:	0000                	.insn	2, 0x
8000473c:	03bc                	.insn	2, 0x03bc
8000473e:	0000                	.insn	2, 0x
80004740:	03b4                	.insn	2, 0x03b4
80004742:	0000                	.insn	2, 0x
80004744:	0371                	.insn	2, 0x0371
80004746:	0000                	.insn	2, 0x
80004748:	0288                	.insn	2, 0x0288
8000474a:	0000                	.insn	2, 0x
8000474c:	050c                	.insn	2, 0x050c
8000474e:	0000                	.insn	2, 0x
80004750:	030a                	.insn	2, 0x030a
80004752:	0000                	.insn	2, 0x
80004754:	0121                	.insn	2, 0x0121
80004756:	0000                	.insn	2, 0x
80004758:	0339                	.insn	2, 0x0339
8000475a:	0000                	.insn	2, 0x
8000475c:	0475                	.insn	2, 0x0475
8000475e:	0000                	.insn	2, 0x
80004760:	0456                	.insn	2, 0x0456
80004762:	0000                	.insn	2, 0x
80004764:	02d4                	.insn	2, 0x02d4
80004766:	0000                	.insn	2, 0x
80004768:	03da                	.insn	2, 0x03da
8000476a:	0000                	.insn	2, 0x
8000476c:	02b9                	.insn	2, 0x02b9
8000476e:	0000                	.insn	2, 0x
80004770:	075a                	.insn	2, 0x075a
80004772:	0000                	.insn	2, 0x
80004774:	0376                	.insn	2, 0x0376
80004776:	0000                	.insn	2, 0x
80004778:	06ff 0000 06e9 0000 	.insn	10, 0x024f000006e9000006ff
80004780:	024f 
80004782:	0000                	.insn	2, 0x
80004784:	0616                	.insn	2, 0x0616
80004786:	0000                	.insn	2, 0x
80004788:	0674                	.insn	2, 0x0674
8000478a:	0000                	.insn	2, 0x
8000478c:	00000343          	.insn	4, 0x0343
80004790:	02ce                	.insn	2, 0x02ce
80004792:	0000                	.insn	2, 0x
80004794:	0382                	.insn	2, 0x0382
80004796:	0000                	.insn	2, 0x
80004798:	00000297          	auipc	t0,0x0
8000479c:	00000387          	.insn	4, 0x0387
800047a0:	00000573          	.insn	4, 0x0573
800047a4:	0206                	.insn	2, 0x0206
800047a6:	0000                	.insn	2, 0x
800047a8:	048a                	.insn	2, 0x048a
800047aa:	0000                	.insn	2, 0x
800047ac:	01b6                	.insn	2, 0x01b6
800047ae:	0000                	.insn	2, 0x
800047b0:	018d                	.insn	2, 0x018d
800047b2:	0000                	.insn	2, 0x
800047b4:	0304                	.insn	2, 0x0304
800047b6:	0000                	.insn	2, 0x
800047b8:	0486                	.insn	2, 0x0486
800047ba:	0000                	.insn	2, 0x
800047bc:	020d                	.insn	2, 0x020d
800047be:	0000                	.insn	2, 0x
800047c0:	04e2                	.insn	2, 0x04e2
800047c2:	0000                	.insn	2, 0x
800047c4:	05f1                	.insn	2, 0x05f1
800047c6:	0000                	.insn	2, 0x
800047c8:	046e                	.insn	2, 0x046e
800047ca:	0000                	.insn	2, 0x
800047cc:	0265                	.insn	2, 0x0265
800047ce:	0000                	.insn	2, 0x
800047d0:	028a                	.insn	2, 0x028a
800047d2:	0000                	.insn	2, 0x
800047d4:	00000247          	.insn	4, 0x0247
800047d8:	02d8                	.insn	2, 0x02d8
800047da:	0000                	.insn	2, 0x
800047dc:	020c                	.insn	2, 0x020c
800047de:	0000                	.insn	2, 0x
800047e0:	0000056f          	jal	a0,800047e0 <verify_data+0x270>
800047e4:	04fe                	.insn	2, 0x04fe
800047e6:	0000                	.insn	2, 0x
800047e8:	01c9                	.insn	2, 0x01c9
800047ea:	0000                	.insn	2, 0x
800047ec:	0000038b          	.insn	4, 0x038b
800047f0:	034d                	.insn	2, 0x034d
800047f2:	0000                	.insn	2, 0x
800047f4:	0379                	.insn	2, 0x0379
800047f6:	0000                	.insn	2, 0x
800047f8:	03c5                	.insn	2, 0x03c5
800047fa:	0000                	.insn	2, 0x
800047fc:	0428                	.insn	2, 0x0428
800047fe:	0000                	.insn	2, 0x
80004800:	056d                	.insn	2, 0x056d
80004802:	0000                	.insn	2, 0x
80004804:	0000051b          	.insn	4, 0x051b
80004808:	0174                	.insn	2, 0x0174
8000480a:	0000                	.insn	2, 0x
8000480c:	0395                	.insn	2, 0x0395
8000480e:	0000                	.insn	2, 0x
80004810:	00000567          	jalr	a0,zero # 0 <buf.2>
80004814:	03c9                	.insn	2, 0x03c9
80004816:	0000                	.insn	2, 0x
80004818:	03c1                	.insn	2, 0x03c1
8000481a:	0000                	.insn	2, 0x
8000481c:	00000407          	.insn	4, 0x0407
80004820:	00000433          	add	s0,zero,zero
80004824:	0430                	.insn	2, 0x0430
80004826:	0000                	.insn	2, 0x
80004828:	0391                	.insn	2, 0x0391
8000482a:	0000                	.insn	2, 0x
8000482c:	0346                	.insn	2, 0x0346
8000482e:	0000                	.insn	2, 0x
80004830:	013a                	.insn	2, 0x013a
80004832:	0000                	.insn	2, 0x
80004834:	000004a7          	.insn	4, 0x04a7
80004838:	00000347          	.insn	4, 0x0347
8000483c:	067e                	.insn	2, 0x067e
8000483e:	0000                	.insn	2, 0x
80004840:	04a0                	.insn	2, 0x04a0
80004842:	0000                	.insn	2, 0x
80004844:	0696                	.insn	2, 0x0696
80004846:	0000                	.insn	2, 0x
80004848:	02bc                	.insn	2, 0x02bc
8000484a:	0000                	.insn	2, 0x
8000484c:	0739                	.insn	2, 0x0739
8000484e:	0000                	.insn	2, 0x
80004850:	05e5                	.insn	2, 0x05e5
80004852:	0000                	.insn	2, 0x
80004854:	0342                	.insn	2, 0x0342
80004856:	0000                	.insn	2, 0x
80004858:	00000097          	auipc	ra,0x0
8000485c:	040e                	.insn	2, 0x040e
8000485e:	0000                	.insn	2, 0x
80004860:	0304                	.insn	2, 0x0304
80004862:	0000                	.insn	2, 0x
80004864:	00ff 0000 01f6 0000 	.insn	10, 0x02ed000001f6000000ff
8000486c:	02ed 
8000486e:	0000                	.insn	2, 0x
80004870:	04d5                	.insn	2, 0x04d5
80004872:	0000                	.insn	2, 0x
80004874:	0434                	.insn	2, 0x0434
80004876:	0000                	.insn	2, 0x
80004878:	0170                	.insn	2, 0x0170
8000487a:	0000                	.insn	2, 0x
8000487c:	0000023b          	.insn	4, 0x023b
80004880:	000003fb          	.insn	4, 0x03fb
80004884:	0164                	.insn	2, 0x0164
80004886:	0000                	.insn	2, 0x
80004888:	0628                	.insn	2, 0x0628
8000488a:	0000                	.insn	2, 0x
8000488c:	02c0                	.insn	2, 0x02c0
8000488e:	0000                	.insn	2, 0x
80004890:	05ae                	.insn	2, 0x05ae
80004892:	0000                	.insn	2, 0x
80004894:	05c0                	.insn	2, 0x05c0
80004896:	0000                	.insn	2, 0x
80004898:	0490                	.insn	2, 0x0490
8000489a:	0000                	.insn	2, 0x
8000489c:	0470                	.insn	2, 0x0470
8000489e:	0000                	.insn	2, 0x
800048a0:	05c6                	.insn	2, 0x05c6
800048a2:	0000                	.insn	2, 0x
800048a4:	000002b7          	lui	t0,0x0
800048a8:	00d1                	.insn	2, 0x00d1
800048aa:	0000                	.insn	2, 0x
800048ac:	022c                	.insn	2, 0x022c
800048ae:	0000                	.insn	2, 0x
800048b0:	02a0                	.insn	2, 0x02a0
800048b2:	0000                	.insn	2, 0x
800048b4:	029e                	.insn	2, 0x029e
800048b6:	0000                	.insn	2, 0x
800048b8:	000006bf 000003f7 	.insn	8, 0x03f7000006bf
800048c0:	0569                	.insn	2, 0x0569
800048c2:	0000                	.insn	2, 0x
800048c4:	01c6                	.insn	2, 0x01c6
800048c6:	0000                	.insn	2, 0x
800048c8:	01b0                	.insn	2, 0x01b0
800048ca:	0000                	.insn	2, 0x
800048cc:	0224                	.insn	2, 0x0224
800048ce:	0000                	.insn	2, 0x
800048d0:	000006ab          	.insn	4, 0x06ab
800048d4:	0280                	.insn	2, 0x0280
800048d6:	0000                	.insn	2, 0x
800048d8:	02dd                	.insn	2, 0x02dd
800048da:	0000                	.insn	2, 0x
800048dc:	04e9                	.insn	2, 0x04e9
800048de:	0000                	.insn	2, 0x
800048e0:	043c                	.insn	2, 0x043c
800048e2:	0000                	.insn	2, 0x
800048e4:	00000543          	.insn	4, 0x0543
800048e8:	056d                	.insn	2, 0x056d
800048ea:	0000                	.insn	2, 0x
800048ec:	00000377          	.insn	4, 0x0377
800048f0:	000004b3          	add	s1,zero,zero
800048f4:	04ad                	.insn	2, 0x04ad
800048f6:	0000                	.insn	2, 0x
800048f8:	0146                	.insn	2, 0x0146
800048fa:	0000                	.insn	2, 0x
800048fc:	0299                	.insn	2, 0x0299
800048fe:	0000                	.insn	2, 0x
80004900:	0000049b          	.insn	4, 0x049b
80004904:	03a0                	.insn	2, 0x03a0
80004906:	0000                	.insn	2, 0x
80004908:	0506                	.insn	2, 0x0506
8000490a:	0000                	.insn	2, 0x
8000490c:	00000407          	.insn	4, 0x0407
80004910:	0000049b          	.insn	4, 0x049b
80004914:	005d                	.insn	2, 0x005d
80004916:	0000                	.insn	2, 0x
80004918:	02ad                	.insn	2, 0x02ad
8000491a:	0000                	.insn	2, 0x
8000491c:	000003e3          	beqz	zero,80005122 <_tbss_end+0x69e>
80004920:	01ec                	.insn	2, 0x01ec
80004922:	0000                	.insn	2, 0x
80004924:	047e                	.insn	2, 0x047e
80004926:	0000                	.insn	2, 0x
80004928:	00000197          	auipc	gp,0x0
8000492c:	045a                	.insn	2, 0x045a
8000492e:	0000                	.insn	2, 0x
80004930:	000005f3          	.insn	4, 0x05f3
80004934:	01b1                	.insn	2, 0x01b1
80004936:	0000                	.insn	2, 0x
80004938:	05b8                	.insn	2, 0x05b8
8000493a:	0000                	.insn	2, 0x
8000493c:	00000233          	add	tp,zero,zero
80004940:	00000573          	.insn	4, 0x0573
80004944:	02d2                	.insn	2, 0x02d2
80004946:	0000                	.insn	2, 0x
80004948:	047a                	.insn	2, 0x047a
8000494a:	0000                	.insn	2, 0x
8000494c:	056a                	.insn	2, 0x056a
8000494e:	0000                	.insn	2, 0x
80004950:	02cc                	.insn	2, 0x02cc
80004952:	0000                	.insn	2, 0x
80004954:	06b1                	.insn	2, 0x06b1
80004956:	0000                	.insn	2, 0x
80004958:	0702                	.insn	2, 0x0702
8000495a:	0000                	.insn	2, 0x
8000495c:	0375                	.insn	2, 0x0375
8000495e:	0000                	.insn	2, 0x
80004960:	0281                	.insn	2, 0x0281
80004962:	0000                	.insn	2, 0x
80004964:	010a                	.insn	2, 0x010a
80004966:	0000                	.insn	2, 0x
80004968:	05f9                	.insn	2, 0x05f9
8000496a:	0000                	.insn	2, 0x
8000496c:	00000443          	.insn	4, 0x0443
80004970:	0278                	.insn	2, 0x0278
80004972:	0000                	.insn	2, 0x
80004974:	04dc                	.insn	2, 0x04dc
80004976:	0000                	.insn	2, 0x
80004978:	0415                	.insn	2, 0x0415
8000497a:	0000                	.insn	2, 0x
8000497c:	05df 0000 04c7      	.insn	6, 0x04c7000005df
80004982:	0000                	.insn	2, 0x
80004984:	0000032b          	.insn	4, 0x032b
80004988:	0000048f          	.insn	4, 0x048f
8000498c:	0000028f          	.insn	4, 0x028f
80004990:	02fc                	.insn	2, 0x02fc
80004992:	0000                	.insn	2, 0x
80004994:	04c1                	.insn	2, 0x04c1
80004996:	0000                	.insn	2, 0x
80004998:	005e                	.insn	2, 0x005e
8000499a:	0000                	.insn	2, 0x
8000499c:	028a                	.insn	2, 0x028a
8000499e:	0000                	.insn	2, 0x
800049a0:	01a2                	.insn	2, 0x01a2
800049a2:	0000                	.insn	2, 0x
800049a4:	0289                	.insn	2, 0x0289
800049a6:	0000                	.insn	2, 0x
800049a8:	045c                	.insn	2, 0x045c
800049aa:	0000                	.insn	2, 0x
800049ac:	00000647          	.insn	4, 0x0647
800049b0:	000002bb          	.insn	4, 0x02bb
800049b4:	000004c3          	.insn	4, 0x04c3
800049b8:	04f5                	.insn	2, 0x04f5
800049ba:	0000                	.insn	2, 0x
800049bc:	0379                	.insn	2, 0x0379
800049be:	0000                	.insn	2, 0x
800049c0:	00000213          	li	tp,0
800049c4:	0426                	.insn	2, 0x0426
800049c6:	0000                	.insn	2, 0x
800049c8:	063e                	.insn	2, 0x063e
800049ca:	0000                	.insn	2, 0x
800049cc:	045e                	.insn	2, 0x045e
800049ce:	0000                	.insn	2, 0x
800049d0:	049a                	.insn	2, 0x049a
800049d2:	0000                	.insn	2, 0x
800049d4:	05a0                	.insn	2, 0x05a0
800049d6:	0000                	.insn	2, 0x
800049d8:	02d2                	.insn	2, 0x02d2
800049da:	0000                	.insn	2, 0x
800049dc:	0576                	.insn	2, 0x0576
800049de:	0000                	.insn	2, 0x
800049e0:	01df 0000 03c1      	.insn	6, 0x03c1000001df
800049e6:	0000                	.insn	2, 0x
800049e8:	00000423          	sb	zero,8(zero) # 8 <buf.2+0x8>
800049ec:	00000227          	.insn	4, 0x0227
800049f0:	0245                	.insn	2, 0x0245
800049f2:	0000                	.insn	2, 0x
800049f4:	0172                	.insn	2, 0x0172
800049f6:	0000                	.insn	2, 0x
800049f8:	0186                	.insn	2, 0x0186
800049fa:	0000                	.insn	2, 0x
800049fc:	0405                	.insn	2, 0x0405
800049fe:	0000                	.insn	2, 0x
80004a00:	0300                	.insn	2, 0x0300
80004a02:	0000                	.insn	2, 0x
80004a04:	03b1                	.insn	2, 0x03b1
80004a06:	0000                	.insn	2, 0x
80004a08:	05d4                	.insn	2, 0x05d4
80004a0a:	0000                	.insn	2, 0x
80004a0c:	03ad                	.insn	2, 0x03ad
80004a0e:	0000                	.insn	2, 0x
80004a10:	049a                	.insn	2, 0x049a
80004a12:	0000                	.insn	2, 0x
80004a14:	04cd                	.insn	2, 0x04cd
80004a16:	0000                	.insn	2, 0x
80004a18:	00000137          	lui	sp,0x0
80004a1c:	0319                	.insn	2, 0x0319
80004a1e:	0000                	.insn	2, 0x
